141.60183290686774
136.0899669041695
144.2951686083269
171.06949844754456
155.89930959738052
159.425291639746
153.12276916251022
145.61747007193165
162.34334533313458
171.601597789559
132.17917148542355
130.1263473356013
167.09251835088926
179.88954491586892
151.41561058391517
173.9344333413912
188.3166016403561
164.33567697048653
142.6672306826307
194.9043145224523
155.0525862150527
131.19734841886552
170.51165264730562
186.55199943376127
140.2649269137211
173.01737572721174
182.6286645834697
147.19630539292447
110.88186903560427
158.19492398269
173.67532748652187
191.9982686347042
163.71972032903696
189.07677531083812
166.76741974055142
172.7933011417359
173.3907017463354
154.37100191478115
178.32555326974764
171.1589201013212
169.35873727334788
220.64948231166625
178.56381025187827
169.3397907293388
180.0553641008711
160.0759403176078
176.70851885060534
202.2715904883158
164.953858172998
180.6110220061427
166.09475078432135
155.78233627801538
157.95476708339962
158.13028198829397
154.48440104365318
144.6292138026283
159.47791065666382
194.3353764342364
165.17391193461273
147.5276666909715
168.47266201583304
153.41264049104913
163.42400129429
168.3252504907922
163.97396815784444
181.68219386429226
184.52766343433558
154.41938891012077
179.67650083722447
164.5335029754476
196.60704443200567
166.892139096833
193.56182445911352
174.19863828037344
184.73543521005524
166.7279780252929
167.1416493568196
185.83222465797297
169.45252581856636
180.49036642126006
164.30562127612447
167.5914271714515
167.72586317788154
168.79270535684006
147.14714003527067
169.10714834616152
180.30758668144088
165.46746181708397
159.54001386521782
202.57399988083316
147.4214925128014
202.91240604838438
210.90904609722975
162.39716391713648
224.5385568257172
175.53317152186503
174.65523435004948
175.7101278532437
224.8052003407285
189.23099187088695
196.4795174239464
225.93867239127104
159.59427459368536
157.10420513047964
166.7783744626242
201.55511577217015
152.02549912455387
215.31490935697187
154.11134310319375
228.31589574743936
193.25813964455745
211.28714762132128
198.05000818830214
157.74461553180046
158.99234021764806
175.2358725155029
158.63032024763473
124.6790247246566
131.78969089359032
121.16320022453232
170.7892645839289
161.8854740634996
205.32359481621492
133.44297192447874
160.618156855311
126.87881250995997
166.91362653386778
169.7441567407705
135.67932695231514
154.53737565611178
100.76766826189827
139.88025060080955
145.70158533701206
98.33437636136381
133.80900801730135
68.84890451395361
168.44522942172495
133.95891213419384
162.3910790140643
130.10774235753604
79.31151218021482
121.15318442330567
161.23096680771513
99.52814299794039
149.89780845441402
123.67107901136175
126.78642321541592
167.87883396084968
126.3372522168165
151.18137158506985
143.80012642217207
183.56985032234908
128.21538626982823
139.08385750239663
181.90662382736937
131.1817305289894
159.05485819763186
172.44382829920906
113.18665822008275
167.95683703662277
160.64082443155522
152.26143432994257
123.65062081653375
178.99863030401897
185.77258740888323
142.98606391910164
140.8487137878748
155.3661893873042
180.17295384807247
155.23246401861638
169.162116998547
201.52038167254412
160.11637316882792
150.6271724398964
156.19761590999644
162.8943983702343
175.86093295083697
153.82370557109238
148.95544604943328
120.09751763078552
137.11169486399572
172.82991346065268
124.83726719436913
139.53789634786233
129.7099763385455
144.33464616368792
148.78210794098817
144.08846906323984
167.30424295081193
101.93717265229265
96.90291945711517
164.88123820220005
121.65142778964842
122.91592938002671
93.82930360927101
125.77224444743746
101.56807420127701
178.99636990572327
135.47748094384525
158.6043818436938
121.34118136729164
142.0043040218168
119.16732251887917
148.29499154038567
159.98215273244094
123.9868930224583
104.938727801035
113.67595999779464
152.1811543859679
153.4083503980797
119.30359959608195
157.51187388434505
142.47928117330164
164.12719915052966
155.3226858176425
145.88316655082042
160.89064235517108
126.21289425976714
146.61915386201622
145.99948447954444
158.20516081021822
167.77617646340832
117.38276776666211
141.00820025077564
176.72308817992916
129.71785428178202
168.99422769119968
182.25568798191202
183.37720229797472
169.00441242526506
199.89299983058848
149.4517673709466
122.27774725179884
183.85928945242838
140.00678735016615
147.673718710298
194.74972347880302
196.637185781644
161.06928056213587
145.59482515958484
196.31954656106967
165.72018066955224
134.4626561530271
110.86334824694532
141.09720266186847
130.8398570226061
148.18333753544096
150.6885706025373
135.66577616389765
179.01299949616248
124.41977268130118
108.94192923559152
187.49024260372036
131.40193397254845
138.52949503746268
155.00051877172595
135.4982115890659
152.35680493581168
137.98997393236232
118.76525712534952
118.53297365421294
104.64538918308206
196.95932264694306
127.76973051943715
124.32813569770161
186.41037290571066
148.33001676982718
155.55399501588084
120.43533068405505
163.60791591844153
123.02302795363659
130.99540109718527
112.36837079623199
156.28149667947181
121.32009886733962
104.32942474598367
127.5187917184918
127.83708702401879
100.00041178021492
163.34925634742365
128.0646620782657
158.128887591257
118.27131231617768
138.98720446581893
115.72536986142084
170.64003323002396
168.47044704120253
175.28725561642887
153.69822620664135
125.01631804888076
145.39532950132556
158.56838875361436
161.8215352327419
145.28568828359528
117.23180366829438
110.75987476413216
156.15098510383032
141.26551205921754
141.62679631002132
146.75717919726947
181.75943236311585
169.30944218072315
131.45568443931268
159.58739930143608
153.48013574088736
157.99096840556692
131.70742375795723
119.96500314768043
128.66434107970696
178.94866629262546
128.4780595538327
132.18331579000994
159.73663028098247
155.92629842545313
133.80305216335452
147.11336751700352
119.67103157981475
169.42235326148435
171.46707783798487
179.14615177008898
105.87819238729084
166.56912264016603
178.1920714195547
179.38967419998477
187.29491844682033
146.8300042408677
156.11360816614402
156.18555393502842
152.7902426561735
162.12754192174887
140.479086175644
114.39612889360659
143.69626427100965
132.66457295242608
128.03450083144506
151.5776177314094
147.26877207556382
127.95737026924262
148.21825042123314
144.5993069463001
130.1671134797598
136.26860312872486
102.87041357413004
110.12220801440421
129.61141861735595
119.86124543583306
142.40895518333187
143.09897574045652
159.56605826491358
163.8106197201703
118.21761001739748
128.47972867509637
134.6335608105296
108.38702763260777
151.4628925422585
145.54867437493226
153.51399851669825
108.43678459918308
175.22373002450757
188.4937993437234
137.97612752541846
208.21659519847668
161.20662617736613
157.90951252113751
181.38627549788885
183.64106372161643
118.66496299286494
168.19821250844797
119.45370856901066
136.6490591139445
125.77979915056801
112.77980711219391
131.76044593289743
128.50610464471447
114.65697777846918
124.25730714211105
79.26040200009969
128.97251116020357
144.28032045005835
149.588101221157
80.6598584037252
142.8018210394384
127.8589957639801
149.74349307496345
131.90381935980537
150.1276891091928
163.4210877204212
152.88575763771664
135.05594191734426
148.48957837320566
156.1485085938402
162.65713153521443
126.58655129603952
129.6902687073608
135.20341757111743
133.47180752484675
169.25593290419383
199.36280648962668
140.44459499693127
159.5898668575344
159.03148931805114
173.19506615151042
152.19388096177886
173.9276955847038
134.20091045722748
174.37351505556592
150.13995143468765
186.31227600375482
117.30289809210711
130.20145191476306
178.1545720175498
136.99931221553533
181.77377786957163
202.43767963809074
188.65462673995785
181.40336712145012
163.476302131672
148.11727820743087
202.28242360043598
197.17223250512262
231.72773335458106
168.50293488226393
119.10757404019112
200.3024421559768
202.4452716548502
200.3914734687673
191.94676120240464
208.98458763197482
206.24130768641976
211.01124475696707
205.25594002063883
181.77686608959888
183.93804678051876
212.65059684675074
192.08564086592605
191.41703556404298
187.3611498013891
143.37823943328172
176.14055830217825
192.42742930028652
190.17276400696937
177.8429029472633
193.43582941801355
164.82838668248087
182.92728996645724
153.009571843949
182.13106927367681
158.53610729585685
194.07692504314554
171.96239386747263
145.77150950067374
155.38727388705996
165.77853661272414
160.82130335492405
212.16229907637742
163.74124357870127
209.31161952025093
168.75065046690673
166.2865410948535
147.23724563299592
195.9236517242577
172.13387803903245
181.90922028500796
202.0111587785401
145.69114799358957
170.3470370604102
160.35348901756606
170.7781424316082
176.73524481995474
149.22904942314798
180.5373176295189
222.9255864584947
181.46368918239872
162.77271704808075
123.02203847882926
193.03052281155556
165.15098006942372
155.6697384741472
172.12940859537008
189.01770665241955
173.95952322732867
174.30205285424003
164.71170624281584
126.13430171643795
179.76935362792148
189.9796822819426
162.58710433738256
176.4513751851099
150.84079842675098
179.330625854721
150.03317584183833
164.22215149460123
188.24486488116685
154.50103819669914
188.30158412554974
177.00754847901592
133.20306129196493
171.58975963683054
184.8788286345677
216.26481643042152
180.29019887028284
186.71083515714855
201.21880130879663
188.37290383789974
175.95810999086208
176.93098067950055
175.38278886892368
154.027076658439
155.5808190799433
205.5660353016955
138.99694996178732
212.26738263965092
205.75666460503726
224.8645762493662
186.06512052603244
250.9436776260934
210.91859927293848
198.96751712293724
239.0396768123892
238.7885776462575
170.18140252916942
241.40090286841908
191.89626273346772
231.62556628884712
217.71619795163514
189.5878727047229
221.10357085878152
205.66367678409995
176.81205363868966
211.004539954322
231.7516651423286
207.85591982140355
206.9484065101869
194.61395452299936
227.0157977576898
235.22370637241667
226.05250032644568
235.2199276699696
212.97022842034463
269.15396071468325
283.93599894190754
268.21747609168307
232.58478887471247
174.5579609359608
204.62497156331705
249.69306208376878
220.51205630886093
213.50840817919638
216.63810926317748
221.31740093741416
200.4991153876373
223.87143796037273
227.59717959705694
283.3916991791919
274.65867091881887
254.58092863252446
252.40346535593173
242.05937265842576
245.98437166588826
256.86203916242744
267.75056387809855
209.15287921042628
237.61798354438685
256.34502247861707
210.3739278729729
200.20828390669396
185.6402664669996
246.3460432439221
222.49980365972164
244.56496993389902
226.34255894899715
215.9437465819361
240.80331004759287
218.0490543263798
229.78951023853156
208.85716756247564
183.22976462190294
276.7289673232363
265.3109101411668
245.81805042984416
242.96115530024358
207.1694878612948
192.19947810552696
264.89765252287424
195.81220349722315
286.628637592982
274.52373483091804
261.6027343738741
259.58419081176555
288.5605647541698
239.0658992536043
255.30799787302746
241.8015826583491
261.05268229890953
267.1991486498375
279.68625363093514
270.6271882545252
269.31597827875567
308.6935838167268
228.78394720044426
290.1847336936272
268.92622123174135
285.0949800577956
238.51473589947162
247.71500600474138
306.2320869899294
277.6243553542263
292.8629046972443
260.5009694651921
283.9163119223816
264.7672702290157
281.4568665812699
259.90325976123614
292.875395792424
209.05286806751187
272.61656962296104
270.5970397686062
299.6853826105972
307.01280281231277
293.91309877320634
284.79002377744825
259.5127967485021
286.8490343496831
297.47001878844316
234.46490377697924
245.4931237986025
283.2422797352561
280.99328960471627
287.0319860787002
261.93842375150047
309.39698866470786
239.25124813079992
213.04709562917583
228.737878067373
287.16028156580774
268.77679760348417
228.42693469091452
270.6507446689541
230.3746082635123
217.2054231244815
292.927611448368
269.08651222892695
250.18653679250292
279.4217647177087
241.3718854826036
231.44156321102895
280.4263238771291
234.49477079941173
294.2124969187948
251.18454286486462
253.21986813878675
235.37065829433286
213.89701173461327
246.41540999716025
206.3310446584106
248.60914669612308
195.7456941841991
277.80771755074966
246.38022933769003
249.33642452663847
226.72009762673855
258.89616697133084
230.75503220762133
192.57454867602368
210.31200534748405
230.68773834201951
258.63677697945286
225.3566564600641
244.46381765434657
275.70933067021423
245.98814708988752
220.90899675910967
274.4843167250892
279.15594337628596
295.59157778724995
213.3415402832738
236.64642676028515
284.37700447967904
226.02794501326053
287.28267685496337
275.34342961403684
258.48626914493934
270.4774825141252
295.5788796601571
247.58063852697353
231.8866705700023
283.90081557221504
292.475566363713
289.5971742606546
221.78005337857635
230.9079586832762
286.2246486998949
236.06594285033037
205.1197623188774
270.2746684980396
266.08703021003606
260.46777888651644
250.98655699941125
269.90198451198523
255.36548263676085
279.5081573563437
227.32667481831626
197.47269988020736
232.75735305641297
259.59163726131817
227.796009327433
214.23789776148308
195.64849854143165
167.99208936086907
230.06186258114406
232.77534686761186
219.60929175685794
225.37481724612354
212.35080981635238
258.91862508594073
229.57633776504733
228.96551106103507
210.0433967414295
254.32387478645435
173.8127071178035
280.7933530525827
237.93190749844806
258.4554554265441
211.39582575381587
220.71024598144825
249.32504772195125
281.36680981066013
222.37444259025503
250.35172346706662
250.95713540370977
240.76839333565357
280.90407585878705
229.45453545408708
265.56181660022236
260.1660801426852
220.05418086703753
209.71435612655958
251.09257756647875
247.36272322499016
249.0779591907014
236.15177143168833
232.59209389798275
278.055244776391
278.50629251916564
222.8804822340933
259.7939064584036
246.44243757135962
268.3695039750505
239.16225437862508
228.5048147964146
239.80048197677516
258.1107389961872
238.13765883525906
238.63213540307166
279.17432969039106
245.9676520769743
251.87533416768957
261.1620901980723
257.4880777455397
246.3643373442739
270.7336787363653
230.41274741722918
196.46590344154657
241.9245299837885
233.98265754705787
284.76477776168997
224.92519581556263
272.74281529275385
231.95115242052364
226.93997462550792
246.36917884587905
272.21212247433687
203.26378928946238
253.23607410389684
220.2259732479016
234.0493532140527
272.30722937550127
243.1648150081743
260.64193406791253
256.62325644795203
241.4540928023688
263.2496853472798
219.1092274328389
227.07902821349776
215.45147790487408
294.42951931271466
258.2082795631414
279.84328509057025
270.0647330236127
269.74573980213387
244.73168849170352
294.377263576054
237.8594932481704
282.60539966444617
293.23153419675884
262.6587427184718
218.92775397302412
273.60814550701593
251.80947543162713
276.6837588345846
269.42451695541945
257.7561559394142
240.47617589624576
278.78799142480534
275.93963692850025
288.1826777386615
285.35896499888776
270.91513911485225
270.3345128214778
239.28899537338705
277.39523975237404
241.9773691455706
245.01036408372042
268.67842852739835
281.32042842667363
250.2845950247557
273.29342864085123
281.8981174460603
255.81017099941394
241.34301618896578
241.27258088767655
234.152912877445
222.1789004072417
255.24581716785275
253.10574974673455
228.7310111995879
251.6884275843147
232.4759681672621
247.55784039561146
231.7279092748286
268.06529991215683
249.39198936986114
248.30531669875893
265.6726886987233
271.0580010876389
268.6092905803803
287.41783278741383
267.9183533854391
253.2152927295341
278.9667650148089
266.46823643918526
257.7078278271942
267.56002252065207
281.121473834391
272.03563131602994
267.0310381377139
269.2217248759802
240.00574457447098
250.88496616872655
244.32020692396082
292.1236220384023
263.97734228079156
268.75139095292417
278.92514635408713
275.7232153580154
259.16001037461996
255.16368082386722
262.4223095853897
259.8836922293589
280.57664819054366
284.61699416796347
244.4330049967548
188.29766099398228
276.1170298031306
253.3042081955513
285.7143483582744
279.0038485767327
274.50690791905697
260.2326052814558
264.9122335906706
242.71433477343982
267.97393926403004
287.6734099294397
275.1402699835323
262.63823785893965
269.48104002823567
245.72287370800362
230.29594381610445
283.28756839649
283.1771166495414
282.2686895284379
239.22580801944767
284.0517018929168
263.12440402208057
295.952573996635
281.23999961633666
307.52744874026206
297.9724882766509
302.1477813854998
291.31063550026414
282.30057649838665
279.880942999927
264.6629658428838
273.7273830509793
289.11762029915553
273.9798066656477
301.401933141378
269.97153151188047
250.09397448573566
281.0575933402584
265.1393676763986
269.26175178235053
265.69531296062746
280.45913750599436
269.0144140416958
270.37586567938297
257.0627151303394
274.12783677844294
280.7475842369966
277.6725646238968
295.1865876231915
266.1844915773013
278.35667818532664
284.94384958951974
264.35243157790813
268.06334633703375
247.75053918398032
288.37376814252514
281.89889930789724
284.99304794850633
282.8928734810321
288.48956338906135
282.692236866628
277.5219984396415
278.4292781070953
272.75657840930563
270.2748968484348
280.5957502866856
282.54160163941486
263.95013205597877
282.1791557805091
287.4704208621053
277.3924661733682
279.52769788363486
278.2340932314229
273.58269011881623
252.43370056959188
292.8775382861047
282.5744097504922
288.7161617207193
257.25437782808496
266.2511201769461
270.7332287260407
284.03304718174275
246.41162851447325
285.7457573845802
277.34683219924534
305.35020195667516
274.8122969863392
296.36393193086263
217.62370673050873
266.6424033706139
259.3082977778054
272.9954580701481
276.8027803662801
299.668131935625
287.0661525072806
253.217007840062
231.0150839300384
239.1005229282723
235.45861673618847
241.94523683126488
275.5463145190132
282.492485331833
255.54675743045885
262.8443078656197
240.17601912460916
285.44462922392165
222.96905278789907
282.3039795229526
296.82310005764646
273.07255223657
276.43968561892405
242.0765222042474
256.3985674001891
274.9969529802312
265.7434286248664
265.0084334214978
264.0849021436139
195.0023208895829
239.92108324800017
258.35258076336964
268.0338171183108
266.90792259110196
270.03165123063144
262.53062265878367
250.4185998771652
226.31268584293548
276.52679295020545
281.6114476765272
282.51654674696664
255.75724139194685
254.86460465851752
273.5937995312501
223.83151394053462
225.74716394241693
252.13590432417215
226.33595116104414
284.97977238666124
246.24182989289216
278.31177926119636
208.22759188603843
242.58699655306594
221.72707914280682
250.7834964234107
216.90594245526364
228.61945083014348
229.87782561271266
225.62847058891285
215.25200692396245
240.755474656648
299.20622941050357
242.36194984017357
298.86249772274965
249.58147153439
261.74713315417523
213.47861308796914
222.93349869477703
243.53043350863985
201.69530502939895
217.85111044257496
222.43693918515658
226.98756851451378
227.50662569555706
253.7223477179446
163.83131515518585
233.56109106830195
235.90232869590372
269.81248891322883
238.20216225844197
235.88376417100585
212.10051017584018
239.6029408588353
259.53928545462446
236.9862307875491
246.28234987946325
200.58111062100215
232.3170490568534
251.54172051571456
247.8423355691807
221.06275962342292
171.52191835101726
204.9453892393361
198.12036822401103
233.58257614682825
240.0662081827511
225.57831717525744
178.784971044941
225.15648999665697
241.2373644663698
240.6676950022738
205.3129170791391
203.2883245313801
213.98598613892543
211.4475501597451
159.71599430641595
237.12746034259933
215.83215369734552
261.44574856359566
174.56122754575773
201.598063578887
173.1709004359144
210.1519708769873
226.5781196371116
212.99064608814717
219.67044908430375
216.12873169808847
233.07597633768572
200.11061745822235
186.14828228923272
221.21352634375762
183.31629742568848
213.90997829516925
184.37192848509412
230.1278539478882
233.82279294375087
203.01561241896854
224.75807276325415
218.97943093174018
230.53737234914152
200.54874454665233
211.313877186337
196.81088734451157
197.1380970123456
164.8682414870835
222.0998226656879
203.77670506388742
198.68763328806097
255.8343732556563
196.77231229448685
223.56857886554596
244.53760282488705
199.31082637380104
221.39038897294498
187.02973893396936
177.8654122988237
195.48616467497567
185.0076144242839
149.62385058225487
146.51644221402083
164.99109640598638
152.73474269317714
155.48847331026755
160.70217819150645
153.04772256198925
146.24463337509087
155.41183201840963
180.0321276659625
83.11193391678434
156.71101180971044
152.73840035328496
141.98808015169413
164.9040499606056
126.6859749474566
132.72381719939145
156.60206566432714
141.59792940935722
129.9601753720813
98.06758692704959
115.52055993410949
148.2409137978683
144.01638418267785
147.99427511400472
126.66515018150372
129.0103995833063
136.26546335998862
139.51826317282723
121.62769365949836
131.9110853593156
149.44193647246334
122.88994702952618
86.79816461390523
111.28705651117556
101.03884376479243
88.8043381149213
96.84244670225823
86.94650343858247
94.3707896145096
98.75774609123147
101.19723469600947
103.68162068552718
89.39171070297947
120.88961388373718
119.4033431018433
113.6210414203507
66.0775137495394
83.24835754939959
90.33076829297329
63.692060154172104
77.3278116564086
64.00126259857666
76.30728931924811
90.56095568731081
104.77623973591506
77.29242215492485
81.58699315981151
105.8689249931561
79.79664833157945
67.27822377370096
99.87194255270227
84.5580893451658
115.97405982753469
108.32460246271204
112.18866485421248
100.27106705088418
74.65921904750017
103.04552201912264
125.67446905399531
85.63760250206704
133.3829249145003
76.05802021166087
102.31034836421631
105.65953056355126
116.67331320557004
121.8106815821328
120.7555892711207
97.06345296893434
101.08698460511299
113.17767131219314
87.72413363475827
107.82405523450245
65.36160397081663
116.34709803132856
113.78442414011954
71.76566188360732
135.7802048166183
157.13889363280583
129.6590923556531
151.49008277494858
147.48536217661214
139.43997995770445
151.65707549296417
137.38978721267267
144.07375412922804
128.40740586023088
129.87583013265393
149.71074826008677
161.1036609880085
124.05345750754303
143.8335712949176
158.7944210742253
152.9230987114884
135.66374302378182
147.03278842280702
163.26663897431
120.92796267355536
154.90489910500582
144.70313274331576
122.8261308509182
104.30951927964466
116.47214061335296
104.12174471046517
130.4212832457415
153.80567031000237
120.3778689104986
105.3951780417617
110.7113010276672
74.4577106475709
97.14499073978433
99.28707813384895
108.93398876069665
116.6821287678054
90.39997119482128
99.6349593849235
94.7095511293735
117.20897935295275
84.69578739153835
92.39213991068087
81.10752150959159
91.64636950009825
114.18433265336196
87.62552720745268
103.3755865350041
98.11520588608819
87.62944161337862
115.25564430323527
90.84320086308313
94.09253747672027
83.0982680117802
75.58299277316785
103.69746704388078
87.85357483111218
99.40380421223533
94.16656749887888
74.78667950040283
103.27066730095463
84.49105341082156
93.32552107368434
96.19984528789496
78.74033437280693
118.75716614725721
125.00210458530614
92.64416770188237
87.35836453604097
86.97369612934548
90.34771455566799
100.10690313971033
76.58473856603239
104.50102098876371
102.23128685637677
98.09232506157176
114.59673051428591
116.41140131564788
127.23504206281225
115.01919769538716
117.69816632002171
90.73402723661384
76.71157914283123
103.62957597489853
106.1254784228854
92.24432915334205
97.47139701950468
115.51094753612091
97.71982694637339
105.12009439745586
138.28158901057006
136.6592929799928
123.09921342557143
129.45137608468465
114.31024480492442
95.12426652089553
116.26931222008315
107.75126086067775
105.69337320937436
133.5533709734141
128.9061803828865
108.86169388030223
103.96704383343258
76.27552105067292
119.12814308582536
99.73702237982411
87.37814194643059
99.44089882485878
72.93238487399674
77.70979071901034
87.21275847114644
109.79219623349552
133.09545774382735
110.30894388635281
98.046233985398
121.27945095545698
142.44436956353607
110.12093578643564
171.10590922730373
136.45290549885814
120.3474064428065
132.3726296485791
119.2629317507504
95.69680196660023
122.87055008519329
96.63542965522741
122.68095878662626
110.51465805172116
116.18924490124697
104.49605089794001
89.40290671913051
108.39618961270925
111.56078377832347
95.73218540322873
119.38871564185098
130.97671885526057
78.00422655338404
99.4157462263052
112.85265981287391
77.18230333528027
88.2455426636433
122.24562249574662
121.38883285077979
109.59591985755559
98.65989445307108
97.82868722881864
120.7077597873113
133.55072098763438
124.09629740582776
116.32988793761328
140.15665902404436
104.87916094034023
93.99938934247886
81.51246002625489
137.59326476561262
106.62470682865944
136.4129544449284
123.47773991712572
101.83547811547724
113.60834103339633
93.05862508950344
112.02926732465983
128.99232252881717
120.49579354479032
94.18675072393764
92.91546476012428
72.37128006079932
78.45849616831384
85.48757974461958
124.06339906098904
62.11198592791575
67.98268643270376
109.98280834215689
127.87744881841732
100.96073306208399
86.7620262701879
95.64818359677295
87.35572473510433
98.43309711793502
90.47153609519617
116.30764242276682
91.06784392651213
75.30672084953129
92.73178938396926
98.53457545213071
69.13213095337343
78.39363316300397
97.05280249763996
102.11018879114522
101.29819671008289
90.3862368980102
88.94644028110024
77.51111470270179
86.12841863227162
90.21088166608182
76.35205441536512
102.51407579262381
92.41213345774469
81.69575817465471
86.47443022303278
90.37526655198428
118.7986756860819
79.00244601617838
86.50870802005414
81.10563663282417
74.3805132638782
92.58896660771057
86.3003201970231
106.47076062031825
60.17205115438281
105.42109577578361
95.17618294861026
96.26992457653853
84.58296038707591
96.98479740292727
105.0284297877873
121.73733990003628
115.41997433944555
104.75154090555252
138.52699191748763
140.56976325880237
134.64241633714926
109.38698648209079
125.97234465780886
128.75779076663437
107.0412313787185
120.41125590656613
93.12265423790585
94.06583302773842
103.68675896712625
112.87250016884688
86.43782717635892
101.06602400946224
87.17899938588756
85.82650416065565
111.41683433084043
99.94388623228855
103.83690432891254
100.39974524707
78.02644467681634
117.28792490168408
104.7244264459394
88.89347375342717
113.74526063607853
126.12898688712731
115.04710368601118
115.32563580476928
150.94527167003517
122.03253478964803
120.19569703495544
101.88350425657788
138.97071161095644
115.60800591782055
136.83767120837905
125.09089604115607
138.53092548509903
114.4609584657668
122.7237549341555
103.79665324257597
135.61822580989937
110.32310729419663
126.09071626543286
120.15115716003399
115.03590731984207
130.3820651707832
153.99224245821094
143.98490109999696
154.06083135699114
171.92613454634562
183.07945741741656
161.3983844313021
159.58770558284547
153.46586740062435
153.7038905058108
160.27320330224268
155.49028186685348
142.7480545488471
169.44959923172917
191.80953900130535
164.89372170595053
198.15782930803414
199.80214366555828
159.05084758440375
178.2311395775725
192.38577229739533
204.60116489993206
189.89191990551097
186.81045164457197
202.95127570192463
183.434996344694
175.47872814992706
182.86125886212932
186.55468450091448
197.64162720886804
228.56559529870577
243.05645467362353
232.13371156627534
248.73933334113605
245.83731169221022
221.71699457238333
252.18719292236494
261.4156348340775
210.19228946761797
260.06043164263235
303.1348063353034
250.59245548459484
235.69884088241105
251.304496931207
249.48459586096678
265.04362570552183
284.39458455403116
268.19231902388185
236.98999878008365
269.0738029749435
263.9193258585468
245.15757926683895
227.84656873349007
273.1307092264884
265.89348805932707
230.8081939060359
294.97863032252434
228.448782672296
241.86167278475818
228.27448188303634
215.65664588884795
239.07412518986715
244.38824883526667
227.7632980228307
197.46887593860274
198.34122264263831
215.1812286998475
158.64177007437257
183.85733585175603
217.700500497159
245.0615790755565
200.84907376890797
211.5119226079639
204.59638774971143
239.91769571001902
219.343755304247
222.95541353519602
240.29341476790052
224.65929718664202
225.68015911945446
214.3070730655148
205.50728700097406
221.80195280744863
196.90065115432148
292.1970318085728
223.22257273585598
253.70364396448713
263.07911240514187
242.1487527571753
262.06674663125534
229.22943870050213
231.06188139989925
209.31634001992268
210.4434108818007
259.1488285446765
248.59924065740825
258.37579299430587
202.50045897983824
214.05956196535175
217.7576752643464
240.47915682465822
273.28833958747225
262.4822230093964
246.58468230267587
250.45623182842937
245.92150441996247
222.36604344495117
220.01011995799036
223.2892306084368
220.41953127398688
229.52700296218663
208.86625550354563
225.2418278654494
208.69829566446936
211.75189615051707
213.19553014762565
197.9595362599865
189.0091738894706
190.7049964047601
229.06018098252525
230.32803251353607
226.5706366195164
219.67290707596132
198.29761628603495
212.83326084015135
234.36540668832865
203.40667885293246
197.0245454270306
203.52368669609808
220.78326171286648
230.72063784359753
219.53814755386347
219.01427331933536
180.0059487271717
213.71639353713576
214.17857091674446
213.75406873278504
177.52392049881078
215.7354071023638
188.82388179114355
216.95528249183235
182.31022262472388
206.72135568899122
192.30337143258237
186.11512066800873
211.92080531393196
232.05083411405852
187.77768601737438
156.10443905163274
186.2613731953522
150.27515130642237
197.50522919487435
174.2787666759202
173.11256908619612
157.20364102610327
190.05584650233172
173.58434634202806
170.65892949692505
156.99452025809867
137.5112480596683
126.84667936732262
140.93887023138856
146.27589446213028
124.13243535931751
138.5497376110259
149.20183242643682
159.5222387512252
127.69265898938835
142.82862176530003
105.22170681911109
108.35178293443657
138.11391095891878
114.814264529188
76.31620289492665
117.38320959068542
116.64967035559744
100.98164140328876
106.52909928919124
87.06834216653887
99.31562449388697
142.8355077602419
130.57200354997772
137.42071508691333
105.13894978479841
116.86404140510186
119.04730910009367
77.76265038990594
79.09110003063438
101.96116701795538
92.19676594727245
116.21786896874698
116.01754028744386
102.70119496830341
105.45291989679117
130.03649991855158
139.95640950334413
145.92427820931647
152.88113654839998
123.709144648853
112.04299993437354
120.2413483540368
111.00823513628306
146.31282949566744
159.19932289011547
111.297837605597
151.24722399981158
145.27143070593777
144.47153664793802
173.65846668653472
166.8837199427208
177.53879993526112
168.43713489627962
146.27571835886405
138.35935908123557
137.34402218890475
152.57871170859408
125.9106027050184
138.15581262153276
121.4237761696154
136.95921700060148
143.90380456121
148.03030179375293
165.78727307740303
168.54598530238218
133.25966552982953
127.14156691442025
158.98906587036706
161.2285967891754
129.21010013058128
125.02613961405616
118.90024510678616
92.95381666637103
116.24639853585549
68.48192768890675
78.9599318816905
100.43118878047741
101.76089036075874
80.44254813492833
83.18939020089185
96.70349987501248
69.6701399719922
99.22609711827843
95.59622847310936
105.973796833905
102.94170257143473
122.09430867360685
126.9121896248437
128.7213743533928
123.46654871143704
127.29580618393678
147.92204998167088
149.66967110688725
159.9360386195896
146.58887082104957
129.81994694650385
169.24947679828637
155.60746635664503
148.74459566434322
169.0847371205478
143.62365611883337
140.65043360541463
182.40488839801966
179.78982480987082
159.2013034828547
152.8291146096363
183.8619850604211
182.80405800875607
180.63426963351
219.42392844041112
210.9468332295992
190.73807440829995
208.71318285167357
198.94080855938026
229.53865635120096
219.0896217156828
222.81499690958324
196.07167498495113
193.83699016636632
239.4257214014873
219.84287883418457
187.59332832815159
194.86386734294086
214.16167627498902
166.79565725157948
189.24594027214357
186.7481096015552
205.93939510802738
211.37097193576284
185.35733434471933
232.27777461984826
200.39869828840017
168.3348162044133
191.39786877251328
194.2569487970175
185.1424092044824
168.804002974412
182.9541148005069
183.16165582495478
199.92183077150304
182.87687933155334
175.74876093146142
190.58879135697129
166.59095337256682
192.9438339134685
199.3980776215064
160.81264318443212
170.52527005949398
156.90251179620458
165.93968507674296
153.1703535523352
142.74488413744584
147.06494363881274
145.00123340571773
167.20115224248184
155.81002849323517
170.36000546614665
142.40404558553757
173.1465687025113
154.58729299155638
165.14233103372425
159.30726639671812
163.79234169215354
148.55492513079497
156.7963422735915
129.48190137034453
161.69638691373902
158.52380263531728
131.9543379287253
146.3939674584281
141.03535933118417
151.9603686268822
145.51802801524954
142.32523305667647
125.69801134768863
146.03554260074097
187.37201296770235
181.58242393668613
183.44841262459454
189.330003521018
165.45995420635336
146.2356806504554
164.15893342405334
160.4899962693352
170.1708470028065
161.05437492711704
161.13817087219803
196.05302592351808
182.523535559879
169.82702487639003
173.14327339502924
132.48913435763933
152.25370117381823
152.4474242162023
177.33924956719903
167.5401228262783
143.60936096930416
130.31342732459385
118.44128036272551
129.9473887228606
128.6138905621992
127.99411526263813
116.00332178814598
119.1001325275647
134.76814114084758
141.1664849405394
113.79320664796293
115.86897770914024
101.33493433886571
95.63456734961098
86.28605484375582
117.64542345582133
137.47071412725478
110.98666833428729
158.03082913791113
158.89664855472807
145.2725308419644
162.1780568152349
132.08146074630451
151.20001010926964
158.47484700904144
164.33585476272398
137.2995238277416
114.87454508091405
104.27384879269493
84.67854116161897
107.33928671577976
97.85229402105966
107.44276150401099
135.48714761274135
94.46293200206135
110.60982094901492
104.48457975014422
111.62093076074568
112.39748321005445
133.1900341347721
118.53827169558305
103.76680606051214
136.74557923060013
131.1466310132166
139.82813259693415
107.1458599552322
103.26169250535018
96.7964245030748
110.98044369551732
110.1932554087365
90.13325703883098
114.00746518131325
96.94554816307539
111.31617759880872
123.69546385233016
85.80160763378562
107.7705881418863
107.38716409527144
127.51590129732293
166.68060628340257
130.37380595757583
146.0840815480558
136.18867601003825
143.0026216172772
152.19506563604335
123.88309731622567
104.06902861653236
106.16600605418552
106.9925025414779
119.57110548145825
82.08061062119644
108.05251636851101
82.99619389673212
111.01317418272643
96.89841709441397
103.2453813623291
105.63918472950405
99.03120836768703
100.01966679422941
109.62688608436974
112.1052847750938
137.64875345455332
125.94241846565565
141.48808613974396
140.10914378268367
145.52091321873232
108.15546067401216
115.36334218255487
111.66152368354113
115.452524540879
130.84132231494695
142.03245155509774
107.70504679270762
131.81016151433764
157.94638882563265
141.34864770467144
140.7154137747982
136.1022697650453
148.66651852178484
125.6794417760688
157.70459454396482
121.38271481057309
123.55211518280977
132.40703826791483
140.46830189154028
126.746111802156
124.78131269366646
129.1084746894278
150.09032907256093
137.26834033230233
165.90086938313223
149.754088688041
129.01618614760133
157.82643312456528
143.2134724892465
112.13102643856344
120.71948199612038
124.39082061381004
109.02965405525015
113.95759188242951
118.09956247504786
126.5161511027254
112.0620644587561
115.91183349765913
112.58789281239477
96.74294507890073
93.9962238394184
118.09956720455905
103.30908087179452
99.95324581132121
95.17735120374857
107.53611884314869
111.55641435181956
79.50841154818085
95.09591478016063
108.4129463612985
117.25649635643373
141.76502068787835
138.10358354838954
134.62233081945806
153.85565525704254
144.28936704234866
119.67723607967163
163.9453735428377
153.3818166833695
132.6867633139333
157.75969835261967
131.1240081271816
161.64471029116476
162.46777023436553
186.18058790189178
141.09150502499946
150.4504427966307
159.1700236046142
160.90229383736533
165.33563977629996
195.4220565711821
178.60282967500314
203.69691564009452
167.13009351412995
211.12899934898402
159.89885018635465
175.56899476487288
197.19766987491386
193.06602566520658
178.09976017946806
167.31096467655124
149.3999163332942
160.7379766729662
164.9368216805427
152.58929088544548
150.04122373518865
179.0294721349084
212.65804468893054
153.77675920583846
165.37531689393347
153.88773454653517
108.83660880583547
149.25270652836218
140.80544140224703
142.91329346679458
120.9615823407556
122.7455971014289
150.29237722546998
104.21065795658093
129.13896328450534
153.76865210968498
138.08534190779372
127.7136426791717
138.64651528702157
150.17089341560404
163.33557741917295
172.83514042642247
173.37986691538006
138.8926010228497
129.7439770219824
144.73637630637205
123.3937865868529
119.65701643849484
118.10793472824844
85.62553274838294
118.49081392112431
109.20726065724078
90.23439630859535
86.70298095684578
82.18572160460342
105.1792786654079
84.95345982727551
104.51397557486979
91.03349375575786
117.19946905612372
94.06260751182619
133.97484499447896
86.03084586445547
113.72443267961349
127.06412371511138
125.33324241744357
99.6203746379146
121.9242685913233
101.87109798105467
90.56561617941873
98.85247988402206
116.72171140909848
107.60182442531175
107.60608446034215
118.57067281108027
116.89676493356232
139.00368985358313
155.0405554731021
143.73776502764292
131.02049792028208
146.28027442231732
145.77233672542155
153.2599893504226
144.49285325376812
166.56603422770164
157.24676475453228
166.03368190031674
139.3242546254656
151.29695000528625
122.77422240929609
113.66796478404021
140.57869037704506
110.49811054914335
125.89761538768369
136.31060218338388
127.67058678664802
134.53713636980174
136.04493933822076
119.10471723506774
104.60446638276802
95.8435171189231
109.59940456162413
110.65239929226252
101.1831084608877
81.812137951043
98.69073603070322
102.67702752757782
93.12218615800296
110.80430452421308
99.80160368338147
104.23604715215693
90.67386281555116
104.4620335055692
106.4679311376939
123.61631066391043
117.52886701389608
119.42711261000595
119.86731875586052
110.89849246420974
118.01321187045403
125.51870745369578
96.96450261577709
103.69718654696112
113.8577542119842
93.75040726634158
93.45810427654402
112.53688630452659
125.36502007828302
98.88051814696281
97.50924096087311
95.92374389887514
116.70347212804155
108.87350532285677
106.41649372932906
100.11470854242798
101.13618043850046
97.10552156086725
128.79096651594867
98.3321545537847
97.47711059238654
120.23927218902756
111.43679688174586
88.80809313414713
107.09568935337151
109.45642044990373
86.75792773972395
129.97129485752637
125.47762808460635
114.58704001396978
125.26367226003705
108.45046399096404
117.88959055031825
124.89885620825302
134.88401808422603
109.84795879634102
118.86154538092853
111.73152151888114
121.95872587167672
121.15119402840818
127.49907826214285
134.35202997083738
133.1089084570544
119.11165158808143
107.77398715350891
127.71534358584243
130.66324138994665
126.6950207944843
115.95009791994572
125.28588910459838
142.22926985008058
128.7951989301458
94.22028539999945
100.26340080291826
108.85605914719362
109.07994760657922
104.28923146764
98.72300345029477
114.36829169845085
106.38260523063283
110.29909539537014
93.18705466016313
104.18662676790939
92.75171274895817
89.21287229556022
107.09430825828417
100.606648066763
101.08938629847522
94.34895488737567
105.00562693896161
108.31114722403481
118.0756518088908
105.02988419160755
96.74989844218221
117.57477688807184
117.42803440093213
126.98622403598375
130.38365259877173
128.85791536840918
97.39800406944981
101.7989547136747
121.5881362478617
110.92583427751391
99.10024229316845
132.94276555583073
157.30287150854463
143.39467648570022
146.7064102976951
144.67507279170084
145.88676423544268
160.214580692798
132.52572078827976
153.97784575160566
138.2542037310671
153.10493604046684
141.93401587577395
163.75106400177904
143.14190153393423
137.24568468012995
131.98930255195157
147.65466983657103
145.04629993781256
131.2588226325129
123.75239778879111
124.52252442833145
111.19072143649812
141.96067579173965
119.0151578400619
114.54279730890978
134.85438814011846
138.72597585179963
147.50769710295302
183.20116696498818
169.55066862996122
147.8575281816569
151.47491836705805
156.54598837913758
162.47017096085827
134.15178517370916
122.6011611162917
141.00925040777358
125.65906560879857
130.0549713821151
119.65161841060194
111.11492826262676
109.91582121664902
114.89307280555002
142.61915325836236
128.49865590675805
151.89048587434274
156.9501114626069
204.9545872255921
167.39705729016018
144.22083733607107
162.0596806265256
146.02624601400743
143.08219556657116
139.42683281711555
186.15438708315918
173.13879823290037
180.82802153750052
167.25002978044228
199.96352472770693
188.3513404811786
176.15844162926376
162.3473113949842
151.20738468781406
153.129626742402
144.3004516983563
125.81837137570813
148.04844342736519
135.89487960436395
107.59814314314619
113.2776674991613
122.95243778744285
134.7599708238715
139.50030360107795
138.39699251318712
143.51424450744878
143.72009243115295
122.04221463938977
143.82976214387432
138.51939588405637
135.2897156656841
167.82193821781718
153.62153655554516
168.0695679006059
148.17601074204399
174.4197460410037
149.63359003293414
168.66654447728234
152.42505870537397
156.00277095453143
116.2543618201771
154.47678118309602
151.14229781034413
114.090597865435
130.03890970944298
97.40877420408208
121.52033918623471
129.34800893219642
101.26982233672527
125.49185029167936
107.48858179724809
106.43441130959297
104.35194841188189
121.30942421497787
119.70396038895092
132.01994386889365
139.4812215272443
131.53194549970493
124.14036086946658
138.0773759078877
118.73151947087302
104.25948341138599
117.6443648188112
102.88928185891562
96.71608923233214
111.66194273030352
97.70128361367453
102.13996071039057
103.52534544370602
114.91149638326303
105.18351519517489
125.94846341202064
96.25039099912445
101.7251558842339
106.4493791533612
132.62504074679526
127.62803871234469
132.28187213086701
144.17209989282495
142.3904756228029
150.1173538363621
169.74315270905532
185.5163029278992
181.03195568136857
161.97325208876185
153.68850773515692
137.13296926758744
138.489665998221
135.61204666160845
159.35818230911403
171.80858240304465
154.8042828134163
173.81254070801072
179.5720502697897
171.56023615680846
189.38619629474002
193.57606278764425
168.12061198294958
195.34621603404742
161.21388419120188
153.01679313210474
160.2251008481593
178.21335558897226
184.25087559436085
136.83511038228843
142.88002329042473
134.16211098015557
127.69454716950608
119.86763404715144
108.47593511321571
106.60428580055091
101.9192451238097
125.75354177955768
134.13355877679442
122.7058054825896
111.33197202268983
85.2334166301716
106.23643631219852
100.93122686380613
122.1032347722858
124.87612347509737
73.9798088504349
122.92118043543176
107.0316513382595
114.4154254052375
89.65729655986439
111.46660014016167
105.6610828008766
116.21367170666161
107.40489751484313
87.71074356101933
132.90809482297678
122.82325923744094
131.12057091723213
139.05647129390078
124.80560074284433
133.76344973767127
153.38589757458462
139.8840844756822
138.27693073703668
128.34814026841332
142.96130923173504
129.08220667822204
135.46279153661433
131.2953425121589
137.2755009608307
148.9907486528949
128.64927063686014
133.07388071207004
138.23127427455353
160.5244989397062
142.71083525542977
130.21522884845353
98.84690584929268
110.19819490439673
110.82225460478489
91.60418010039439
116.79673454535266
91.23281921676997
99.71800845727597
134.40004635362695
123.9543048379601
127.04183625646458
136.2141004683548
102.51997690788475
119.78777357257685
124.31793493198761
151.70782181408032
132.9056822293593
149.3689950690398
136.7141919065833
118.97735506102819
121.05504377492507
113.5230519933872
94.65543796875953
108.92383255736256
104.51115939324242
106.75279982338681
123.91909477010067
133.84411382001178
165.5871330032578
164.08872574061448
146.9875631075157
152.92134933613727
180.99390967108744
181.90883549722525
187.99228659069405
193.92379541648242
170.12149688709607
192.33090173151933
184.57488717083143
158.72881870616968
195.35928526711842
195.52854766518703
173.0710752671355
189.76444052063084
165.83976361332148
189.5456108465436
169.25409415593592
170.41895765886366
170.51729787228035
194.43249129819947
218.66088362470975
172.9484963480092
160.9061473991606
186.31585103710228
174.02215737159491
156.12632657811838
170.72644127328456
182.26445318752025
149.32794673816818
153.7179139356713
173.54422698920447
182.01053114206346
165.234413643349
172.14092528228983
159.51736778058662
185.83734355001076
178.8662240235002
198.13245911564061
179.95190085103178
171.50543846527486
190.00475548260286
158.57511933967416
132.38553240022384
210.26959086792172
162.45376145402565
176.57812795330312
139.13663586827337
150.5392972315999
166.5236610068661
144.30443169240104
169.3340192632403
168.06068058894428
156.11972995326093
142.49229979255398
142.03766989131435
159.67679105469304
167.27155563031943
175.03127426307793
201.09431905862317
169.60429662606637
187.88304031074065
167.69694286288922
176.91328768617498
167.67994096816736
177.45807399309248
154.71032170658236
178.19124016955425
145.2588729308937
153.97923489985953
137.02943725978207
126.60750682940036
140.3654593951439
163.07126275459058
144.67577081954136
137.72090302016377
143.69697280701047
171.7689653826258
136.57992334310046
150.89052533643624
156.5312417249914
164.87181921871024
165.0062876497095
148.36572350241335
136.4750710163965
168.45411687118687
152.6676921714504
135.55900744808267
129.09202015992784
123.24055237135181
148.7833647194583
125.6510286582909
137.44211210988212
107.66805296363036
97.68363567932393
104.61688536759237
98.38435500485642
93.57006231878132
114.76990709552753
158.13979650392318
149.76275675399194
158.3660433079746
155.3615102442615
163.6908784690453
153.3909253052886
160.0830432602737
154.1807491966486
147.9897095231556
197.31799041564253
194.48098081462257
185.4944834705316
166.1378573207491
177.82582201291206
184.68168514258795
190.21252748707116
189.62051457064698
177.63834013716877
173.40199330402723
162.11441863796256
145.15128952634373
176.6335641623788
151.0944623110401
139.60967670415602
147.78760930661448
168.13358912195906
167.5387478773226
157.1227123882059
159.81597633282885
172.85091482628954
137.53085073203667
155.04449241827163
153.7166804603872
130.42990716113815
150.6677831173158
138.68586747686254
144.90848198005892
170.95834165633553
152.98412912187786
174.96325628005675
145.05246894673905
148.30400321942096
144.26932584168694
154.2342462846737
129.5146615585382
147.86518556051004
135.57917593557403
137.74455760533905
154.55027400335618
117.17962876861715
150.18159462519657
142.39155295532143
165.34157134995374
153.74795620291667
161.58107998963624
141.22431543916574
165.2425647840598
149.77491062734725
155.40951034602023
180.36034935700164
168.5639737155361
167.69631691483315
154.06282943338786
180.59444884616647
186.59948443886685
159.33458967614766
164.7076059806492
143.93332625913038
167.8641375343138
159.28348843594958
109.75459521766405
154.38084490409122
148.22205806253368
168.96909884277702
166.75011746641778
155.85073764388747
117.15705789228205
119.4043175925696
124.2684760085386
143.75664286627315
146.9126938112959
122.63119608204823
136.87949335128428
112.32103163910485
111.00360276637026
101.08325762489847
134.64449175663228
138.65267864184406
103.46791769578212
88.62478403073406
103.8173048221381
98.03505188205467
97.92615760112645
88.36902327556098
102.6477265235488
91.05813105352016
124.24005981499438
111.82848415414406
121.25889640984843
101.32313178836998
90.8115467973846
132.99823878114879
138.5435761200376
101.85649667625653
110.0818410174407
92.63740699908675
121.53139441807056
113.68435986718364
107.38659241702811
75.00496814375222
81.54696400346772
77.13427789386024
90.84834971746548
108.86238538823362
115.50972387147286
113.9504110104495
113.49451477439162
101.1116473331204
111.68317623214764
119.29263749720857
107.33924018892027
121.62062840167762
122.66432113032097
147.2401644640597
118.08111889951444
128.11104454219767
121.81749044363198
130.31567606194625
129.0296859369454
145.1081702616007
150.92884165546283
143.16562405828677
112.35942343657986
120.48832051177195
114.31225342433508
79.82052435065037
89.19207178794605
113.48201180912747
118.92765890026185
108.54221029116631
117.5048660219192
110.89809298288719
108.34685155374271
119.67761862608754
96.48081766441379
68.11272787249524
98.55418707514094
88.55747940802414
75.27308212316117
76.89733505677114
103.1284981372742
90.21217240362554
101.51190596953677
103.07042299172973
108.34607816485885
82.23283096993363
94.043465263043
73.83911976159987
95.02757808950017
102.0843949810395
116.38657330821346
88.29535950294279
110.60906897019558
107.41133645611828
124.22882222449039
123.36014330227522
126.54286538908191
88.83209174118436
102.93553001992751
103.37807502698233
104.25510471437701
97.50726712310788
106.23448991253883
106.1276690660426
106.09139030807619
86.51304748304668
70.06705441385346
85.80732953580966
99.1307373637319
77.66842326518395
79.16659754638374
93.36094887744271
95.42972211216455
73.74560863041236
94.35282128452951
93.14959248773332
83.98032111981165
106.00399399343725
103.91558838353916
97.73587856245554
104.61006334117826
86.65226661079095
99.6689610127625
120.77139395340973
126.30373320199101
99.79801950341579
114.64061770917303
111.7235475531633
94.84989186214051
106.5609510358019
70.21280075970397
82.56535123631832
69.75636525472444
105.46549698363881
108.71421000717335
134.6164845060099
107.44319219629352
124.9338616767028
118.7027245583446
114.07707506384757
136.98346092602432
143.34727118615766
129.3710768733332
134.7052609436308
112.98965049010192
106.37065330541655
121.20920091204673
102.44184933094598
114.79747964485145
101.49602855000533
80.14374597467746
94.10406524454272
110.13098452816992
90.12731941779998
83.90109208490892
105.62573137925136
122.2552043219699
115.75427201437465
90.15523422042372
84.25163727667672
126.90077708430655
113.61022445566256
113.28780169078988
120.80948482654577
119.7358261238481
123.29067116595436
84.77317232684103
114.35343629117787
106.44251948607263
134.34688522780093
114.9476343243088
118.06858422611018
89.1682675121864
79.17470211725565
126.96576762668586
114.59861973491103
131.5913966079001
119.44885699090405
126.43625348828536
124.71760196583136
137.33978426517484
107.12334075904022
112.58449136891664
113.63483738001493
93.82706952450654
93.62094804893567
98.73733380333996
89.41188399826757
87.78519936264416
99.85436274459664
87.66589054630236
100.9570651539942
77.94206475799687
96.2881682904732
100.61183087300007
120.73183390035436
123.32368193690327
129.53985959249175
132.35629365876747
124.44848763839288
98.02254799393388
104.73187665986629
124.60351126657405
130.72100405560994
117.55358510299227
141.96384949104322
139.2677731044231
154.79746786723317
136.38761716248555
124.3501795762498
144.46584132921154
122.70434951187664
133.63094813526754
137.01739129117405
123.46409164693182
110.21032692460228
116.23511365858681
107.8680178009504
112.41926639297989
141.07329251748482
152.1134758556516
147.90989112714956
138.95584885353125
147.82480667096448
110.11701342673716
123.52823898148456
126.34815075790864
122.9314474989512
142.5743660415104
145.75687793369266
164.72087941146796
149.1613100940026
136.87116673358142
129.75579534296688
195.14251537410198
166.2925075285983
149.6747205339326
172.80232050576467
166.40651652433405
148.3369816058349
153.14692004125706
162.57203026593632
172.4281250702201
145.97447344266808
175.67310081177172
167.3159925567709
154.69176029911273
144.259004721564
152.33617350658918
127.65369847690152
172.64865152994255
151.8616165964805
155.8326538721562
164.575012942163
170.3451828591852
163.4907837296312
172.3190277309923
143.09371886641037
174.0573690928577
167.6059434351669
157.5866314923588
180.14051292028816
144.45210792398953
169.76390559733727
178.92862192448746
175.4582342858256
185.75084229370623
209.1471864884508
224.32650378650314
201.35676722492238
203.4249430816231
200.3023099847645
185.015382098435
200.3399981834665
176.49845996559625
177.7801324741753
140.09240682481607
180.6715513229707
181.4778140723267
203.54197222668992
211.80644244151378
169.09604898089154
229.94237452042563
202.3673823505626
192.0943229222661
193.66442963543165
214.4685364951954
185.89007050471986
153.4223230693148
192.93801786422125
198.24076275296696
204.34609841993122
201.69584552288254
173.08475252930216
180.27199084680734
179.23632464414848
173.71029707708414
156.53315353625874
177.3215781409248
183.82925259112366
205.6991131213185
223.58219534083983
205.9087829342132
196.2798261679848
196.13496416217788
211.54526179858988
179.97985712111938
211.03331282978124
175.15094566724767
209.79230803029625
224.21203505341646
195.60618526741013
212.2359085497051
159.03870081547564
179.29074224486834
192.08765192919714
234.19800314090676
266.3829221951874
258.97672191101185
276.4446035630889
250.8768722121789
246.07620382773774
238.14316250735408
241.63535747344758
261.61866683598015
240.7423710011753
255.0064400844489
258.4990264826547
275.0008560647064
239.36831269176452
269.99002341738236
263.38984698126313
287.7202807541602
277.3803332533675
236.67868274174336
280.91714994082054
267.7767815614711
266.8051486668616
274.0298711845699
256.3729358744432
269.19497286193206
272.30927375939376
272.66548847944625
287.19215290106166
283.4375952294102
286.5668521624233
276.629038465168
287.0824667331683
289.1123264200087
280.6138655836315
293.7152183768169
297.427129896683
277.99452181121234
279.81613511830835
282.21199171340913
275.5956256863905
311.29243612863064
266.0194377528265
307.63856289542844
289.77497227904945
269.81837797979625
291.22396028026174
272.64622557931864
264.4261353188033
296.94028115281145
290.93509389066287
262.5532751455435
284.81740746506057
278.3290732063005
277.2559163172376
280.44944640539813
268.06899248952004
258.88079585156703
281.2405983879756
279.3249812787699
258.33321892946583
231.90733910955043
267.92814554713493
279.1044520795249
270.2786817485246
280.70935091944165
286.9940776967047
265.54952549375207
286.3648605949035
286.5865082514332
278.29722592411235
269.70171817345806
277.831647102253
262.4303455067119
207.75831440359676
246.0102701563789
268.7919402453015
236.01466839622447
224.9364827020555
276.4419001146994
259.9339172945948
220.34502272164013
270.24800945987795
252.1200932294602
263.35861660570714
274.215871176451
281.0096821978998
255.63945074357432
278.8424066712288
256.97728242031525
266.5316264958278
252.27247229673256
277.78160124237957
279.3853861969893
276.7487199812993
278.9185703344606
259.9805207267795
273.123422763405
271.64537237973946
283.93382907022914
248.53891732125254
283.43186915668406
266.2167296214617
235.20487053767337
231.377085792312
252.849693831572
252.23998345244786
284.11478390957063
247.75800894029783
246.24827825015254
249.40742581491182
256.15413091730267
241.28576710753626
283.5731224136663
215.36340709022866
263.8677946524149
253.83807893128898
288.5772891402989
279.01462018576007
263.1796259441626
270.4693256675552
278.6559281861686
267.2804886937343
290.91508923153356
292.6599461638442
286.6107420335667
257.5435991665657
235.17465172748058
240.92848759789325
264.99325785110346
282.687473042334
272.92472359306623
262.9141140112519
286.9028043107823
256.26252411553463
226.06668967839943
202.42640402201312
236.88623397965145
245.45635220524107
240.60969972998998
268.87911017938285
230.41816440149051
247.3102288406056
251.80485755748703
230.2952031163829
254.35979461551022
222.33863212897597
243.54114271561062
246.56980888353627
264.15094191700547
189.52011304446668
241.96916929305172
256.6241273192578
240.10010471908186
224.42814968560756
241.75619655974072
239.49031302792983
211.88606808087386
208.453233252927
213.84969384627374
238.08288423780616
258.0434452445805
228.19856476282817
234.25176813584292
198.7053853852775
203.9032233106307
245.1786422505104
206.98859592764202
243.29253800349426
207.1254703109645
203.8181993197105
167.3528743293074
189.09407866492833
201.10128353101274
187.6554758635799
181.66677966725118
200.77581678724079
193.38093426751516
215.08648314069563
208.13097105699103
211.42792825507837
234.6302892736352
169.3506278757846
201.77789612294177
171.67448579791056
167.85227237991793
165.96869682568064
153.2099175492887
173.8122961153321
159.50593354167276
178.63546024768243
174.37668478250558
160.56289450729463
152.98737283377622
155.94015801591277
192.96377147401137
177.91820091438484
179.45068083971108
179.53299838623204
181.33373335074162
192.5639502059584
204.8435969406281
212.26005350491923
248.6022711309947
236.50462724388302
234.86176542616494
201.95773844643324
213.16728706070094
205.5220978416917
201.41877475195946
218.35557213890044
224.92481666554167
197.49591036085053
210.30033184618964
230.36278065390385
216.008802580934
211.66815861296772
153.87871059014668
172.01727099336122
212.75661891768067
222.92991493011397
243.80190052174814
228.05635064469274
212.10789627137632
180.21297745547872
215.62230281869083
197.60819034705804
197.2448953957062
160.4684431396016
202.23054547735055
204.55958219521085
198.0761662003043
185.7305814347554
188.04838687067198
175.9659343264794
185.54289401103168
185.4445406971522
179.3756309037832
163.87207388794792
178.45636575260752
186.00206135400066
181.10025382296223
175.85317138279072
205.87692850149932
198.33338210295733
207.15551377717645
204.35149518575633
167.644193558613
183.40373996260638
155.7620618828423
164.6165609050968
142.77447576845879
142.10260695487466
118.89907422852662
125.138826546799
102.5136616477415
125.01858752499264
128.92233988252968
129.57487977091037
125.2035282685643
123.71506867097138
127.20018002903942
124.52504080723097
140.27926614324812
141.26218570533186
162.31334371029436
139.5834908481426
127.8610985528141
126.50339385346909
150.88411628154137
159.75926846759134
136.0067668654165
139.33578039608236
151.3665032418072
130.86908718969488
149.45126555703365
184.2581124090101
169.2781277988782
165.60945530794254
136.2005696992407
144.82630084072323
150.3603875341945
156.18922787375803
160.46575685217834
163.8486353281068
137.72486060170186
128.40262292894533
129.10336791318485
108.41498855734419
114.37604129692184
114.74170278030165
117.73745586477739
124.12870450495457
153.25216462638505
148.44818198822492
148.71723139342484
134.20119985548465
133.45931689632852
131.80747911786978
133.30499229021243
130.8320104013254
136.6396305522784
113.57528064208923
100.82490797678908
95.4733320589362
105.57851030875496
115.43346109801988
110.53443660136169
111.23918166363369
125.43278799291053
139.77818194513566
131.31968564610096
159.10528396419065
150.00422001320376
129.93109114243137
119.15924745861662
114.68590830985532
164.1784615889523
165.47505497824807
164.9277700962239
135.4083103256458
135.51017919239683
115.66468469943175
139.80929753851524
136.80934497387793
133.8940350980567
159.54210241217623
120.6237822021781
156.3581508977095
149.42025754058886
143.49202788578515
166.97897127180383
145.82559216590565
168.00905468291705
165.50382609996274
145.44259067829012
173.45765983549234
154.73430536525686
140.36902280179203
125.60298061862164
126.48386982109453
157.72156397745286
153.16574761395722
149.8443761263233
137.96375638690367
120.68618928391224
123.59376880756402
143.48077028875787
164.01454384221054
131.13032808589554
165.71351034761872
150.42572440676705
180.05431316071636
169.33087831698157
179.32901956731354
171.51759342773047
152.81668754112962
147.4390734882048
139.16237534938153
140.3736751964636
133.70328214717682
138.03209216192235
123.18561223163661
132.8809110490492
159.24933239523313
149.0824018186571
139.69038615097784
138.94810646875578
108.54065131051753
84.82498379718596
130.33254666253822
75.68139796237445
118.74673242110407
115.9060520320072
124.56192166308307
113.03015281243506
102.297993913109
101.37599862507128
99.09613593586087
104.19327892375719
101.23469471441804
82.35024709588058
80.51130670258276
105.6133262567944
85.5732569978462
121.34498893030604
130.69975193134678
138.76710246504675
137.5172339733528
115.51155111331352
115.52686677811771
144.9946861296036
147.39400750706824
135.29993665157602
125.19094951178126
148.06231800371853
182.11314533070154
136.99664390612523
128.86932475851688
158.7961064481648
138.42824187370337
126.33948753242974
133.40940759610876
127.55756468708327
89.62468814834982
85.03951789185021
108.52941462236109
108.83962201366796
99.08295975128912
108.12632307918533
83.6820755412617
105.22292837392658
119.27962244152812
110.58753571236231
112.1775579627555
106.64572151693828
86.80040450726925
108.76716954052671
84.27471525109902
104.5463064625503
112.5285707073881
111.22887929221798
138.45584062012318
126.93031504203597
124.18837510829968
119.68299812276938
125.84572116424255
99.75584598325763
97.75575566113196
106.53606058893823
99.14104211445225
89.77242994151312
98.55958156464733
103.98796236450326
102.94421959226433
92.59797495304396
112.90170176211566
116.79127531149673
123.54791542534838
156.96261962613468
135.08209945105568
135.52283797755064
144.80648560067473
144.61361820420905
129.81037881094767
119.87458614557353
106.99377224822591
119.53130383311793
112.96673113930305
90.08276496283122
66.49215126720513
102.301139319916
78.59159272711645
105.26861597624452
98.10755066093328
99.03297167752886
80.28629797462072
92.79613385650384
80.11705995141637
95.13723883381296
80.04409162583352
104.5215527064442
129.42373111141308
119.8340241619696
121.59143326690263
128.87178331523924
103.36130091893565
99.40895917115199
99.01807455263605
78.15722000258174
98.11657462484729
98.89671425828496
108.1019265087271
131.7233760195802
127.27129499561363
126.1019559850945
138.20571124780963
109.5485693764051
83.25511085351143
107.25221031455246
112.32273523089164
85.58562593103109
99.11725627159598
102.6456277466991
136.60930566426367
123.07448277666744
127.63717058823951
110.33977148838517
147.32440698375396
123.12864402442166
120.80452908168303
144.01214892674753
113.47536559999652
126.57441790995087
129.7586025871661
127.44261003153193
128.7086489702929
108.0053534198622
119.91664449034059
134.44708878767983
120.71533810526333
146.1886574010984
133.61802733874435
123.82603137493555
97.01432922205372
107.38365057072971
103.47189912682306
130.10001419429076
108.49860116084464
108.79845240214672
91.45155763958654
118.65666591946076
98.03602749559053
111.3573051536933
118.9374192803116
124.65680837801126
115.57991167958752
118.35355974077929
88.03091268377455
101.3603474501909
91.50613886713744
129.54053215273458
99.44788089493464
75.0088332708308
105.0722270469954
119.08048615026212
102.08053389278393
118.59169639951706
94.77709282270595
84.39558275801542
95.20498746252972
100.77752397458615
94.81063749442367
115.53061853893716
107.37697413740726
112.24354681454133
97.75968509395642
124.19001504734302
128.75149067664734
107.25789402169853
128.05014938960113
108.98496977661948
123.06222226729503
139.11391592078024
155.42255036937223
141.90177311701768
150.09756400695872
146.5220215866246
142.31965054606187
144.26773356589626
163.53221015268778
139.90551808590482
183.99366060798673
161.503180110764
156.94204153345765
161.74358753930355
159.72614477505078
163.99178216974568
165.72659238928844
177.81829251456867
181.9345179212503
186.84099987276954
164.5744625593375
218.2411326712031
177.0583694257752
236.6554533839573
219.13447340848725
200.16054579176566
232.95237263858448
191.37873581816334
197.46526927411878
200.2471178940709
213.75554842494668
216.78537820947986
211.35713275294248
244.49855274449718
216.93105736528912
207.29707555872346
229.65872503100485
191.25235197330943
196.79241073914812
200.4126673499627
193.84502843536478
174.04009420495336
187.33846655653437
203.83561160136344
205.5266717889769
166.5512941686096
206.94647744283145
175.58370096651362
195.12207009173696
186.5193877939088
188.50318982522353
174.77961369090588
143.74227461834334
121.3359810221122
122.79544932072434
109.17562478991564
123.62902004193369
103.53601249531009
90.10401674253353
93.00183625203479
99.30379396532933
83.71004139150088
107.06667100045792
107.76550520413184
91.74478948119558
84.62570336593653
91.02860845607783
104.50545262567518
79.55331303210707
69.62508687249371
80.46767190643845
86.94322963043439
68.7475751208602
76.1937593741021
97.10023154830327
98.25203537720537
86.47595294667845
107.4539642379224
107.80368903652672
105.96532428709166
99.76230157213084
107.75958709774038
114.69500666999366
92.95643687938863
101.12290174316124
94.29643497704527
122.24675999163186
90.38250165698742
126.39957020949831
99.06708275805319
57.99568751042307
112.32555788056357
113.37812212466936
89.23344535934442
103.86627906415785
127.79013690628996
118.1158012213059
115.51692925583463
135.7162323538557
126.38651847613794
104.14625143786067
142.08360702967303
116.75663811114138
120.78832455134514
146.9876472593371
124.14796148676353
141.85835436955162
139.19297407983186
114.06777091105988
142.9715684922656
131.24942153352802
138.78869859333903
142.69583285668898
144.22233415469915
127.59492807333768
105.37046290675663
93.80152768608741
87.0671352673178
94.93519705864642
122.44045527630273
135.02792939687592
124.71667178932749
121.2521644626626
84.4448990164133
124.82091906355495
122.46402828724983
108.486851163692
108.81725368940276
125.38961197632338
118.82968445816913
110.13560840920802
127.03234808475857
115.58571235401362
102.05415521111307
108.89818747636113
73.84939535780185
87.45723710701088
100.71613591326204
87.47990700257155
112.28105223425204
103.02165094669208
116.49669493273913
101.29312242343494
108.53785846967928
84.6951343617494
90.19483454864475
95.11186145712038
85.78580365587106
114.58521489092718
110.21709608063574
111.45292000779237
109.64183388381495
132.31076850304686
131.60815307680366
169.1493827559193
146.04719075613062
111.40020591696972
106.3839972148225
106.6950353672586
108.43516896527487
107.14263269558789
131.93252559170492
114.86173530235922
146.71048953240827
106.75570167063944
120.28794140393782
96.84529484202162
96.513703367007
77.33355104293118
104.52965278520679
121.06853282263779
114.8056689138064
112.27549493619507
105.85973749452711
124.32732885675316
99.26756972543178
116.04438476671415
118.94079407767035
120.01492237079147
106.2664703937192
117.92557092434669
122.33666994807523
112.7554144625399
86.62731108061175
95.88632654300487
109.39651197933675
106.40621796683303
121.8698370713002
127.91064664573331
108.25365739956004
101.11538296175175
120.021393639411
102.94713523823371
109.79971053366489
139.46406913474365
115.58697632485436
133.0335296157861
123.29728237093227
101.01260239805013
116.31551936566879
97.82724848874474
100.49413600456283
113.12201344649013
86.38205955947177
98.95205483251138
117.21767460496281
111.17872732596146
121.3803538271202
141.99771085299102
122.1045479290095
144.00066340900386
134.35912120454037
165.19585202556067
159.69085154545323
173.72747772790726
165.83755125040662
169.81343639405023
162.76168984007478
161.86095112936783
155.8035812444229
163.8003656582121
185.2792591147417
160.99847428393312
169.66510132362825
151.64507699123035
194.86676186902358
191.61222544975766
197.68001713842642
185.00088685641515
179.8180634072832
193.2756299581504
171.46525877793528
152.19312997372825
163.87161500912094
160.67820961132787
146.77438619883807
123.03686214597589
134.18388219993997
135.95488767003167
142.84291911574712
119.54969497785517
120.6738292505556
133.4045789756498
132.0682596671583
122.4590037625095
116.13480452644816
119.53738890880808
117.7945557657374
129.72403464915112
103.73705051938104
122.04402718837741
136.51610154521174
118.40875324260269
96.546994391479
134.5604182478094
114.0473328492094
130.01350026905908
141.60205999075112
121.83703969011668
118.71022504606903
143.97144289322839
107.48824514512883
109.5535178134725
120.8163433091545
112.99354038388476
118.86396787907219
100.19608715203024
104.52511117417635
105.91911764937873
108.72974332321137
114.41638140630653
93.54512731784273
104.82732763648862
94.60680672839354
83.82014767104401
113.68057241465377
105.94716570654647
109.2713493042905
108.71802424592167
81.1692152988105
79.83662956041866
98.7964636714004
104.3826951744316
120.48505832231979
106.78061435938682
124.14289498988228
125.06947994111275
102.5319058714385
141.84982380296927
117.89582561988672
122.31929515971353
124.68265465762346
137.91521071428556
154.61367718997337
149.41053181719622
143.59092511292477
170.876042654824
149.6880843804323
134.89423899679983
129.58023569363993
121.03698380088696
112.46074390620771
150.57733182038646
117.40193369668809
128.16790674271965
109.73706373587308
115.21004241592553
126.27411015125898
115.02295711419305
104.87578459349888
106.82742628507921
81.27937960573402
108.59125210930497
88.64375699181852
110.14326486845762
137.436305370832
140.31003130937208
138.89202458356553
156.43235363107954
140.34169099592293
150.02152607091728
119.16353960111313
147.61717989840795
131.85505945290987
142.99592881184483
123.64642689049865
137.58841265030685
103.01915621369386
125.83267699190482
120.7953204973616
116.95639836735359
128.27028152100428
113.75183835635725
130.6787531563003
136.84446621954385
165.10630953607833
166.41907657346266
157.61096183709856
167.2860034266023
168.28509055621134
162.36407602666904
136.4124544033146
158.80807499473474
183.74752452221807
218.9182410446485
242.1354136853152
230.42828659403278
227.5568074644361
240.87101742456136
232.15828774918415
172.28600002310378
158.3840124583162
134.63572513400408
173.73800058737066
180.39883927572538
197.7763307537541
185.81704658238445
201.11182211914246
172.02904743631194
146.49745457274145
160.12011147229492
150.7521866193505
150.1468772157651
141.90593317950749
156.48505317915428
159.9113463977142
164.05096923455895
169.70503221996938
155.7166544452431
143.14022989056932
127.82880843115426
128.96047661646816
136.74134603550505
161.04587965447433
159.3668947371361
184.58632997478924
176.64356523620108
207.71474737042232
195.21320392489034
169.9453570721054
178.69689534009905
202.52548573050126
198.7374560191226
181.8096989472883
202.45059078385862
181.13066177333587
201.8790602816304
184.14078972797213
223.15802220481027
209.44630480046467
214.1856404707383
204.1959316002422
183.18057955941998
159.8058404099683
175.7070584914376
194.4994666660234
192.1880073776385
190.80613489959842
184.37933261517952
177.65396922286746
203.13249733027052
218.4929005649467
181.14248217421567
180.6749527332357
147.56093798726891
142.22903995595524
150.39202832902654
145.03788311831536
158.90047574319138
128.61615035166588
133.7636238883185
148.35746956378992
130.39074413737916
140.9361167691831
145.47022216808134
128.35156114784886
139.88669451678254
127.96188381125202
114.06294056009057
153.58154375612017
121.69558722076407
137.4122269984494
131.5158002307014
151.9653815963489
144.40861440613213
161.42742851512736
137.1396523441291
165.50938649818258
194.87890291789188
191.69790961722055
178.01604967547527
204.32213799943509
159.74878974882876
200.95480193063406
208.2326243050353
202.40799818016643
197.30553335233805
200.75230624353375
184.08447569143152
173.8058668888069
168.2555249403508
160.76905258961577
141.96245760590728
142.67696602517157
147.53494969681057
155.22641666848276
125.99347003686769
152.83605599914915
148.14368885634593
157.81810428295907
163.58980211351405
164.69062331943886
166.69393538995934
141.1388351436179
194.44241705859804
186.65990723238025
201.75880964172742
182.88198270970182
201.83098062598816
197.02409330428316
202.87199270410116
177.73389572681998
169.2456793419151
177.3988698854231
193.77921782036375
179.18447296721732
187.60293226826775
181.5056603355352
190.04637941387375
177.78248620348523
159.41369811061918
187.38658000810943
174.79804225626032
168.22641533538277
131.17733114628365
158.66610002373585
127.88433464072656
129.71155023427883
150.8815573546664
147.92300159894725
150.64066145995918
122.1946204652654
131.7202012207887
150.57719228261334
163.0694063241001
157.84834465098245
101.31527130444736
123.93850795811157
128.42301478902874
129.18397704336957
104.47883186635515
120.33258956154855
114.22438842205813
91.29936140810116
96.67760907666631
87.67765249653685
104.12605878525628
96.36068626255592
115.23098652622123
93.45834697349633
117.42533915903603
106.28307725597135
115.25168586083804
134.21707864490858
113.9561535645154
112.94097948109551
124.30712369281872
150.41095626513774
164.5990576283498
130.19391586113608
113.30413708018045
126.63453767240637
145.41231388036957
127.5732541036042
130.79450518723348
138.1154073066011
137.94256388016856
145.4290255500175
138.1709800357446
135.78163176818953
141.7700263675277
154.2267841947772
171.37150914356627
193.08990638136623
182.24790872527848
167.21032278330952
171.8307726680741
146.8671835215361
138.73393920380877
165.60023104422766
141.57365291908835
152.52831044264744
153.32536016377574
157.16528049539315
158.1828094540134
157.58767176567565
148.41461609479927
133.2012311759846
123.34469144345023
97.65647494236111
135.11771692337163
79.36351192305466
122.16926715986494
102.89355584048319
114.92798820359702
130.95601141785758
118.71565645265179
128.63469000482135
128.23237187341448
111.993589859191
128.26124631906708
128.55225465799313
111.84803896227562
109.94342129814376
101.03056100717592
112.69460097969962
94.49822770430609
106.83158768412017
101.0240350261299
102.39078753276384
122.58173039549544
104.78557047732204
132.49523110464958
136.10646068289836
145.7593115423807
119.85053863611519
110.5664625062935
129.88695579053802
100.15506448184424
102.65260097172401
112.29592921183439
119.19753484859598
117.92523176780884
104.64475347684272
110.32506301115926
121.03440518498051
137.86345784377428
142.35805231245297
146.80322417266953
157.94113523470804
150.29932963825203
173.08556248037726
135.62062034912663
149.24086704648914
147.62391629860443
134.27910881304422
128.64635361165347
151.49078069452622
171.2555896953477
158.72007683512115
161.9615720151667
161.5981861618647
180.6567169701909
164.8200425742977
187.69461466669486
151.17632219996733
150.36288217899718
179.39949610549954
155.61105118980856
189.72658670844714
169.91592490497615
197.12764901383335
192.52230621673255
199.64933297989953
199.6242078183543
207.57098340691525
214.91678282221193
207.94854485572648
220.80805153010365
210.8416874445227
175.70848054229123
190.38160447735407
176.68049920761888
191.11013034014994
173.0759525256966
196.561009342743
194.09519214876727
173.77350033593072
161.59454396771952
182.96112640442928
185.33597477694957
187.4529131025489
168.13175225758752
174.7739428654577
137.70569050905544
203.08437244341488
223.10045930493374
200.67545504091655
219.5001352760166
214.3123013468251
184.30699066244492
201.51174762835225
199.65028048412455
206.83953502556736
203.2729989964194
195.12480569938472
211.3695687363911
191.80604175551542
187.23703898017519
202.63006106577305
230.30985926647452
250.7772039986851
245.51351991767842
252.3114054091915
235.75350836975065
253.14525962411798
237.77764878552273
238.1091173082812
244.0831794226943
178.06754556272065
247.03674165074662
236.38473166742347
218.15198040741288
256.4013498226869
282.917121050677
277.35662400600177
253.72696044148245
266.519058927883
280.40157990349934
241.96699385965957
228.3315481851915
251.56523328514024
227.4495710905805
250.28581968619395
236.5251396640558
244.90232731464718
243.61047780033914
291.2934147752283
255.72611803258607
236.57558762124074
204.79092086269134
226.30117556908556
235.37328523516211
222.97586944677872
246.21455080564226
200.96829128921146
224.1023359402997
197.63515631861316
228.79929114336775
217.01368050594715
193.91053463932298
196.14123426622257
219.1108528109589
218.39607220705602
211.77575804843664
200.7658089537928
232.3398645211544
211.70927123932483
216.07016406515658
193.92537074316408
225.64151471881135
206.15349829254117
215.1354391082094
220.32047442595564
208.871136895565
204.57266164779426
204.26935740329617
211.44613533501365
230.9768153530235
256.9715160604564
205.2700648626277
244.90268447805224
269.53191890960926
246.78677265868455
249.8726450857651
258.3694039273689
233.51659328991096
237.2495735599701
213.8926724714877
210.82576093056448
191.1718615295967
221.42513057341088
237.9766454510526
246.95909015404777
197.87689697620823
245.9231200935017
203.12483917186296
225.49366291123917
239.05220985400234
187.75610125126667
255.59387044872855
241.51383708676977
267.96026061664486
232.10978266849932
221.94698064484132
239.34564353354637
223.09675549043362
217.68419761999596
208.61105781952935
220.23747117511118
201.32127045369262
232.92651272783505
199.88494575522824
212.9834253600667
221.35742688703948
214.197637741748
226.77530489174686
235.196964693233
248.1296401191989
242.4470111594652
225.15749670024667
197.29373796091116
212.2071490143239
204.81001130166374
230.4726950530292
239.296749326499
195.01647358725103
216.4129862319251
195.80137683002621
194.67130064463072
210.37001635284147
199.32018148800412
218.35876580264187
212.8519687102763
221.47536892816137
209.71937083791806
213.92812846842057
224.02403586644627
223.72737246446172
225.75077707141588
206.35444586849067
229.6427285040271
239.314037005383
215.33616092168236
189.36995183629648
175.077075367966
175.37318559291148
175.71567176938825
175.68733905020747
173.8891201651044
158.96105681979532
168.21304620751306
143.45330582735593
132.25725223292898
150.9874792877464
163.2023840674531
175.39799376375635
189.73363401314006
223.04969919234537
177.69030300993484
166.73213590258905
154.635905497754
164.13559229759147
153.55014266937053
110.22212358115041
115.784778510533
137.74511822858298
130.7671287817892
110.51202226074389
112.52748449363997
113.31995533690636
117.73379225673692
100.90053120792872
90.69492598663538
88.08467438677536
98.95246673556609
96.82261777653498
93.96760693666451
109.6562811563634
111.40600313797187
106.86220608926561
100.28898238871056
116.62229734675292
98.23368941589604
94.08293192656775
97.53314486139767
119.77624085440043
110.4617218313985
105.32214670096377
104.12750346768352
124.7026783589748
115.32289494945587
104.51308906251612
109.80200544150969
110.34779343510239
81.4166314431647
113.77564049254167
95.7445566470038
143.88739097143946
105.78633507202116
121.87224818877557
117.64397415840425
133.38123979367865
128.15567372382256
114.78680962515259
119.60976682220293
102.70069633714611
100.62666538622493
113.17393481824597
116.31699855774337
122.64363530435728
158.36963328267174
143.99223755200023
144.7081058932387
128.91152152777195
95.03446991347141
123.69067808350897
132.90268837586945
126.91324936872591
138.5610690925937
148.54203665173878
158.48276397955726
146.56990048651784
148.2148181724578
135.95298962682688
157.61886572094852
115.67614261992608
144.22390587339171
187.220128008195
160.3039494203867
153.2496457176221
160.8249773137879
151.84886419876668
180.22629018457576
154.50188324731894
122.83148486250941
138.59693126680753
143.024963886377
117.87158859919475
127.58241627418236
135.2191106154088
132.70145270593875
146.14297334615813
126.82397731496428
131.42995949109627
150.74716223221407
155.5066718709683
133.32150876840007
123.27728604234909
113.64372468892064
114.32435486929722
117.80365173573465
108.19951903349364
135.8935904314666
113.44190003535613
146.0833025149398
131.61776751149762
136.5516634129261
150.74759361437953
157.59604529675656
163.89162974023526
176.2980644949403
186.17396099168576
181.9352145243993
173.67123739498615
180.177413022807
159.03554211017166
130.71041944182633
176.62813856542581
174.2913196418304
191.48534368204383
195.09038806505566
166.4956513891699
163.95364011404527
146.9762383798982
154.06897091572657
178.38218668568948
186.01660397399223
172.57392590566067
201.90649929938644
189.29819897138498
161.8534575595721
183.74374695211174
163.01882437209005
196.5922947989674
196.957621886854
198.78447396515014
193.3157182733693
195.44664444178807
182.9230060277808
209.45920048994168
183.2256495009041
182.48673540576686
177.32828953240534
178.49326177018213
166.69097690195434
169.1593474431338
151.46485420546904
139.81804108913542
133.0412848531549
117.24919764931838
132.32938514716625
133.5375146766445
125.26311061678408
139.86330819004792
157.0846811692073
146.67531068496407
158.65394023514415
153.95610928884352
164.34935680456064
169.65224941411708
170.97965455772334
171.3872816776831
190.0159272798431
155.98870300633143
167.29453206615153
130.94504808496703
150.97728005105176
168.14977308088334
136.8829499281779
168.06484846283212
161.73364025064257
149.51054711058484
161.43601199821754
158.86307774782915
166.0835544441916
176.56832282986431
194.5756918400786
176.45238078109938
170.74848063847935
164.0878037259206
155.9957319407685
167.25656743205008
191.4885974375425
173.46801413706024
178.97126917978363
179.20209372491811
179.5580780353477
197.44602342554555
198.11702044585596
196.21352585548036
221.44806261148963
198.4828894053115
239.46071164770112
218.23800045757434
218.26452605765516
213.30015513839274
232.2872951047056
184.40226224442702
229.68661652775708
251.25117105939927
231.04389247089892
251.9498021550717
236.37988408250257
247.99607576022999
235.19056090628277
243.32963526516212
222.08339979835776
226.4103366897441
224.7858857633006
203.67632214631536
161.2936351816106
164.1532470475629
185.45042067104825
170.5678625230913
153.60317893426316
159.4248420586937
123.17775762577395
123.20181085771553
135.6223699022856
119.72670941459351
121.31960743445667
115.82091403729751
89.28907933581189
109.25852793348304
121.35814979255855
127.0569247308075
114.65016687357627
113.03312386044401
93.40044631254298
118.43401574660794
106.90137586413337
102.80624519651575
116.22435077784915
136.52807316699995
133.19206842090702
133.53403077566475
128.25632068466197
128.9728334935858
115.97390993676726
125.48103159561377
115.68205485063534
121.5990645132294
107.33976054920655
96.48964394322587
93.15790406380715
105.31629664070125
121.56268507481143
142.57542150342587
125.85865866325454
152.79585489886142
156.91789202849932
138.9154209117595
155.36624187172907
151.5699714600773
159.20250299926195
151.8585254933348
173.51409808669885
139.40138666881836
190.120765605759
154.28389469381224
152.0209641221705
139.13027391905408
143.65577192434813
126.86602462442838
132.67257229789456
115.8077974245943
104.21795441547239
101.6143034580723
142.07543438976427
117.44659005254398
118.55001274201254
115.08174719655521
114.70002432696097
127.08577761259222
141.70004417974025
135.89891505995664
150.81118738211092
135.72060179991024
141.21861603920993
130.13762994145534
149.88620916749585
138.82996131463565
141.1738442464
151.13058880683255
125.11373921048613
118.64762593788319
120.62422636644682
107.74394187880718
118.52032404807463
125.8376347823473
141.57824610581136
152.2505463154738
136.92845668632694
130.94266941672234
140.51650515885964
126.3423920741924
133.06460987074692
108.55028486548292
118.9910107074019
119.78172244418374
94.98392420199262
116.42324757811187
102.06104968943865
114.94653603477715
96.05555170781889
117.88143547238576
109.57086734104628
121.13141030758649
118.07864449195206
122.1829104105558
120.84114065657849
118.60596441667809
131.23469812167602
156.64205215335238
138.98788604531907
140.6776351203337
135.8902429304429
109.21019420911966
116.15805005716712
120.58498166843621
127.87792486924364
146.1836796501495
119.66978143437784
113.8377131989287
126.4030960090032
143.5479733288714
133.10152503796834
151.3127424278339
122.65003905676389
150.9417584568978
128.23649678855713
138.95819995484067
116.90167562699553
173.0721893358993
151.91732703396923
132.44397678684885
147.21447119156696
121.51338218301342
126.77108947150255
132.5684972176292
111.78009884330365
134.10971593653298
150.08068376254442
153.03756052178667
157.43969878840875
144.59079927386
126.98755827528531
153.48447542078836
155.37105475158657
132.16215762540642
130.0108285931083
140.38871388771284
124.31089472258138
133.67743548866548
122.98210799960744
137.0486847803405
155.8923516480141
140.61450346634243
166.8611244799312
177.6758753952723
163.20251958816974
151.44506997457256
150.52513167982926
157.02711766718454
172.8881166360049
194.85876490413975
161.2382832477023
160.50024084353555
168.09458595304233
160.3642355289668
157.30914198239162
165.5587194180046
180.54815046328093
178.67923991342434
188.0935241328103
204.00359585720966
216.73267966909611
215.48478034982088
217.7236701180288
212.89588241198686
235.79540012130747
266.76290227600555
237.47051228688989
236.72807404500537
230.98190522983967
220.36126579957914
217.13132722645585
205.163102439663
173.40243396901383
182.81011885466748
204.13957295096284
188.04268347522648
203.30717392328214
193.04553339642058
177.86898199901702
219.8302981726957
212.52932882139342
224.70270762797827
194.80654507860237
192.6326352474013
222.96284136332358
242.6089653159654
237.8997501785161
232.05301114177664
245.60583100022671
249.46913014639253
255.52138617278183
247.679876658505
245.82228566680564
282.969760752787
250.7935560707342
242.85057398588899
241.465128323495
247.65969334253256
251.9989668463699
269.67815524516
284.61946381438423
230.84092420306135
236.66884150666104
223.42827513561286
244.12531155735766
252.50063523428165
254.35267882974853
244.18334038715213
257.4017888627997
258.33025189700817
290.51061279914825
270.1647100696024
281.2403568013667
252.32720543804487
252.85616209645974
283.44143898351416
288.6938847289315
274.39120701625313
272.00312747336403
273.2193404709782
275.56057738166874
289.5196671669546
289.64351826185055
287.522655193778
277.67731609890564
270.58919900848986
273.47080725404936
272.5639341133142
246.07081159921887
253.41943657645064
264.93715674215
273.8947031793053
282.9318644658625
269.235111180873
261.53112573480513
248.5059016766689
260.6828935233304
270.5605837220259
273.8410492529425
277.9402667362228
270.7519314557818
269.87081869770407
276.47911605403675
287.00093123403764
286.7844960654388
285.48526350811125
282.11594797654595
269.96244319627385
260.2190899742524
267.6404533693509
268.75248432824594
278.6818523988261
288.91781111988826
289.29965025677797
279.366217249133
268.40655376051467
275.9550658822914
279.1969270702877
286.59007778915975
276.76755939660603
273.3864071545858
279.0035163528579
282.6250458073652
275.4546894922894
279.447556067509
284.85573821965
288.1402943222252
292.41127848693264
279.51933439683563
283.77267079461524
269.732569274292
289.9853277841733
283.686084205176
268.79516215462434
290.486128707547
288.2262686666244
291.68955784751046
284.35849581081203
285.41610073288587
297.99800355911424
284.6442135407681
283.12755084559575
301.5878082218885
275.1514546873407
274.2525630523992
257.52339731538444
303.24170499842336
274.26543165934004
272.8100680864873
276.2642212302233
274.20892292261044
269.6084041403664
281.1412264757423
289.3210919671245
279.8352366792682
285.13645742053075
262.73772014304694
269.3898616142472
270.27394329879445
244.54715020892345
274.3214102208454
254.17076926513806
223.70035672302058
272.55656305641025
259.06308908845773
244.3263295829702
282.3558117116595
247.13997319342428
273.08202013287803
265.3344584414879
245.55728996741644
233.99515608367273
230.89635502791117
220.65326105427928
187.70577116358166
204.6353036555342
213.45533179301802
202.98134160304753
204.5763958405599
196.1601221140268
180.44427426337418
182.15172258841127
209.82950057564847
219.9471276683086
186.84106998701006
235.22426085791528
251.10584799062374
244.90302093220646
231.60373989976762
205.12574361510565
248.53408495368393
241.28858965488698
256.00650860817103
250.5573851587235
270.6532285027639
271.6325726617481
290.1510217785977
279.24880452070744
286.0554735352478
282.4647854241982
290.41529928554996
275.5600545575706
277.2261860821686
274.8672745173755
277.1727828557105
273.01864891423975
276.96292085953013
279.0440929588941
268.31187386001227
279.04103768690163
290.8672467403788
281.2518123513112
279.0209180163409
289.13233613076306
275.2647701661498
277.7605056567858
287.57139208636664
287.879324215611
282.6933509844506
292.284247889966
283.6243609177972
280.14883807245855
282.3335272908198
282.4258720523609
276.4528619255222
278.0069423436198
271.2906394116912
260.83161185074874
276.7866641451872
268.9189629948638
269.79027149504543
283.9228817009893
258.7613854870763
282.16548701733063
279.2629763932134
257.8993642901001
283.5549558023194
270.82949219993935
282.64470391358503
294.93385673125687
298.82714799979726
290.45480799295086
283.2782413018721
294.805373945877
285.80485026723085
275.7337666408494
290.4859482314056
291.7797148472121
294.68913007359214
274.4752185714661
287.0615322301278
285.0742810079179
275.4405922970284
280.59833126765636
262.9212390981238
281.4578301631436
289.49462819451037
288.18184918108824
286.958926774265
280.12072934264125
273.0189897205511
253.40915975333192
226.61165540375484
234.0596973253499
259.3328589837963
213.16369530936163
260.9604623873682
249.37190039815167
211.92832658534104
242.6807108185145
263.5241980281763
277.42601548954605
293.0471365797391
270.92468850231415
264.8190592698056
222.82462537349474
197.22104611520265
215.17483273566174
209.00514822977578
231.1741426276829
232.23043520480962
202.69787836814146
197.6272426860269
188.38282151084806
201.3324740999466
162.25518667669277
179.26493770222717
160.66971362436738
172.32909429649084
146.13185707659048
155.49592880185793
155.7659440856798
117.99150743872492
160.08879149415432
143.41620116555399
119.01031968606821
111.06187894653323
129.67172211595454
143.69553094188697
124.58885647868071
105.20085407711288
88.43782857291824
106.71086654896237
86.79732432836252
102.63355604719894
93.6777161436339
107.95153723190762
111.21461382664832
93.37304480066298
107.92976771698235
119.00576057643146
131.10422225707055
101.99848698732956
122.670388774743
97.58575883502616
89.55847198409613
112.23834038857221
92.2793177011571
101.39552585886042
104.9980563770216
113.52881244248394
114.8187850829444
116.88965378725153
119.74747997544941
114.35525581082851
117.9366821182446
84.04851782987502
130.77991692940958
121.10841130917247
138.05085073663363
101.27163086039984
118.61817624417147
119.55571993311312
111.93651986537533
95.22980029821552
126.337546681247
117.07093842712192
120.18124704362809
92.57231303967409
110.43650725047071
138.992254363821
114.26230456025434
133.000788612093
139.7092266055175
159.75011073466322
153.65942023874783
170.82394039910145
175.54743297793854
152.06458056625635
140.98363673912039
125.06471588924703
122.99751411902953
108.07962904207538
132.44035101467944
131.54941727986002
144.36873499265036
163.2744674767323
140.79805350160626
156.85287620417148
140.6699896237977
156.5226141930802
154.6155542715467
164.71263529136175
164.78501654699826
180.42311668473934
163.4640146732802
198.10949054724526
186.98744658646257
196.95332741257778
184.57242620995095
193.5292506253596
175.21646559601524
179.71001128099292
187.59623252009263
166.137178596321
164.44267111813826
157.82758299324354
164.56046438973064
139.1354381101046
114.28086879357417
134.80050680085796
127.8265809184618
153.7960219201954
162.95554433334397
139.46842108511112
163.8562243817465
171.26972129147458
144.85291561716872
156.73965251595405
162.27189378338647
164.05559977212107
149.2739220519507
179.00060830987425
199.40576604916527
189.05202044003988
166.25658007702089
177.5779457295281
175.47885254592774
162.7906361213229
189.38620292081526
166.35954202524127
188.08052125929657
191.3254163709459
177.1098315143705
160.673571704393
160.8596381677328
182.18445554062117
209.15199292322842
201.65367016605276
224.4669495025124
206.74413671037286
201.1156911728046
174.09802874129727
197.10525818151828
173.49748529939077
170.83876991924208
167.99556683825864
182.91692068996346
179.77028682996132
147.51403221341386
143.62859238387082
149.35051928876754
132.4006421772481
136.35780135439248
138.8836452290555
132.5490726248048
138.55923685208026
151.20127992742874
139.36781906823038
163.11231957888162
166.05349472586263
143.6529982246834
136.39989657334095
121.21762149311508
122.51894233768701
149.0954442115597
171.69093093852507
161.5911255686029
133.3337111611701
156.6366005115566
154.05798707368922
153.52251654321344
127.49896118468327
137.9380134880322
148.06533888137704
136.63019652505824
140.52864695572552
141.10591863665218
122.98758134462436
139.45111251965628
131.0012194299776
127.5084929617745
157.05149634847947
134.6778645055693
126.46660910482983
122.05888778415053
132.5104244047612
120.01840380862018
147.4876858758089
110.64757349965029
106.86975869415326
97.34056691305857
128.89799417450692
101.1805497977262
117.70191998870446
106.84760038801338
121.97881194294662
131.71168113972456
125.27278489803915
126.77311168286012
159.1706268952145
149.63239106315558
158.1383851492107
161.3323063543621
179.17110420844156
166.5702692324165
181.24576581644047
154.14428424968318
184.41052412943708
173.45209974262636
143.96349317472658
190.16232410965958
180.5831347912129
161.10042710824348
158.6512824205038
153.04740324939183
153.42091571265513
167.2109432829299
179.34235712690798
187.20777133701907
178.36384851341185
212.4669650177018
206.97153347229604
224.83325512149807
233.66634112313346
228.79514728572133
239.71702488119755
240.42395816186846
279.81005515087827
260.2255695924511
269.5225492045361
276.7931601389986
218.88871361018204
223.87231152892394
239.91238280331976
221.16741703061618
254.4448247413014
260.22323919198993
241.46797886326473
250.78239789783674
230.29038704279688
231.6689587222579
232.19573072101977
212.27488758345052
218.246678499438
217.4913125444329
212.73058939502093
249.14906175611392
240.20650136712956
230.94835246850576
253.97514299404227
238.52298242540317
244.5034021932417
211.7704748851131
226.7696706874784
272.238155579597
232.63094860245582
245.75369971452506
231.8180565726023
247.72160723067435
220.1360875326862
231.49119296278658
258.1747355066841
273.2748041701488
256.6477133989763
249.52066554146
228.2834990227551
247.09201799910943
257.7355932020643
273.02871653699725
243.05596245469303
272.8518083527481
233.10482793308498
269.710976355446
306.85332861532964
284.98307632157133
280.2560529802924
269.03601623775467
266.43267493821975
268.4376809918992
258.86165084443735
274.54838148641903
280.32312327089437
279.55140693301774
300.5639141921113
297.6473374618246
242.27463590396073
279.11078257416915
285.97058190105656
300.82048431378706
304.95017499100885
312.58204458232825
266.09667244158754
295.036973565438
258.16064731972807
265.0551457422429
269.090751786992
273.79775997624773
234.71520680271678
228.35924817501552
260.05450450024887
248.38829376176997
233.61672042443578
199.70115902781353
229.60401495167324
228.29601636088105
214.91957583782778
213.10922055554
234.8455711751419
253.23789465930366
236.2189239203691
246.7454903015156
221.15770349408302
208.40528508921273
222.9267308236541
248.96950537215815
242.79578933633184
257.62621876895344
261.6136983034297
247.94767745117778
277.9075234461865
251.83606310397042
256.84120939175307
275.13851570557154
252.01977138499942
254.38659277604012
264.8707271404854
272.98461692781433
272.73675062063313
238.80497763631283
271.05509700891264
251.2640454757225
262.27110684024547
246.1588675306721
282.9672974370799
285.4381026588411
263.69349789146787
288.821393754041
282.7738643461542
306.60358568582643
278.2556382042122
267.6716941598208
261.280917415393
275.9392356771704
274.74788101634846
264.9876200315662
279.8251134985988
264.0746113689257
287.7210757263437
278.912118759719
286.5844034983431
290.33047261114007
263.13548612059935
251.67958675689414
250.05525554936347
257.6179375652284
240.26957944679168
254.20623734715926
243.13360625870934
263.23963883356896
256.3685721988446
265.6196372074483
253.35754726402274
254.8916999552233
272.82954782505624
272.581973007112
225.51897926558186
256.4866378401713
255.15180757255123
268.248266178733
247.76354708561203
232.06372495306826
251.95809780909082
245.55832553317046
246.00247690690378
250.61642284323344
247.19263631831473
248.38824211957623
256.2268915259508
240.99399705917799
209.3674667973898
243.08699330414626
246.55285298950002
233.7139345915607
246.86488391819572
188.45286847029635
194.75860047498202
224.74501504058838
208.7722240820818
225.88617370945556
244.3734531366476
208.1245706867806
214.6103412436463
231.9801513523694
212.09252679057698
232.2378457379195
229.49317669092346
210.60344306000633
214.01748831203716
231.88739800023092
202.35250697753318
230.39059098671444
207.66939265574428
207.586726163251
194.69694251008312
245.54006216087808
231.12035762306812
252.74991421085164
242.6722190459263
275.44456996044477
280.72633394537166
273.6729103201361
239.49144980149097
270.1540248080855
240.78226716300804
262.1687232641595
275.06385784372213
282.1221289293755
280.53809804369195
273.1401797015901
280.31380799492314
292.7381431759555
275.9537479693309
288.0542457638381
289.3274242658059
284.96067715920884
269.93788061223927
280.3770721817461
292.2469638216173
284.0589182908048
274.61125385557756
271.59875855882854
266.85698325469787
270.842683204948
273.33536456809276
271.31958156291597
275.1838030410009
267.0078759517459
272.2267855076547
267.95767350597436
288.6980482308447
299.60002619333454
284.2191474823674
278.213999619024
280.357223715211
280.4595110018624
292.7514694711277
303.09431079501564
313.79724768523636
295.845183927268
303.9669833460758
302.25706340969333
289.7969025213702
288.76615533141484
281.7622382276898
283.6562462214924
289.6576469206433
294.63265808934153
294.74215656982307
294.86034408524546
290.6836144441176
296.7286930404095
314.2668400642591
298.32263845616257
289.6185885774458
277.1020580807245
294.6093579853518
289.8114806616556
304.79830150987254
323.29446037159045
311.3837580257809
312.4271098195389
310.14625870814297
301.586355878255
305.15798698529414
275.6204335427022
286.11000907473425
285.7513640429014
262.2742446924257
261.2521022593438
271.90719575227087
260.4521899898627
252.7908948622249
249.18893851097474
253.13663821384628
266.40180799132014
281.5830572159731
256.6540549104164
276.3430658290535
283.8007514756788
285.46536166711786
254.22920928998255
242.5782526086243
257.73389918073383
242.9779275197556
231.37292977925708
228.23999170395803
253.53080067768659
239.10115270218742
239.95943173597198
213.51536226625322
213.93830675972413
194.69293355121914
215.31649743271072
223.15123352663568
208.51623026434106
213.06024441278433
223.28855993973227
201.79436505595086
209.43471241332782
234.9969832588099
218.733272504223
256.74528810387244
265.9361736550032
251.3883603771276
288.40655592111574
262.58679926851704
286.73873921829346
240.29144653456035
287.7272270757516
263.5131768186385
261.9639943882035
252.37997548514585
278.419086890661
253.34644724910208
283.3194180375285
287.2854936027054
276.7731627432364
252.85248774761794
260.2591378341457
233.5150612170353
264.5667202680123
267.580940745327
287.07601245017526
286.5116776309669
294.8378038854332
270.2136247024114
268.902893446798
280.70835806125075
293.7777601714731
287.65567604038245
302.31557614465225
299.8574970972395
281.57954137944563
285.7609392152973
265.5766132476594
282.3639037849676
276.197938591641
285.54686832870834
287.2826191486134
285.7376846577728
304.55589042360424
292.5778154546061
269.63115235420287
283.2847686473702
282.5537817304596
277.9961219718642
301.87498057873734
263.8027783497059
284.7776249261095
291.79623258063896
293.9642575014797
281.4789055498335
291.4567171985469
288.5723834881961
300.68552168985167
286.4899615262613
302.3266525438681
279.0021994060847
299.85680063596527
312.29189325594695
286.78619763550216
295.42831593146553
297.9304644559409
289.9211731795378
287.8635761321707
293.36164314248117
280.2643186796342
282.1099904963593
282.08613405570225
284.88555436486325
290.60284451952816
302.96311579279717
322.03620778950955
297.2670117073143
304.5887482645804
312.9878639083279
304.3955349293201
301.1796903678832
292.47721463173957
291.8554091433555
291.41087249231293
302.7738837862731
306.3818651794839
305.3120875228745
301.3834563725669
288.5155422963263
297.2192219311727
298.85446185745036
292.3927548649393
295.71660897246744
292.4783969246391
285.5573056870697
276.5838201594886
283.87512670912525
285.2350773192384
289.32321177761276
286.19629229381405
282.655967461036
253.95738610165978
267.432451921961
267.0660028097632
264.4261272363965
280.4625734124816
271.3124547217812
258.22010610931545
263.3137021473728
243.70735563148943
294.07983251270304
294.50423729501335
268.84059334512887
293.4789917069119
286.8231175434963
285.07131482400257
294.69688451219395
294.3991213475275
287.3610935682111
276.21078227327695
285.35613241522753
289.54609794809375
295.4678547952184
290.100691518212
291.19407901995737
285.4009746439935
281.3061829781379
286.12865230403366
291.76835353837885
271.13820416809574
281.4316191150606
263.4672307502987
270.9255156897671
268.2685266820489
269.85490607634785
264.8257275897664
284.97013905854516
288.0648688221067
250.10920345790203
260.87464099591386
251.97886532351288
256.2272966910336
259.3182436260836
254.4042368086199
235.65932861327758
270.6080121169918
260.5211386734462
231.1485692978821
269.6899962132759
257.20194438770295
261.945468735952
246.36683578298826
227.33362143854941
226.35295160693602
219.94471922543786
194.84993833261737
222.78396083884405
244.74033442290758
224.40925721328705
234.5325984690712
226.2539787173087
210.04405073791884
225.06459192117634
237.4302664509352
213.20421983897742
194.100242104075
199.55917518365524
182.12093515042906
194.90170778083063
179.36555307324815
175.43770045586416
169.9380704385383
173.25983689060976
187.47930091648337
175.02180688201244
161.99741259690475
191.44994037611164
186.76673779674317
165.84686030191713
160.66696493873025
155.64019719667564
155.38602166082165
166.48607052901437
162.97850285304847
151.70030159626754
120.444685267556
129.94120086122138
96.54671496166765
100.02341655085723
115.69738320221605
114.22633408161023
135.1887416189656
120.38067716085213
120.10054024881745
136.8511256455531
167.6160780300555
155.66202815065697
186.51882157120022
177.36430310976831
165.16723329006905
141.63244831492776
161.77474855269455
179.61134619892107
182.13633929814858
180.05980023823872
174.3864704843298
155.44307604413459
154.97691390468609
165.06254164023736
177.0086029881553
198.7457696052116
179.50149989535214
174.11596515267235
159.1443152041261
150.02840721601984
174.12800571689192
178.8372172594888
194.7749706987056
221.29693212906486
194.24678685562517
188.3455053564045
187.07761935958254
187.06575233180482
154.74261535793127
186.1950839620295
197.49480580239583
172.72483856247618
185.10029216704774
198.32705806206135
206.76484593651367
174.7228906372716
196.76572852676034
196.0896399289882
215.86922220691298
200.7556385298361
218.40527439219233
216.395082728912
245.8655211465017
246.56007566863897
271.72651165996353
267.6342515349778
266.9420781450696
253.32760387946024
264.984084060638
262.99084049498833
277.04579062590653
248.30133768193545
269.70973309465023
267.41209777222474
241.22454648712238
250.07052900340807
241.02550555888908
251.34024856170043
237.85188698599583
259.3810772951237
264.4295320688671
253.01801731717353
278.1269445346118
264.8678611288713
249.0774337799387
253.4718084689782
237.91183752431576
284.39603340330825
274.43677471393016
261.33035200322354
222.27729514048588
246.0374507589443
244.1987195761848
258.05595026731044
256.6237397934513
240.4696557059301
213.22520450288468
228.41463358027812
214.96315356337337
266.67984034530474
251.80386916208184
241.27334441997067
268.94428585253587
266.7014320693394
269.2979750158665
282.5447462580542
273.67089429424976
277.12693158170396
238.3845249647729
276.9475329135703
278.09581093295185
238.21433048961748
288.76902171479384
278.64762549011505
284.7490365435553
261.9274002120813
254.70942261190302
257.8701880119495
271.68174950030044
249.85353534481177
200.48327015589788
214.6422985591452
208.99805267389684
206.62631270714277
196.57313365849478
214.72160122725762
212.16255077509987
201.7644353425886
205.91681298021547
188.067730300215
202.40408636479845
197.7789344240412
190.4462821832503
179.28962720847028
177.9342762179208
150.56955978839454
142.8046014487442
132.10759831638185
123.9684575139546
121.48089962380674
122.0840122633754
137.5129805532004
141.72823633897647
136.34056225030375
108.9815234603325
108.78011950055762
122.43129148748032
127.47122707521825
90.83068617255036
120.3993886494078
109.36310771864197
126.78909900090184
133.0165829991182
113.53721590587097
111.00383221318502
135.59409508749462
127.09259216243655
130.5743840476709
145.24983616953187
136.58160096980657
140.59066137786246
153.85728838225845
142.5978355966841
151.16508697757885
128.65654302917545
102.04939644091603
109.9650493668706
139.0388498687592
149.31371583127907
130.9187684788671
142.95265471142176
139.0200758999882
154.71795691304675
137.97848022164445
131.79672246311674
123.97689486640057
129.73015983971226
130.98308320359604
149.31822678134756
147.58657633594862
155.10573389390206
168.59945446166503
163.15617954238326
149.8460911054497
163.7705471256354
177.50100119876802
169.39668407621085
178.7363135015533
197.6990553506987
208.05355158008112
182.406394674096
178.64702507497205
165.65290608346515
120.99245447272716
144.29701324694358
132.6110534517414
122.1494158436
128.7478547619372
121.99838445821077
118.20326664348944
117.50294527341612
137.4420387025575
140.6572311843568
118.21250165753727
146.23723701396756
126.67444342232739
112.7883978530261
125.72164494160205
128.82800083716907
119.12534163460802
90.66238510416984
119.84085142500071
108.75260330228737
99.47561444762052
127.00531403237613
131.647366527813
129.74070183994087
132.40993996856025
125.23898163022474
108.67257135497674
115.68635402751849
81.94983781102516
88.54645091322716
126.89149028382296
122.63248673747785
133.2183055887034
105.88634006994836
108.113535486121
101.01040157661757
104.23891176974071
136.39356433447261
135.288633774179
101.38372383436611
105.1347609309528
128.21500014749557
114.2870280566855
138.92957793973295
135.43924662947217
136.6408261589395
141.8846854502596
127.49236797456311
139.5751410225441
133.0345854180378
128.23351180639673
126.01882887754822
134.64532753012514
143.06063292191814
144.39209896437117
147.10599017171114
150.3979526775045
143.2287817007964
144.74838616113706
162.1563948171987
146.78375662145632
134.9851821241844
120.01187892642373
106.36050614261687
132.17025791399905
123.33622060766886
127.0567090698054
122.15169117684252
125.04384193098718
112.3223202039987
110.15379930186798
143.3418792413091
149.41681171411844
166.2306484231076
164.74194974741334
137.3089758334817
149.3667853676975
178.72482217418997
177.15108289880226
183.21172565031537
169.56678421484386
181.706465634565
196.08833003886437
168.3362682666369
159.7709838693425
193.28008903629097
191.71617645881338
200.53516805145304
174.21254965589046
175.46549971460044
196.3431123246386
183.54448503664284
195.10193774448516
193.92388132369527
194.49935957673418
190.79575590180232
200.84056492624825
182.93827840191418
166.9344548376036
163.5835062395088
187.59051733060193
164.4311008766081
159.57906274998626
144.13780715644336
142.0619219083031
148.7895153950605
139.62546534778417
136.96267158797022
132.8280198200608
135.5998895742577
144.96384590290975
134.77816021851612
117.89273215811178
135.9367048224329
125.74078943509298
132.70383779541078
128.29521580178687
111.06128693186425
122.15327325922804
136.21614806575863
147.2528007490668
131.35534290149297
138.65004503351886
126.53002367183177
93.13991857235054
108.55545239639613
114.72762472663686
104.86194212325417
139.05524797425392
131.1968750063155
128.40563719093996
136.97648128015376
145.8919444863489
171.3407667589841
143.83766185868845
169.89458404867
178.8413946840106
200.25701333535238
215.17470012980763
228.97096586925858
222.20475404308866
239.75826123946302
213.4427200747092
246.0547555281587
248.61326341078956
209.38705273675524
235.04209098449775
224.07749117845552
209.94717260603923
183.69551172639027
180.98842446482914
182.87293351672608
175.21982745757663
194.95826453981132
214.162039793766
209.5020975773783
194.76143492038432
212.9746620231688
193.8053893633727
207.69691403163682
214.4237954930439
228.96354402804508
201.84923934385444
178.37625270416888
207.24378753612095
236.82067434711345
209.70215377040154
216.11613306887165
237.29344844885762
236.64000212444537
220.87070642331318
212.98522446927637
218.3891028685536
210.72658555252025
235.95659903552823
240.99802301101434
243.2699467757736
197.57281232618138
188.20724324582685
190.46340310376996
218.65239404115724
225.06177297617864
226.69598779001325
235.08093780940925
232.00231445753988
245.34508595203093
226.90838639532925
210.01019426233538
218.45396741096076
215.83048912873758
213.21962620128576
206.5539964613511
214.99321374851908
239.48118694261376
201.13733663417568
199.6036648935711
233.71497286304037
262.39468157084974
272.9706841594591
246.52538702759338
257.7071824171784
265.01460473916586
239.97633058555502
250.3350341374405
231.4979111799634
252.12529867673854
247.22047451253042
275.51338822840523
292.9349112520148
261.8964340205271
279.0984978987396
280.96564034126976
287.7107751094058
283.8242754087416
280.6203395052449
287.54658075628237
285.1129083236821
294.58230357673614
290.99878058741956
297.0605215070241
292.51445090131307
295.8541719368535
269.59009070740836
294.2378373913165
301.75321644153826
300.04741066136745
283.57458557950537
301.677041806084
292.1554621255089
285.02876650073375
284.5762738252741
278.3541947055863
274.4700927692747
280.41047575934357
268.8510428033842
273.844564424648
276.60711815596846
280.7832049780631
282.65747627105907
271.5197582864508
248.91683997203756
266.01852694347747
264.4215630216072
240.28762227238994
257.5610144757999
285.0001372974847
270.29011151978176
288.8604589945926
294.7046410871912
295.32677453008836
285.0138080519464
278.2075025475525
278.6621290934525
277.022652353444
281.4053226702273
260.03448825183733
243.0473870012173
231.1286451348184
272.7708561869292
269.472227528491
268.406731796457
264.52384564914985
282.3050134245172
260.24551774513463
274.7534906814411
266.0781487335792
241.34244672402244
274.89982321102053
263.71823649536475
239.14971404119237
266.4069119821309
241.7316296886337
272.4437725009306
240.66310942988983
261.08186207356476
266.6731007582712
247.48774207245592
248.260790760369
249.58356314461463
242.78852004440307
271.8796620471055
230.5195626504081
242.28750378429487
247.73955719332452
217.62003550536383
203.4064087233903
181.29209947401776
194.70488440387487
207.10644327843335
215.82098254895715
182.2076391576556
193.5525392624625
185.99129069247556
189.59892071099114
208.76870200301417
188.8556487658928
168.5262678896475
171.6511115660765
165.76028991068048
164.9104528240725
172.9432911406144
184.102878109764
177.41478818928746
172.1817798414441
175.98533756062406
182.539075788371
185.4211814961231
218.0040442049526
220.54776409411244
203.90222320146776
203.71900784162736
231.39710801860357
191.74420064128276
210.62769255045973
215.81165755592824
230.3129379694798
193.89893198754484
234.92990057485306
255.55029923881295
211.57978613377622
246.5861001799398
233.93179130166376
217.85701921669147
212.59049574195703
230.83776372887226
211.44309710070692
225.68424542867697
232.5917955748264
211.49975926093492
210.50490460023295
188.6348721261388
226.8656057744137
228.6288066071297
249.17315946031138
228.25854676103788
241.73492152591865
231.61159161425277
234.69459595985364
210.79627436719193
225.52567621791937
240.96398592185818
261.0112136853498
267.40418034099775
252.66454410876202
263.87635017939243
273.857199976309
281.4426282401184
248.66028634405683
278.4401390029354
278.3855785622449
277.93764210625585
269.99147880062577
267.4592995767243
273.2370140186548
262.422817077713
268.4402980220724
278.7784785052077
261.4071803679201
281.83779246349917
268.6349270049454
271.1340832957277
287.8263087414798
280.2013759543697
266.995785064558
225.57627747654266
227.71839301637084
230.50308599427535
237.43453566471356
243.68842596322443
254.7681008885145
222.4132286960718
229.12982899558443
253.030251692403
216.4266376076343
258.97260593098076
241.4038673992524
243.09795357282388
243.47033131236267
270.18992965200636
258.8115062767129
229.88785367257353
269.40971301517845
253.17725792426606
248.07710741676897
259.8430105206799
267.37675403338847
241.9766455727245
268.73162841126924
258.9982362734775
243.86303549715862
284.7598856209132
276.65591981583486
267.9281311313772
275.840034653831
275.2472618913384
268.9410850068361
287.34489226192966
262.1685148150833
262.35329425041544
279.61133437591315
278.9620776650353
269.7099054198054
277.60455830240437
287.10540193658903
279.5804460364975
281.4405244207006
269.66633583135484
281.23699626453663
289.49558942854554
279.82525018231223
290.6901262239036
290.07519147831556
286.44170810997764
296.9269689599917
294.4101010794396
295.2654917876195
294.81884967247504
298.1274307740215
298.5220010146681
291.96621121663895
285.59810830577607
298.6633290874081
303.50041580600305
301.024815705976
299.53125101874986
305.43726809680015
304.99616670948734
302.75162958345015
303.07530274932634
303.2645825780376
302.33611285178284
301.98159662731774
297.3182428816716
287.05387558037205
285.90091010257987
289.012695863473
288.13307602010786
279.3867829722577
294.3027291731197
300.6365342245188
300.8180305892116
292.1395124662507
289.2273868709212
281.2116430797328
294.19834260069854
291.7323208922627
293.5979505393035
288.58505910384315
271.79829847488963
266.47105996285717
281.1933671617231
289.64908373381263
290.9622150262547
289.6700553509186
289.46062845691876
295.650697717902
289.3839717260905
287.18773475110504
287.7438687675612
294.289655089106
278.75495561693447
255.53921493166288
273.995929116949
255.19442532343092
252.97083810291812
265.58170634706573
274.78373366474824
267.13652574431984
281.36891702030107
293.4709589831958
282.5047705638884
258.91631765108207
282.2860616681905
278.2486639146492
290.3285087099562
294.32515488343216
300.25592049690556
282.4914511902207
282.2487794997212
291.02177715894044
269.4519508020041
263.5452100130252
248.85855415492568
235.92041733151962
233.93537063541754
254.38144054082682
254.56217385880308
270.6493368060975
275.5071620026014
267.38514336190997
273.48882427351833
283.6026461240469
290.0238488773526
287.97637044668744
285.86771211312896
283.1065476386638
286.0641465603626
283.6589499616777
281.5760814268041
277.4962521157394
277.8655895652073
286.07687477429005
286.2330631945119
290.100301600264
282.94677923118735
296.1955978125394
279.8076124475247
280.39477928778734
282.41154971000907
279.2969671850679
274.11407118306835
280.3962747948077
282.8949477281885
280.52349805334177
292.63988621855486
282.3040695713045
286.108273893779
270.28922620789285
291.207485140464
298.96328109646527
296.7798496833189
294.49775633425645
294.4064444971437
295.092202762737
289.0142449105122
308.8251355040134
300.63479128596015
310.42931487183563
296.3165769039704
289.7044874114441
295.93019942585136
301.0391713701162
300.9848171112426
307.68731527154756
302.1315942049793
288.92762518725186
291.89285134587385
270.3884932258749
278.3307641793902
289.7507731789346
286.68499435952174
294.9541804658678
288.2415629216748
296.7599123288981
282.65534943712305
295.1666471205436
283.4880415764812
286.0410091093896
284.8400176492194
277.1660693684943
279.8094778207058
286.8709928167452
287.7069930057264
286.7736500890317
284.185941707785
288.0310020975231
286.4229117686531
285.2620441689218
293.92323576923496
294.8241468951482
280.66644646074957
267.18496997743375
279.62831484757305
281.47572931091236
269.25388339004644
271.7472720332151
272.57873803862884
282.4354108238912
263.8212485020501
277.8738315717241
258.0872295384803
290.04944224402703
286.7875415721609
272.8507772797824
275.39122711700804
278.6022587466439
269.2900340234281
281.81171367383365
282.4393365116231
280.9755054596535
282.73939398597037
273.41271577311255
272.0275204959353
281.7734119519788
296.5981280401314
293.2584914304072
282.3243300954175
278.4966889768635
274.7889384630184
270.60299508499133
273.9275016595908
270.61384975104465
273.7207230372831
253.52626623816303
271.13308477842406
258.851416993318
257.795320552052
246.30117149404467
219.64093553184838
264.76331930388403
244.72471254175156
249.95167083414165
212.27802404872264
261.863558188393
285.6799649180958
262.47184088686834
259.868669370684
281.17448375312654
254.0790577042377
265.6241377311395
280.1078120674677
292.28956028717914
252.23151303812128
267.41825649421247
261.53521356025703
255.1707923766469
239.19329636511014
253.32578187172945
224.28879086465574
203.22147758642367
211.51404019817042
241.42934887874748
226.58071005074422
224.19026931288246
191.77856548904188
183.92534578619996
176.42908527074266
168.36580218548943
160.37530756230674
132.688375537463
143.0174602275467
153.3249759733665
153.14580039591647
155.51740529783157
158.43365660543662
141.70293992354578
127.47600467990658
140.5536183083471
102.9338888372261
111.08661401194529
124.57411776932643
134.56783952204057
131.5831310648596
166.69300539888496
156.12311374374
154.68682769442927
161.9844153268137
150.45301114461805
152.92885591811344
158.14083805406872
153.51820134026417
164.81217756850592
153.18943936148125
153.25648278149393
139.46824462281006
127.8467120988641
124.20493141354693
114.71919189238398
121.05250468045007
129.14959183204414
133.60203228350875
111.19686400030227
120.16681792535783
109.25797059555683
122.19431583034967
102.29254509414982
135.88047088126504
130.49568958963692
124.58789613847676
115.14189810839265
118.40482781414613
128.62800670137764
141.2179298570755
119.25207022011277
106.13991936422377
124.51713657648537
116.1623846550207
138.54035853388984
132.17520836537742
117.9223010247658
122.39479034483503
112.04680337637537
104.80092436626532
110.57395048919632
109.46599979238036
120.2275473669704
121.76648549547735
117.07986613532397
113.54742359695382
123.79705449516648
119.34816758416324
135.929780911363
133.5922804290531
160.65907669410097
113.72565834722622
124.97312296439753
111.82678593874093
124.41042338644951
121.4997292374267
123.92411126254251
143.1336960934942
108.26675611513846
134.55399269879194
115.8659196177313
94.82513081645685
119.65696876945171
126.08963959536345
141.66450068676178
122.84446989740843
117.47529793616697
111.86077605621469
95.3629724861009
108.36023004544812
112.63415953929415
100.43012936764939
107.67991189584531
97.29213981602848
114.0059782394894
119.63178455213713
115.30954112867424
122.56082373637268
114.50877738158721
122.4281258432683
145.6754299794907
143.20291548926508
141.46660350939922
151.31357867010865
134.76677836174895
151.245974913761
159.22735478157688
138.18089802510156
140.57530169959176
112.88353875832561
95.24607040199419
111.11476250220424
132.45284744848723
143.84485729160582
146.12288380255444
132.04225763651837
127.63013445067813
113.12110212241033
122.03908710703433
95.07635885341385
113.76750532804843
112.09649729279508
133.59561344837925
141.82862184451824
130.6383204170757
129.6047711380472
135.50363810253742
134.0230098535742
109.73452776484905
122.34187892473169
113.51130794596007
98.0738170958513
112.55348922272886
111.21889790565902
118.30116591266999
139.99281558058416
158.60959955419153
132.45972831426755
156.48723928446086
129.798194832991
161.79534700291242
169.94997056116085
136.448374445158
127.29596702118513
127.59139087034642
107.95466444114736
128.91342089135117
124.31088150146566
113.70656899630532
108.284047281769
116.13163714359872
104.7671203843978
113.10639229659822
102.96887097462844
81.33013386467485
99.09919111407378
116.73640617319913
127.84536130844995
107.3740240772079
101.92406222670448
104.37783340177172
100.5588240448691
119.6404073199666
108.67917751254348
122.19178281599505
109.0915051478546
108.31603930063241
98.76510290678601
120.8759849851685
121.84861222313596
131.29497694218986
124.23332852565021
135.56125965837808
135.66771259096305
141.5873587037156
130.39503554002894
123.74524033420957
131.78019656331924
113.41409375495266
109.82193782838961
120.79549690073448
113.67803665739153
111.18133384375916
113.56815786065536
132.39803176116357
104.77929529505096
120.76526075008444
92.48003670236403
114.80329163630854
130.83958257695008
137.70158592811012
128.6201550630782
156.49535641399058
154.18779269229984
116.91474766474118
106.24425413199482
105.01276687783351
89.81631975320214
105.6254247492667
93.98182341663285
86.50985206506549
108.61384598212375
111.74713098031312
89.95466348841589
101.82034159427168
100.17637475745045
129.01832782349263
114.3101603980417
97.39027041654128
113.1128116943904
136.87460359196382
101.74418593829775
98.78322649491568
106.38514577623765
118.15663121834578
99.75704245609643
118.68319565818973
135.1845378430166
139.3281841105452
140.89389371274987
110.43681309235564
139.32526851167663
136.3512240059377
141.58231062427691
168.0334781464769
146.04188235712425
163.22182888593923
189.75510021053623
192.1461172823386
184.23486725867582
177.0192257264253
164.75349464188244
183.2000981966159
172.98057097291866
172.73987219806958
183.54922701308885
209.61698254741634
181.8249459456292
173.65455009699335
154.521755614556
162.09128437099528
169.2067434138476
184.38875582448742
166.36038780362944
198.54945057357656
180.99998070020786
179.82579075843734
176.53536478167374
195.8094135730784
191.07341551643808
193.26121746119168
227.67440902931153
239.1824817486621
207.79419783419047
213.88943726994933
227.09027586843487
216.63625769517947
242.30260575459232
221.8190413569782
214.42326696421983
210.21875954389898
219.82871999924112
190.26343354187367
217.25842628821778
224.58400412591993
193.44940142680016
193.14516030851507
208.70066592737984
220.46141138735732
191.06348398346225
208.73050782913842
228.8874691840337
250.26969088299322
217.8335599504988
205.45816215306925
214.8136940963308
238.04085836297878
227.54276445810217
235.08484820724965
239.31669170515997
237.50524133367045
239.12538938220314
231.4778661135074
237.60457848069407
235.51683918923672
269.845505024927
269.11172911621657
268.1152494528877
250.6920523521438
250.79373270447329
239.43371978676694
246.2979941452295
259.4259325617753
245.17303554560863
229.81437492995508
230.35682039830687
233.75814022434952
248.91357346868497
261.175881108587
220.22281714786783
240.55116263546145
262.0456682532069
246.9342342564295
250.7917218414992
238.3785768798565
241.71289639288096
264.73137224694034
246.4558798416111
263.26068183820075
232.54115319555038
236.5357352566307
239.3970483635265
260.97390124869446
225.7055242606985
229.65270191894908
255.76176256979622
238.18208688400512
254.85545212972013
218.5923706958957
236.61610427635787
227.64248224128553
252.60047848233535
259.4511535936505
268.1932276245146
256.6225557924976
231.22996354182177
264.4700189545053
218.0695551311099
248.80139792282156
254.00949061337738
239.56374418983413
215.55325582991438
240.00737315229242
234.70597203191312
258.37588541882934
249.96261167331195
291.71271777928155
257.4277388454519
265.59226431288545
268.98270041387826
272.9366371368255
295.79679988805816
288.83085740484313
279.6714706432843
288.1162575356542
256.0100039885758
268.8312356031265
235.17764403130084
222.53299041323237
212.13081066905946
228.7743938748768
231.36615595512393
242.7550924474796
220.4249431872266
238.3148150719618
244.49253515493652
242.23865511935685
238.6474659087837
231.80793539686837
225.33849201966115
233.69734872667817
245.4403853145976
254.09609658338326
246.5808578740394
258.76386396797847
248.93160523982107
236.17675053837783
227.5258422931294
234.3700448807077
223.80211284731033
205.54757882547707
188.882594758112
200.52003586131974
206.3936861510553
213.22642985202685
191.2596801360679
176.03490437369098
171.63963419339404
170.7768937476031
156.2641496425802
167.68418254416233
142.44501710742807
148.45261953645564
158.00922090698327
152.3831192523741
152.18088021629143
149.2004440450997
157.2736109529801
142.10393026098885
123.55725838625291
105.6010465333972
127.79137636234972
124.31070351343347
123.80531103901542
101.49124615823513
106.39786796027401
122.29730607783841
136.36141092264356
143.53860122303493
138.94664867728233
177.59532659978257
143.9789196838806
145.4144851855862
129.73111312736097
122.71718946529764
115.30605315320192
118.64601425799675
119.40871859112933
121.21903625756978
127.86006523938507
150.83603966069464
138.96845779021314
141.43435264519573
157.2913232981308
145.3407123348509
140.88305328776636
152.5453006183281
150.76774052894905
170.42250399611473
202.86739625418693
180.74662980212844
191.89439526860045
187.78397480770528
174.57763506100338
141.6384974819122
131.2598685802469
114.81722018208119
120.32126369122102
127.71587342210123
106.5296237714689
126.70721220477107
122.58763841195587
131.65880023926076
121.34085110883831
121.15190884434216
121.26183041810765
112.59099426720793
132.57715075496992
142.5022985179774
139.01500857733348
147.81020542010114
159.3897231860848
154.03530118872578
162.6420726594265
147.3670411913632
114.0215455062906
109.50246569834381
107.05405720848027
89.95059125757781
93.39149936305483
114.41382906053781
119.45136509321522
125.76634337730808
145.18617287775763
112.00747752760077
100.30406107842425
124.4153048326185
139.2566133169907
147.6159353134529
163.3594746109712
146.0148404271029
174.39182461858735
186.9385179823681
177.9697252627191
188.34406241754053
173.98351396253742
169.2621235136113
136.61537410815544
168.0374979978968
143.92509855833418
152.3054407867801
167.29390048285632
158.66972012626505
166.7958754471684
174.65891027686723
173.99153008534648
187.8049651395535
170.78999534084278
194.80851164609567
199.39485657256793
217.33616284980664
222.71951554520433
229.83637053650634
243.24620528461912
243.80909388445778
226.43922122123482
224.7608538396601
220.69707118669126
218.56315225024008
200.5920543095938
224.37489825746252
221.7629394000049
217.1243742849867
239.10739927439994
232.2751239116029
237.40279429006432
230.3077648946785
212.64794783046128
237.1262148719204
232.8480721571552
212.35522900057833
219.72848520397068
209.30226869820632
232.61169541386505
210.40183684210106
209.4123779672515
218.43409189882436
184.17062307831705
186.29888280090486
198.1716833655183
207.66818344018196
204.45157869000872
218.7028655216942
216.25406825582195
205.92779304860252
199.07284932557195
223.5449795858755
184.40513965885634
220.7126481199914
227.25377606612102
208.9095123656074
189.27724624699147
181.4432324110182
202.8929058676153
171.38451338446515
187.45803141695754
200.75089084252346
177.7667109395623
190.7207478210419
188.1361002933477
178.17012829314683
186.0526460923291
201.3387588331465
228.69574133483246
237.8164820258674
232.1477096372173
243.0440145707711
232.93510497141838
224.8032075438951
201.806843863237
238.62867965969323
223.68930748457046
200.26031586672542
221.63414683982822
200.722191834763
233.99196184635318
253.39696464734735
241.7820402712281
261.66102089037776
272.8051173625046
274.4046706338635
242.0633283456099
261.0275648280855
286.8493381060837
285.937941308724
284.8471156045292
276.1527064009833
265.18357386954574
273.9129524094402
280.7705096524741
276.4784206382785
267.0735595742936
279.42781992134184
276.05127379799876
259.69755075958005
280.9381974575169
276.60198877454826
255.46467524656728
259.6232187718691
220.75808756257814
220.32547432336102
234.22499204338325
215.08373665082178
226.62873125065997
231.15002993443997
220.05905626291616
202.75900619815897
197.9295693645441
224.73864396164825
223.36080876163211
218.7287829501393
238.478458774587
269.13286840677335
270.8784072301609
266.82554506632084
285.6028384637231
277.87840224341295
295.33370233209894
299.19188791353645
306.5738699854125
302.23215683350156
295.2256673366135
288.27646093071905
282.5067223883593
289.7602587781857
288.96612277934673
280.97528567858353
273.23824829735094
267.91052743173583
283.3033469034835
273.77427117544556
277.8377247008914
286.59794167205365
280.4078879869215
268.2275140088013
273.99277877609296
288.7875099680107
284.0595773131166
278.4769924729661
281.9878334090396
287.8083504306361
276.9312828273204
275.276543219218
281.32410830061184
281.9126378864059
283.3452129820515
285.0655961378846
283.26926544676456
286.63438010571986
288.79724047796395
290.50169806225904
283.9717753669754
273.51663416641327
279.84798425492994
251.00977013468318
253.39636432215946
257.7339066611223
279.21554044683876
251.90324891764223
280.30894291415603
280.33867049356815
273.49942809280475
280.09639492304143
263.2357265352872
265.92433615301724
267.8685128434914
272.2515022894428
268.8349055824333
268.5968787965733
273.4256597643569
261.91863344360644
270.5112889163997
269.86029371368033
259.85816887849427
289.3487103722146
249.48193076236348
278.40953956933373
282.9558741360867
262.9127223357359
242.44130988038026
251.09540454795456
218.552030472109
228.17850251867637
221.4478847501022
218.74942175676324
199.78967084952504
177.45032814773825
176.0871407341634
167.6686089397837
170.87583582775548
184.73325055708392
161.4970176406884
179.69923404402934
162.1754038892463
190.486188431238
189.72249736963823
162.75792507436006
190.34524453237876
160.62712485789024
160.90769107524602
169.62376553695952
180.01924831410227
188.95875213164751
187.2585014144079
203.01331072650015
179.72812717932533
174.14500545732315
155.3363018771912
167.4178101641691
145.05221768612492
140.0517907917623
104.1221728526452
106.48984516628002
114.40928659825595
124.02292802768824
99.91477250555215
120.8166958017929
113.80714574697788
114.02620046373974
106.14295850277566
93.96286893802781
126.19567982776044
108.84581831701418
88.17503552391953
113.43701905186889
86.9114974616334
99.06425922155374
118.50264413013178
110.1907849629034
121.86824649392074
108.92808136568637
95.59054952097115
126.74299149019336
130.92300253086947
119.61001391901522
128.32283342630998
124.77679088028262
126.41790860074842
144.3446165686603
146.35099799856872
123.10071544991206
138.03031061678067
163.21249098108265
169.53096156501715
172.13317187468436
200.30807476633706
200.52988735893732
205.83438084875837
228.0718310913804
207.952123201057
204.3863363832693
216.96887806424064
212.47396224203308
206.70794258067406
197.55048130256282
211.68413436063477
178.78122260160316
187.63723596580485
183.2725212651702
194.47581917789051
178.78372870231595
176.6185981805272
171.04906235957853
161.09516067436658
178.64278750371338
173.1335983020588
185.73455509158308
172.16026314085684
161.70827435436595
150.49596122420888
169.5102531867201
155.287644967044
163.79992135648826
160.24868294082097
182.37782361480865
182.73762318939558
186.09025746519237
182.2756921289786
180.09467940376607
174.46583735751793
150.51299318642367
134.5023499281904
140.28318695484012
137.09492113475903
161.95043015461468
144.08029482584143
158.01295035651316
140.71910281481397
126.20310284526128
142.69828303999878
116.57648982372962
138.67848492987807
131.70867583632284
120.3783218886325
130.1840883589308
122.15589750414921
124.51912855658546
128.02597667270842
113.377178134546
134.42017696318362
122.1555348910389
126.19254904875015
123.44933868759509
149.03978005857894
141.3238931035666
171.34458650616452
177.42079895658236
178.66021367659343
167.37573762655256
160.03912692339782
171.90019808182495
172.05857881466972
182.64387419186275
192.13708209892485
161.44165392194847
182.8138495964474
217.94018072544063
195.70750325336013
218.9374344807286
223.07550544170573
226.84340958315255
184.61362295295976
204.14575571296092
176.18487150049873
197.24565741141421
183.01433389781332
189.54643721474886
161.62108345393474
161.81930713488362
181.7243829804126
181.57593924839756
173.86798843648378
169.08612049791685
155.08975787799585
177.07118191610448
159.26036509129082
174.1439985909328
181.10948861546672
174.95819167763366
171.22023530734126
186.29854105421524
189.3688509630913
183.91251327151585
171.05217138607654
168.70194417566623
166.90792689383684
179.27147040993432
189.02972875438033
192.1111853347454
191.06567283987982
191.67006589659698
176.89576885969876
215.90336978082266
214.1131022508033
187.31746664357448
148.0565421517112
155.9815804151089
152.83385309532807
160.00091979191046
189.75326033610008
193.842608217935
182.47453070573135
184.20460563019932
187.09567919004206
173.77687987112358
179.1670491642133
179.38319335349928
188.83214282908156
198.0636223239183
173.82912763848026
164.1261708849344
189.4490056144822
175.13210453644027
191.42484278125667
169.2001467358825
179.79853532790287
162.30351199539516
196.302034213765
209.60466837391087
191.6931406547481
191.53140906023071
168.3669450371047
166.52727637239678
172.11106292671968
160.502265226748
168.94235814649778
177.3403708738569
158.64932748549703
167.53404692944937
172.3907869947612
174.0813144705068
159.45390521797913
189.14539656166764
196.39776428385264
208.42725762997165
211.07274085324542
198.63279098572258
210.71153858981347
198.41861066302957
205.60767631460823
202.4873575345451
215.47861805365062
197.5323541335949
195.1962960005585
179.45114126218073
174.98550196094192
163.00094417158687
182.96918466808216
159.72818039851836
165.03391654078564
161.11200426616927
195.05818327854033
189.98282081506778
204.8489693638177
194.94161808245659
197.23831465963104
186.11885319553764
181.8847146531628
198.12449629518753
201.87628441132082
161.20791511979337
171.35800016275553
149.34142882191284
132.55146450466205
162.86625509446043
170.5608477868344
159.1833813651201
149.7663429457155
149.52953187254857
148.86322659214565
146.32141673404934
179.17638044454918
168.71668081036978
164.21077658414106
160.1831137597981
158.67647899383675
150.31757170215155
156.7180518463563
157.58974938888716
145.36951608414637
143.5594796993232
138.43530706744434
146.64281335792668
137.92688624343438
155.49729872739115
152.6390091742813
147.7102975069345
132.45280055828854
102.53614687947413
106.52278283860258
106.6405175166825
106.67272437759091
97.01652748128596
98.6973006550646
100.66618051959324
105.53676398945042
109.13765846269614
112.65289878771055
100.48720432967626
116.05374478304981
111.88210230252454
130.12653965401415
149.3905688841651
131.13929252374112
145.54200722690612
132.2643255276099
120.6007674583092
135.91437849315068
139.92301313217564
136.29994790415412
139.3910456158749
143.60158494017548
132.71879752774572
123.77312962422315
114.06926492981519
108.95967668628525
125.50515349227129
106.8952733875626
117.27632333727513
103.56156989824699
125.20939523661548
119.89902748348858
129.00666155353827
130.296765878982
131.33617765578308
109.96614761181792
114.36365136065707
107.0491893090381
119.22639520791071
133.78770101223813
114.80746486719889
123.86283940612789
103.73883095071865
120.94264896059973
101.5663901394814
125.32499867799015
135.21034782633168
116.21457993192743
160.89754564444615
180.0194567867198
165.51433349932557
176.00743232353565
156.64347674105716
136.95890659378463
152.39638731875772
173.81179813865478
165.03639064487396
150.1690541849827
133.81653284601668
170.23256530070455
156.6729858382391
168.21490921062684
160.11574631931973
148.2557895080187
154.50422808137816
160.5028129741896
172.02830581941825
153.931102438206
167.38728941562573
163.35171841096908
169.08172764078654
170.9824052335118
167.36494233190882
177.41735600257348
183.84422133200204
195.81053450507085
169.1612089451073
164.1124363837654
174.91191871819117
202.67736146468303
201.8557750006434
230.30069768759847
188.55779970059422
187.504550250367
215.95170603573084
195.49897255452623
199.7468245193744
207.17654296104627
195.5428073407715
193.14703747870692
185.77996659798671
193.03239155965545
173.64014595352947
211.36686583512756
194.28740369078832
189.47853758913357
204.76322855886144
205.92240205405062
194.4940615225559
191.98104079321564
179.57257777992174
160.05898084867331
164.95608286216617
196.07301753851561
144.09610558663815
170.00537020232824
175.52940529821066
156.01756382637888
163.76473130126124
157.46084685033586
147.10153733565727
141.23249855654402
137.74522630821332
126.07615527673207
101.2269162361761
113.1318532713529
108.72152215321678
110.42111986601228
107.03638663622073
114.0249089176191
98.3755061926978
140.0514525181751
96.92745440238096
126.79245063848417
132.78587178231658
115.33579373937636
130.93281425836722
132.04649015232155
142.41669528891083
123.3490440519623
121.71643879827185
119.394908768525
125.09687520861847
148.7651050037966
128.21293543456554
127.58620417516195
159.64728627764904
155.816358326131
151.67762134071842
128.82370272681493
152.30220259564504
148.95878678562832
122.96741147350703
141.11659413859164
128.52321848857744
118.16475524536745
128.95750453800736
126.42231079135547
125.14719851024337
110.09475987045744
138.15179004267256
133.05647740713553
152.89272518966087
173.67430661509616
170.93691768874777
162.16569525230554
153.6036532270076
152.44443898172995
151.96886544867004
156.73004304732564
140.62017035400305
134.47274316589304
139.3757336652908
146.6636607692169
155.94019362766983
150.21663821664174
141.03526324569435
155.33121556435836
170.04631439072256
161.51112875856109
173.32110037045527
155.7891676312414
161.93942400556418
166.58645874369378
190.7385145159875
176.37658526242447
181.03822474374988
188.66702641863827
198.21527035815475
191.80625576496251
193.62656821326152
187.87091325886541
174.45196560817269
168.26690270220777
173.74892606934898
145.52510973969572
168.16668329046533
147.83170952310994
152.35568708275136
133.38176999674718
138.60222393918403
143.07760180844775
167.65232388602274
161.64584015351775
151.71576773651412
165.4308283452289
164.83460810796387
147.0781986208426
165.2957615471964
141.23923765250484
125.37321155607452
116.98604256967081
124.81920348466844
143.10755370795238
121.6727040708859
114.0122178205436
126.51494941102541
112.88738567117329
137.63012884380495
136.04726950600954
148.32209932607566
154.2218891604772
129.4700102902437
136.50575637925036
129.05958173285117
145.9437949250575
142.46766185723013
140.41806231668446
153.45659619631783
169.3419263463378
158.02796259745298
197.22459842653703
205.95948997933206
193.1109839444728
176.57709193386054
149.4856648998878
176.85910320206892
169.80575764055894
148.16996945827873
130.48779778327847
127.78991347642896
154.34460598586043
129.18936666835313
111.8557367564361
126.63288047697634
126.61490242169089
99.41400112602943
119.55822935336374
130.85120548481282
123.14363357856654
124.65072088830884
123.85797888615934
115.49576321988053
107.03586651403143
136.14481470841412
131.83443758614538
124.3893443386438
108.38140491294604
115.2369546494516
107.12158889089267
94.94071202845818
103.97951766023291
120.9177224423905
122.64430457653123
146.7042577500315
146.72963934905462
145.40056299533353
162.01563456491917
179.34320923692036
165.5560294418654
153.10167605981997
146.70120586916377
138.7717119252996
148.44536589315732
175.97148869948953
144.68481825400312
157.21246582866556
149.2508780510806
152.5508360979012
137.23229084479982
126.53095464272889
142.15715201442464
135.05894238559637
127.19763898900612
124.3444594258182
144.24894756469206
166.65317688945143
158.78119985003008
157.9582599396457
152.04037443281754
116.93483308034003
125.12648317262676
135.52638556510814
117.91531953861669
135.39992458849238
121.70241731802601
121.17465166552299
131.91682672188696
143.75330378263465
156.87411973049925
159.89814670426827
140.64544286760866
133.6201598680962
111.93135387906743
116.30117381956642
94.85531901434727
101.31975325688632
116.6777958459072
81.50573857526373
120.25043699395863
125.48329049241659
126.53730044492711
138.339957564434
142.94370503480408
143.69645338454046
150.17077798782017
143.05513064964546
139.56636716747704
124.18954172610265
120.8711714349026
102.42766168745332
122.04252447240607
113.70118504769795
129.4597108441039
141.97769667193145
125.31049243272847
146.04340944035368
124.1094166448572
148.3545491178091
129.38450962650214
127.97846186034134
138.09857259609512
143.8239549917002
113.66928221281125
141.73289502991398
163.108369813245
130.81924284722928
145.99195175212475
136.704514372039
156.80268156622577
163.04454599355964
152.32615565800702
153.96973209781913
137.97608583058064
148.04211055647636
135.26597460183382
159.3446720805214
171.70526647543255
167.09470882860637
173.78100158395634
180.4447451849897
169.57929935154735
169.51058617604843
181.8195573537066
180.2233674198402
184.09581835265644
187.14955035550977
205.59783159191133
186.26676608094874
184.66537908726372
171.6296317365455
157.36164435301524
163.58812627389767
147.3965736549445
137.97811795440714
144.6645061864942
151.56836403179278
156.06360931499805
156.5689625897221
145.9214845580108
143.84424197150568
153.84712564521854
155.84720925496165
145.76544119062368
167.06510692889634
173.50313408860012
202.45091529060008
183.42753342844492
173.68004355348603
202.40628781168306
193.75054752335473
201.15319411804782
214.8978660701688
185.02346901375876
194.34203446055204
180.94809137517117
187.58591743637774
172.55685247854788
166.59949373046695
165.65297357650738
140.8934063941657
167.01594084937898
165.65070241671143
152.67455096145042
167.09454207695845
151.23509624754192
156.81917042043187
174.24969425486327
185.26851323926638
185.40699140328653
200.83502079231198
206.83159755186156
216.02282013677194
239.49559381841095
233.43669519965985
206.53301887267034
207.44006616601362
251.25179083653947
240.59911568860048
240.57786770936588
232.12681990695216
232.4402423418771
204.72961928060082
231.26926694368478
209.91111514532932
229.42757173702958
232.11044054703277
218.87860793698033
206.22161762444742
223.95065458104062
220.9122518931312
218.20458016449993
224.02767744988188
224.24036824911676
231.190519700914
227.91712870733397
212.43765487593282
160.83402222687255
198.73817421391612
184.61356887890372
191.9618847614094
188.2907563407356
197.86277095890338
171.57184917104132
192.91260788510306
219.23153064931844
210.16418809862648
193.1299967759948
210.77963789287583
211.45573124945503
205.4953394554001
174.34139747078225
152.41908745445576
175.3404540665916
171.11936463462544
180.52491842605573
152.37027914590908
145.93830205157926
150.50721299652375
170.3740886141419
162.06217694559277
181.7097600411662
144.17862214518814
164.9354223468239
138.78374607081648
140.31323071753462
138.3559747431975
163.52416356361394
165.1233057359582
166.48702347798329
187.32443276952904
157.0013028169389
175.18099231030857
178.38199551614628
200.67634153258544
181.44489613938683
178.29526580217356
167.45014615391705
155.6980537388292
157.120275021582
168.5380153738709
150.91362088684795
175.43833350046125
197.25137684557592
192.98530256284002
164.24530863333396
171.6741099771737
178.3499810207413
194.60306428114822
179.39649774856343
182.9658567456567
179.16894647191407
152.60563344687398
151.60015711553388
148.80173422496995
142.23712245784085
131.95953093449495
124.77976914551098
135.797524686591
123.17313645356145
123.9809889855994
121.99525808367774
120.44501165888664
126.0571573998777
135.25795638913658
121.37899933489447
131.72029573577686
117.71877362574824
116.82653183065786
115.11785829483077
125.13928681635798
119.16700226910312
115.28604614038552
118.94007699800311
144.8007135113414
126.9751834816289
136.0060050823934
130.88671889301077
131.54520774845872
145.18580849281875
140.70812844600533
152.88250468343838
156.258901150405
159.61077262600122
178.33348486987398
147.5039319818012
142.5082428217746
128.59559626602672
132.73905370269853
143.0536290038588
162.38772834915935
158.0870847643571
150.75393984787482
129.6043967038814
147.5154525188322
153.66614997363092
156.75978367757793
152.19753222719768
175.43174863664518
169.63579560944555
149.67191188354366
149.31871535257704
164.81764309774326
194.78831776332964
196.79682514810182
224.32153389786419
262.5075023549193
239.91986829415615
255.31350880929682
249.3878254747231
236.62075933308466
252.8148630967975
248.85722805706752
227.7653810053282
223.46218499706458
226.93198298314408
229.86604876325077
230.66577297873042
227.6767105895226
228.20607120662345
198.2253771266685
216.47732271937878
171.345176316722
183.68339459570544
170.60040751338465
191.48919385482333
209.1953779217743
210.7678582983788
222.8525196382528
213.47033282491307
195.53495188485653
208.98921683340984
190.73543057653544
183.6725323641537
179.28459590629845
183.87859503929755
176.36779197952964
200.39506334594034
172.4373050306237
181.9578676056695
177.0767725821437
180.87744093992603
195.96375235612058
199.26623326734065
192.52349033898344
217.73023003649791
198.68785225323035
209.04117667019688
196.87479027016366
213.34894531237157
213.44353966027856
234.7698245853151
243.22786162090165
249.87822510191202
238.1622416375399
241.35424944370465
204.77834186456607
215.09607953924348
231.08627759680266
242.52120428038057
209.00416325127003
237.32896977765952
256.3371191300731
262.5841912117231
263.7844906881961
241.03914826810643
258.48013490635816
268.1306070249953
288.0573504711331
251.86497615711357
270.3562122756974
264.11733217748946
273.13689294068416
252.8144879762169
254.48095260082712
238.47208733342617
238.05077295572173
232.54799233125192
230.26505738402946
261.1337477391307
259.7649269210657
251.63529735590515
230.60886098144343
244.80853349993603
233.09774642419734
242.8527694283514
219.33277262305575
208.0941764722139
169.36710743544862
180.521849865011
182.9339016128846
186.6045420563934
181.29231229690575
204.77489267835406
181.74476588793843
191.05388135156872
187.94913240438166
188.34354245496527
173.10862700222188
189.50672652630027
167.07516091757734
180.69785774805177
160.3948981657478
164.03521883488497
158.7374314525189
173.60240184061445
157.73149949068005
138.2439798289464
137.96035554379807
152.73953875276322
139.95520343817918
155.22662505363516
171.0339350761909
154.84058529021453
157.51299827998332
130.46297126664703
156.88582138327038
126.51049641627831
114.13110278536428
108.48316061700312
87.61371737841283
114.23777514823921
131.5868114815054
131.25599273579886
153.328610123363
156.86956345149954
159.287323129839
165.9190233052532
136.6559296691903
123.38631137882751
138.9025531698618
141.0075641020103
125.39029786194752
126.63639864144716
114.32464011332101
135.77489632784048
126.07525690515149
140.28980937964434
140.8366855397919
145.27942879059594
174.8310912408324
169.91917754842436
165.62391072590708
188.15956434195124
186.36841193783755
176.8637189526193
164.7488898493742
171.29001038313882
173.06992669870223
173.69235344742677
186.88902673509747
169.2167346367202
189.42445561433
167.887189229329
162.64658370652774
165.51784067634907
146.02857504673244
165.1647510755693
173.7011358247141
205.70164633721785
208.74721428763303
216.91974098687515
201.28438193418876
183.5038994975969
167.01517376856714
175.67571242224142
161.25747537274833
183.54037481954725
152.33294279494788
160.78125275937305
160.38792840076502
147.93969946780857
141.8466370628834
156.86534681310414
125.39230171861564
132.33792406402668
137.58919271989856
107.57707690532455
104.47480245124677
117.93027376083245
135.7079200407108
132.24061477158833
124.39393879710519
126.31149181356267
112.37873437228734
149.78126260222194
166.81866262572413
178.80133768455548
173.70607447100642
172.17855421994423
183.0442959837087
156.18801875596185
130.8900921253863
136.5181425351138
96.61029009342928
117.09014635008282
132.96554548251743
156.46656846882632
134.34711256340222
146.0835723899453
162.77384376891095
132.74298515771952
132.5567478174741
137.00401540249476
119.44673152608443
101.8273795111654
122.97252429887463
119.5262491252405
137.28582835573886
151.36106962124975
163.9961744376829
171.5505609424742
163.94573731954424
173.17284995066194
165.7794535775073
162.7701815936872
148.65388790758476
156.8167230061565
155.07269671158986
154.39946750080992
134.4061963467547
143.6463201070739
140.61101034720048
137.19582743929254
127.66562230481148
138.2927377305751
149.3382680194331
154.77219726990094
134.4315485987455
131.60435175809283
153.30959478388507
165.48312587680948
162.05412994698492
167.1747499674784
161.26204877267963
175.908662494781
156.46432139835568
172.28442237276772
172.87591954602144
142.22005512731963
193.30651410186894
172.6711991808597
171.5285310876935
169.66579996995853
161.17303296915074
174.62800675060592
174.92186920809348
175.19467453851533
171.853671962106
176.0267801727973
170.81227344882296
146.84924805327142
153.07728006679073
118.19573240527077
131.0487783786309
141.28278173964702
125.22635934652277
141.70323214077354
123.289345773006
147.61203778643176
155.6579777417796
134.47197549485858
164.2070711592591
146.40864885153434
136.84698140240633
139.5393064391888
115.48252646544992
105.08616262314725
120.57987836065499
128.0264299750622
117.68301336772578
125.16142273312956
129.2251173144579
107.3228041811216
122.3003109989199
100.9635172365175
132.64013571258562
133.715906240688
134.6033175991093
133.98141565190178
132.9552152575619
153.55786882543242
139.771494263321
129.29328987457262
111.49088830466616
107.34092500036724
122.45659903494096
112.38793870646197
95.58647998354024
119.07782930931575
116.38864747984167
113.32909020665028
109.6691968661616
123.03122997806874
131.9104363161438
146.13168267240292
145.4302271369552
141.0860818997844
122.70776723886995
120.66287713276095
130.3757701501958
125.64297750082662
115.71548636317839
117.98669108583785
122.44904721847551
132.67021075993182
149.98697255788034
156.14710739696847
162.20784304494347
160.09887376605786
164.7659761563447
208.59337100427086
184.6349861973629
203.1794413578861
199.3298561948983
209.61142670587012
227.8178595148159
204.37164800894578
199.1684901212563
187.38432049815663
206.45972989219644
195.54114702856953
184.34736674401694
198.25479556269494
197.06530828628985
200.4118893184108
180.89348113580775
204.95715096482357
212.11723684878598
205.58174746487353
218.59397186957
212.44479002777348
222.43259529783938
220.7054333197614
197.12720060144218
199.1467991913064
207.63136558406845
188.36027746467892
190.8445201755775
184.8302567336056
192.31132023424118
191.3333793370553
218.50997320219443
220.64360176625308
242.66129805277052
198.69977053370485
203.00001221636822
216.38251808777977
233.92315247552912
233.40953216866512
241.6644999086946
246.6457809007732
231.5938553608351
241.97375059616445
254.64665443185328
269.1208477742565
240.11860823258476
239.15947684835498
241.1785440291397
247.0094149208247
251.11484087029908
227.04685888854
216.81417954787304
225.2495653803087
222.943522775185
208.06617318148975
189.27306380860668
207.95328084676308
202.92509784376387
213.01449274145673
224.90105051902876
224.2010883359838
243.2123954973052
259.24097222516343
264.18670931716326
268.58831348666786
253.8687827366888
270.9875909292808
267.97488999300776
270.67060166398284
258.2447492759571
255.47215426618504
242.46078073947578
229.20854716872782
240.45730756773074
224.02041763563363
217.8053735822864
229.77971173168675
253.45452945414746
258.00686767800534
220.68934019047734
216.0655736327829
207.61128784293922
197.4820898405175
185.20005348730515
175.1205820155699
179.90039061745162
152.96437914852976
166.93936104838673
141.18013444848762
161.88367957349996
175.2387633726372
178.78334723888975
178.61138175037198
192.13403491796583
179.38382420923708
171.6477155610272
180.80468625546595
200.89084934423025
200.50824338367917
187.9129186446496
189.29946188164706
191.3286214326283
203.94612209140993
197.42044890816845
172.59287301144025
164.8566161126558
172.51298874256045
172.542318556775
198.24071898024675
204.19413774630584
195.1026131114599
195.29990429204267
197.54847027246436
199.100842362427
205.45905086876704
178.25941726684508
172.95323567957212
173.33438009150964
199.35504869778393
214.3752241815602
197.79530726753026
198.85216730086833
217.7907542818341
195.33421173071133
189.20959808099022
196.83206327781903
199.8808157178309
214.33382493425785
224.65851483128804
226.26288189241868
203.45038903852623
207.4725453628058
203.39546738136582
222.79341990266917
240.59697486248155
234.49198934732573
233.33309704976372
214.4869401611724
247.93779368577574
244.84616710212083
252.00890632704625
256.395036898008
237.82393545720487
243.82570561257438
272.88648117035143
256.4633715758445
263.58447127609526
268.76001252652304
255.90124160421206
261.9961019685746
201.07638609763126
244.41517446860368
252.54913352095247
265.6331263316464
271.2601404901664
272.9057347592126
265.2782463104219
247.67216013736268
251.4016097698089
251.886692676932
236.1774627541896
237.91551778047014
256.38814670099873
219.19068448147738
216.01774456716035
230.72721556641878
234.85969125642455
243.70627365965703
254.75482895548927
255.03259964167768
245.4898271421662
270.142620119587
240.88599630985237
227.409185764556
232.54511931425807
223.03297638276337
245.39581764189097
254.71689789468329
250.17170431299047
244.1567406154454
246.10640017032637
222.87932278935844
245.63052867954033
247.33666332488497
246.56748621634821
238.33254838369305
245.82063304800755
239.41703280931046
231.31801166119212
255.51225594997902
231.97340749756395
239.8318111628024
248.47980556352164
227.22487630665455
226.8491266199832
253.83468100768943
235.46572563173754
251.47102742130318
277.0020014174803
253.10498775585495
229.5851930154354
215.02800366853413
254.4202398238367
269.88201511298524
276.560720086571
265.6732218787911
253.76709035395325
234.93382963552148
247.28130858856622
262.57979360202023
264.55990787147255
295.1546246970519
276.6055613575335
286.5946045362672
252.0985607151309
258.325012964755
255.00769456591226
221.88445535521228
226.81993462931595
235.30611120119255
234.06810239372933
209.27013683944585
206.87060417112465
209.80294755405453
243.54782106140692
235.58270327600067
254.3443322928347
259.3670053169673
284.34748403796146
279.32584745478914
251.1587122067691
230.97362519078777
229.4653150136099
230.03297160839108
233.7756062738675
242.54570867340712
211.93466059897224
201.6127086221747
237.10509680857737
234.80007821345532
237.92605259410846
246.9457401107681
256.360156535613
245.9935174907796
243.3398104054968
266.12378540096785
242.2177794206797
219.6693731578468
226.22831315432677
211.0864080772742
228.90009639379693
217.2022745687081
240.50966840595945
229.9955641445338
218.66289321653798
234.97311266591404
234.4333554754932
241.21193615805106
221.86970192568805
231.85909623524935
212.20242212851338
211.65481719375424
248.63986879421896
255.79976161724693
237.45840315993632
248.3762483413549
232.76859682325153
219.67322606141008
192.99896431649535
206.08548283993554
213.4581314376338
214.95908712748871
200.67504702872634
198.56546323741216
197.05234024929246
200.48619517799474
193.0477164517241
180.69206169842292
191.4146608550627
172.54997174355213
179.08174478693883
186.36693052628007
177.3126179919018
170.2310364100511
169.4125196805583
160.7296003169812
162.1745467310161
176.12710962055493
180.124075797997
161.67863255257743
170.79095993591497
168.1110449242187
166.44862088582224
174.90198543306525
168.85169812879863
209.0945296997111
226.90391979881727
220.74475775174088
221.04025254170557
200.12169399358106
195.95306625394045
196.21914329258266
187.31180991246595
188.9640557811825
189.15514171573722
183.9069537554358
168.43995015164893
167.09189950173902
175.20355302699951
162.32653969659845
179.17771415795616
183.16971622214058
164.16655408425441
158.32677462340502
163.67127751774493
181.8724337636688
172.22866893024394
192.56412436436563
192.7150498591041
165.9692652595366
159.6353652524751
160.0896915204067
154.91109723758876
144.51878327954495
136.06153408990127
128.7624671579602
151.58372078604978
141.22904924101968
129.3506165368559
102.41080484879231
119.35369220047843
135.72365283195444
127.10264830056578
145.6918625270906
141.60592399190426
126.87133066742655
145.97340544505067
152.4312327024491
147.51567366166157
138.10213201376337
159.30558573409238
179.86805216865486
168.09538937354364
162.58711594749482
151.1009834369609
142.2536716233722
143.30942922228485
150.408151700444
141.1669770054297
150.17061608180782
139.83716993633598
140.73422527371554
135.92458873928393
135.09231823460382
142.4087579280088
148.5734744114697
140.3852141698914
128.52846135347556
140.40314840323572
136.4984718032168
135.57298584432027
118.6425145123099
127.29071439561667
148.88653787739747
145.85844954351123
148.34697283357522
170.91380663921277
174.49788013592507
173.4843599458243
196.20874718077332
186.67198362178067
150.29274937071298
156.57699587979258
164.983718196617
151.8515249488249
144.8883027836215
168.9302860701691
171.75913703868437
184.1958367035291
158.2730417639961
159.54946623410873
180.12328324807342
183.6330746705918
197.3025190738259
193.74378955242238
176.43685545518446
189.3937278406413
192.77238523601952
189.24320514806956
184.47661431526308
192.20252698510456
199.01635663197803
200.2094598779845
207.4594544012998
167.51291315104586
162.97750515858485
183.00858793524552
188.7880992689296
199.7419300111793
181.7702771492936
173.20226409220734
175.74694142213298
170.47415158380272
169.57953841219316
178.65292174474357
161.15415389814626
180.57453174556815
203.11244682327106
175.77824815359364
178.59069902089556
141.29109447998806
164.52430650339917
146.54987114460255
157.45179952911892
153.678566797186
142.3858274376347
139.60098694935886
114.75967005823372
127.17530249253521
116.71557942989054
94.91114523625166
110.5096946382879
117.04788061792269
94.79466328526568
110.23016565745296
100.88641150080082
100.57746457580625
119.46786086785967
111.46564136853908
115.11872061899986
129.4743326442748
133.4623381615517
134.57457950958545
113.79943682743666
102.80802571747775
89.89550624614533
112.58380595999472
133.56006708602752
122.2457075550342
120.78514357683727
123.95447611469638
111.40316767786408
114.71298918501519
110.42400187839795
128.91536720701973
116.43775262846523
127.9467611166259
138.76397016837137
141.9516981810499
147.06432629696118
165.1164028048372
156.59045329701678
148.56596894812014
157.0677633643884
141.15673291645004
151.61904651107358
149.04228580993097
116.56031831677613
113.38030083109203
104.43751157906972
104.44581991882478
99.54340197555774
106.57211361141431
107.8607059424501
93.37252164502425
104.92062015582997
105.74362661960633
132.99562797652527
134.98304711024986
131.73563224999424
146.19307068974064
153.57898103885566
168.24706710877797
155.02137165123386
154.91763322577717
159.16759081629397
148.2286870460738
147.38476984600004
164.09665453379236
182.9317446174202
202.97345809898565
197.50298753032087
177.89459639586923
159.31851317721683
190.14961562379753
174.54315208684417
190.85427710526815
204.7854044770037
190.1685949244803
204.35603658098847
205.62793326846082
233.1509102691947
227.2742179068034
229.0226280126268
224.87273461682943
228.6095469498516
216.96199249819676
200.75473696953932
231.87637964691618
239.2289967202035
226.3670010217804
256.3904093766994
254.12897764094174
235.5501340465844
238.63232404300228
252.76694741202112
244.9944722532429
250.99097319006378
224.06922520046066
235.89115982839436
225.618302582607
198.41036366616632
195.30976313006371
180.63621732363163
196.0899116500349
196.26024037897602
202.18194384738567
192.35462299971354
228.62648646027867
232.90779846936698
240.92780155064082
226.34191336198808
214.9642540328126
190.82971776414578
212.86056484293206
200.0944411107092
190.70036034933452
210.20702353392124
193.69943146611462
206.3525013200257
202.78168713886237
201.0836586926307
200.81003457069284
213.74883823208344
203.87575420380554
182.16023068451616
176.60772975841428
159.7188348167434
184.21395900263855
164.7575671180491
148.75065575474565
140.55909485364424
153.6160802629665
137.72834741806358
141.2787086607117
138.13973459191988
122.90838628377199
131.0357861262347
112.17535953548949
110.36954844706509
131.1125737259529
112.90916022111313
105.39367443951673
142.55330544496366
125.96782596456038
130.8551696314089
106.86713714496702
134.95080633952938
138.88446065110853
132.82904476558622
96.99466736024802
120.17813394663078
130.71389355854663
141.60975721456643
124.81098948440581
122.54744224014146
118.04618091025702
105.4113316818636
117.35778949099499
101.14993288709782
117.23375433051471
113.20421244997188
116.00952410017611
96.69390437236937
102.6328349100398
129.997964153877
104.56109679971962
106.40122492503306
102.03280610773461
125.19250249236387
122.7201526968775
110.01444820119758
116.6528087969725
121.31932044715488
115.88784659018319
109.00405473747085
97.79908111836457
128.32910233005444
127.2747109542301
114.3283465122023
83.49232534557902
115.45986558691904
109.19612929280588
100.94397638773623
110.4745903214593
101.23690918122918
82.3700401230693
101.4325071540906
86.94816295830262
103.94177818573439
102.00119198820661
88.47778846134537
113.82317722735365
113.1163966687683
115.18153775199335
118.57826298517898
130.1176756796898
132.9576794769948
136.81862657194773
134.39257887891586
160.13805908406127
175.15034605851253
161.21167656473727
145.0430398150019
171.6150311343815
165.22389736544247
182.51805875821543
175.68456893510424
180.04471535665067
178.2398893066222
181.89001625058225
179.64196952869855
184.1771290388461
176.8945560553365
190.24626906790945
157.94033318773447
170.47838389859905
141.38182646925418
174.86030628395622
170.8070262869846
172.19730162068984
196.68663295207205
187.16850930750013
201.71660742957258
188.24436542253352
194.93231102676512
207.6845887305326
194.8782169435145
201.6494419575453
195.72831048195644
185.35103385743284
188.7360146872529
185.99275475140058
185.42499471136614
186.231848165227
174.2868730002032
182.73857065510347
197.95750037094018
221.44825046855686
208.56543914269216
183.41888481775752
204.2494318664521
200.8737474795991
182.67891206256996
186.44607928352394
180.36123439554896
178.20168794077932
161.4864441562619
145.62064441003434
171.05874125469023
149.1841922421807
138.67577739246937
155.15343394110434
177.49708367541496
168.30685210688065
170.55163843212785
151.1262702190771
182.64420617731594
192.19333848282955
190.11475518074266
190.91998993845252
203.99846366675987
189.37073957861398
168.34378783395164
161.5988387219673
193.25318614980756
198.5611603677283
182.7706030750419
188.35764616371105
219.5331456724247
222.83484615998702
220.41211338663769
220.37288361536207
221.18679511358187
248.41265516924753
248.42187418111416
274.27867580559894
275.49449068588365
287.04613510565616
278.4155427404891
281.9214680183951
235.07226855927516
277.7640773707069
240.75327854498428
257.6273648036255
255.62151302761964
258.55979086438185
269.7135179128368
277.8957713898624
258.9597609407994
241.952590909481
238.87494069442698
233.83182833309877
230.7204332405305
231.81243910375588
243.20692129982953
214.80845437000485
221.40501960340416
192.40158470983
209.50997113139846
199.62116212172634
181.3640022682068
183.9238036952368
155.9735679666848
162.42747872186715
158.4964483588603
148.9104944504498
150.81878244144747
154.88488013624442
142.39634065980118
126.62193346168736
106.76133910802463
84.67028586874122
112.34999386567254
112.52987521079467
109.79825718335493
108.92748312170986
99.35134735526225
119.17305744036726
125.8788123449818
121.86368416972367
117.48141270600266
105.31220366648559
126.51576036275517
139.5348724939196
105.0804482836115
118.44224113737386
131.45785720201167
93.35855918374253
107.44243669545193
133.96124786088285
141.5320579972975
156.8217946319149
157.731577297453
151.40240007821114
155.44790225513077
154.68458997497
173.51311389926457
178.6121660562649
188.29874027594312
201.29394755920973
172.7032412415659
165.4330706932615
178.00633875723395
173.3403165047251
141.72083526754022
165.4374176518151
140.11407215035695
142.3647221732188
161.25996355001396
178.81589705554993
168.62220656613403
191.9270104203823
173.3151618178681
177.13104945605133
172.2147650669977
200.39576305451692
170.4297200169925
171.53759342169113
185.38166209209058
163.53826766340111
177.03103261268893
155.22129345396527
163.7110130885815
158.04533668240174
180.28852717845513
125.61067357514781
139.78531871107123
167.25716147591183
141.22534745544056
141.18002834441688
126.09552758810932
132.3096674432076
127.46583322875016
128.9820081402298
131.40408070457238
115.64968208979188
118.70497268768023
124.02045705118923
107.11695365172966
107.73272082984752
87.44825578465314
104.2088540182718
125.7408836165344
101.66215054366724
102.9308870503909
119.43900700077002
114.19702386275912
135.47315031073978
118.47110325448648
121.724906160557
139.7991855212256
110.7584713837851
106.54150131309116
110.47174279692987
99.62663224315982
130.19535274939093
119.34393097724207
117.80776383414033
97.25359709087245
127.57265950289802
92.52589118134026
113.84310754357234
119.88483160132706
105.84723750270335
92.176602567724
112.93571597400546
116.01521948248077
113.5057226740833
127.74247958992632
130.49018980139417
130.75843916380254
127.31930177123618
132.7124203746061
143.0843815728714
152.4924897118612
151.61638169698662
158.3312599147018
156.6302612762666
135.2303107094439
157.19645934307172
146.29228333510724
181.86202847663114
153.6606634139423
153.73872717538566
173.16266263237395
181.89794895321265
187.78708676842004
195.79423035818917
204.82230433389995
195.7326477803574
187.42281891920805
199.66278240262199
186.71777299541708
216.58141947892372
217.48136723217254
205.35972856973675
224.96000454430853
248.40654524828787
245.1731755858017
269.1845751994602
265.52019002667265
276.62416256804033
283.114920676394
279.96916685055953
260.9013441830056
273.7511438465946
292.79756844031556
290.2242540569238
288.91017033897054
276.3761569070925
281.38045747770195
277.1117585862528
284.4504074586023
288.07882256523897
274.8539778817232
269.6054469367557
274.69445244062683
278.25247909651114
282.68046015788946
282.87696962331825
265.8833089248697
283.7685941775969
282.5924334428802
273.538295468426
256.7905088147204
264.75257977867665
266.8523460455461
255.4485067383791
268.8916554968914
254.4222647482176
266.28511503542495
233.79876394797776
248.08226903929042
245.6462927768186
198.92980610681158
223.62917371694513
217.30062712001765
211.03183300566397
238.38040253997323
203.60176853914447
202.56655033504046
223.50246087125595
208.22952497764126
248.89856975479145
211.73845083916075
210.4903688679899
206.48422476653343
204.92062302936606
192.12710407882813
197.07322572217996
195.92935875494538
183.31792005143194
176.55661231613664
165.7882572210096
154.46402977933076
177.76477927053705
173.5818950887856
184.4204212833938
158.76421595498832
165.59805653592522
171.76333176872885
171.68595464261577
182.61370413149533
169.36192409336834
151.12647517883397
153.25821139215398
164.672157350605
152.28147443430566
158.00025721955404
170.22103035834766
153.29393398364076
155.0246313505367
148.2231087410122
167.9975326892646
143.54437156239257
147.22045920896753
149.70062385552063
166.9634501055114
151.42912755379157
148.5566865408957
139.07778598170682
149.03976094110104
147.93651957322896
174.5155483141455
171.18899803739987
180.89686224181247
195.95157020437915
183.8531594355873
178.13018468566665
200.44717821397012
205.791898655861
187.94573537947252
195.51113246752772
175.2089570111793
192.94292635244804
148.20992303625948
139.39264152870965
156.74478661752886
129.77885982130127
134.43363400010992
157.19661506828143
162.64277972471027
143.52030505666406
167.87735445649344
144.30781365821943
151.81136981281048
183.42978372823407
191.6887146908564
189.40119162448235
169.9680616060121
161.7176680835631
164.95811626539663
161.71214033999146
143.77164139201773
139.93630360699
140.12641427324587
150.43668443778796
152.04179595780442
142.4531168331837
151.0628241255455
143.13548472969802
155.92441326415778
193.61708749562854
182.1629814079304
139.19751448688356
154.68811597913083
139.22988910040777
132.2534185025868
124.57903731190073
152.08155184996141
147.020316134647
151.67958852534278
135.89464955773653
152.91030095004388
136.5643147104598
116.28770096182943
94.55440360668062
90.67442584361473
108.48306085168527
102.58662632754121
111.88742833995794
111.39183270741636
144.01068674553696
145.5272928566519
125.72056602119412
146.42023246845775
138.5639443209892
142.68386328894735
141.0036989724838
146.18209214290823
147.26306007434187
161.72371903653072
152.85232948611937
136.4517023560197
171.67187519100437
163.93723420016153
184.72562291119183
189.6367711202567
160.40461017281308
162.5984591206483
188.56474215186435
191.0275835716925
212.52900332393534
240.86856690677826
238.5549338076988
221.62287456787536
241.35911306087115
246.78821241681325
224.7072543114728
236.93905964575725
207.03551060479938
221.36495481484437
222.16805406239413
227.2167998804165
221.72275913382387
213.59252113016714
211.13146035564685
208.62823272130635
244.60431510699505
238.0029354891027
223.55927473986316
191.04371702967026
181.1252456669706
165.83629288591717
168.07318181192136
178.17242221715773
171.42608748142558
175.41520545590467
153.95265464584003
141.10689319271827
118.52570288318032
139.50685488520554
114.97886722688882
118.94405929265196
115.56997229454409
122.78957445546979
106.75444135381937
105.94294622074285
95.07843796135866
104.89983023259435
99.5093562769949
122.31264100396336
115.90992579347409
91.37431898666833
118.69247290014023
123.76869621940858
110.68991456596554
102.30479231954953
120.48934915769158
131.4859573214542
138.4965987199343
123.46860801330922
132.31919296782155
169.29028089748627
140.34306434481124
106.90633444075661
127.82132759314261
143.53758852883138
126.82078556017282
116.05052128960331
152.76992511753963
156.24705080594723
168.98000894400067
167.5639365665349
148.79888960866697
113.99551717453603
115.6571991637127
108.43506647603493
107.97753821046933
118.12585155948192
88.86146043197773
123.57745899230598
146.94105139077163
153.20875557034182
148.36247138219923
125.44198486471518
123.81121322938765
122.8090630655525
128.88551956770175
123.6667731682483
120.3114306902642
114.31779876977475
106.88296359732534
118.02146754317536
131.58727079036436
108.57150989852438
107.90955925731258
96.69025304064691
113.16051876964269
136.7741264367516
141.82764187695793
117.87355219177365
146.60461820030702
136.4695630284723
128.90321265649996
121.58704573889982
134.7555616948083
124.97014017120836
102.98934368927146
128.3990130969712
122.7534748628488
112.91259349322493
118.14221160662852
125.65628740885556
132.08831697753854
149.8121459271698
143.51092153561882
134.76216826639438
118.0889859181534
122.95655388252136
120.9885391873259
114.5539453312716
111.6670387192374
115.97190979328835
132.75244162762397
106.13759425824462
134.5550739316172
141.26173069565723
146.21221156574703
138.46541803875445
128.0316458365096
127.36849340848316
113.2961169076751
119.21823522297107
99.92587970257824
131.24837301620389
120.69875436688109
113.62024787851135
107.60753465206516
109.9576594314214
126.91415164265146
107.47341449458271
126.15456036102108
126.90601358872031
134.0255328280111
132.64533564567188
166.49456273203836
161.18425105804494
151.20876821735246
146.14008953061565
126.75955961392052
108.7352636980651
131.1400355223928
121.14549607764074
152.43575415986788
161.31107215539637
135.00172376483627
136.2764832731829
137.53849004807523
140.60064275635102
134.58393865122764
103.64642361028888
125.49626240558408
116.03402774502246
108.93887467072877
115.56278427888617
130.0619125500512
150.43690499083158
148.52604235210765
126.55113676124472
105.63336389918149
123.546820934298
138.22028360026115
170.77985356027708
164.22867560227417
180.89389393347867
170.97513323782348
153.6722546931501
150.7299752032818
163.69317256065258
134.13065713345756
131.51423252314908
124.59415948780853
138.79783842701562
137.27561071295358
132.69469276518987
141.6073945873343
135.44276502046438
149.25867018497516
148.30498617397734
185.49833739216808
200.52537282363747
219.4175837690136
220.43649836479707
226.98107457516247
227.1620997307245
225.91708355752414
240.3909009446719
225.54572317932852
217.00988852617553
195.01805678790006
246.23913581333778
239.50807511338002
218.35706561887912
229.42304024307035
232.39219803192202
225.66611694809632
210.9387064605814
225.6254769662639
202.66581553012966
195.32093305402233
175.4921219255498
182.89294603315784
151.52262775264865
180.3391774994017
200.48656660097936
175.88632574735811
201.92328133567594
185.503427425801
189.07144111764217
186.42797287389553
192.25943672264165
198.9983889130585
219.94486195641352
186.8211608128716
189.92446112345746
185.54669254922896
189.79614952754523
210.76605794571321
199.33038199535335
201.37272020542784
205.26493175917665
213.69432993105622
215.1232681637641
218.26325914101866
227.90202570727146
215.4961825500159
194.9584256103647
207.85501413342874
192.62400961772454
169.7915986484346
160.10978439383038
144.91884900570395
146.8589244395583
136.0189820463496
158.94482540783088
148.6858698601969
153.24271392334597
177.3908266740072
182.49228478946074
164.57629327472569
141.31697939334163
170.28566526699325
145.49021237953355
134.2270188240082
126.93210124677083
133.61911124092848
155.8391842742451
160.76400627065598
161.79830641433207
182.47238680308456
176.98129561902118
170.93783604883228
183.26451711326527
188.44459019646217
159.75544529890348
169.62816208841355
140.07059490308015
126.48234369543239
133.33834431485744
118.65921545807859
94.13687360243489
113.85653364523871
93.38667099725589
124.69059783323114
113.29810547520326
109.06804556628003
126.8451960161454
122.07076122690471
126.79875223314592
128.7525333016634
153.8602706471563
155.4105020563909
135.7896048134981
133.5528750893063
141.29960573672946
137.59757632087633
137.2979339995536
130.4635890921027
111.12362142859658
137.2251131533587
159.43396282277854
158.15302562777683
138.71378178217105
128.36877732737213
106.60491179514234
101.1038387847583
93.68636790054008
130.8700669264613
106.01699157704513
116.88833009869312
119.58346609308767
120.50733415721733
122.4787678961841
119.49972007384935
99.1227401925422
121.81940904817246
114.109359155993
97.98948712952583
100.34274197611471
134.52617170995097
128.56257350524402
111.38737236517295
134.37596612179718
136.1580706313691
115.23190117589272
123.98390159233139
135.93991761952253
104.35790452251395
111.79624925371594
130.4882635436464
122.49077021052135
140.29588036101353
134.2264939047095
136.0142033900099
132.36488150009052
159.28563207963958
149.03041654911155
126.61707351125209
108.57218245169913
122.61328175275584
158.86938525668836
152.63307352369907
130.8408898413052
135.38382747333253
122.17846553876657
127.67622679345263
135.0383050740938
107.85678275805773
125.32678614162081
120.4353349042162
142.40216323437556
126.03973646430708
131.87922066086446
130.0459244606141
140.77926531521564
152.73049313962886
161.50031641424553
143.7822755774497
153.83339336531282
159.76325540093268
165.67174598586666
178.77348848953764
187.80888208610315
186.28017398794918
178.49658046171203
182.89938428186628
179.80947639191325
175.51361551136148
171.39189894574974
181.39741249805945
177.2410145686509
166.6486785861632
174.85681370094588
181.15480304901448
172.97489563084775
187.86092547630722
210.01135880925145
226.31857739939778
226.44121095450726
207.25018322667995
214.36018621122608
211.22770154183561
204.403036644178
210.66815645281912
211.05731291122157
199.87584142679452
180.33203242460843
210.73260293770616
188.01829175992646
188.01189105479196
186.52695157896545
170.32491078545274
183.06881077659787
189.01361144549693
184.47814110188776
199.7641079305376
224.3506975276086
212.55690784462257
206.94492445856972
210.4122428314137
216.52706784471044
216.06501584177727
184.20348697764513
195.94522750932722
209.20705570004782
201.06294441500344
212.40323176030762
203.21489830451063
194.65727965119842
188.64440023776555
207.13522529080925
198.32269181097746
200.95596645344207
199.81050112920323
191.16452702140816
178.42861791080526
167.52422672018457
140.7429974107192
119.46849432577532
140.92472511984096
148.80334298766536
129.0395966805269
144.7941244766428
139.1105980268389
161.9402654279115
164.32834252034286
141.01397440664047
159.32356128484645
154.9534890633728
153.72665131885933
171.98354705055903
161.7103135549097
147.9922904765159
148.8108722795873
135.0048189438059
135.57786713202975
132.92305904483032
136.09329214702785
134.2233754750704
128.15825912668078
132.70869390535827
131.7233581479287
108.94090174979961
129.58265020768008
111.50115386453885
94.5783817594354
111.37365865048456
101.28069021148706
122.65111657182521
110.5560688101142
125.46449943505576
151.08706241444818
145.0474152143931
155.81746017264385
161.60300254058023
167.32916951753884
157.26836922411115
165.26335192697616
147.13206552522226
156.55387946700944
159.32310872481034
168.55598659398228
154.88005790558168
161.34378802766005
159.82565062876296
173.77394449912939
172.79015290567452
169.1234737413088
171.62340686234793
198.85930891619319
184.19431945828222
199.57910426855062
189.55570294315925
183.7386711697147
187.710725912901
176.14699164976133
201.2094049456831
190.67016030364465
174.15911623715792
202.60744435785597
227.14984282987234
204.0233600743732
236.97155085671017
243.97576976323683
243.57226269652216
222.7200751893652
249.11497481073204
247.9457461255521
235.19192059358733
216.09917850988046
212.06327238856434
210.70073386424215
192.17021551715925
204.26245281989353
184.6640578296133
193.23130972061753
183.71481531553192
171.46660062366678
182.00188701683814
191.16935891969078
195.1606046019118
228.2310246894174
192.5406463184367
176.53621909617286
162.1926539200511
144.56377667918284
148.42487054402324
141.0005683715605
177.97839934110064
161.34879025577345
158.40677236281124
138.7221967171572
132.22830056663517
143.88011503392295
127.34614709637302
103.2170441832348
128.4311081003431
148.6795088612914
157.66191999974885
152.92869048607128
154.70777244578602
158.9428473683775
149.3216472017117
158.76054575893642
146.3086495703469
172.4507799563134
195.66891177160383
199.80171633516412
217.61387425618284
200.5530595125058
189.27677627263088
160.91503774607898
145.78034178786461
137.3934804437655
129.83989228284688
123.53501158188816
134.10143423080774
156.0486134577373
163.2354391468325
171.26518514436623
170.79960680310228
178.6655019861075
164.7959206684314
177.63933282846997
197.7757049224263
203.70611237472508
189.59222179036112
154.94690756004965
163.92168392594417
172.29565791186812
180.9963819737851
135.78120785288849
186.47352425918433
194.64399708316552
170.80958774640598
187.28590818746522
153.75872907449633
181.26558745458132
193.00274121364683
213.6558882984033
203.80233484744176
198.49604961278462
218.28249201462438
222.5959071183463
227.99652146297197
216.34963135613344
221.85673178037416
217.9400142110472
212.40113762799558
194.6061127249458
182.61208992318183
183.47303916779973
152.10936366314633
177.0887745144485
188.24958527472904
201.38787090852506
199.69815064019943
210.37689299769738
227.08904840023516
214.8933996212989
186.16264011809378
167.6959137332716
204.58907288012685
201.29939593785843
185.89920875139217
179.66130953254225
199.11884328950833
171.83027457403858
185.92031328056188
178.77559832163655
196.28750917731446
191.81577703925345
181.25731345929876
220.53205322310887
210.36678098823572
235.07183269937883
238.49576977213155
230.40148809352914
210.42839322084632
208.55949919390352
193.0356542860239
186.22684688426486
187.2397784724904
206.72049449701498
209.2069581325688
171.69512499140066
161.42548938789227
175.27823550163313
159.03157308657362
162.30476472179453
185.2981010103147
210.7666025480855
181.04178968849385
186.44859327774006
187.83534947670105
197.2174303530114
178.49501252100066
173.22307447849826
176.90239087645116
183.48888011332988
181.35358422867347
185.45918012009267
178.68003379495227
169.99652606350227
182.31087238192532
197.58384018617807
180.40110268904306
182.17653301215444
185.56515547414278
177.48934919160249
175.6328811769897
180.0400093415925
163.54920107893267
185.05129538820393
197.89534098482056
205.2603331804938
213.158483021075
193.7606689243211
202.48034551453065
193.38374334652966
199.89882267304512
208.75285440070246
200.01774705686057
191.07747247731035
215.55821236560078
223.42289538282859
200.51638280625758
186.71476257476988
196.37791099008496
200.39585036609157
198.4029152361389
188.19670200202347
203.4818068867762
180.93385285857323
180.66905884384244
171.56143797134413
145.09013969399214
156.90557376506382
143.6808978789981
162.77696707442303
129.52089161288208
134.81406691753705
133.21021196530296
140.4467754849629
147.30404142695429
123.87402774765131
119.01419746558499
130.07633083721223
131.0697434109231
128.34202351195358
132.44143346388526
108.71841237832555
99.2581817615969
121.6161639745521
128.65671690494588
129.978796152946
124.19129426765292
109.15394048172462
85.75963246391025
110.66870611892288
105.66205258024479
121.36461467424947
101.59423227681441
111.98601282847515
136.63526207997515
158.85586265764832
149.8461129288146
174.24934398884648
146.17489670894886
156.65272912195988
174.72090122982232
177.34029424489674
175.4111733380298
163.70715792685513
172.41111753733315
176.20229921170403
186.67184688168413
188.63393559722192
209.01221762613997
215.44527091394568
213.40510032091407
227.26373112906617
215.08432630415447
200.8169153492692
191.50809546117034
193.4471239010529
186.5015894695479
206.7672700171166
213.9520772588919
214.1564389361385
232.53265775768764
228.50279457303455
230.59440347441807
236.76511484295762
222.35752911692552
240.71595306518594
221.48573858709733
227.69082627937178
219.56270768111202
216.6909068155907
205.59965072848553
231.8341283427502
237.49216105395178
234.28703476359485
243.8172642584049
253.9007348491427
244.70302653685133
230.59074853936897
248.56303972486202
270.03697381047454
276.7684284744669
246.71216155120769
247.32832169291606
269.62929573457205
258.60973409167235
270.1515459656645
264.7195120434367
240.20565285794046
250.57882719316152
256.0824168027185
266.1736067548905
288.33716479186063
280.5541789966546
252.26921791184574
277.39175616961296
262.3501720747983
242.36894443660574
248.75820104692474
239.5689788048332
236.37869804512943
196.58440399642444
208.6699774447689
192.41220759565488
181.42934349344964
180.523588679612
193.9432009381602
175.4422577869787
189.83465153685808
174.1062148248976
199.89858792125642
193.58979244009197
203.8674125466197
187.35396025570492
186.68158293643643
197.50132665129507
210.08840827412013
224.9299634183966
219.88380127287988
214.12483145027005
200.37839971920832
185.70422394819647
194.64356559829852
213.65599362856221
203.76914569281044
195.660017968724
212.64308948639072
217.2080284626606
207.15881018920936
219.72735750822306
226.89727461679934
202.04110357883727
228.5752549344755
210.84755953469264
196.34044386090173
212.07486175654086
201.7018348944899
180.7415117169455
182.95633515420496
176.25158640849688
162.9313093664081
163.18961863305404
154.86622441760684
147.57016815152184
146.06337486951855
121.43977299357093
111.53398984992614
90.30817195693406
113.61787811651097
83.51394102707096
107.04441574939679
124.94476185578927
125.32170475871638
119.22400511857447
147.81304829668335
161.16655349902535
166.970508230471
178.6370851946444
168.49942656533625
153.91450641643198
164.53240170975076
147.72597139194443
146.17826717709113
157.2923649485751
167.14916931410502
156.02055841914017
159.3378776752198
180.66543980160912
187.07303141113675
199.03553564858183
190.45454661599572
206.95309227869467
226.55504165907604
245.15746485551244
240.06257755768073
220.34409617080237
226.64980183369076
208.63474974063726
212.97963160533777
205.31906787293326
193.79573072279132
185.29501298679114
186.02980661765233
207.1572567788542
219.5934164935582
190.67763885163913
198.98799454863519
190.35989001034912
216.12669814498852
211.93548752540494
224.1959525260283
245.34743233183818
238.23506066026349
249.9500356511335
247.06545806118953
211.4629906947133
235.96065940830016
230.15948561857863
235.62140700525566
235.47459931318238
244.40235890199173
245.63672880571053
229.35908240776627
254.9124488055772
240.45802766469066
202.33534245593327
185.9352250759464
205.10091687922278
207.4656259801931
192.47784357182547
195.89152859586414
221.47377936511924
212.7520121358102
216.727783216411
209.43128871978482
234.31630489369235
253.09119070817067
253.41980472873806
263.4846713379449
256.3071274587078
251.99768083246158
258.51020496827164
259.00456323645454
250.10603449580182
226.40872479422072
254.28373541679133
243.61551269446988
247.89867713714935
239.07265492572697
266.84028989505316
280.6147895913767
272.5272904996332
281.4803454209827
282.19149617189254
274.7025894687164
265.90597114005004
267.96468092807584
275.66610491070156
280.07985598763327
284.0743461087868
296.0625328300192
279.22387006645795
294.33346496653866
276.50123803682635
255.57992204590394
254.46756565919537
276.39297153113546
275.96604310249586
252.76577101335798
232.29131435459797
254.9314779491687
266.34224277329196
257.6241543671615
279.53768481727064
241.850636677496
273.671482308933
269.3761238431336
276.1533386230818
282.15899489911277
289.0609121204794
293.9387676081199
289.8944510258168
294.1376977907874
295.93906058064624
268.86459357445824
293.05744254093605
280.19648995852657
301.0665314939028
294.3784405900917
302.45733041496504
303.76458887886685
300.86382030237763
299.3369709067589
294.7670857547499
297.09030169633394
297.6475097579724
298.02558856186465
292.8698417067632
282.86908192903417
276.62029731465736
264.1703068246455
265.2413330925655
269.1545115263024
272.19820338443577
277.8769961951502
297.0923098768036
274.2852767691458
246.525190318314
262.31084254835497
267.2888897698641
247.852548132561
257.89463677651855
237.79029784408684
251.12212129213555
243.1202070221319
247.6150743340591
258.2584821331611
242.0888583277267
251.60089677334423
268.45135353847206
262.7505527707559
266.2742272477375
277.92361125306024
261.05996090148346
282.614257884604
292.1975251525614
299.914961010447
294.04783180526755
303.58925063245624
292.42204579586894
305.6205061355654
302.33086216726525
299.9993443060513
280.0264891140629
293.86972018721934
284.4533817305005
292.1386028469436
295.11152666472486
296.0423470942483
289.5275299044007
290.8458318785774
288.4485874612916
298.2706774909669
298.4275589712686
298.17305228289564
282.94694679078333
288.87750319092373
288.20815820685914
284.7936547089859
283.3322087037272
280.63760390804924
285.5724637361174
284.67116797639
290.1399685803013
288.1127012815484
281.3980792419824
274.6270583063832
279.0773537462483
267.1923111532346
273.6051967734203
281.82522412716247
293.1071000766449
293.7001366469396
289.06897709649473
297.04085726693484
287.94836994571165
294.6171297341717
274.36395466290213
261.74654495281436
284.7848246067384
269.8666242857337
289.9873431950397
288.35359713220186
293.05252377133775
273.76491792755553
272.98029709005124
278.7139993822779
295.84448775892946
291.16773060724097
302.6294316567087
308.12314147440514
309.23462384236
305.53858671918766
307.89940586175885
301.7129682426063
273.8127180379723
274.8111113433592
255.52123536939095
235.68629991232578
234.20661610548314
255.80528520274044
257.54419461692765
234.9341110054428
221.0140860784245
245.75810604032296
236.00830082708342
217.3967685984021
219.1146388845779
224.42186077178047
210.95298516806406
203.1307555652505
216.39383252802642
204.6744875024807
192.03969913250273
187.8041093055016
201.98579984154523
189.79600412449741
180.21805054471264
171.67826585985185
178.95740163230246
191.00005201585648
200.00798239251958
226.29375104636387
208.91174963640904
205.08271894955595
198.61607550981964
204.65474796531146
201.36020250884587
197.9673926406842
222.40364865144
198.95206963400926
226.52268062423812
216.29242394847947
245.76982474211752
241.66958119579434
225.1798450400127
212.84742602732933
223.5522620956107
242.65514971349816
211.3550898952234
230.96459466852926
221.8014279001606
206.22662610211
224.59891662811665
214.31394411124057
208.07607063939585
205.56495422340447
201.3823554565821
185.74272666107873
196.65444147647807
204.98570481738318
212.7314240334256
199.91778775139642
220.8087546359161
225.58524833598466
217.12275429284932
197.65284868696534
202.68686956919535
181.44868036345702
202.7952703664305
223.53102999551302
209.5778812556007
182.5772486745265
189.34098052479524
190.35273788272306
180.44207771284033
173.23822930525407
200.27517425508424
188.13654662748766
194.18082810197254
213.7149529830401
190.23347390049264
204.85743193832022
175.54138904075
172.70631553306322
169.95518475874164
175.2909621658676
161.99460541080362
146.5219296566948
155.6018889246958
155.37966869792726
168.10544394527363
155.15586604458392
135.91255656786024
148.97786918590444
129.91316887255144
151.26076204469086
122.12177284264737
123.52742410397357
118.62512196642341
124.32400544702011
129.37775644002528
138.9099200732949
127.86283670700786
107.6436104382051
101.8536450411547
122.94549364299696
116.29252877911719
117.91713002035347
119.19163731951527
135.7587310006938
141.71542786624283
123.0797747910912
120.8716288075718
116.22028296350626
105.5870056953792
138.2044884432538
119.57682746092667
106.94195548604982
123.98231938268697
129.2036323287341
144.7332738274332
143.42589449897991
148.86177041180304
169.28816060222934
158.54820482748906
136.1246427049499
143.90062371475025
135.56506865070983
140.19093303972622
128.99097396187096
155.12411456864726
147.6915855465215
122.75754155463528
112.37289174529562
138.30189731948286
137.5464582844677
137.01280897020362
91.19587653060549
133.93630315599026
154.75836687082136
147.54479409996327
144.62663334929454
153.78695393135465
156.88131313573652
139.49177189542965
145.6901773321641
149.90536249098753
150.43317744245263
139.4081214394277
136.4881681185528
141.58425362534825
136.07816480812798
121.73773169973336
114.68066529315968
95.89552290045363
108.89006071195192
117.93009850949093
122.4149916191059
139.72420880680153
154.11979829342295
164.14641605140824
136.4386934902479
137.26813112034398
143.19493033862094
117.72246126494703
137.366828959107
146.68917400990907
126.20657108231026
108.80161861485573
120.4570361226439
118.10699862118554
126.16950156039586
133.0698056949878
123.04720640117695
115.14362527843863
103.85486360562105
119.96034178840111
128.97845650203612
140.3519419525566
134.6588059714495
161.28269164643027
130.3749763002892
156.9507832656035
161.63733689047072
160.27899985553472
150.57845894340778
161.61206256773696
152.4864766995143
168.62927459977183
148.6255635998227
130.36040265249756
138.3474900237769
145.54604307565685
137.5438632584201
119.8279358480767
121.31324150848342
113.60234000200774
132.84248298414465
127.57862397368892
102.30786146024457
106.74565510350915
121.74167571827606
109.70634217575696
123.11045395783748
130.6823531341529
119.838463600561
123.47498771420982
105.32555004291636
139.3532751782388
128.59352062030234
134.80154265769278
166.11008454546402
147.13996623576725
160.08748473777388
163.1129560018491
175.45666933649767
153.4605433565898
153.26971899685827
170.36037230719847
175.8587503374495
202.41587756699988
204.91587812147228
204.4069879898408
211.74328636494022
224.87206205134305
190.8963974892056
208.60504375812846
193.445464434497
210.99465573861013
199.45792082013733
236.89754330671138
229.37682255652757
234.79840131680112
224.72522812787437
248.51906929640572
230.96507161614986
213.38290744574712
217.89255705738427
215.35165067882218
218.07672847714704
212.0479444091017
217.91605270576292
239.18203887139381
215.95022191565184
214.9135262060848
203.4880223990584
216.2855359175377
190.2767477674502
196.342013204003
213.60145191523588
216.55421240863416
216.94377672123193
232.22978950342772
235.52238095241137
232.91280796462047
218.6201028824047
203.74583992899466
195.17611185336796
207.0479517342124
212.0133689299402
229.197389541783
200.832449288613
189.00039984815507
180.89746474888307
173.2961607208561
162.4961361529477
173.97646432077536
175.04668284977748
195.044803746855
177.62999740198882
159.69224393536302
180.6791234727757
182.09033382405693
182.01488555271354
194.0409584120271
181.04155971332347
205.10831389476513
192.25678050740686
200.83893449643597
160.72579984324065
181.31106427715216
191.12061538896256
178.84011192652054
186.34938848642255
162.643252316982
173.27747171984421
186.6207311355409
188.81214626715487
185.16473057089058
153.962883872781
165.04548634452388
164.44545239037927
148.68107038252225
155.12673424641943
125.56372237344402
107.82334093824849
129.52073576221926
109.00186740969347
97.63922966674157
89.18113680089891
113.92379990242411
136.63932767134062
126.09052307184072
134.76237708247032
123.1390517317125
125.51776124991265
150.21587849105137
135.21551366672023
145.5086055403745
138.18541837277542
118.096238649283
129.88152355376295
102.42637168078546
129.8400751977513
117.39842975325655
135.4947061621837
125.17821819180807
121.77902796831
118.53802056130706
133.68876017616066
110.1293047891703
110.91951551249113
100.30672920182487
131.75684266107032
119.14558339653904
109.3757459098013
133.06071955276377
113.31636804519096
120.24937388952804
125.86890541691331
126.20856021514088
114.91485690439293
124.40030608281842
115.3892904166438
142.45848116120874
148.46365119431584
161.6134706953441
157.8131210997401
161.35222503249383
170.95683373052708
173.54802690333275
158.0632796435504
163.68488959449894
179.96076187146565
192.4587461285798
212.6927817047567
210.52471573140562
225.070667419901
218.1893894799095
249.16208658587075
225.36342765247912
247.80601476557652
200.17763017625813
238.17146919975733
215.87274811184568
210.21253660979164
199.94584431841767
173.90298765293582
188.18598296881225
174.90832736932322
165.67501243854556
157.95280811260304
156.84321953799858
165.7444885143528
164.53390990005377
161.7439056856644
167.58888043341906
156.02873586637838
166.08488470750763
178.91484020439398
164.966554137438
150.97613027756933
126.11169121307168
121.10926904197044
108.43062042526225
105.4259515570554
118.21203337447511
117.28049854221328
113.6230706842636
100.64705077612334
129.77240730754698
146.44346667032087
154.67375417702658
134.81902530701078
141.8830159236021
131.00760099686494
119.787168307676
110.96396212071224
95.86700081914336
109.69548186207217
99.73907371580174
118.06955171909982
128.22940664314999
109.7154928926485
114.97324749688269
124.4820585852626
130.63880598759974
132.07403323666136
123.77554201597007
133.9622699785037
121.44647448225523
100.72877173052916
112.79808454125633
121.69969499306836
127.96635511183779
122.15042163017965
134.45583292313734
115.69793896322307
121.89016184447843
109.45137459506685
92.51960162585105
113.2679215924611
121.24845550920784
121.88826423684178
106.77644725904634
128.11090426684103
140.7032137120686
133.90869014383586
134.59588458803128
133.57514185833486
142.54556419025712
163.91995075446914
172.2499731763341
147.3518971248571
144.57887654299975
129.29259258130813
136.4080719756444
132.88759298375632
152.54460550284847
162.6430110262708
160.3769577010579
184.1127022968457
204.77469712783548
197.04321171279815
197.79250603426252
192.13963056919155
192.8795797734434
167.29052408966535
178.6403172250816
189.6771832444708
187.3406065912296
182.51226912051837
164.81907368692282
140.23874655583307
150.1348351390469
153.93312502393405
127.4413595210371
106.46066119444639
110.50909940120691
117.22258422129627
104.9088519589706
115.02698236407815
114.88615369010623
114.08870269827104
113.80344670152547
109.29536563711989
119.8164599465469
108.10047101146172
114.2856777058426
122.63860871382295
142.34391523567382
150.5299169086721
142.57911896642003
142.58523635515178
140.90872188405245
142.11717818213805
140.64692916064578
147.67380582084238
136.22150981357294
138.65199398665322
162.8416887808715
174.61460201478565
181.24867506583945
160.4159833359458
166.7939649512996
176.8568606511876
138.4011134730094
138.05074064690473
126.10513189770495
136.39744672782695
132.88526068043137
128.39592724390218
107.60691046958334
106.81346462238115
95.42856263373736
110.39377483251701
105.40397572576231
105.11970855326412
91.46824547843075
104.37637131475648
94.53629509421961
99.7611871658613
75.54807847052372
102.30976936690357
86.27672379691144
103.1510623106725
100.42935205266063
113.78044554147553
123.43995028682548
129.53356415484842
130.96293266070646
118.43678051362815
97.96770342442832
112.34140144669549
118.1743049355103
127.56725723748441
123.14994971022938
122.6354276191591
152.65590889762836
173.2658873992841
185.2333512899307
181.37062352195798
188.09440025627848
168.61918323734363
151.81475806422392
171.41001951439628
178.3406914577303
142.78106682634422
136.28972077346052
139.61181452491445
138.98089123616418
142.35698193747305
130.8945488443971
127.9840311466108
101.25484003691767
121.76439083644274
118.43228220112475
124.32700035054158
106.07578808346155
121.52092184683247
110.01905577967257
99.70376148770355
109.58403312075293
90.90403419546678
113.83918175645326
128.34140112895074
98.58825168325279
141.61248196192105
131.6173183050203
112.00164987047096
126.61665530219894
126.48241764805167
138.6714265121558
148.73903164049156
146.9669972264891
133.61467659767132
151.69240325356103
144.084138353671
172.64610764213995
182.95828533984331
163.0020273283379
178.58359838014525
186.79858736355703
178.2316781560083
167.9031404059533
164.81462172643546
176.14259777717783
192.98491923941484
184.05224980318982
179.77354182901874
176.06042540234853
173.02622479972905
175.33352819681733
161.34104841470335
187.09929660654973
196.96980823095592
184.38522476939406
177.70518106225865
161.46754462640124
151.26533390476274
159.05342859565297
174.41332311299857
172.3517016623284
146.72474174948732
146.17434029240633
157.20190400045666
171.2179824999909
169.7153005619956
179.8968389979883
168.80325608507
174.88041517194787
183.06117186755728
168.78861300265007
204.67573357338603
198.16489115246347
209.9184827824036
202.03711679266388
218.49563025307222
192.01622620034416
204.077041553184
213.42084195929593
242.29589257103402
220.5865445590074
188.6088090139925
172.99912406093227
176.54521888959346
191.33500552485302
169.19394735499893
192.2488693562599
165.59003326122743
181.9836014365622
176.6159957595807
167.78340999718398
160.64180112306883
178.1388136088738
149.21418038716706
151.58404038119136
136.33864950565896
120.58475782702254
106.72974487013653
98.32463670199131
103.88068667444249
94.75766711461779
125.9839884574329
111.92232086328751
134.00157620458302
123.82362330167466
132.68085686026853
116.18879159506868
93.06721817236722
108.10317408152764
90.45066357786678
119.35669649975345
109.07927715932678
124.95751057236174
102.23729208689434
117.91584540939228
127.78455342111944
107.3332441501305
95.34745034980405
112.45628681498907
100.0770492705319
124.51090692928688
138.42408884818943
136.0834354836257
128.1449399606041
136.08592447035724
143.06277582336367
156.70768368463135
154.1779897122962
160.3668333400215
134.2791470252515
146.4726820664536
118.61744967065978
143.18061218401888
156.5616513188057
152.08509765721388
142.4932628429182
148.14495176701126
132.5489932044354
139.98100999719492
139.7561674106163
141.79682556458977
139.69311362412753
134.24737647966907
147.0624980459072
154.37596876439795
159.32578508815357
162.47185081794748
148.85299723618982
128.56083947718338
129.7726925212307
111.13527032717094
120.7846145313374
123.56041184516423
144.65304828432434
147.6724515705159
157.22855319654454
159.26818946977974
169.4050008109429
170.11040267223854
155.30763251269593
169.42781176532594
158.0011074177639
176.59453331599923
174.97712940215197
180.06555119600725
187.80943380908386
181.3801760248048
165.19168955358677
189.81967390841564
173.48362197941714
148.07403180312951
189.39034542045073
187.35069672647245
197.05235389810335
204.4270241372603
178.39781656617174
219.0991559398494
215.98884576412598
194.137461974567
199.69350327338236
198.97849371531194
186.10349596986077
179.35029364294311
199.41283623212956
190.08683801492066
171.5498577386001
199.64185641893206
200.00389689250622
151.9032621884031
174.6481498839951
172.07364856180155
144.75668508604574
160.83621621895148
191.5917895732547
186.72613716171696
199.35058604478297
197.5579877401151
187.11203432496643
226.23317606182903
225.0966193140674
194.9383902642444
186.11277534081688
165.24855612993326
181.55431007972064
194.85764941397207
193.8109174923782
195.03089814633375
181.36159465173876
158.67055044303282
175.56408440897258
180.8107219205609
171.43070908166575
177.80016170927433
178.362555494016
186.67139898509427
176.72791777371427
157.2603636553222
172.98007078688553
182.630479811631
164.06456077099241
156.83068990838288
131.12584272297934
135.92372368321102
146.2094570754878
147.81823222702715
128.31293787929155
124.06646458657887
141.8591318846333
126.5226655028687
144.7440795051228
135.846122055655
147.27994711327767
120.07262301524085
138.9609138433707
128.36557498994304
140.03414794604132
133.5583687531619
133.55220368070698
129.47717217768155
147.18643398533
134.3693385250563
115.44560642163513
143.4591155209277
139.04963863586278
137.48457573068697
132.9291435955276
154.82625738398602
142.41625330802023
139.75706043099692
122.86895682163403
124.47144629575685
87.11759280839814
113.0604549348888
105.88518954847508
114.76117719423576
121.90377396123095
102.75749611748039
104.25267619531974
91.62356891720425
97.34691705360805
109.82217011513849
106.61565823898198
129.54195425848707
117.28164282481755
124.35982177649198
134.40168328546065
128.2040244737647
166.2656911045477
162.4773285096819
164.87923382272953
165.6833520132512
163.76738359247977
164.2029959036472
153.23258676584257
125.10867387299265
112.5129639599494
114.28292397194068
104.29223564072966
119.69804323557426
142.8589394410932
123.4006884559931
120.01824757670519
126.67387541610665
120.98747239578091
142.26314342746056
153.85559500065247
135.636571031956
121.92320684677999
115.5442325720521
148.50209062187653
126.2184105398425
122.6073669751551
132.36358714717733
121.78303409462286
129.05299694534224
118.25869373810605
105.21028901679148
147.3650953531898
156.2847419264568
163.02900951568844
171.44267502849743
152.3269521932893
129.31595027988163
126.53155150264708
131.06003894896136
113.93050834312312
135.19881031497317
145.87997601430644
150.1130673569561
136.16662916410448
166.1960849431894
142.26285835339894
122.27609129680397
127.58753303378246
133.27305213772408
123.0918113578602
139.77582542763406
136.6914767825141
130.32608949229555
111.68403187984529
126.61208324914887
145.80639569821975
145.23620953931388
152.0410308525187
129.16589838966138
122.8094961990766
114.94502456180777
133.9717728443393
116.14976918322395
101.96538344221875
104.53921851953844
90.67202583421216
94.55174157848919
88.73203110462451
110.68200459164439
100.59558008130935
86.39890718022075
108.1028012138386
112.65528320051324
115.2653419858722
113.20488464749118
101.79887680159462
116.55020527125713
112.96105716083622
114.61259594752498
100.54220858853898
115.76530937363887
105.35329212832065
109.83673578926422
121.0761571350542
124.67713355899758
121.42470082619012
117.90456651178896
115.65827011867738
120.69773887577307
107.38982004657976
108.6474174358794
93.97238933537379
110.74844872046863
117.68356311134964
134.85103486183087
113.56647643047965
81.41710486250724
100.04179991732866
118.96868121999839
112.19963546741081
120.39170385678658
125.0741974049811
100.53350939339413
109.59773500680072
113.60365504881702
118.63062217839082
96.73779591482067
118.50807319625083
128.93478375060275
134.4914192370338
139.81719383184742
147.72031871111056
143.72646260073097
150.44468559376978
133.3245491251324
132.34697076068105
113.27875186662222
107.45048055893352
99.33194889618642
121.53185621432215
104.55028553011226
101.0623763086786
121.49129973331333
121.9563416287085
133.05282128612086
153.8188925181894
151.7938450759892
155.2356314928197
168.11311528374213
176.14643558337076
146.92855810145994
147.78468108383143
157.86502984415043
146.04836658490171
149.84230836710535
160.7542954598909
161.92310776184578
168.58252762485313
173.8989630312826
136.627809810389
142.39594195063458
146.33700387798433
175.87166968871358
181.89458817736184
179.97243412855232
174.1100876145917
180.5570154580942
168.37913140684722
171.19152704287563
161.5442121648253
178.11837091381796
169.4629728987241
183.84167391939798
209.4542991833225
209.8177216912779
210.6481528733723
188.26792035471698
193.7962814561488
189.23447519089947
191.44819759271473
186.171054927068
207.43210628702187
209.14472102833565
192.6243828885333
214.44761259725095
211.8982544413208
248.42487986707266
238.37174980347547
212.84940323546587
241.9247090552498
238.76319691275256
242.94650019575246
213.57674895988555
225.37479628376298
215.9675083659413
252.18826265520858
234.6680988065001
262.71323371110145
214.40116287078507
201.5854592640635
234.39690348712847
219.9427145166929
231.2964248483163
253.7994027412098
252.21198676456092
235.11385621332238
215.7002805267237
193.22544857039975
205.99224688728017
202.66110524827215
201.27005844883888
195.01264459571865
181.8480526097822
190.17485091014854
193.984340082232
178.45354403478728
192.77568345005713
175.70578687024107
163.9864431052304
154.3172837845258
152.39083775147515
133.74307960872272
148.8265566176272
163.4812954152475
162.04967781473056
143.45247862078003
132.70048149340548
130.7850210594393
131.15096100988706
141.24243128814962
144.69034320351747
152.70520503016363
182.29231704338275
163.4646494585807
170.0697812360038
173.6528908859531
174.46009610298375
160.8011413757071
161.82027071439535
140.02346885970786
170.89296771863278
156.46534109272213
174.62769117184632
183.86404377272285
164.1348736544261
183.8665054258293
176.58494980353805
195.69843295181607
180.2043870096284
192.24713078940786
181.93574410197206
193.1438794870132
188.0648053866
178.73773742323345
140.59974342977662
147.58881807158033
158.01468493774183
158.81777405757404
165.15547671777009
170.82962370919915
178.0241157927607
207.04167363370698
183.25829049433514
163.54913463620355
175.97196776732613
167.40940930281698
179.11516197425362
185.7074639029603
178.92230250240638
161.45792079312756
174.34469541134177
133.40224131112345
128.64885164951286
123.92257434134866
127.74118855301084
110.47084590106728
107.65978369747762
92.85190675142348
120.53972720194253
99.47252258960394
103.58930527407648
92.79201274765718
126.47727901578078
132.9434364288236
101.2108121939061
97.79069090941813
101.99255749011546
98.39855418906961
120.84127631054982
111.26881053353276
115.14151267373828
124.73277245601606
106.205938144131
124.51887445698318
124.58557255580065
122.0821895707198
131.46743400589983
127.31230118556863
98.96514403396304
101.77127855779794
100.99319543709429
116.72219163651931
112.86139813555258
122.26344804504375
134.74945561945924
127.67814989238234
109.54790729277585
111.56757755090084
112.8006924218636
124.52194462294187
91.299724411748
122.70476635252427
91.36964213389003
109.23848908848476
105.17269684180121
133.45126025650183
100.28252026229498
125.81741755129056
135.46028549608718
124.35909757058158
131.06530586185931
128.34539309486232
103.09094074697138
95.58924753725898
117.11921849968938
112.49830962020809
112.52042746956676
127.09777452272331
108.00973889167786
109.8740936529325
112.19023926278919
103.41008496195202
100.45605095339138
120.05078525919704
86.45985494374862
104.92534632291357
101.98595827737168
110.26707010610518
95.48885091900857
121.0736550458758
110.43988852561455
97.37366600575403
117.7989975417291
98.78654598374088
118.594321933774
101.53352204385648
101.17894543380947
108.55089019539818
102.72786226078212
122.2037679082878
101.74399325035087
110.11698478265221
90.14005264964419
98.10434820764277
115.27308306200526
107.21521331102603
120.22185069754106
89.63215618250189
118.07892581901686
119.16269998876268
97.85515473993489
102.574696337324
117.86100131884999
122.01234938568814
136.95568099646152
140.26039730913837
102.26637331164592
123.2687067137201
108.94481402451954
132.70274095807324
114.05083704300631
143.22493005194082
140.12753359255996
146.19437079830897
148.34099704414348
135.99943428128057
136.01425024399285
109.71361592008954
107.2950688751621
113.70786658381614
83.91342152767159
112.73972479738882
108.19020776898199
108.17715400322345
87.56059367648288
110.54568041391218
117.95875394537553
120.67442267790734
137.35279448421545
108.56975802992258
107.11497108145211
116.57807206379181
110.93789930354254
124.07096049641837
125.36613592761924
118.0891050826951
109.10237350078808
136.43282599688305
127.13449620630585
139.83724670875182
135.63846141397815
125.92612541185164
114.29316697315619
116.6921369039397
109.95492834070942
95.56741331208016
106.8196555132518
124.13457277562445
126.40377906582614
132.05796381400884
120.57422572347286
130.66956348047688
130.79149655798852
137.69355819609368
136.63675235056644
136.31385371361804
137.99562479943
125.14790654846101
111.75548615398235
122.00327569846897
142.93526758837612
128.87454798337694
142.08630565306837
121.60905241230179
140.47804246600728
145.11585032628815
145.37339959038485
137.6230483618168
115.8951363695878
112.67033767245536
132.08014997764673
120.23298255340448
116.71887935198566
114.0279138138796
114.06149664023614
118.93449235167508
119.12938030439909
118.12600595662934
130.31891033988867
124.08968161642096
135.58505200342452
153.2217084113788
175.51727917132894
196.92944823617324
178.17429264836508
195.95454273122587
208.89582580130707
204.20400243872967
208.11824986310137
240.36661174065924
214.92839867007672
229.50641580784347
212.60634104522967
229.96186989107318
225.46042831777626
181.80984919110955
211.46357452899144
197.22412697682935
217.77392978226146
235.4747728282465
221.05064513500838
213.69300534160823
196.32512790972098
222.21368728194946
217.76881061987973
176.97503589014053
210.23876700838588
217.4071526710179
228.58917982765203
223.00537083148632
227.90440177763588
219.67814465393758
225.93070989052592
236.4743633689254
241.84085824568294
226.63370518900456
248.22575134334187
266.45631167530615
251.1040856901677
249.8071143871426
234.42857421143125
264.9870575912268
267.03209579020876
257.27907395255914
240.80074619870393
256.6984690758411
277.57122330199206
266.9965535452562
268.7245283243805
282.7606217313625
248.1265040076421
258.611867124024
276.6784611863889
272.8357855301946
263.90134614404974
267.98304639277046
270.8092971383295
278.74668755894595
266.6262488367144
293.32702888813566
291.73982023200756
295.541931778098
280.25744853338955
285.76400635456594
288.639207996995
294.2392199099669
299.14626529002715
289.9411644643837
294.3177063617911
289.19925613943894
248.94356266966176
290.0110967335595
276.3241669802711
267.7026248242707
224.45865700187105
235.7817302272719
233.05437973437606
233.74961388241502
238.87852503373676
235.05445306496205
229.30441366221777
233.25312603788873
237.43696354819912
229.59784904717017
224.40930435741117
210.6970102982896
204.6518330951123
219.8808829542443
203.90851398313126
227.57716563679412
240.35792172479358
256.11431550719374
241.27403634068347
241.56212325018646
232.1763753815877
238.70145549266024
237.30192235771796
248.9441441187983
246.19280664006587
222.6450469887832
208.73192890796685
227.29025959251993
214.45413147640335
237.29535411102262
205.3209145255732
209.69634841737764
229.57956911102502
220.92118095694727
237.70825487681984
228.95324548975728
224.25898210860285
217.3789512449556
204.10700735657304
227.38303501910553
215.99927669121837
211.02034407515129
200.3922416580894
209.89784520832077
197.78230205158712
169.09221712263704
185.4842189141195
171.61854592623027
192.2171064326435
186.86574928564266
181.93383049423585
169.4192615964418
168.69722020514692
142.51887938836387
138.08293629746464
128.30502168477642
139.34888736643526
120.37216548135594
139.45563531602326
148.18990976629465
139.44907936934212
144.60477700015937
119.81792849698361
110.0730533521789
87.57042703892688
115.06613662110222
116.49916363603356
128.5386412714059
104.83925096881741
117.50914388750653
125.73748238826954
111.62695071542089
99.40455932127176
111.9242370407064
122.8543677346155
119.81354373356768
110.48048309386863
110.56873849172949
137.5630431223225
125.15728826400479
131.84800198767104
133.59014920721268
161.21297595076388
151.387999539576
146.6404646903491
161.08016466883225
159.39149970837528
143.0458676405143
133.2237982192305
126.85545572762075
141.23134194707706
141.73208839846336
146.01936192152368
141.10809337896706
138.4292827326499
151.7130214234372
130.14721358855655
128.8121610764942
99.34120718602915
104.81161847596367
108.39184784694395
122.44300665522283
142.313724989752
147.80285410203953
144.9143910468611
138.93197257083125
135.5495481353356
107.50556175252724
108.28914802362823
109.65932473602516
89.98074808924515
113.78338169425106
134.76764060780195
139.99896333405496
132.03984539859746
124.65307839638707
135.19483412767408
119.56004877238195
119.2073820661207
130.21277647592794
115.5621816170191
144.87326284938095
141.28459280244914
113.11562466214765
104.52340080449825
101.75821558765554
113.97032686978946
109.10667468494714
106.37121269392625
112.0969107138827
127.84159135076662
117.47981840650785
112.75117025329398
127.34529274830437
134.88074715411918
108.33237389911599
97.6064283273694
88.47910067637532
107.90358611882199
105.8502370792153
105.7152443572369
86.83050248693297
100.91626363461408
103.21572801443027
117.12249452412824
124.6015865059627
121.14852541717664
136.76250254351282
125.77249349058104
121.65090935940523
118.48459438547764
125.73119984653322
117.4140255470604
135.98152387825257
142.33550959196316
145.2260747453325
130.22100396664732
127.11369448608023
136.8243608026822
129.46173344006837
107.8291630069487
100.01390193855241
124.3975666115171
108.84696363835278
130.27054003899624
97.75353278388505
122.66194193225066
124.53568201434832
131.2224356475875
131.62671816099976
124.34199139091389
125.11350075980391
140.29863240954577
135.1180887901719
114.73463275102141
130.66575408725413
115.51070241201452
115.00979514399856
109.02359379894725
97.67937356639965
127.1987167656556
128.79546513113615
134.5682146586015
109.77908560534384
100.8802591409738
121.125317333853
114.18692518834699
112.4770944082869
102.16979613648465
101.31732988777908
126.88355800930216
97.24002994048101
124.6785756437496
137.42375444543984
116.99954290217426
100.05112549861242
113.75981502958987
116.83984172302198
72.21034718905457
101.96115052159958
93.05203886515162
122.1487927189268
109.0042616147247
114.22579664548827
109.99017347765817
95.99833033659873
115.2368285145122
99.43538681803541
85.17755556277851
110.86498194251106
135.37222768505026
142.5502245254273
150.0080785859503
151.1281042346555
142.2260161494064
155.98217007937222
125.53081668396773
141.67245535608853
129.1783989871756
117.25850936627982
132.2906564247956
145.38026203636514
142.34561274944693
147.06281158196623
146.19832586662469
144.55284700237905
153.92063957278083
173.39179279448078
162.6351336594234
174.48886397785833
158.01852042746125
151.09638864344296
178.6836386820345
177.157012383979
131.1812087317311
134.9734244737841
135.41706759596454
137.04139887272626
119.01549612320707
122.77640784418745
134.56170871687874
117.22198723959356
111.60223652954248
139.25372803052474
138.40463719413845
150.30493410112365
135.23233967678988
128.249878943339
144.29998154809147
143.83298737498853
137.33150333836932
116.88982424283203
125.24362675539719
112.43474263257787
103.21176394633704
87.53224978229468
102.72307350364301
114.65116910443223
121.31556509073948
123.6053492914541
128.48002110188074
154.79920144307658
153.6999537956462
139.03149638693853
143.72144899585354
127.05405864690482
128.5088284580248
118.833344766585
124.80651134527295
128.75888203559708
124.94647211493984
136.07590204602963
151.00854528470958
153.56998631413296
149.29027490839317
122.5902721303525
120.75923176050696
140.06420069696412
121.2714149408536
113.44770136674569
132.46970923461356
142.5369097780097
149.50200703476375
144.49661749933162
138.91076374720495
144.19906657102484
142.70424961896757
134.13404790047196
125.93905241157468
125.1921647676196
137.14609213896608
152.5338365417388
153.79748992344662
164.98790220288936
158.02384800800513
153.89795778948982
200.55897552330072
173.51766665439382
184.97179292007615
181.01274960978427
189.32189998760757
195.06454237613337
170.15934473596226
164.0382843107745
155.2821747729195
153.45252696183059
171.00825123322235
130.5929457708905
167.75289965617193
192.49313275710958
184.03970760124452
174.6964057652448
187.7317573620678
192.8881673307985
202.52316449486938
220.5625338549067
249.26164227682128
265.7910122335445
268.81988871510197
255.83542959698312
258.6325292878143
287.8393017777583
266.21963765285625
292.83408583263287
272.2613164289179
269.6599317042358
260.4760507730201
263.29717230568417
265.0976193849424
278.57747809276617
279.40055696696857
273.730884876582
283.2573791254531
274.49461377295415
256.9400546133748
252.93724380294358
226.70696007860684
232.30739803301282
249.3376928231931
259.54654739335797
270.91287147179844
243.15423084724856
280.3712045567822
287.92677254476405
283.11769645618284
249.86434494452345
255.94885103801627
240.8786509658347
268.0342875105184
245.25340162713402
277.42626134649595
265.34889629018943
233.3987880801611
232.73627682184065
202.7448453427686
192.8483590920363
195.66773145352624
205.12573976193562
184.41855419343676
214.35168288245063
198.8668680907802
220.32729255846976
237.08489159587197
212.73620393846917
209.40572277537913
202.8001247299897
189.7597136751957
192.378791897005
188.00708676694742
175.9973113343851
164.17910388940817
162.3125366709433
167.88302331795708
176.8375638345693
163.50707190064057
176.832873455941
168.46247396828002
162.14926602264478
162.59370608696514
172.54169752632708
201.34215498428935
185.14384500044767
199.9333515632407
210.35236013134934
217.54871854736885
206.32529458529035
237.86667769981625
223.3758536623866
162.76734212230747
189.46418037257615
189.7165633612433
182.2187881109508
216.09965509542138
224.82557078278234
245.80470881343757
236.0268870434973
230.96526873903062
259.58799114265605
228.39411880340225
230.06574598099184
237.7134557859229
249.69786023750726
256.74513934726167
272.8527937490399
259.4327731560307
275.4242489418589
246.67547564186046
280.4266755921059
272.3746012582757
288.88873553038366
275.59865233087095
248.24982297646113
233.59587097307286
243.26275251946993
250.7880589001132
258.39672011501517
255.51263387791988
265.0551500348566
248.91825601421704
215.4601504281302
234.505167647037
258.19847496464837
260.6701791254062
276.14330472044765
270.67268427188355
273.82761715077066
266.89738955563047
242.51490645036762
227.35419920897553
224.02031844540699
224.87031504199567
244.31013909961655
230.01406871180524
212.9351331230485
227.53538945534083
231.6017460597036
237.12356067261683
217.29984959157613
236.6715822420182
223.12549079495795
224.98642204025563
218.5990087501712
246.81492779777682
229.70564237587578
240.024678268502
244.15077950899226
252.50199813059695
264.6951936873687
275.01896970710794
237.56899696311459
243.73529832306141
246.8475724585495
237.18249533709894
222.88283861518644
240.7505177663921
246.32389975677728
245.00102288524883
237.7117059972184
241.20579865011103
224.63734100047458
228.22615709545724
219.41290139691853
252.34455000054498
246.1114008880225
231.6226065047552
224.78070847766372
226.64959403107423
219.2693519293794
205.22631836783003
220.1042888008439
204.3218396797975
190.31283444359102
190.5829178974151
183.14388527371926
164.82433105790568
165.64732087793462
165.2891578793436
173.60784134802174
176.8961011878828
186.53465639037267
191.78876033814902
160.91407230448206
178.3175384601025
181.86285206486318
182.23333319424862
168.54363706018674
170.37432769680618
172.57765860576845
175.00812744263175
152.25524924962855
121.0970174087113
97.7702950643862
127.93468254153639
123.02623092724
105.64670547837207
128.87176491695112
107.58398492511064
127.27347325219758
144.9457984923828
150.69090465978246
139.05197620452591
127.91629194587803
133.47330220121015
123.39406513204645
107.49343185599274
114.70529904750595
124.48685228419781
121.40857809769427
115.47000993012793
127.14750394586805
109.10973661563183
118.21531789807351
103.64585128835967
114.85985730445414
133.14494300145543
134.12348245298944
115.76600139247886
126.97441174922255
156.41949288353786
148.32373029515082
120.44832295892203
115.07717783200043
125.08227522742895
124.87971372743431
136.80510866241124
137.31517308141594
121.12461786849832
143.43569021778563
124.56480928455555
128.3423919656759
168.09855950331422
156.01875763206436
172.81163446816439
162.35862558444853
163.4105355705836
163.7907075447533
165.59250666449748
185.42638361138015
184.37427182172206
193.06220912850694
204.6034581678492
186.1197450738664
165.25296873889675
169.48119632738377
166.34921216317974
172.79505381736936
181.57445498373917
177.49884207191192
168.78962843677874
171.66065790611458
188.70850504133378
178.44683837553686
182.84253122091343
179.64518314687103
169.9334289183183
162.69924566572396
190.96767372121028
208.7760462382776
212.53821164395615
206.24239245959382
210.06677303219078
211.28144258103038
200.63216926400523
201.6021823628394
198.9854373707715
169.32403056602473
173.21091543918422
172.24796079063645
176.13296978156822
170.64994474383084
171.21914519979842
167.57590326338988
148.22396145513778
141.2282700270219
152.01043467769432
136.8266501245746
153.89757129565257
144.85320983425558
144.85614714989035
141.3271367854846
150.27754851593562
133.96651100795543
165.5816273151382
184.1462844790062
175.9281080548253
176.06197696185058
155.5496972828146
159.66595422935632
159.87073900593595
163.7523706890978
128.67390979020163
142.89418685652765
126.33179273879517
100.01987617115358
133.87737349627213
130.39325499396378
121.05562469331974
102.44320897429995
118.23522688618779
135.66300102846282
106.2210522211926
103.44949036859141
108.86704131173981
104.91983363881987
125.84475800630136
111.00215223864949
116.12175444567087
149.940262992379
145.813517736787
144.7417602710612
123.8589368016025
119.17015255095865
126.37056755958822
108.64845484941854
78.31265229279333
111.21574406126295
121.05277432611624
102.92122404112256
80.22037172782332
104.09079277966671
92.66603606380035
106.63972537622186
107.39642377525527
94.84216700763035
108.86319876334404
111.93764401025621
102.70603141252731
113.36598822313047
102.73487344179819
101.44632246139548
104.62089002592471
130.15890869553982
136.31680734417088
116.26246043154494
135.77494444901967
124.74372537324301
132.51425952442148
145.5500179818144
140.37128782896957
135.03769815311986
156.60921320050923
158.92260864994958
182.4592810565886
200.74579173608385
180.52155721863224
189.27800911572447
186.12615691122767
191.50686080789245
214.08665516843095
174.38480599702055
197.00273851070116
184.77426681839785
193.51442358309615
183.47984883061955
215.27643410186664
184.9532734390137
186.75333911339456
198.8319953794349
165.4673459711441
164.02507264203996
155.78866513979213
155.40673581385448
138.95620113190384
153.91733318483475
156.67214929245964
121.70925575365563
142.983506293334
152.03772265328308
169.26430074442254
176.16765018051507
168.1899285463186
152.94855719277382
173.64279835530002
166.72739746271094
183.09267123813453
168.32754182309029
157.07799599691495
130.68326019048294
155.07561641047855
178.47862716432488
179.70631586700986
201.3495115567769
182.38290140507016
177.76470549590744
154.8482637862921
155.07619999233313
147.78290380117068
175.63626589395227
182.48676655549053
183.6852972840122
184.95755500638285
159.2541262887254
161.79829978460995
167.8973779132451
163.5885448713374
190.740056348085
195.05667454262814
165.76538739950652
151.4626470654196
156.41914482203595
166.34929977440268
149.28459879280132
160.31130704183397
165.83424534412083
159.63860484850912
148.32941751822239
150.65590776247663
142.36232573717785
133.9351424019335
133.90629104225826
143.12082359445404
130.27595124065832
123.43147669030706
113.79802666106
109.04595557514111
130.81531584021113
115.70481773074502
136.64766864988985
152.50411704534105
162.4699708134487
157.70216505908164
168.85707121293797
164.36041839794152
157.92393345129267
160.25289003181942
172.4547340051849
160.72105057012507
185.12560565263817
189.0857494649989
204.71767960832693
216.90148440260023
204.73726888401455
177.41496045412566
182.53638570823844
161.25781737092166
153.72390223058608
139.38522671222174
161.86805647322743
157.7602950145849
165.62892385938164
142.37914800664996
165.44534742223848
191.0888852752091
160.13691868136058
190.36882664179637
167.4432414578078
172.76709113530896
160.32338899220414
151.58081224675507
163.88637894122704
189.57004125964085
181.6082706443491
188.2397383034548
164.02674905539237
159.96204970006949
169.89053652873545
182.00551654175212
188.56373420675143
179.95194327073753
170.85901499810552
154.70859767570784
175.37955949300533
179.9495434896589
194.39380276636638
176.49638492392614
192.14238753917766
192.5364855791072
169.40556910163357
183.55058388743907
167.94014569992524
173.847158103354
195.32947659425446
179.1712142517171
173.64657254538847
177.49469141054988
156.11198908197744
138.0592516414035
140.13164750830967
132.5644110574245
140.0381005163502
132.40002132981496
139.14977340532798
131.65343236308746
122.46266296379552
132.8498714702908
134.51312430493275
135.40683350275063
110.81347475458432
116.85952709813672
112.65543227052855
117.46509468968475
113.38002415840857
106.87811380007574
93.33143265873318
121.51680452235718
116.4131874700535
139.1391975751221
131.57855142319792
153.27987219663538
160.21922613462462
166.37055485781147
184.90606862777997
158.9387435693409
174.8970080706474
193.02443658158003
200.98091759647463
203.59103338346824
217.9321080544994
201.45647476916346
208.18947336003782
170.90546050577964
166.53581360009895
189.63615506971735
190.75906298452932
202.16514237601177
207.48010678248346
224.48188174854454
223.64199266788307
188.0434560528809
200.4746549324139
193.93877735314865
200.9990258165184
197.7058674789013
218.19998709673246
206.0029701590101
205.44428196938824
203.75374467788706
177.38082529118824
187.97974318102112
202.55875652388556
186.50232487472388
187.6898189943126
193.69208154978872
184.96040564808914
181.45075692207655
159.09557790617748
180.17914796939073
176.9855006047272
186.90910060141795
172.28145882512004
189.99830717525037
185.58505931710525
192.31307243454364
184.4221635451619
207.50030646395015
217.31029708625798
214.19179084907532
196.56074187996694
205.46980237365162
176.29108536784412
178.42046046034017
154.35812720462198
183.86813932710035
180.85713958232319
170.44895110392392
158.98056350614962
157.21830392242927
129.93885002557744
152.0963870228611
157.5556199996336
158.49708002890327
176.4288732334731
181.1756124886875
164.87709428519523
148.2030614351467
126.77419627402512
120.91003636264035
143.7456427000808
139.7773395257328
142.48083144923035
145.1899656629561
132.53858815734702
108.59672075059314
114.88795603785215
104.23112400256942
93.25032551624759
104.19740331025021
91.66831717813356
124.06065571645321
102.97651133273821
122.13641187629274
94.24154719234208
118.99544158408932
85.8053145490722
125.22480625517714
119.30551450469089
115.83420242721229
120.59191854251678
125.05874862775804
116.43631123890498
116.24904587525921
130.64886024801393
88.78701072948914
119.84341895683083
127.67095750551863
106.4983486980282
102.25183085427267
115.45442774283353
99.27278073224997
106.92253265791351
107.7508354115588
120.09845484024432
153.08164947028413
158.32943535787246
186.3229337118665
189.58291946686205
165.08867269826075
167.59252894583315
166.44858787067827
170.54068801506727
169.32020783275033
152.00424906854576
148.25021471267658
124.84632411915291
137.84385935630178
113.52403987601029
127.36501549771347
133.1384752369739
98.17190769291572
128.44935773101037
124.25850385177208
141.79010063570468
150.2753055298968
102.90205194111172
98.22884266789485
127.93375006900142
136.36658618282462
140.04673248206575
130.09420668423718
132.7806699930751
128.01242500791705
142.9833409749576
130.6189216965976
145.22634781282736
144.49492869990564
140.88991652667596
166.26418220042126
168.36570155782448
182.34938322704383
194.33970766459436
194.22731475437038
195.37851629459163
202.85360850917414
199.88168765702167
217.03504216715993
206.2494615041134
212.7520344506896
236.51238337407307
210.87750447681918
205.80611099624227
224.3044011914961
230.05995828068228
202.420742085505
227.84381259193802
224.19393576197365
245.62422092070278
248.2460526050243
233.77276778339103
236.39959004119777
216.37801494917878
209.36959604084362
205.75508724826372
205.17659469981305
226.46346557480177
247.0392446356202
239.0830743679163
230.2994354906354
211.15370097157773
218.71117006879837
215.03047308024145
217.4025088483761
221.9879069420834
217.51515065393866
223.3344377813678
241.98527729709468
275.93222619831
265.01500002318494
284.49092562881884
279.88905573177874
286.40912547422613
286.0527109717188
282.35685550057354
289.47291653819184
285.0281656878663
289.3147190286798
290.02578862400105
288.2676925366753
272.957381384074
289.61095411009205
281.77644829882655
280.43174840427196
293.2760131363869
299.2372336698994
299.1187141418471
306.2413750768418
292.84730242821064
283.69318907492993
271.16512652239754
275.92796352150856
272.57814040021856
272.90083719780324
274.31598127682287
284.21819065030564
281.61158829284904
288.9688373111614
290.04168375802493
303.37263761793025
293.06218801642376
292.28550597179094
286.3268404423688
296.4169966592882
294.34819307631017
298.2579850321534
291.70771033042007
291.1221706425581
297.433586535841
290.54620269461776
305.01097661486966
301.54166320447473
301.9776546549
303.92245195337125
302.05619474621227
296.5964044260797
294.88646477116976
294.4199806905452
292.8115907001143
290.3448210246423
284.80433589861815
299.6607916676073
292.7723797115452
290.03616065958994
287.05356983664416
290.7187356483196
291.4380298561668
287.32100800908404
286.6967839100027
284.17392316867813
292.1127748961718
294.4022482952632
296.2467172093681
299.8950315670753
290.6674748021107
285.5761344152976
288.85142136556226
298.6762614151585
300.2176099273142
302.4626211326752
299.1213684051237
302.8734776128359
296.77571778191333
295.7955910873308
291.65948924759283
292.0948008084418
285.66402281596544
290.8402397120973
295.82700112706357
295.92297712978785
297.5393452050985
307.1805786230084
301.1047138754869
302.2894398745056
294.6999060988454
288.8069825786727
296.9006528342479
298.41855378551924
292.55914946417346
293.177068674247
297.96515582008243
299.98336576488146
300.0360422542225
301.1210851137468
304.46291409687745
306.1404344481637
303.08402302547825
298.99512716593813
298.07440398000057
289.3351194535
292.7938213818732
281.98631778630175
280.46709093080227
299.5364019933928
300.22336254311205
301.3592264134953
300.6314644305118
299.26134559059795
298.95021519062675
304.5346005162772
298.94457574242045
303.74998999797
304.0983969416906
312.85986848727754
306.9842363398704
310.9448019389983
309.63201778103235
294.84849184237174
294.8132218828768
302.4706045860687
304.3672950916844
307.8129899313849
303.7838483387974
310.5550381103794
307.32260081664305
300.25005240963606
298.0596233670446
298.8189797449555
299.5172138381489
301.52843619766384
295.8669164678929
300.44335883647
289.52079360531087
280.725534317646
287.58468779236534
291.4969226101742
291.1404435707319
291.71172641433924
284.4949245651657
274.0409478316263
279.0601507109815
269.7476535594972
272.69494684792045
282.5205319474421
283.95100485154137
285.02607070422556
282.8627481984675
279.39585705717224
274.74270505039965
269.3089766043133
281.6505616968638
283.65729939371386
283.13571689163996
289.17257116869075
284.9273377942209
281.91885064786976
286.81840747354465
270.2871806616227
279.66105177638485
276.6132174856751
282.0347965232173
285.96206899396196
291.63563604506726
291.23034403969194
302.54324150715206
305.8737737479669
304.9985211407892
302.5135306622045
304.25977850604374
300.2939285726993
291.12696840712505
296.4864744158896
292.42010603785434
291.15426138983935
292.13255432074277
306.1093166720842
295.322590261413
293.33330354520047
290.4243525801684
287.50112484920055
286.9557013306141
292.86085662639425
298.088606240534
298.3588889230332
296.3296361298008
299.3600297221462
299.25063479712577
298.2691699312388
306.1723105498831
291.7542347284039
295.3535638765926
297.02448815366205
288.48615638726324
299.26456104873864
286.3418033113935
291.0554508497919
283.67959375689287
291.2974623291171
288.60097110284386
284.36883328601874
286.08072293748427
280.74081297398794
290.702435744439
289.0922141377788
288.5153599059122
278.82003812863485
280.0239039293541
262.03836819453136
291.334499946168
293.1468898689397
291.8379830815083
287.4740614265651
287.081234947054
275.6143329576472
282.1127596846742
269.22392038151077
276.5890233349584
269.3339646205542
264.30835267266036
280.54699426553435
282.5527996276272
278.5243322605367
278.53470838754413
286.75502551556764
259.37759899957473
271.722077903877
259.5795547624547
281.1864614094297
267.13494750823486
260.17817990695056
259.66775651132014
254.85796755215642
245.3992777523721
235.65307124693246
242.81931525619916
239.2396475627563
241.29757044096164
222.50050455993372
221.92255682095214
204.35262318347085
186.9548612281829
196.95028367982977
193.78318860971467
201.3041545118318
187.79846183336116
198.3888367819069
187.87161394967248
187.29535663769056
166.353127026827
172.18662165667982
182.67764077553738
171.21349529050806
153.79351222672548
148.3333610665884
135.58554745803303
146.10853582816395
133.81852450967932
149.17800256927217
139.45048821037545
128.7346436721819
119.00420104948984
131.05068721222935
136.8366814629352
145.96221109245616
156.23853692104643
170.08012621510213
191.2380591388378
206.79330523533937
215.06614915706146
201.64237904089845
155.36494478257555
158.60654422806462
174.4704237663537
191.33288958178395
187.4370969007775
185.1955118032852
202.07671793195505
196.19727943411493
187.5728232039234
189.59216351158753
190.44413640514747
183.98487449927015
184.3699929825128
171.95214862035743
193.08450628869525
205.69194953197268
184.04409854544227
162.98801567237905
160.5974730235238
155.7138910887055
151.33444239219813
165.89801661834116
137.99988796795208
134.54182816050727
134.1685659666507
120.75413986498485
111.00863848941424
102.67972949422281
122.95326294809598
134.20867276662304
139.20807213278636
137.59965402465087
120.14542640043824
145.29842837780922
124.20606471826872
145.50054210624137
128.95398336791084
110.81125374503424
131.22142541567578
130.49318318625927
109.9471591089767
118.92136938010599
122.73683572347764
130.0234799239556
124.9495468812576
100.79417380522021
111.13540481196038
135.4457957220376
139.5447531848991
129.77593142470516
122.57683106673933
135.80514652749153
155.481570005686
159.27817277851705
123.66996556450258
96.79009454194863
103.61137760693799
110.76933661428109
91.11596576453147
106.20135222844917
103.44826779461557
126.12450802330628
107.51925222629075
125.28563783656865
124.38010103973517
133.8345898176342
153.47434861630347
131.60098380544724
144.7813927697962
138.21448139092965
145.5146907678807
155.37460354230367
141.08634928439054
144.61240314112632
162.03658583408222
166.83998447189512
150.47890045889957
148.49714167498934
148.6665232861981
168.23850388380163
152.52008064205492
151.81811268592
164.83343089622986
159.1078377090482
138.5979560981813
141.6827743397862
121.9597759535618
133.38623304463619
142.21866508767096
157.5103714236924
147.49093001783376
173.43502929355608
157.1123319737823
139.8339462708403
154.30842679531995
156.13578420829322
131.61406523514955
131.3436109678684
145.56352501434534
129.86519705991776
126.99733206194611
132.0508950812667
139.51571542894774
130.0256228320678
90.38590498420595
112.62684174161659
99.582040154475
97.11496815993738
118.84698928562693
99.8461157645965
107.96407307604032
119.65492005984889
116.92754100756586
112.08916582875258
129.19185012660427
145.98792552084086
122.59669243941504
126.58781092297264
100.8033609415142
128.91235958771128
137.11930735469562
122.99971201096619
130.2591657869691
152.05656006226695
161.3100152406138
163.5636631234297
146.97122345866927
166.61044419946222
167.66605986719725
160.8189967338249
175.93118957519349
161.79983146395597
161.07947437981466
160.06279162545144
187.7017413371999
168.9053661695543
150.45246310481363
181.35275684472768
140.4382864963821
140.9067137923748
160.32524097172623
144.03619059581678
129.20845999900598
144.29621410092855
127.13409425279835
108.9003607552312
131.80500389564858
139.88262033848142
148.27111979390588
136.96679129649817
126.41145320435687
125.88199214568678
118.6240161827813
104.45593423572117
144.06423127195313
129.1772168289435
125.86861753181894
121.40084308739776
110.38926709447807
108.65984435629208
125.1654014243725
122.14086206359711
136.01622705505125
132.2819936361725
132.82062953344155
131.1967525734946
134.13112577261018
124.62702906344745
141.5822161797392
122.87123679527473
132.20545616047534
138.09921739397504
117.31884086456324
116.68687168729926
140.83588108730007
149.85881028708434
170.76123548991416
181.2044322819821
146.76833133290145
151.67414097085862
115.78117741710253
150.47825269602774
124.68467699807276
113.52093311142585
136.03513573129777
161.5553556609565
133.30349986598907
148.334910632475
131.80731302109157
149.39109964486877
147.9299792266881
160.71836630432668
178.60033793772473
154.24468622040777
134.25725328759572
137.30909665153396
113.23915853037693
144.6581308600356
156.066294369387
145.81438540038326
149.11577990337486
124.08442502098072
150.33376258948095
139.37868207654427
144.89887951921943
141.8714811602984
131.8934883114437
133.11571826197414
93.00297820690977
98.9915510161329
88.7526527992602
103.50260631811423
100.88202499451117
94.28475830680641
111.46848333535176
96.10566070156136
116.25155329902717
119.29363883849805
118.19667057603242
135.84821839667205
129.06625356723399
141.98371296148764
118.01355420732608
138.20740059190751
144.33626792529557
134.40519155000328
127.61884453333748
104.0200590746403
106.51079729316011
106.04483715017936
101.2756056516319
110.83692784166836
123.14226754748482
119.30069010663176
131.3170094614092
125.91975611559039
142.45191104162686
167.123387001349
181.8030745162981
179.16371046260218
173.20364175020583
162.96324481519093
190.32296255715275
178.8257424456635
168.62972734578565
181.3780986434895
170.1606842296437
185.60344019066198
187.31762119398286
172.19359345826004
167.21517700678731
184.2602831374243
204.1027721121125
217.6446891727389
192.8856939196262
193.99296148008298
219.15049848287256
226.5909116500082
225.36512880621785
213.32923176482467
224.2887184034112
225.69525560467915
199.9232345110816
209.3379600551354
223.3624934258397
221.83913886975387
229.4371499833128
248.132246276379
245.62093405183245
234.037209575406
263.41971974821814
249.2094029710465
233.79390328321062
248.0790960422198
241.3305629604262
260.87786206009224
267.7816483619064
252.47649831029233
279.91338534683547
255.19039764254637
243.57445619456513
232.5551157965605
225.32840681836902
240.841689994805
251.10583682543114
255.9847854794289
239.04825416897557
218.09434094546415
233.66219983761167
230.0142090816496
241.91781021006324
247.07747586699844
269.0237884816588
244.14099502752106
259.2917963443319
239.8399113028732
215.37493643436125
224.1556373888838
229.59602686529323
223.7610856761244
221.00727551225452
230.60283807281763
250.93718112696303
252.70547988340843
234.93672342566148
256.7349917900506
260.2580371142316
255.49630460697563
223.94246000388847
227.5047208260364
242.96101806734816
215.47099610097735
218.86183570934926
262.9546092569044
276.199710302931
257.6549535664668
252.56173555820723
256.082423518062
263.06149579846846
259.63770389490435
272.3815852954431
235.4019062798025
246.21377832719145
250.05099592737025
238.61431415193366
240.31353374079077
236.9383603746297
221.31583399023927
220.34136271023863
212.04574387174006
216.10655989398109
205.08609115427328
200.85187460884706
206.75428074152757
203.25016983458258
199.70323604747813
211.09862415706763
179.00188737561209
213.2979636913063
192.135227329868
222.79907518446572
220.67639202698481
226.8954767141077
257.05915643960446
258.8407689253466
253.1696973870713
268.52553211294685
258.0957383790767
251.7819248755527
242.77859999885956
249.7694498549466
286.92318978311954
277.8894521933809
293.25418567520484
290.54626127525466
287.0376912186445
287.12816001405963
284.1542639772323
285.703061573315
292.7102999398519
289.5869599148773
279.3297379422901
280.78220413110597
288.2831251893417
281.8017748756684
274.1210818445092
262.3256193995409
270.80937453028713
271.70972210826477
275.62198789756866
279.47739046774313
276.10039384913847
274.0261945695236
273.5609791851957
271.66204519285674
275.9833711856614
279.83462048544294
275.6820123868557
282.34524105458314
290.8981382696493
286.5856293253068
281.73027567438373
280.0258125711368
281.0139468136592
271.2664321747477
280.1414583541262
274.71995820164597
282.1367871374242
282.2331837869774
275.5468787214082
276.6106224499595
294.26366967923434
292.9101481868813
295.76331039221856
286.28330342779657
290.0935850392855
288.20036003234685
289.01856978438775
297.0503688153743
270.2876201720493
282.0892568665553
283.68427594800784
283.06123503004756
266.80622862951475
282.6705577649286
278.1371233258501
283.4412260400174
297.2947748077159
289.9121628676171
281.98129869904847
278.61827466774434
274.1971994516674
265.8357646098217
280.55854314643443
274.32607060657017
270.7334274064998
269.5371088947639
245.25962010365157
263.87249017390184
250.20097401207977
262.68439144292046
249.81636342150728
246.12988265099577
253.5095350820353
234.31431316220133
254.09104327095352
235.22463027472665
236.0558347595809
236.73098481793036
247.5266421435548
245.00286486629517
236.33133912854336
247.9759871037882
260.6202443620563
235.22623680116175
240.16753052128433
256.035437573526
274.86540974347054
263.96272127964966
250.16834263316687
233.0225151131741
236.04996160919563
236.58203155317617
207.48034795471804
224.74951511704592
253.7166484153421
249.49229197583952
228.65167211114482
236.87896206303205
225.58695386068072
209.46089841862303
209.96338822354244
217.41909136816113
222.78972851065907
233.94620877773306
225.27832940562178
201.41945507005977
202.17646613332417
199.88907312318491
195.6775345718609
190.8178772299076
164.88771396883902
183.27225265925213
190.07438028560023
192.0222244263394
203.81082540440423
196.5493840004598
187.14321440017966
194.0993072982261
221.1319417442003
174.2520578692909
208.22556553638884
196.15546439199113
180.08486428807544
187.17114633860115
179.64706092762373
164.20564083207196
173.06253703730732
182.16054182303026
180.26032864527954
155.74974950349744
172.57739415446227
166.89980228656438
162.36655017074867
159.7529879882529
152.92614136790084
162.8401304892816
161.82947912907676
176.25245300381184
164.1192079525357
169.5322277590147
185.2982373815155
183.1310843451209
194.19440766873043
167.0923567156399
166.87698916835834
176.9525318461871
181.56626819685658
205.9832776113651
217.75398637119508
221.38817654660002
202.4538319654537
225.92821519007364
215.3394294534446
223.366769447045
221.59391279297802
230.79911356303498
222.24242849305304
225.11295543782703
199.70063595152294
227.6801776367783
200.5675434174496
199.51534822880015
206.58081058476617
215.79832057541046
217.1885963347816
231.57281935256628
206.88004171968046
232.23569067736682
214.2930709765692
194.8427581576338
201.21356133128333
221.9887775805456
234.92084644504087
227.856491315148
239.1964207004597
232.4063207326836
239.30104324997663
229.82655728610598
235.0569882488965
223.78672298631997
202.0537500916998
200.12801726702813
195.34096668857094
202.1605226857249
203.4669370611235
226.52557711062718
241.43178954855608
230.44920508545806
215.67881460213573
226.5926822556603
226.97755347538552
207.81388675220236
233.7093480973056
227.14323269692767
228.93048823268285
236.9663505222721
267.59009901529254
250.57523605064247
266.03614348329677
259.536203429144
270.5095202865442
239.68256177980692
238.1965911679366
248.55450567474182
241.04114415884501
234.81933972156511
219.38914918525384
199.990567130034
213.89473798159318
215.47990986854418
214.0391240786465
226.9015702522667
216.73248287923494
216.03926192577433
201.16680627867214
203.6045243440588
232.73811479590648
207.01569267783654
186.64943683150352
184.57607216206318
211.87690489179647
195.62567216782207
166.41255510619308
185.33114017641864
197.1123247508643
206.75078905555546
223.15827348060537
188.32031170845147
194.6509219764439
210.9549888544392
251.76844163354917
248.99315326553625
240.4431017703316
239.61170775099944
270.7364668695583
251.30135628883255
284.4030066530892
268.71244533230305
243.04879527685918
232.24659136105063
245.69557501479574
272.58909287184406
252.78764781319376
272.82708664211276
264.87543101024306
251.22347479132432
224.98217719413276
214.30551973737295
213.25191380905767
182.65823106794346
211.76193839806132
196.4226907751486
182.85979293388678
186.57600094658972
187.29448089893262
175.65516739625556
178.51999753603087
177.28077783288177
173.5346690025746
164.5877512441614
158.81813527033185
135.2276352455409
144.32325802206964
124.69978959758463
152.44029116979235
160.17049640707808
167.36357204524867
161.03032650219276
174.0633262129151
200.6576543224265
194.59768743070444
201.6023412181328
190.56001155521975
201.39324287725302
188.3336040678548
193.33598014501123
214.36340289508146
196.33790277896867
192.8080991789607
192.18299895703632
215.19366741862703
193.570905119854
169.12512748122316
182.86201937636466
204.9160203640058
185.41698801557567
168.05979063279517
163.68801555870346
160.60927140092616
166.9123064951173
125.47972782177851
119.1615376485419
131.6659594467389
117.66701975385342
100.78385629484258
112.62445647945418
99.02735487982486
118.31335223998526
120.84122699381827
133.79528149321632
141.68286233316272
157.51841475168038
170.21090202781687
180.72247725239683
194.67159901773158
207.4717838929497
201.2678711701903
198.79513534433593
197.39485953831172
183.15970802288047
180.53133331370668
187.32216065719837
166.9080067831041
181.8339395256661
191.06542223436196
178.06592331958063
162.0405618356812
148.21369525690025
168.008394683346
165.23107034302424
203.20846648180733
181.44723955025705
196.60822829733448
190.7286039311596
166.78735448976218
195.2262328387354
171.31574524703447
185.29145410423047
191.46308397215944
170.5978311332635
167.7359744595443
147.90861380737584
131.91747941837045
130.9602486087136
164.65588173219587
151.65670166663577
171.79275851904075
160.86603308182788
152.54290896654095
145.81453131676315
139.01319970877097
100.69306800784025
103.14675548640548
129.6427610137659
119.46699370128067
116.70371573466345
85.66329067648806
103.93915115231998
90.42818512874602
106.99828281935045
118.68574341425668
116.97087848145468
138.41796673364533
142.13985669279901
123.80963678278566
105.01086095973453
101.42949125221271
98.55097264949852
113.22129439686422
104.9119954148837
105.1900835650152
113.56203668165016
126.62788152768294
112.28011730309304
119.78889417778537
89.22999258639462
121.60773344667459
105.36167809334074
121.05232892812253
113.44687051389107
122.98166772475524
142.55304087030436
119.89170601589889
137.66079387684283
117.07767181902771
135.02236236432694
118.07839264847627
126.61914743076275
128.9980948348583
98.75067531368154
115.97046029864528
91.74675819952603
121.96526599555695
127.51716255589162
111.54159317908216
112.78378104099475
90.78078816062155
110.84009421019212
127.93329682304929
136.33734583014112
125.44911111854677
124.02240920804212
114.13246411526937
121.60143640689273
94.58927946292243
108.21195330286936
113.87937107245476
115.02002585682999
121.69952643267244
116.9876373534601
93.76631572771055
121.53675066354876
131.850720149909
130.7938765300537
156.3893643864681
150.09460490872146
147.42427387167234
169.72706192385067
163.14514553590507
163.05263846079197
164.02946493789284
141.74462086770157
159.6051563244481
166.95604907651963
179.5467879458005
188.9521680771056
179.5840672100473
205.70889791573876
176.41056877347657
200.4605528815167
191.994837041646
216.66050228003232
196.31930492754367
201.57247119351263
218.94684291482804
210.27935082370215
217.27551695917987
217.25708915556748
195.96907800242144
189.87951482805565
193.64506372153414
202.93441788171842
176.1874803866498
192.18991755492212
193.60893817636446
180.86610807670195
202.6213104790874
220.81744959124853
215.26953945478454
221.80413552916653
229.36384706447362
243.97926314445274
248.03926083159172
241.10419537505203
215.45869953398244
261.4834142308274
262.2833018992835
270.3180317794336
288.9782900215492
290.2721539665276
294.8247948917972
279.5508553301043
285.7007639575804
280.74397557817497
278.69346398847046
274.2459612477848
267.6122284228535
246.66244086454915
260.9793400613543
235.01911486875605
226.79843176709142
224.52756338552174
221.6267326449238
227.82544869948353
229.82185477659246
213.00643182024936
228.1198836397576
222.34264287157967
236.03643844462374
236.53558148913115
260.06745326529233
240.0540945112864
268.8175928286985
248.65436999523658
278.041375007744
279.6107589108312
264.79326816985093
268.21354868003726
249.3338918940117
273.65791394705445
274.25497059669465
278.03856283584787
268.5239691725677
246.4971351750377
276.1316612619021
265.25883154979095
282.565406684164
290.0019616445933
264.5998671567243
258.2300610823404
283.7906490289571
275.2062100906355
272.4818249591181
262.29617446371003
262.93751612469265
253.0092825069391
255.220398729735
236.33960408876163
237.78235981892544
272.38701309591517
237.37771257726092
232.35942297640707
240.78045685311702
219.83429142824136
226.45755647840332
241.616956156424
219.02158582664913
230.2684190508539
213.2705246441991
255.35373952430896
231.7467821158576
252.53626062932602
284.2141001057063
274.5984015699552
263.0683188952449
250.27341213335822
249.64255169433903
248.684209258978
254.97765133532658
237.13575824209332
235.3483526490301
243.10763081852627
254.89180743696693
243.88403383166272
231.18611321149854
235.51935859485664
261.20018304761305
289.50424592789295
260.7259285946265
274.2418304985668
276.57401233766547
275.92248782081265
260.1780766055792
245.90140177116092
239.82453269767183
249.5220341588838
238.07113589271725
233.4414606531371
229.7168716328336
221.44093341873196
212.3101125703014
219.12329037309522
179.47560588689572
215.53223377337395
202.9083799621743
177.17529779051353
221.42037431670263
206.30501423496634
219.34570320963422
252.27730464899994
237.6372060186824
205.81318884733997
230.62123991360943
216.49860745015084
203.2734331078041
228.86978361158344
245.8709958310635
232.9228942666872
227.00029978557242
226.752683314514
202.09123311259862
218.7974205368337
211.8315572603398
195.3903769595657
195.4825687233235
184.03657856509196
188.11939356132817
174.2494862540204
174.70401232959603
219.12993607076052
205.24315952499592
188.28686628490522
194.37668199857816
196.09024370988752
208.34876176888844
250.55546917144565
237.89303678535995
263.6531091645838
270.0697670272262
250.11600239275714
261.23020323061394
253.17154706793005
261.2675795979497
261.442965301938
273.1245568213087
253.51885887607904
253.56500591349845
227.6849328850074
229.6486061135961
247.89366427381447
265.0967839626021
274.8392903981191
296.5120568711155
284.425431159232
293.3669548313099
294.29169981024444
287.9594263541938
256.1302261118719
267.88796518747273
251.9730685242106
259.5106618140042
279.2322446097494
293.9603410380885
296.7759003664166
272.7884968109739
220.07804804802083
239.97687103844854
234.06013124402364
236.76970971621634
232.79648050621415
263.1832245757315
247.55220200975484
245.2002812187996
265.1447872882261
252.6377647619749
262.67663613251113
228.3504164573809
234.82866825787391
241.33516165433798
216.25831331206518
210.0701657366155
168.96534710745368
190.33368982468693
203.3862528531001
220.99272983739428
246.611045698736
229.3698277140071
224.09814593705826
223.23730453810586
228.8362977223483
205.16957332595678
215.9465607354009
187.18642716340392
191.44220878699497
197.38619584771504
215.07070723414108
223.7362800543106
216.55784631994132
192.43152612842022
177.51611152621166
170.15908715276444
185.37351668324754
173.65113842403386
182.80035872467505
172.4295424171016
169.53375992027688
159.59549064615285
162.1140034855052
184.22399158702538
171.23831173460033
175.51867904720206
182.46003713709018
151.75721720667022
141.49736027418786
134.6622200812403
152.05922792985774
148.15458555791673
142.8939700698546
127.83091419501626
115.13958731933828
123.69353799509301
111.36934155250243
131.265778440271
106.06802672384848
104.80604613144098
107.58653595158154
111.294281049026
127.40770617604048
122.18050217767912
105.94122775494736
116.4459094953555
124.18742535411585
108.00918014410692
98.0854500296148
113.43911666699063
131.02713192297682
140.63619036699583
132.29982278500867
135.88048063206836
144.89223427265512
129.5481551082596
153.85996547116994
172.90865942007815
191.98425482085494
146.08820893922996
158.5697479875566
164.71796674723555
185.158271595144
195.65579853246308
190.74281070324412
176.81650431993083
160.85887802049112
141.17864615920828
147.3189663758049
148.53347047314645
121.94110854450099
110.55625419685529
92.98438265540014
111.94381252288315
116.10809384539623
128.59067868076917
138.4096203594677
132.34532674440578
125.03988848608111
147.44717486218232
136.59341864689438
133.9402106546391
131.59767259917083
126.67650435993775
154.58048143568675
123.09868080376148
117.50165834003388
134.5141466840549
130.13973388115326
97.49391553632113
115.80497219356634
93.43113288726269
116.4384938293368
119.21763409201081
131.2254515892848
125.6202590365151
116.09311509842175
120.20756342483148
94.53360045718776
101.7361600630966
115.3876625297593
125.55053514672129
127.57048607595615
118.17663681666976
93.70216772148416
112.43626752245424
115.43315981226816
109.13898972903293
122.65507505278566
109.8798324070291
111.5269951784733
106.86747957504971
89.96099275012013
116.11123388697473
111.10371016521172
115.05482380826132
118.47153663541204
114.61977091028113
112.55208117026693
112.4068972710552
127.34293312465252
129.6381624707232
137.55338535365814
108.14866048893089
125.13323785350859
140.19586832894433
147.83437953084416
147.78076088568852
156.29689275833368
118.89815388605965
133.0274418006814
132.0022644800681
111.66191530141546
110.3148891380547
112.47737016409636
111.38071153563982
124.6010296874738
133.37990095682028
107.7478270336621
97.52212323570595
101.09003086242495
112.9283432547739
125.9571517611288
120.63571082527672
126.55782931333292
163.08592643929495
131.55179468346745
145.7211860070807
132.90497498455028
114.37625507680545
118.63378706103347
117.55805906291961
117.49449185340286
122.52022516812431
133.52281404508895
130.49214904923153
131.21855375530336
156.6662862445028
162.5238328943265
174.63044605705338
157.58061318324468
149.33892592425116
162.81996395694364
155.85755698696897
152.9532990854768
146.44357317621834
143.65345879699797
146.501390074559
148.99708232631085
173.8095834219493
173.18371686668377
134.7555412721776
151.56114266605013
154.3793832911863
152.2960302765577
178.33162204282624
171.99674648584937
201.36545015448564
200.45133548260728
192.04607401031114
211.91759159763114
236.47175109921054
247.10764451126596
233.87181464120454
242.3828351595763
245.92719809881845
244.50406756366908
236.1057306277629
239.88008211773894
238.56227199506904
232.6579121065639
243.953644628263
255.5056092020083
234.43889742964936
259.37747954069744
224.92882190520373
201.37216455222642
217.16833645732348
231.788615550345
212.25115752366906
228.75980325633185
238.51700255468285
209.53689774694527
202.47496001180542
208.66271765638635
212.792924664979
201.92888942848018
219.23475314506646
235.3615478343643
242.00589069268926
243.4081306287014
242.29781949080018
244.19539547523468
251.2089224103654
250.08211728436254
223.46185883975804
239.77101329320203
241.57661262155958
269.51894402020764
268.2896592795803
264.14693089382297
262.7981757650524
251.3917472147721
248.22267406108165
270.9270868972597
243.56017013797032
246.05881956675927
254.78446483987778
235.20731810807789
236.28577297395364
246.80899512717602
227.77332683269722
240.77744349405302
248.69983192883822
246.49404855510315
235.53357389490714
234.63462441412258
232.70529393461365
217.38948999277986
225.6308233004493
254.6516606572079
253.78494968722308
243.73670907903232
258.4349042701598
291.9998285887512
272.8076995827678
281.6593624932901
245.60108536102462
244.99247880571414
250.4590868252958
233.62303609634574
247.91753661249194
230.50522601141327
235.79986641983515
235.059730553806
250.13332576555345
210.25239117870274
240.74099270541862
224.27507691778612
211.3444552890539
203.61325608045902
190.93768357212036
190.51295783945721
205.4827966687354
207.61563323552673
235.68667178200562
219.14787526289777
207.40392383693012
207.1845542492452
194.9981612117467
224.47769665295044
197.40587267417652
195.27626780768162
188.8488096727031
190.5314220843482
179.41756700158078
198.36862544140175
176.3068165503649
182.9995518439323
191.1379140897515
208.41930580053676
203.28570704353874
216.01447842339783
202.95651362752017
196.37571028105052
189.8681019278337
215.76666882360638
199.39081295123256
179.38870510937005
165.68037129100108
160.77841024402363
180.34580311801128
170.68727593326722
178.37476291982014
162.83884300858836
181.97508373100982
166.95062654044617
173.3266265236251
169.86787925631904
165.3219912932509
166.48780206742964
200.45852358681302
200.46206555092036
220.4233064330982
211.51311532940716
224.42280941980155
233.0327584753256
233.1024563527383
225.28153685784523
215.58606238263096
214.48846139124447
224.57541672796697
209.81501972539073
222.24217418287697
235.1568935341335
188.7802099470804
195.84900428284993
175.84800567334935
183.9930972040214
207.13998716605337
221.78301781336828
218.92871689580255
210.01607127644812
207.31178064272336
246.41988002443685
236.72444894574858
223.51439048129959
224.84549368569057
196.61366286985282
203.8319808177825
196.3041138051388
188.2164043188909
194.51691810879953
189.80064905396335
163.85845048502273
168.1662313973184
140.64828605237486
129.9419983483696
140.22885332111807
134.79834239508847
158.4697059513535
169.4735046728661
162.90611724818152
154.6463899198844
158.93341525613786
155.96859520317506
148.22336812058063
158.34767686052547
147.81109098210132
170.66632724792018
145.39751517582096
143.59086240793292
163.79039257123586
164.6871237201446
178.1447951072325
153.54286105694746
161.77997340791316
154.04032121526407
145.77605691573484
137.87836044399052
140.95481104377595
135.37531548014192
128.380377548893
146.11899125260913
126.3972989668483
132.77479536224104
136.36830448114242
126.3859512306094
109.09259334636968
114.82487090798786
131.00568174398077
134.36954664886704
130.66724471722384
137.7428376157263
137.98087925901987
123.60541178194684
99.65265982791458
116.354409754515
139.50360758162833
144.0912537302157
137.45032588834846
153.20759542998368
157.02136955043542
160.1030566545755
173.09702927804048
146.0651386778162
128.90521878137247
134.07473618850952
164.98313144139794
168.8489856294888
177.35438427065
169.17613310696942
172.25765731479322
184.33644099451328
166.8197107317504
158.8781923723281
177.02188047147024
177.90769213515978
207.24137901934867
198.51039173103803
200.41065712160034
201.0521875012759
217.40928880589556
239.4568528941605
209.97584578709456
226.91453443364915
206.9870643399891
217.72420531541206
237.15215946201963
203.3576580085085
205.9243096227257
189.9590717876813
193.56258045756087
212.92812425341742
193.48273357658152
237.9315541867296
231.84777659466945
218.99614418919302
232.22035876877774
233.14572297869282
209.28320516912095
219.23551146305292
211.86724457536056
254.39644018453495
224.91742652457512
230.19128917994075
239.0833514950621
210.89901168162527
215.93129067346084
229.12274457834667
241.17077552296186
214.2333728723331
237.23052504610183
232.32117239925498
207.7632089582794
204.93546670671168
209.07856800406768
199.15482752235755
186.38595317368672
187.2728237028113
184.63762626423633
200.79811968230229
215.22685037138936
211.38651161347502
213.19629631908072
197.89808128396223
182.69019203719844
164.9772684595922
159.50542725592953
125.50741097985939
122.98624786729529
122.05025931489556
110.00631363834482
94.96144386674415
117.02245134001161
122.33933114212532
113.29052158851573
108.22598203228897
122.97825484441388
125.74802215520643
144.14763083259146
161.27001326008096
139.06785359206603
161.17389352731806
171.00499403560158
152.29827802707027
134.78576423716214
172.90245636145323
158.1440892746092
171.6427509411898
155.12795963414516
180.0251325556131
178.72156891333225
169.095487126717
159.2804234765692
149.55317266926687
172.58401592868924
167.846645508589
172.97973349453466
171.45838822422996
158.8799088128326
140.87133508491704
144.95867362199797
152.526218251015
138.5959814121557
146.745522266567
162.6074465713497
183.94428871145405
161.37392020114342
162.66955193879528
177.28493483013006
168.4237328087461
156.7429793015122
162.67397976071143
153.30143556903417
138.09633475037265
137.3434223675627
160.26497343119803
158.2909589915191
178.89468411238047
169.16187499128466
185.13000532737382
175.4816168947271
176.5864519195147
178.9442220911191
170.15673124355638
172.1052976134101
167.77598556045413
150.94628680934622
172.9468798111418
166.48520249828348
169.02402115263652
197.85643096836316
207.66301795935465
208.7800036071224
223.66861489422647
242.02783559188515
213.87111036728822
226.32882560480314
208.73672781313053
211.4632058440617
201.78888673606414
183.40445675216154
195.8008842974795
162.9245859170091
189.77215768993847
185.69634529313743
181.21316777883428
174.8826573635005
195.2941514103761
173.99977264357645
175.82838913784454
185.63311905944704
184.34459763289368
161.64814011556288
146.13740440524873
145.53424999235992
148.47810186561108
148.57742748072093
166.88622966426038
192.95840948172145
195.00123374932335
175.77995031525415
163.70723689558358
167.52228872143888
160.71282302958653
167.7110828040628
150.69736741894985
160.14868017147484
148.92585816067373
122.55959456430354
129.98793397147676
132.3836715604996
134.00174155661665
111.5100154426643
140.23319640069028
119.79707310493669
111.2449997136882
131.87079968853533
120.39471092523186
121.19934696149599
106.81758933131425
128.71287911973855
124.51330154017823
123.0715595339969
129.7526381435163
125.96008549317327
131.5268721869761
130.54881914121702
133.3273416932928
136.35406371882883
138.36970164198817
153.65525139303466
144.58856700914112
127.70952640081234
143.90569918656388
147.51847888774293
155.37514143486607
157.09110635360472
122.22232716953658
123.24051664039881
108.61701695395034
129.42833377190263
109.92567983190196
121.52068058711752
121.25010115084828
120.3554177865238
109.002371322658
130.88953951014628
109.3793653641197
113.27497022386717
91.97737195701032
107.60515291799132
122.84663689380717
117.15912837434841
139.34489558154164
118.29904138811779
98.39241307098428
128.5820775955818
125.12010770938097
114.69905258498409
92.22897419002942
115.45049048439627
104.61916028552636
131.553576889586
115.11528692893556
131.93282152129473
135.6123438857638
140.4897514686275
137.48209657008792
117.93145719090579
104.30287438368414
121.55587054362111
147.95314370630874
157.32025343827843
131.92770572423152
139.22464799115724
167.42872539406773
166.1318118384649
173.31212561034403
186.99949246584626
213.12611258010583
203.11947919594195
196.41092237101836
182.403819761662
169.653211995761
167.24999939224853
202.10931038391323
210.87234318046083
216.8234939987254
233.5043686388098
223.58508139849616
229.58614923154082
218.20404868025452
196.75553664487242
203.59461233468946
198.68324120449054
187.4956550456112
169.9884376640303
165.3699988784436
173.50150430556852
187.01256220102195
183.3495861390745
178.16148209071784
160.13683038629404
181.96275926117303
175.6605641013927
143.35454640686257
168.66227148175025
142.61114874021874
137.66817946387934
120.96673814638379
110.02588435056082
103.61235507342651
111.48110152710036
118.88298545778619
118.64408271108658
121.21103779819515
101.49597302013207
90.68877179398775
113.38993374434526
94.93459429713778
113.1684360144428
100.55399273169421
109.87500317877802
142.02110957796828
161.5982231201101
138.598413587472
153.52046024438414
151.10865283262424
156.3196824933902
145.62143473228954
148.95330598857169
142.09723351418168
109.92673217030928
127.07689080335041
146.10545403457732
154.01906796734735
165.74961569767635
157.18735955332306
176.26017920050512
173.299900308462
178.77094819983938
179.85343393236727
160.07444445225175
164.49956822212118
166.98256628562456
171.9310532135117
185.54022174706975
180.97291236933688
198.61891759623433
206.57690753205682
204.02088385026045
204.68071996500726
199.43430580667484
164.2990992716453
183.05003214856706
155.812530433283
145.05623580206006
152.24096465172872
160.79309500377823
151.17631256035585
164.27545197212328
138.46544214202794
137.33437947336142
148.99676451373645
130.09750947422123
138.59149770400606
136.7162952218253
162.5558327742989
175.14054077564887
166.71908471023738
172.49099484695904
183.7607496300593
171.64753110595578
187.9131348185842
184.14150131216175
193.1461380532847
186.40823647978746
221.30702576208185
239.81209796058624
252.7004115368302
248.98202400079006
258.5747231446782
246.5965968218564
252.5879088225702
226.01807982116733
263.309236318135
212.05127509149006
242.68140930606876
250.58060587720104
253.95330910888202
218.08604732946503
234.28082792355357
205.8080843668087
249.13649380612438
210.78327218198984
242.0886834768575
219.9685312915103
228.36150467436224
212.81401943804704
226.46704998253227
211.11078992990767
206.16187861081966
216.82465154057897
192.58257752851569
170.71912469893797
188.18492187351316
172.01237882137187
212.68010917049332
191.7036078201674
194.35020177235847
191.47202162036993
201.27875513805776
144.0409346469573
146.35359302161189
134.96272027078857
108.81059427986975
119.47664771718871
127.91840844117819
144.0838202926692
151.80830719041967
150.08595757970284
162.87561388262768
162.7439536716129
148.2375068449933
135.08710623379739
129.83992365075272
136.92224871902604
153.14524530706993
130.0322075831242
111.66975851921022
117.37329288901051
95.55399470786958
113.32661141247368
102.88125020399255
120.240662771764
122.70434267157223
122.90240401064393
122.40648389767335
135.58580420397413
120.38093831979768
97.64921360819245
86.2575218669103
113.45336868788843
137.91740992759705
131.7107562941995
114.63587070255994
117.67996608059559
119.63584152561947
143.2659914611018
143.621034566912
120.88240844057734
120.9232230961997
121.75099939107358
112.91549208185974
106.46910849776773
127.33747242661673
122.53663085912568
110.80729806564105
97.10751645096721
112.80646165426204
105.96386597338213
134.17317027025507
110.70325382142329
110.34705917642829
124.67756264820531
106.01686964474666
105.44067963992363
81.55237957964881
99.38334057880738
106.3222801639673
125.2247855692958
142.4894023417422
131.07751916537617
122.44822262931402
115.72078351280435
105.44889640108096
122.75645698923366
122.52335512761232
147.8210068472296
106.79861565705096
126.01216091618777
99.88532212634094
104.20591642252597
110.99623650788311
118.81693586224237
94.79082932978407
115.6877232552879
110.53355079460584
109.26892890514624
114.48148088282865
122.67870902560536
135.49288125830188
132.78067695226648
137.10616747697915
127.73448470178478
143.72586133356447
129.05887975651225
130.98435553341278
121.67323212106785
131.08916097828913
139.21650724797385
141.8333378360083
125.46579638302593
117.04881587230896
128.17742547467952
117.91165103507588
120.49903500007095
122.01824000516218
123.09778934728033
133.37157030749745
131.25959731242946
120.07056354575349
131.87418020411812
145.7305851429185
141.03654335110866
130.52874067166672
131.50238568762163
139.34021515740432
142.94402180943865
137.7628746655226
143.1318429380947
131.68628806485384
132.91713334653252
148.73048635994923
134.2408502454297
150.9843045477122
151.30652225853274
128.5722362409605
131.23878161254055
121.6504151710363
106.2824886921331
116.35059468932837
98.59849310984723
99.49465453132453
129.94658847410304
111.5236770412108
111.45504353191915
123.36755643608322
111.1642470400505
93.56680983096388
101.52857682085828
111.40682799501141
123.45403558797211
112.20482987756108
124.63822625304338
119.59225023360483
123.55045016377287
96.58415473250933
109.7618526841148
131.06329657263893
148.5368475460498
167.91600045768624
130.37384694986724
132.9539849024623
139.67069600731244
146.345773406026
152.43798444771073
139.3814691888987
151.37803081588592
155.887196340402
146.69316755682883
120.27514405937467
132.5053485765539
158.1497070320512
137.51829642901578
121.10744895068804
126.7665584820938
140.2834278059901
139.88465148397546
119.78321129534403
108.27391002406651
93.83786399559291
117.9862899974141
103.11837843219739
113.44997847414896
113.57271332906342
117.68365139021721
123.22555799072535
139.30234356198034
158.07031567270332
140.97525190615588
116.24928559746328
134.31571131706127
134.9173894793115
159.3991759476457
150.43024013972226
141.69368326820592
169.03572595446715
153.3877064896543
162.75330004228815
173.41843385199658
155.61894989982085
142.63500361073346
152.07265237346104
140.89122507938117
156.45145420469174
135.07405068431268
142.77838646613472
141.26667787233924
133.1859539266065
134.73202940408217
114.67729437115595
126.22171571998919
124.65730328666122
115.02151128561009
135.12743921192927
136.55631088488175
142.35025422957224
133.4551002887403
134.42189923284252
136.86122808212312
147.6882880780791
148.148054008857
135.65024999252373
130.44448114342788
131.66340053922593
132.4436547319521
137.87751622528586
136.4083403944886
118.93482700689735
93.51340840718674
110.81943905914105
128.29337299503777
102.51318553344747
118.92097847559802
101.05913438308762
106.39712364453581
105.1033524267396
104.50431450777397
116.90090297269109
114.19449671154482
121.82886320127992
120.95483000108354
95.65409593773197
101.87826675093741
97.09045477604494
85.2552589580005
115.42918709938309
111.83121444907788
100.14159608784178
119.26190362731705
120.55892141354678
116.74873371484833
104.10896469715071
110.42084548021478
130.87304658452163
108.15551657886859
107.15498087781589
102.90380617807067
97.92737125954238
81.68194440409633
106.8153881363381
83.39247393738377
104.9317013067637
101.24924169608396
120.64676360194008
120.77899180401552
131.49773374486202
144.36511269957455
119.8527449034791
114.8789512837924
103.16169672306492
91.33221595846285
107.41855466933421
91.67058176722513
117.54084311067875
119.49516345014179
104.9252021486404
115.88721401124832
102.94881612727819
124.42570884492295
122.67383505987331
137.78725242784978
128.53878689305594
121.52845543885866
117.57348520815098
121.47863726285243
110.67496061062292
104.64145930381864
95.06634053129194
114.83192814838003
106.88679564744835
82.60137509224889
100.47494243532182
118.42668770088251
115.98058266631469
105.20216058996436
114.76811414441217
113.88784447153364
132.19899863564177
121.57839905134225
138.0452920575344
142.48678378190058
115.45708261674535
128.89385847551205
116.28854548949677
128.39645821659343
148.42288096690808
159.57590468925977
139.67463396688842
134.63313797988644
145.71424128119537
151.342885259058
131.59252697978044
128.64479286338937
114.35112969572971
122.22448156991679
150.45141175224543
137.47750610386697
146.95178278413263
121.31228746485904
131.5881507229102
138.10812223689777
128.03178060294584
116.18240770523332
110.74074850154328
120.46258701638185
138.07768142716026
131.05832484040278
134.01214346009976
125.08888328993909
155.09128799599392
164.1390250982151
176.06752747137563
156.44772168601233
163.43738852891533
170.03737789679488
161.02006098467018
141.56110720144446
127.6491873498357
117.32197085511211
97.22953457169017
91.98089871800615
92.8321095832725
123.80480981013615
100.0284546873086
126.73254289867292
105.39407940311935
125.30544126338256
136.3259310455827
127.52333735407328
125.86928780989058
121.2515246395765
103.65648634705755
102.57043074625058
108.84680598433616
122.06113915545693
131.4330739395399
133.09460598649636
127.12038576140208
115.01778698714436
140.99523994199257
149.27550368723044
159.84768622150915
141.11619479310073
145.2851729233732
160.7763857824887
168.22561220533518
139.26187491710874
123.60070414433982
145.37532275737988
145.90945405858693
127.88982000562562
152.11599151181136
157.67293488359002
153.72013892165998
143.77269468966242
136.01407919201273
126.34689755359042
166.46585029676555
165.28691764587424
175.48259312269667
192.99604180224108
181.4987610635003
189.38317822080828
171.14330504485744
191.92609443243938
162.39366769178451
177.5456667782816
142.76927344293003
158.98902484485734
141.26889295176895
163.4826666258244
133.74102843355266
129.33634859111282
113.5156833854213
137.28663885494677
140.491525220152
153.9059172363633
155.2243233154879
152.8252335279875
124.86250731779103
117.70094745676785
100.30366242402414
112.04911419768155
125.12095194612526
119.45973460999305
107.34756791763746
133.30962132895093
152.3930766007046
142.54059196221215
144.90226689087814
186.50247945406792
162.23252553847374
130.42530454360636
139.22159767563474
135.5181943946248
143.472179235412
142.31075185322038
138.81026406910294
148.36899210401532
147.95842085243422
140.79223787673965
156.69566058150352
165.53335632091995
165.39418723137916
157.0272136289573
182.20071391037038
174.9852424881961
184.12338762309665
189.038951459941
205.70525162407856
201.9646935309024
201.65417356818676
208.48194794531108
228.11536082554056
219.8964924119948
220.26117667468944
193.1066615421496
226.0614798388652
232.04339861955975
213.79455313096216
214.09283243831078
197.52361682260195
184.3017066356576
185.54435857785336
184.1026502672192
171.1078482911825
174.96893915201912
175.10404181659254
203.40664788808206
165.61817507343645
181.14936505120724
151.85349357933393
155.11802918663838
131.81522812349635
121.76307402708264
108.41772862324585
128.1883601627262
99.448358887679
109.92607319005543
132.9843684066073
114.54662587116559
128.11158267311976
111.46522998396348
142.0843840222084
134.0182128049199
139.94622991754235
136.6600124967056
146.19019146391219
167.07082446804293
149.49047484022168
160.22823073999973
170.09221281708417
161.00685167516528
148.94546580686276
157.4408926909736
164.64352482468672
164.07347147579813
129.70817371727026
136.02729057887242
129.73210736353627
142.37785522892918
129.22236694641197
145.3553100493127
109.23247937724018
132.06300747307364
116.20292780053933
105.64174076699473
116.1958932608431
119.71851687030438
133.71062097724393
117.43329527340059
123.26061023779606
105.92340932784957
112.86547388433581
128.13458049358528
111.72012049789878
114.48608499882968
126.84102904958407
145.74253917337447
158.86954431691453
156.59958940144136
163.17519452752836
158.5737667761796
154.3901290238907
154.64505832500637
144.1010650440951
139.34226917291585
121.20556898219044
114.3499635828042
129.45700338493037
138.45443484097217
120.29579276927159
83.81136184134456
109.34379356662369
102.68006327087616
92.04043566181343
118.60253996210031
114.98663973957046
118.7984807577684
96.59078245550404
103.14715793177967
75.55915993274823
95.27898819796296
94.77601769423715
114.6525187993086
102.82381351082347
113.24489204321745
121.9505744878538
125.73000351489517
133.95116702201847
119.86636994117288
127.30109403775704
122.30434954477481
125.2042896645242
119.13466786034738
124.44165185900167
135.63274296066047
121.57288356959299
123.88524241103858
146.41209524783795
137.02551035862714
152.2378408678047
150.49417446666766
174.8030350742816
174.47097771405745
156.37457962833298
176.7770095427591
192.47028553427575
191.07819696806956
180.86902397639597
175.17288746590913
202.79741017673214
179.97664006493562
173.52292158510727
172.35044382649855
176.33080265808607
180.09094252181234
167.35811159790316
176.71939469136984
185.18770004412607
203.36219027832277
185.64909328751753
175.8429943260609
175.42957780779872
138.54583851201278
132.3818355245924
136.36556356482333
113.34791157335435
127.66243972543992
148.05685439530905
139.57356065894368
161.07094446262786
131.63811689991547
112.20324688962911
109.80017146497583
96.85530589933337
119.3169567221557
97.99259859598789
96.97252497843421
97.37169248451917
91.07042653213041
126.1922701593688
122.02062492187366
123.48367846036578
124.59807490559436
99.81433374133438
125.25248612750717
105.75546674521547
121.19792289999369
103.5051933822067
113.71597715849103
104.57372768629881
132.17217881901107
99.71303986150014
95.08935973797205
104.60517384431633
134.71138343790696
134.21643278987656
118.37610293699909
106.81866699839576
81.35578636483874
109.93952091728056
94.42901677043311
114.65198415231562
116.37670964295732
96.63295171836295
112.60509992712488
132.5254963525693
139.40830653686479
148.21227140103272
142.41891553364508
127.21788389938882
101.54169510642961
120.45626494105407
129.4050683114673
135.13952581999894
152.5901442936753
161.72772332201845
140.24889118203097
157.2155087950037
172.87968886144185
161.67118141133517
176.43458802425718
174.37956090019787
197.48203420792152
189.06198464022233
206.51302109226816
183.45661640981905
171.4944477014452
179.3664051663125
166.16435110135586
193.46117582823
187.0352441879097
167.58697002543772
186.73850761324462
181.94324861834758
147.6158621929535
125.41490996144186
115.2045605271199
120.07542765967767
130.7770605959943
113.98293987554442
107.4064423688572
106.43939831237157
122.37004161357113
111.70751651839376
132.00281669574983
123.3448316859699
127.00072093033532
141.8318584289006
133.80540083279186
124.53187670026696
121.4330073153032
109.16615970934446
120.89353777004634
137.3112447139393
126.86582052944365
117.94189554184702
121.14145356010386
144.07087164284118
125.85428839727976
107.51716644613057
104.35607977103405
94.60272645903005
108.70478084911237
88.46141578910695
111.97700214935435
118.35457448322391
123.19191682396291
111.86961372215177
135.22272812996061
161.7197222669906
141.41775961398733
154.86463703066286
143.5555217803705
121.08568371098369
121.74581487032735
116.5240361787144
98.78994468698936
123.24078462188905
116.15492214402326
126.79402046741164
127.8067862996611
127.03355948238043
104.60628573392398
127.4402032510782
134.73013545819006
143.0027024291992
145.73858821389635
129.9937584062688
135.01501907272385
135.43548877023835
147.2955244691945
137.19621972112776
147.87084325351736
125.98555496999137
135.36216088507877
137.89230788257584
143.1610114599645
139.33016126393906
110.35707714840746
127.8324778687284
118.4066360084475
127.5539908125522
128.65938334978816
114.65831721708895
126.35831997811322
138.2365225712216
125.64228595804637
129.88639134979306
118.16652836467809
118.39254703079278
142.12382380913527
133.05114907517137
128.31331630330138
128.67402303244003
111.28783295020179
102.548271718198
109.32199145559973
123.37304197668665
133.9899619750105
146.100832261233
161.7828287562254
148.4852934197213
121.01399806857404
141.1204865606011
144.94599568240181
150.14134641572304
165.52466083546125
167.1028267053225
175.31731329003065
144.30475300880263
149.61689143154692
148.87039489205446
165.90017368614457
183.87104248685577
159.33693476792578
166.00974321627828
156.61636785297563
163.59983856606834
150.60990804154505
140.14631696666464
120.75371663957469
130.71934117100392
109.42958548252201
108.43375545191769
107.47172655830434
109.08024641192958
108.97950242351797
103.8788629632953
128.83512453997287
134.31542319359895
131.78575998006608
146.94157126445083
124.03177444013866
112.53892751464154
140.76021939788842
156.67775311019355
114.84980464846902
141.0203781540559
113.22069745090381
145.01156436863747
128.9776297772098
160.35153044692063
133.3866072265068
124.34960123241609
132.24401667154527
145.09681485536834
163.2659359256673
176.68851845544066
154.9092034523676
171.12709563367721
169.60938377528743
193.12587164214034
184.4326088070756
205.70379960235567
196.81297963057438
210.54150648506558
231.43565427779345
205.60812489015407
200.40691840860848
188.87070864801657
216.18867268476285
232.8186054985373
222.33962962010025
224.24628524054143
240.06148694911298
216.81767695539995
226.8148315604115
253.00573321041796
231.94149410571157
256.4346715690582
231.4220472133243
231.04878577642103
237.1725232969223
236.85557930843126
255.90636932815946
263.2938702282083
231.70916189190459
264.3486995322545
287.3415530029025
255.45168070185102
288.8420893705636
290.8763378481815
281.35709710127463
254.37641924221478
277.3890693305804
283.8779781708571
264.9884601454724
289.5999981554378
256.493884064147
252.11539552259438
256.75315093669104
276.79941790905303
277.99348511424967
285.7669532330832
283.68974670663204
284.5108270088748
291.86046204114626
289.53190480573437
294.0547719036803
292.4885830998428
277.1373304701204
284.5099443466084
271.8818262871793
291.5763975858453
288.41110125629683
280.5982240695461
285.1130814065809
294.0665440898975
290.33042516963616
277.3499493953308
265.84172891545336
251.18494545755084
247.37749787211555
256.5445657524878
243.77082619406855
247.22426441951745
227.97494359045214
239.51811366477042
252.9112486676
243.9150063591784
242.2588550340602
255.00753843972868
258.9187805089688
237.8298746900529
239.57514526285308
270.202672128403
294.04958171233443
245.636043113192
271.1944884628675
248.66644648772171
261.73206400636445
217.2233372537705
210.00426576973365
241.40555090718686
260.69033461286193
239.5909216157603
213.073548965867
191.04794048562675
214.03176005847803
236.80336548667714
221.67402714441263
252.7175225247504
223.8613156938518
246.90969748108722
247.31557768347577
248.5714566242666
257.07331488236304
229.98152003486695
224.4377981655658
225.64981609276373
219.8871400154196
220.50110800855265
205.99461656208805
237.61055225431375
217.4519802138381
240.88944175346586
250.424055573604
250.5292402093209
274.3296817982622
251.85230750031943
251.35516325347197
262.9580749683327
261.29219247541323
237.28985773204096
267.8418091968482
231.24947382731006
232.8765449864944
234.28654790441036
221.42379582937951
217.1492420167885
238.5548121879405
203.402044287979
229.77410319941612
256.4046027985001
224.21099491016625
210.16443432016857
229.42085304315998
204.60283887128557
185.9364221556335
202.05796306680492
182.44826545856873
190.21213268597285
204.8899684343576
198.95180463092765
211.8627950397736
239.87296991606638
247.10374438407402
253.6279694229293
232.13763737597884
249.02600142373927
206.2597246483497
203.30825394225994
233.69095060017546
220.87633157118287
221.03522255714884
232.0951901100874
234.34114226425385
266.50338743420866
282.33367283349486
279.64392656213306
279.23751483818836
253.52916827807488
281.10390772665914
266.15695053662694
274.68328030517904
282.39443370799034
272.8218762920301
272.44037317802275
291.07723648559033
272.86386342047564
276.29915093572134
271.98930751586545
287.37642557482263
278.2973508545242
283.1449901231248
276.2579788195095
267.37038441715606
271.9103210983897
274.7009966966608
257.7658206804995
280.13054551738264
276.63154180830804
280.92760779540043
270.6560547348145
266.2592030281167
238.63860016569197
240.99526104524026
233.02479684735204
236.35689022605996
247.8858759675168
264.54688181339577
263.99121889569733
279.8584476803958
260.0453188052407
276.06746754946533
270.71236499612263
267.23166990445526
281.8042058519021
260.1088501776335
255.45461908288593
275.53122774310526
244.83055948700462
263.32989019863743
271.7485234372079
240.18457921413454
216.27734162380625
224.17012441131058
226.77724399794766
226.595218469034
214.0759091558529
220.34649415582365
231.16131689002796
219.53002205786035
211.78684820089455
205.16563733625213
197.8888171295476
223.1213324931977
215.86321858846694
215.96678242770764
240.538863676933
200.72734858473774
223.17313518028328
237.44803752780118
225.82128429260655
220.18974840925645
237.02532567000466
242.8821237491051
230.29112715503072
234.61586328664117
221.34980747661731
216.02792099603033
192.2013275210279
185.4033063953002
157.6551386542512
178.80607829210504
125.61491905021344
156.7453518458668
156.20104708632144
125.66960972726369
140.70447653908403
121.95754062128817
128.53989907017527
134.49688207567823
119.05361158609443
114.67307715407759
127.35357549867155
124.10068149505187
114.3481865004448
119.71708958751898
119.45079315956326
108.89917726390507
107.25702006905772
92.23845462493809
110.51064915583733
133.33516932303678
121.23564699670041
148.72290553256755
141.55933647170383
136.1646633741311
115.4051341631691
136.2629510410062
131.0603026017183
130.77077573529007
125.20586234352876
137.18641187778206
139.31844385109574
154.18156142771943
152.56610654186133
166.53036141539042
167.99261894855147
166.67906506235568
152.66134918007376
142.8837244221423
158.4834848676921
147.2120466159067
130.47102801658153
123.24808417880713
122.89845763082334
140.50207946701562
155.72988899598533
168.03292422359917
165.89343639172102
158.46622235446057
173.0693299561818
180.53997623259016
145.2883924931522
132.07010404608152
124.73056783156345
146.30098076583872
118.00460247907588
109.41884737372747
116.60601559231971
96.29649295534215
128.17815237592723
129.43797681556364
143.0018854011802
125.94931236054705
125.29837059357912
139.50476874317212
164.5894054389703
167.60404827209115
147.06448636137193
145.10604652436822
148.114076122489
148.29039685821868
128.48239755372708
136.53850741317015
122.86924986066569
101.8340764300009
121.88221510958365
99.56095097726283
132.79444809338565
130.033559632257
125.94288082798163
117.82837147183145
117.9753812993174
135.08458844884532
118.66105921189077
102.15969603447526
122.9535205599985
112.83926233460816
109.57205229944672
106.44866665148217
110.86065082164168
133.4180716616854
133.9351557233251
126.59779547739882
116.80863573098578
135.7485754350511
129.41765575074305
141.4148563448219
139.05549086334327
141.04293168348386
136.3811602952251
132.60814703423574
121.20291485196826
99.11832855951057
115.57213837287854
115.76496453483381
122.5274842666822
117.46292707594489
127.4576403943893
156.46390557566747
147.59305467183947
155.4716137816252
179.03482700748557
181.6999669073968
173.85465843141137
162.0148725285273
167.2321735070146
145.11132559085317
184.29873872357132
196.243403272104
178.7054942580181
198.00643969128603
218.3021627830693
201.74573286337122
214.3183688436932
221.48521379114356
239.61003279657237
247.86853415614746
262.8169174289493
257.1375992166326
231.48493417937635
234.49140410110883
225.82376254608857
233.4874728619369
267.3803648684384
249.80560691984792
243.12112128870817
256.8005491490637
267.2152885041661
263.13261453318637
252.7140484621745
286.11151457564756
288.5619591439138
282.5803879938643
296.7397621629363
278.44589932068715
257.70632499498157
252.06919818697097
268.74465154572675
255.25915338084863
274.57615880889693
274.83024242967434
281.1769546289017
264.36204301134654
278.3886693012183
266.709172179436
220.66967347280504
229.0649147496727
206.4060204138503
199.53015352777243
180.80898321504392
168.33158008410715
166.82207820129102
148.15126315748483
162.43830802359872
149.79890457080307
126.21092738416439
115.49704261194982
121.03412045348654
141.90461820302818
144.3103963385883
166.8372846606249
145.31044704223547
154.073648915415
149.2207648327179
149.4607525929621
132.85659056587764
156.63841789970292
157.03402717613773
176.26136374878368
195.92413846572995
183.9267748284233
180.43665095756435
174.24269008710615
165.50448275295545
168.85952998937586
152.99266531101844
149.2173565767738
131.58421544156295
123.2330450498319
141.99566569700494
158.75902650789595
179.17206174881042
163.46585191523334
151.46653675237542
161.18246692061706
173.01717568031407
175.99995523468775
196.2774447468485
215.9531127142935
185.38754185228305
198.3140822099336
202.09238281011642
216.50575102711713
202.34823042690726
189.4111792314927
192.6251959558007
197.2827028330906
204.24662397164875
204.70829832764665
215.74900307815014
209.7318635617438
211.1758711468581
213.92768704325775
233.48445011394574
248.9939099984177
256.1644413806942
269.87827245431015
274.73639355694263
265.1693774133758
263.33908290630166
261.53925958809276
281.224278864986
294.2819454766116
282.9678593080895
271.4924676937041
281.6295025453527
275.0559951160262
278.1440247220204
275.98054690224507
272.58162088031474
278.84565466409805
286.1141702969768
289.5504664440256
293.5339327176005
286.211206968199
294.28845177120866
277.1948494397053
281.2460629782358
281.5784662653282
281.4078102461128
280.0641504282183
287.1054792186404
267.07418488178325
278.70295297230865
293.63411463318283
298.6262343903262
295.44535052834937
299.75863247201244
297.03780998240296
300.3410794366301
294.30973120797785
284.62761236024585
295.00040981765403
290.40701078004906
296.0664169865438
294.22413149908533
299.9206203800109
293.33973378311157
296.8056125907444
304.1219548033555
308.18846435926974
300.78023495007574
302.231974585508
300.1110243711521
293.6798602946891
288.811898714776
290.30260820651677
287.74923466595004
296.91794065826446
294.7794358569205
293.69876264792015
295.98515370107083
295.8888734205657
299.8002069509612
292.6635749381263
284.2727858919836
303.9236132604309
304.592299305912
299.720560276484
292.72987092366384
286.3203794769356
279.634727905942
284.677697339957
287.5743319343515
282.98718877814224
290.42223093059795
281.94073971531145
286.97066290952137
291.371330841
293.1445276210512
287.65198730475174
291.5314111350286
300.0029802820724
292.3255952828525
289.91799626430424
289.4201961885943
287.8089024630502
287.7550843719557
291.033096590892
276.160306489639
286.96829518704703
286.3663634131587
301.04557330573374
301.9020401565223
298.5763504566336
299.6381905359256
302.979311319203
283.4474802057424
306.03719733228684
300.5054583384639
292.5063532126172
283.18085742421806
296.43837142867767
297.096093737268
264.8892910964938
275.5871140426187
277.97550065286646
272.0138351124745
261.1785406742979
254.84475111377304
255.4381013396944
254.53313857133833
252.1988581713975
237.2050686217352
230.8241060124826
231.76800943255594
237.7777167931641
240.96041216984634
202.84527660467708
209.22440848787042
224.880887996546
203.79038065107875
220.28689255447438
194.67503293060216
188.19384857738444
185.73612449008053
191.59949538191017
192.38372609347712
194.8642604993213
184.24511707801219
195.48490618732365
188.5352256668844
213.69665861831658
246.00384481035266
247.93863314214866
246.86173866884613
233.78062799282108
261.0242943402453
233.12457094161732
242.02578167666474
264.22386752814685
242.1065465760405
243.5849814661703
268.3504606185083
271.8840558718823
256.4588206490496
276.2384621790408
267.1893142129952
268.7172741867783
269.9828771553996
263.612728967831
252.83213267886848
241.58150555794015
237.7308578072332
236.7901372261571
245.11104464328636
227.4712453286417
232.37569333548305
227.67291117273325
197.3288855737046
212.83431171196736
222.28592216556888
217.82663659820136
194.27270318586093
167.12269255081367
158.64429871918477
173.64985635355131
173.32681641566188
171.51983550667515
151.13379528647587
144.72863448665473
135.75679484888855
138.51079693007048
128.31948162483437
124.86828450746991
137.88695189535812
144.19428101406737
149.78540653214694
149.72027700757056
180.06587216856653
180.37355303428075
177.01233592225827
188.52873887002877
196.811844283156
189.434599757957
193.73157139927747
174.91929358658518
185.023262417908
173.91037647335543
177.5865168194263
188.23329777559107
165.11880250291412
184.45475379579716
194.48791095610366
183.1955903332308
211.7441651648471
201.13095223461968
185.54993481381757
211.1482693395236
220.71142830483177
216.55913548257433
205.72878599505606
220.7599094457539
213.13302528432055
210.467127137655
208.55891336103178
236.1224159526733
234.77095805978007
223.6147350799242
248.4472916054369
224.33135604673242
222.74340720006379
219.37438636408794
222.13426734907762
210.6801457686163
209.68020803195932
210.77549620341134
219.57279729729356
191.25137912737
221.5263150182979
202.9002150065832
187.52301396690396
189.67787378297177
157.72950021917944
168.46360371453912
168.12418153981295
149.07482915143063
145.2430440284505
165.667080507508
155.1554143138857
157.28020437106142
168.38203976433132
162.13144628126258
149.15899897942083
120.64688433365095
141.12525255188194
122.81968438814633
128.71108529004877
135.11089709296942
115.97753388364674
108.05568486529585
132.8725710392278
117.90709355810671
134.91450466423976
129.85066556668792
148.92496862179698
142.8732838798763
142.66573886914188
116.96891678025527
125.7216643323114
137.48332797295993
127.45224055723065
120.6177554880808
99.89714875270468
112.97906363170793
95.29596479978677
119.98119663049768
105.47497749317942
113.96365757046085
113.37046026336883
124.50984002428373
105.40816978310104
104.9082742299069
113.20470336944355
116.03924541358866
112.93679966787795
123.72012216035391
101.3227935986348
112.06905373171158
104.57007331340239
102.38581490002964
126.43069243033779
105.20557133192314
131.724140111378
143.94860100163393
115.88752562383361
110.26435081748528
112.12054345834724
88.27567140962711
120.02920688774122
114.54991474543415
134.69895826710606
140.4904585163601
115.05874344779866
103.08393974196046
110.39093148869632
124.38493291681125
126.45182229401442
98.99017056617456
73.54355258306333
107.3457864136347
109.04470626348817
87.20895506281771
101.6054818470722
108.66390908782795
109.1963557502267
100.52005455426254
132.56981044154043
124.23853062661271
134.7606842094459
162.42500097521602
169.59352256237506
166.93299578750862
162.86186460087754
180.95660418320088
164.87484505520845
172.1484778226284
154.89045393158187
144.91822778604543
187.41115428180888
170.80580780660216
168.01439431302055
181.68947257063547
164.8441826317877
171.14448760214907
200.0378625251258
194.8874820606269
215.15602272764448
214.1865476206553
203.11841133241558
220.2552256108216
254.01826760106403
213.5695525510943
238.87744247787484
219.9986135095233
229.07595053824662
218.1631607004177
215.59191654154208
216.06470421990716
208.48274125451127
163.12350291115914
210.97954713491438
204.8090503557473
212.86254874371343
215.03058129673616
230.98107134495422
205.44755034940886
213.8653516492456
193.94813653346614
224.05872157363578
224.7802206056654
228.07139129751056
219.15024112933543
224.63775340148646
222.60057027711466
234.40235023555442
220.31428068215706
243.01191780137802
225.1574236184674
212.1513130205429
233.55466947880402
232.5015479870916
213.5503642617863
215.17832387658999
193.79396856013656
184.12465860645932
193.24282791301707
213.72059088873772
191.80542799402613
195.88281032214903
170.85649856011636
208.32717376514654
218.25349382771816
200.3223440692871
210.55567511713957
210.6160728901514
211.60025917559398
162.8160803484736
170.73201406536944
187.24799616422325
162.5333742372369
183.2989162070934
137.4016751781324
153.90148783238905
145.6762218425112
138.79899766226467
142.98946492854813
145.65256204043357
138.02686379764285
128.53522608028504
144.73245366805943
167.74186077203828
158.29229441269086
153.18214721387227
148.53555617040772
140.68656620402356
129.7862191704498
126.03907950594738
124.41138783401529
141.95143422255657
134.31897334328104
155.94990049833115
146.96909539097192
140.2936752505445
125.9430813274094
107.73687756893766
115.47146644616856
111.60701190670369
100.80281394662404
121.65390014554727
145.49897701138283
140.53503689262914
135.83883227209662
158.4550196878012
157.71130080063125
166.61379562077406
179.30478926535386
168.83720374595052
178.8757894003905
164.82875110212774
165.43310851177785
185.08795069482096
206.79964156173747
184.63947279403942
184.6743819929112
169.30304297691205
162.40750494859572
172.4457471280264
152.33663250812296
165.41437139644336
156.89467595708564
152.33258147677446
176.77921463767092
183.94910041765695
194.3474995923944
191.68313666742898
199.45309909587516
206.7306832177025
246.8324981261106
262.8835354476879
251.02447528053392
269.6330045472101
252.9473623345671
287.4971260665899
288.4865325161133
282.51144180890316
280.09564735146085
295.4070141313648
294.92746622256743
294.2663177725885
295.89555425397714
268.67857714227
279.4588043073071
282.40465359860974
284.0422575737033
291.312922544793
292.2182247491013
288.69068367500927
294.76145800206154
282.0357407708492
281.45041205244314
282.2550398733171
279.85840089199206
277.0922389798997
276.06556629817226
278.31799999344474
277.5648399323528
275.8081223753728
277.5435053228574
289.2176701909451
280.80366869230573
283.690273870202
289.99403252252256
290.16938016767267
290.70095335486025
285.0067230524241
287.7140418797168
291.6550990795858
287.5222211156134
285.24346827357544
282.8053409538454
299.286606103375
296.88802443046734
303.48387017300325
295.7187225073421
287.5337939410735
294.83480787434604
296.5947352400937
287.78995867855343
288.801482036697
283.87327164694733
281.73280716020076
284.1040185594908
282.44428987259374
281.02446176736765
286.75332771547147
288.7281856168085
288.5954690493872
290.12349586413166
291.4960626012674
298.0889936001905
286.87145776175976
284.3078773807413
279.77635903268265
284.42694311433553
277.15046002266723
282.77585006835596
278.06458448650454
278.83547233098307
279.69641073924635
271.587888403989
269.0964732921438
272.43442615812796
279.2149081741411
273.9258410256893
277.32087297232033
272.6122821195132
281.3976032385335
286.0370707312247
286.4791189547418
289.3331315421251
288.0942232849876
279.22383172668725
275.22215567304534
274.75420557824214
280.07245288961406
278.7880128989824
277.093318337946
283.61549098524654
281.6046187059647
276.02078737052716
276.29116710442963
269.328810565643
270.4105642216407
280.68100623091243
265.82879420431914
266.39630910179517
260.92027180551935
261.06590713494046
261.2329998637825
259.639970237074
241.53122723801906
239.50775951598564
237.06158459496015
226.7118880123103
225.1321832948677
249.67607227158365
249.02109538475588
246.0321816199514
220.30539113580303
214.60849527581564
227.0713106123489
230.1273747421469
254.70834775855693
250.63316936024415
249.37692771432333
251.2904294322987
225.5285481736592
241.22764571794943
233.69060665301538
229.99701339193555
230.0346208343805
202.32479841887442
173.38259163249072
170.04156728036156
191.11107900867165
181.26014518360495
176.10335687800767
174.35011957019282
179.67084622918372
187.2053439463203
195.88242261253276
184.3385944572757
181.67572753542223
198.06592952549013
168.82400552581467
178.5887252641936
187.38707452681604
180.02935696799244
177.35010571511387
189.83934234009772
175.86058770615716
207.58052871003324
203.8565434090752
201.65495982129454
208.52492217646406
173.61795490963706
180.67989811387335
195.36616235872046
171.34297982084365
175.08787515075937
172.14996108378276
184.23971582303406
174.19399930233809
197.94488710551758
161.13177792085142
167.88864987801753
170.02952728369044
185.06644829105295
182.19386505680654
178.62016456558015
194.53150795413234
203.55056401601868
225.59513566654036
206.40314401941947
176.5565801576244
161.22938378419116
170.04203974857435
165.6532480566663
154.3497534902628
134.87526041063427
133.64141396415621
146.14558262496863
133.7087440223277
120.71102704255354
127.36225685136353
121.99545869357539
113.6530699314659
127.47343119897334
128.43924166091242
115.3277259716501
121.52412257284415
101.04729088922619
108.64585689069851
137.0760932024678
128.6727366504401
130.7856712630458
124.92972953340917
132.3552053064707
133.20711808180778
93.81365792509249
121.20067483440162
113.78102127857167
138.32972532022708
128.371697475352
130.24344176653562
126.60280503491822
130.14784278056456
122.96443958520295
120.1032530727652
115.23741079946778
99.45596250488792
133.41649111853303
110.44839011610854
129.28390471884467
114.993253475236
121.72375046766817
99.95774864540701
127.22924519335042
111.79408690736678
115.36109421954922
139.76434284027113
141.83947483068906
151.71138829928856
151.34633227725735
135.81858318957384
137.66742740024438
122.56587905041741
108.14517240706226
104.94334699015762
113.42244098156644
128.18053341700337
137.40785005960657
139.4242647337575
114.48018166957658
103.36534531059165
120.42374023508852
140.74832550496
137.20430496710634
121.56665554469659
133.2155816046599
130.9043394638636
128.99450667590895
117.68399501694917
111.83528043206579
121.54644671253094
137.30839926964416
132.96147034598368
122.06920177557402
108.67493154385413
144.88566948930037
129.4338049402201
146.21655511028376
135.19662045020618
143.73879820908272
131.58628288146366
158.5132213214208
169.1908785341024
168.51284012528805
160.18755324464837
164.04708697241333
156.33478877449505
129.1045371449693
137.79965351044532
152.81973125996961
137.37016593010046
152.01072122810598
135.5475741028229
145.48983534928996
150.8494060710072
166.53566378918325
186.77982999724304
193.4633883967866
176.4855751168478
196.8967234393621
205.83986784078
227.17437195899976
209.37020306215786
226.79484546282094
200.86733127102107
221.0216105178058
205.22409809226374
219.32978608445347
215.48246195895175
211.85598746919106
218.32277659767786
206.7472897776016
200.70836102305904
197.80680119598819
222.35019448144578
225.38874169741172
236.70906415636804
259.04870918990537
243.50979008199937
239.26211191083
229.4858620266551
209.9319116117321
217.52143908892913
202.8902759927387
198.4105189884417
200.73513095344939
209.49835861400328
187.875155933299
184.40723448191045
204.47427320080052
192.26649615556218
167.4182196764017
148.8981002980872
153.85136920677357
179.59487442599757
172.48506635828926
168.37543873277363
180.24541919579636
179.38085857638401
155.23631881610706
136.02647137800722
147.6648109124873
161.19675954391556
141.77187822812263
154.68114919412756
164.03441817445983
163.34500152644256
186.52599575354623
180.50524461332438
179.95682572706073
178.50755495863737
172.36636855639236
157.1976580969934
163.62087232447288
164.81143818934663
157.35191997210637
161.3955166920164
176.64339353426135
208.71505066441878
193.4820572121358
188.19818801698526
184.6079777385109
172.71937106877405
174.57034644716364
169.55378019468003
157.1957356696437
128.49480851570482
157.89948585106993
153.34627337971287
146.91436954548294
163.98826743651952
166.0141044303327
153.64635893753902
147.78100582971035
159.67406653377444
145.11197077820447
126.48713287521515
160.77520566586352
135.7245138558776
123.47615012187767
132.44927339286411
126.82602761267171
145.5617158982011
142.54956585102545
147.68255837178293
147.5105954428359
128.8714783501087
131.3584232006314
125.41977966937924
131.1379681629655
120.35430586412453
117.57330429002036
120.96852103366393
116.45387762010914
96.26808277767785
116.8812562927683
127.69635297686716
120.22197199288743
106.92422431373025
120.18175224765098
120.58706523480114
122.21934474089858
108.91598697292967
118.24396799507271
121.65725735075266
112.38013799829233
118.33170342760323
122.9592147700866
130.24133416492433
130.35097376011566
144.4539898132568
140.26592805176
145.4831660459621
125.73647059471388
117.75468644530329
118.78872156746716
98.58776618304577
106.6654034163845
109.20686356154715
93.31987803352293
97.78802442578379
108.60220669965459
113.29585882009017
103.70528657391179
115.24898347437819
114.58565837603288
115.57932874715155
128.5325708744653
106.66324102850658
98.89391161908493
113.51192329370187
121.56007318795658
102.30938506617315
124.04805983078569
121.72473499639553
133.87759062032086
132.7784659857299
124.26601305294588
107.87077108297731
122.13555419908984
118.47765245894476
113.29331464687225
116.57848995859105
117.77273286321807
103.87383189827445
120.88258525642043
97.92010294603102
108.19724118623166
107.6802557405534
92.3551950887601
123.64378168472751
116.55740605923462
101.82547694934495
116.14952389507476
117.83025606853909
119.15194404412372
89.28483661663067
112.14001520973962
102.23131451020701
122.91034222545893
134.05017642190853
145.93597368556047
157.0719281993197
191.11288021643233
175.93216227658502
168.386530571443
150.31461125452603
166.60693037433253
151.0208215130111
154.59379735992368
183.77430215389742
170.04285440403154
182.04780344528353
185.58698764586822
191.56029382368382
171.1752998541696
187.8958232063973
182.626449157596
169.8235722571913
176.25858286455545
189.08237207883533
211.4751645311051
209.41219914553176
233.61680332175357
229.28027145257732
220.52663158047537
216.76340369152956
213.43217759664262
192.02168312669272
209.8358400561998
212.39499680512307
225.85308221974557
210.37672551563855
221.8322034850902
204.06241029593343
205.83607421186244
204.29892311952838
196.22515876219038
202.27259387021965
217.25978082099695
211.68930368547484
209.80689880893868
181.60186484981068
176.27267352911252
202.91396862949958
215.53436453919264
197.2974943617303
199.62891543898556
215.67152970926895
230.78983370985486
247.45686463465506
265.4962466882602
253.14807849253
244.35598312544494
233.65134020074322
212.0235812985844
236.6227141070795
233.8143242691666
211.083665955925
212.31586756554023
182.1169400323425
179.46188923178292
168.3973052607075
170.58225334007605
171.911094853763
148.49787070716403
177.73235054729346
182.6137199000998
168.36209957639736
168.48990326739823
151.711057036957
162.97617385126378
164.33639512552458
150.12146933029598
139.22311523349265
148.793250662095
162.77033475647337
167.19666376630704
169.05939755793844
136.8306680681868
127.02402402237689
148.44832924973636
127.31422752550345
136.41923419896906
129.77812931875638
142.13613000589282
121.69282464404029
120.58341247447437
100.62179561322988
109.58909870590738
114.10625226198377
121.19808356438051
114.03769071546746
110.05859354473377
109.76152414608526
129.95087936343893
121.79387141225668
116.22429357541861
94.15732785423339
105.77435121794298
105.09111754046967
118.23593596189173
108.58120955893183
100.31806447799285
129.84359067629464
123.40766854757278
124.28528105319901
111.5265536669964
94.52450433903418
118.73597541031616
128.13663626994244
134.67631485393463
135.99522244641707
131.21742060065864
142.46329813565
130.84041852530282
112.25663968272622
122.13389680221093
155.3119925788757
137.30603787433841
119.18740397762102
121.95834389308519
103.39198983557323
104.82365395902501
120.28356755302785
96.43705033182272
130.64985048709167
120.93761494043218
103.26342142973557
123.05546962224159
112.9792304119351
101.03116744859098
87.63439078361301
96.19713166804866
117.51516667131969
85.06785999751193
112.35763562220161
105.48208472736076
103.14248141502026
109.17780991994992
80.14314231739685
104.59455356082387
106.6194159834916
103.52792495786977
113.11927834021223
100.0492097780693
114.778542458693
98.73822000689677
71.9991243594128
103.46358261041881
110.55183671722186
90.55727958739267
84.82437561321234
103.15399616562249
111.52925018290304
103.29323427619138
121.48517500354114
101.4449544309639
126.04443295377013
120.85081445607857
128.64357667478893
125.11394647674351
134.5149652693436
122.38445307781208
101.83250805336577
120.75213755768192
111.58646095461235
90.00112098146833
108.32737027608238
84.19502249502769
114.08556540063813
108.8797897261808
120.67383132275326
121.54580461563634
112.77355813864826
118.20658756876945
127.30183697993574
135.39459245616618
150.67604926929704
147.50117739129144
152.92282728539448
165.3622914819831
175.67650387664702
174.56214487703502
166.19315430104726
183.6923578935269
183.3710056408944
201.05344794305788
191.22468503258466
163.71753644099738
160.16357562289946
144.867989770593
169.91409254245104
163.98235682204162
166.1377873582404
166.87473645513165
157.94523040204527
162.7468550906072
148.57988988397008
171.68984040802167
191.68619378241505
195.4030941530031
187.80480230884848
172.13011879721546
165.33876676885816
166.9465849629355
190.21883933046226
171.43034966771603
174.98657613494845
176.10433252470415
193.87709737875596
189.82238758806105
201.99692446198458
227.57545681784435
230.38570344886708
217.76456046188568
219.62972234083495
202.147182233528
214.67541798644564
233.5750929938644
219.77122255446923
238.2647836359809
206.3233696854604
197.1022636879671
208.58417181814625
213.58715883771865
236.607783145974
238.91467499104516
255.0803985022837
232.40030916265883
239.96757604464386
265.19388145276383
233.52076303069535
267.24118404569936
273.5704068653904
274.4574658948144
273.2997269050325
258.41468128910384
267.70362076801086
267.3784469976452
259.3149254261689
260.8677724302792
268.1443612181757
270.08635807990544
246.32681735111964
255.3081225762112
246.98148711185235
253.08219470217438
269.99704802876863
276.9096558918452
263.1684068085448
276.1795368476814
267.71413649225053
289.187879767344
282.26830738728427
271.5730947152864
281.9524032725674
276.5031981133088
271.3696803679076
270.025892372669
261.614451668444
282.68345409786485
265.657182814277
263.8248683780532
247.0430586839609
242.2072073972759
252.3546379664767
241.43691389104558
236.36118232020542
251.13173098419418
257.5612172450246
246.1734137227289
244.3222304158325
258.1497753781957
248.97215392303983
227.54210275182638
243.28358458517152
260.89073017062714
252.9697463126201
259.43228707221596
254.1045083098017
273.37509840151614
278.1125900957162
283.44950320656534
250.9900303991177
243.15737926520924
232.40294925178702
256.7818203737988
224.26607985612858
209.1727925657176
206.36290313193822
211.37163796512948
212.8355812082633
196.7241438758903
165.4503504484778
167.31068215557275
164.5843684518055
158.43598239925402
180.95792736707253
180.2620806283635
178.41407966687993
178.48510052258962
167.17134350074826
165.4953314373841
158.22398616846195
152.84633344815373
145.11495178820212
146.67862888874154
136.40469899133097
121.98993991553904
140.05471558711514
135.63171964259757
138.5789268215849
150.5249138479837
155.43296665187702
145.2583154620149
153.47268846573155
142.6376511404986
142.65400994393337
118.25123647753416
121.18007679800729
98.34368477213742
106.78205110924874
120.26705102050654
113.3743689993586
105.7505747997954
118.41956025211033
104.50735182397938
131.7222379966599
140.0088917663581
132.49036563684126
139.89341595004078
133.20709680641755
132.38235228225474
125.35361726052169
127.50640591178953
107.358013089804
134.30470254600857
138.47513131106925
150.7344508231106
156.73232236500976
170.46591183486476
162.45138486788437
171.68505217142916
176.29786041580638
170.62218118348474
163.2504573825187
188.23630687489842
181.61053100468064
195.7671986489089
153.68864374666447
176.2356048426553
159.0316927762947
138.32796145997176
161.09340542800112
154.03572395803096
176.7668415386886
170.88900885945802
143.16067438793186
156.38758247400426
124.77842917613663
148.10643313760028
152.03383050755002
178.36833271328487
170.76622709257327
187.03752999511286
185.9216247609174
193.02462818456098
187.5791745912966
177.16253186518838
187.29914321508843
171.21593078389589
155.7236847366949
146.76402904476316
156.37659084702148
136.95124294318182
118.123807147899
134.3645794979384
158.6607225900631
155.2592508111096
143.8391747048868
125.81097011697867
122.8846100854664
130.69746789821184
133.5619486229811
159.2961900501904
143.15882008304737
131.42833682942555
143.62849972656977
167.79291605880408
173.77790229611495
182.14827786796792
197.344537234562
183.60199683948002
198.4096057352033
168.71256289052735
200.73902585552807
214.40385624183682
225.1297288549525
232.31246977564047
235.9377396052449
215.32172962198473
221.35536047557977
229.5504859304695
245.18899827651953
221.38695451663264
209.62111869515002
220.68031565544445
194.99886598413767
210.47915515871847
224.99072110771993
204.32273725698624
220.91528843943303
211.48000061597523
191.0744639318918
195.6929612825809
198.67776153267184
175.2383831610596
194.33116139886118
198.18186988058824
216.016781143702
192.66146843666507
188.4363520287347
181.40596623940905
204.31987930054274
180.49907436117886
189.77147731131905
193.94754781188848
191.3154773656156
173.95195591742652
200.67463663742157
176.66442243905252
190.55087830354552
181.66450269035582
189.3798439112711
183.97023624643018
160.7580672604084
156.14215122167892
165.02332593480637
139.3629392438654
136.62500536810433
107.35025965779133
127.96799312893513
114.00286009403838
108.45626116768398
82.20159338945945
120.56173004815929
127.53950130777947
145.35092561669003
142.1884016458713
144.52491759916072
130.78923181955201
146.92520608806737
147.2890102780172
124.42848329078599
118.94786967121338
132.5057720288181
144.14281638254295
160.93082722063212
133.64756763088644
147.5146888994067
112.7012602172039
112.77181057566573
131.42262509881397
129.6532916013543
107.58498262371161
88.62550521029601
111.16451782005508
125.20854239665297
117.0534130562491
119.66362890381534
119.23604340626247
107.08921483029938
101.77969383433252
111.21189009955512
117.68355499844775
116.40711718571109
128.82070492149987
120.65860476885271
115.06091106021566
122.4319751465843
145.48997141864922
139.58509453728124
140.7843569921058
135.90334168958225
141.3209722851679
139.56894625051373
150.38725033711754
161.429021738894
165.08712679692965
176.73662555870803
180.62014609355643
186.27384452027667
168.72696692845938
207.24567980297266
185.3286702060625
212.27504194930685
210.9401553762109
216.4016957940079
207.5143183215953
224.34763396805013
239.69347791137272
228.0598778679668
201.86315909538558
206.43635677488334
219.86870661429728
216.3171762903144
189.535537553073
215.0687097997208
214.25371030110404
225.64183253913302
209.7992589620191
190.17936728690586
212.4158239624856
213.4813887996779
246.23613071232697
252.12928886141893
243.52468767903537
243.94022937880476
263.00414031387345
226.41229286820382
236.24202329288232
242.99089715202263
238.93454638678622
241.4942678899327
228.5167430011943
236.87133980114814
260.22111205670836
277.4212055890874
287.62041761895745
285.52588944952316
285.6426594024684
284.7268556780607
297.7564122620462
284.30503543911254
243.61961694408208
270.5668330259596
297.03400499097546
285.2224228929396
274.33773259879587
278.10196698157273
282.11382839704225
267.2159846009974
266.8933982369152
264.0367856030363
251.14815504378743
269.7719261386627
271.90635847246864
286.1860298011427
282.9067619005665
302.3408184418425
301.0161736450153
256.20472603813243
272.1153015403093
259.29461848886837
256.4958981590649
269.700915010129
259.18846526371044
245.72480528513617
237.1635811452646
242.74609272200806
256.18332935802465
236.78907230999408
242.54580281931896
217.2261772433512
244.2742290998359
259.51738932219916
243.50987060177397
252.01645191484718
259.0755032043501
245.29220650976131
269.21364140682806
282.134812110496
280.8797355794234
262.3648762257582
266.28682844122073
243.7508397896049
245.9808700052859
220.45712430352643
227.35321183840102
213.0079487376763
207.13701664320286
198.16343691543997
206.1441572297289
203.09151735386783
234.18777617461035
221.67089127934278
228.1856022355431
212.08536226989554
232.9384116248856
235.4335126014141
260.9535133423598
251.07668715883045
214.01052094984055
216.93284416378447
201.69614513750125
210.2756622873657
222.97396608742787
223.81739452796168
187.27020668528388
203.84565243998867
165.7103035296655
207.22759919188923
192.71339879083578
213.74003152365668
208.1088189666995
219.01349814258808
226.99483448157378
229.23327309392155
244.63260394566373
259.26473230725543
261.1626825506124
264.85248487270866
273.0363602277647
260.5273506725919
275.32124290551025
278.98829062179385
288.36981864122146
291.19244946110445
271.6622112050272
286.08906166988555
289.7560626896943
285.05152719386615
277.1472719115996
280.4108008973619
281.22430638074263
288.846453446778
287.2304350248716
276.38258576157926
278.8981869430165
269.66060900730776
275.32455978815443
270.3389406272638
278.04937749914046
284.09783626387934
283.0479840948465
281.3694550901038
265.39632803624875
269.04457598659843
275.06724486367636
260.37838257596053
264.9338585642796
259.64986770920456
269.2021510136176
272.64044299301787
243.68315937571128
269.32222910326504
277.02071637868266
270.9529163984346
259.54714073154224
268.62032637011464
268.0056009091478
275.066703297594
270.3692312860569
258.3773605301404
271.2535579676217
270.9286762268446
266.59044144510415
262.33590924763666
277.7507686374328
263.1626490448902
285.94476462142734
295.3140726490969
297.9820459950156
303.1446221023286
304.65387382048357
295.6347270465774
297.5571236819062
298.50724601986326
301.32288452949297
301.69349794365166
307.26882282483103
300.46682201540983
311.75425930133855
315.23739184658217
313.227382065816
322.61007408720627
317.5378053024521
317.66669600433437
296.61961419430764
306.44256826667663
311.3448660504529
311.3215333743144
312.55702176953156
310.1695635522049
317.3869660770188
309.01241985049626
306.6262536138473
306.79316711808633
302.7471596354024
303.80512070088326
299.40770784724435
302.26777130298433
302.1843451012068
303.5962119950183
300.43327208353224
291.94538364328537
296.2648764112689
291.5380108827087
288.14316082645416
291.12401698933724
291.04689466401027
294.72702631016824
308.59142374280725
289.4202006214633
286.23318892703963
291.96405053265363
290.34634798594044
283.4871580616849
279.70153296169786
279.2278884140582
270.7666611727365
266.7747276844958
276.833181548693
281.61700645442136
287.50513588851703
289.91187700173793
278.5490378036987
275.39232091483535
268.4008542201148
279.4828053484153
274.83268891284916
264.1254342066013
276.4214796518444
266.66968873654463
272.77681799421117
262.85953420074713
275.6426582842385
277.34097444122136
267.995979359961
276.94159493344233
277.52247235628533
274.7308016905463
291.2992186621317
302.1653172210515
283.05158922425125
295.40101553542286
300.955580920245
306.640841388409
296.35597930179557
292.1362688148688
293.1968154869917
291.44381857193275
293.82956204647434
295.34080782336315
289.3221013093518
295.60888371892236
296.20893704995194
297.0257827386242
292.20555408626245
297.2554550708554
289.6873121072524
295.076288273865
304.4242156788777
311.9891649339734
308.72874559598876
310.33847331545206
308.91527235100784
303.4677939656469
303.5203469788197
308.0541872749938
309.18188641990434
295.7948677107312
304.5064624315189
299.84003010241196
296.43276798597464
291.46062632575706
294.6407764253968
288.9585446211674
284.66696075293487
286.413823979009
294.4172282673459
294.86539988826166
292.56872171485395
290.53264242807035
296.706962332611
299.1617281673717
295.6970261981311
302.39267604828683
296.49595891609385
301.95298102707415
298.6022462481461
298.6312515553293
295.2310686657058
302.7265220815775
296.65834927641407
295.96057902384376
304.6175701456102
301.1442071643248
292.56851201710475
291.7139359945314
293.283078766345
292.6713898337774
299.8620196172976
289.1170040494088
291.3350200329766
292.1899725186316
288.9400639436371
282.8870919098761
282.20813409968866
290.8438796516298
293.29714362611423
297.3526341873786
291.2026663420553
289.5891885807796
287.4703162886863
290.76634603695106
291.3153672717043
287.4193247170068
289.60151860959303
297.60815662032974
297.6570272214874
306.60033275623556
298.5317153665638
310.79911426980743
312.4589267030144
308.3821747002722
311.3008770977278
308.25406992574216
314.42214858102295
303.02949394330903
305.4257814094918
309.0585921328485
304.1012092328933
300.95451357308485
296.5667718535371
292.3667735797614
292.7491816593989
276.9354602615686
258.9123979975163
289.9649276458508
293.98244997975183
294.20739695870424
281.5950575656374
295.6184998425262
302.0452129029833
289.2479609442359
285.584330631382
294.2790996394556
292.0967251542913
271.23599203390586
293.1639441091504
288.2501433237503
287.8969437550444
269.8479422791538
268.4822781932034
283.52655466807045
278.3915051922394
267.7804967478401
272.0624013550696
253.687193550424
267.0767815865297
280.9171758171541
242.3514799045799
239.17398278333636
236.59769021818153
239.245376493102
257.8268540633909
262.5992553229381
244.19781750584468
222.63249987691609
213.6826838557341
202.1472130888506
197.91179746805642
195.06633482889612
193.57442566531964
201.8785274315442
210.6071139782927
234.5168702489789
247.51682339479783
234.67939679804604
222.9990978508081
240.02939781623004
225.99624552964372
270.22411956190206
278.1477852716603
261.56267606885615
285.41400461892965
279.8327886951443
277.95813511030565
287.70128270660547
267.77765995854696
271.4078294938167
271.8599525114616
283.27597679191473
281.6227912915557
274.8618156475645
281.51538790816284
287.9142537014698
266.461550664429
269.1818318929733
263.8125670799771
246.80500211861505
270.8938340868089
236.31062162565613
243.21136751734826
237.386255827783
240.37067364023488
238.90098146044548
223.84495580222554
229.03318075697445
225.53581518874452
246.3397867159894
215.73573258182762
221.0333302654377
236.68159277722555
236.0855777173416
235.20444645102967
250.47818727527232
268.5068110938448
270.32667561015603
256.3381967567175
269.24330271709215
233.02454847709208
255.96785741210815
223.74342131721744
222.50159666850914
232.558043245535
222.51215829037938
242.40650487251096
258.95651966914147
252.83727551764173
238.05624622404702
233.15571303586353
244.24870448180246
238.48717736528687
251.99466881262907
251.88099961126704
275.1662827176006
262.0324153542443
256.92052372868545
226.03593470145083
257.4228270807091
252.61095110869752
269.9705637764293
276.5127913822846
249.75111669911465
274.12303935197224
240.94782901644055
232.13540190126835
230.41117077924486
254.7071698572477
267.57270605315136
266.5579442008938
275.41362574490614
265.92894085656934
271.2491798214057
282.5579510741667
268.11549126860785
239.13089571351932
256.57533762923686
256.2492550416198
231.32238349876835
221.53108381182156
235.75836629250315
244.45621136081903
202.23047072239495
207.88023333230186
207.58887558222042
217.81574330366075
202.89288011286604
195.3991042713093
205.96265781170246
236.53106880196745
203.61365727051
185.87463918600122
181.98652636643405
189.4076340513877
243.15607148018012
230.82125174425434
205.58733099605894
184.4024482285716
231.84908237033306
223.3645734977161
194.16489746283514
183.7829170886953
204.07501222912876
187.77488587655688
183.20686142962933
161.31893248975155
154.97024786560738
172.53906158723066
176.25889090471736
194.62556120244778
192.6959296789906
204.2029786943546
211.48183036519467
206.73425268135287
173.5695158601137
160.99680679848154
174.35933493609068
178.89825623477435
182.67760441244843
213.38944246719194
177.88487749067622
196.64664358301883
217.09483665595067
214.30552224822551
188.4887835192989
189.49460128038396
213.27211720374464
189.60193575220538
177.90802753199915
152.7223082773277
147.41586067383386
169.94615410790183
165.73639694225898
175.78914033445682
175.32556488604254
177.49268876949233
170.89083624638874
147.63209353562556
142.36347223384854
165.8290835234265
154.53429535826305
167.57976798480564
194.4823073911577
190.27903259037262
193.95811850255907
209.66393118139737
204.6178983179244
206.50953127488174
202.28572001437857
189.1363780996393
209.56536293241197
205.49316360023192
177.10859068077332
184.2702256893348
195.69110136752076
164.06730609202873
159.3907257412597
170.88510881993975
156.66317865889232
187.27689625356197
185.58063991680257
196.09171760841193
169.66927429753423
174.33689618416338
172.15848468690047
177.76022662692807
180.56142590065235
182.78315282240723
189.331943662952
177.23251419236138
169.96995186483136
180.72454988833152
169.28086906567356
176.9313555809877
198.74731902286985
213.70445652797162
209.0122113495059
207.00236569167564
209.0060665261653
218.9252702396414
206.18516546478344
227.04616373017322
207.8385746485361
192.39879167061906
204.86744472449638
192.06772470179467
213.86774923538064
223.67872053904992
232.35920205720697
244.28944271572087
226.53912229477768
221.4712974122409
215.45650088271617
240.04724864867848
217.5560317990898
221.16547706562218
220.99675286520045
241.5049987758426
225.03329302104612
218.1431131093252
205.71222208281785
209.8599381752074
203.34568176331217
171.33044092710333
189.36496202825643
213.6791563153911
189.81298877189647
170.85499047181807
184.14495150681387
164.3104571484215
156.69277857024326
170.75097932396082
165.1372173813613
184.52043628918432
178.37705888054248
183.0312806432793
195.4872819580292
162.73625474256403
150.70197187602724
149.40299221257715
123.92809557075591
119.67501936635456
112.75477941578096
107.21973322288602
110.29667081920408
85.45098998921162
109.32412491771969
121.32068292041274
124.14450585946089
138.41775832399588
138.2457320700235
148.9412189085376
148.31648549024908
133.71448722754994
126.61309729915202
93.82967957013338
91.06462061589379
107.03696003845003
100.98078137490211
99.95380474690508
122.83504527320446
136.15380233202902
143.09897571033912
118.6912294514569
124.13056223363225
118.30032891024655
112.74296718295831
118.15123799960223
105.92903466647174
85.20221504597689
106.83425436981119
106.6611893017722
117.58507458283813
131.96587453149385
109.83500247099153
103.45725760552838
95.22090891229097
105.7104270744426
100.659881010632
119.43245232901397
124.90622425522079
117.57524874991931
160.41254745229782
127.80215276885835
123.26277649102826
123.51371799525717
117.03066611294702
110.10545709419328
132.29283455632566
142.16468099355498
136.86312014894318
151.03879719092774
135.61236654166282
132.80016980967537
134.80116866790954
113.03554823608796
86.19011538351032
106.43287254020505
118.72396928361324
107.01912428550052
102.07442197109515
117.64071783776407
97.41160277312629
96.84556601155077
110.67914834579129
129.72117866340056
112.48181862322251
103.59292416263959
106.757776031668
90.28971264516657
91.31870238703466
90.08851568386311
125.54765202062197
100.98033948231038
80.28353352675411
107.68004088203374
120.1697440812933
144.5618578878481
147.89981086178977
158.65180972699497
149.2401697338496
162.2916262623337
145.23445951002714
166.76072216117515
159.0416496055389
169.54122561541797
155.79985341052662
183.73973221994945
175.52174446124783
175.1715188970381
146.0486483535639
133.22947618063858
120.44612780526106
142.35856044922588
152.25600275105566
153.07660781371075
155.20471823800062
143.27341793532344
168.08204399378454
164.37870835570664
169.73135922891393
179.55305153557003
185.08976324363425
186.7154810407908
179.31690085833117
187.683276885419
178.53097124848082
183.171448621564
212.71832532767522
214.9872744295645
223.69273901395724
237.55599857391994
240.45713306662094
238.07664676589746
256.7678283414456
251.87541873146466
250.6666179887738
256.3942817764879
267.17256158039595
272.1545045316122
259.987385480352
273.56194143268687
245.0998782121263
260.05884104361945
259.000721273412
231.31452065796353
260.5197603910748
266.41661900245083
297.30998307134905
279.33057984566364
303.9865095375952
299.61518871139845
251.30176435283448
284.15838753948645
292.84489265072216
297.11992863550137
304.8707519720968
306.38976074938705
288.57908655415577
286.57710523160864
269.497432276713
311.308383009335
312.57096831935746
299.42572740420735
255.9594901778199
273.39452008999575
288.1512639635365
283.9824073173369
265.1109859943959
291.3219786591673
285.21783804181007
286.7685049242509
298.6840654191111
307.8626574908131
278.1575412497909
273.05177747652516
269.54034932205894
278.90871262750056
279.98618228854616
273.8118132265887
281.77173534262096
284.29831961364755
261.1209600286296
269.251887921895
265.2207308852148
267.11546685922605
278.15282726365115
255.44801799599392
236.4992420324807
237.66401596994456
235.03522249244585
269.44433760018575
249.24616175454867
249.88868866891616
231.21008583897793
258.02130858193226
265.3760552209018
244.934645161803
258.5415355614477
277.7245904819988
296.614489503938
278.899440992678
247.10009235836412
283.2227157089978
281.8222638786736
263.3632039549185
262.99132910290126
265.327853022016
256.908820247175
234.25272432220623
265.6508237693325
256.7498393005566
268.4335092279775
235.6435144689116
249.87790328496766
258.35615147819277
201.79897537137538
226.82810460020738
215.51773587004962
213.61912888133241
210.75972338709295
231.35895304159047
226.98641073633485
211.7762747108683
225.77330188594038
254.06760980555117
239.44699362772934
243.2421180441946
229.77608645094975
248.8277494117084
231.37626077284617
222.05195648702065
231.06486267715283
240.77228375564135
231.96025015186294
251.72931760530918
262.2612850394109
260.718381777028
234.33553105716518
255.0274317633482
277.038797759975
286.57305387886504
262.13278836966606
256.9075545300164
268.3143571393142
263.9754277723523
252.28201176566094
285.5176904155475
246.18462954086684
254.56113163003252
262.1194396898434
260.5529478898248
257.8628202918266
267.75017965168246
273.0459382720815
263.87821673489526
242.71126170501796
252.8076099679209
239.72156951043357
234.3746719712033
229.70973143171244
226.36454246921332
271.7915834497838
239.32365187985286
223.0444029247102
203.778178664436
187.04827991303765
159.66365026773394
186.67972312116274
191.65953175028918
206.29863197074258
180.8175212249362
169.9965343407336
163.07552387577522
162.39670136111863
174.57564086462432
182.59950096060797
166.94058571897332
131.61519285242952
144.18350573873403
149.8967454381141
151.7350785944378
164.67840453986835
178.26409625328745
186.41032034838406
184.37904159143025
212.54476277846555
201.0256886362211
193.90571965106452
208.8983468313623
202.97434621933985
208.50915902921562
224.72766475747898
224.69447909553907
223.10301084028268
211.53934259047034
214.15395263627818
214.88762061699504
231.68577908639867
233.62597559867388
219.14103227573912
222.5573873489447
219.06222758465987
228.9316669700667
202.44647810570282
202.591224134263
197.96383796345322
207.45856658335228
209.97481505375708
222.23273071138698
236.08857078162833
234.8775937553008
220.96339042141227
231.1497586787574
226.43355603395395
247.58693840418528
234.50412877250247
221.9779491086151
245.9638698106659
242.74116906210497
249.89377441979155
248.90632198216838
200.2094512148406
247.30419227206667
252.81048668139644
247.63271361356374
262.03519814308174
250.61856475843186
266.41542138183286
262.70073799554837
262.93411943487666
260.63972000124267
254.2616412480517
229.68652294920972
241.29310795341144
234.77133798585635
258.9753980522254
252.6612019746828
250.06525478369704
230.51465050053955
250.59969318790112
234.33303274841137
253.9332398568886
249.908834652095
230.7899763174917
239.1583490240644
269.3829419495265
267.90784291956487
251.91018737506826
230.61008514410176
241.054775915158
243.15117349418148
239.11682502338175
245.09195327491685
270.0465480478805
254.83433676081285
259.3441787240691
261.8437678265328
283.78855809178447
276.2025558889795
263.11928974502865
263.41453583634353
284.7760871928547
276.9956196325089
282.76402784045314
282.0332498569481
284.6201827712864
287.57910110414923
289.1332735475174
288.37152252991194
281.8705376056311
275.4251272068717
287.6853538540363
282.33406571824304
283.62065567169714
287.8123678635236
287.5930909188966
284.81400915700317
274.5905272639876
269.1326763618923
281.7461894680403
272.7571604091283
279.402781485716
260.5196207150084
273.3258045711507
274.54591113696665
272.86164774767593
285.08187766770374
277.26946247331756
274.88112090838774
281.6223351794348
282.658265260276
286.4178871388448
284.8284500463899
281.47209329252104
285.84065798103904
286.5039365381273
279.8288841276943
285.36224771513133
288.9196762887036
277.7456035022769
283.9449371988802
272.4667343579483
274.5914532891208
265.5263494773272
264.4210531788207
277.5950965201663
276.22621217606905
287.0420684238667
286.4137240979161
280.25319669601544
283.0437053973779
277.29744951978506
293.5212560809082
295.76896264309124
299.841884660567
293.4175214410496
292.5610232907287
297.4624223842129
298.2904860444746
302.3511465540896
300.87130757424603
299.7433839864296
299.82806505252603
288.4103610335399
282.511865022498
284.38466003395047
286.87207785403956
305.7007402817579
306.00114931622755
301.31567206417446
296.6867492344519
299.50229598615033
299.41499422678885
289.60216664982636
299.03476902022487
293.75826888278266
287.6763587227411
289.09910744702955
289.1250845321423
292.336256539537
284.39162316157865
283.2406245336267
289.19090917895016
287.31511953987723
275.70052987081783
286.30226444955036
287.4228245532104
291.30696762734067
286.2944519034074
284.9930735283446
286.14631265841587
291.83774466962586
296.9125324402251
292.80932013760275
292.07926083837197
290.9319622540226
288.7195139916086
283.153945802895
289.46384212110655
302.22807980648736
303.4465884084408
310.2007480004902
313.0718562971376
302.4423924068656
300.9493191673145
299.0665295436961
306.57921002229904
302.3913258725411
309.9255399868187
311.2232041478562
313.8414744303747
309.79819411263844
306.41628574644966
305.2253295085602
305.25160706851784
307.4060913178024
307.07340056385317
303.3167381658974
302.6648259754633
291.17320447567766
292.83992563714236
303.1103781546361
306.96759974710676
302.26124102234905
306.25379330148166
314.03873089655497
323.9963748852513
315.2840314782641
291.58201633327155
297.69309368495595
293.32921327430984
294.6149527463797
298.95756785946
299.539502959296
300.80048344939235
297.60621500521506
302.8172032192032
297.58806469101523
294.15213024874595
296.71785531853527
298.2900094288882
294.393728645217
299.1975060375694
305.1109669147543
301.7965228586362
290.2557028470622
294.43026207538736
287.9072659195766
288.8577077269137
290.70980222686626
295.1260147393755
293.3782004513051
290.0211389010906
294.7158558040109
295.84149652937776
293.95939208925455
298.62382736880573
290.7269816907334
308.8190658982878
313.66833181462357
312.1567179372765
311.17537923536963
295.4691790722554
300.55112157333514
269.60220578402476
277.4973364924092
289.6788029566024
276.7706273008128
294.19348241668285
300.19646993704356
299.49721567900065
290.09623371555017
287.3277227538746
297.0247519053303
292.2301634319832
295.7393750401869
310.2439134480763
297.97733179528956
286.626862273571
302.57769652689944
306.1278393759469
306.05403759304215
288.2623514297563
295.25915017030275
295.9810934539891
273.03896835672066
281.8727703052303
267.26014520737556
241.81623103358328
252.4833318815349
269.3393864334291
242.7986534874545
276.0864014590806
251.45356983653764
258.5483317382653
237.10618093580402
240.37599816050525
254.14633906824744
279.66605940814344
268.92458593212126
261.10628473012036
264.3976174286877
278.97761219963814
255.231196132947
300.48830547574374
287.2547786583213
285.86194951497737
308.0788265916261
302.1050429965387
301.7920947526267
296.40439154580093
302.60397429788077
296.91296102937173
300.80899105067266
297.9177264518991
300.34727385147863
301.1799172979943
285.46583650559324
293.93135569714616
295.6647304359924
293.61362753919195
295.80281753267536
294.16805704432375
296.2249242468939
294.84126193813324
299.00869602883154
295.55294678890726
289.3642686183777
294.70511307597036
292.5227377592573
290.71899729833694
292.8786518020225
296.6089687403526
287.1660807671335
290.78143235281584
293.51796595334235
286.6843293309269
286.64176393194293
290.6208143071365
305.601043230591
299.8447182246185
297.1265314615231
290.6344705639015
302.84031908930336
295.35778090278603
293.50950431048926
298.3138158711417
298.0969931123694
289.3056940524102
287.28004998958966
279.8606337197241
294.7279862055571
286.6048157406868
295.8195322838694
300.0201656059154
289.5031496888058
297.80413707320025
294.03002522319076
288.6949762255415
266.18867889861883
233.39524271369012
250.9158543146351
270.73166722708083
260.8174789954905
275.58306205912476
274.0357296978316
284.84609367214097
285.63954399597185
287.8052383108517
274.9779291754812
250.96761696679314
250.47176751507203
250.86873897492035
228.32487405130246
239.9000389632921
229.434334687592
272.42553623134563
250.38887330603043
256.4011825351607
257.2737378537686
279.5042138753531
277.3719445215653
285.9717763158753
253.1763225063601
246.27959957050055
251.09868215780673
290.21720562843484
269.71127473225744
267.31787539805396
236.48938144806095
283.19779288587
259.4513746632916
256.4952044647322
271.88547833426554
278.8306499303043
261.7088031011326
271.4054607964467
272.1991218460603
253.0738646414215
263.87849658540756
238.9359119991843
231.3658980954551
213.10095684844188
232.41462364364872
232.3559441002234
263.67732547154554
246.42678251632253
241.9139107102326
248.41042801947629
253.76288989612468
244.96582448278954
268.7436120664479
238.95616975624716
254.31768991375665
245.99206113752848
250.38908327679962
250.75275869011742
246.68388207357944
230.1192778907026
241.79179400131736
212.97295986430805
198.33442941006393
205.22513227506155
214.39412427086512
245.49559994286022
263.86008966065026
250.35721980799454
258.6611475795239
242.14921564004865
213.72243564743525
223.95229689669853
245.61941258139316
243.2164329964716
215.99182868907616
216.4866058786991
256.8053371543995
270.7668690710245
256.7808090066533
256.59882729394025
278.027463390684
257.8324934155847
289.289409887681
273.3194568824973
286.92283268790044
269.37341010544276
251.6246803893364
254.9810577505099
268.49172081029235
279.48270099061494
288.2867318767831
267.51336005055066
286.69149211438156
267.09511270310816
287.18247475880514
284.59798527037145
296.35523329113835
289.37210332280597
291.25262565459866
293.68207163066785
290.0455237839183
294.93606109687374
292.25839893807483
289.92013056892154
282.52607875807917
287.3861875327231
283.83453776368395
282.5394048017035
286.37219686750365
282.377918950481
281.68278485799664
281.4439019079057
298.0978529660381
294.66392436808025
294.8682245563692
293.1064933063612
285.115867119656
285.2454795281219
287.0427807173864
264.72535479110627
270.972564863571
258.60203674823515
275.33697882976395
279.2655972724697
277.47127094554423
280.7334150110957
278.3063413520988
284.291982176829
276.29058033156605
285.58055261798324
292.6935767361865
283.62316072070854
286.08485680082174
283.7409113709478
275.66795077270785
281.41312381941896
285.5621520076057
286.9657778919229
267.3560517466779
286.06293185903917
281.07497286179864
283.5719660814646
270.0416302737105
279.29611321666096
274.3299411105664
280.33580111475203
293.05789195902383
288.5507940338644
288.55540986110066
291.15992524803164
288.7599782352246
283.7228632488015
285.13665874816314
291.23393067668826
289.77042085992866
282.66331781560154
284.92932634984345
278.6422875469733
282.14108461702097
281.52967039937727
292.3304101459562
286.8220134411593
282.1632277456356
283.57596369908026
285.57779693058194
282.21705357334196
292.7979027139303
290.84056448545545
283.5586724240101
287.9846064470272
292.4627385705723
295.63439703638727
291.6623313759178
290.8600046922554
291.8584360192334
294.690957133774
299.31340715270443
300.70125693503263
298.2785640538154
293.34579478263413
303.632131161334
290.3802756405041
294.82780329245173
293.46820377519856
297.86548927938463
289.07907256927433
302.9569936310641
298.1430316284722
295.5936993119797
296.06278494459804
290.42190192342116
285.50898855354063
275.218680547122
282.45604735187
285.12298504738953
283.24042265963016
281.0235576543629
282.79596368828106
280.4431062568916
287.0268133489252
282.25546874618965
281.68737912519424
263.9196146390387
285.76431685508703
274.18851221527694
272.98805155338164
276.94650877436607
281.51266572660984
290.6462365733431
285.2850205023772
269.4844748875685
272.02392022858544
278.2234059356168
285.38579886457717
285.2721266621506
283.5443140406848
280.7818196644353
283.34066766527326
265.70813105640946
279.35123958179764
267.4853252512209
276.0674180657857
271.6264162380828
268.4372123268549
269.24478683341835
268.39711985053424
267.9809293389665
274.43090222629087
283.14203615192434
277.95540788826116
278.37935989913126
277.9740581985277
285.3176401553499
257.0344740660787
265.9925615758002
288.64538602447607
296.2141942714013
301.0810825228136
271.0719142720498
271.8148937351532
257.67351466570267
273.46012009034905
278.5089386250722
280.80813893321135
278.3569323388568
283.7549233619868
280.4403981872446
271.1777649526345
287.82380861170674
285.269899754434
279.79191680006227
281.1067400997983
284.12298985608726
278.3636655583506
273.0114386053
276.522917746697
284.36271462936656
277.2166983187286
281.88394595331243
290.76697218774495
292.84904356026317
292.51576146347406
300.2621952024149
292.0584862441009
300.38549815704874
298.5127630653754
288.8527529925524
297.470113150508
299.7642276382113
297.2081400276394
289.8135027646401
297.56980660552716
292.94016012475294
295.29536774252705
292.5478409823437
293.3490871576999
297.1599199105906
286.29675226696827
295.400610297755
294.8062363103152
291.45337548197136
288.18753658304877
284.63388241086096
283.5175486739171
279.36136447086756
280.86545243584067
271.5212194735065
262.56224024298626
274.80500611523155
277.75508304698195
275.36525059145305
275.37666060495303
283.3934244258918
283.1729149634568
273.73446895459773
279.8682519970378
277.8443904400981
276.6948600426302
280.05131108395
283.9641637274701
269.9713029719334
260.6392265662556
243.15765666648093
262.5799886135405
245.76084482003887
258.6053894934413
271.4413661838023
275.2656256018074
286.27236028152987
259.81280120493153
252.94617756159698
232.9699998507091
263.5791537026509
251.72513816015754
244.42988202040326
238.10501042970705
235.51082490308275
230.59309165509026
231.77884460990083
191.98861457404453
176.16436170151476
207.8488616409148
210.02854883834416
177.29793006837684
218.69306941469526
198.91785827180348
203.20662573131614
202.44068891472662
204.20904105391298
212.132098680484
181.04538930601043
208.9599595960448
218.91599399306693
217.41180509835277
212.43166068033594
188.80316324536122
176.90784255306565
165.74322563758918
188.28679447987741
191.68962935409735
207.885699180288
174.73087803886543
168.5979919731532
182.18564208048744
173.544213965092
196.0142752083813
201.92248162396956
215.94302976725163
197.38205297932222
224.85375265632618
202.53277968009488
194.45427824557837
206.11054879004536
220.09586329797122
206.54923826798367
200.95827570888702
200.24739995565375
206.67741165003233
220.05845622919597
226.968806722407
214.56887894200338
207.83593967629753
188.0643580786218
171.25161024215478
179.6811551967417
225.6488447505958
193.78499180417222
213.69460764090803
199.27833722001148
195.89630149419625
200.68657251423141
177.52094905650264
188.59369913464175
198.03450563763175
181.08615643169034
158.57041183806095
189.35768829411163
172.3093859602927
161.30461578996383
191.88277163046172
178.18236502034836
167.86646701804423
154.74058348711088
128.60933575073037
121.07502064188981
138.18384404382405
140.69439513901486
157.4812224733
142.0768918189134
133.9042133590195
145.81497636327384
134.28147052087803
135.15524940047231
154.6936658162284
164.1400804287837
163.25213396667831
161.11026222381594
176.12284316693373
177.16292815189652
181.4445511370408
196.0566079230845
206.01355559273895
198.15899306784723
191.5828531501595
198.6367629464818
182.3266639530798
184.35151096393045
181.77358576119585
173.4561506290866
161.59018826323026
180.41321968251066
188.96067049818876
181.14880382811222
212.7640786255034
195.50126749874678
192.51304266862076
191.65060444249266
196.29762506031898
194.40582115599392
192.50320435102097
198.0668317533922
165.6115695916744
205.92075270498782
199.26306819134743
192.67642005204357
193.70580461771956
184.00603587747247
217.5365581916771
191.91816354534228
184.95105400541573
199.2526266737263
204.5891947967758
207.64706672681604
192.34824339156435
174.9343870294514
179.64824238743697
157.8506878891135
168.04478222737475
159.26009893914016
177.57780760173415
167.96163987673117
190.11320391579136
189.90175868341743
199.48913599732325
193.83455417603074
204.78313392984833
178.43247360596794
195.9581592006271
173.27702884092824
175.90451543211682
152.01346060433363
148.72021800459774
139.6928953878025
137.07094010220777
137.96148109964847
164.29618617574687
192.1926163040704
174.88136780691477
161.45615364788802
182.9311605613161
196.05958192039012
197.8233784854816
216.93721814029487
201.5467101909539
214.8740314751339
199.1315067867812
208.683707724714
221.89413339101952
210.49939555648618
224.19106761419962
206.20191790380036
180.17854497312237
194.19304877600055
197.0035296965821
175.8575941102458
175.29377991315505
196.80930041545943
176.06974210915217
182.86516378728393
171.39262629994397
186.07046694033042
212.10725943876088
181.29984426291065
212.9004925883065
194.600589247731
180.8715147806729
192.18859073762275
195.94444716716308
196.39206911193568
191.54599902144693
207.61868999355502
196.11603109297508
205.9157008387901
196.49578017414282
175.67645395370224
158.0625375236009
162.82269442709895
186.1018351887008
202.7327116540903
207.7288944146436
204.9116775228561
217.23816562590636
222.4320419025844
222.24251536393837
219.8366216997244
204.40568649186582
188.48673265475767
187.5064235839883
198.82329694770587
224.32902915682914
208.78674962636381
213.52463857893818
227.7799627432497
239.6959937999551
243.2159777832302
254.78958330327873
264.3149281357885
254.89163389509204
268.76746353403956
277.1195695882776
278.1412751922394
281.3733400083348
287.4076141439856
271.4217067609273
258.6376644414981
283.9664374870083
295.4616942022941
310.6084086186579
307.78496759302107
297.8161217036011
281.00277271896357
276.67796511629314
283.68859649015667
263.68956901885446
257.55491203670766
281.262466288881
264.1655764747751
280.6736298662888
299.9377209269085
278.2104074039109
292.6832395027218
301.6730203755312
279.2304215113806
279.8279217578779
303.9127347872903
308.09673639861415
285.2413972944579
264.3833502438822
281.7690077415807
293.2265260627645
287.50434670657916
315.07084517317264
310.122444315885
311.0154565900059
320.0247831375959
318.8996467384191
306.0170781705755
309.48752487917
303.22227972882786
320.8370196842644
313.2635211063897
285.46257439200804
290.2778747831423
283.76085285478854
275.24739460426065
267.38359084983153
255.42447923740488
269.0737328708055
262.83859106177533
239.40124434913818
280.0614467523042
251.82637778031685
240.6065226189307
260.45404680243547
291.6487630805964
297.3793072160997
292.1712767028397
277.8993577998113
243.86512473346164
222.60068436336576
231.64810477887792
224.03832642611573
215.27745008117554
198.47763872480897
173.94487792845456
174.42504341339406
213.03221789993663
201.19990626755367
207.50709847647025
206.04054510209164
199.22664103114153
218.323491405766
209.09690816285087
182.14386921942517
207.3721293000533
212.31910447835716
213.10298772189805
206.6056747989196
210.18070560235026
213.4474916080594
200.97433284217806
205.62856841135567
211.30692375332228
189.5674490620394
181.12471481851634
189.11237382787064
198.32931799059642
191.87448788611906
210.60183698152437
180.55663623272451
167.1318457535343
187.7555991694863
183.3689792732492
168.2902372181769
168.21954864928932
189.71329668899614
196.46014374874872
197.8782764349455
225.9359548923993
211.52175778359324
254.9471400270921
221.77413997124316
233.77782371090277
233.52783096452544
254.49586703050002
280.8331735759938
269.6714038732487
256.5481061962277
244.98903713418238
252.45597733206688
250.11930780980097
252.56936553945928
226.52392088969034
228.5755719759925
265.9157442672937
281.05075781565677
274.4738353190148
263.1534455367238
261.0659026968227
262.839518647845
213.68879190817196
226.96486757846512
234.6785873228149
256.9346436291162
236.88970347461972
237.13623109115338
242.5071259592335
264.2021314832279
260.17537814783384
258.92122741977147
271.7435844955791
269.9761890176864
283.16297287376506
272.46660910603777
271.2233240564835
262.69758612025373
247.86348155407651
232.66830681624066
255.21964336114047
231.05685024937378
265.0276584273473
249.91631512893935
257.13967810504
279.24519214814376
277.3872394082176
242.08843631934806
276.4416799454421
271.60380697527705
256.3274287499637
282.2097777551277
231.20256926803546
237.04241696175356
257.7120499503875
251.8975130444645
223.79234488632073
235.81955440658268
248.01361879755615
235.98150431123042
251.54538033317067
253.02447925428163
222.88634028953797
230.80007193225626
247.7825360493848
231.44723541946183
202.89903640573695
231.52426719889567
218.7817243218449
233.66342497690147
223.61444909304208
226.8604653636085
209.19260521072653
235.41456868380246
221.58621833842253
224.92307087446414
220.4734116545747
223.63754519677522
229.5022577186039
238.48648439795474
205.46507148686325
215.6633207691357
234.49670464977555
234.63585349485447
211.91126232150862
230.59717668747743
208.84046994024956
203.14329488712113
216.42507488060778
194.79909290837378
205.38666731846962
210.987635619686
235.69610236597947
242.30522270749657
220.03948470149845
242.42837020158646
234.54473820205416
221.84176051297914
205.61378450536122
209.12071160372074
206.89769558279235
190.7196713170198
176.41538316035394
190.96240179920687
184.80156539219837
167.92624708468895
166.62782591233102
131.33131241652436
139.1045013957126
147.72149558931508
150.59438262003872
160.96889392122938
181.46613029917478
181.71069588116296
179.64589391080108
164.11874295079303
180.18149655893978
187.220795147203
206.43496518485813
220.78841530742875
223.35624665792872
229.73751658573278
225.4039192488215
226.3359412722973
219.6757798844215
183.4480196691387
193.48155913071736
216.67725854836598
239.84002551065316
210.17025113521893
199.43136273784722
199.21003940453596
200.1557928399754
219.59567460878904
197.1563267399403
178.2725294490681
176.612696830348
154.94664301015678
167.33926493799126
160.33478012898718
159.95750244064837
170.02810057884048
175.88151466927994
166.41022236085817
180.76614814399707
189.56767055611255
178.37187606196997
204.728077618953
190.68422719383696
183.55943985068774
209.50875107157827
213.4180984951552
214.86937647778018
196.63255861916667
224.28088997727204
210.7499759976971
245.1447799038885
222.10923961340367
220.4639838476588
201.4211515969109
187.88788630599467
192.98687495894552
170.80419331119313
153.2500870565922
132.3655594992994
157.15971281724748
143.5502058541588
165.66403852924418
141.9234766568549
149.49359171457417
141.41695221344844
152.43797127746473
151.5984672280299
114.24017942028087
121.31897505597382
141.16441309264562
134.965804653174
151.7039254254132
137.64694359778056
135.7836930040301
114.8151763617461
100.36681573361304
92.91586512498928
118.33700856068656
123.6586594322691
136.57286864031022
127.4081638680805
129.45392095849513
124.28261075421855
114.81843699472162
113.74218864237478
106.67748057684945
114.237088513759
140.11855045810074
160.4880381024665
172.8302362410733
147.7972710678581
155.3803609580285
161.81924275248073
121.02864183185291
138.51112895700396
108.17017086165481
110.73117985238487
127.59211603431882
114.85932723039336
91.05992258400606
106.38263047668295
111.92684454894285
94.07291836761702
115.69702755924715
105.39246828828769
116.02971469884609
115.78161747634176
121.56402597177436
117.65323594590845
122.26162151111416
117.54018398853111
114.11680144814306
128.53361016588315
137.8750856604878
130.30370713933144
132.96484410890088
127.42121403719194
139.3272974629443
131.14932173056215
122.60880851024032
132.47354287625086
127.97700939788221
121.1079069273204
111.65692843315057
118.90389889495611
112.46639326439347
136.95617574395925
153.569570049264
147.60903404594546
160.56244227101337
172.46246359988533
180.18907191608557
154.8054234925811
138.20563766955246
148.34606128732383
156.01158632280348
148.81397636829317
131.08121350928346
131.71252153830997
114.34714613680694
110.18450494711435
103.61238781252563
120.3155794415934
129.25345207388216
141.50572835357303
141.31771961422336
117.70493683208578
123.60554290732647
138.7900100180555
113.58094430214369
130.03772413107288
110.93977052086187
96.54723496865468
100.70169082360195
99.75236753689285
128.23087782972485
108.42925028256244
122.39782456183605
116.48200139605349
93.47137963038425
124.37526618329532
100.81601703180819
101.12890152080156
115.2614786353132
120.00319711443072
110.06329068110945
122.13385322178442
116.34112731479932
135.98283571484322
132.59898184036774
148.9473818694837
142.7648691519713
164.23073193294013
155.075137201409
153.0998031233111
165.39130706844685
176.16327712174
198.78447506682613
188.6760720626514
192.0245003724942
181.0530171113563
178.75047801132436
161.94481251172772
154.68244363283117
147.32259036360057
157.8177812436739
185.70607444576805
179.722255047234
187.36439491764466
165.5928252868111
161.46012644365774
156.37373055234903
147.03829171253577
150.57641172085545
147.17411489148816
144.98050603863248
143.74736258863345
131.52624329166628
139.13434129425482
141.38122611267906
127.07830017475578
121.47360282886164
127.03898891626822
134.79118384852998
112.99489056757285
98.20520289855799
111.59357209130181
117.06012622022446
109.42546306096585
139.11874868288368
130.23651109744335
134.63708475511788
146.7992003642762
111.24439847772534
109.24536358760885
119.65728439763645
141.33866661259736
140.89473347946208
146.87053488082182
126.12304625562906
124.51162424916768
128.8918082553757
124.16310573765843
111.90404835617682
112.95110163409791
115.81430453750426
129.29421182041423
126.8790978190429
115.35359531613453
123.18960355069332
116.17173502408842
124.32569830467116
122.75016115727132
132.6891139587436
130.9518300785048
131.1146279850171
122.9208174166266
106.58435394055795
86.57824946460732
103.90836293842295
107.62643790997924
120.05207218180787
141.25773093043136
138.72961257923328
137.4580911444607
118.81256371549327
155.6750891365025
129.55169550243107
142.39877908257145
137.5171742988872
128.49795407489725
153.7839451364879
147.7101507844036
131.6106692232708
126.45662413924974
110.37459354084422
100.74652140923143
111.22973567217318
109.42090098690616
113.88935626143271
110.66924490113018
102.611756586843
87.2105862036601
82.90734947615327
85.69971710050127
104.03979360039827
107.55190028917463
103.39935835456666
105.41927707057467
92.50107843102799
97.45981732462806
75.17675357863784
100.98656952410725
90.89106880776676
120.17923517117191
107.00379437370604
132.07329419179564
117.26828381778166
129.19420486780987
136.17983135507944
124.11098072472682
104.51756098229228
119.56850698227252
117.87972480235172
162.05097559598101
167.75097919282413
168.57583372424185
187.1005134254204
192.691061450208
188.77400223894776
162.09678677993412
165.03991876798327
185.1131121506757
180.82126206891087
194.45546594306708
207.16019131895678
208.2206533685557
205.2870902956567
213.02924368523344
210.00867051542943
240.9155844435666
227.53263811906345
250.94242043433084
277.2160689046132
267.7691970328444
271.12236223467636
293.44280690854174
261.21580881359563
273.4187727802001
251.39690070740514
244.92423506328848
227.74601360450075
231.24651294615919
224.8807793946956
249.0943899528787
247.67217779790238
243.14008658370966
269.6316773750416
253.18810782306542
238.87566784121267
218.19752731635876
200.1788401009136
209.18123842320654
221.6012565194315
209.39753378296206
196.00927694756808
212.30580931746056
221.41569983358974
241.7740488890879
270.8465213395182
245.74920694060913
234.52967535345465
235.8468936561956
234.41051842288047
258.5809145385921
239.25146695937312
247.88617530001258
226.70480793581746
227.05009455442965
223.39928723864807
200.38766090992053
210.5593310095167
224.20775306154027
212.38913270413136
198.5976520371883
216.37209881768192
186.21727775598708
193.00385173931696
174.22679214561313
151.19970162612648
157.36036774780374
172.76686333659887
154.81745799095907
174.3585063022203
198.73303507592016
201.10054353090746
207.22328470165246
205.36961906349202
221.75045573015487
234.1476620220138
244.06303443250604
208.68710761499028
221.50815678807908
193.02566493128475
219.8490036427234
198.12779556436476
196.74634356266245
189.90591399948855
186.67203949583413
199.81666352071565
202.18335574093956
211.8987498667135
201.20429124907685
205.28272591926566
210.75387387801325
207.95191502218242
238.394746883209
240.38705725015794
247.54156095865397
238.2053699946614
236.06400258420487
238.79638966204269
216.2162827565272
223.83147510022835
205.3611848603273
204.99277757402734
188.43767542211495
190.5141469622768
207.91736534005128
203.9646146324298
181.53350806650218
206.19144634124808
198.65995480594202
199.8783866068195
203.79039457799345
202.0171138967509
201.625113335643
187.16785530048867
171.5113634161199
195.2663477217289
186.8087233344697
178.25837750807025
177.2161838699678
168.82297108399254
171.35571705500251
173.44363458141703
157.37029485782517
151.65857148071962
140.24291940983576
146.65899112357158
151.78293292743365
180.73295658334536
164.85026132425594
141.95160350390086
131.77961967628477
139.59109910450277
125.29608849289878
132.13465698347375
130.803013614044
124.50571378543779
108.824083261338
80.00161257637325
111.40454868573056
109.72763191266931
85.46107156359017
110.94853291370208
94.7431740965377
98.47586638448904
114.29199783915396
96.44320691788853
109.45553763926515
116.52475013349374
118.5654660763435
123.02759064537207
136.7630485696095
157.29883012710485
164.368410614808
155.29666200876258
165.17615100559846
161.43764991822806
162.62768873476293
139.43487458179305
140.62389724850988
167.21567220431058
167.61075184452505
150.2678681595287
128.85010830965666
142.4725468772689
159.53020164927003
164.30630145403978
167.8121981980912
164.39566802240378
163.5983895245515
166.0647980432865
174.0955270100947
187.64713211537497
192.51310801251827
220.00803271212385
204.7388880747531
222.1891212519788
222.29662329309826
233.60176438789978
238.74849727393695
244.30293548548173
254.5645408030099
274.8318356709283
269.9311559453615
260.6381567895908
278.41648888520547
267.4602294122159
263.97671545601844
254.80035944462497
272.3269295009894
254.38408209254763
257.9795282600659
261.0236795525261
285.28305104901114
306.69403540452413
286.8644113038842
265.56862677660587
267.5903480895448
291.90197935944934
283.6076894931614
214.49243616476156
249.86234976277348
246.33478794719204
242.0367272427819
279.24830782817804
257.52036985880966
258.78851804788223
248.07605900230288
266.8397585262905
251.04183611774283
254.1397933007756
292.3454824419852
256.87209300208394
262.3427706775058
275.14503179236624
273.1295413344227
270.84221503046086
276.8165965570755
270.2737336061417
284.0812691600527
275.5743241273841
284.284110194825
279.950222123128
282.7102613382891
275.41514774135345
285.090405384019
290.37180163026625
290.07121094459995
279.98750854213125
281.2755534180269
280.1588294293688
281.02902922787194
284.52892673730076
280.85100096980335
281.0500443633654
293.4660212671184
288.88585172576444
291.0690742073678
304.3521573639179
279.43782119430983
280.25288082349084
286.18032477652065
280.35532040536924
284.2925895947739
282.79974127201314
280.54893820654706
288.9272411973664
292.109983189416
279.2367315019549
280.40503530178034
279.84228964181176
285.13480196943254
292.9434192482904
303.8173950516396
293.60458595205955
295.66439901636926
302.8056002269869
296.0988585249076
297.9301407221062
295.7090618994513
303.0331342930014
313.3855193222441
298.86005683861674
297.92623013611933
300.2302526593195
301.2416359150965
293.6466463032405
301.33391005196586
296.6722637040441
287.5368052406901
308.027189485817
304.1064602187207
303.2381256524624
293.68825033857644
291.79737128759695
295.4841828840336
272.7664667541499
284.79983196420596
240.8588151854982
256.41891922567083
229.74300714858566
218.40728076301144
216.2807377347501
182.06634521518936
223.68024042345013
190.1329864753332
181.59812497016046
210.3823054431789
203.58096550332755
176.1935240485415
192.3485651572316
166.4949504740242
186.26472735261163
195.74005014594516
185.63126066357628
185.36159590736492
191.1712137922503
196.32405842563162
198.34211585220066
200.0181788542321
169.43376686878534
171.0902987424918
188.30528991248124
200.9414569092119
196.87797134426887
205.5494639374619
178.45315524995502
168.706113877385
172.43736935794493
145.74266347101536
177.0736137116657
176.08490795230244
167.43138276688083
191.931221207545
201.6093727007632
197.7038473326058
180.4587442686283
199.81221178009469
187.24516790648445
209.1285233173704
215.1500811206264
237.45826112264018
211.31352203587974
200.8815072806424
197.03628907643846
191.39029307440595
212.78749534933223
211.5873228068981
210.9202934708175
206.56540599740362
225.5206218863442
242.6791990593947
251.5319165045024
250.503480338902
239.3771929492409
253.47955205543846
240.2953450042256
252.2967856519253
230.5794409230656
238.45473526407235
243.93900375656608
225.98859999474726
242.37360659750104
280.13498427955153
269.22396695751735
257.39286546043195
242.3457609097936
210.25535689577077
249.8938281227788
255.2339917518934
261.3277842369748
262.81498812654974
254.5495438058656
249.60115795935488
233.2024933812988
238.08615212560173
264.96802235480203
251.4981142525425
253.54406303749326
266.7978481860719
268.0884129131923
282.74660051067383
253.74569381641777
274.20125101063684
278.4995093436014
249.30113036481148
249.07108235502147
249.41111069971743
211.74984408645884
239.27211149367471
225.6251324970931
220.3908957656755
202.5770008717187
215.21757329947675
183.31017244207482
164.55661139299758
173.28129268607714
175.22296806141577
168.55037781656665
172.13863931702474
173.54851663446297
153.29379101197227
134.7463336378516
149.5112880082775
145.45990153288247
152.20399075615083
146.5270609635512
123.49071149011782
152.67109451394114
138.87674286356275
130.63142642126215
128.83886173278884
120.4086333509661
107.40422699430663
84.74677111598858
103.7902872420528
112.20210209568181
109.53610467595162
97.24278589977963
120.12309311441746
107.3722199054946
103.77835887047121
119.83604153443856
124.21155507649004
110.47055293742791
120.26939214847523
119.36128389746031
93.81926727502048
112.80055975518891
98.8082599325015
114.24997118382967
127.7820563239973
140.4554577245254
145.947726679051
138.21541122392844
130.32021990722856
108.614355318057
120.9461501287258
128.77603014099472
104.73096474061865
108.30841064590894
113.09621194449291
119.733780394746
107.78722313087772
100.56431620276292
121.68775625560676
141.5217495961842
130.61495732830994
122.06453088579357
113.11517302530135
108.03039087192705
122.72448713219626
103.50348183533292
126.70437436745402
121.63918599592577
116.51554957142712
115.45153959173088
132.87090546774866
126.11509405333787
112.29090473802952
121.8440655278915
127.31660472305711
94.39993021581039
114.87801126480251
121.39692176758369
119.61694783736536
116.40372623386406
126.86190630954277
128.07587505699655
101.99146973715908
121.11395318609526
108.29200062475577
110.890487329854
128.71702173379265
129.03556073459353
132.68580966885804
133.07768024899823
139.3421169802651
147.54666953131064
144.48315979955535
130.97276835168972
164.33202491689772
151.3764581807476
164.32963420090337
151.97918538167158
155.14558719565576
146.30363303959282
143.45279347153425
157.63465509981214
160.19883911173437
153.52514113418118
132.63800041574208
156.37694256614313
147.5671480110596
157.5823467125387
147.49275915320936
158.00077788943642
177.29299254389971
182.60238100568898
145.32714476916553
155.717575129723
154.82743930960027
127.3576136674365
156.6683530225784
149.3567593202601
127.52534781093915
127.27573051947253
97.01686307056059
104.49058586414235
103.8620837917879
110.24698377708708
129.32679979223747
114.33492500608418
94.68151841683849
96.37088222930558
97.69772691770767
114.162382282051
119.4238725380815
116.77528359386855
100.16218902051865
110.7348473284763
119.74874360844629
108.41321552652042
97.13300050554999
120.16297757584353
122.3198174267469
149.70739412773585
172.9612727292934
157.23107437454738
155.8761058450739
153.80971156479953
151.46461358635088
168.16849957365903
153.7367488203045
143.73815686120452
135.14589506259227
156.5619040146582
150.4583956996119
123.42252263895968
124.60084979452387
118.68570280761736
128.97738272315155
147.51602155929038
154.05354518685533
142.9596507248428
147.44015717320448
129.22600146335404
137.40946413059356
151.2525457874507
153.62075086620015
141.3266331609497
134.38118780701225
117.97248783775328
114.51719748594913
103.57958764921509
120.02041688185275
133.56327272709598
164.8352043076351
151.4586127337689
136.5337663825314
137.24208207271607
157.92229199847728
133.89901157812324
153.8062918890109
174.30929030888504
154.6425258722785
136.67242056539797
134.43597489394142
111.25402304641739
109.26226355650826
111.21608504773344
135.81132120487712
114.80965742319643
102.93279415896583
88.3534354378273
129.24045359775693
105.6788355383225
117.32080615239286
104.73198358223574
131.32127904145872
133.8226005322909
139.3130575175441
152.86466862986907
141.46855292495292
134.7949539703102
146.53491334061894
136.7076931062683
147.15541951428
162.20859990373768
166.88510079264674
146.5984255047755
158.61907872073294
146.3251663579471
136.45635981082737
128.71747431966747
116.42033117067383
122.55025523245804
118.03016646593194
104.12343655244851
107.513780021971
81.18042826330466
96.39160044950586
95.56818162253778
91.048654660724
122.7609800738197
113.14662083824152
114.70185332547594
123.59286962396261
152.36960133526927
165.31794441119814
160.5284435291464
161.94175614966247
166.00973997116546
160.74877968702856
177.62557452934294
177.02996143437187
210.41929309136447
206.7532642470713
187.87458589494264
206.68768213932475
208.90075033145803
214.13959654268342
196.282664334224
206.08946963021032
204.28361400478897
200.64126828507545
199.88748605140037
215.92851659529816
165.68777880360895
155.26431927864297
153.4259468865351
158.9928954215003
158.87027889383344
182.76183035721516
172.4679979600007
165.4776989850607
169.55023569389513
158.50685725658252
167.54734114668508
156.5987078193731
174.11673715224342
161.026094922634
156.52952295389395
171.47532042337374
132.31371956460956
148.13117774738583
161.40394777896356
167.9113691862094
151.4225731082685
136.36837709288014
162.3526813420429
168.54726743594046
142.0212673633999
141.90237618081213
130.28774051685883
152.96063021824477
161.74566526268742
168.82279633051613
191.60897678523895
211.7295440189529
249.53271101751324
216.74457870009343
248.54161662256345
228.1878834493911
212.87635006140022
208.56097171024123
225.61841228885083
231.16661093337146
254.63027822253125
246.28100356049904
259.24493464690516
231.1643748743534
250.9096331238676
229.45448408803566
220.93353536252883
239.7128864242449
220.17850281805354
222.89050401655396
223.86453015900798
224.32235864638074
219.31017434685862
218.6986825865555
217.7877290335862
194.5835551898974
181.46116002303344
165.13847170166738
148.44562262777487
114.47529712741499
127.9215159527282
120.14347935025069
112.51144827065792
131.26737513599178
98.6281343243375
116.84725779873247
140.12095968737077
103.90711453622633
127.6516565746141
131.10590281874505
133.12646902680328
131.4522183017967
134.47468610400003
162.72953222108225
175.5583288593568
177.14301396122386
183.1328557268907
189.1687468857776
186.07081417555455
212.04684220328366
209.91804592905464
199.36800550236484
181.98249796634533
195.16055998366576
186.34842612665324
171.88028583604932
161.4897888428569
162.98281649640836
170.51840505306782
163.88036611271855
188.42071452551153
163.6833143236665
147.60347134990678
151.97567219165433
167.30295982959487
178.4992700376549
173.47788550864024
187.00824868552124
170.42629353940117
151.19534022978584
149.6014225130587
130.12599566238174
138.45046740409958
165.4610974983945
140.61279048604922
148.98341595126357
157.87289735576576
155.23900483175814
173.65029864594922
167.815851894339
174.1327779296115
198.74760520873767
204.21964616454423
209.75499258883863
189.1211676701678
189.73778542810447
191.0487028293478
172.61158882924087
147.98665687331513
182.05855735288284
181.80453476270975
195.1247021396829
168.8196899556325
178.21262641521915
167.59970663921195
177.68173618759616
150.90534592225492
173.82029509844224
172.1215887006735
158.64868297499717
157.4696767824504
167.98580618070025
170.7388923386841
164.41575357423028
164.21985641169678
145.15329762837032
189.07271573914846
167.72296112952256
153.9569997996816
158.3343707546595
151.8748787589045
151.3660644701622
161.69487465239368
173.23771316843352
151.18600276120105
131.0887801547822
145.62278084161824
124.16056488306245
112.87476992663541
93.94122971724676
128.1739217825715
106.12608420469807
101.92814586138218
123.02550312451976
133.90211431023917
126.00084316003098
138.36256564088325
140.81649152462924
131.29391305152174
134.95072433815486
121.10444565783185
102.20836122183454
88.5452507881978
106.22870057931995
91.57395655380647
124.37506774562023
152.24777457561865
137.23521948239076
136.70029497723823
144.40633501225858
140.53720326728785
153.22179405615
167.70405272058085
172.40403176437707
172.2397528154588
166.42596299495827
168.54712921057757
181.1071269242119
158.69751115085288
172.47482195701352
175.90307631651743
171.26462304618335
179.29923176797962
196.2289715468167
208.20983546191377
207.66047758268917
172.8983418939505
184.82227755812028
154.48534724194303
188.74611676967174
201.9516393648265
178.93586213019736
207.92111554162406
192.37229242484412
188.9395765032037
187.03268752021242
168.69150209766684
176.97670074606248
194.6429459939747
197.3559428926256
198.94460350153383
197.68174130579357
178.12392663026765
194.38690600914614
196.63073690272765
206.65866743689864
230.71156711787742
227.8366939755148
222.3828406814107
224.606784839086
199.7812276651528
191.70980357024584
171.73889877564923
184.84864596172216
191.10832792570903
185.46209876025338
189.73512787111363
185.06349266489303
170.62209425272403
197.71835423029296
195.2348334932824
193.19102630804093
165.0509171079823
162.30584695469597
195.2046317939975
195.8776752503583
183.58081104642875
192.12928363931607
182.66072553503957
200.21200018219562
196.81300324755927
215.25824715673005
221.15934171589464
220.68112567626792
229.7665475373985
224.93007791771498
236.03209702378624
224.22960945865609
225.38480525545936
222.3089017675747
222.5782290965176
210.60114448171313
214.66960877036107
236.67587256735095
222.10491977619128
229.5384986366057
228.33372327798597
213.37884086555877
224.38261048718752
256.4171494914108
242.27043141459765
219.05805103692956
192.49169736030368
167.20229983764602
181.53099144898385
179.1518643604712
182.11016844689345
168.61531348020708
189.85736867556497
182.73723836737562
189.01300899856514
196.5280893707999
230.71640103768033
224.08673744468183
216.91261822223984
209.86279972482143
191.03675375742412
176.00047900336895
201.5634811298745
225.47761384180254
219.1387587177266
205.72750144383122
208.18159022770573
209.3728998556888
216.87404515278678
170.1274942359164
206.8320426540907
191.30987298514637
198.5719478476337
176.52087376723637
178.9067554344641
165.39409936605642
180.75220258667164
176.98449087767503
164.7085422944614
180.88801279895122
169.08017285659
157.3196471201865
152.51579750795503
149.94907067870952
151.88798065294918
158.00243744387376
145.84961944162964
152.583211435139
134.1845022744816
132.69034785341563
123.51457185182164
115.76684182869005
104.16190826562786
99.51414524031283
116.03776459424724
103.64729530522496
121.64428968618044
136.34323582960602
119.69803462056919
114.00718957088229
120.69618088793463
125.18031297311971
131.99983963842342
130.63132541813368
116.47723384085367
115.89389307881552
123.64844160572503
122.71140405702067
129.40413948861254
126.67843551527088
128.59371861118774
121.75676105244283
127.50538729034
148.139198071226
153.59714598020756
152.99519224570258
128.36164858653416
134.54727669220628
130.33697549044192
155.10126649219856
134.8293605478041
112.72613476935878
111.96196525105009
109.18241129085807
104.18250912283759
124.00340642398942
126.31679068900846
149.63027604535054
134.44319515967618
132.70642762330402
136.75887516290246
160.80515134462186
142.06516524785366
152.71331930073526
166.99802398645096
176.72408345181356
177.6810784528457
149.48152857169617
161.61530845352146
159.5005634368278
166.08570452946216
150.8344326785681
137.68664991397344
113.0649752570742
142.43726954478788
138.76605235774892
162.53055429236656
144.14152853266464
153.1838073190097
168.5545392309223
156.58239083332003
124.3395890796348
130.34349166411485
109.07302305474097
116.31988899884378
116.96120419529188
101.23869751011868
105.78992589314281
84.67622110303657
116.84776588175886
107.45234494218178
123.54984707083632
119.90764585727008
117.1734713305775
107.68149157165605
92.86218280495947
113.83059661595706
135.98609764033353
162.0416148812961
176.81931284330918
170.66974101561667
163.54512406714565
159.92777974599102
179.70450626999104
174.56861003151704
175.25017617893212
180.21803348303328
166.1038723697294
148.6103823793603
161.31236003131673
175.6664886266545
166.55671294879548
140.86171102546103
167.10874247863475
154.20437665432166
186.34191339019404
191.08029089130184
186.666311239274
169.4109327419972
149.49964914434264
137.75448357183694
123.32145967302557
117.67054051487746
120.40778756345065
123.5662484112375
101.63600765420551
124.18224394027203
120.26862050214866
108.2448834211185
124.0083585611244
145.78626577595898
135.14753576953856
132.1689145979759
138.21209507504966
139.6297213950022
113.852010524594
124.99929620935742
125.66834174066688
129.62860299138637
124.05707134432
102.51159961272734
114.18148272343876
115.33859878045062
128.8021178143797
123.05666394995855
120.14042543036113
113.1147466533713
119.01517584350027
122.85481457263458
119.2098139853368
112.51670173994636
92.11996891695645
110.08301311132942
101.17722335817434
113.8112517618515
112.00190076467612
129.68977047956474
128.25547136987532
131.5325068792293
116.74986643181593
119.44302180848577
110.19573223233036
122.90117950916921
105.07359208401743
119.93359422036079
137.10900082651008
146.9338193779204
186.10244656256353
177.61282295031464
186.63198295316047
163.4293571038091
194.74413147771247
184.9338389215054
157.6986705019474
181.70970414500405
195.00758292167157
194.71412802584942
189.40984721613597
179.67567899331885
161.7334426528427
170.3695775920759
157.23540020207832
185.95722391462272
175.5248046564139
175.68311622183546
190.51270692866473
169.5024263952846
167.78736765881953
175.82515218280813
172.14938407692114
162.6155533333468
131.58707573457
152.95224511474473
147.77702394704374
126.65632556716439
112.31296708851681
106.23962787420584
124.54602206431976
122.22751978547926
121.29640564356382
113.48393851866591
108.27625980593825
152.4076247513838
146.1193286545768
135.3101235552917
149.36939816366444
149.18222437323448
148.84442955453946
151.10322237492403
166.2990919801158
162.99300934875458
155.28700694346418
160.42901843913927
168.25995225683758
187.43107537713314
169.89424387103105
161.1416027917586
169.19068397306938
194.65835275929155
208.29513766586925
207.98901539825317
218.71866334505845
200.58496640082052
196.72645055175303
178.9944375821921
177.10356885141633
160.7370898730392
171.6658065150744
174.2032650073773
178.10396031436323
159.7421970758346
185.37780379946827
202.21481748920053
206.38613408067414
192.38269261026818
207.99621479236552
211.8790170479316
236.66363642804285
211.73551043496147
212.76441748763799
203.9927632856462
229.36974428733564
194.5492844097375
199.26947825718477
212.17597980535209
217.63964963552198
217.2927864451916
222.19511790613143
232.02830777106442
223.51235697034585
224.11060353480693
241.66015344606808
258.755975816969
257.65480273693527
257.96888206191767
260.7708447899899
247.29033951390252
250.7733391801762
266.01831466893736
266.28139746343066
261.51331202418004
248.51539537019352
247.86723935871754
254.4267538239363
260.6755447668631
255.9562461416529
265.5142751195285
272.7296269098806
260.8275890695572
248.25136061173038
256.39992132780435
238.05808104483805
231.4245201657656
241.63321673449585
239.96695397157274
248.2665504567145
244.26153583630438
221.7537193990957
250.47333023743667
237.64003246794385
224.75024475056927
228.66476554816228
195.55248365969143
212.77295191182446
230.0971141755716
265.10929317031156
221.95289449259903
244.34208348335508
250.11396073864012
257.85227064777007
239.8939087311702
243.68450012992358
230.6693010274649
262.42607826088044
260.170370571039
267.21951770261865
249.77368370058582
240.57661335639943
260.90068245258095
269.1741201942053
265.03181546723926
219.05033227416277
280.2601745584618
274.50004808951746
256.7548023682022
287.12666722045617
283.09804819761115
280.81529594108105
286.98692548379205
286.1750875337514
290.88598406059606
285.5531121423827
274.90753831510597
244.92808785090418
280.88887149830083
282.9237421967834
249.85385473184806
239.63462286773105
242.3376473884604
251.25184592120965
237.6229418791742
252.9698333625709
248.4746741250154
207.044121673309
217.5454472046261
215.79961060110267
241.0467044832857
238.42068950493018
261.3655241749857
254.9633665224112
231.2340066998029
248.2958722203285
257.161420928583
271.27053842726554
273.42594757523
246.7620317728364
228.9517465049765
222.9092342366523
222.73305748916766
236.06769556024807
241.1112702921438
255.02734083690203
249.3729384920298
239.33229931623325
272.8213221675935
285.62411388755237
276.7664840848557
278.0702296635418
252.53544920647843
262.38369446087984
277.9961552098198
267.1498342607494
276.64425573694825
266.70733538761897
273.78879293277186
277.091041161764
270.23053689355805
269.3750458175393
249.21923458402227
265.00794631623455
263.5814803927464
248.32961863749384
239.31453544824
210.026099721289
255.50154630490505
260.8450417912839
272.75502158582987
281.16011055765176
250.8561470408891
266.24615464788974
249.94987706965972
259.9453871062657
240.13522704756113
262.74157917317075
240.4423627160763
230.46477701075943
225.5672166063161
259.84878601899715
265.49895469833535
276.4168510016233
263.4754493205342
274.7389913586472
264.95225519145936
252.03219483975985
237.94460573081778
245.3283843546506
244.92963731292366
241.63743189585628
232.1166940751367
243.8636361079819
209.42733768943896
260.77847804720716
230.64757555580056
224.97893265225716
227.59525268491444
242.03923452855634
223.88422132386745
226.82579971138455
247.46875946198688
245.1805073123911
216.19494717460762
225.61388310504157
236.44306253345758
227.8516546400288
208.1183230963066
229.1863580596066
216.84448172887505
215.5016745675728
170.37933826411978
181.77365077111412
169.9952102305909
187.1249752781793
209.2725566919917
222.53563384725445
219.75682174235118
200.70453257136674
219.08649279919027
209.03050911987899
204.5919353280673
194.95364294591218
208.18397739827506
207.5377016421935
199.2155117425657
203.27459726063657
201.07499960516725
194.97271977622125
195.66919754444973
201.04252935397253
223.2484397208551
228.02365683000792
214.42104359760208
220.60335977588042
204.69610903928813
211.91323574776672
194.15583058944176
229.18452419634315
244.18255417703756
243.1238667840402
269.47087471863244
252.3593464377394
255.01844001295257
244.57791144900202
237.15086988941707
219.92757160375967
223.62061257278762
240.37680556225305
212.0484874464302
204.83073779988723
226.5078354184196
205.85688651570072
230.7115324474896
245.6310430024297
239.4807795535377
244.57670052710446
253.94549744172903
259.9116248819244
266.55392554791905
259.6695910030283
291.4202097410812
273.23572009391285
281.1232503509426
285.74014518217314
279.91087013295623
274.5888942585837
276.2320596455535
272.2379609207076
253.8465062095835
275.67569111482743
263.7275165004358
275.49649546004076
263.8106759619549
263.58039138022986
259.37168560764
257.6039193193046
270.9647406390816
267.59913006362285
259.5780833982685
265.4448122995736
272.2212825410339
277.2109138522399
281.2617498511468
281.5981531721788
270.5674616738659
277.0935552063156
275.5962457054687
279.47801661970954
285.3749929256389
284.4827090029671
274.6393262295161
277.2967383937383
280.25809327338715
279.1463703966174
283.9050890702003
281.6395536834136
278.80836229048265
275.55954029534286
280.2419648871806
277.55711886641166
270.5365615995811
276.1680560723163
284.0633014469072
285.302926250566
281.7875194748924
284.9003717258956
287.61806099600454
286.6380284245438
291.6303533113301
297.07187477241786
286.0941639486963
289.26861457923576
291.1260671328549
296.93727642910073
296.76717013629445
294.27464832839723
298.2169130836752
302.1647034767624
301.05011854628214
305.83293926846386
308.74192259984073
308.19695683390074
297.00091552861534
298.52027696743147
295.07012666216053
295.2281302698637
297.6116896223645
298.337557564891
296.4230636175225
300.84828664380643
288.8552474556393
295.47379537330477
300.7503750268054
303.481878164366
298.0050643101806
302.5323803730206
293.39359996525434
299.69794325383486
303.65564556651765
309.0320865868867
311.0528800253282
306.8312418931498
310.28179992086916
306.6232615710717
301.9830207034166
306.65516999103164
307.0527691791022
313.82095006188814
310.7049849052453
306.0005282859091
299.95849094478865
301.6506612181932
300.4175481718427
297.30317473962396
306.0550573226066
295.394329222164
294.7260443684858
281.0040048336714
280.5894662565293
262.6063143387507
258.6825214950919
243.31221888833494
248.70669177420703
224.03098882333987
222.12869537596822
261.42147846974103
238.14890941137054
215.3995556856806
217.72980693034378
225.178438235809
221.9187953657417
221.4339353762321
242.46358212167843
239.241264397487
258.4854208591088
224.95117226680009
226.3959280843716
223.6452514030746
245.30837403903882
251.33639184224103
248.52732047147904
225.26203308730433
228.5571966192841
229.22713489589896
230.3346128658989
241.32113265180658
221.35558318488577
254.12006381005565
250.0232327509214
247.1042607349221
242.37662531741447
217.11712930566463
232.28909335297553
204.01515121589267
221.017311946154
196.3707504416244
196.5462582141642
200.23377479387915
178.29464329209594
185.8595078325103
186.7379579133961
170.27129678215965
179.9461478671585
200.15622461655673
179.8216953941664
165.18215218557174
172.19106263187703
154.36990678135038
158.11910921705376
154.08420136349295
164.80870817181454
170.29327935121137
147.90120132273483
144.39231790412651
128.38881292294678
148.8951124643424
147.52944941525777
175.67765038548038
159.48073806118902
169.11417160104924
186.9585988024242
174.81073425116358
158.6645192896388
144.69018191518387
143.31503461600326
158.7932993050976
155.40320225390514
136.47066258289942
164.5098576470976
175.78621961048958
164.29494142150398
150.4821144493472
163.87053698435312
156.53009578042673
173.88492724324828
191.09340307090247
200.27665526782445
207.65902807450803
195.63158050722268
210.59346576054725
174.57894468465264
167.87433587336693
171.87103055816235
170.83770828373022
134.5575135384709
141.01750414196096
145.85966006370165
113.3842039427004
118.85534618851923
122.03740307436243
147.65815858218573
140.9103318227084
100.23879352928803
101.63427378426603
106.69273996067352
107.03183787203821
114.55007615005053
99.68538868115161
97.0931363699976
116.78869593498365
148.90843384350364
139.92285108137423
126.64256498037705
138.35999649670205
89.75112369928044
103.14892388473578
98.02735263972077
96.54483900551162
117.2997189388295
107.76848866072474
131.61188042301484
141.0421220405432
129.48936342759632
130.62609551955504
126.92081824411173
138.77542041387352
168.70346485282772
181.1594828769457
164.80799146536623
154.2970270805324
139.26177603108832
143.8278343988405
125.43512366126892
108.71164122319578
112.14698552395824
87.91408570913558
79.79603438351953
90.5391622663888
102.84197152861074
125.54096554367764
117.50526463571771
104.04409846972855
96.60410532473415
103.55997098353807
119.48499178036549
120.31580519781765
138.2400415087108
130.75385585122993
123.2350799847982
115.61435632863288
103.56227017105697
88.22752511128462
107.61442191814345
92.08833424852877
109.28404490383318
110.722828584794
139.56716531235
109.64516221540497
137.05380871173662
130.31940278643415
136.86353324740531
116.39416912014758
104.19253811975032
126.55721228894804
113.39029483878056
93.02542051810985
122.8791879511872
133.58139370688139
125.37329059150478
113.34044004928734
101.09755411293021
123.8658991271524
134.56099226887554
135.49248818942408
136.84502585207855
119.44032261501195
128.4650356862096
136.89548056455078
127.50928585301165
108.67543093563603
118.08454978947319
141.12167190027435
131.39651301856682
127.03482594257369
139.38958685508828
130.4155528625903
132.7942334849699
155.6883335847382
129.536406504401
146.26893817942073
147.66242903250847
127.6499183549126
142.1289595605473
146.05545394575043
155.43780251226016
173.8746810074477
161.9990226048574
167.95091914816672
162.34675265777952
164.50333147290138
166.18376352541202
184.09719118800177
178.27087636171603
165.49163604691375
174.5825614827319
182.6412338044271
172.45880195760833
189.4492143071862
177.86988549526308
175.04895844744559
181.90528456364444
175.72625995040434
163.76979960663272
141.0279643519993
127.93486936569896
130.92767231280817
112.50925439125153
123.5658140579446
131.06990529853536
104.2219906536464
105.54795914993724
107.33685673370982
110.19547640736107
118.56400793641856
132.27852762219277
134.2286260144627
133.68851659645793
150.064484606235
158.44744364006746
143.58402171959364
156.649237930364
154.66664616803368
163.99881514582927
165.51314515964953
161.21380384490152
168.32711481190654
147.9353634070818
141.63406723956768
166.40616948143565
163.11255289884832
132.957546439269
138.6376412162788
142.78151963915477
155.8242653223623
148.1408051279683
115.63470508714302
123.51648321686658
135.3191023647717
114.42781230268749
116.0914838120995
117.22381639509061
115.36841637783496
148.23530053106376
119.37739744262078
132.58745590935845
143.44429502405345
150.04645846405427
155.43983029232606
131.47748028461973
121.71038930161565
123.25799285365298
125.53599966450835
136.11535146063252
99.52302988853307
92.47931003420517
112.80647025348748
123.61880730844054
91.65192811641273
112.01681248027889
103.101356735798
126.21818497457915
154.82662046610636
154.8246566219367
142.68449972718489
165.34872461882438
158.44001171710002
152.11656455402917
179.10021786542393
202.3513224912874
201.02415698354557
197.9712672305199
214.3523499170161
221.22513067248354
206.65061583589343
235.94994339417204
236.49121820492766
210.9312225416126
226.42672379083584
244.77241404629189
257.6194845305149
214.53786898690907
246.01405989385984
249.6451189673005
230.14713852614946
216.64654088774412
215.1075139528171
250.49074950695962
254.00661912670094
273.0315173071146
272.9374722218014
232.71281744860178
244.83145213596862
218.46968916758837
239.0161321461161
209.62348810452718
228.376511117007
204.92498584906906
201.12679640244988
209.94775598381528
217.7584743188102
216.2264211011833
196.7180388525459
218.50396871189253
223.86480585724271
234.37688978950567
242.76135774393768
235.92043179262544
216.7817857756645
204.07221317259018
243.2098494990331
258.433160145124
242.0962890231219
235.92460751210336
239.39810462257861
224.5357259239415
200.24933125873417
212.61595509914582
248.59056981844424
202.23592861324198
224.04579995644968
234.8085627354658
215.5344138009198
233.57714799554537
227.47625417716412
220.6757817165907
210.126394577452
204.5070953814682
195.86267313655685
212.41926747547961
191.80673736845077
191.9049075999574
164.75937021134405
159.8677647938041
170.56033000672306
166.6864794598756
136.8403257720171
134.75685275495982
140.52768638934944
125.86454252144397
158.21453313414295
137.35440620372788
129.32156559053396
132.18720663283452
142.76092738673572
132.48382250801208
119.15334487051962
118.81147353254693
133.19511950632705
138.80157142656546
153.9236892585323
150.60181519956475
153.2450177218007
151.2424523097754
164.0626553606266
154.5865223718349
143.04946084662424
119.65041769184671
116.41975729356206
114.67478368061259
124.31124781207598
142.30612444806792
152.48541506042292
119.41766454912886
127.03535707422809
126.49364024559559
148.2273444282201
135.01230808523795
141.5278376455334
125.59690510507698
129.3746599160307
127.77542799643697
151.81603074313486
153.6316081457868
177.90326026654293
155.75755678065727
144.13447242025245
163.57270858868708
167.20846211954614
151.10108740585576
150.7914292592933
140.5616933219701
167.75200091195939
141.09219194191965
125.69632559261423
124.67509187109388
105.89203413826672
99.57700305859713
128.42179938456965
115.53219364085155
124.3380137338923
114.9715837281204
109.96440121911883
128.92790436659848
118.72215601596868
117.82181407577838
105.0347080882617
119.64335182424244
122.45549339789831
125.84287841907846
117.13776485472673
130.37500961436433
113.35612976252199
108.70026794196325
124.63196314937993
138.77195758715624
115.8339491781184
117.74652669424651
106.00734638528735
119.15089985047396
106.14123173470301
126.996037221388
128.07840256135822
153.34057573742956
141.63869724976647
144.83716922752168
146.56019277319137
174.4480036789523
195.1644313826818
186.21607036006154
203.87385273159416
174.15558418935032
161.80923388012704
153.1393915078751
173.0312085380991
172.07158405698385
158.8629638606692
130.46035101116942
105.61441410734624
114.0941520866769
102.20540224647384
121.20222284363376
101.84727645168671
132.5642789627106
128.03900889922974
124.85890502418073
119.66567762019011
122.79083468837467
96.00001905995333
116.17316533225767
112.46669393312658
112.47178546963096
117.38699448181346
113.36322530342026
127.70819323074964
137.42229186110123
122.24437233535625
119.8301421294732
126.05460486035993
102.19604484036724
101.79669613046535
107.74239551845673
111.39720147809625
90.40951268172151
104.33640879630964
111.63394466521297
87.4276747535067
118.41764507733116
123.3506721022554
118.60901984805301
120.81592149547215
125.86853813619419
115.71500540735451
83.11607676651721
110.33855652496877
134.2142127274607
134.47286467884467
142.07748741184858
142.37515097227342
134.89759198561876
144.88023993501784
146.75982160765605
150.78799420559426
153.7308336042402
131.38160439911297
151.28915272212308
173.43422739596932
179.06183180510493
173.8784544341117
186.21062098623463
188.20389768278469
179.07935520232695
162.83548021997203
187.29720471562052
203.28979975973198
201.4869603451324
172.5151694509914
172.67669253055436
158.05080682354284
148.78839485082372
148.43563160183407
140.771802209928
112.48152956132276
95.14893521209807
120.15641825692579
119.40750773370816
117.16749916466401
109.72393124925826
125.28105186715491
144.46490993749518
144.40600614048503
178.29425433701647
171.7935551441196
151.09332287001024
127.87430508481287
156.38194257298397
162.2545980324014
132.41035771642183
133.9290618265378
133.64689582122568
135.49275249318717
147.8654349679842
118.98139045297704
116.79799714808603
121.83515348838277
120.25093406994118
101.47290942686672
120.36106245241967
115.22455260046144
105.02359884140849
122.57776200393738
100.56539518962242
121.43781882163745
109.50287398518438
151.70502061190282
135.4511627453321
138.94048539044297
133.89567432716805
134.29463512800618
138.67349341283014
141.91145356597295
138.75237424265308
138.16593485582683
137.63981610997735
121.51401421150932
128.8807459590265
142.20002108219228
140.74861844560985
116.58401884602193
128.50163637233015
132.8274698497586
153.87778824608327
152.88792681977816
166.10023190668258
158.59754523687275
161.11716466961607
184.1841000610727
195.89645596509203
223.15208747941344
224.2343095593116
184.11218412239882
200.22771057023056
187.0419307214512
172.2335363665915
199.82700222248212
195.71760934103176
201.94867990431055
195.49146941336943
187.54871315105748
183.38009394743423
182.74501398122962
184.01742495489773
180.8677182398192
174.27526569576773
189.83410237797864
173.38884386236757
157.58068345492347
165.96879772137467
164.275190228129
168.34086642530158
134.91003988747536
153.6820047915832
152.9606221220165
149.46337285920376
147.03058115161156
123.6039260152096
127.83482470839678
144.00746297820854
132.2123158355101
130.0403996299542
153.41418094467832
139.5490815179445
134.71085080707377
124.29439767048927
138.40186815772736
151.31380604276762
173.59856658222571
167.43996179401657
173.45020029044153
154.3136401892719
147.9202938151461
142.56812224475433
156.10053126242747
158.17599704336595
159.65572643540705
157.02113350860697
142.30927960812863
149.46262117309666
152.65324182871365
171.29406498314341
196.05933889540725
194.71175604646697
166.5721134268009
152.86518461761707
159.12903714775857
150.91091550275235
149.58004090109014
162.30838687256764
147.3185938088927
168.11435892806654
162.35829451781746
150.3863457298989
170.1272578958715
190.00579694717374
174.93558175217487
204.12823695286443
206.0392850543236
200.34687855310392
194.9451374453479
206.85029019533678
192.35287070971688
191.96823758035848
190.7026481420372
166.97838969751194
156.6095640568502
150.50034901751175
179.73048723695945
157.43207779999128
155.77083493831879
174.4837099521875
157.99955558754735
166.58125364984602
156.74092911287443
149.1641477376987
150.82419530954405
148.8456290781408
129.54689817583125
148.24826180697113
128.99961070968712
127.28565170822249
115.29490319122343
97.03204315472003
96.49630596898028
96.98683833956039
108.84010378045922
103.62323132744427
117.94633492869659
112.94714833027027
133.76930919092982
142.76209824148842
164.51713305942764
173.28505991634907
164.72071015235406
195.03925966182985
159.7395755957512
199.3522513679204
164.0078281365088
202.6189545847719
183.78032412928286
159.10974643550028
175.91020510878937
171.33774956534415
172.70854201493302
187.97069576683964
193.5290734318773
202.958871492838
191.08379084333512
185.53712790660302
182.4665351818655
178.943766068036
158.2838980988547
125.46074275402415
143.645044507228
118.5985867437865
112.29154921329769
112.96632600242079
120.42052975386574
116.60748406326042
102.20362218329197
127.37258846475476
130.91930525481428
125.20883949674067
141.48620221998166
165.49371109926463
173.0599970805736
185.09067000454593
172.07571429108327
154.41178580172345
163.82735776136593
173.66042175166805
166.6831514746987
145.49700506204124
170.15858375462108
194.39343335248125
202.28186821475936
182.811463921715
171.35655203067878
196.32159174958338
222.71670591696272
207.7247840053155
203.21521005204838
220.78108895449674
224.7291612384458
195.4345209425078
205.65078341738004
220.15324579911194
216.00523565062065
193.98027651028693
200.88422431777815
211.3817804116366
216.8964172754484
244.71809917834995
231.85164133783607
244.7664126942665
247.04850806066247
265.82719257073444
236.7831363906067
244.6306108385935
242.15586061262027
227.89916361440768
232.8173687527399
216.26879923700085
208.27269265647294
198.51472935273048
196.81395144451238
195.70755953825983
183.43470077532268
165.67802446396664
193.16687706636426
182.46703559632934
182.9571410691801
186.80383593872602
172.38672284670102
171.24655217280826
197.5796600851884
218.5205915418014
218.12705513262682
213.25595757781423
244.4643150137099
242.1539693932779
244.71695456704532
227.04145781340318
238.76333239631617
231.76682650091303
223.9123822522886
215.72188413750402
221.16661679139517
239.48334380485764
223.06275593226067
194.82442379585487
213.38910519778392
195.95012370586804
160.27729196025612
185.1703805953709
202.24651542928896
195.47392392249023
208.6342730678171
225.48591852749803
216.09706868068517
214.8647471685529
206.6976670684417
226.18482972362622
207.25564829222856
209.67369180183184
218.97380527559596
223.63817650804677
234.0703266212363
183.17620902249146
205.9630101928676
208.5281668017836
175.3423465929579
189.31490513224006
171.63401996941496
167.42168324072702
174.3547531943967
198.8639321404435
194.28753526055223
220.14107575935066
235.07327838338222
211.48680246884115
213.67274724544714
195.57672978783972
173.6006431208623
169.13974006283908
181.4323105584834
195.90188086916638
164.29720188714776
161.06758114197373
163.45586334651034
173.09852818727197
136.74862875181282
148.06341199953278
158.52180318794663
145.03281556473127
148.73270236390374
141.8664901316672
157.87510097470715
146.87996023394993
131.34425759753393
132.990594775866
159.17401641205936
164.82925934154176
161.01900692720235
173.79239186582512
163.26620452644153
156.6596281635767
169.24794401322774
178.0145577709048
154.64299465625845
167.1960155077511
159.360261691668
135.3280764258231
153.37406829530642
150.20891386378526
162.59010886292467
174.64090104902868
157.8296418378208
147.03575849791585
151.0984562939752
185.39243165432566
167.9351488660016
176.32010427456086
205.69639688182795
214.78901895623838
227.47788430825617
205.32410984482146
219.69420898372707
200.82583139564682
213.99115516753488
209.77524670543738
217.9690589241363
213.99439721008457
208.87507583557533
189.81680644742806
220.46998700953773
232.64476728703065
226.14190172140243
230.2842827394755
233.81534129453047
212.73534309493442
235.41755088876158
214.91495377539817
192.95148680636595
207.04663726124926
215.74322891522806
210.087094042771
207.30896537722677
201.16894559128062
206.45975532611445
221.97718229311135
232.16912488797476
239.3779349167523
244.29598490553963
246.75371372012444
244.47603830257714
252.74145876144877
239.1241931115048
215.44637847788522
211.64723331989074
226.48672936051082
225.46620016880706
234.26923355178775
237.91145388259605
250.3005494530919
237.37556436426206
246.34285458779547
230.42654072787877
223.29523143323945
222.8011258383706
197.42011743959532
214.8537969936895
222.87889909288498
199.2385129607675
213.16075772476265
240.80502821097792
252.24803007720942
238.5878626600918
221.90681071441506
228.7268925851992
220.59481953695163
227.13055431184154
255.17682013332077
242.70158560960363
239.2070325429898
250.13640131278288
249.0411060210609
233.05483378860882
242.45286531417955
216.6533422328834
204.7192122931345
229.84896422220885
247.14071789966212
234.67277232689673
226.7353025028137
238.17055159246428
254.76591976181595
257.8236255902851
246.0731328846706
274.9143142413101
280.6664852983409
265.2835080324097
278.70528371801987
280.3146713390572
286.08551642039515
298.12495836051926
271.6991128069515
282.72575687641313
245.76329581857155
249.10373053259468
246.16091380755
249.1045778772071
247.90004660843886
249.84494543413462
254.07960912678135
232.07375595192516
232.0931650951524
240.98436416021985
245.89178468804997
254.52223281298845
254.88879922039555
256.1239229417082
279.1008327654433
276.50129525292743
238.6292234449249
282.98439577885586
271.77173933558043
244.4180657920684
252.5598139884527
240.56593122952907
253.07716733272449
263.0692789964675
249.01906984639692
246.2854270532691
247.38595153205938
256.8349876109682
281.5988129196628
249.49616062334337
253.3511231127753
242.4175431359415
242.52767673737128
233.2836944978219
224.57750049936945
240.4135695242208
218.44514994868823
228.72325558493492
231.30051513178864
237.9221988271411
266.3810410032659
262.09594006121387
272.87206660319896
257.6259291704952
221.4478540650848
241.14229111900153
244.66758101516055
266.74658644739225
261.3007096983776
265.63471070885385
255.15661889489402
268.8847917910641
277.10484596167254
274.5899941659039
290.5121074417392
263.49554614901393
280.15158373569193
259.02622050796066
271.991878435604
276.677998516341
280.83839462956746
286.99554755070267
287.74501882451824
288.4976800051839
280.3784114818724
292.01332489916047
292.964601530961
292.0986133297015
288.19508275882146
283.8755436496982
283.56737721251966
281.62276338107506
290.4094693667132
294.24251386731646
296.9957767600188
292.5133524271177
292.85090204602596
294.03554189499476
291.1941423736684
287.8222043438312
286.3171401678664
286.69483700423996
287.7999139971856
295.9798253265282
295.9742318198518
302.41442898618686
302.75367709100135
304.1016015615342
308.06159542222014
301.92347918236237
299.6301452653926
304.0035755417243
300.36712774602296
300.1887689390067
300.2452897215622
295.46990464957275
290.62721934834934
294.11445595234125
292.405821337622
289.2078436639765
297.6795020826715
295.8092081175855
299.24713204623464
301.38184550602847
302.04106303105743
300.5357784919961
301.1995233141674
302.5646548690377
299.3748759784551
303.59076609353366
302.1357454114417
302.8752144968157
305.0737090271553
301.7387293939468
299.9041350037132
289.3779541134138
303.08716638769783
304.14570143487583
303.42081538443233
303.44560557383875
300.11734897647375
299.11545526669306
302.9643041076332
312.58805655099275
306.0048158808074
306.3756627605394
302.351665676283
296.3590757790253
293.66524475771877
288.1251429024155
290.73656478925716
287.42889861893457
284.38940402644664
288.04979033136993
289.7981987164469
280.90725676862786
288.03625153909303
290.7117037005424
286.1035730570127
289.3698336460089
291.1828276350027
293.2193662231974
283.7940982177303
285.2524387969432
285.60913082882894
284.7272285609276
285.17399027562027
289.0370916280528
285.33399874908577
283.9777029276597
282.55965322213785
283.73326910633523
285.88758067275626
289.7944314895089
280.886355018142
288.13209405962334
290.6705188651215
289.332500947798
286.90249606216423
287.109245933881
295.648587073108
296.2761079297675
291.3374760642841
294.5958156338122
296.69710885484784
294.62756365337253
292.0968692905968
295.1964439865601
289.94156867678106
288.01905877169565
284.93407208893836
295.8801465205756
282.597300442126
283.1632932084521
277.20099053581697
272.99364650874423
278.0751953577688
283.8764856418434
277.4674737669761
283.72763836601086
275.0989295916359
285.76866940805047
283.70365992521994
286.32897723405836
292.21015197450953
298.2589805458119
296.51634978607285
302.83041265835806
292.03125897396984
288.8208574314976
299.5263203624484
299.1847144341522
298.293656406085
295.9864847394618
294.95954179264544
289.9237443620663
297.9230427497732
293.75659698714924
290.2708405063576
293.21429199603955
287.69788744595974
292.33845822025245
297.07215350829375
294.1612149969637
299.84761865764085
292.06116254912376
298.21770473435123
298.9120296343218
291.30374949228764
294.22513301787154
287.51598884790906
285.67124795099585
291.17891759711085
287.0395509840141
295.5364356039043
290.35447320204884
295.3695183269612
295.629384943919
302.59606037965654
299.215017762966
311.0049704031548
310.10596905690915
311.2619955516868
308.6618063366796
306.7704612287081
295.5263957922083
296.8976626017557
294.5306962853652
293.83570993029264
289.4293056885099
294.470158142209
288.00392544619893
301.37852786633135
293.94309574209785
281.5485863889915
281.56695225429326
276.13184248437074
286.6533832291777
288.20498934204653
288.15167587468693
291.09594027260135
282.77031151242
285.65801203996267
289.8094080713582
273.21936482610977
286.5360891192855
268.8205125876545
267.37026280741884
274.3324552424768
261.365258365346
266.6583732219437
256.1074571939477
261.19627471618145
277.1780226706498
277.85275319490097
285.98444229553496
282.4312460349524
284.19552835438174
288.03280745210617
294.8619266566399
302.10414280116714
299.7007665844881
296.24408285909675
300.298715996617
297.12587312586936
305.35953270581655
300.9879805878583
293.04142803617384
284.9620416557144
288.41414929594026
295.0005377412028
292.0810877723748
293.99180727121853
297.36098858573547
288.0284916285866
282.20134916119457
281.50537808155525
284.96824139871296
284.50994697782585
273.2614271530644
276.34348061010695
277.2257497126241
280.6123504904722
274.1558745621999
290.5181511641465
283.6610886668233
281.0238213965263
280.56309745693375
269.5379250130968
276.38386323341217
294.7650341635488
269.83245661258326
266.445480652411
214.88321255539648
244.85289496409595
242.7444449039037
203.64454416629113
240.73735188400553
234.8725492053503
245.17890457451455
242.34514476112417
222.60727818382907
217.8563090102979
237.74998103714458
223.78324755803393
211.89646967177796
211.37212625622934
217.89053584937182
201.0977857411711
217.4151451479856
233.92990325976837
218.5622383181541
221.3500005526558
211.41770059619307
213.73522364948374
204.6618696143313
230.7762425091922
233.09363762614865
228.16680103385653
209.90182058712216
204.22504990206812
165.06485042543213
168.13944921587938
173.27036530151446
163.74292165825509
163.13408123974168
167.2802516372476
168.01182699431254
179.06417893486503
162.2460123919475
179.17714309229666
163.09448877883023
193.95210803804275
188.4972107059811
195.6278920581219
170.43016057596657
204.3817640071094
183.23207250875484
207.26424197637917
223.272591133671
224.8935185930851
211.59010395907384
208.02122611783966
195.29067656652197
200.6692673964827
200.23143266555698
189.34926655567682
208.6997337683687
191.2160286149568
201.59338306020558
209.69760074426605
220.89443146997718
209.84027511859463
198.61334882070577
219.92543630040788
222.8619067825751
224.23878747381985
235.08172274608268
217.36271800246445
205.82458427663886
218.26054929722739
234.06126330393275
233.48313253029102
231.47611403692673
227.4534856493606
233.8276722808472
227.52165406458872
214.8319561500572
207.66575122516656
218.4093702973265
193.75858922655203
229.89956886503182
213.51400984205526
208.05663941246763
220.62619525997815
192.4359720675518
176.58490347069394
200.48810452894847
211.19149344008773
201.0403792602831
219.5170532448721
211.23639777230022
199.99098858682203
179.02992747807133
185.834885792198
179.98748844531733
171.72553134184895
162.1842160263543
187.71026324348108
173.30294069730633
168.9519552911229
171.8311535930909
206.37263487486837
190.15594537484895
180.0069169039033
181.52525188778387
166.81761733254226
165.05334430359065
150.80541601155014
128.17921362146623
141.0954852977874
152.01109729625168
153.76213823394158
140.22285391474813
124.77712232921601
132.64504886001603
137.25189423531822
135.15240975413258
145.6333689203714
145.37190330956787
120.54606977810649
139.78694312223814
116.90980750155951
121.49290935245669
119.78864520231501
124.56504520079253
112.54622725339598
134.71121075000335
122.42177403044548
108.99673295635374
116.5988055552414
128.33031792488094
126.45846854092146
109.49258834810578
108.5140958647402
125.31214555178038
108.25143253938141
124.41551345619793
141.62883472132222
144.5339846701574
130.16598854295572
153.55405672322954
147.6583285901167
137.28833415702948
128.16686046548358
148.8122606878138
163.89595410660027
173.61775280381954
179.75827914184939
174.34815778273503
170.78569424239888
172.29890414438236
168.60631873211807
144.6652290812562
159.35415769303566
170.90095510323786
178.91330189456883
194.86554841008356
196.38427629907562
207.85423217983399
187.18107951883326
195.3960734206557
176.08343351053603
163.95020428386104
187.6228505014081
170.5343510326146
161.5860333306783
167.63415454750097
158.87582616797107
170.82852620047802
156.18619675699952
147.61879204665425
120.9501087379979
105.25566415116553
133.19383310268108
130.35971261706803
139.7167542216552
136.94655298539502
119.95989140553644
125.2422484995862
135.63933161012042
138.37100099868448
138.51936988599644
133.91716538815587
129.68538914837603
134.79024981362153
145.24078596188042
155.35481110007544
137.27698357620767
141.6636797183341
115.15155952388412
146.1730311117424
168.52635985431303
173.33222699944503
180.31148310726445
188.77916977021428
192.3786405507815
198.90318504772353
192.96060679554415
195.36208858445903
176.552911247956
172.0256984659649
173.49863556772604
155.42685992592922
132.32666875323187
102.75130512694768
122.30938858062022
99.9667048852982
126.06843884774011
115.43144816838394
128.89118487137316
148.55111874413194
162.4939903822112
173.3734438597512
196.8436930263981
194.57391244864993
193.71476382448665
197.23093526104213
170.94092444790635
180.19865162674077
179.0252913027898
190.49251637929555
209.24997639766832
196.78495492766956
197.5768038927101
193.58898419247848
194.40142805495518
210.2929672710694
191.90281452785493
178.44034409498394
184.43263724925748
173.63577580833936
165.8988235186812
159.27382859699603
179.51579466612313
168.19424635127422
180.2063030301411
189.10565911983306
180.23938907815435
184.2691169149565
205.502697529767
208.88766570590533
206.82760926029854
189.30548051894272
228.62927653632212
214.71881138147432
195.81779207400672
185.2934364242395
159.75449414961423
172.57133976421062
175.42547064898523
177.31418617448983
185.56691719865609
164.45455086479203
170.38512518217195
177.52360120353035
166.37654060167029
163.86385566575987
173.74980251984422
176.90962962985677
199.43665391548524
196.3007242649569
194.32174688101327
195.2404873045773
193.2914226266721
193.55458511774904
225.95665243575633
220.7615902444563
219.73311839175224
223.5407805847655
248.59989293722552
228.86121818667496
249.35425628907748
234.51988680766885
223.39778555102467
224.85193819182393
240.29197247100637
215.27882720729954
234.89894308960663
239.02904030480263
235.62094085690032
234.63471018387474
218.23876409635986
214.51808945055564
213.595532983587
214.99575184742625
221.27702074423888
246.38897899614884
238.87692894835305
224.1983897410469
217.41533291129048
233.1876388601731
228.64254424897493
207.50393555119527
217.74928673778203
232.39141545169397
228.7442981409657
242.62804365168137
243.20933276359628
229.39184612896088
246.26326111091367
220.66913977704104
243.66426505307584
241.53882420812332
273.4080883432168
261.34784765177073
274.95639114945385
261.18011502406273
273.2220262819141
273.89967412342577
279.4428120856946
267.40507547951404
278.47877467115455
261.9702066462961
275.38646221501756
282.03323112235887
285.3004800760731
285.7587442646878
295.81451818095206
283.4824828134402
276.9537641781614
284.0226815736719
275.6842595199377
277.66763323232607
270.9797909514003
276.2407753246114
265.12635678437397
265.15836478250924
283.90552687441334
274.3065775671416
287.13672859707765
281.5056974300632
276.18467926999915
283.04199944371965
283.08886961883053
284.73754839488527
288.6554597911874
291.9834936872829
297.60386399373493
300.359565313611
295.7902308086882
300.43723684962015
297.37229220732064
299.02139916429667
300.21087418957677
302.96422021513695
291.4465327442911
316.190122408085
300.57060888848355
309.5763816009951
311.3284923378417
321.3223848964999
321.2317152260824
314.0224586951331
324.6928903718984
318.65844220405086
321.12006215520097
320.4779272943943
318.1331819297173
314.8384810462482
318.56028015068983
313.1905706393041
315.6018618417387
306.4273520779707
314.64597905170905
315.5683421483107
317.55092668390466
317.71377242633065
299.51738424918443
298.0261698763764
293.7410883493805
295.1747872472982
296.30826351970586
287.8505948202161
282.79387537813886
286.0790395600773
282.0241923920424
281.70818698112544
284.8309791497162
276.60260949370496
288.4377274044484
287.8259178718027
293.2780913072958
290.27618939182895
291.69789451454767
280.4079148770764
285.6885253997385
286.6169814401176
289.2709270420615
292.09442825505835
290.40090712004263
280.2112494391523
279.839865751694
277.09712915029894
284.23000009028954
275.478747996727
285.07474068364417
238.7235471994973
258.06839106454913
266.62072003716946
275.2223674273628
245.9733358441251
288.1214282351354
260.010941386535
283.2304700355298
280.0804101832402
293.1977962504437
306.1563235194796
265.32089951339907
240.099207558145
236.9817957650317
242.79443366719914
232.95374689647835
239.08165496153265
222.84472992962736
256.03383480226796
243.14443993297948
256.92061408010073
260.53946645303733
255.77417937772802
257.9433794406306
256.389495059698
276.7752611075059
243.28894275544258
256.27136869881974
260.7662096751069
282.3328378563387
289.7173064620119
282.4510945552054
287.2425751217132
259.2923357543885
252.1098246699721
231.17357541500647
261.99051596990864
245.72454174032683
234.682765398761
247.71274529835165
237.5639763865155
247.71458089957525
212.98604776193943
190.3833406386566
208.77659144559172
210.12428909652505
182.2821652557906
184.68168064728093
170.38580375418067
160.3700394567794
149.90343111169216
147.9018100892008
152.05375517548444
169.36496042919094
157.36318236780878
185.71619633576933
177.17710506784258
172.42442163497526
172.6758041972213
166.03742012839353
145.00267483477444
149.38387854745335
133.65540391177348
152.61171335555366
137.88513578572034
131.4779746391772
134.27948667998425
121.33247070676002
134.99836268056478
121.51685670930038
117.58726947303464
126.07925012734624
159.0918598546247
156.6904885373084
193.12593568478485
178.34201536356173
172.85604390992307
183.85363886921485
189.76775455327046
197.9656171803352
168.5029871401699
188.93726767359755
197.18109603596
212.828366046542
176.67063372853482
170.43121755565488
154.7067467608827
147.9629204809216
139.32090139212775
119.09426858272035
115.58545354468495
104.04015164607871
122.93344783335357
105.42868153125309
120.95723911384687
122.44710216049307
115.17469356937842
110.84866122078736
103.88425952662253
102.53385323885286
117.67324316667036
113.86247567002535
109.97405573757219
126.8862928427403
112.94909126073445
114.05889019998835
87.15510859383524
102.76355909919654
92.51966389474259
111.3333934035195
120.62711743073216
124.38616413098347
142.49038826050483
159.6206564855651
162.0597988848021
145.92685899926275
159.64077268947932
170.66768495793715
163.90071550196436
151.95633927323252
118.9767815697709
119.82899395416814
97.37578081498319
104.88669882249289
110.06936555386058
90.9156810090773
111.30189409766527
105.06454407891084
125.86007250023218
135.11189944122668
145.67809046456165
151.6867001576682
124.78784303607904
111.50436353866294
99.52210659320264
120.589310647778
107.16920876408203
98.80791127971685
115.51355987117933
119.24481346641522
112.79358681687435
94.41279258692259
121.99095549764877
128.08720372903596
138.1889625975446
123.19385681946264
134.39873829322704
124.51055055331516
111.63738452685755
117.33325349502279
129.20411706152032
144.20557101223005
162.73672046231346
165.85439089699372
145.9331505753583
142.49595801216324
142.0749669944737
126.78028032814639
144.24982831278533
140.2028992044808
147.61391792550793
145.01282887767508
146.905145575971
158.46841182773093
156.7040902416797
154.20950209673066
159.84643660396887
164.91129518063138
168.72166716595083
158.68718906361278
160.04592864141875
159.51060947002213
127.6169506378465
167.46807523713525
168.33401000122447
150.7579175128009
137.26182635068287
124.07294230622136
142.75228993252455
140.55765617958036
160.06145399802094
148.57046180773702
144.44319641225405
158.35596667407316
153.05935556859714
164.4202912316814
159.55149348706337
172.4267299274928
166.88554046515742
154.48733830601347
113.02034395283842
133.7813511394345
139.0290271826304
137.6110970243758
136.00276735945022
158.47173584520462
142.8998696893833
150.58409679499889
130.63272809633816
147.72326002851565
154.69361298919094
142.2171713164516
135.10942676251628
136.1806215822658
138.02301708418756
141.38110736780487
166.40214639045834
169.56799422104461
168.00007858840954
181.84148132449928
179.66347191879777
195.62510917249142
187.04002888652016
197.58248958918185
184.939922925675
186.70647314547926
208.46857993176593
245.8390842469411
248.7952050312355
241.12896019584997
244.77674505963586
249.8925839307699
266.92248144289084
289.66027721250356
290.19181830861976
288.3685187286175
295.4842312758614
269.09396790475114
291.8267400843542
310.65028543142074
311.4608094913485
307.63079633676193
306.52758698073177
305.70020012549276
293.52436672522475
306.99767543150983
306.77095048089336
301.8918847893967
310.3601657959167
280.7709539036285
283.79552436847143
304.67276443063554
300.4573436581308
285.27596586916036
302.7984786321684
308.4837805962798
289.17453501543025
243.98687453618268
221.3036707289203
266.34676358470705
288.78012582242076
297.098447449829
298.65589748360634
302.717289594052
304.36016926814807
306.8079834488564
299.4694670111824
305.68991170686974
301.9517771406207
301.7940951226101
308.03589496167615
314.1488750383633
312.4047352059229
306.6518999496729
301.01891225531074
307.5077623392091
294.2248705103256
299.8385551454212
291.28850001410393
278.6264843447044
271.2401930492791
288.79861581997994
290.50486871307766
291.8134384810292
291.07588114790974
291.7997056633329
286.6076031361618
288.93174468871706
307.6205439743937
310.13986463960964
303.40644327618367
312.2744353175582
315.3126831506659
314.8442646018234
323.4850712559973
325.5483875479927
318.54488980269565
313.26365733964883
318.9908023107731
310.31813767383716
305.2625861225351
306.61323817182796
305.7697148105922
306.5400012330286
300.3730881741966
306.2943201857524
309.27993479706623
308.6960320647672
315.63134125135394
318.12924205157356
313.0038021137362
319.1418608906862
314.9562132358157
311.6652792339166
309.0316901739739
315.28344009228715
307.2671490889559
316.7854212196972
313.77337242458987
314.600190122207
322.5531146433899
316.34426103829446
316.5138696622816
320.90250269909694
323.2536592465174
317.8306104314208
310.4007039753859
304.0762145351675
304.90214348490514
302.86580032881017
307.49740480197073
306.7424428868987
312.3117495236141
304.3773547474157
309.14329439380816
306.0984018981352
303.74573547370534
310.36746580344055
312.25841668935107
313.4406756123127
315.796716348943
310.4614838050597
309.60247878430187
309.39993292512656
312.330149920399
305.9325434529686
308.64538811797615
312.16858196412784
316.6027020580632
315.4792669681525
310.4482965656155
305.42328078613036
300.86711373269986
304.48798851416126
306.19518315089437
302.6308298881138
302.43189535292345
306.4424534650398
302.36483167077654
304.0476788659515
307.05261600636703
313.26813130171
303.7043358960236
300.1855398253171
303.8586372788011
301.3287465674106
303.51344298905707
308.4721879822804
307.207493406175
311.71724146059006
307.1362694860154
307.70408620841204
308.50968587644707
306.990061086288
309.9554907258472
309.16566580800827
312.1337165659625
310.6829307873637
309.7505654813023
308.76013551449535
301.88779640634755
311.9981910021122
314.83205102918197
309.14182746373507
305.77004584117043
308.37126103683016
305.77045786126973
303.7553640539494
303.66648934527086
306.19559682740226
309.9376875624438
309.60063270882273
301.26960114460616
312.3908667092649
313.26565302598976
311.211093855099
306.84835389541445
304.9690279341714
301.2536600896308
299.3555718080978
292.31394851541836
290.7348478468567
287.9962552483599
285.74499105723976
284.5124051332251
286.3095286688692
285.2166141490623
292.8753854459384
299.5931008744424
304.01843277754756
309.0076259513693
324.92639849435074
314.7829203234309
310.2864859837002
317.7620649491595
313.29236040801163
314.426894940808
308.7279954577907
309.9455282392891
309.2586125583315
312.1923490189337
313.42865198835153
313.46723620961484
310.9254288150275
313.6312105173953
310.80483492157686
307.68004744600114
301.6503323255962
304.56184557632355
302.29196329669037
306.9115316724839
309.4758168232576
314.5062894433834
314.98592610462333
308.0815229383627
304.3824655904798
300.68008402817276
308.4653146628795
307.74417506148654
316.2866179216551
315.34342884039523
317.78502057901056
322.34746210675786
316.8427156770251
315.449685047498
317.39995201199963
311.0242164155485
308.80275787032474
300.2088897094233
302.8350176024538
301.511087543863
304.2740189913242
297.03975117434726
300.53226872704516
299.87625012073914
296.0865763649387
295.23872235198604
292.80624203679196
307.0975070532284
303.6266610525339
305.1865907896071
301.1731580932845
300.2695398140931
287.25090534890023
289.3964409517477
286.140589050112
288.34007412868567
290.86953365620406
286.43299390849353
281.96913476990085
292.56634134080247
293.7179214206858
294.91680550783275
296.5763478627148
296.6010689813912
296.9027022724529
296.08617402875495
294.4883048051436
292.39481488274424
290.6415512916189
289.75809016703334
291.16389487938244
290.3464182658393
296.6819573497319
286.66285863169986
288.2344155367469
287.8371381884056
288.89925032127485
291.2005891221547
288.4688788350989
295.925447456116
300.118978592915
302.6024394363379
301.009661263976
304.4916468741128
302.11494895644967
300.9532734828992
305.09624013868734
305.06994767995803
304.81769901315965
304.6628729124029
304.22000018088727
298.80025086008425
300.86299254542683
300.4910325319709
295.85600901006444
297.6340567753783
298.8147103468022
300.97618874853924
301.90551519744923
305.3187977635606
298.8995163024423
295.09764007364896
295.6832293772087
301.69373492220075
302.09305212633376
298.0639548465991
294.66328970330306
299.90700926180403
302.39177358986854
301.5127053206489
310.7147143263112
308.13553914878725
305.07921751932486
308.84155211334735
309.37511647111273
305.10084340584694
306.50152152098207
303.4448017868617
303.0501848705489
296.45484526319865
300.9406429374203
305.02510132591937
304.5428867381694
293.73186628215393
296.98826609331934
299.6058249328085
301.3519725309214
306.3441847944656
306.13359446279935
309.5388794386069
301.0558253793761
298.10504391494237
298.1636659898509
299.44870399103354
302.00155518670704
295.69279630340634
300.31572887900165
294.7181270235744
297.39754769107776
298.3537642346021
295.5040423125805
299.6104135121155
298.19589941726804
298.5022115245707
293.09585783076335
293.4486687888728
295.34462229526383
293.8722420473373
295.1487032733291
298.3137849124684
296.29478753604417
297.55125385085523
294.07510956280777
298.3516424144744
303.0060711925722
298.72172391631227
301.3631021189619
293.76650385709036
297.6773240554833
298.4190798305413
300.3807787767739
300.3148085504921
303.9708089971288
302.65141339284344
294.7113003352027
301.482805226053
298.8721777524321
295.2660583356265
292.63867599785857
291.91595654169294
290.373933067476
289.97927865324715
292.5840698798063
294.009223449658
293.33564841478454
302.5631720017614
301.9687019105009
298.66653327558015
298.77880316872444
303.9093283914788
305.03538919211644
305.59675139094463
304.6400652147588
298.471169438402
298.3346050394305
292.4937668497992
289.0673465842295
292.72821452901957
292.5401145063814
288.5554591393865
296.7066832786002
293.113267035111
296.1517389761809
289.1704869720152
284.1322541150626
286.65759371910895
286.007491188051
287.38949098452275
287.1993045610325
286.17375238420107
284.49127667070724
279.9662327351134
277.8530295902569
278.45245897922473
281.1800925211175
276.51397059419503
278.79462266334747
277.72487132967024
283.3772145380394
288.977125325795
295.09414520042765
295.9327026529465
300.4041214462632
310.5587459805329
310.15658194336413
311.70500842717485
314.34550251766416
317.5530507058838
316.5741797977775
322.3692586012519
323.9917758250679
316.3316083424453
316.02455366988676
314.9128380257396
316.6515827642761
318.73286880870484
318.07714490037534
320.9155303001694
320.4785978317162
315.59124404130625
313.4772031176979
306.08182043572657
305.88517114754114
305.8082900647953
301.4380590595874
298.0854344313514
296.24994816436475
302.74312483251174
305.7787103107018
307.77941892963923
309.8625245270383
306.662033341869
307.29679837729225
306.5908221851281
309.74305386733295
307.9596598852018
308.4534362736121
307.72842661193215
307.95968677347264
306.88356366063
305.44940962554125
300.21646668389417
299.6928968483097
298.9943592837601
300.67367302047285
301.2580445834251
303.66317072552323
299.38413169500234
307.01185123386307
309.75803478828976
318.54265159961653
313.6594820922713
304.8697176049911
297.0876200368329
299.0389483108355
295.6105935694224
297.2794125593375
295.8496876067152
298.49105459632005
300.8001908434522
297.95897689170215
297.4376433219883
296.6265026321619
294.83105295604764
294.78645416956863
293.0731844370204
299.9736232054424
300.5082965234527
297.5968953764975
297.97379267141565
293.9540836963056
300.91491203249814
292.30742892293796
293.643027576447
299.2168594377494
299.99238692181825
297.18268080086466
298.83671726162885
304.07266583671793
304.9577395456826
306.01521611384703
314.8752175810628
306.8563453277708
304.53182345440723
310.58994773362735
308.2175040836071
305.7561314966187
294.80891778301094
295.29927065950125
298.13462019562104
298.13319211678237
295.35033740978724
292.48763938436264
289.5007145387112
286.24458243673564
284.07058440942035
283.18760942467424
291.4447752535487
273.7350230210466
283.79956661340105
282.16938358164896
292.57031105222393
285.90376724041084
286.5105431745202
286.04318602358114
287.41076268013705
287.3031500488453
284.93084396261753
292.63362235185673
288.9336122389485
288.17551417404394
289.1475301275879
282.003927988799
284.7423453518799
286.35560122714935
285.4865453494593
287.5783389107139
282.68735893624074
284.6346591502247
284.8396516035471
282.62566825720114
282.0690430485431
288.8097366122995
292.6746613213325
290.29404702312536
289.4253968309905
292.8854039209273
287.9460043814348
290.9665539247938
284.0552204332829
276.8310395231316
289.58810452844574
291.1227598737855
283.1391485320176
287.38909186974024
285.912076482345
292.96037974489667
296.73105277492385
295.7706520481662
291.07439970184765
291.3207622307157
290.17682195847766
291.99761661660574
287.0467906067226
291.40566137193986
290.3077611801398
288.3816823436218
289.05867668792666
255.85769411290295
271.9726692979305
279.7604321388263
280.6370552691273
289.76094904741217
291.65371337352167
297.07365245253175
292.28415909280096
294.15011720245457
300.25600973450145
296.078239743196
300.4246898356517
299.3096553574038
299.17471878331975
303.8733374537156
302.2356669303632
304.4698648783472
305.9776105947094
295.72750347840326
295.0964965323022
298.1943016161337
295.4619679754793
293.0561707967521
289.4611940177088
296.4830757698166
294.0257864433113
293.95249084017155
298.1462442882346
292.51415514490344
300.70005560013317
297.0393091890666
304.6422589595986
304.8362276811186
300.9076011523399
300.7109606998803
296.56021745373397
294.968687248167
305.99153288751364
291.04251496768813
293.442090205833
274.4393784252835
282.6047995279035
283.3997843833121
289.53264532859026
295.2545365193293
294.82724036334105
298.06424259265606
302.6744845368228
308.68718239434844
312.12167823214526
315.84678664370364
309.4756436352059
314.01068796674707
308.6272352277636
311.4197536340397
309.35027775352336
303.5775622519544
299.84402211478357
296.3112231287605
300.55103690566824
293.0291654782561
284.8725426908652
290.32074206312285
288.2832237548259
288.85510149834425
289.43348213899793
288.2205428454009
291.6264873317869
291.2007452514921
291.20621472896846
293.19043245095025
277.43658552500005
284.4457005172055
283.92261463766147
290.818263390762
285.4295820669501
279.9109622839505
288.04678751786287
281.5208313291676
277.8056683126682
278.2332348973662
275.72449301996
277.2181149150006
278.66731757301386
278.6185817874215
281.9620663180939
271.91901627920487
276.00057072678277
275.28598298469973
276.009310472029
273.5573445982834
280.7102592814039
274.43497773819234
279.04355177144856
282.7956168813951
282.7160398153131
281.59175213084666
284.8342422164128
281.4624718167317
284.07964996703066
288.9161378178304
288.0938134083665
278.8628946815854
273.08994937965986
284.72722453114426
272.3351756640701
279.84283853857454
280.3779436933789
284.72792813261935
282.1374320775174
287.29357758404217
288.58522077705425
286.8106207216469
285.16519746627944
290.1004569089077
275.72252384175994
274.2059059287501
298.06689834108045
269.16101305571607
241.35548539679456
226.18081418220652
253.24800554918167
265.1173784944828
247.19246165080358
239.83254202127824
270.92939218750547
270.7628565039682
263.27546968396393
278.7367408314707
283.43379468797923
292.8933268428531
298.5802551235801
302.84119590096816
304.8167484908192
307.03897093483897
306.03387286064407
303.6118883031385
302.19386970852895
302.46464371769554
297.6687274921346
298.94615405466993
308.7160824661034
310.82000800156976
322.26961650845635
329.69155855674404
322.73146842545185
327.7302960949051
314.707540450876
311.0208407084399
316.2501917826422
314.8769687043558
321.08231766127125
318.65069193965786
320.7018568627528
321.1482062748251
322.00311147733134
318.4558016262669
323.54936073609974
318.51201708020136
321.09871293750564
316.423072069915
323.04055764535207
326.6196465825685
329.6366138022321
333.40452315719045
336.5813918142723
323.2581535533784
326.7393447074857
324.268100454782
332.16977391697816
330.506547417881
328.37237975147906
329.50633916468087
328.28007405514245
323.4530937953231
323.00274154491143
320.4029908259306
317.04722872327636
313.92553682126044
311.0281449652745
309.900933528846
313.74819622356705
307.96722644401467
307.370348904024
307.4334683246569
309.18623982419194
311.97406756212655
296.6926762556059
297.8816315657696
306.66607888637327
307.60681703418703
307.60241635738214
311.1402829052832
310.9713117597378
308.72063817799693
299.68093175855967
301.9734521051471
302.9893619709484
305.07162633472956
300.51580250019174
311.9381479438911
310.9900440720186
302.8262914527803
303.738711503748
303.5088470859009
306.566369198001
304.2413269256424
301.69848870600464
302.64606028424805
302.08703270580804
306.9891996121531
308.5200307210203
309.74656952322505
310.5881301384126
312.44748013118505
307.36045490369463
307.79304462880464
311.26827388299415
306.8677330643638
304.0598368411927
302.88417636163496
302.21831084011956
301.461376799201
291.2056306790369
286.3024561012461
293.52669260185496
292.79971894515245
293.2449984969217
293.8408168243262
293.21195158263845
294.23189411517006
290.6140629839767
293.4229334610466
291.8067840558442
291.35521629175315
295.3419075181872
296.16018188055716
304.87910151857375
299.9025277868048
308.4802264588345
300.77259873392217
290.3314357908535
295.79080159810707
291.58757567308294
299.1163074318552
293.8297991528979
295.58929046787034
296.0436988732184
287.4030001830744
287.81580871316083
279.9779075863475
271.9775755420252
278.61256966484365
281.23213251300507
286.96501077867805
289.18313796419034
287.8555611805979
285.61632139235803
289.6831094552703
288.70699864028677
293.0568790898206
290.39494654805236
288.32904080506506
285.45533105560764
286.8683507074075
290.5139690029028
293.9036421618848
293.91161334502823
289.4690338202524
291.7528630483435
295.6946150810996
294.19867541056294
293.11691906171126
292.40856546788405
296.0627024635215
309.04391448496744
305.9711086152168
303.46187107470655
298.32076529901946
297.4713465367428
297.602299224102
290.481104712142
288.6228958763943
290.78902357685155
296.91675092296464
287.9383169601016
303.49502626732084
299.7156701364943
300.93759469316535
304.28725274295203
307.1376274143581
309.51008381424305
310.43101250888924
307.2219937671559
306.15398265407345
308.8303500140722
315.8948398350305
314.3039709726102
319.6215412686404
318.2661525928151
316.00359239741124
313.9988404233425
311.2866925592075
314.08617466798626
309.0435708744139
311.96539211279327
306.42852575630394
306.2711196203811
306.2475689684698
304.120287657558
304.83154322590605
298.4848628197586
300.9731044886599
304.40711452164544
301.02550933996014
302.2762894444863
302.51819257058503
295.97655056225244
303.18786555268883
298.85970971794785
290.81324298475386
295.6779811845952
296.4530416559168
297.9201842495968
298.8168202925883
296.46708942960174
303.931420228814
303.43991424696054
307.9696573577452
290.6694215338424
291.1316599891144
293.6806544815299
297.4621555633526
295.8423531094324
296.3532465239276
280.8466316853024
293.86559924334307
292.00202750485937
291.87892942249454
267.37952847563076
285.7634248068978
263.5465271056256
280.0325902811913
272.37164629558686
263.98005614044575
246.47946057727808
246.963936550161
233.52663173939698
212.1328700319768
222.32169111864172
232.12373260002968
225.07248939233662
217.43309745609525
187.86388592196553
186.6781502001005
196.5853328709672
210.3572837493095
185.15791001497695
212.65022423505687
236.3715192875422
219.71430102526332
223.12661072066004
211.58308218649648
180.10440305889463
215.89740204876264
201.9757791450238
205.99123624814462
228.40891628567948
251.0679683220118
250.9327874691802
241.28418580078144
274.562262273715
259.3716497479721
249.60964154007016
256.8977736504489
233.7106085433727
247.17497442932722
259.21602745000814
224.23520405634162
237.86816847012898
236.86560187908657
227.6297179694664
235.5025401848524
235.59394921823485
208.18490910179366
238.15461824926462
224.66741837259312
201.8386038202496
209.31954848311042
221.50584538947314
200.24908849410977
210.3210569019948
217.0408087367765
209.91020838400325
207.71122726352354
197.92294750561373
230.30491052847125
237.31552232972865
222.69445791611767
239.98678941690773
229.52422899761655
210.57827989286113
208.64513992280277
200.62309072243534
218.2600644663696
237.28004028580037
218.6281552771187
231.00727528810955
227.46718141110702
239.67196487382162
227.32171094554528
239.8316465410047
245.85482092767475
251.65498458570153
250.6369196002892
241.20876707131018
250.24325391956972
241.45391009527492
255.95719213376938
277.20496938917734
282.51378275412463
273.9013435037719
262.29794995421895
283.48625214181465
280.3168047953608
279.9702273429826
282.94441181335014
281.5795858084531
286.521943882285
285.7929034356597
289.33047990149066
285.0841454891107
276.7734023860455
276.910664478181
278.5566512464521
279.3471394965241
288.69378902532833
292.03597237780787
284.5279987306302
296.0299374868654
297.1471674201346
296.1119461168023
295.69450046739473
298.41916782794453
294.9432484379266
293.99934578865384
303.59433673786856
298.1444037313955
298.2093343053685
290.74229569971783
296.9079628090217
294.22527332665595
273.54927105121925
252.47915920957524
254.30703466258012
245.32418230356242
268.14754544292384
268.4107901133827
271.27702056480115
284.821824083348
261.06544614262015
270.4456683407178
280.1642091547902
275.62611739022685
268.70035261599327
287.637837323258
268.1438792461647
262.8924227769951
260.9403635046193
241.02064822969112
216.9852685126119
216.4470595693371
231.98719664063822
241.44714566329233
213.67999384904286
242.18774203624983
211.0791204702141
214.7366407706875
235.70193405360405
224.00508783141333
232.46171275195488
224.0679510424824
214.9150860493249
205.15558243959586
240.93317494756266
223.07503901441368
251.97175102043968
262.2861113664843
265.1752535545442
278.4469812913955
257.83060938778954
259.55883471198615
279.9242123962697
266.25500589060215
275.639479977336
266.2977460595317
266.13650446916677
255.3875126901521
272.5847356398793
270.347695207154
284.0658455981793
266.31535706518
256.9290788042292
255.49970070289456
253.76426831447642
223.5588883004721
215.73359082754135
213.87565486704116
215.93243274940534
194.55726851092953
194.21677830532752
173.359587893034
167.1843915578095
153.6915065293009
167.31959563317105
198.68894587481262
199.40482180756845
187.90905601204173
180.92219763712325
176.6032522598828
175.1268284457093
165.76310781981726
162.6101933698414
153.5228021510252
144.85511880934382
146.803283399079
138.93937522108845
126.31787419833884
162.17599858080766
158.0456653551894
152.47087105458232
129.54349173746587
121.79493773589785
142.85724545099978
126.23403556732428
122.80605811486285
129.06019933084937
152.00654119357654
172.99047702559108
132.50114080437845
142.38744433888712
138.42151768530854
110.02681803920261
89.3740578346528
119.619245599226
126.12312589986446
117.41496432487327
133.75684599535293
154.73518998015197
147.2921956444579
166.67461736174596
161.70501268001107
159.4782024905769
186.67290752827816
191.39804906447674
171.04083178439424
173.37859647422763
146.898775350286
157.4088986559984
147.7793908909095
133.93012842579077
142.98955765989217
133.87388933032386
143.57213176477336
157.6061430840784
154.06970089833607
153.15274200320977
146.1790110817886
156.10610011378571
165.18398029747675
164.2766494900172
149.75991870721117
144.33614326811832
158.6701639464721
158.79309962670393
167.68942589317803
172.0823196657693
173.36489492761643
163.35030222385902
160.18910420015175
138.75270180772276
128.6028060311934
150.07488112585017
108.96445213816152
130.70385867149562
148.32541265911956
135.28471960131765
133.4871266673698
146.02285253862243
150.6353436507855
160.52162959879584
179.30964409519976
190.04996078457484
185.16142258581687
168.19090756329126
168.47254857459026
176.848448641518
173.28565395221523
161.87122792495035
165.11127066324013
147.4286656666138
144.7767270448669
151.9950145901063
142.28909841525316
162.00979956499765
169.85701917672063
169.06601395500996
181.81143007769055
190.18229144831096
176.5965172451759
206.8579848099026
212.1266725507713
227.34386883631214
220.57802207368576
237.63812332295433
219.11243045193513
228.0656262254178
233.50361568218867
232.65090103765866
244.06310611940978
231.68370121658054
241.35675846003005
238.70822275157406
235.22860193546745
248.6296200481279
257.0237760389013
261.9027554179417
279.6094350598426
284.9730438752068
284.74625477517407
287.0385573420037
278.27407118638484
277.65211166263424
258.69292559433023
259.77883390277697
286.38689616910614
274.2112277878175
271.07777822281975
262.82415560591056
239.19995979755794
242.56271163279658
230.27219639023696
244.5292053525872
238.8189138733191
226.09508360380684
230.07038828761094
212.85428376751906
216.71787212473447
219.2653776393727
210.56314016246804
205.29049922898628
197.8662201855205
173.2145481481114
170.85667678789756
155.12468299574383
163.92184061087073
153.92126567234465
161.90060158101602
171.88919322578178
151.11243837929112
130.85133976682235
156.52917328134205
142.60841432313515
141.46852899123806
146.6111057689305
143.17655024276831
159.55926672301152
169.73194736846892
149.10678758088804
156.51010901750507
161.85538508405102
188.54403006526286
184.85061273041325
160.40492245631256
155.98096134578358
173.04138498206547
169.3260784014271
176.4687634896422
177.11835216063866
168.99711247103994
166.74140815654704
172.33220468954175
165.50193854104322
180.1484341605583
192.74046385402806
193.49838721122023
196.29252347412964
179.00223227985015
197.10341829397166
185.42786303839492
165.14711984994517
152.0417707480426
126.94960992091788
113.6940166570074
144.85157996206163
129.45688444153916
99.21181938323868
120.67322295039706
136.82032562635231
114.19642697269572
127.79986258041295
131.26976272575214
146.98997552903327
162.1476143759363
169.6859360218024
160.222742305338
144.52057696421292
145.49574740446172
156.04871681739772
139.8454989028498
143.2894845177479
125.74819212872195
112.07647535762338
103.50834033196489
116.1638334223615
116.32868410081556
137.88157627108092
129.48826595202206
130.86205772504132
118.79170181684593
114.81982966006247
139.34898015767516
132.02097141093986
155.88839937652864
133.36418699363054
127.99746376842955
100.13993334746988
127.09451749045313
137.46382779234943
136.52924477886822
146.01455336665518
139.37687434274773
148.08431874646598
147.14737967315963
121.9352716122155
110.77566134940004
123.83354945713843
133.31387239064838
143.70301158062207
142.9169037102995
127.23227104126006
159.5213797287172
150.59902947990147
158.09421433730972
155.8606353296721
132.48512904174927
120.99981792824218
128.80079269577365
109.09955574447609
101.04620359564687
128.90019698828087
128.95667609202823
160.39613177920947
163.32816928625581
152.61811111495223
162.70304708605659
164.81062574953734
167.4970888193345
167.20341967550513
162.39550734102784
172.73487094583948
177.66394529565738
183.39195191937497
184.56646389993728
201.82791903936382
218.24017604066518
201.89146268931106
198.22440390879555
207.91129778489736
225.50102071738561
217.68555672820594
230.27025951729922
238.08155413364426
236.99264313738803
256.00403454822566
272.01450644717784
264.53471695577906
280.4836007715271
281.5830997061706
279.67845978041925
287.15444896089076
277.4244762012218
279.79612138258676
278.30973029190505
282.3990276850544
255.33520368304812
274.8940341668774
257.760156006427
266.84960921076134
275.7617270520819
260.66402679889836
275.0937958423711
253.06235744956652
284.38531987940945
262.1318459771863
276.53299431483373
258.3646706769147
259.219395102896
265.4493274338487
282.26100807994817
285.08824253787355
286.9087730994384
291.1274175507282
290.41651951679506
262.38203584563547
274.26841309406984
286.49482567272014
287.4686350049803
291.92036264837594
300.3167668648744
286.8603487648967
282.7472689166042
290.39076773266396
290.3276368289025
292.4693579209739
285.07906424461225
289.67322022397093
293.5962184102654
298.325739818185
297.131081300723
296.88121942675707
296.29703328265566
299.5389818554253
298.57223087769034
288.2164436870148
292.0880939443653
288.85334767096515
288.37838645844687
284.583892370474
281.79771946951604
282.81941130459035
285.7459630399437
287.54629042416656
286.9900344881852
286.33760866005707
280.5200853418177
282.2353413339982
288.1363054546973
289.3985799614431
292.8938620281831
296.25853585058724
296.61063354019694
302.6314549535109
306.44169803345625
302.9265233239147
296.0758784832278
296.6280223948451
297.91919414654205
290.2290373177828
292.3923026537919
288.1445966391941
293.6540156155364
286.07168604543665
289.96157108381703
291.11551349326606
289.969926806153
288.283172495266
294.55124918534614
297.15870818078133
295.23592513474387
296.00839554496724
295.75395372995604
302.848994644209
303.4865386104535
303.91715278467996
299.18833631785947
298.509155822727
298.3453091081349
300.1881309624067
307.8881902589672
307.04474765780765
308.39083839263145
308.98742397441595
308.07161585071066
308.7086780583651
304.3217465407305
314.39521383096616
315.76890110911677
316.4270234558293
312.82606853631495
317.89259757297833
317.5865406565088
316.4499100834183
309.0499887849241
318.80108909931306
319.5974334594967
318.28956306970275
321.48651657498215
312.99849428367673
320.3770993305126
317.81988367558256
314.16749168084783
306.211119271306
310.2262768193988
307.2297025801224
302.09790632459124
302.6962239440066
302.85019004813375
299.6237139031806
298.93493846138796
299.80680928791907
292.10457117192976
289.084860943417
288.32436116017016
289.50083673304516
289.22818684328536
289.28860600668406
286.7091112621192
288.4505249294845
290.3204889878187
294.2744020628421
296.01903408040033
291.83458420848365
294.0857997261037
295.4219740199253
298.5388049821785
297.27626199165525
293.1540887180958
296.1475182823319
298.1451278052594
293.881683353953
295.7786635515662
287.6953863007771
288.3946238536544
284.896294296466
287.1565001337317
280.1455484593808
280.19220537644776
278.59284905923965
285.14935018866294
276.54790528492305
278.7149591011244
259.6228273738011
286.2953517840609
244.4914038106925
273.609917261501
248.18850200061266
274.4201683077571
261.71391980870965
266.6366575296461
257.82720777513396
262.18844605614294
266.21083299413044
280.6621401910923
267.3829874843418
250.01038351727422
245.71784912364734
256.37280253363565
250.41259198267565
272.20669317451836
246.36337703665853
264.96616399287115
265.4124702465233
279.8081948130661
286.99161011922996
292.87448981072396
293.9853231475397
289.95209850164
289.83320916135284
286.55640492681096
293.1189094330477
288.2196325144518
290.47431000897603
291.529257509791
294.2401756310369
291.95510920192817
286.5514980682341
276.24864816956114
278.1018345597344
281.5932296392881
296.3842445473652
272.925385753339
265.6935519745781
237.67013754574535
254.95349536305727
265.14497966442167
264.2112764698
262.5684973718286
274.881283817788
271.8922874122081
272.1056639050727
286.3159991983509
294.21996168502943
256.02574237293635
248.20390316608376
233.856908764925
216.12916069818635
251.978331195609
254.5099503023346
240.90467692746654
221.11910616745158
229.02631287679745
217.6369583821978
188.1131804873963
185.88333206200534
181.44821063285949
179.1672146134529
191.05455475726478
195.0727050217996
213.6911599904776
216.70347769438789
221.45062583713246
198.05538852326595
187.56699564887353
188.04100041923468
192.5611087362108
164.4004210934748
162.74709918183444
155.51086228328927
155.28256066111703
151.82731556726966
144.89640811966555
139.6413527331154
146.57494107709127
145.00575058196512
156.23231689458015
140.5280856756538
132.26025382240385
150.9000159318508
146.536538063109
152.39436394673993
171.94897273227247
178.68297810805876
171.2609560457982
171.34968472486503
173.9702312380819
172.35866065672678
189.441836393639
202.23777276564817
206.00341566856656
211.72497991407576
201.51625555670864
191.60755566098834
168.72095758931388
197.14998687461792
165.10254562066822
168.11994111642375
157.3523933995508
133.80521789832338
135.1193072583569
117.34849318147452
107.54981741993348
134.14469568711516
136.7962118098854
133.46933984201402
125.00437539964709
115.56138086907967
140.97053672399738
126.96525541376805
133.176216953313
132.7943615694781
121.17005662035105
136.74948782693346
136.80443121499223
165.88348782586442
188.45550611307527
168.17467400620234
162.4623831451968
171.63718328212238
183.7203928097824
176.24910014180767
182.6072573815333
169.5263939062855
160.62207322425536
168.82918759994521
164.3711263249808
156.42040369518827
164.45666357999104
163.01463235290296
164.35998242746416
151.19863321413496
161.01908863438348
171.25356551858303
171.4305769257674
177.56202722094426
179.13576591840223
206.96741961241216
197.21032687641764
206.52860872874152
200.03042126222567
218.92705334927803
186.4932390838511
190.73585203254393
197.71528460021253
181.23876302234422
210.9613961857488
188.54915490993136
189.16119154257473
188.0594055019794
219.85016953364698
256.81761658119564
258.2371207303744
276.4388225721767
299.6663662208888
280.515863506774
298.263667673659
299.99243080566004
278.3052202369767
265.370932936052
273.6751710095236
246.78359554566333
252.95517523813555
242.91208232731825
252.27357637396395
242.21815463774018
249.91126512794344
234.86042974246885
224.5046893628315
234.16807753654476
221.862274477177
208.65113633343145
204.83100240814233
218.15361880945093
246.47221434503558
245.4861448909221
253.99539800638905
265.0273146987108
270.2468331091978
258.52595690481195
265.31567514224287
268.63137011631306
270.2969047456041
264.25758876879183
261.78743317769624
263.1280359834521
257.22161839833166
254.8220865386951
258.1909213755121
262.17076554424045
267.3282307536382
249.4639870727309
277.2983315380539
239.9789222689245
250.1471144475175
255.8680795701617
271.7073825830661
270.0181079037391
286.76499510500645
271.5410029781058
258.9570255080801
259.39644464951954
270.2094366970111
226.96349632491615
226.81397688371607
215.9879330713414
219.71934235223785
223.83428649744658
210.36193865242257
188.1952755126421
200.27076337703457
177.26090465990546
211.78632542380467
204.7234580384253
196.11087667602837
195.19357371363972
195.1536610689081
198.96941513902365
175.26634271042852
163.9632317932298
182.20655928849573
164.44124366358128
145.67600761345614
140.88874537809923
139.62990291979978
140.90574660053792
137.87247890223645
138.66738627052138
130.99552480115563
139.19949306711925
130.91690130447842
142.58717307651986
144.58769051323497
129.06233053083716
109.51936222210388
119.71279691550181
103.60797791961137
121.32453545419335
129.4426825572142
114.99420401176386
117.02891944697281
117.15023561390691
101.91919429871601
124.60372602387133
128.93190938012046
153.76227541762867
111.14148505745408
92.0329806768483
111.2153378431219
103.06627995216486
125.68681657396246
112.26803796236601
103.21288785587994
127.90759103787528
114.36316645299065
131.2472584305953
140.37002508200146
143.91087542879384
163.281943827132
164.22601167476236
158.7840157084419
154.14022578696293
133.0264532966324
127.31730620476607
134.82571248408183
133.85783528354463
144.79216474230125
134.98841760824948
137.674001267791
135.50701638730519
150.56897290313583
141.23489286098783
136.9402148431397
103.75772995796704
115.61185584313607
108.68724335950706
109.32980383207908
102.7467220861698
99.81599250685514
122.59451958296869
115.18438962738996
118.75634040070787
115.02171188473926
121.36602931936834
116.90059522517403
94.38256329637103
125.66700693988896
122.99943008545627
121.30790014135985
151.09074340995755
146.093942909309
151.08732901020318
136.72129835396163
111.96333069738381
125.69514208582414
171.9551871554951
138.84027474938657
140.1386288886427
128.30672919630518
150.1680312574725
143.59444500543623
151.4513277323091
135.54932142091792
165.33539757241098
153.04425557990407
157.40271329812546
162.1542773685734
175.08363277635104
190.17676452443598
181.60237865356146
160.5050434304503
167.04208385831328
175.44161030471759
191.35471091350593
198.48979260217644
223.2715059389569
214.94660689393402
215.20674419689146
244.437115749863
222.5959108193361
231.36459262529797
204.0474381379988
198.07279776598995
201.24455683326858
218.24813014970684
221.97863567911673
202.0554490468314
195.9089358976171
188.72678086070567
187.9747831014692
200.0190667763471
193.44683499503242
181.19707242370677
182.20664490717863
187.69781253250076
160.0768902160617
157.88917931131957
163.3309673496799
187.78215696001735
184.23004264007824
190.87740836600943
190.2002771922876
170.61448710873685
211.78593704828612
199.3528005867179
191.03303758341832
196.10922001451166
186.72186739715673
198.57961321157782
224.7120188320226
211.77094716769085
194.40262628861444
202.86728072346259
218.562423417206
219.22449552766054
219.63973331575826
237.7107030829067
227.83236974807352
214.577334175906
212.32518977697686
221.57423487286363
235.139498137166
219.27660233028237
239.10729119373156
231.74607839874395
233.0477550180526
218.43234260199745
209.2641542860358
223.51333990966657
206.22428060154093
204.76601834616304
217.02833361743967
210.99300468735686
220.97045991139086
232.4287772991159
243.90355531314984
252.0950015757663
241.11346492415808
256.21971538880337
262.500401401243
255.0787133311636
236.9841681356382
258.7794243077881
263.55609123719057
264.10253295762755
266.4109766620999
260.38966929309225
263.05806462291156
267.49628527994946
270.1133488451139
282.19831691588377
280.0747088795774
284.9655632799203
289.47625638366833
265.2500888930445
294.7655199038495
282.730165646225
283.5608541311878
288.71173412774897
288.16647111268696
287.7283131362005
286.327092223319
287.38993557751223
288.3997141581257
281.3699244154689
286.40700164338165
294.0649540483837
293.14973710583797
290.2502119573886
296.17830673919195
287.40688157556286
295.1686000264115
292.453963596095
298.08099541076956
304.5989164764753
304.2374668083966
299.19787954824676
296.1363729350664
306.19909167091606
294.93438337654675
290.5049889860185
269.3229008413561
286.0212871522808
291.42692512977544
300.276568841629
296.7031919050495
300.6424428159568
296.9597086126007
296.2163178508137
288.36392462659035
292.03009609294696
286.85579460140616
292.179012104954
290.92157405472517
294.88692423051054
291.42246966468304
295.40576129672644
273.63219001757625
266.5862969287756
263.1934470990158
271.8360560307835
282.8081590981195
283.34921690962074
256.4738473764121
261.9445122502567
266.807539248199
296.0315008834274
261.22000825320293
290.6689377822777
295.24657825596825
288.58367076491305
287.4103860822988
285.29631210092305
285.78929238943044
269.91133787974474
300.9920117345897
295.8824406313257
303.4169319484217
300.9418238225559
303.2915510318992
306.7069491174479
298.5845897015133
287.8245893541871
286.9296915289364
293.4565526784259
290.50672007493387
297.57873815880595
291.4011424530064
293.3563795571306
295.14368393124636
292.991203821832
296.2704877941886
292.4282630525719
297.7271555677433
295.412081743006
295.21814863408207
293.0869012752388
293.06846134662595
294.40883956393066
296.88528676380156
305.73849235842073
293.2861652742322
287.5036028283492
300.7278169786867
293.25743230845563
293.8168655714334
297.60868623272665
298.53786794291887
290.60721587290925
284.31077231335604
264.0182227400284
269.9580446872609
250.87934901428596
238.27232104757843
218.41002570102626
212.55422942506752
228.7655688206135
208.54394953278432
208.6269002254918
209.5345753285933
207.1909005450046
229.66789773836555
221.40428344901846
240.01287985581754
248.99982672766134
267.75082317405224
228.35338605030424
223.15253088566558
233.0953506030388
225.5284008335467
225.51491881773993
229.15422012929926
236.49098881449854
233.3773578326078
234.08755444301812
234.76982685819405
252.8652348830839
249.93802313325145
263.3417289729946
249.68406089022398
294.7695922141068
278.56265652962776
281.9052084972128
283.68229729816215
288.99559423258415
289.43519440852657
275.3484613523152
292.61668597160354
289.35032752154956
287.04360067724
264.8594574050655
271.8069459201285
265.4890531608989
262.3453658750567
279.4900641241008
272.8875710885275
253.84355369082823
243.48677718722814
239.5611104431074
222.92311117638178
245.0867142990299
223.2035897755603
210.67357881326714
205.15131014741792
221.15481514186015
197.2919786104344
197.2011125881741
178.41375815153896
201.09007339404934
179.41337478783234
167.51481502637475
194.34203085570985
183.37559701936817
209.92436575246813
204.39289605067407
188.39815490479003
181.44513399324342
199.87706449825086
184.09088220771451
174.58888876208565
187.5087658729863
170.0140608759432
179.1757543722974
193.00733659361157
211.4074416018114
232.84221811278243
203.64578981026824
224.1183315050866
231.71504357230634
228.99547161683097
203.69178048069224
206.34995407276932
205.11080630404072
224.871817617853
218.6664569716535
215.40839684956993
203.26094143880917
203.26130171318752
203.89701043615761
194.00400232695284
208.1539960648914
213.93076996724665
205.45476987657693
203.0127888173035
221.29535811598168
231.51612480303788
208.51416486150268
200.45529626482173
176.3084462493896
189.0170141735343
177.09989024065598
160.6831953710074
177.6280152195736
179.23860997897626
177.93271801124536
176.46935637348008
181.91563271035665
171.19459975538905
174.87715798420015
182.40961012658238
170.8554092469175
173.19488700459243
165.90683161623852
165.13287282602224
162.4455465704273
156.9476486964134
179.304706528911
180.2133501449926
187.12759778491002
174.2402413094052
153.5234671713555
147.91145291828872
122.89853338540429
122.26646995162982
98.62177702148178
112.11951611559223
125.81746505742134
141.65154757813704
127.94964869290885
123.88266515523954
130.57291347947805
129.12460108916702
136.65871561215192
153.82968388957778
146.5930518427061
136.65403747131774
122.11263558979672
135.088621669536
129.66698860861715
139.23484490538812
155.8251050900439
155.92866990444384
154.97365755064925
162.35976372054475
139.76969970448417
143.24661062740418
142.51017492927534
161.76384970297406
164.1228576028787
159.0539843609362
167.73310076136272
148.42552185189604
142.95086201360476
167.9437665750394
174.5815755157018
170.85972584017702
186.64135170351
184.5340011695974
183.62288593071108
177.14179630571704
186.25607587058832
199.52567038219343
200.38540830125027
202.71325464225566
171.82679170305954
167.85073285183887
166.01277314204614
175.17023679487872
155.05209495998994
152.22803568560545
137.77095337916865
117.24425739751364
103.23748060427252
122.69449242173779
119.61669656068372
98.78682168039371
114.29980832228907
111.61376414782494
101.38346062346477
110.26183102669697
106.50478364523245
103.03402021208544
127.64130245645313
116.15369821846228
122.80733314280847
114.13863809628982
113.56269875702375
118.11956163767887
113.50745350982199
119.22921458593167
110.72766670013884
89.07173690653381
108.5933273805678
120.94020931000023
117.07624898877607
122.39782358856135
124.23538590784435
126.33489310647991
144.18130071470637
138.1877608055427
138.10447593198032
135.72167431371028
124.71312881955723
105.19339345905364
113.97366353356472
101.64275788409964
125.13121926790124
128.58721310709632
105.36126438497456
122.44784134345151
125.99002370112446
124.15459702029126
112.2033497413264
102.98109158496915
130.8958904904218
111.03576444419099
134.94065504545458
133.8127036505419
112.40899658021638
129.39383505045515
130.44220566921942
138.36354372992466
149.48532270085263
128.30126422958344
139.8572320670855
135.25642230907135
136.078295985457
149.11511822534297
163.0783876367576
144.4786265342825
147.08516561582337
124.40362070952101
110.80190219804317
113.99476641204961
126.37057357781735
119.6304392132481
116.5367014522669
112.35784771393989
120.46220685027679
109.9285873311807
122.52643337341013
135.0668382378065
144.18091947540142
130.92625741202443
132.38153347835058
112.52735256217247
120.08170208984208
111.87986300041007
136.00909838055242
126.36173006814711
108.18259618078325
118.36246446219427
130.98887573208168
144.52600903233
164.16741872038241
189.3419267841486
205.38975682423649
205.52329187257726
232.5919567315045
217.8857760910465
207.24618790731944
201.10044565030512
214.28568813257007
202.44399062656413
203.34273453960216
188.33743039227542
184.08483700441988
180.7069145465208
176.87450175588302
180.18424728820546
169.30323891083103
187.77902932018895
220.45162393022895
202.6857034951513
218.0421538646259
223.74774452984187
179.9001166238371
176.6141382425547
185.8643045575426
207.4264573672492
193.54106300602245
204.00330689636536
194.88599926941976
177.18501572061336
162.95437447441162
133.26076982362136
154.12352089483124
122.6699874942724
147.98888232371203
123.0967748484852
118.39704177830392
102.92612648513068
123.62181751404525
116.63988384207654
94.11720669134657
112.90888207134479
105.97330332452613
106.02167981598973
97.55833523736098
115.10505475399785
114.09651992570525
121.4225973280509
129.28786727181327
133.93798132692595
153.8652915123612
176.56586837571248
198.3156176496098
205.70489108749663
201.34817683215925
189.10637465938768
182.8829680429624
172.54017020924283
172.67253111150842
164.56981806339243
168.07478871380366
163.1017900716338
145.12841642595157
144.33769059904887
133.81406282200163
127.22070078130955
121.89317123470352
106.06423271236547
93.57600795157201
115.11610155752749
114.58994473904421
134.7637616637761
152.46738480818314
128.93595588885154
122.70481208631752
148.6501054565633
127.69131325042588
148.58979165783785
158.57708685764592
139.89788590872823
114.76704491289087
112.1359464288873
87.74798902752863
113.49385691268381
99.26288449117462
116.42921943188995
114.28679890676568
143.1566910317649
128.54527813837558
128.08085817853205
146.1544639698525
158.5641834112929
166.21575280337203
155.00576759899593
180.7273637235583
154.7813578583161
161.18745011982244
154.73256597637143
133.05819691069564
126.01235488714254
127.30990842236794
111.54117853507947
123.95626989226318
137.65629115837737
143.64054845474783
123.80840130504383
115.03693612611029
121.07533776599229
126.64035943500018
120.59903691433009
107.44686207433398
117.02053564849486
119.68056229381015
127.68727689499849
138.2909845067418
152.27516415082155
140.15176321415905
143.04000414161345
104.46685503433362
128.82183484414134
123.77099087433172
128.45595469526432
144.48247859921418
135.9644654225763
137.7462202570774
142.736067487302
145.243218596695
155.65930651237085
159.7091145491029
158.95784896695952
133.25064330008976
109.72825839702153
125.2222861784886
121.4214726870303
119.91485035128001
125.7496609628055
153.05526379381104
169.05460929151062
155.73226813824783
155.83946519038662
144.32446409573993
147.25518173276677
143.11759905387453
158.40321365779346
171.2777650533946
171.78700966322023
175.14461565547595
175.62645697983666
176.96636770857964
189.3420688690891
188.9521453140144
202.23205550981663
192.35881521700182
216.0778694258345
208.1353415272872
197.5612581010465
189.18220312052532
203.58818020137346
210.44609206765327
199.7943160314509
234.67336806001657
206.90298382042562
221.41360148694264
228.30595883951742
205.45759286386436
234.79455044001693
235.8959623930473
243.88492695315927
253.40766064632254
252.30492166424824
217.91271572934744
223.33633279413777
199.99648278366556
180.27919177623016
187.86706740509584
187.05221764140845
201.99663971310903
185.59434014689293
184.67032896840112
198.80554535457895
190.02349161758065
212.84712654326526
192.49807918004456
202.33043640090628
221.07723863405738
210.85828681964196
213.14028912401173
204.82455754150556
201.04106600373964
207.76965792574524
199.98712795332546
200.99102898457278
213.9003615163156
199.84831456524685
201.30424252061493
207.9114589135165
226.22949100010408
243.3292817297583
238.76060006410006
247.23462176734043
207.5174487680067
218.79220745208715
226.48965061004156
229.20928546782469
233.62597636869404
227.75660194750148
235.4203636416632
254.45929202022762
238.4332600360006
253.36442285372203
255.1614756035567
261.45902301420637
274.50362997870275
263.59173626082054
245.32315860397406
241.00009319367928
267.5171448832762
263.9168555096525
258.0268665220036
241.01016411159634
216.7290914987687
243.60107674800022
228.78510921647626
235.70386228964642
247.4277943562624
233.97277173350668
244.1797452116347
248.7879807599431
248.7766146847718
254.0580292808235
261.53974038167087
266.0542151154351
286.94963730132145
265.62051554180266
284.3106256475226
290.36311865444134
285.7342456617188
287.5749369910317
279.6952215621931
283.0356705293016
286.8089264742649
265.77762105359136
240.38399447487544
255.58710785384156
257.37954117633484
252.33021024683507
237.69186328096976
230.55536792618904
234.44354671713967
245.55467909966697
228.5477164456318
225.42092821456023
251.6189270895064
222.9948960354726
199.00279149213364
228.48340895210274
220.80910322973807
241.1779551772219
244.30031021729533
256.3702493433837
247.46119681121715
231.316048891981
244.59656787901295
220.50070639925735
213.0614554164069
191.24271655878442
204.07009837411425
209.0671111014371
203.27140230299815
196.8266150226626
176.7518293741026
191.25237787066993
185.80130140025577
199.0046663216649
196.0026079103881
183.84260085359375
179.84939399095722
202.2430474944838
219.9656486334016
196.60417408896737
196.09689087929831
206.13922257749581
184.2880059716713
202.4909275164716
234.7087265941885
239.00308536853623
268.52273052352234
271.9315243965271
231.26656897889583
250.64052334265523
261.97098795864355
225.7962618393683
220.7014210769973
221.63848900553907
206.21372313013373
229.91944186256507
215.74005728408648
229.20513463339978
227.99433191385992
244.86886305464293
243.47981140919484
255.36929496135915
241.9388661453956
270.03470121756834
272.6034070785347
259.4264635797981
261.58781694153583
246.3188935434507
276.2821433617901
270.08350753310833
256.0776847037914
256.3284162898406
268.9623311552765
252.34935740871254
257.3629941281359
270.84476188554606
293.2936181544707
274.77959322661803
271.32168437284884
280.4269512123069
275.3161183950067
291.4705122946461
278.4016205886383
263.0610742096884
264.9487317551234
271.15220908413204
271.15627852147895
263.92570960405874
270.01172484609134
251.57794843233862
238.8591722402361
236.3822359372947
223.65443360234508
225.09503447524767
216.01464648662423
221.26373177772695
230.97764511729048
234.58911904450187
224.2804220116632
221.54523989680956
220.75066033560086
241.44099596018472
213.76780649619621
224.66655024041657
233.2444887906799
248.64769280911872
241.41084075808791
224.97495125309896
225.2833042227721
230.05687088839872
213.84585826357448
249.36528607640076
236.48556772420307
249.33904625688962
247.36305573276337
251.3004188296517
268.78855644810494
252.09100155991163
247.8787958100368
252.3726603843145
269.91793186738965
267.73438213047416
272.2972731065294
279.8890433570652
270.1688661543945
270.5165534638644
270.50132017287973
269.27072782492655
264.3448604184256
275.6399189239163
277.7459491488599
289.37792566913583
287.04527926039646
281.23712058612216
265.7592169551405
233.01937006179747
273.1934537621572
257.0150936414179
284.1183113447164
269.2201329157776
256.7909034592257
272.9664361240192
266.2959280311536
251.1757613118986
276.2704302514759
272.6660204201482
267.9657143697316
275.9095671459211
268.91329301118157
295.8735457526698
283.60750621107775
283.781837824597
269.4808868456806
240.71154012460812
256.09154127366503
267.3699287374756
244.67566129926323
274.3849048576603
249.22689380967978
249.0407429855172
259.18443189540807
250.61808469419003
296.4043745664399
264.66018787283974
261.2527939962617
264.4947070162054
237.59653938014185
244.38884881270442
239.57915377487615
221.62406530954348
209.60302102847322
198.48939692888442
222.28868318861979
233.91961445455763
236.00490465279853
196.65420240938172
189.17990414978388
180.27642596730277
176.27294805778587
201.29142383428538
186.29259587114746
170.72526256875864
178.51151676548537
165.71824121187473
162.7291114742804
129.6026409320613
108.69246215620038
116.74341035438053
113.99556772786954
122.1779084521311
109.33591553736515
109.42130302133597
126.70652506619065
108.49744174658358
127.8350065619899
153.1308100668603
152.3640167624761
129.23021021253854
111.01863292338427
131.26501823920702
106.82180947132588
125.2880911200917
133.1525298715326
126.25484769694839
128.06004717458205
152.17045472474442
150.27862498493224
153.53431903845038
137.01295619644293
138.1964125474666
135.95903292994697
156.825638149884
174.2971997112676
188.34596311634508
177.25669355282426
152.55826350478267
145.24064884628632
130.34425785713134
139.2605399613057
125.04221469329713
111.04042454730256
122.346491330707
115.96286547441697
144.34752941675785
141.8775076552036
116.8127359781243
117.91301938192287
110.92310081800487
127.19879678706198
134.2998063942439
108.24430637968065
96.25625811566275
117.73177698946316
120.2057536858552
119.41140574255458
115.58223590118133
139.62837916269808
122.88550168494885
104.18165393872735
118.71895975198682
134.07077878844711
129.9265396622628
107.14685279293224
89.07084942386935
113.93614490841651
103.21980175991906
117.84722313505473
114.31611881795673
107.1845463655807
98.71263141280919
115.45222347563313
114.64073166483247
123.40813422850555
121.9470336198758
113.08935014980081
112.1532441245431
139.35537545281989
128.80205833207634
114.82413405904386
96.40392224399528
123.03741690111406
134.99254284859603
123.28386493848014
139.85424453415897
155.04541727986262
155.07419622459443
170.95796138591862
170.50892063424396
190.8946629881488
185.3533754915769
190.63973013783405
191.8162543121791
210.5025910626613
207.950913553152
216.4456993405238
205.14621849772234
201.11963730282497
199.28189666933596
190.58572917906596
179.73649884117907
178.7264768408553
167.00287316070245
176.96702581654375
150.5543578023053
153.80405533782033
158.28807085214868
172.3525887109321
164.4086033915852
160.51387923697314
149.1787839523806
132.51382489107624
153.28424302096295
171.29546944782282
193.14953309700354
179.9215886128992
215.75308246615324
213.7223349706159
226.51885078042267
227.3169770322554
212.7427736390343
194.39331554079817
234.06649015664695
221.33333527372196
230.45852787049085
238.2659245545918
241.28864481818002
234.94964552165973
247.31446370390188
232.6985154276945
230.20549321491882
205.11985175731982
250.5683014452602
208.92315901248043
237.5708095310251
232.45207288884257
247.05255107763486
260.06069224793623
273.77385076757275
254.3637989325178
241.02839529100189
257.5403185594145
236.43218230030797
235.05755951915734
231.435736792111
253.4784645727051
251.5818408082351
246.57350672049895
268.1347622882976
248.23525780707357
235.04315350629676
209.57285228141333
206.07300497864165
200.05506552873084
192.06322667323295
207.37844016434804
195.31979568783782
164.04249293387525
174.77903040624756
182.39751933085518
159.40688019140205
160.72886932504005
158.51527730459046
163.43316621230485
151.40851915469952
149.05982064372947
155.80721881149915
155.37398897242065
170.08464229210318
172.32031233270718
166.59183448308121
162.2508993046569
184.4662305836025
184.83548299365975
192.88766866167686
205.91406046364983
186.32874132443592
157.91273192683403
138.35181967136745
143.60775764061407
153.91327776083725
173.37896032789362
149.8762348213365
139.54752924300345
131.5711409155607
125.16613920095634
115.84307734785222
126.9427143003024
106.89510075306171
107.47161576018873
123.44558168228556
121.70219043664727
141.0928161131516
127.47853647240866
118.738799064942
138.61305558542165
110.50676404383881
130.8819310281387
116.80957055348236
117.18668119583246
119.49644022341636
123.65781861315318
111.16418218367505
136.6670857495813
138.38120368433928
138.76351548529024
114.8549872495604
125.55617231535132
123.01796157977284
106.25007101626487
97.65881035047707
113.46022801388979
111.21585318939752
120.13322895334835
120.94645329109697
135.05966153989553
141.33758994992024
142.5913783519234
136.54410630868028
134.92119283882724
133.79582015050883
144.1174701786342
152.79602122718057
164.01279987062287
179.34360658434355
155.73941498365846
149.5744031255117
146.49439219965734
126.36460258074712
110.28891035219917
119.63361816940244
89.72409199553752
113.0277299736212
94.29940084557684
126.63968734600185
116.59361403861557
104.36472263399108
102.16270008202656
107.26989418046945
100.20607945318139
117.77732408775695
121.50191627910417
128.65900321630065
105.10673664965238
118.35267998469763
126.62336722001295
118.57849549198302
102.54389615238316
119.37383260492197
97.45912010520425
97.33356486540005
113.95217457932604
115.82047283615404
119.31736280641314
143.8741314245876
134.98056044398245
111.12327353220218
106.581822312342
122.29423492429586
118.0447168279367
112.71658509595177
103.90589427948925
123.62886909597026
150.1171141556875
135.0178432776469
126.08056068505739
137.81455880080338
134.5671649347553
127.90097983189747
127.48569277343826
142.2853375651784
143.60249483044208
121.01296428983107
136.83554468237412
116.73102220806996
128.26215090761355
134.30582418895287
163.55044396937967
159.79621509745712
152.6010477550103
169.36231271301537
158.21703552063033
146.25587674461565
156.58028342745052
161.9745924192536
154.85761749827714
156.63214315036143
130.26299594028018
107.67864949774085
111.72645796944076
115.73626111366667
134.8255740047949
116.1340072567869
128.59807498546877
148.46965772752623
148.72141116382957
148.15613683864842
127.19412480590815
129.0214574664369
136.15062826396806
123.3466110837537
112.65305912578091
119.73473149782441
102.02751453036862
120.98531021228519
94.81812774316363
118.26828566869857
106.91535295623223
95.7428325804756
119.9347459990782
111.84110406240018
116.81306459717011
90.81442921424832
112.52172917682836
112.23769485696059
108.20489979653189
125.92304528541368
140.62566025020647
153.20881281782616
134.44571646656888
125.40696987260075
131.01999740833526
156.40316612242128
144.838684417255
136.6965279914404
124.82740884954109
103.38445864969252
117.33688558032128
132.63464686540433
136.83621087068255
151.82804219835103
160.01274075487805
181.42723953179504
168.08651325055578
175.09059068259094
197.52974558880345
219.00751785191048
213.52160163988785
237.65412675089848
213.5429243633152
223.68437463230194
207.564244000683
201.3032734624383
189.46912191950918
178.46683681771586
180.65479647005856
173.02549832642407
166.73820560038644
146.43041910393552
147.8071196806537
160.55172750174998
127.58962881853319
125.89484467119526
119.46686039658265
132.90112374488405
134.3687788560057
132.33309914817113
143.91973129413353
133.3081892909941
134.10445810731107
131.64392807464944
143.1012546447903
140.11135058401393
138.04787003328795
131.20576044514652
141.8859358453962
146.325212361591
140.00044049271307
141.66884753019525
128.61625240692464
126.39010514270917
103.39447206856373
118.05911678347559
108.06175011077217
114.01047037575673
125.80017569655685
146.69466003511732
142.2528001298457
137.20316069796885
138.18240267431347
129.74157663946343
120.90796033596973
103.08105567768435
109.54441041577657
121.63560829237677
102.22807288660542
128.84126511673293
125.79301542759443
139.6338781418836
161.74733190832956
147.01239385760104
157.91201543402903
151.24281684966564
148.73145399486015
147.39887826198526
154.85727618291517
154.51336674927512
157.14114730218452
143.6637816645032
140.96401339341236
132.30420159719793
124.26851926610641
142.79330081332628
140.4375349041628
143.770319670092
157.44306634483897
161.90652047483408
167.3154570050138
146.51082769389438
148.17070794074235
137.15996047610273
145.41441441477525
159.79568124801074
174.7206028822637
156.59558522093127
173.42978963306558
167.61513780901066
166.51732167022345
175.4910156172411
159.87240434335916
157.42082063333868
155.02934209506415
147.57121147155706
151.62248850383645
161.21065135242222
144.49326929501098
159.63551326578906
143.2081828455742
132.90175127049568
146.01914955788254
117.90782185623166
121.96941673580729
127.05157110875676
123.78607195641972
132.35419277440923
107.27982755114564
112.53915585674889
89.55559997937455
110.94090298566569
103.84378204303836
125.02652446615866
111.80396813586495
90.28415273023086
107.56747393526251
119.06442508268887
120.60136399789545
95.7311565895322
108.13311403649743
133.9942188746727
146.4272511590058
130.4329663343592
122.71959409519216
130.71053164002748
123.59717203605953
136.74631997975902
128.86954994317912
115.71311226908564
109.25994541226274
115.9865905115191
108.51249879010534
116.73986403369825
103.92349027585651
102.47899247071341
99.97840057859246
104.39918474464142
117.70401077412689
113.87644025380624
126.08186234050623
126.01298314827145
118.42899045072173
125.90202211698728
130.1321589006158
116.70257219112852
133.16292506119498
116.17915734513562
130.34856204739316
114.31273270732285
118.39795261509416
115.60395153809226
126.69381944599193
102.43536118829545
119.20383987334799
113.60648314684835
132.40403189696963
124.37404552664697
156.82171318589133
123.13453470514139
145.6464973060004
156.08090269092503
139.70909446445881
157.6810244845124
131.93794247363803
140.4177992698316
126.16234045306327
141.5834335499427
150.4581040257858
173.4635564444957
176.31552445022686
174.31995756595595
172.17062367166633
163.6299644938322
161.38419664277157
166.1710686171881
169.80361675287455
165.37368183538135
144.657084854207
150.14430252653386
148.28267712280882
160.93636445917068
153.2065010316378
144.42682969896822
155.1572045287645
162.97474559031474
171.29217787939427
150.13105722159042
134.3933673020681
125.13473752763593
127.980095056063
108.11937761526498
113.23165279075461
116.08353791555285
108.68935541328186
101.74424158126457
118.37532631970045
109.69593891568317
134.2260086034529
142.7869630226064
124.15114674335335
128.38085703315042
139.712424042499
155.46627242379503
166.33256797513644
149.19016608049338
165.33665745608806
158.74101372489963
151.0222077002997
173.33923441219778
150.306561079665
149.67666192084027
149.21308982718057
145.20011585741565
133.51298809129457
123.25243982251142
100.99411916376363
86.29837746060753
105.32810168459876
111.61160698274138
111.35323907223952
112.59047178401381
106.7945672595599
117.93024034373094
121.67767908605819
116.36763424565392
100.45598400506687
111.8877092178947
90.47370620727237
112.25811833692444
128.68049565607765
140.87842568640735
137.19457149332854
153.70350529016156
152.95495089021185
155.80357819154904
133.84658361913367
124.4238841473088
112.5665763746368
105.35782549902272
128.97601507793445
148.04871094457397
141.44962932450304
154.39912104824012
135.18299203819208
155.2509597614072
148.6683250614154
136.76487216629735
140.34748990131752
168.97041131498517
156.0453521239999
157.74993662523744
181.0601790419745
189.60474463718808
184.05781387916062
167.2732484308294
164.3547900890385
166.24746175663236
157.92941695334804
153.31981951804187
157.94951955182427
151.16931544567575
176.6334991294622
163.78079270401668
177.72303446989633
135.22136851557477
157.00246499571128
156.26287628135702
169.97380045330584
168.7769632336279
171.42215512278625
169.14029851905983
180.73174930391104
191.16460265009957
199.3143559179908
202.26719998737562
196.15624980617227
186.23060776239515
181.25855661203184
176.84012604910134
180.9332021671859
188.99532173036596
158.88149873125417
158.9337042742059
153.7298597840163
149.5910532431766
139.108868959119
121.22065629961767
104.94337027553986
121.38113329974394
114.36774656632379
120.29189566746922
130.8511904963168
144.72690214615906
137.54720118386507
128.1220776053331
127.47531335592353
117.70020214506728
134.9450617135608
120.05942405681637
120.06275049346056
110.81659112643584
128.7531550353484
137.74432092430726
142.93838296802852
134.23955910801104
131.56958920938624
123.1554899896254
110.25164872295817
129.206868947166
116.24227821776945
121.15691562811195
125.4885505344893
110.00709954556874
116.05725154782387
98.4669001981414
107.4621097554105
131.87191280793945
163.94550617989506
129.48442802354901
128.08746104631922
106.40231302590158
118.96722964906047
134.03564032355203
114.56892779613487
109.77957032163866
111.53541992928935
118.85865814527075
120.66901411978971
124.29066034645102
121.22846489913249
93.45454285109334
106.08407648646401
84.75891496328481
103.57168486413893
99.09675826790901
103.49809091579534
99.6541020290865
128.33999476223227
133.93184877010407
116.36746230848978
122.72848742462769
143.10459965818808
139.99687706070483
139.9944316656996
154.99501501900102
149.91754659970366
145.11588296330262
139.9613622241645
140.87603722398563
140.01017709167652
137.89890550482713
151.83816742141903
137.51975450029164
149.51146755709755
157.32659776069733
165.09517377730785
172.82210321054123
186.21763472813072
194.60054094652898
188.84940022075665
192.98621969030881
195.64897586507075
197.41054981256778
196.28923482692812
176.05436367344922
170.09295573806625
140.8363632599881
141.9907691606505
169.30009343073144
176.8980939350894
193.58155642683
202.89062920303473
207.32707696446388
194.55737154743778
188.3595020702744
196.43942626977082
192.4268354426398
200.49488403128936
201.00305744519363
215.6246198975201
211.04542584281563
208.5519342744722
227.02374204657187
233.79743968758692
246.9818405808199
227.88151221345166
201.9176599046393
204.02899989425856
180.28810686696815
184.61439779038955
198.50999709268117
199.1173896427999
220.32363220280027
239.50748795894557
231.61821566427335
240.42087622096184
236.0294421496144
218.98848581668489
222.163131913655
207.04931686448367
225.99829689018438
213.43969983805434
205.529908764152
209.53102942019933
200.92780032182173
203.75682483172855
194.21049695193278
181.850482174974
202.5608058781807
210.45290766122696
206.5971822672181
235.64157634833654
246.61117397452307
254.10114421114713
256.22867957512835
269.58911012484674
243.7335923860019
240.60013321971473
227.3876570268515
226.91508839841762
240.48339674829776
253.27057134666506
249.465294134816
248.61248409328363
235.81511390872734
218.3854549683985
237.53644799228533
237.1128221415072
260.9612323134532
265.62515026470834
266.75752488658395
246.62785736448674
224.54898492086855
232.28837764236079
234.22278872209824
245.14699606688305
237.1864235714884
233.92014987769508
233.29739493659076
241.86535389344908
241.5588393681867
219.0859641729461
229.83791269677437
245.253591208346
234.77852919158673
225.3938434904133
229.18937406742947
230.89273579043208
268.4265464359714
254.51374947331993
252.84782220789634
276.83807186764744
285.2565367058453
254.09914140357893
256.61266954415817
287.51540579226617
279.72725194237086
298.3219142769331
280.6584341046117
270.10047886481476
268.86425202464056
254.07432105168618
270.43650934368776
267.4616752456161
281.62739909074617
289.25991485883196
275.948681527553
286.47690532977566
256.45381334656196
280.60599015052674
279.5613109471035
262.51895390221244
252.876936350171
248.6927708996225
241.86831152865008
255.579024888795
240.0122774215261
225.99578576615733
235.46787560607277
232.9164105456994
259.59206625545374
257.62854835285646
264.5692312845702
283.06875841118995
273.5252920504372
238.74480761113762
244.83489028841876
246.40078106730093
230.812816146038
235.60683658767968
219.94024780225593
229.17227455121298
213.5649301364439
232.22785851776618
202.89266143843625
226.56113794181402
217.86502868758325
201.20721475401433
190.62065458599415
191.34669880737908
177.48516449449937
188.94055781934807
189.39524177718243
187.6282737256546
179.26309189451058
178.7411597564995
158.32490920454973
175.8514448329408
157.62886180654309
168.20567975441597
156.11614739003343
159.36692790464096
172.6348871713614
174.23243150905165
174.49514949502114
167.07827308852333
146.00014968917577
136.4721854670992
153.23349211692684
130.2598454577793
111.46818977800818
130.4273018466384
139.61982640080478
148.81787022673478
138.13126751210066
149.131907811068
157.2976443235154
168.2242379857114
146.08640913767786
143.69261976503424
142.55578151249927
142.85697583244206
147.87908613603093
141.3299935105255
154.6436426278857
171.9354702302571
175.49408008129694
192.5613669433421
182.18299655657952
180.24498154704187
178.12888377796713
186.66953967494032
187.11186132864134
189.98161705726258
177.73287184951874
196.0539206632183
186.88450918152614
161.4391270283777
191.46194479026673
191.8074146089487
180.8411337921167
200.7341381708728
197.28381127458417
217.32283755144985
228.00190571117705
230.64521991809468
235.39331406453965
217.10207242162022
208.89878803470103
238.39212921495417
208.20599627446137
213.71985702954058
231.59428106726764
233.05567610916935
236.28530379413252
225.55391530297013
234.7044604623592
242.9365088866083
245.445381205974
230.77831256275465
243.06889337891604
275.6906249375096
265.376077042486
288.85814311902254
299.4751108478987
298.8954678028564
296.97551732084406
292.46975749242984
281.68378981138045
290.90674314736486
292.1820241875349
277.2350816596257
291.68501703784386
264.1000070242045
291.1704506633992
265.7354281400907
263.3131947837461
266.7920283200107
298.36173523088337
298.58225403491446
297.7888481501513
302.6760426942657
289.6879656770451
288.807594353956
303.69218641159654
300.41334015186277
291.99092516015895
291.77713420911857
280.53995792649295
293.2968191611538
292.38776850511175
274.7338646290134
263.99679591857625
275.50408337631234
272.41721754628463
281.16395389236345
256.7326459469615
282.4364038573694
293.35593568722675
262.7180698442993
273.02797291312675
263.0707067375494
243.23553967028442
255.2962966382083
258.04046674124504
233.3956336149037
234.20652535796754
219.9265947469206
217.89772527592928
223.05274584749523
223.60701448418328
212.6318526394524
181.16444340823185
224.67160581157523
202.93525369913624
210.56410669446504
211.2049058077594
232.474685765768
251.10189170524492
249.89694399134459
233.80996103086275
244.30947500491658
204.07247185147884
193.03269573826253
183.74067016544205
157.6714386340395
175.0919291746443
172.6511173162424
156.10313466181972
178.41507477336515
196.35675909166082
168.81287283102773
172.9957885407591
179.61627189813845
193.17869016530966
206.50040851571637
208.26004925970432
182.0511086980545
186.67478420947012
174.9161677313867
186.8891413600086
198.66930165569497
195.5633415372939
199.58972835812017
187.70096889677887
181.31995753304446
195.96351337988676
209.43404982256288
212.96905451952338
197.99876954759836
199.26889971630382
166.71402954691098
186.4125788597648
171.18283875109745
181.16612051036216
204.0671220952642
213.14524931474983
245.98315669732736
248.70898240274545
235.20416878193305
242.29617683143414
219.51658636772677
225.55758977690178
219.1933481421587
247.945099870214
257.58674119592825
226.54637417469252
210.82941334460764
233.41443471147778
255.56496033076212
248.20000961440846
267.7564517785062
242.04902697751274
253.47643553138008
273.5875949111104
253.31202434916779
277.52034493732543
274.2194952675083
278.26435668473005
275.9191567499003
285.0421665485912
278.6782274600094
278.6260330323942
281.36386738524214
288.0307995961121
287.3332457460117
285.60375037799656
284.28264027097094
286.71732923126
284.40581568339667
296.5665402086991
295.35245875568285
291.0331616324604
289.1722583890339
287.5417248183546
288.5418618754129
285.2233509077843
288.54977271063734
285.90913949735824
287.30040793741586
287.30967504985074
294.4112944244066
293.5203147411065
289.65895198111554
290.4623491994359
295.04636173070014
296.2550966648792
303.3512087419021
295.76613959039383
293.50762769753555
293.23886478482325
292.57569085075886
295.1818806167088
295.2110494375262
291.0330769425401
291.9742138121828
294.1382141277962
292.26144681944646
291.8001145097039
293.28933787313554
291.9079324523246
294.5875614205697
291.4890909670636
291.2949478292354
290.29397102300544
288.0880864650522
289.293894659264
288.3844875946368
286.3419521369724
288.29493522361673
287.3607248837464
293.9830681744972
294.938305686994
292.7864846626022
291.93856755160215
293.52518074639653
292.37856699269446
288.21579404339815
289.1867755703458
286.2939567418315
286.6078193307018
288.01021769347415
289.9500234252551
285.612345770902
281.9665580668833
291.40632062548093
285.02238166276413
278.41448729818325
290.14809005005105
273.5262298111496
253.61340176207412
257.84305559702506
278.9688691942379
278.5804265928073
273.44232269436463
271.2206170631242
279.17771140901095
279.69736004933986
275.27324281434244
276.15316006224975
270.2537835586333
284.568686884725
279.6642782367752
278.441898615869
270.49929288037066
276.4996929273461
280.38478681912187
260.5518535854833
286.1370748587869
275.86562301813126
286.12216072016093
282.1391774989477
280.9917117987134
276.6473122875476
280.116266855983
279.2886615470748
277.17081497599094
285.127493379234
282.14370564950696
281.15413337242336
288.7619376970391
281.2965720104107
282.95169405092065
281.1584147989151
282.6393832996445
284.3764699701367
285.32955781463113
287.5781240825023
276.2186534164048
284.318533125228
277.01136531696346
279.8488735966424
283.0459383867212
279.78122713294863
281.022519084237
272.8515145191351
273.0140524021509
277.02480547624793
278.93854924732557
279.7365425590711
275.49389383380714
281.0636844530769
293.94448669243326
298.7923904978894
299.5739074337163
293.86626854188296
287.84871633616496
288.3761033641002
280.4534397487776
280.8535202386189
280.1377754933257
285.10200461484254
284.05082416141175
285.599393375784
293.28766081646916
288.3449060791828
290.3144287996942
285.28335119653656
284.20545251046246
283.73267342061047
280.936639627223
273.282974399742
278.12521757851255
277.886901261185
282.4670155775586
290.9515496370719
287.6479652282814
295.7944482720041
294.3324587886202
290.56466782274475
293.6402150617333
282.8667485554678
286.66032614092927
276.85845029449524
289.85405561936386
280.7421808481774
289.20530049562456
288.19228560339087
286.89489223108643
284.39690569487294
285.3930820470671
263.55147233235596
252.67256276339597
280.737522539371
276.2997083100915
271.5563119674236
268.0892958120403
294.4480987206145
290.2082853490983
272.9470451913573
275.0532374602995
285.7396303275154
274.4172627018228
287.058492873645
261.18345745638885
295.08209710260644
274.27529826079126
283.262375631085
279.10111856590095
280.6271234004571
282.4296888586018
275.9132935347723
276.29483987069034
274.68821627129677
271.11407288369736
268.28032260317747
263.17624838822826
271.72576005711886
276.6776364638322
275.7393964665421
277.87226352189447
252.57094299223485
280.893511974579
275.37111077530756
284.2992263654965
289.72964758532476
288.6977801312158
268.39461383941625
280.1978159098443
281.4782453367448
284.20648824323933
284.516924059897
281.2320931488318
281.2834089655092
261.40799829894314
264.63218883732003
282.856148875386
279.89854098153165
278.1497154152364
283.5893837581788
285.3506661033989
285.086237420391
289.27277976131404
289.4883685119035
286.93933162860986
283.7308655820622
284.6623268463996
289.41590576978524
285.7055708464819
288.45432909228595
287.916029084754
283.46436150322165
290.9208065125423
283.90566887641154
279.8906312999869
285.50674956231336
291.8059773398428
289.02881334137095
284.08175169767577
286.9934332397398
270.6961190528645
278.29842470674276
285.59673607716894
280.6701481732913
278.2412018448776
281.5230015981104
279.4310766635849
282.00322879443524
270.76154856055035
282.28822695314443
277.6983974183744
278.74736728201856
279.60018686780074
274.7758974705918
278.6300704435903
281.524273300905
267.5625569160744
273.06829736169874
283.05147482004895
280.227923205461
271.67989083871777
245.54428163552686
259.6565807551977
246.95961746739917
233.350538461951
242.96333561575244
222.85974436455584
249.36887845230868
246.24542457838504
240.37225628572023
219.41378628787564
212.97751671440287
214.76660834344307
179.48473538523552
198.94616574673157
221.28589771793992
209.83906156641987
204.2736372647809
216.44191191253967
222.87903860918533
212.82048067886615
219.3576810323192
230.26893031029178
240.96617774793697
237.5454087415666
231.13311736001316
222.4236738244745
225.3318222213668
236.91181809080055
243.21040067344288
247.3925966672381
228.08347597401647
230.50848501037936
222.1437219668661
211.98221833446806
211.77400906222158
210.72159380474102
211.0494006323244
214.91744581316382
229.63229428976288
226.87310475779702
244.8908006381443
231.39967126549837
221.97336187691337
235.264208865052
213.67199781866177
238.27315497595703
209.87050874395518
212.89862597933222
205.56686200378743
199.08771993995254
221.52447934614668
217.10933993100844
211.83504363126502
232.5560509525759
251.53343458137792
256.91140859476445
257.3193536170826
235.42864202214292
212.95032946082787
244.05834422465335
235.8898651023157
224.78391895553744
225.6463167188884
200.81007877386878
177.12442990586325
150.77101409264398
149.53424910346806
160.0466609985841
155.43685774586743
146.0646322928181
135.93471890645586
143.2524551424226
163.6728364382713
155.9570812926813
129.2655246592498
126.4276771703237
124.82310656402136
131.15513651521593
137.30734271241974
134.94631692560014
139.818451944592
161.77028977824475
146.5804196598801
143.6324739927929
137.32312307116248
134.3524732253704
127.7602307209072
122.58353499384683
113.0115966065938
97.20044842444909
118.03911867561831
116.4530073307786
103.93404276212344
88.43731955904632
110.42864007065742
110.18592641169279
124.61198138547255
123.97118054933132
104.5236117850034
119.45924179527535
107.84028007368508
109.27257790038014
127.69282058775369
123.95619533556464
109.4122156726493
139.515779749112
148.56061816611873
163.18604556964343
171.84813579207247
183.02395032416408
177.55117527541535
203.43472476205022
221.47018356212754
205.71844218583365
193.1332933577352
210.39751533835272
215.7438598538783
216.02439830773696
184.21519994698795
184.0133327041261
184.39431088004085
181.8168475541201
194.14303655508994
198.206667918523
194.46030831296838
206.27978657538384
231.31870544305292
226.280422482383
220.48640913502615
220.50129591763707
224.94005808481444
237.4891157432562
239.20983296810098
237.56036920741158
220.2696215962542
219.84752985781645
228.74307356577503
233.08475945555273
209.8356016876109
210.7576623163551
207.38202567855308
194.83870134251768
187.4248075279094
182.23927447387086
160.38796856255155
163.48891842386732
181.44949628230205
198.6550562238973
219.0682297803579
195.33670751536948
209.38043858071612
200.85355888802528
168.33435847393378
183.70197900088849
153.41379438380292
147.25001416271238
152.9235419863911
153.57159725615554
153.52647797997287
146.6584956852919
131.8098474763787
147.39379778058134
128.90265651400634
148.02549724583935
173.63677271845535
177.6283468543787
174.00497122208748
204.20004970415033
200.99961737730223
193.3013991713474
198.85105102014882
181.1993991647753
183.94426915966136
194.39637225735595
178.11959633213164
172.454627212323
174.79032573132184
175.48631796746287
169.51683789831688
155.68835014399855
157.84697609849025
157.8105563813685
167.60872944512667
167.43607513604513
156.82996998572955
163.73931704062758
170.10589982572606
171.26350629819558
178.25541162038687
189.18889634286072
198.88922102422111
179.6071866734996
170.43958298264783
160.5765757807788
164.65743404215536
180.4938336165476
165.6359321182929
175.84456635990085
168.67378826053542
187.3664390906313
170.0173345409896
150.6848251282356
154.19158709990558
177.56342032288174
191.31072136271854
202.92745256404618
213.2263492151298
220.05535333432445
215.2525446833318
210.1183094865299
197.19334672722994
192.24844284280974
178.42872290400996
158.0122191903148
194.80243044548905
164.53409266329692
197.65908595114814
197.8862628780155
198.54157660876243
192.4767390888086
214.21932443681706
189.6512906839371
181.38369740699352
181.1353605226946
216.9025267563768
224.38874124028956
218.8317287286267
232.29201295680508
227.42928549689594
250.75679429136093
233.77663436172418
204.65592863907608
235.56616870284182
235.11948796824967
247.89910274288144
253.74910213197242
238.2641964021806
230.22161061466218
203.1453450565949
187.6288904888748
196.10901048137112
187.9571882831344
170.26039271733455
169.38984497261123
187.9393827274708
184.55551517268975
186.69379202572773
181.77995726929134
174.29429836197625
196.88685145268514
196.59249867840225
208.74040377152483
205.2516110653976
200.6374997886612
185.65088666881562
177.93764465979407
167.4384390096497
156.09000487725908
149.07342878285328
147.79808534959457
143.63975916906566
154.9132510624867
161.0507734878356
155.91193680145201
154.84738039005595
130.80199175805873
115.09503550458716
96.55055535721192
111.35611099685094
128.0414507713025
135.7120477543262
113.3089849654568
137.43565318032742
155.42632510813624
163.70060760609027
173.97582025525665
165.13675853857063
176.6405454217554
172.88289769470538
164.6613340788508
155.065572075593
159.20609379020186
150.035971942779
128.2878298097628
146.71513458199058
156.970482974435
138.98110843563728
141.09909835926086
138.61577401326466
123.34207809342419
113.72488856049634
128.46673203689988
131.53117405742975
120.14850035673085
129.20854797783508
133.46841891161426
116.88646253282901
124.07606515793958
104.7608008116748
118.94956365099642
128.57617762560113
143.97188320456146
162.06117375703724
145.08494242147268
140.58449759863075
125.99612391903231
124.6414682767045
100.0271846627827
111.46706617844355
109.05854390612964
121.72192942875407
126.08892871221754
139.2796800168624
146.11233624331962
146.34630840359895
143.45923445652292
140.9141191575413
136.66558980314633
136.94793487166206
143.88289728906375
156.98138861065573
156.64364007209457
135.43276583876667
157.63335006969115
164.19480803680767
171.0530566686306
163.22866999224766
164.24325376018544
169.98927825141286
197.80382211217682
193.6329652403217
185.50517970763144
173.90295418255874
194.2315241528399
180.55475485230926
177.5773144678732
169.42763492932775
177.8651589610975
159.2806558571839
179.2533915912355
159.01452003295597
166.28119843208134
176.30624590006585
190.05776747672996
175.50906583252404
167.94308113162418
173.7966924481135
187.06916726920798
189.44671348223932
187.34793139685522
192.451105033134
190.24433524667603
152.60161946262758
185.5477867550941
203.04103115328232
183.12309361218888
183.42132017805915
169.41207778161973
147.32520538571998
134.76897772264846
125.91174842127799
119.99202745476343
116.16385422269806
113.11623768689884
113.10174201982721
135.54345384357165
145.6537593855525
130.39163190282665
107.74828987659478
119.36820935571927
121.0141101945021
122.81094780726852
106.0775181950383
119.22886109949127
98.87740115705382
122.92471287052261
94.24978622444982
119.98006722619849
109.19685781753161
88.81566095883245
115.68004442380277
114.511853103513
101.92362683919035
117.71691097640573
97.7184524313819
123.82232744933715
120.82648415622499
119.02042021947145
102.31184360621174
125.24686100631615
144.90307534536745
151.13541391677094
163.99503318396998
147.22728559368718
141.834923613528
149.47852562051986
163.07097646314813
131.9077524597823
134.43387204173308
151.4551718999349
164.80818153243203
155.28831576901064
174.3148770777055
170.8955145716495
154.5720738685465
154.10569625853168
136.84677931593714
159.33948426224464
151.85700245383276
134.6003019503896
118.18446837645499
140.78391966192012
146.72090160147877
160.43613545352133
153.63292392115378
186.17942982096446
190.81233739141703
187.3764584482494
202.63845253772408
178.90542711620688
178.6368240472295
184.87444396564592
190.686544818392
198.441490083811
184.01662685794318
190.09641004089303
191.98714903099662
181.587232986106
187.0600301599208
166.19264034978494
171.1894084180972
150.6211178170559
168.69468194288947
148.84661862001883
151.45827943753187
141.8297985354776
133.32172525161945
120.36828430619475
107.23857312781337
101.15715095561814
125.36701260437816
145.96594881312282
159.36338987887228
149.09390822984804
132.70388837592617
143.6115615584493
112.23904560037076
127.96707139244808
135.0239828453646
133.78478642704445
125.04959525459651
105.88772460836822
123.66898443592376
122.31997968092082
129.82623123434746
122.59139646775478
132.35397738880746
106.70937263356754
89.19292231197132
98.25486130677031
80.46690361399801
96.59789654981333
97.10387318819636
128.146782554545
135.62979106935032
141.16801263523323
154.27131518226756
153.9045432102907
137.61714595437314
124.83756601360423
140.8638716491411
133.93372850024878
119.34672206209844
96.92110718785256
91.83935668161557
105.90638145485508
119.78249859118351
145.19728350841828
146.60232689229468
155.0097441610358
162.60704637146793
153.8562221621153
145.1205593791449
150.88192637878973
140.87731877252313
122.50487936025598
124.04005638960106
138.73202900487865
134.665122871812
133.48110827552654
117.93371609378525
99.04931922464753
115.39614505039
104.18665686328659
104.64570524847028
121.91382811948796
133.96320657748777
133.82929829881203
130.31524149252454
132.43496366232222
125.80129132441601
115.41016650923287
109.02173788406756
132.2845462889441
102.13535967748014
112.52898770572264
100.76892714280002
98.7056837253019
113.37196625230533
111.53462479176463
114.21626352958387
124.08625143717589
112.5221470866698
127.49295827035415
98.40398036800468
97.66683788299125
112.81400574698945
124.2667691107911
138.54105517460204
121.02859993740527
117.49990037962188
137.43941288429914
154.58700887379135
145.89403370383312
159.50748309124398
164.59848389531228
143.9643024875418
157.47472803716462
146.71743893980377
169.2004610009613
130.36324733799106
150.2455202601549
173.391388078895
164.54120786790867
158.47138345344348
165.62152791796044
162.33257987130705
143.5294278948469
121.00943357759232
124.60977016286986
118.19063568392203
118.491078380255
124.00178965526541
100.75409876535845
115.00279499020904
131.8551012293726
115.36014945523226
113.26083100756313
129.01566279145848
147.19155117155617
135.37294211027302
141.2137992680473
137.26500335932658
150.2151870008524
169.42742938808863
161.3977889006071
144.8485288848877
167.88615866287753
181.96738187038042
162.9340046926188
181.20249758508035
200.71408025157075
199.11509562233323
183.3651408648942
176.68352178084567
188.96290531581457
174.65587271048244
190.4676366871694
210.67925500594868
216.80536691790522
201.04244324556967
186.23309770040913
181.89856258233561
159.27969965500276
176.62089253467497
189.23561808224235
181.21770251912886
178.45524630507296
166.979130778646
187.65989590500683
182.03058527668082
202.23575194024076
160.49139657758093
167.8530106794775
143.38478996976346
146.9968978690394
172.82838810358243
158.292666366849
168.53172888001163
172.91958208405543
185.97129052704412
181.50326035035104
200.41122380005487
192.23444112552676
174.4498905716129
170.6913948750189
157.3199245137793
143.1892890199532
139.4770039197421
127.26667926441078
126.93560989320193
129.9304554347022
128.44829976027594
129.38595316071732
136.9032412431421
131.97403371380375
116.61085096416845
121.59874390285245
122.94066779563802
125.95124378888676
129.59191134033955
136.96319128426714
137.24151790098668
170.79818620451246
133.86152323340232
138.1377022232135
119.47820666259149
123.94856883191804
124.61149399471452
126.15862669333988
117.20205648471286
109.2620895140378
107.43984703163571
121.68024716759999
110.50657053070755
119.85539408856037
124.01581002363335
135.65747440880824
128.93201750427394
120.62532901264825
109.49267808504527
132.39309929892468
112.0957486150985
118.24527178144635
151.0726208550411
175.20982371217158
153.21052562311894
155.2651839768049
145.40389558664776
132.7398375619834
136.58485434313056
140.68676676397195
153.2858449737039
147.26981730084339
145.74190160463314
137.1616441242514
131.10256318703648
123.50959518202276
137.34282351035253
154.57497493287946
140.34491367958233
146.54819782334
125.52560157187932
116.49294582011004
127.94588258162034
110.6054202091376
126.19660855551734
110.70382076505643
129.4923843412694
115.08178899368036
122.35744616737051
149.31394610115436
145.34468455843958
137.44058187548305
144.1208915684771
144.1800020909907
121.6991629392223
139.59407168962778
134.42940424734218
153.51586684221706
151.33218333897412
163.804810911818
171.12722794976816
192.3826178965309
206.5246429276005
215.54439782592686
230.37026239246111
195.79463416932992
224.36892152769215
235.23754856564133
234.75597377834802
219.59833514833443
222.82774458659088
215.67108281783302
224.4593200055325
221.21759749095906
260.6414794531997
252.52816000657478
201.42736921977914
205.63215657363475
227.9829472711967
201.28935076221077
204.35956586686373
205.37041489235446
200.27540199036972
212.98147970191033
201.6716897668925
194.80817900885128
171.8559195278925
171.92452106130366
187.43569341866862
167.71913108674812
152.16209946779983
153.07295997641526
135.2505406943801
143.4542030840233
125.19676272316813
120.45454813767472
138.8224663387192
151.67710068435875
148.0450568029065
152.7731336829037
151.5011232966882
158.05036648907767
152.50507174753844
153.25792224187904
142.67618538711372
116.73194690451359
136.54323924488983
135.58803031932536
144.98773831238327
151.3024979754728
145.4199003980309
134.66546080577436
124.89846581996946
157.83884912960653
169.77985435165652
184.0319324335045
179.8099654032856
193.37024566426075
192.4729464188976
208.8146271994929
193.19792455027923
168.20889579976787
168.5169895067208
161.23219360166198
152.13770263827917
132.97070151705782
126.20565898649888
114.69540212651088
123.65732543637058
118.6392594830521
141.14961797806706
160.77439648195949
165.34639997415815
152.88381263337288
158.49652669652815
168.97883565348815
165.53410345588412
167.1593398454859
157.7889342951857
188.96790826486338
192.61114238674966
172.8829539120462
176.21413981050873
168.15913926789278
199.1339793916009
177.76135997002814
175.1343842453611
154.81926516190026
126.76387050424017
126.61921335996996
122.66538816697796
115.365957503555
136.01266703577767
137.20255055772225
135.4295164523524
125.1553177649892
128.8669048241948
118.15589483945098
105.43635480408861
127.64920928770329
111.22877120831632
97.11139493085034
111.44680269903577
101.14685879097351
123.05698468738476
114.19706697780857
113.53914218118943
94.49764068633885
111.01209323218119
128.46138971732466
133.94131592351692
122.92134031599718
112.19388574147922
124.14104296174492
132.0295315191894
127.46818385729307
127.06057719540718
142.48177917575464
147.31290386926426
134.54363702520678
139.85105500519325
145.97294384217284
128.2343201608571
138.0120157541397
140.76476867197528
124.7553102068814
128.46211308636464
143.1845965851039
154.5033564461605
151.8591275837242
160.94649515901094
166.4281135537645
153.1620750821089
163.61645328110302
169.1850452604054
176.17165634889278
162.26258954749662
182.87269835652347
176.80172520656168
169.99209042611113
166.80664662815627
190.4501636072042
176.22058320032147
193.1622739317566
196.18600893173553
217.8827128951734
211.1210287881068
216.04750800415022
193.0670286851876
200.99919724122313
203.35949173549488
202.94216592135695
210.17297133369544
199.34087967446905
190.3214919460627
168.62494925540344
196.474300648477
203.49013279234157
216.92257826487165
186.40825387961416
199.50390317489342
216.63697058260863
207.36871452665517
231.30666997958102
201.46320738680637
209.97554483420635
208.91712947508051
198.65818098931422
183.7580220813363
185.03501717938911
192.6159185964919
168.58329662776114
168.4588737453076
165.6560009680646
173.58941659344222
177.49258753388676
158.79755228473556
173.0166379827041
165.4435867169533
149.66107352207422
177.01858012107107
155.0694797890185
157.4606092017955
129.5766097023658
142.71653929397715
121.17186861233299
114.49317896335604
97.74496103202459
106.10255592112034
110.45863328440406
119.0428862293657
121.2289703714736
127.09729534958785
113.57985086825482
100.78911264511426
117.94764223876
111.27663968908765
100.54006423460483
99.33835126638904
115.29445353557952
131.18799229829762
143.26230725923634
153.7687684521545
154.98531791852994
162.9915991266109
158.94241377567204
148.35364759594574
176.89614922142218
191.91018997969366
193.3687631423545
175.37476485228856
184.23725023081147
183.31601668869726
165.0854324292134
170.37945101024602
181.7962036101004
171.0282954480848
179.12424414077356
174.9993091536034
178.2487752290285
175.7871221705336
181.38694079574086
196.67826201777584
175.2023034820926
181.72684107699422
172.4101777844001
180.50413004385214
169.81480599959323
181.97664466863398
170.9193386192416
152.76151114024194
145.01990395275874
127.82136050880099
130.55365233281913
108.08406755049411
96.86234292685221
127.41454677282903
105.66003578971619
114.0236804965267
110.62629758981865
113.7460584832441
103.94873288534536
104.28324385084623
109.56142350260318
97.1260815463956
96.25520093781161
114.70023182294001
128.67130123922752
140.3404570808213
164.96818177378177
170.4522510355837
160.0131216190043
153.93687519520185
181.40312595839387
172.48034771935835
179.54075266920125
184.60376493446273
181.7448351153044
172.1752873909327
187.80993941688186
181.4350458296776
179.44133227461307
185.55186044265938
214.2090408528229
196.35141639497397
181.74104877584065
184.39787743008242
182.2782652999274
213.69659247761157
207.13595476058146
188.11215125956653
167.53470853728052
168.27355607263823
173.3987292238754
176.80730466395465
172.084115326896
173.4178496039211
181.66054610290107
170.58093891512723
158.41755719985085
159.32358064369132
131.23147583515131
154.12617979297985
147.74039488838366
157.55406230999262
156.61613262729543
144.90150267751085
168.77642868239712
163.70115610640298
173.50655929567904
164.1848752540983
166.0114602821406
156.33160284760604
138.00972433521636
146.66298820302418
133.3895972726987
163.78819588218548
166.3696756639846
168.3008998096817
151.8982108135424
152.2970615489679
150.22525192919824
158.19987892930374
144.0733042724311
134.66985824067592
152.76101913739527
154.87588231896254
151.91601289223647
163.02830671540363
166.20195513555015
184.01639846270712
198.3411430425162
173.3902883302
159.84504864991302
152.12226868767124
141.47430221475895
147.79513417530757
157.9166750046071
166.28423354049082
169.71481352013205
153.91325352683066
143.85607161044166
138.09528845837275
116.50393412312589
142.3227220102439
133.75839920570212
159.90338906126337
151.2641223253642
136.19353134386205
140.9597119541928
147.22906058816707
132.70370140260633
110.4103128723263
133.81690611532025
122.45893592029952
150.13077948852188
148.31036692628714
147.85843183305283
134.05583336259213
117.98781908728157
123.12308176017888
147.5888465489613
128.86419457795782
151.18953258714834
143.8359871185198
156.8263735443967
141.62174505481127
154.23835985238628
165.85177732846273
157.39584883964932
147.38266186957213
164.55299573020181
180.79028394729474
169.65839613350616
151.13706833843338
143.49922172762652
147.74102643230904
142.5410675982405
122.86645424735266
146.2737393124937
157.33503868480432
170.03236537182985
191.97223515336
189.88043070831114
181.71914859310266
190.24901939330005
173.75818269469877
159.7734531171389
181.3928119624625
198.2649539804772
195.79462553057903
192.9254777627506
214.77837815077206
198.95739647734715
186.30039700706357
215.7203352404056
246.0627844654568
237.77471121123102
242.1216500956225
255.85893258239676
274.69716148099394
281.5164063375995
263.3316248498937
261.00357474985924
254.56410256744786
245.3795059889385
244.81541554650175
242.24155143348665
258.87545751542854
222.35319109173307
243.53157356471684
228.98204735081347
256.9484850928732
244.1079624142072
236.55788868533313
261.1404666039188
249.18274075934121
243.16914723755488
239.976719984742
218.72447855538348
210.66837634721477
193.33769039408625
192.6003899794271
216.77634269645088
209.03127721787496
181.21033290434525
185.79148741881676
199.1534878983496
217.6275881071841
203.28250882726599
176.67107998648612
200.3123239368057
210.27506210647323
209.10226450933294
189.1069731837587
203.29445324200915
178.7620459612615
207.16867718524242
194.40737344682034
190.2726752919823
206.91306356651774
198.26161533014115
225.6066454590302
200.32663595316765
232.71523245305127
201.85722072553241
222.12771787032563
211.35006290357316
234.13521723464896
246.02976204232232
244.02730773241922
216.5633810476466
241.0121010026944
245.25449715169222
251.76368188111337
244.40492589303017
251.31964054493477
243.96906304829218
275.6605223029213
252.42167295102487
247.10009344015012
230.4455094442195
228.2655213647899
242.47496415565635
250.12421495948126
255.6180279745544
252.29147676050567
264.3797567988475
230.82763334670088
238.40684810647707
267.64932606074825
247.7866114160957
233.29646928078182
246.91924233870577
219.2959632560589
213.95419428058025
223.14755709125407
192.24769890066537
188.75315459277255
189.8826798167183
208.2940248119478
207.48419148765805
227.69207804721316
180.8972075035675
202.41634233795145
186.42232236223128
185.1488373444635
193.1375178136472
201.0944582348618
207.43284871305053
221.0171928194104
223.80394237456676
230.0055085970547
215.0640460337433
215.83026380084178
253.13381111255782
275.2798839151171
283.0588106333314
265.11691244368365
283.7037799094246
261.5660300358178
277.08622178014315
263.42952125577
250.1484299105618
228.18658022898674
207.22876113293103
235.95387322002057
264.1519019982207
258.75686355067234
266.7590432172622
272.09974684487116
249.0695273534547
274.51500844210375
265.4973904558465
238.29810245128317
237.3270944255805
242.3203373260337
239.16359477035093
231.10533730754642
230.6184973610363
222.10669614810217
235.9315084434334
219.6478265094284
192.27402744717753
202.31342750306388
206.28675792287916
230.3773571332725
221.24937849459516
244.53476588989753
241.89205699462138
230.07802820666416
244.5481740879537
246.26418873900772
234.32206961319227
236.55093032782412
256.1562508882772
269.78598012441114
242.69247122501065
237.7122232597861
264.05609006130027
248.84545292296085
258.4912400297115
254.514290643471
237.1492142343068
238.38146499957844
268.3251303750718
236.25772809612482
195.92191988487647
238.6016067616707
216.95989535420105
177.91999987338238
231.31455803175734
209.9312403389232
229.9331243384862
211.3819323286123
255.7296738882032
264.10343908737997
262.5833270071939
239.63922404775948
242.18687162610274
264.47318886596435
274.43981159263035
245.9894756974404
254.40195608201168
245.8132017415791
252.58349728133513
243.47073021092484
254.8282549664115
247.1151770443215
253.8002865003084
256.62217594780935
253.05741823019923
230.90466169615306
249.3437378422234
253.4502579426235
286.41198206805507
274.1302311338341
277.89906283114783
286.5065803877
284.5362224983928
304.84501134462664
293.5279868213539
300.35678578520407
311.10874636590495
286.286887010473
275.95738554538593
257.6592058581208
260.5382653809234
278.22502073421657
271.2684069468251
264.31505271599275
270.2955781410584
287.03187052571246
302.4433706073332
301.59644131935386
290.0535821420735
288.16172417958546
269.7874789213138
290.9714316757114
276.5631569039566
283.4993650854123
281.9915648809823
306.16225372727695
286.7661434367757
253.78694279597775
282.80733330440734
268.6890039566296
268.69152670477973
281.2800761502032
262.6174906963308
244.491486994756
221.39762330638973
212.82243304302332
212.35625357211336
207.99866659389986
213.21808316323418
222.91548263666834
222.74916497895356
210.91751386140925
181.88431972264794
211.99928055746565
199.6882726982354
208.84793135898036
213.77380780462065
201.9940971496273
225.84228895390044
220.99802281213348
208.01863981641353
190.37818148441983
184.9780345834543
191.73601251051176
190.01254472414882
180.15304650320832
162.8710118256318
197.06518108099672
212.63689544883968
181.88266915389448
189.90423096619884
194.8449301674714
210.14806773011065
215.47964576576655
213.7753093129215
227.50305539394645
226.03798751343984
243.40518498859004
241.81417168312424
252.1002849266232
206.37072020076482
226.32550464102997
219.04972364124208
216.24059963296125
216.31304732044146
230.95137263235802
216.11275038332778
208.23032317326945
221.31098775576893
192.48043944659688
199.10446026721954
190.06595318552513
211.59046824084788
237.88585827915605
217.78587195035075
203.94312494735863
164.1694989763016
179.77828267532382
155.7872311456737
158.6293191143047
173.82246243087414
169.0006351069096
163.81935801706854
137.16750789075397
160.3728045208788
145.9504897866308
155.70552508290294
142.46929092628105
142.47418766116837
170.40337648797447
167.6307906859568
151.39041384506518
150.8639831878736
178.55929512021314
163.444703095163
161.678948599269
134.40796413725738
150.84378453043573
126.99203554746967
133.98747989911053
127.83408164035926
131.69823608394915
147.89086590122088
132.51292707926928
134.8246446627871
161.28452094753004
158.61605891507844
167.70089825879938
159.24649177485728
149.16157068979288
138.23869389855477
149.49882766532934
140.69779992314943
122.42858061468161
125.12698696232782
115.42333993575998
126.68568810579275
137.66099484532677
126.64115215559555
103.82917921542543
124.9405313597653
100.41412548168344
117.86523797632283
111.49824666569017
104.45935987742507
127.88992966627201
133.2709450351014
150.71549022178877
159.6765734586655
160.69950863284936
148.14551129403893
142.19428057611293
151.5504433555115
182.5833463239467
172.11261747021507
168.22000769098827
176.91767230025954
176.9697385633223
175.59836471098836
179.47935890409323
196.22730902678927
166.98392294320908
171.56488464408488
200.93559274814268
218.99235276924713
203.07770448765743
202.49461060591997
193.08886739743897
180.10927835535406
188.14889761396614
188.96677818573949
177.43032417829647
174.62377119802738
197.92229187802857
187.2030655053686
181.2516875529471
181.1094740684423
189.80150411056476
182.5983604633568
191.9014611378213
174.45357059454477
197.78819965304535
200.65278079215793
236.49860209575655
205.10510810926587
192.3765059946239
179.87543430166312
180.63103682314392
170.98893154896106
153.453223303531
189.90501727121065
153.93244769358938
167.8570203615399
171.7565534791222
164.1451759902168
179.5976104503751
190.95846657486246
187.7631153547268
214.58588770647606
188.92744716732457
198.42437517812024
149.54265521868004
177.84358334246687
191.91293591682276
195.2762798042396
180.03338779586025
193.2107095413953
184.3802427455909
209.46543108787967
216.8144855195601
201.62143367363208
197.13262568979374
190.77537025870626
209.80278710337058
205.57197275284872
189.94124613473966
193.08425465740217
196.87497216606462
193.19148651896953
190.15282294556562
188.9978249195083
199.495707319563
200.67377414817577
201.07875693485772
196.3083776257616
206.6909297765602
209.9640898677215
226.91710839033163
210.11552073910207
235.77492107241974
217.8974141083003
229.68612223974083
234.19368567019336
252.42331688778546
226.62196208155842
222.42082583439563
232.45609940494396
257.1812749638025
231.19594688166663
220.8205741450288
208.81154326148194
208.3894349734104
202.11311242619655
224.32078785553352
216.07373932171927
202.09624649720843
197.00646375315839
191.2933467654966
191.47538036275785
194.151579757289
177.14461179700413
178.2063607394643
186.8599029404753
202.34148258225818
229.19432590834566
241.46198226559181
249.987847833003
242.90536716956734
236.65336978792013
242.16602814350824
237.8408592837653
245.98555493434543
205.9552932542804
236.60467189404324
216.89484223984564
214.73416026843066
208.4178861256383
207.78317598059425
193.77421412007416
181.90414834421537
180.70850512267893
188.8759051907449
190.2306730825762
210.05822479610856
192.33243869067323
196.9993723781495
218.4496677333491
210.2006480983993
214.2605288895416
228.43918636576223
220.33256135774508
218.3901142164638
206.99621645575337
203.26852297822023
212.86953137518054
228.47983710829703
228.57004665428886
223.4593508294577
204.1871937134093
215.27960967028935
235.59755550835345
231.7074964262991
239.73918714905147
247.98044535463666
256.3253942811866
280.2165554200362
275.4400008438664
270.1586438742324
254.94275126186437
258.81657059275534
227.56756068087083
243.34448517938793
239.6546070375165
233.18737588978175
228.18322603884332
236.94513529792084
231.20604495154126
247.11404261384502
233.16323200490444
261.71812634856275
264.2053495675543
263.2841167788643
263.56517315951737
262.7618156839319
269.39503266069335
266.55029617834646
251.44908313318112
229.8428754368553
210.51462984311314
232.6895146842835
208.74565837927136
235.28504963377543
212.6270530162341
236.77926119235494
270.8986066616777
247.42416894770938
240.7690712355929
227.9080332735401
236.09949429485806
211.42188542465558
217.27777081605487
202.88706556780252
202.49878230174795
204.66857003664788
188.95025970483906
201.37372764716864
191.57410291984408
177.96907095664662
184.37266908916442
193.1044671034506
184.6216067377485
194.55224578465806
200.77073899414566
212.22445958620207
221.9492839466715
243.36561543240927
246.93137549821776
237.63086410650752
236.39607302909573
240.03483796717924
235.06976798300704
230.37981251228564
249.03506398378676
244.1455486853145
258.0809066487431
243.7217765353979
260.1810028756627
261.04693097688823
258.061517070795
267.7090359864827
257.073679800298
274.9878441924105
260.00551080641515
227.4198073226648
232.89067185779814
260.7216620534761
269.7418738190593
295.2238374732609
275.0820975875827
289.1255561085327
279.8070053954709
248.12806111005852
265.53524288067933
267.23307750433526
274.7492136666939
274.5032693775336
275.4095140009922
279.8482142947933
282.62935979602236
278.42245473740434
255.0280513591176
286.3589058090088
271.420988339578
260.72246944696343
277.00359283053467
273.7608831368279
274.48142278524267
270.6050298048152
241.23970472339627
278.54314622796943
271.1459702623818
281.95708599347637
270.6761076730059
277.1041815213717
283.4981204313146
278.9839703514108
288.0104391601951
284.6965632995959
249.0457459467188
252.02007113112987
226.07243232407265
251.2123618084772
232.32783233739113
245.64113185387333
216.60996239465143
240.84790307169197
239.65961646895164
248.99670681580437
230.5801459617152
228.63709780101433
239.01452615118123
236.30108620501636
262.4929463827108
246.77448944708706
250.26444447497047
227.36214508655763
220.42022798043982
195.91148200354309
191.8062606557448
184.2887246772234
188.31809691711211
180.94081512692105
173.71810842903847
158.4229324213599
148.6379163730721
155.52646675495913
147.57327441322022
149.11425640122565
144.21184969021905
137.24654728068478
143.26809935227791
158.32624606610946
162.83757149098304
156.1240023605818
163.60626302087522
152.39531022318172
154.91697366609918
137.58231045243804
139.4583543233169
131.79036868402073
134.30135140568228
151.3160531357688
153.43689800074398
160.77558698081566
179.51899917850804
195.67390863117268
197.98245095862003
198.6346668812349
176.8684360232446
162.30011835935616
150.89914414993416
132.8777594412537
155.04885514484207
140.04780803723375
143.16578859689963
143.91705274763314
134.85354248526082
135.36125376793487
155.9874344383689
163.0724130284576
150.1437844682443
135.1920720576766
112.31770364261413
130.9052031328833
132.07231525015038
148.40058686066382
145.56421675886543
147.50938969931687
133.07189918359933
129.6687432576176
126.93601195961797
148.17633557745555
145.61303583954506
166.325198316989
145.05807700514296
141.01793995352443
131.81362594316718
128.89861335098234
120.40716411020584
126.64866330193361
128.4401634510613
144.93019642736
130.0520766341237
123.24337603105089
125.60262297842426
133.69733420572072
129.6685987079613
149.163168508527
151.1869452745941
155.21050525682875
151.38733977894395
129.92215143483287
115.02983759133531
130.69681070273302
134.4890147970666
148.75436493828158
129.5568538456142
106.47992102899569
119.08417992913205
125.75891731943247
124.61068500625265
120.61084148303274
118.85462203932087
98.73205831065309
113.16395125574385
119.72683000387892
119.31156964175932
121.6038189671557
127.56130625266157
141.9893584296974
154.80083630374895
170.6878422688231
184.5456470597569
193.281736386786
194.09662077824183
202.0266016417872
214.1755801462001
210.51894794633708
225.65273472554978
217.77273814401886
193.64023988931308
210.48738348697626
199.38927474325092
167.46825455821894
174.61162431555294
163.15469100134996
169.07201098196413
151.836548972928
167.0735439958072
176.89330732044814
177.76807774614875
176.13964913549023
165.13075961863052
167.7995143603476
181.4955137949083
167.8660021962141
177.86242221777422
187.01202022067218
194.81294577303282
198.77937245828434
209.32961236392518
197.3648767526323
220.4179636131569
222.85776159604964
201.88219371779843
195.84593244192993
182.9423362127344
153.6384368522385
161.13103295778322
185.8160895303434
186.69832299697134
179.2309879123595
163.17470254928855
165.30759480113247
182.2588263505837
167.90725154678012
174.08902004577723
163.4545799541003
190.594903350989
192.24569370020288
176.69454806685036
174.5519090537996
174.4105194455426
153.40563120379122
152.15952309940272
140.3614602666626
155.94830311752776
111.35287660639092
118.31960918167297
110.28941468192754
114.88394665370421
110.46234633401372
86.73470960363137
110.26605102086799
131.30919887961656
100.63555029141015
107.16838578472758
94.89158559588263
106.73272391806371
109.59385605334143
108.09697378921827
86.53119277047846
98.98756625129614
91.38218857837623
114.25776817196702
90.23001239475437
112.7962508447596
113.70229217269768
123.42546517237858
151.62151461595388
129.05024808376123
133.70785546129264
153.03558870341513
151.74410081776557
139.19988144833974
146.57010682939014
132.6298319468093
154.1815814859773
159.74616628664867
181.98027803428113
172.2265725274117
182.3278495299325
177.61563957720978
170.19076385084244
159.02837334115299
169.85170744625322
195.37004696720513
189.33819194876625
197.59470728007358
198.47719874356588
166.63531272201058
162.83140938527598
177.16800703014854
163.8954336056769
154.2259127079348
171.79710037867727
155.2865298729667
162.12440691144178
146.44419153370546
150.34247456003644
152.23290618863976
172.3482410521733
139.9865974052343
140.5913679228847
121.40212601091844
103.95096979527526
102.75861984797757
125.20136156532156
126.18458767060204
138.80278271627023
134.14983347340618
131.18186775737212
127.99381137590947
135.58974442260725
159.3394258920291
150.95615201771153
135.046481299485
146.1481195135122
155.12952507225023
159.01611189599816
181.40674872035677
161.45791365390886
178.03478267071952
198.1070748276054
198.47870022682136
183.29258382338597
206.99846612658496
204.03420501325058
205.47117498821282
230.34124274690438
234.40490372968532
212.23968185558059
223.62734941688532
204.91829520070326
198.09845562504896
206.77572424301627
201.19450298529637
209.35716495910114
214.66452288038855
191.6617375502142
221.36888899035537
223.25136703482752
219.82464779291547
238.15737186658544
234.86743662901097
237.79722749505834
255.21737594905488
238.92116769750058
232.97169215040142
231.42176564256056
236.02197102835214
230.68142697115172
234.29606419944975
242.53639457574178
228.6122658737181
214.69082150526404
199.98991316831362
198.14652536787312
189.3996195417581
196.28797894002665
220.68995487647652
243.43995989169477
236.47429241688994
254.125537677405
259.2497495115899
239.58192591377082
275.6914886105589
284.93398426523225
270.62493293771104
260.1457339381614
262.52352225659996
272.4715396492835
234.4193155160548
242.99396751693072
249.56068308905623
255.0235968282466
283.58775785372825
286.6756269753392
265.53052326707757
259.613712551685
273.56925214964474
269.49811754448103
243.3370111206855
277.26475772793106
255.60454606853335
285.3070103351785
284.5309225809868
274.57416895052563
266.39316464230404
263.62270774884615
240.5756044008418
226.294015722059
233.57527843980967
240.9389857744501
245.32791975507592
246.59703193366977
247.51514507521193
258.1307531734784
260.1378535946663
264.7673695295747
251.57667682814622
239.24247986285135
246.2139163367535
253.83197069268334
242.08485433120043
244.28721750472312
244.92422073684466
253.4807976399136
265.1951177568743
242.93582830117714
264.5501105315122
265.6520105287991
255.33775406403248
260.97709930046204
251.73670484901749
244.72622324050954
251.86770023127056
257.4420111214602
241.3479900281982
224.05741419988126
241.56780590892922
210.7118412249911
222.09475797026062
211.43260819518562
211.66859026612357
192.97976336462122
209.29768985288462
204.94905419299639
203.2280857425033
214.36176716539032
225.17630937823648
218.21936202321194
242.4735409269349
250.4710559520416
224.24835394330117
237.95018130716454
243.43882590393372
242.5233896937284
230.55407394354341
230.4025497677332
244.17245547366412
254.18865923073022
259.46246235704234
253.39628781792106
282.9494969058722
278.86325504521994
288.3584290983266
274.7641027421907
276.77855089452083
282.54175301686644
282.9268893119943
279.9658783622026
272.86693219330755
285.6071442925244
285.5521572373111
272.60748822263
278.6786180758268
276.6858622001556
279.25478921553605
237.09193028497083
270.4679463319657
267.20963098108876
280.5401408831604
256.47143024401925
280.12617967596765
284.45875766442396
277.8937024567217
263.1404569014216
245.20571486473867
274.78533232492543
250.94208110021344
275.28353607265626
277.54991521869414
264.69220530158816
277.96767338454333
280.8591504629685
273.0348990848709
266.8545179468744
277.53290541597886
274.9777515252284
278.66797224167146
264.39257982761904
250.61621069780014
266.3010707622161
288.6485736226333
277.23934446758454
271.7819407313167
263.457031458239
254.30151571736832
238.2976662210168
233.37587023604289
237.46907934459364
237.01486913136858
257.48382480037253
241.87843299797387
261.617825582549
244.7945419828264
268.13059710621224
275.0690097283361
256.42397391585587
228.2804544833535
240.06051855587617
248.3267645279026
253.85802567187122
262.2685047728131
252.46409890828505
257.6029602813337
258.22852947646277
268.2674571805888
287.8288777388002
282.48023685318765
281.10109969453504
279.85737633366017
279.0277679885546
295.29194870678253
272.79581916174226
291.68098964994596
293.8471042930205
272.1677861493355
293.23843331450104
289.6103579485879
287.96443383041213
292.7107368065643
297.1780537933207
299.7299506410893
307.81298888576356
305.4941050420117
306.9377061488173
293.4884635325361
285.90002268508323
293.6708275633403
288.1388904302607
303.21721700686555
293.2814973445624
293.69031375884447
297.3652956598087
287.78180413795747
280.7910338695791
273.98297374099445
290.8141087367161
282.9269443861552
289.3532682366386
291.6447565464361
283.16113302039525
294.32935928103956
290.8776467806859
293.66462793647565
295.7862972711321
296.20778778652544
296.1407306938863
305.7292059102667
300.20970688484664
296.0333656936277
302.4737436168769
303.25700248444696
300.4588338353968
298.80795815239793
307.04914747701656
301.6309645297571
302.88192225529866
294.6828988835357
297.8365722370906
299.7091271384474
297.4313206480795
296.13899506006993
297.0867886550446
295.29701927520614
287.63614377027335
289.83421367474983
292.59264326809955
289.9864435481093
289.1753795140647
291.4184366504017
292.9979894131976
303.5020597457307
303.20575739979796
293.1377858346247
289.110638922665
290.0261648436516
291.4147006743771
288.3321891038978
286.4042667532566
290.2000283558999
290.15365198829204
303.63056241857436
294.5097311256308
290.2953896268807
293.4281638555005
293.5119817388728
275.8863601255864
277.2380621945145
272.8722446764846
270.00139605284403
276.9677413240388
282.32265902969755
279.0434778675216
283.83612130370614
286.54189707060607
272.99514988362245
276.21152368831537
277.768188993522
282.43974676967
281.38429821283125
283.02330166722925
280.6403134443246
285.95657723105927
284.6112825912195
294.2931208229485
288.67869307703904
293.2957029025345
293.4623386434021
302.7252614855374
299.44005658759966
302.64989052981684
295.1830727699141
292.91630331811285
287.8725723896219
284.0498841778009
295.20728030233033
297.0352679941945
297.07943212295606
286.2214363615469
291.89337356157466
278.12199162896593
282.4022205518923
285.9932111769663
298.63334727380766
288.1536190462597
290.40716068466605
293.01527894499
290.3732878127613
295.47410111356993
296.3453556032943
292.24469663286925
288.48214054262
289.9797377062483
293.34345472906904
295.0773516456622
292.8220267062356
295.78006147671874
296.2963033457438
298.4257443518305
294.9646805027345
297.52256319733965
289.6294774608984
288.75045729703226
296.04714741063316
296.893119525673
304.8966036613091
295.4435131645205
301.73099802204024
300.0701877840791
297.70019873593185
291.7455717691688
295.2788470083333
287.73369566883724
282.8753017536183
283.17049805457896
286.3715276427339
288.3025273092647
289.93770143539103
286.6115754710208
284.90218922669266
284.23979580885117
287.1252716677933
289.47008831008674
284.43528732363535
284.14083609059514
278.81536304615514
284.985095062542
281.6075452135255
282.2179197227849
292.43322948807895
290.4199707252598
289.26372891595923
293.1639749224352
290.6441675256981
294.85089976015763
296.84574067798854
298.55411712389855
292.71528484972526
291.72978818717155
289.9126476605445
288.4428157238593
290.2842159143915
289.2801009358723
286.15213069177287
284.7480731751936
283.61420890197354
278.29244658369834
283.72715596548954
282.66180002916417
282.05001047280814
283.81987005779723
288.38541171827393
287.17822636617456
289.8898841714047
289.01275983442366
292.7222900702068
294.6117183255054
291.7516080437109
287.56607905371186
292.6171609637498
292.72141754956635
292.7218192097984
291.2614290384978
287.01055738426743
288.0319994394269
288.41894294185994
290.0231956384481
294.14211823060936
295.06877214014685
286.4497530919793
287.64510454244567
283.66689196114993
284.7442061478732
284.2918247793171
289.20746667979256
291.23641145669137
288.7189353309485
290.6368288148883
295.69673323576745
294.40837863997336
292.3007187556141
288.45211738558186
293.4723322645133
295.1711819905028
293.01246601430984
292.17724327082715
293.9820679768143
294.1171397848517
296.20294089057626
292.55375278487315
295.2558687799334
293.4168041337763
296.40659442164076
296.9708540477947
296.7010382348214
296.63528191239624
293.40208594315294
295.7414959358899
295.1569474831602
298.53020553590346
297.04706950527174
297.406863090745
297.91164135168793
299.30253088305557
299.7143583156218
299.4774097752622
299.6013865555248
297.1706335115655
295.1062324213596
299.1267369268168
300.0840317759495
299.24916472338634
304.7904679971788
305.8166070469349
303.83416111634597
302.7957833354796
301.23282014371443
304.88140528625996
306.16040144504836
302.18718967644753
299.406883851323
300.26390432624027
294.9075639939364
298.9423969444528
294.4688196473257
293.2409728983356
294.0565015382412
296.4492084675731
294.70562399358164
291.47801897068285
294.56751261607434
295.1579682946609
300.9518584336236
296.3442595487415
298.03528950418854
299.98266754557056
304.33245937287137
308.61836264891895
305.9741134451934
309.40327227424086
305.3911871397635
300.188616199883
308.84992779468996
303.7252796451823
302.51797660321694
305.8198283905212
310.62835036317915
311.48433624199356
312.359987657158
310.409426110837
310.7056866361634
306.3050159647947
305.390313214353
310.41462627482906
313.15149542039046
309.33718897302884
310.50870727690557
310.4723956841071
312.30165356668556
311.86565063024625
312.43916438458575
312.70468325885554
308.98625136779765
312.2365467410745
309.29709137705765
309.4452380459491
303.58361063717376
306.4869628645633
308.522317983578
307.07402313073294
310.1482210916646
305.705078482103
308.2164841716152
303.47404771973436
304.9649473989206
303.95495151113244
295.8447867402248
294.25939258141824
297.6019160884692
301.1595087006725
301.4823985223895
306.31211546969126
306.7193641442484
313.754164466096
319.1604166634879
317.420193918983
322.3744087068078
322.87857948477
319.6500433733963
321.1583867715568
319.2648620051557
321.40749793116436
322.2653208891047
319.97666788587725
321.86027029183083
326.7563290468035
329.8169943093648
328.2899414906823
324.8178709446113
322.8369589459161
323.15194671718905
321.2669323350854
319.85011414569135
322.08061095435954
317.5927396085941
317.99215433279363
320.43830407266404
327.1959328745633
329.2848001987016
328.44921677399816
328.5032659318826
325.414991101528
325.13263551915384
322.15791238932945
321.49216771578216
318.9760185248453
322.30057058000205
309.5441281783707
308.07628699889136
308.02402445079133
306.8405223113347
302.70523849988786
307.10127195618384
312.4698717085969
308.9832442505316
310.59065086496673
310.055925463314
310.91168261699573
308.94463576491
306.81152506957744
308.41213183272924
306.6678516563954
302.64163411569
303.0122071029782
298.7672847074524
301.5949124834804
306.0973471533324
305.9058350279396
302.5222417125984
301.89704664681824
305.29986706751566
303.7235301811575
303.70750335223545
303.624800564532
307.29386398629555
307.6111961896137
305.66731123515
303.4434968903508
308.57636969163553
302.3247228213232
306.9961912620869
304.2848636013099
305.03686888514926
304.4851188642294
301.34317790328697
302.43760466530523
300.69165221058864
298.4463645993532
300.1265754606281
301.6882801558225
304.26577100789353
301.1958719117399
301.6672897885428
290.6963299961878
291.5734045075714
290.429822637772
286.433092495165
294.64796071241483
292.4109553388875
295.21856661083206
296.3305389685253
293.59663286413644
296.8820309671539
294.80415766920356
299.8311089126444
299.95328348260784
296.8916054080419
282.32235707391146
285.01418355103266
288.05684201515953
288.376558641054
297.94866578516934
292.77851836838965
282.0956482779377
285.41814021879225
295.69885688708825
293.52928481792236
285.7358852099387
284.9479883858817
283.353458078251
286.8019612928988
275.75612500402957
275.3974509903652
256.3187504122586
272.34632164827536
288.0652009460082
300.00452607130137
280.8864672702127
296.160075341645
294.6051506964347
295.1462191319245
291.1593548859492
298.63174831647143
295.4504564112568
298.9417793130578
298.77675974780834
299.0899689293515
298.6788295721632
289.83687343652616
290.4804868696518
290.3170255942462
286.7084740074752
264.3767561111972
281.10441687339403
276.07338012928585
303.8045859606333
250.72600558701072
289.21975931784624
292.5693708328341
285.86283964661493
290.76127506471397
283.1612090124175
253.78801232578226
246.9935376525003
243.76105192824775
263.89716174328566
249.7330392540352
246.841482167788
228.85409779274738
216.67938426349747
215.67896090463304
240.35169908181166
202.97515193062162
215.458249125084
214.56746501600998
238.08375347162237
224.22463727478998
219.27097103770413
214.68090988941356
211.9659262210149
204.62703574164243
195.24795870081846
188.73535293993697
187.20345806056585
180.65445701373878
177.48036896473735
181.2733503742902
162.32114094261684
154.62563722389046
175.08470541209616
160.50832483768684
150.52150971786608
147.50736283451096
139.83727147925512
147.7482138521046
129.20560142721956
114.98672069899624
114.61917860162563
116.2789731653583
121.67901945807611
141.46189309882348
129.7407107077621
130.93534255642916
114.3650117065892
117.66987656295467
110.48682089617262
121.56225385941701
92.60859965458037
106.10861642727423
113.1332306607346
102.24287440673972
125.70012851044216
113.65955990943895
127.71123204089892
147.15566800954474
131.0034445794713
141.7817114325091
164.84589498222417
165.20607627001843
164.749231616994
167.0220904108757
168.59281707264938
169.8322971967617
185.42226667901946
198.2087403400936
206.3969015664325
226.35380527289453
217.25238606889147
215.9914163225467
211.67810443937253
191.28491292967274
220.05964378926475
199.51722970767466
183.26415163980323
188.41293717815043
184.25486120077358
179.93535371022557
192.60621920053302
177.81583588369395
201.0311444862477
213.34999082484518
209.08671850904963
209.1577424654018
216.6625928650247
209.00236319076112
201.06970123398676
201.65284256499072
221.59067135425198
221.48714153247312
229.69202974289698
227.0498716614782
231.23255137842278
248.41777543441026
242.88889721755893
212.2111570917795
221.59539735502102
225.3082357887285
197.44586525123458
193.2478332407053
202.92300909588306
213.4239113959366
195.75036466418265
208.18270692011208
209.25061945110193
218.96030173007668
211.96312257265956
221.80675511468894
210.05376615779517
191.0443683889766
190.33896982551065
213.4548132283699
191.71914496851264
189.17573594084786
174.90301073045038
193.09694947167299
183.00670437092737
170.39146087343724
196.25144849095187
190.5969109468634
170.19983953274726
176.8803582770808
160.98709136711383
168.64322583624187
153.897236466285
152.7479672937766
163.61174606813722
172.68601046827422
183.14711285327675
195.30386364069918
201.00148391266725
220.8720034593232
226.08628110980106
211.40545426948552
225.24658012983687
245.02207217488163
235.41043157834378
268.65079187891365
297.0546911481536
294.3622640947406
265.74232049916435
292.21891629024833
281.2667497514048
288.2917528531439
287.9820056894192
289.4955179895227
292.60026908191935
299.6643372603875
305.69620723029635
295.44958180009417
295.7079835631409
293.6213753289528
278.87836432207905
288.2647103784293
290.3394453340783
271.477351065578
284.32979696634555
267.32604211528076
250.14930451025643
248.44666636217846
295.3054418438927
283.07358014643034
263.29397219624246
249.3143692188325
249.9677189078572
224.79046691921548
245.89099310304934
253.6905393260849
228.83612982763844
221.26354760165617
234.62828080427323
223.98465656238605
206.49057921154272
227.49297838087932
219.01792369459162
223.30043761824624
205.37215319086326
181.1151104504111
176.17081004884594
175.7501748676925
157.59194183873416
140.4493520551082
143.19720106584836
126.43863772915795
141.13727766522715
136.94976693002764
144.1882368444985
128.20529813740666
135.34256690949354
121.67571240211791
137.2513343425553
147.50654725859616
141.85919643187518
124.09195654555664
106.38471514117816
123.62814433172915
122.27837699123563
114.13774735916274
106.89150825910546
133.94609584207814
144.5117720483985
143.08054088634313
152.20540977872503
150.88640640213427
178.10194292926042
170.34117010612562
185.79577561660042
165.43875570731484
166.46556063908966
163.80395508446287
175.87652633392855
171.83211410050137
158.79038068629083
174.07006293720423
171.94872335505775
170.8457049380428
179.55648261931032
184.47519659087487
179.75896242578196
151.97583540896218
133.20811627122873
118.5574550951639
140.99404633730165
127.36601793504713
138.0962237324429
136.5079938842921
127.15613943221764
131.1499298785035
133.64598704978644
136.90277682410348
139.730442770198
133.68939711330768
128.18905438004768
152.29723082615408
156.55852811839986
158.92688820127515
167.88714163596202
171.1448101603544
188.01198867936728
201.94771800266417
203.92751348910798
201.01891847085628
198.52772683434168
207.10547184742893
201.13850265299754
239.7589219181408
204.75735986785088
228.5644329803793
240.58809149104113
250.97611872087444
236.1003985076655
244.5891485679602
258.3171898315427
244.6789346778136
256.46574756484546
246.40242220376072
245.24473780374433
234.52777123146743
223.6567095366314
237.26439267069114
252.3994910779045
257.1372798137019
256.2031847015279
232.02051380084805
227.12859853988058
216.17926221026954
231.9202288921472
232.63633031206732
220.2016865444964
227.7276766562187
213.91113837425024
209.59360458032867
199.90073414635623
200.5300606523738
168.9436713690172
188.1886170383044
141.9804042075187
159.15278987978309
157.34173949977898
156.29028087167157
155.28237538063948
144.33917390295233
135.84414117506034
152.86520020219902
108.88740050599954
102.77151603291577
116.56889222323721
116.95332140301521
139.2485252236983
156.62004075266563
140.41912091636604
138.20442450651885
143.7377643725636
145.30570218282782
144.40019244591377
136.07615559707182
135.6198616840275
119.05104553260223
127.59071226085386
116.11890577606144
132.5374697467838
114.97141582406759
117.11126641763305
105.47403466215596
105.83368861802413
117.55687097703323
110.11409054566778
106.42710049247509
92.2368648660119
117.36182083913438
140.7955015282863
153.347633887283
162.4618885084009
154.0066757260312
139.4163532837073
157.9978939014286
148.1948469805646
141.41273591879082
154.2267412216455
135.51403470957166
119.56649423147213
128.56492394201211
152.49579276176826
165.91331716593277
190.46982294421352
183.4293506439938
180.21307183621192
172.00053295664196
164.3193500494672
155.54511845122755
167.12857504481755
173.5569202421632
168.2143838551576
157.3739019753297
154.20435312296527
178.74840332465078
192.73372334664506
204.70999387593997
208.65660216769527
209.59796113253716
213.44425053735517
200.52092860335523
160.92544395480613
158.58619580341426
153.52525942721414
172.2839594882964
155.4104687463849
153.91880308643724
183.65469357767742
169.7495109978928
153.0595287619527
156.45190088964208
155.6426016067392
165.89493102873368
167.20955290302948
164.4519405979188
152.29704926752825
141.70206626604642
147.59198092202456
149.11746808142945
150.4853735988378
144.63825308702448
122.59716630105692
131.16494933118662
137.2757769396623
136.65969076537712
152.26867470328335
133.6888405883942
117.91525261089211
117.7306615650938
126.85601432893911
115.78614016009219
107.74418875397126
113.52242646422039
111.41561736618881
129.7631466157253
122.62073658377125
116.14354327916357
127.6921710062596
115.42851640459935
124.95772068739004
123.24094663223279
111.90637330856504
123.85947772975568
133.61040735031048
122.50025345334576
122.93979510642765
132.5825961967987
149.2574421554033
172.1023217750516
146.8565028768962
134.56386174820787
131.039633570122
153.99443162388002
147.95443660410388
167.8585133329172
162.67718173279943
144.97902089090516
144.30035932488448
129.4383710892771
126.81570678821095
112.99583174913208
103.83821600371729
132.97153143840728
124.50204801376654
111.61800078380534
136.9381442117513
137.47950495094815
103.77869058167437
123.93335366189892
108.36859028291005
130.1826933701262
142.22501482432506
156.69526280059546
151.6482132733504
168.0844250845999
181.13289523395133
156.6716318098852
154.6451377895511
114.01023455969147
117.39874061188004
132.2401511832604
126.25989315175829
108.97174484290744
103.03568394522057
127.3204926134431
124.17311482849628
106.26409634014831
126.58561579405725
109.18279082593541
139.54979315640725
139.16320307438477
132.47784928793808
155.1399582127152
168.32648929126765
127.32754787932576
147.64783540826468
159.73926832367462
169.97910449442588
166.21227911805977
171.42916498256284
158.6922721357747
170.2642623014317
164.10729413797316
151.42901937219528
146.28801060371438
163.68904359593134
154.09536312665247
156.5850260536671
157.5468459979601
146.80257314314733
130.4497548994904
110.55270176808959
137.3697432243785
144.8125558581094
165.45503617775412
167.48334688208007
150.87418642221806
147.77865903253243
136.06959015814434
136.18153620071928
135.34867265374123
158.46694514197483
138.30330731851558
138.80615340341615
133.10575911375565
123.54095354108237
109.32227918517557
94.5441858604353
113.36829133762757
100.06566670847877
116.49043220409658
125.89358100295952
127.55112392911884
126.15644415635026
119.95921405874854
127.83924645203399
106.05684177038309
117.71450346985696
127.74536154459445
107.47053510001838
127.08264728343102
124.43807806389057
138.1553645918424
146.28042968316464
145.88943952772797
133.08206285625144
134.3358480969713
148.66554208866285
140.37364910851937
175.5067790453877
175.72186146382063
174.670697885359
181.51531877038158
169.85021485718624
163.0934699387838
162.96216310155677
155.79172700779617
162.52020026434528
192.16457800003207
184.46311219939713
200.86063220859992
187.18246752168443
193.90233933591642
173.50541386076554
166.37105296687005
152.94019422674808
184.21524282534062
159.96300617251842
164.24949583341626
181.57244787318442
193.62601525191664
207.73339112417588
195.7813473945078
184.29165800778026
187.69496260414837
186.79756024176518
185.45767310131686
217.82186262310236
221.8402104568615
220.15572800019604
180.35362498890123
193.50819818423986
189.69812582665884
211.2159220189865
226.53312442646032
214.5408156365851
222.828090891289
229.02063154546107
236.52257755761875
230.29547239624745
258.5490242693936
263.5021096283782
257.77041510289814
257.32719104775407
263.7169485716289
245.6426332702456
262.4972865644924
260.24967339375837
264.5123782136647
263.46203089010146
265.6991174554804
251.33996817223044
248.0330904720439
237.7096875941258
247.3304257912999
244.71028008518564
235.9832580260974
229.7393947787064
236.5413363885202
211.3304831287722
235.6619901227391
252.16898499152856
239.5027956803212
247.74762955156095
236.88146904071584
233.15579303889078
229.14602213846095
215.15962710644757
236.62252015472626
232.2897120413266
260.75859877653767
260.3431180706831
258.78056668329185
248.02880458477597
234.26003949736207
225.18796506067483
242.78166922044437
222.82850416716929
268.88166269090226
241.5559194299685
242.45321033271205
239.56364002260545
255.88052620246935
240.4491980744833
268.8533103191981
279.6597910012307
271.519227951303
275.5846277017947
269.0188657522943
273.45945017012497
274.2503513556326
286.3515824594241
281.79003249575453
286.84053874859524
287.37095416673907
275.30247472998064
261.2340248146842
268.5605700577812
251.8476254110319
239.82386191575733
209.5773292227312
210.1879718850729
214.00078395939443
219.39379534116154
227.24920139286615
226.76402820014707
225.74045542020366
234.889821310735
254.32320847491874
237.2068102213682
263.3902869934792
225.6073656659663
239.609545227028
237.4074063288565
215.31841528883862
193.27704804664467
203.54658787138223
206.61862695382098
202.89401377191416
192.91687040010987
198.09418337804203
228.77510184286416
212.90899480903803
225.15981564885098
244.30010136777264
254.1613150153453
238.88159859495
238.97446858812265
242.0692985648375
231.94202020281824
244.92103165731143
246.9557859180669
211.01189649634242
243.82305859027701
247.08305260568707
233.98599725797447
229.35377391697173
213.0300506480571
219.0289293177421
211.48329507854265
196.1587313552593
191.62822398808467
189.4088333763936
165.81627678059573
149.59758220914273
196.74493803097766
186.24084280951718
175.28751073119975
173.12100617421237
157.74411842098107
168.461875372236
158.6578453632808
139.39612735015962
111.91525517693114
122.61775902815366
140.90109131794463
173.05968603787522
155.60140067344338
140.56690591089796
141.64632898500093
154.5606107394886
141.71213483008356
125.64471907311012
142.93590145950833
132.56684668441756
141.23179767777646
150.90545529787065
120.57609218212356
114.18479017467585
133.58100965481137
116.79310437709142
135.79647434308882
125.5450632953056
138.58240381374517
150.55540680001369
151.77646625276375
148.72460157917615
135.52017611011144
123.47595390550896
113.25116154450708
138.25522698099817
147.51062588705017
139.19927840135696
158.38129225031992
156.2031717621491
152.31535237493028
164.19681870868177
161.84505863315488
153.3316928813589
170.39078086018344
153.86400985793762
161.1107405616451
157.51255125813793
146.55345721142737
148.1168474792336
142.08593285219575
161.4277470763601
146.967239862035
144.11127381095204
165.3135347158618
166.99140965363756
151.15018603983617
162.07137964786352
133.41074536237255
139.829530211602
139.2403305663811
137.0138883211306
149.84023816473226
150.9163325215547
129.46975932660845
141.46894467315528
119.02893073260765
128.08896739858486
124.50296225703322
123.56059998330116
126.30697090149843
128.86399037389643
137.6929843926641
141.3834138774089
131.01305345877537
134.54470442904162
112.1773990563432
126.49097066260161
128.2631885132385
121.11753666149906
125.98740293490462
126.27260135513934
133.51539145186584
112.32699700503234
103.48457551212061
117.86482788124499
128.4475771126111
132.9198645546696
135.07920619476437
142.70231202301022
163.30487941831558
175.76189507699925
177.95196835241168
195.85026302915503
181.60841895311356
151.43595369998832
181.6730936432651
185.36993130878756
147.87034113581632
143.65604669755615
154.17377061673844
136.21135444792952
150.2871256816639
160.57635452402445
153.48942395080581
149.06849211811553
117.61657237046536
112.90119340248779
89.04052797532364
110.05491267663481
105.13518205554855
123.2828678881043
127.98681880213752
136.37897248406748
133.55651939557458
131.13644285151307
129.3442711818102
117.6200444644389
115.5172602664968
122.65381244129206
133.4573272520428
118.41290661946871
121.15668273984095
115.42737202308786
120.97572002507603
92.54157271673077
91.5494014268767
122.72896673016163
99.36216729067387
120.83454986034032
109.85981070176702
123.55384518074416
116.38793392931916
124.47689885288807
117.19393902830075
100.50577441689353
107.90293241271038
108.08928745749576
105.77234997622189
108.00900190960942
94.3527146197916
99.45827143105433
98.2098317548711
113.59199301299613
107.29305009356258
91.78267608863474
95.6739630781786
85.10355397175442
94.7229183788878
99.21587106100978
108.10329174649458
120.24868197806832
100.84846718679995
96.90810521019816
116.77504951598749
119.8125821804269
126.42961993566831
97.26026515738833
109.82726522311259
122.71927491647354
144.11721078456526
140.27838192569982
134.03656763379243
138.53184885258426
149.24668451593524
147.92933083996138
146.0230931377137
165.4061183957403
176.4771766966653
184.28871844712012
166.8682942760301
162.09137168255646
172.72799099936634
158.3862270231089
162.60197660867527
176.107519688383
159.58937612095858
147.6091089820964
144.12039941792102
138.81826832844834
138.41717761718402
125.68729371533665
112.0855952040837
129.83223981683733
125.42954537048972
139.21063611301506
146.0748833727685
130.8269206740569
136.05619929012943
150.5186901631251
135.96367514546523
126.42979078294144
113.47283577219277
137.30416797568816
154.7696868074001
160.48683263124266
148.02366058954337
143.46252272348053
171.2620299202063
177.46708057288285
197.82623638154718
206.85114226782235
217.500472271871
203.9963232571345
184.0326575169939
208.1929603817775
216.23216624928605
210.65756977722032
207.3054703808182
204.72591049113004
204.43539315918446
177.4872215284298
164.7257140989863
174.06601033672192
196.428303080715
193.1754998087187
182.7971320212307
179.6419390356965
166.7372764353554
164.51388619922898
176.6073001532214
187.9290814949288
167.96739362934989
157.54087194851698
163.55676591845844
180.98688802915348
161.64626062348987
145.82825948962937
149.9951608655174
155.23237778223083
144.3221511743396
131.72700735882793
119.46091086140234
140.35520120583251
123.80146671332149
123.32182465063423
134.88643429126765
120.49760586046017
153.88122505517237
130.34460104852243
153.99635760222245
134.58132558221035
134.8062991655932
122.1540528414363
116.52178993945614
132.9831948049149
113.8702042838063
119.5968011005008
127.8302070105116
136.72565368617666
135.41176682955444
147.9899752506004
180.65166553297203
175.09070779926878
169.2553903531823
141.61471663159463
147.1980622129684
156.41830825539014
144.58920349918836
133.0022434996614
151.76038237122057
155.2610091465997
142.5147353210552
175.54224620845983
169.82620263442647
152.82260915582296
168.48096179564712
168.1260421893935
172.38554996266112
192.80887136158546
178.62811726381432
194.30156971475338
197.33813699969107
178.28053972973336
194.70057398184957
205.11393482377935
200.31430033886815
216.26281568013974
212.48177150598391
224.85786299101218
212.09016847164244
186.7449150268226
194.12275164142198
195.98253371270187
187.75797703366476
200.70691519955318
214.27711316330476
211.85360174016802
232.65141509826586
221.63591189616204
241.60310171076634
249.60498000584894
257.34864890818517
236.59732291441364
249.0523082475832
253.11261942293274
269.51597081337553
255.30722379692637
253.4103484185279
240.43055982979374
241.7987312788482
264.3489930965407
248.99897302636214
239.89524078980006
243.77988311987463
266.5555498995476
259.1096915799907
277.1984873117959
256.18806403899896
258.76685013236425
240.61613048458034
257.4885644189177
287.6590468285328
297.33299514288933
301.95558613428824
291.8780933740081
297.80623024476324
292.8204132469014
295.55673191186344
295.4407046517335
296.5782898562809
281.7598228370104
291.923285166735
291.9761762389638
293.31679262496874
291.1902277193347
277.75610623112016
276.2527726828344
294.0355099136587
298.16513959131714
300.3823797031596
294.57672938410195
291.4474319874519
291.90946327237884
285.788782264097
285.4683967052956
285.6040088423812
284.9092505840382
278.938786940145
279.8951992319496
261.68190197933774
275.4526700780527
251.60075639170316
266.3828125277586
257.3725495375183
278.47520020010404
292.92980281236936
288.4404148008424
278.6498133303547
277.07700273184156
281.8315801558924
285.95694183985216
286.1421812815555
290.3531106097264
271.3642047313934
285.13340763428744
288.0150185199093
293.8777315595017
287.68371424785107
295.4283045032341
295.8044136204396
293.1610737384772
299.1894669033213
263.8564199607148
285.52604898059803
286.95756351620366
259.5726025457617
233.33194248620833
234.53111511943118
239.20409213225162
280.23418429866405
269.33451137326904
252.1789802086126
282.11158904245474
274.91243265035547
294.9714857590233
274.1416463811965
262.0595196643018
269.0937462101881
260.5375851683452
274.1110040263379
278.0517519879861
272.1410879734548
284.9101375915377
273.44879429588923
280.0082842549372
260.2955690389157
261.6814714641898
269.7579914909847
233.3411843844417
249.65854802712926
233.69797607265374
235.0994797747944
229.30388585731993
228.75915880007284
226.24897748417317
231.54557950583936
240.68509317392144
229.30582962880715
229.47763767787748
241.95785927528922
261.9656562117283
249.10109036667814
268.0059397911944
263.06188847849836
260.4981282903853
275.40561901486893
262.83405917973084
262.8274037901667
269.541558313627
248.489911772633
268.89271040660157
245.59488043013894
240.61770958871935
250.20353179064625
243.8503290903126
240.13085754856934
230.132686590636
238.76524554378256
233.4419570612865
253.52851302997948
233.75223705610324
251.66104423627496
207.70418981133267
234.99088132192497
244.4716671379244
255.4656123106263
245.72385560641877
257.33492933795236
251.0527662621235
246.56466989008982
264.5505424917732
269.0627401254484
284.7073579398179
271.92060495033815
243.273140704391
229.42488729997717
224.7978231568102
224.1272085915875
191.8413993631441
190.94242763785172
160.96368328438876
139.18949227798973
103.47984745972967
143.63584683977567
151.59925085888824
165.75273872150427
176.12247983421295
190.63501395950604
198.05738999389487
204.16876815125204
213.95170856200207
188.20728256751394
170.42128040798855
191.32269593428805
187.38655357296702
186.9694184484207
173.0151271505382
180.9461682807808
180.9657056552871
189.28619530652662
175.27666205974495
187.82971180720745
210.17414696950428
215.0666791325167
209.53876519003848
187.45504187819319
212.2190057696933
224.31167913787684
231.98560551183286
235.6870633949067
218.3398273964164
228.05226369426646
213.3952126631819
238.87537109964438
215.49425045408026
217.9590630838697
219.23323288769126
234.12362220001802
235.13828715540518
231.3153168533735
228.2511268306613
245.87316762595745
244.80629282738346
235.30506505280908
260.74556045751956
276.5928192939645
251.08629071065243
255.38098557433267
246.50474342600253
233.64500551142402
244.7452954246748
243.22234317074495
249.33075403536503
251.8726210386225
292.7985700778978
291.93479650530963
297.44431931002265
293.4118894297034
286.3863609757721
284.9278401571229
290.4826771424297
284.42397918786713
267.01265414231574
288.8276835760783
265.43839659994654
279.9968652392743
273.59580498561525
300.9373499596912
279.9688756201005
286.47680090004565
275.81914508485204
282.6880540062734
290.310215891406
278.15092138889577
260.65859762264125
268.1456298941976
287.6228852745969
263.2420246418202
268.90338221295343
260.96715473310053
278.2234861323636
261.5113731465832
264.6984140642519
266.4349512599244
276.45025376633953
249.3225458188647
260.28494434794897
235.56410395380155
261.53212531004874
282.72069886022246
286.39605920859213
278.1466993407894
275.56745325726996
261.9224887592943
258.38971132750726
265.82960838054447
268.81370520779063
250.26697556199863
243.4020907461009
239.96715559706118
240.4003203018134
202.15286559823284
233.19137882515705
228.42161488774877
234.1265898124876
237.71702406312806
247.82315914605167
215.99180414606548
232.6626633766719
223.72640820218635
253.9261276507867
257.5393521661966
243.5761967983628
230.79200191993596
255.333897434164
239.75105801299037
237.43742417026007
272.5883435144838
285.3471052343607
292.72797670169825
281.2279723636901
264.65042536526687
280.3377468095973
252.31206822597244
208.99363747184626
250.3499048032005
233.76450691684363
264.6606147569954
225.3203454923259
226.3273860292517
244.1980520843506
235.59872375613608
233.38842271413077
228.81300031240272
228.07280155969318
238.44877145075606
233.11967973644343
244.39748379696405
230.6706388270395
205.96792780959413
234.59935527417707
238.41620781113218
235.9824792613326
230.6229668157018
224.55908867306368
218.5193912725914
245.8976291991315
261.39836635216653
245.46566638146254
241.15643703134216
233.37005896207995
261.21135740210156
258.0261208507143
248.2770938376312
231.09186146956213
258.4735351886586
240.508200803369
253.16611588433943
236.32980492608286
214.1739900430636
224.86305580590576
244.09196379336157
238.51951181290792
253.13026025538463
211.47685614038645
208.61131237294785
229.77879779204517
244.07182636564625
221.42242151753658
239.00088296234657
248.57215154193045
235.17634981475703
255.1375037661251
245.13045253216484
244.46717931467714
233.6652767987916
211.19358055113997
228.35362628643523
220.83645850557767
202.50736624970628
188.90496389698555
188.1732691097648
184.8946309419585
191.44210451955942
195.65500431417632
196.3594080276767
218.95965674509077
219.96871139214696
203.21982951537458
199.7804588715852
187.58210390096593
177.81895992339645
164.9789920668569
137.77748703481302
140.64870694744855
158.80237229130952
156.79069312120515
154.98384927012606
170.36184623874388
188.7687053570932
184.25461853774075
185.40096723698068
199.782148956936
211.1012553393793
186.07600595448463
187.77716305264906
191.57786979579672
216.5719402305548
216.9752464683144
196.44700868635778
200.27476194292038
192.42661408638074
194.36398379088698
187.40242569557358
195.16925933158777
192.71308807511394
198.5579688890933
196.5492710581325
216.80384953169332
235.7376074236696
199.03007242362412
181.77828448498212
164.91668088656695
182.0032741127436
181.88445918379904
163.96417308003203
188.17308996210085
192.9437162130233
209.07801588672348
185.06134418694077
176.46997297374514
161.04362182710457
153.2271895303576
152.9445893099002
168.87381905622138
150.54026289757851
152.33396396153412
168.81090398854508
176.97355507287287
183.58867894042524
162.012674268873
149.2508624213822
134.367071384198
129.47727522519037
128.40965971947264
112.84375738043818
126.5138033716425
126.04702614850592
125.5434280831309
125.87140406578197
142.56514414597942
144.90480169430043
159.76465558859815
156.03430817156533
157.21799106655925
156.2983809702224
166.51200695111282
172.97965699474565
178.50635929396947
184.38348136947522
179.0558871824128
169.63656646455527
185.00021690500475
188.81256586114665
193.39751894307128
201.59203362901258
202.83056878220847
195.37167338075193
215.33363908702057
201.10094794672358
189.6880586865795
199.67557684869035
204.99007339839113
199.42247343482157
210.49868596244823
224.3253434224432
202.48875759568634
204.0260683484256
207.00976641164286
203.46151093818753
183.00343351397578
204.1391199153142
189.06998977434176
182.09294133361396
181.7521334046964
190.29703897925148
173.92510138816772
170.24123139339167
184.34122220846453
170.0569734114537
178.91153427873172
199.2846837724173
193.44097553760193
197.0758464004781
195.70154523049587
233.5147823865199
255.0668047740769
238.76656206084644
219.71646170334301
237.54098498348844
228.54699255663414
217.4587595514691
211.144176372257
227.0652776512163
212.34032330002867
196.5255393219773
190.24489067291302
172.64222002885091
151.3987540793684
197.32245299076862
159.20387452676133
171.35683898520315
157.5310057961602
170.06184726076293
193.7418211812907
197.16130910173848
190.64110769512376
197.62244023464464
178.85460621856853
203.85418806720978
198.3518551035876
205.49284327126009
223.88332503970454
207.36739615299567
211.37581030480627
224.44392385191327
226.18179551278052
234.75588521793256
233.2041889335677
238.37687164774067
237.42715713817572
243.69359691542058
262.89689032689506
249.85325956904848
242.8015575811019
238.83261867293893
221.68054877870995
234.87342506117866
220.78250411916508
209.47204440813283
243.08359674386168
248.09023017518825
272.33966138288724
270.04736680186306
264.9974665618583
258.08413521350457
246.70476994055429
214.80821842524074
254.38005770542821
238.76791775027488
240.71439833141332
231.03165385041638
222.9939585088335
247.36758641370102
249.12956239732134
234.34235262597358
272.1520526194682
247.35879089607704
233.41881391307604
260.4809998024946
295.3973813937402
293.76496383131285
289.652176624334
297.5463061786189
298.7516290327275
294.01878585575844
290.7417694477231
280.8209885950833
290.5782993119937
277.00899485294246
290.7179380653456
272.49285275524585
279.07915214151353
267.47850443272847
265.48297402533154
257.42689064913105
261.9778001219685
242.74313355094637
246.49801748366505
269.87670925294816
252.6833387345501
252.14018367358594
223.6592485464606
245.1125406570256
239.46176960415823
228.2028623472182
226.30316401125089
223.3195512668184
221.77873884544078
225.03335357822698
203.52763783973035
213.0801701184657
208.9573678729322
208.1197516218668
208.459164832001
180.6277447118009
194.90074569327746
173.39405670563556
181.89881873614254
194.15664555648172
178.28099755184633
179.83367185378543
152.9050862200414
165.45509275170264
170.53020249389476
190.93911453577803
203.97096612191027
198.27340024207246
185.49513957565458
179.73980608168736
140.21933889712986
142.87829464969113
174.4907993175348
160.65777609911223
156.6509970371323
158.69878052118983
161.98790340123557
174.6375063480817
177.75536422647752
176.02521249858063
187.535456885817
191.88915305260787
161.9505063389408
156.0913864189991
164.63126795362325
153.3250191470457
145.0525549282915
130.36366106538156
118.67615477416173
119.2288479312186
107.56675588445943
119.46580816182853
153.39784742236037
167.43914248381205
164.42853008188325
148.94756760616878
168.91295232456932
162.22128051963034
176.19512378027065
183.52391466943155
190.57167911882303
200.66329537925367
191.36041968943496
166.1147507891972
189.57980747857442
176.1893124261161
176.810899694437
151.14312080407728
178.79321056513467
184.60936750371187
170.8408435436211
171.22541174387118
191.1031548673521
189.85369406404763
197.2897731085174
202.63788056462528
185.50358015581125
205.50232468522046
205.55841750962315
186.11225640216475
217.1254040499697
225.26399499128217
200.8341259741153
212.4610757164463
210.82372388489634
198.9055645626974
200.81862475171235
216.5993441824149
207.8667306138483
197.1283348221809
214.57510147902704
204.16048090566517
197.14746244717207
177.7042645716381
159.52456434514002
173.53693043271682
193.30614383774179
208.17307373328086
210.56239267631847
210.5989208870701
201.6677781257667
184.06750848813255
204.12040312810512
214.8407355164997
194.917641186322
204.01632402102817
180.82738010303433
163.42695414721626
145.20041792583817
119.1657669166766
112.6466324122379
123.52529682761613
141.5683579478715
132.7448073775384
135.33279666901942
132.6265075227327
131.13559068992453
134.1792562449981
123.6385539143401
131.30842474732097
126.85301329628054
115.72889924788646
107.38157049127958
100.66380503479272
117.96925149597644
136.93372833714147
137.3920321039648
125.02988827193268
145.40887292957797
187.34338092008815
191.53998582253652
210.64486112448313
237.5063879396644
199.29459332380014
207.00534412772708
218.0869058319994
226.556459896907
207.8541343527512
205.8611292344496
189.1199556205288
192.99471268019664
177.12815346189262
163.04262507186792
155.07739110470206
147.8612984918762
156.33283394202925
174.30433157713358
159.1691785015614
166.98167685461402
168.16997156835384
175.6493688969979
151.03779249483938
153.50095452620747
140.42675448019475
139.49897587713505
135.0614552651925
155.35059978225516
142.4214933004169
146.75544046751807
134.97204884423894
121.08218831540204
121.94810870788712
118.25384669243859
139.63672411622142
154.96980538371358
163.02026648276052
162.04599184553877
175.7883280544811
188.58800598709436
211.4429380983631
200.38257980774816
208.36098384150523
205.39715117962936
221.52714920846074
190.6894258980554
200.2426867454338
209.26658475919078
202.2813618205943
174.0871474904395
181.1505936363465
174.28779832564783
207.4718935757579
206.64523634487037
207.08048045635394
210.7982649840249
189.85449262142376
180.46378655044055
193.7411737163978
176.5685178132655
168.96559655466984
148.27745768286889
165.9086639407621
169.78544336878232
171.2756449068039
167.8382088802641
184.1852404337291
171.39111320405448
126.36403707797948
135.82400079195162
173.9817635529173
193.16590130112343
179.16937394116462
186.1227704704802
185.02655290611438
195.55772104673554
191.99196699002812
187.86095992194083
161.76650333301674
153.68349771979265
144.40897436074215
163.5939255351717
147.19998769657178
157.27432055517883
122.33244720196905
146.88901058201841
126.99378147547905
133.29665843260716
130.00734205564808
121.69815834276028
131.51797070508218
132.84435996234964
140.56947486716538
140.29741634954846
130.0029659978291
126.45946454476872
123.90328663826119
139.07712478286072
152.20665200451447
163.8894580057462
166.84253876103148
150.07036387083534
151.17761799788224
151.1647003728227
155.68570980319035
131.13579669943567
136.97559688341897
140.7351981275679
114.08437109783638
124.4510414016671
123.98672434860012
112.41210077071412
99.41343149611458
119.00028014167215
98.57644489931916
96.19673946939602
120.84362032882338
118.01529189376636
123.53544942815036
123.48675012091556
117.843484749304
103.17548436950966
93.2690087700276
113.40245995797731
119.02283937957202
113.41627088502987
108.49142367650386
119.53706284696956
144.26154264329142
132.57276952337705
118.75997388081518
108.68492832751821
128.9933911489062
110.72509000026363
130.1628331850981
112.30012052252398
114.44223940188454
108.65562100855757
91.1723144210736
107.60579975980893
105.03764252345181
122.97695225339568
116.17498957952037
116.45010439822258
122.0124016246317
111.82029472675767
91.81430328084271
116.1710963034544
124.01278077748522
139.03963188680703
132.46067532375417
124.67170508929385
110.79047986385835
121.48672798665103
151.24873825824346
154.69007638043942
135.61117804207993
152.07900372809866
165.10815743289632
162.45271514630957
125.53529668893653
124.29716179102336
100.24461265635689
119.19802093785223
145.5735047301166
111.82646357233374
123.28977490213136
105.62702025869912
120.79108866702292
133.8323026592496
145.01803369395756
131.27644442472305
135.92771998797232
127.73790358824525
141.93551919622567
127.69362166711818
125.27958421216553
113.70821469392102
125.85710547814617
125.04206750641367
132.84415988894293
125.00087903197874
103.61053763311133
118.73938282281046
104.60532045500634
100.60121676390209
126.44918889150837
141.63614444271388
150.7070609623417
150.079914791861
129.55164237186642
128.5836092962655
140.90054302846508
138.2070270091758
156.811269364406
161.21216449742045
141.06540302730903
165.382524010246
123.02448453714159
136.99814229570052
115.72904287730891
119.46765525666153
116.29022849086286
125.70803730451725
129.19853778339092
93.1875387516911
118.12989772987838
132.3193035863016
128.10571696186418
105.97948918072439
118.57630240825524
122.81107290649756
117.35360846022725
110.3696637146637
88.23220536172715
109.72317546504095
106.5271857214302
126.33799794256008
143.1877275022558
150.30615356836503
153.21333862448955
161.53403025605868
140.40514622290195
128.10083386960673
126.38384136037104
129.97865050095876
148.6636662747093
148.31772019953314
157.2047590999936
150.57718816036547
179.88132307371725
188.16072812914757
196.9240416305619
197.77735901911615
176.75000230213053
193.45451369852304
200.05812753623067
193.42267307688985
179.497366907194
172.8223658557994
197.43212028121553
181.5301622431895
204.72306560870774
179.75078687485993
165.80501588616076
177.1800920354475
172.4216984891639
176.7650448306692
179.44330184765212
187.1064017229514
182.36103254823288
190.1354053317298
178.79424309946347
192.83146574864938
208.90399146662668
185.00553233056112
175.46282766485987
201.09186627013275
203.12209224745885
209.64766830672502
216.73179265725733
194.41691722661972
184.39090281844068
180.58939200912934
178.18180383027237
176.1463605183251
176.05321591237583
189.37834851184414
225.44166098905097
218.89716502726455
196.9562935260378
193.23184288312046
198.17393542137216
209.49199091633534
211.03062818507954
226.27147368264818
198.52897722756305
189.09690043493745
212.2933995519644
207.59386518509402
207.9169043202979
233.38531334601896
238.11285859609373
238.1101022409353
235.99265137707988
221.87032260230743
243.92941157164995
267.45080215121175
263.8868570213498
253.46363115436338
284.64657263172694
278.91032238781725
272.0708874336322
262.35580764530255
275.40093118181255
310.9398125900283
303.23450891452507
296.4643384268844
294.17138469685375
306.91306264418495
292.1196829959752
294.69376991584176
298.31062476418407
289.18938622741
289.0591538854507
290.0716432993651
297.5183449429256
296.6584765021672
290.8799561943267
296.84375040484576
294.59526072604694
299.26691496674016
302.1925382409772
305.68133748221874
307.05453381101245
298.3781850164322
308.42416417277826
302.6482488664288
286.683059781523
292.6446970968137
272.8212355909785
260.7507420931459
249.33187218812546
270.3557099842883
233.76556111929654
228.55856473126963
228.96613361748578
225.41040726546743
209.05243429039487
208.05214365375366
214.89225053686536
215.55072762910376
219.46443806408712
197.56639202222595
176.4057825716756
193.62854296454785
171.27694089149472
185.90146745975622
182.09417299747957
188.2724246630001
180.51161783751328
196.28812579626094
202.18159202500425
225.06631466173494
212.7995436891963
209.48807467353265
208.49541840955453
205.85009005166756
199.34738116033435
211.36821736758148
196.39590432229417
206.1926552165646
196.1865743804787
178.5982153759737
167.6777906270287
139.04916397258452
143.58665092537993
138.74252660461013
146.05037978736624
149.03024170011412
163.55615429529814
151.19359252380897
119.36944662894808
94.57058621833187
87.28192291311034
117.01123414005393
100.92089019169725
85.57219246520532
105.33209119513063
101.96824354419172
106.1588707016638
99.25457309465138
96.43154053286098
137.82661751628834
135.75111996411255
117.6298253855327
109.91603023705537
131.22955495347122
151.90705401555405
145.0666757717472
147.80654772357065
127.44582342808275
96.97657795349942
97.04048583877473
107.79724912627907
109.70343201206612
112.55114301720899
136.81759581015376
127.1899622401591
104.51817173679687
112.11982245788064
114.65819798126074
119.84070317763859
128.05814720473714
124.88877478210523
111.52686613729897
119.65618841914753
120.9735228869558
117.31606727341396
98.97834079085408
115.21682589755635
125.79777484879453
124.78203871670877
133.71483254214536
129.47118344014183
128.40336508633607
130.59348724858256
104.7688024487548
114.55295236133487
97.91987789724892
124.78301670833204
112.17451674638198
99.25657242278994
120.11538159030711
117.20218989776465
114.91680244258268
119.69187000333525
123.60781604678431
97.56191404643374
115.39867725847411
114.58754736490742
105.47023871393637
114.1697594201465
104.42011041691961
126.97236757131049
128.50254447596149
110.05318445892318
133.2612284572608
117.46030290709844
109.68602455557505
135.1390113473657
124.92971951630891
104.78561673976094
117.06532626505957
102.78010039308305
118.4522408628445
114.3975769991954
123.77036551532379
107.60627825461884
116.92861938539689
112.4719223226326
104.73197351356956
120.97031438394717
126.44540018611227
114.77262445123968
89.86499337143366
110.53243066458073
108.02276771985478
122.39116633787788
88.68302273547262
107.17969072062199
144.22840248644843
136.72525574419979
144.39068932634737
124.2495509953757
140.22665234344342
137.19941441560002
140.64093995267262
149.9765107041474
144.82013247702963
142.84939345705595
134.17015794931598
140.5733778349574
138.65236651164324
150.78804800852515
147.72286082085705
137.96324611455003
159.29848274919584
152.63637865979916
140.22827598263015
148.2315602852605
140.72525790271555
152.4776358211709
165.8615807791793
150.27225665734332
131.85032441939398
151.39576934080787
150.01572504339518
169.05633661403917
168.31250151833336
178.38888941950944
174.85244507229314
191.91777152577674
206.90637755682386
218.8740969176959
220.5039841774781
190.8516431468234
179.16922680975418
185.4378295527266
160.25416280781005
139.29338237976935
155.56643490173497
140.05836977311273
156.44986529589445
158.94675940854944
176.42113110669212
179.75141297730758
178.64314234994848
180.09256969505313
187.89530812005103
210.9592784395619
192.63681466772155
185.49122995666565
172.71370436755052
154.85624883896537
155.38580094120556
138.22382985605955
142.28201246993484
154.05092739917532
163.6087346892387
178.92678296949606
191.40230754243763
195.23967401866872
179.81029340717544
142.42107245758325
147.87239196596346
141.3828865722358
154.30578962536833
144.01173403709282
170.7516312104002
158.23930804350337
171.52421304956832
160.44865125847582
153.9595673429726
153.74070020219634
158.28643729732934
162.00659890778738
159.93561321507448
147.53759600828923
129.3391515055949
141.47955718195556
129.22873502770446
159.1434861363544
157.61287256292306
153.42167915636784
143.3302203095443
139.54495979954163
163.38973777570695
176.79697513355418
183.34047982389885
178.3444194545167
183.17768809861056
169.14771035961544
159.95890721110715
125.62875300397889
122.78081349037147
115.93480862398174
120.71219748868201
125.85249537781196
150.1051547378152
163.1936406640563
176.7725777312771
180.88975267237328
188.87748650351088
189.79173007444132
176.50859316309194
159.89595954265138
162.06643150735886
173.59911526425157
165.6991059693177
174.4932749861069
179.04682263074463
166.78098049915545
183.79911608813373
207.926088845792
207.37842624554443
187.70574612189282
170.4154041677147
158.1775425240127
155.29968093835384
156.14255239613587
135.08977888594887
129.9293049995656
118.04446571535789
124.65691120945618
132.5862216928939
131.25551769914244
144.40769350320608
144.95864099474835
150.0142909343725
148.58209840589245
124.46373002074927
101.97308579057122
96.41553456675395
118.7203921062334
132.4915301203782
128.53577343099616
134.83568351819324
100.78287959633158
114.57352441928987
132.94343713559803
145.66819209738728
143.2894177856216
133.15663518787778
134.7515104516586
106.6605402934432
126.64831226235856
111.99516943563724
103.86089019269207
88.5934334865784
111.88394050563583
96.65694952882218
115.33280755766232
104.53428481351656
123.41821235784661
93.70408634264305
117.23365043002258
106.41124705566936
108.1953476253757
106.67919270381674
130.62992276986145
110.47289916418012
138.52456010008598
126.15057422713329
131.80196364755602
139.8724540978614
160.13899932176292
159.16354442456458
170.04158967517782
163.45526960924846
174.8669280358864
163.11849304299437
160.790670851955
183.79892909129407
180.54936200130038
172.06314209828724
179.1078277346353
169.12203658999783
151.53760918625437
164.16432899142964
148.95767840784373
139.81960466304918
151.95215848772736
150.88320928198002
172.89841028189593
163.09012319687275
169.71287062931611
153.13354825088697
132.37170763362033
140.1733815692451
144.59559296002976
125.9575089848898
129.68911262329135
140.84598414108848
129.0124110163669
122.69499473845913
143.12542042161243
159.40965887076206
143.1950162124809
158.9517783788749
178.15516708742905
170.5089255411483
171.74026170438015
189.5698563309142
181.46490774836454
190.27733574130758
189.51285837898484
190.30781362120365
207.82009175918387
192.88860463041127
188.1219836866403
200.82906629327874
190.47684880651695
190.40139295738774
211.79005333763286
194.8743135751337
208.4738694471697
209.76240217311363
225.49523528430566
186.7598457825253
179.06715492066795
163.0014231000237
179.35561039202145
193.9394366867578
212.1243734260916
222.2453663454296
248.21802870479843
249.17279886341368
230.26150821957003
207.5650575911214
204.37029916076688
224.00015868635037
224.40796167280985
235.51768645712704
198.5817272691182
204.43400926569444
206.03830686060388
210.81720930284305
225.2101240985051
205.47719992101509
181.80996904398992
181.82009462529783
171.47739749356373
166.2533089706654
159.29692136201683
170.34133950119835
169.76828069062557
167.52348356443656
172.29551572620684
191.49671557212304
181.8371483275222
167.16168306309362
171.40867802648847
196.83622156981264
186.56075395762497
202.37155071037697
221.0269213439567
214.19281189668877
203.35426416642872
220.22289290023815
211.124512954255
216.43756468628524
208.24130539137107
199.55315240181756
211.64635953694685
209.39206819979964
190.54273301004406
197.7713331373014
201.9462461671459
211.17229864779048
227.20006536375217
212.99137780321698
224.94566201760068
221.19931220336568
203.99368495613064
197.72100051672442
190.12574520452702
200.32731447132042
192.87613584076726
166.18354406200461
193.42040595603683
194.05894770189573
194.1449325797086
189.81551707178596
197.16802393850676
191.62799921506144
187.83242412976156
199.55013166051236
184.37885532421168
173.4832987327804
156.3485942401088
170.19526627955722
171.1392559771042
167.66533929024075
182.14818016938682
182.69310427356228
186.51762902893873
216.5904520776495
205.86624988224233
172.62806252118312
184.96765066458997
184.83162374623907
186.0673419983055
198.326255098113
187.60340395387834
203.7534581110571
203.04361529259972
214.53430543151592
211.6813572321763
196.40747863836938
179.98517562992942
187.2996101164224
180.31887126257334
169.67903194387878
174.20646124774242
152.86343736318426
166.12448076443434
149.46645021925482
149.75209633447807
141.76206952435993
144.97045450862873
116.98408146973728
143.57118620479108
127.92782449746089
142.4666842751627
123.84973012182202
144.2060587876423
127.30052196556625
137.70477693204367
128.7760282429067
119.8323972558617
109.49580041876114
125.33214956617672
118.07711316139707
116.50644214490369
128.27155766332785
121.7866228751778
119.73077438718697
125.36230302784904
153.4617614091025
149.40220276184604
113.24915476877379
148.66613918777156
148.7208624579564
143.85556589823125
137.70124519552095
138.12720929362922
152.6232323583659
161.27727814827517
175.45349327563324
186.65727537096754
175.79363175363503
175.32369393687276
150.40836922477524
123.46808152463299
150.24563502418482
171.96465736364533
158.12373187962234
177.64018916220562
188.3276652110538
193.62128454399635
177.11453964967438
171.64746778796675
180.93313750192664
179.74853591110698
192.30658770955554
202.3915343073492
184.0816925903416
173.09830719088652
183.5253620890019
179.24040724793528
214.61036224842198
170.72384376897693
181.5655059349414
191.84736508636774
175.02581366176221
184.94965748754254
189.8663594676424
160.40626158834687
156.61266886414936
149.42092519698
158.80763311468206
132.08914594486237
135.0824253636657
129.1126119893068
136.58490220071295
140.9721030898657
117.6430142112624
112.82898225913809
124.05585709583362
124.40537995797378
117.08348410266296
99.90059073598688
117.9631518918904
101.2327435851773
100.18891780331597
127.59164252036217
107.32729025445178
117.29007572219976
126.35169756082237
151.68863077724805
145.78665540873024
134.43435873924795
138.58999020525513
130.09092581395421
121.43726602023487
131.20871795515092
137.67571113430196
111.42388307876428
107.61249541342978
123.68616072480356
113.37988209323191
123.72061402100698
123.52805970487307
95.97151644197959
128.91830939376155
142.26002193297063
136.4053685950326
139.4284046407734
138.15074110520598
130.6260567050179
148.14661254134052
153.65300692988836
172.5768597902453
173.18165189421356
152.4412602857399
147.17689081581904
139.71707329249202
133.73712024511565
149.04127038533198
135.88682823535817
124.34542000074352
111.96518024612328
123.24715249379298
134.69337035719116
107.32697461369126
127.58467180947235
103.06318070770331
131.33073256490096
163.63460743655403
133.88930948978228
120.34037226516321
100.22935062607368
136.40079551510843
117.23920314853677
126.93313274505473
124.74355318727757
124.55024507294868
141.24704643633885
139.59013021635954
149.1156868947359
131.93619749757025
141.4411205709011
161.15361027385546
154.8865998134437
143.16031370743062
146.91526251779996
148.5907754710583
149.01035271397492
153.38727777670238
142.2962608412125
113.89205991268072
168.36773197869283
156.95698460695897
169.39520470860634
180.69198874500646
178.33145002321305
160.86868049614685
168.82575381956946
173.78535717446152
177.02164507687672
163.77107283161723
149.03661508831206
169.6805092681708
175.94225192004592
182.43715420916755
188.01453092378185
191.7057314967649
206.23497589211772
197.02820108579954
216.7132919190479
220.9357916255101
231.6825436216495
226.38707896119857
247.84204727210837
220.30081765866498
207.18391865886124
199.813413772869
183.1259178253065
156.8190267480666
180.8004103539346
177.60640502227858
196.9864046292921
198.69332166333345
194.19861766227365
160.1610466953043
164.63273186734122
153.78835502454385
142.37207144967772
145.5437519373172
163.51207534684082
170.56255542523414
158.2413851638606
153.43613768194862
140.37799554981925
134.2721144954705
133.9977337884618
130.58472716667114
115.26554556373908
131.72748039450514
146.14667931201498
142.219938113907
104.27358608101868
124.5376254427008
128.9831324072729
132.62457571042003
121.69368969080048
141.0013654483775
153.07844621488664
118.1665008536096
110.59605738536946
132.93669094480992
137.9384170954839
102.04141722037014
97.1792844309934
111.13870119894263
128.84149260797523
141.2598258010113
165.11446069007542
152.00656632333812
146.63443284548342
129.98522740172854
128.71827798170747
122.96557158292421
123.08198664319731
143.34226495752057
134.77557450379342
124.95253684372092
108.73738478097685
97.12479338592563
126.33651567877943
136.95259706138177
116.82423859430233
122.78036486686963
131.1086820527463
134.51154155657665
125.89091101446665
120.22547491516272
112.87036705558684
109.14010399080252
117.26821267112005
104.44718926276926
130.85563937500044
112.70987409001286
111.45040746971932
128.63563426848938
113.02337931888073
114.49470154224517
117.55802298155868
136.2618767584253
134.9761832218644
113.14852636924248
131.24858065076893
140.67519181731808
133.29305501019155
155.50015462754627
149.27856613694246
140.50676027505247
135.86323467109773
115.42919045085762
110.96933922030547
130.86362628423285
98.76453750068886
78.46142225225209
101.35367822535666
106.47805532896854
100.5768441443081
107.75059307790426
125.39258141985671
126.85566729826564
101.92483279127018
111.22843791232572
96.32227595075021
131.05132682687872
131.01418876047546
144.35013494577964
128.00165765719882
126.55902003033825
121.64583632983228
109.85900526637235
109.94198209728995
137.17097346062098
156.7553042000885
139.2441405100408
120.56746667614749
134.49367991449648
127.07704677211734
107.58667824209739
116.49377172883837
101.81887835003145
112.8477027463907
127.95431037866116
128.72109086926685
116.48926004061008
101.50266288976535
107.1796371781297
123.21052921780569
113.00539790834537
113.93922834982011
129.5465030671591
131.37580887276673
133.0130584474889
138.6035880204046
134.29382411320447
154.74113962813198
166.3347155991957
157.37221477424114
137.2740265162778
168.04749118183832
143.3955128664728
120.79790136410107
129.1087086162101
125.76601697275261
136.4818146101817
119.42154934266637
96.35333972342988
113.61659580138638
117.97321536398778
101.4565234133984
121.61578612796822
143.55937069597934
165.21610381607604
166.2280595316599
179.9715025836643
152.48597943240793
146.64951009825526
147.8882657100161
147.28425152612067
150.73116360693442
168.30497311842842
169.253622036582
176.03515613688526
169.7603311553375
180.20765505361416
166.21519289341327
152.88916824210867
145.7041522819626
166.17620805941945
169.4147340737212
162.647435885331
166.37085123155865
164.84044405423208
165.4877035156561
143.0849746516138
138.95654653704946
153.24967281997874
156.0697978106994
166.71537844493906
175.0872726701479
182.05148363825893
170.14596003181052
180.68801371792046
159.69677091347668
194.51349065577043
178.12330279468398
174.43222399593014
192.8913737303924
198.0028580353926
179.52444896690739
171.63896511906398
181.48382478238963
187.80813106208103
226.918049268178
224.85274733909213
206.1435972257467
196.8415722499453
182.9088599937673
185.61285590268264
213.3608727567561
225.1969849066442
226.59530659006893
247.07045796330522
257.3090099053274
252.00686384375192
251.58730541811897
259.5073888493839
247.85800136355311
240.7678393780126
219.3704470019858
191.97744649722034
210.4852659912653
204.36791135927675
231.2424926415281
200.61407736474789
221.30497298148106
187.86554261403165
214.26232781243488
232.28416774926907
243.40615832050406
262.6603132414599
267.6440630273795
277.34220363870014
273.5363489776639
264.7417446983082
287.9609586820321
276.4441046790542
263.3422663886363
273.1312325263515
279.84044721144295
261.31197558440306
280.74912203760346
258.1356504388065
293.05812774872436
278.0519180171126
290.2002512583006
289.0770725988046
286.83502352250827
277.68869727427386
261.63626519467647
279.63419045697776
253.20278896029507
268.21382217784844
265.26997174678866
261.9637996436148
271.43399446599676
259.9729262757395
249.63561108166925
218.61324582263725
223.63225137587395
218.13322089757483
205.46404575436264
222.1021657095522
203.68630707449134
194.59499775092593
200.11926673208228
212.04610603404302
172.83271227196676
202.70966906224908
201.79004532193196
181.9365703651905
177.84709065517487
208.5070459263898
210.49553964836662
211.11527361646927
229.8491877662158
220.8991782418936
232.2052338664568
218.5683882341301
247.61915109772085
205.38824765480604
218.6603704419102
202.02859992577325
211.5332503849649
226.077742259651
228.88486727661785
238.51398573463223
222.6278034552363
216.67589806265772
228.82265504218063
227.9069824806325
213.93563271533537
200.4904177212864
189.55691413814682
181.3260781822296
178.9129534283144
166.86887219833696
176.82909664136565
172.6552196588027
180.52162224646523
182.2887391810538
184.2171663385513
178.38643378869637
204.37427518925028
182.33195663232112
163.7116836475334
144.61039785477155
184.96645927125667
211.91410268857032
206.21351949513044
182.25794174403063
181.66082517990554
175.972186888461
193.20126111221694
173.48975331224548
170.07101013226003
180.75825150488453
165.83041007638315
160.0088672339168
151.1829844237101
162.1489591391681
178.21387594552135
163.6892658564228
154.9269155129263
154.39231937863835
176.79711162367798
166.68101666690131
156.78549208374343
160.07389729209558
157.59169009015386
181.75827429799637
195.40215483613255
183.82351727392955
194.43259375378426
214.82254329908736
221.3863851494007
230.62002658315032
202.9656928163196
249.628207585808
241.85938096443482
245.2614884573557
225.2436919632969
252.0825580697662
242.2364164869314
245.02994156780488
221.0466397249657
235.22649378344815
234.6042017597759
241.38896207041262
230.1079235014941
209.16682595051788
204.47294917635443
230.02256625988767
232.83253940058242
248.39566151319374
238.6735228405574
260.1690711824591
254.23306320128012
231.48177393147574
238.94569784914324
211.2480851583748
240.70908797406977
203.60357573348793
217.891681677057
210.92641045771342
216.8787644831973
234.74690584541966
200.7707545211341
176.86632627390733
175.18068716868834
176.3068287698985
172.1225300930353
182.26428193854173
193.08664864752467
212.54016309856556
206.20557741260885
201.7689796905929
186.94367676602545
195.01402820358808
184.10101568260194
190.7794608613512
145.63375513288173
181.45691670639263
174.10319838445454
196.1036150225525
190.83019793510877
186.8578628288135
176.58400717226044
196.05280007493462
197.44734508604182
206.67091461528253
195.60878915798511
202.44752079675206
210.79986773345527
212.04489138006355
211.0527622845724
214.68845190667415
229.92813365488942
214.0575124854721
213.94118251687553
234.79376544300013
245.63502708408672
215.59290507737154
213.15795223233877
202.3409564872398
197.67633637138243
223.1208734232577
208.85376975298163
196.2520774889229
194.94513276987266
186.3465180294185
160.8449939274546
170.62117277247523
173.75547923813934
193.44793237843362
189.68210348642825
184.88325630049238
187.40748432979007
202.1086419288989
208.87766568927492
199.09056908447604
190.49977728125603
179.5270819862854
159.10811285619553
136.77635324319988
137.5376026779565
146.7609085804082
123.3044962901839
120.51490130477868
132.66548285463065
122.53032034608786
127.00486847186916
130.58076894021764
135.34220818224628
135.26151005353012
145.5702694875347
135.28697658982318
138.502698647759
123.68686353831598
143.12442120483206
131.97445518443814
108.54519643659039
124.54464721620961
112.73566577953349
107.76511741614566
117.03279070196831
107.17719569065267
106.84468326447916
121.32823715292636
113.32477191334374
125.50908615250329
145.9386263524059
154.7807408709209
144.17185142257176
140.21626176285412
148.23567000997622
136.13697629930687
152.28868175724196
160.25452517870048
153.0910022875949
140.6970546426716
154.47511328092423
144.6031835825592
159.5321924966959
150.31194226363408
158.15274584205315
177.5690197302503
181.45902360389772
192.155859680125
197.33445361146767
192.5221174604198
185.0779740062958
204.21044878335624
207.8008376668203
224.1223340005763
196.68315224154003
190.09600167156717
191.55541382442175
203.53354071740426
227.89972867194302
257.9526712279074
268.6793872382348
266.3080149773257
257.169982076356
281.48510585875346
296.88946831314195
291.3948992611556
255.97446315441815
265.7321841361114
254.94056919182344
268.0111201114354
277.9474386182913
281.6667028399085
288.7185628172069
268.92597420395083
244.6585664320581
245.14953562311607
221.42301153428264
239.22906490910057
229.74253938759762
243.22949319185722
258.31258186345934
258.08675253681935
240.42026867402652
258.0211008738773
254.70097483272968
266.1852548293417
252.0601010392878
229.47057266380475
230.53781520070095
215.28894131004358
251.98032715820952
215.34380513162156
223.30249369539737
246.3169759248391
220.11191828285416
245.74166460887102
238.52362776864612
216.38813125378405
195.54791256749124
195.50610651692529
185.13508861342498
177.63631060577555
147.73724607691224
136.3163563345117
159.10858128635965
167.52638417509635
170.4525177025524
146.67098142845177
167.68642803421184
143.2007238311062
134.10483369679494
112.79207726506164
119.37305576709903
141.7059965923247
129.15349135844252
142.2388819995974
148.06157650057517
144.751821977184
161.3533166586614
176.0412245926996
193.32866216402581
173.25990924171623
180.56222352634697
196.166478874555
196.14372444382764
191.1597867792245
193.70961595067592
212.79797129848296
208.61231570285867
215.01239553418316
220.25544355737978
209.9574656589148
207.06620672625237
210.69572620986608
209.4461496884754
222.02169232108352
222.68550593389344
235.73341136154863
245.1848234824257
247.85211911315096
256.05955107352946
262.36323431529894
242.19785003606987
260.0588206515069
280.8579385832663
279.4903553766777
282.1617398137395
266.25187584297527
256.269211689522
291.6539419859676
293.015265338907
285.9047496106756
284.4634843232248
250.60042714281474
253.27301879617386
237.65940881105922
212.34316840700367
203.4625105742738
193.65482717546905
198.8042602089851
181.21137548795207
204.49998160170776
185.4961745226862
180.25065240448845
159.9653915227217
152.84586266621403
110.21231957985958
127.17792723015121
118.60580969686399
131.629425635965
132.79961293666278
137.16892516013792
141.48747471085778
133.71480208945758
120.6815515580216
143.08929659094042
141.31473740275345
134.9346362862756
145.35818669991187
145.65110249921196
125.18392253299366
114.15913764514664
118.08689171675752
128.54384639031719
108.97882879531652
106.12946815181506
107.06570597330736
102.58601400478248
99.56119054044864
113.41993702726789
96.33518332119233
98.52730623206969
122.69234913805234
112.59578230360175
129.11547189197097
133.83961452701595
141.36676376111933
127.3747920810082
129.93583468908562
155.7647450230314
161.17445784952736
148.50794179601053
148.45850519390962
159.13854986624057
150.26579516659936
142.1253478921378
120.9327203526247
136.6487883472815
143.7994404277472
134.17827728299545
115.6569781215779
104.49382726333336
80.63735576040254
108.00415434541608
86.87952867156372
110.89892708136489
99.0698249172787
106.14800146972763
106.42336444977556
105.03718626780385
101.27851533544685
118.43567735317382
117.92973226331118
125.44085657159947
129.04075168401715
130.70951380630035
132.9860921641414
138.69070861185284
124.8139118356288
110.00934765443536
102.12076377743485
124.99918471380155
130.54530377707243
117.54214404291073
123.18921866830043
100.68916041893306
125.37527877774495
107.61444242689618
119.31656501861369
137.0836745969894
116.0741668622585
129.56676245777635
144.99211997215397
121.50947150457996
118.14292286872643
107.31134498031763
131.8246406164477
109.21836865550657
113.14677332059466
128.39812603923733
143.3268091664076
155.92866150371182
158.51833720700168
167.1346744454496
182.0245616097369
187.03824195556854
175.2878415951301
174.5093744802188
158.65617406682503
174.20694629680116
195.33329529473804
199.07802368236014
182.53789894612999
177.3343223283955
163.85673696046814
168.9928348710322
153.0519409200077
166.84572167805325
152.15640443849347
180.2152356516198
181.62274123654944
174.92783040211856
161.20079346140287
153.85018778333634
176.05579069509827
189.76070866209588
169.7600589945277
149.06038455247676
140.32088971029003
149.97676148769187
148.00849585631985
131.3606704507038
162.7616356708406
150.88418262741
166.1650093263058
184.61236076335183
169.80354885840399
174.92129989156905
158.89493204359684
156.88180465717812
165.46657219543528
165.2273887351481
161.23641512284146
167.4391830851611
149.90241629482833
135.6977196390589
159.21686359808612
154.80547813225138
140.78151865032777
138.43893515424054
144.36364872774075
127.28394591268126
109.21548535808508
105.28629362453393
122.36162453482963
109.47406569873729
134.09656268395372
109.21419853992013
108.55397805392771
122.70599114028317
92.45356531550101
119.24248420990583
126.48217712899792
113.82524476016404
95.63563865367853
113.06722609880988
96.8440604679554
110.81586641168873
119.86570204358897
123.44393285070326
135.99655541193874
159.92446629840302
171.4018969736768
167.79360891995427
142.6044882562644
140.806357609507
165.18928109945915
155.19412224157435
149.15845869318522
156.82984453963627
148.19121464632644
149.29522383057696
145.54309127534367
154.45091724655774
157.61188294077704
153.9605690761247
160.89382109113464
168.5160226233952
160.4970168571632
171.94750752418048
179.56597739189567
187.72561605697442
194.3514640630038
218.14199491616793
243.45000798895188
221.03708996914764
230.9375764249236
226.246855629972
245.158237316424
215.88445385547396
250.5376776745782
227.35020898221228
240.9128787007971
262.7509695346488
257.7173962355125
244.262231295733
262.4925533684013
285.32178848818387
267.75763749842673
248.06936653898248
229.61983907874833
259.82613515448946
238.47454766985402
225.60069839122605
242.06174171220582
222.86333386421902
258.03215368162716
246.18235796739313
254.6844574493421
257.00581331188624
246.31222894132262
262.6610914683602
258.9197731897537
247.81119283869077
237.16614049648973
232.393537450605
215.70102855685104
209.72709591625306
210.0507893414885
209.4251159668255
206.0534624181932
200.85269032430037
206.74189604607054
182.44298884977974
180.86164541812855
163.82880463320134
147.8221646880961
160.2733419106021
165.2230107745509
164.015402439831
160.3752349545179
170.96781826250307
186.75457129028544
170.7259421506235
153.44703326069822
163.45128200324416
177.9136365321407
183.01658933337944
185.04791023830387
189.2942020833066
188.28592685391268
177.14375808669706
189.35589045301853
205.10989733094706
183.03904098213613
152.23687651613454
168.89840496170862
161.57962305066133
140.4997722149261
147.53713870562575
149.75825064682925
156.26817398536775
126.04055244803197
110.16464253789243
96.98249966988662
118.99331960275676
125.99344648292423
131.5495243817022
139.21697033922902
112.34393728163447
133.00804096186351
124.11414328248891
144.6644925853991
161.93595824898438
138.66418292093502
131.6962815022326
127.82128485444143
131.00789907964085
110.79781308430084
100.64090311771197
98.76818512005127
116.97894337316447
109.63310984871316
131.2108333414233
141.07748730728233
133.89991249493326
122.99672733917865
130.17994204469187
118.89129740722325
102.44780398413229
114.90611771409964
105.8934451439769
127.76157745669677
130.8446885754624
105.45164025257735
131.90155158892352
120.69384696222149
114.55218650729256
100.78928704647507
124.74972472202967
115.82182916583805
109.66784944180064
105.65193806537748
95.97187147756703
113.94514818100279
116.65615146411831
127.81232491983717
127.52568271033212
134.01127605833946
137.2553804011826
137.5207284535985
131.3555323349627
120.10097503966392
125.5843653461344
140.89301893834116
167.54009305513563
158.7518405242482
148.45559281671197
164.78926804992471
140.86142005483396
156.09778040342547
149.74849005982827
124.35938063471409
127.27864280818682
121.72602900213467
123.76827734477557
118.84477809434524
89.94683785087635
110.10094826387643
125.57209945753534
142.4024559417823
143.97141620543152
138.51226034296243
136.74356648285996
144.59996682636998
150.9122978242794
112.96217861214112
117.12806124754896
108.2805534115065
135.44452178623104
135.6266650616945
137.59519010230068
119.39301857869658
96.22213498516328
114.97168473859404
116.77515558718477
124.0522149169411
102.6026167106004
110.99799242274227
123.5651360685847
106.7793764342946
122.08094227399452
90.07929015369562
113.6637699507771
118.67571959024544
126.8161530484013
108.13041588131286
95.28937643290752
106.33924428783166
120.46125258213804
135.8948544319886
123.04288327407575
158.2031074437651
133.75351180442752
116.11913112588476
107.33539154693928
109.08063990124188
84.39486022511403
114.45093131909012
134.51391622165377
146.3343103661039
138.1870751543714
141.0324920390462
141.96904994569474
147.81786238960137
141.27108996757303
139.71338742556486
140.4830129846952
124.60781314650794
140.17325168870735
148.9908344057614
142.4743128619733
133.0575943160511
124.69644660911511
108.04671674182342
114.70756951430575
115.8306025554442
150.93183593292252
148.3702424676378
133.91898737937643
142.4748750409092
153.97449809023078
144.21118401612833
118.63247476880443
159.2941880927238
148.60082755483543
153.68563739506328
178.32253397622208
118.7020404803056
202.27433183342887
202.0661271546142
183.91508284979167
191.59976087739926
181.64575241293892
178.6510734817341
188.0800601923843
206.54116940913002
210.32284840297257
226.3400947185675
237.94327821393313
231.98964308516221
247.88120495108387
203.90840625051118
235.02092625710355
241.0618340117048
242.1471654180179
225.29392801247616
203.23102504221688
241.00089887644847
246.75696405537445
231.08026362746136
249.2559219781831
221.78962112320482
197.630043406795
185.80331612283288
187.49292141750993
196.70170760840168
178.38938169525466
171.2987537475459
154.22175150938426
122.51574092592602
98.01935213044176
106.44901757080588
125.79314038462138
124.99007904733551
143.44442013002342
146.69153702302734
136.0103364585383
143.63783662111996
152.97660718838537
129.32208176101724
109.24159325261931
130.75600333910407
120.0316621290326
98.61580127942312
121.80405959175067
129.1791230178309
138.155579745908
151.25441003546348
147.1259400511895
158.48119608222308
164.85493800844662
165.99372338147427
160.7616813857751
161.0351553026279
168.5454585190743
162.20707847346782
178.50261490195885
157.69151012878487
143.31398101591685
156.2115699893251
158.84406170401934
168.7142489994608
161.75847114074884
161.08998825025242
174.48445546618484
146.73521877529512
167.71454840395052
161.8407545534917
144.3767997980847
135.89476892625788
122.28063948176785
124.5432314310194
125.08514407291548
145.28346967403738
151.11972093620028
133.95574380156165
125.40424526551756
119.23519549936175
128.39264916072108
138.4939732759649
117.94993891139238
137.0217836744491
159.43574791067127
148.38285633833135
161.79365868138945
157.108228023714
174.2827783164429
167.704175845089
142.7049188954767
108.14153594125665
128.58636593895224
133.47013991665574
125.53949067294604
138.23870199914143
130.24427864872516
136.46763037271438
125.26278049676925
112.029892077031
114.56101328113894
95.87310021662005
111.16077584620662
107.01602675436695
117.34998801155658
121.17254583142201
106.97143443517794
116.75160250357601
108.10487810310161
110.9464919717567
113.633116073181
124.42226528470313
127.99126905682922
123.92571153111676
98.25978290525465
126.92379815310127
116.22110030875662
132.29752102105175
152.4939501074426
156.3228324393484
161.78798924054783
157.80676019690702
144.91600011986043
160.35271999915918
156.96869348054943
170.26801191710797
184.55756012374297
157.135750442911
148.55226670792413
163.81632777560668
173.56281368576873
182.39036867944571
179.67512897763694
167.48816795930279
177.96265227059266
170.1069074008056
155.61892370137207
143.0338737328319
148.96184184462982
147.0499072447734
142.1642273523393
163.66704732360662
135.8959110342542
147.2727364925046
133.41638520676722
168.77758755648762
161.79365806496784
145.73489241235887
135.26051014889893
139.3369694365605
140.96926523689595
143.48817927103778
164.77187643944237
166.2444420209288
153.16026883637755
153.2124189666306
155.52267228869653
169.55338295805532
161.81950382693276
141.6752161514982
122.22740889959287
138.1479098987248
121.73341416606846
148.95947002258396
152.79037257475642
140.6610516972236
144.85513691285774
146.62649957372798
125.11088919450461
127.13180482511939
129.13813679093158
99.6374359906697
113.1876808371665
126.71957093402582
139.05942599206585
105.02043552216007
98.04047527016859
129.53767182993568
114.28195561166419
91.2414892813461
111.5532701194937
128.08732204619744
103.61549852704724
107.0364443514735
98.86256514486288
95.92121497574006
123.90514639989468
134.82583151595804
137.82962515212574
122.13692792669117
115.45478039493419
129.40937708186175
118.76651630400038
115.98595854039476
134.700543919537
152.27385150865217
159.9434995454161
162.06370023009208
157.80443607748703
156.38354328661524
172.60523342687358
196.94074713553746
204.0312609188228
201.55883540935133
179.68230629102968
176.6629663823058
192.78989653485098
197.3557276841384
198.13311238984593
187.7193881092154
195.85936613790312
209.37314840999926
213.99404464593636
178.4866749406434
176.21028097594822
176.16500282031242
176.68378781662585
169.0508098088526
194.44067142729253
203.3847394968599
215.85879224061367
219.24766131697262
244.35076113672326
242.75436392790223
216.87230747078985
231.26342736402677
245.1158097658883
232.99186052558377
227.1760828594744
216.26740972139478
235.16281900446734
229.61191674681183
213.69873237580936
243.40672690325923
242.3906153390248
207.00613659511833
198.5891493119999
182.50258300275524
170.2912972910047
200.42437902417646
186.47487694262932
194.92957393275356
163.2993795314041
186.31611209859065
156.7502509323953
133.9098518961225
135.96293999356314
135.2975616430114
141.22387186984025
135.99549840748543
112.48444421008779
122.44086964967747
129.21277626172832
133.81927095301788
115.8475054816594
114.69981128523361
115.31969251236406
109.05986425708397
116.51714923669957
115.89236112523108
104.74863059223108
90.21087736863461
106.57849639229399
126.4795935904073
121.71353400266692
122.48439651359867
145.12378750265142
150.64168498389685
163.03444938359505
157.47279167952658
171.86998061739766
142.88588085848139
141.08200278404846
151.6464095281225
149.0707713517651
138.88927572686347
139.46938546605867
141.64026320303117
137.08479872582305
127.10689840636016
133.3238140522548
141.828681043928
139.62831599585186
140.3765429064263
128.75721242079828
126.41596733740269
122.51105006022283
123.17498243880108
139.79419753752185
140.13546414318049
130.21906933377727
140.4743425736661
156.47220121188403
133.64389276743225
110.4541618286195
140.40445377795848
150.07336976850124
133.59662217967212
131.21871479824026
116.679748886417
148.04914806636503
141.0077717281252
113.41626745822543
136.63292826930734
128.5862113583293
123.32996062244042
137.6280328324844
150.57057084109016
147.62148142246116
149.23475772771616
149.32080125940365
149.4492157781979
132.99252856538797
141.22030596563837
172.81792058725995
170.48778076291464
147.95971521521972
162.80009341400122
160.32875384695103
155.7281477696445
128.69968288554435
134.5162575418014
155.64821440990386
147.4888842979103
146.41382187630688
116.11671837806152
116.49293136616126
124.13019505005931
110.01007053596032
132.5424167497652
117.87487706362238
134.43314125056068
134.90791885147382
161.41971103417225
150.7685294033546
155.89267424389416
164.31141153083107
188.19398212131
192.34268546868583
173.15907813544965
156.5129366069481
148.8182106960904
168.72586560864568
176.47243911979368
184.82488281935497
198.75055449138512
180.5654196718987
192.60103086849924
194.1148324303842
191.93054243099434
175.2083882984198
180.10512798066435
172.3982635556972
166.96185782589197
172.4327090908045
154.61411063531006
174.901459932045
150.5714632005325
159.8086762293339
147.49254735077557
140.20368554030586
114.39578789617616
139.01596827581005
135.71247357995466
147.9017139285184
152.9870554176436
175.2717324009458
176.3901789060964
184.8789143588522
200.2211424722046
210.59710545339658
212.31059822078836
207.53409300954038
214.9339828751463
204.99508586178004
212.3183233661911
200.0551506280291
223.10580525246067
202.18151612967335
202.73272988255505
187.08034667116976
199.58528666869108
191.29859637967422
184.2110994302088
158.8012648706153
136.02939999057634
146.71461966487476
122.52549035655294
139.2105815670164
141.58675667002615
123.53343849283176
127.9993676959626
109.21007734210788
111.69847512751032
120.3345859214578
108.04751351755455
104.70978911543085
106.50569599731334
100.54883045865324
126.99511222238179
137.4942788975674
124.45647724394564
122.44600208157432
120.42359814604909
115.6856742713855
104.59586883606036
114.51527372683584
110.46245009027118
96.18574066452388
101.50651058291186
115.8142263226824
113.63721200387431
110.97218208419979
94.21135303270526
111.2676481073876
118.49871628848126
87.7065215034051
104.48366424890932
96.80538777339619
111.39668376309051
116.48158507487726
105.19125302359785
99.7755850162466
120.91540126486676
139.35703600819184
154.71767511030882
142.69587006937206
139.87168069224816
131.23883260228294
138.24043127053596
140.1672835719619
159.32438322363737
145.1352058185025
165.8001268561721
136.6057436029718
112.31941053266287
137.7952520794775
151.589766917386
135.3049545041002
138.604910254126
141.5046588813667
142.38040349288164
150.3435516372653
158.72231286442965
162.01981833689328
150.36441777307715
154.349596651102
163.95599712001132
172.1404585336322
159.564906203379
164.92564246467558
166.7152499017913
156.53257534376158
140.05306423835373
144.71661003540348
158.78382085901245
170.14056610581414
150.3408570461142
166.41351200577523
174.37277343085904
167.9878225880872
166.96408801934098
188.5733445756997
164.45914566857476
175.25640365832277
157.21274189614417
167.12872511293537
158.6363093984909
165.0312241927253
166.4210317097688
171.00017806379506
171.38245661328432
181.28680827832878
175.85627414823682
181.71966058228767
171.4695088482959
161.22478231014438
153.45163360382992
147.19184186217038
132.48258156947807
146.8823973805569
149.28759298049926
149.76164220229435
162.87181533446233
174.9610192771592
163.35274583955507
167.3650097547793
166.96198484511672
202.0818324432601
196.94629602746824
206.49969591301476
216.85466196344734
212.73021347958283
190.51791111438354
171.53492338955922
186.36229163211303
177.76406009754498
186.60023246904905
191.7714615605824
153.78424040709692
134.3486671507047
135.4606289722551
154.8570329888682
153.77764503624525
169.16907305227272
167.1648639972739
182.6131631605198
180.23089794845538
206.88942764109353
191.39174147358972
189.22960028516962
205.20991577538007
204.51006638973416
209.68084900050107
190.5010062872994
182.3678832876628
192.02659753244055
200.79607268668298
197.16528215961955
193.95332634748976
185.8420789348863
172.08639772006745
174.1118229047397
170.85022957579434
183.31372664307642
178.18072554407829
189.25714140731384
181.5296031485852
161.87585399234393
176.72864730848946
179.3576275035073
184.41573795371744
173.5250159924805
169.84853404901475
151.64455834845378
163.90822011552063
168.9784077054393
186.42982947495682
190.35442221935094
173.08309657849182
181.69168904922648
188.86580543682706
201.38657402089126
184.43708485416076
144.6694663751522
171.81958690542854
166.21550729381224
149.01646020715683
123.4062740396856
121.56151283124271
125.00831110486841
118.72478352627316
112.8046259776914
124.59406826207885
122.16866641473788
112.53346260069569
121.1014345338057
129.69213684921695
140.54536194602235
147.89398645453412
128.96871863362276
125.57324248201564
118.099959870526
130.9149287736763
122.4082204526327
119.02053116947394
131.8850935532826
143.10343586409653
141.8343806941891
146.05117506163123
146.13046875430044
129.8088788373645
134.72627436703445
101.71726894929533
120.86542450536132
124.74038092753543
109.09806091421936
134.49996255608556
149.34948460533536
142.94164705474915
141.5675236844905
153.18154032234574
153.42105750162176
135.0636767528971
148.21587004819486
156.17947288453792
160.20476627038173
164.85479107189028
142.41812500287992
166.543199104948
148.22415485562695
146.4621355279661
131.4684593437013
128.73045762476755
105.86916677882054
127.87340817146153
110.61745818489436
114.69658469082808
118.20720666683067
102.10677393769583
135.29652587551513
118.8804183181618
92.26353596114018
123.2619657204721
139.71171349774033
120.65994928608511
140.08092280545762
98.47177511000311
125.51247008539336
119.83026019680983
132.00419824956347
132.68650855559716
136.02350785847722
134.94287416866794
142.82712629266004
137.6499662017706
149.29188833672873
152.85041940877014
123.61511885897892
117.4650729031665
123.89510886045979
140.94426117195061
136.5298237417539
156.6809880419491
166.63876561786526
143.32657781437143
125.58440563648072
118.03535309793105
112.40859083165653
126.17199446490777
129.94588825904196
129.30632276517161
115.7841557448818
124.37265108726072
139.55128137147273
131.71985922312615
129.54205707360882
121.92913781319238
126.25465087493927
112.64861022502168
119.36050088973049
121.6364124420369
104.51457190877326
104.14801081646326
106.2377614095455
120.45225027967214
126.1076365691423
130.21184973907646
147.54775301359032
129.0548698754019
130.97929771522843
154.7738169271718
142.9744436007271
153.59813927590244
164.36395328648717
145.7946771880189
166.11678908289755
163.6577580541647
149.75587254397314
133.08103868882108
137.61820268618214
142.0299970665901
151.79271934740717
149.41933363779944
134.37326641975545
157.13948263735733
185.36951799863976
161.3514117835367
159.1725267105808
130.59043600974724
148.14668968483062
174.21504356023104
185.74499915362767
158.88843245062927
156.332497928848
167.83835960832042
167.6402084112491
192.01357998846404
169.07023954858815
182.83907984872482
165.8099622223346
186.85966429598847
174.56362570087416
199.07538253175204
210.9623471433774
210.29799004695178
199.13285916134714
175.84659383490884
190.7108604135607
183.5049687308526
212.42279760746544
216.96941637735404
219.40060421013857
227.915537837903
225.59383993098868
223.03881737932429
220.7483289795212
218.70751695208858
216.7795921041063
219.79777455294695
206.1526308561199
208.92708262111464
203.33332055475367
199.34676971294004
197.388529300805
210.6576005631389
206.32893823851708
184.87921931705577
172.4347927436581
167.92641295924167
188.51957871453396
183.09117905972465
181.1016003849646
191.7922100214309
201.6350486934051
199.21228913503566
191.30779792424858
195.15065484439518
193.26831543348598
179.71264928898725
171.73063320411302
169.8355395023675
157.02131930145214
195.27669077710627
193.84061878866828
193.0764338902279
222.0273402641034
219.86311063048652
209.6960662206905
201.54086832290307
226.34216825739344
183.61337947583806
196.73986735955552
216.05814738627882
212.8153732892252
200.2593178784911
211.70024955377372
213.3773376626429
196.18507214091008
189.1978251731148
178.0716757702116
167.25105265044144
176.83070853420963
183.965290617943
188.8163447609921
188.0531479436514
208.6512335985611
209.09004110499978
201.87472731227587
183.41255463733054
211.26482615213507
195.8299273651457
198.7070041018505
215.19903759721984
213.18564523552615
206.49349623886457
194.14307719928152
208.9319549736575
202.82557604068688
202.83622548730145
205.71941192638394
172.54734741121698
167.9630638062554
162.5061843097806
147.52311513859019
191.21496902085397
189.5730115287147
190.86340313682882
214.58675190928878
212.03024784461132
213.97197096892705
192.96294746279833
198.6525945631921
197.74865377801234
193.8615959497422
179.01168316468335
191.91119808702564
180.67213254122203
212.5995406915024
222.90791592937128
228.5687050176893
211.3320474985373
238.53718765506875
239.12620768004092
215.891514104401
232.34318068720899
213.32670995096237
207.22975214353855
203.4922568730287
190.54283919089647
210.4241294768137
224.39553925895163
233.72711736082425
220.52353855494624
199.76030170190023
221.98057008579883
215.41011642945355
206.21460267520666
243.59967722128923
221.39394220723392
232.5066957008243
234.28049777120245
214.56509634263787
218.56553246800516
218.62204360562146
253.01554302763813
254.1365805730577
229.8780775054383
230.94401901833385
254.25121260216568
253.37985792668607
257.9437404622976
266.41231469896115
239.83484877239616
267.45360230578854
251.38048089414363
255.89473397239033
248.86025098627252
247.33182019528678
237.50906494444982
271.1347540594606
254.95502164268626
274.2858140839427
259.47455394333576
264.0493585316381
250.83063027333827
255.28242506124448
242.3783707486202
263.095058926726
248.4935333359914
239.72917804737898
238.07967048092198
227.18209694775655
207.8688117075927
200.46484630337747
209.60784944397247
212.7224957025762
196.44386792875275
184.86283896403617
176.7437391000457
212.7597007427793
193.59318930400474
183.19379026515148
171.496578999567
181.1695258249796
182.31893037116112
179.22874476889248
165.66685286764513
156.36553624627638
174.75693761112439
169.87970734408512
184.28315756453162
191.72871638807916
200.15465643468315
174.32070569496886
166.7112605192359
165.88294092569433
180.8635276455412
177.74733125840106
171.45345044668244
191.99030204518115
210.94976591606166
197.31501696623837
200.21143204741702
185.26068851981418
162.98635231849332
150.00291189462783
158.01404578042204
200.04310962470942
176.03626049737744
164.28683896785918
151.53911079060612
167.08890044024645
172.78209899268606
191.89486009573648
171.4077182432994
172.85430614755361
173.23612557101654
164.37951484074117
165.7339011860188
160.356125542741
187.2764672059031
161.9894173649321
173.66041638952677
160.04831089020504
162.08120439479654
177.90507605878022
193.77233293699155
200.7197095701862
197.29043047394623
189.8897385156625
184.54054762873238
190.00782570031478
200.66293761693603
186.50100997991618
201.3132106214736
198.34611531259154
194.8605423977836
172.40093399339742
152.57560991673444
150.62386919822646
161.42811569022064
142.1229921497607
141.7791297624916
130.45642985766705
126.09483066335065
120.84821188313788
121.13307570355894
98.41987969309247
119.07221676295778
105.23926029793385
98.75385308958306
114.43855876107027
128.16685374839358
100.37750827378339
100.50009336536567
87.1940005831807
108.35359430324226
121.9553180614239
124.00031958820323
138.52501850733518
135.44072023336702
125.64345895395746
122.69951818652419
105.9064873094211
123.30906275002326
116.74556576715595
126.63258820351379
115.31612022420623
98.38596900436578
118.35859397063044
116.01358931915209
89.83171507314911
110.55704194498026
100.79890932015748
125.57680157510187
138.3302235347511
148.0924380361317
142.2284727430847
147.27176795880524
145.4336970645735
147.4467541620227
126.33542176432162
119.42328223900698
123.80526067695334
128.08919025284234
107.81049211733877
115.8483649884501
127.5674147361968
128.7189502781357
127.88368159592562
127.84004279023667
137.56381972587775
118.74066436738761
110.36929970924263
125.55794307012044
136.92129980980843
166.1436271852754
155.2241547539384
139.36861656457128
138.4299704357989
133.47925344965705
138.16734739794867
139.4261295306247
148.27299675356187
162.14098644774316
187.6921126894935
198.47696442579246
202.2226940451115
189.44683164663022
171.66499549280033
170.6745702809033
178.034569022798
171.82456759151228
183.85115480580936
195.71554656865692
196.70349566505448
190.57398063883926
187.93125009610986
196.51223836527967
171.15541416315554
162.43517884376217
174.9478863388537
182.075423739089
182.0251588498947
196.20282565943054
185.00869640005382
171.6676975541329
187.633655087642
182.48952731694231
172.20775378245787
179.26222084630803
176.220244517867
196.0899242445457
162.7228477602537
164.84742833823913
157.25237025695645
129.55991565897855
152.43893642394403
174.82275932391914
153.5866942570951
185.78696492792068
167.2052686488087
164.7475123731654
156.38288931804706
170.30923253106494
156.7425603697851
143.7868199355844
146.43356865342716
143.26731417203916
131.21263135517998
143.92429962170056
123.96948831428303
122.32947263918311
147.48373428682214
161.8466875937296
141.34201364377108
153.75333744746487
140.3868031008775
142.8496367554333
155.7839587738034
162.53169739529702
138.33266626332767
122.6588487561852
127.3930620959685
125.53372420186538
119.42928563245127
109.22271649237076
130.92574097882115
109.32594299432989
125.28667406414789
112.48283198677791
117.92094942422236
140.65768125526
136.37223566527842
105.77743456987369
109.96515044609706
108.67332694127994
92.67417223500256
122.60934206989849
96.06808152046786
125.76650473500827
139.6022915427073
128.87813275623574
105.00880940887909
139.93451996672943
127.92762084417132
134.56373685061627
115.1246615089681
126.76957520251852
132.63118372163893
107.19995686205267
116.10034287889185
104.121661444312
110.54396109169065
108.43755609966493
104.45375461181106
113.71304449472841
143.486893651328
124.9392929253078
145.05284311058944
133.1445580185755
134.02206716626944
119.76604392308133
116.62776969397379
120.23948367061504
133.52331448720128
125.60160956469724
141.92422076927235
157.81076527720668
150.48345230707972
153.7059890322873
177.15132519732907
149.60849740152253
142.70711104126363
138.64616425965048
138.05380056047235
142.9620337821282
146.86472109077675
148.94196632871024
162.57050199554433
188.0575117013219
173.69920045774603
162.44089432174533
163.60367295519598
183.21926237488887
168.36127161268874
204.62085745045707
174.90097691888462
196.95541781435307
209.60435899826996
214.3997653741947
230.0831966839653
199.95214899168997
212.06442176697183
202.87612806180329
213.08216336095074
235.01952774296325
199.29621337807995
226.3807742784709
224.4966284391444
215.96426638076693
227.40610506833974
217.62554406843773
221.50332241345143
208.7332728583016
199.83627571005226
190.3168376611295
194.33809594628386
200.23718236251406
170.42309357141806
193.29812584666885
185.51700409856514
192.54722796770488
207.52263159592013
220.9453207097018
209.95296849879512
208.53742964744382
203.51904434372383
215.0801012031639
219.53039213669928
221.54180162869952
199.53102931089376
213.78015969751505
207.00782554541564
246.4000776094906
268.0366959974998
263.5549496105335
260.5398668100222
270.6558888411752
263.62636416732295
266.4986356983919
262.3519371281512
244.19561188486296
239.31355934640328
255.51435842470102
265.47663909410284
240.73721654801827
223.990107447363
232.68670437079172
232.19916252740083
251.564985238268
239.1234602818267
266.9063830023607
273.4761777178091
250.94748235694505
264.3158205681359
260.40364464175644
227.42313310921443
232.34412399418326
241.59867537268534
258.64259262157327
239.50078397376998
245.87510992281923
229.6361287511628
217.2155068605756
227.52238809154255
205.52015912940493
197.9789752111292
182.92831578844707
163.2822372337369
127.10156954863452
147.45344123295368
155.97429194349428
160.58998761444903
161.63012686956407
163.44391093686235
147.66095006775458
145.81666877596794
133.22559508009923
134.22346754833885
132.47599762624804
147.06613152176615
126.49287612532447
143.23173391468453
131.42381484459045
117.8661280036329
124.49735510534106
126.70248019578729
129.02590834376917
140.71217152127582
132.72127549219613
139.5193740630079
143.29153418970813
132.01475061087592
127.3497177634207
134.1016011204419
127.35162826000055
119.08226960709696
88.3217211911216
105.96169847092733
100.96571740876954
118.09713021499451
141.26472496199307
158.1369943106958
156.35609542682496
161.20224469538184
151.37052532929846
152.58358851010624
133.420853894401
132.78983710899615
122.98697447482722
111.7419788955618
115.71656593501888
115.35601182500949
102.36299631469058
114.89614741224652
103.0293651353459
128.86043452563837
114.52372928388448
139.26246509476277
135.6643870210359
124.18048584955659
100.30123620935325
103.78601146621683
107.13580003948093
123.21903329581227
95.2646277915268
123.03378356757457
139.2467402231774
139.68367268935242
126.9003474989946
115.9366625793095
108.33263171669971
114.33908913429482
138.2934646505762
129.40640179055728
127.03067211241918
117.65635524497169
107.94741905218915
121.92534780469512
143.02253121142456
153.08026873920608
165.25879806610985
130.25284122780903
115.95804628559922
121.3642484421666
127.26978714316581
128.5408809607251
142.69025917232108
148.17005562758152
141.96362334094715
169.30096755240794
169.1702170610818
169.54099786548835
172.04868682433764
193.11374789423516
190.17547206021695
164.1421686650829
171.1522992710466
178.47384812302744
182.8183080720731
177.42912327798913
180.3303869276522
198.03656866926156
217.43931587067505
202.12101546719998
199.9352830958939
185.64283245736837
184.3568170457257
207.92490590266743
182.675419716775
162.77201377408002
165.9013046675458
166.76249924139287
157.92913108402092
154.3128599587986
152.83786961324006
146.17461710108455
150.45193996262742
131.2111111238899
126.9650116777842
132.01186210778116
120.2775200299845
139.74648158522572
119.67951112626054
131.24781528959682
137.23773439276118
141.23988808932359
143.11789481798883
116.73785745334133
124.21528909157361
132.11098639264148
117.49592922562684
135.4538279732619
130.30301069478875
128.2906537331321
130.5824915129318
116.4228440905563
98.74028524850452
125.29879553606399
113.61257130105164
131.20204921684487
134.55145681832005
137.02186936515983
121.32010392872881
125.01880444183512
125.48145425669652
107.32541377941055
134.77520030408755
120.3115478409366
111.27806839944955
106.05133959699947
124.86399097118318
143.96721238508118
125.33027729844446
123.36349358035551
113.43695092504298
130.21097366888992
120.21203311459536
136.72980767055708
135.40821376308924
159.28694399368987
147.51207189864365
131.7294945840029
140.11686173615024
118.70212584161158
105.81549140094155
112.02363514033817
127.75927047651724
117.42938993665061
120.73005175292917
139.63365658414233
134.11670157011474
158.72024634586575
164.64452500870516
180.10247085912616
154.66304624980796
146.4337320543078
143.41600664897211
158.25397232818173
164.47204855326748
153.36589189727457
154.50948619491726
131.88702879082422
137.40926063681778
164.7133642540668
173.4846355637727
154.48280540454576
158.76818290583648
147.14890641626607
127.74491349713064
128.0000840094861
117.93584552970631
113.80591993025523
133.37488783487305
157.18108219445463
164.23332320039293
173.08637708640205
157.01324587067583
153.20164431235366
172.33116574162307
159.0141369267567
158.42862494648324
158.76703686361202
158.18665342128705
154.92065284689173
173.84461454651282
187.94991370144564
197.84198926241024
170.25237182558146
181.21247352707138
174.90330754552474
152.2370021168436
154.7941418381977
145.40433087089605
150.1198429788496
152.70157069025333
167.69408520602462
196.24053714678573
184.518555182154
184.8235829127673
200.6841141975074
197.443575295606
189.11969633205192
193.6392806375848
186.55055448556772
177.83865801340878
180.90205333666617
163.38978423098237
169.3570001549514
181.4355448404152
165.7449625364816
165.77436071416858
164.03658958844983
202.78577326818785
185.5266983623134
217.98535944059964
190.2538549728929
216.4096041811267
226.5607371379334
200.87771451701866
217.79291402869353
198.071322317818
178.68975595921268
163.7641957128693
176.4985326714696
172.9866946580016
155.08761262996367
159.1742318930621
165.07289505217372
144.13822215852852
147.3551156080321
152.66894994813998
155.3348249198959
165.4829659069756
166.48645119385165
185.94506595606262
200.79129028535647
208.96955689339768
203.85401897253533
195.58773394791507
212.98074939100357
207.32591682531375
204.42012873496606
214.67760709255055
196.02088473389773
220.91983538185974
229.75590807784963
215.73705037265736
241.98830144729516
228.29467470447457
231.79486242507878
221.38940308468955
242.38155774413036
221.27368964333166
223.04358767738793
207.69805875494364
204.04098483626046
211.92335952567728
202.2345471089995
195.46182306751362
188.6875471027186
186.77413276622613
170.61781169547018
194.646392572938
200.43886990002773
198.205006462591
182.36546336491523
212.37554534745902
220.4565884942659
232.0573177216418
236.54832198938408
221.45027825844986
216.24940422175337
254.41876371529582
217.59159104254337
213.02115514753552
221.84834749595575
231.92903086486191
247.55195545321243
265.680279747939
254.47527994842676
244.1484869292411
261.71178405531674
249.49568392475624
276.72489210457223
220.63529525705
240.21097689882814
253.42281364104676
271.4181925757358
264.5504906308955
284.4301222400415
275.07658811238696
278.29798067117684
282.30726380525834
255.39348180301184
293.3961781908184
287.24863474458635
293.20292797269246
296.6660967233137
293.45520124737783
289.4322920854559
294.73608267077134
292.0453013698481
283.4983198956804
256.1870062273742
247.18285103030513
242.69778218410045
261.58673794962925
275.035159611781
243.6003582414978
250.76048873251233
224.75582864977773
235.1515614770794
258.3890685605336
250.198147433663
271.87251141062717
275.3461017274889
291.0381574198128
292.4110186831627
262.2621403402319
279.6828116617742
268.12313526542414
276.2298715710733
249.2171092518464
274.978613994117
291.8434101481287
297.7772636401369
287.32734469579253
261.4863903919876
279.57094224593794
298.37240650830205
292.9147191027017
295.35052745814306
296.18260252945555
296.3622891425067
292.5613469032951
295.2972557838013
278.1996138464137
291.45483985274507
259.3338628789898
290.1537133868792
282.97387116254896
270.00491357405485
290.432189349944
297.07699695591634
285.2656622138008
289.0638916024587
273.68662886443536
242.5878686890567
289.27489039857255
258.2462845881138
285.0361288570504
282.7078551119577
301.02860587674843
297.92904820549836
291.78360005016276
296.97064995142534
294.1873632341781
300.6063838210092
302.2089603302869
295.94867509102187
283.6254300280773
284.3738300837383
285.5143665021511
291.2711495317355
292.87438793752733
300.1808762805773
292.59444536941464
296.7626040136455
298.54425769311416
295.9477966202536
293.8425783745828
289.13793699078354
280.5549542466772
268.1639879841999
279.2771256483072
267.1019766247262
281.16764519079504
283.0733562146189
284.58319853096697
284.22656643177345
278.1977897969203
281.7868732214333
287.78275608217723
287.04126216931814
282.597019945384
285.38726034755086
280.27608378423304
277.18648035660766
280.1914612895105
279.34673768111014
281.51523279374493
285.4998362573379
283.29745940189446
280.1286970712447
284.740961541762
287.4693074144858
294.7940691562764
288.670417182663
295.5091011470494
297.9901917648044
296.4703295741876
285.9383116399787
281.9423463593883
283.904697754734
292.10033036354446
288.22537903416685
279.9501288776045
276.5421143034651
277.0307988581808
278.25850246255607
277.7014701072311
282.88041780083944
276.57572079546327
278.2180051037132
275.59008367156804
284.68451781647485
282.0439691019226
283.60008020336966
278.40760595611846
280.6645910402477
283.238266100087
275.67161454909603
276.72865574699097
270.8805882059707
277.46562781714414
277.3565946617173
270.6482074959616
279.6694675292528
276.6125267095848
278.80564404587034
274.07271274347534
269.87384254905095
277.30387722585886
272.0218517686068
249.6667222447389
266.7954448469751
254.64954326522326
264.9319176486441
241.8987157299723
253.2746285213957
274.63744203939524
259.18182298553177
267.9363092841967
266.5704132809068
246.85048128501157
269.44584254586584
251.32248799460564
253.07592231065664
262.81739042454797
267.8676702063743
295.97684944759993
281.14933406404197
277.33393936780055
282.01441561898446
290.5125789143805
287.32721725822284
292.7284756177066
293.37103297526915
280.6912062184612
296.8696481151442
299.54153071059915
271.7964079095752
279.6581627834762
252.8596241730742
265.6298206839171
244.86755598330274
240.99231424210097
282.0404008489178
279.078401065492
272.96155701505165
250.7738331575236
264.1691752706101
265.67752439900073
254.95722344754682
259.2475054031242
264.2272589262046
283.9838720223529
263.68069816402334
254.34515489393647
266.2434926373651
247.89707153759298
226.64955209203518
221.79235346122672
231.90209077169342
251.68079382768295
258.41482368579767
262.586264352378
263.40102566891073
267.47767968774497
267.7657682626491
268.6538316417035
252.2189584240973
248.13975171927518
253.50975927211965
226.33246310491367
224.69652368883385
239.77385657777268
265.36205874977196
235.67495389900165
219.05705188717684
210.75472039170927
218.30893489825738
195.79522472601096
192.58584570131188
191.73030746945844
180.58117449339645
174.29817203064718
155.28514910629292
170.8641115832975
173.37423399685966
178.16279807791506
189.09455448607946
202.09791429276885
223.89955110968154
188.19223370646117
170.78915556118275
171.26985000829734
181.54336428542638
165.3825153333819
158.33407884306666
159.30222128216286
169.07878782391657
172.3776718228732
179.89575826735975
191.46771700923995
176.8033542927379
163.20286050693315
147.1756875276295
142.57474210091385
145.95966842181224
142.32154986623465
125.54756262863349
127.99134697301704
104.96355755019326
102.43961115748492
124.65167180427545
123.66063886680581
119.46803194253846
138.49114340861323
150.3192377576089
134.34931998698607
153.5229464497251
150.5602057117933
140.32074839892974
129.31044985454002
130.8966096036915
154.16460568057934
138.5209568545014
113.20135473605758
117.68832153999001
104.2354236707439
127.01068584228112
119.86596170322302
147.3633792017329
146.2107840829023
135.8177287515027
120.11771892146831
121.59271457661093
119.41816910835789
131.09201375403424
123.4184215810048
107.6471227203767
123.3295492077132
122.00154457392074
126.70933886910306
111.44284968694849
102.19386742561144
96.35509856112958
118.91239494223166
126.26320705979637
122.34419047453761
128.08644529314873
126.41133235380126
131.91183538562532
155.35760943774184
182.4241898068329
182.98709334053922
175.40541696277856
165.9243427234994
184.78616051193148
170.88534011037217
172.83704789409632
185.07846391008337
181.25465594337976
168.3651005313031
153.97828478201907
164.41091717461813
176.2822080669003
151.3462811751665
134.5250758615933
125.30301940848894
119.90814054142531
111.3810652406883
127.23161260671806
125.57800677000064
126.86839223987752
138.68462441195166
126.56438069843902
117.5086044341113
138.4474200416243
158.75094820165376
155.58823334528722
151.41002701835066
153.07194434785094
153.64915501755345
160.36518505312756
168.98876383270584
143.8691973672334
165.93871864477865
160.9013346131884
164.98004595620804
162.55884280547153
139.83314390555188
151.18001695172174
164.36033530310496
189.7060816362446
185.10329195423643
181.6182340725271
166.90901540824953
153.31427717338988
131.69485041377436
146.98212428075496
149.23649149183686
138.9900353799642
159.023635010232
151.35737254129995
145.1000304527051
148.0892692519237
132.4925536361342
129.35481451303573
143.96785394959417
146.0205668862731
150.31269023203163
137.67994120383568
147.52071342785072
134.59457563153595
117.18094746338306
115.85173751950389
115.644991223365
115.70454798633142
138.77831122797292
133.36517481500476
121.15367348837523
122.44818495008114
136.3750367953468
133.74938404415926
109.12360823785224
144.91556722709183
144.91009857489558
136.7613224880337
145.952719044803
138.39391715620104
128.07943197649317
132.57788222101652
123.26090451920885
123.80874698040513
132.25772645462914
133.4591130846863
139.8755861508037
125.87047792439023
138.43539645007627
159.56695722067246
132.78440835137474
128.05764169546373
104.92481745806882
117.45721563056355
98.75418549035453
115.67206455678885
124.07925170402687
117.83360719436439
117.71067714949783
134.11322807398497
160.60968489692507
174.00202406589779
177.4107887370832
177.30810469288664
201.16848632090884
178.44331886107972
161.1796011290549
139.9730985083868
137.41892233612205
149.4090788979907
152.8765078772177
134.30954130996935
168.18664864471992
165.75123263791724
142.82086334922818
131.4502828771719
126.10091431667868
99.81076951005119
122.60258532928604
115.5804174009684
129.34167145355386
128.98515100111385
121.12118185806318
113.08777348096427
129.05966731132463
142.97622134398793
147.13381329652233
149.42869378756777
168.18523541490995
163.85216404681617
168.47493881074968
161.50545663935114
174.4137961692174
163.03453384439135
164.6180505551413
167.10332266333168
159.95651491203947
163.3518862797097
178.1564945383543
193.0403983675981
182.5753560402497
164.05432362860532
158.0879170857181
166.07536444071266
162.35979497557278
173.59618021175984
156.47330320905237
146.88515157212598
121.39230762168079
150.12712958324605
151.58258174044096
143.46351011391644
118.47796158123079
119.02920301201671
112.50911053262368
117.23267414201598
136.3031127058611
146.94212952009636
125.77628816756972
141.88661974305003
151.28758497958327
140.06794375046255
159.3670327855009
154.3210403957517
139.26132325421358
156.85140896118526
134.891944334558
145.60830099336886
148.16364662425593
112.57920720606302
134.19652617464152
152.6542238942435
163.13430868339682
136.65246104792175
150.15124999438194
147.65125372647148
137.1317670622933
119.51251104445488
105.61057942942662
125.07336271361805
104.19729992821728
115.76669643570713
146.64747667090714
163.1215580013109
160.34327648844646
165.13308365962502
161.51698637552124
182.15161157173546
188.3009558357702
189.1319053029547
180.23125560224193
184.38131327142224
199.80019265895842
195.33274520548127
188.74420427285452
174.51979441594216
170.98937054638355
183.1399187767678
179.91488592363177
164.6076383885335
174.25976849663712
155.10789384257603
159.98737172527564
147.61378826781603
117.95778015685353
127.46525298513339
145.13610876334687
143.35072500277641
127.44800755343327
142.78466767633057
155.16988938932178
135.98736764326452
125.01469367376956
119.4803003477684
118.9280798146794
103.641564034235
98.4026123805977
119.60919832564359
104.50901140023517
80.41498857535763
111.79664754565728
119.5192720025064
98.62133622908613
119.36158844017115
131.46022005626975
105.86209684873567
109.80070689599776
112.31852807885399
116.82548194185205
93.03961301853954
114.40800333137666
110.86081231614637
126.72824633495024
135.98352124105844
116.8317303651109
114.15127701860656
115.5834610803022
117.7293062293674
120.21569244973236
101.99407181404244
85.81320529662985
104.76062528800207
102.473231419751
128.7427434829225
136.16212357377535
137.02215608026873
130.17960851427117
137.35260982067265
158.5473683161233
164.95916851585378
168.54509475518128
186.98843533984896
199.0019214600474
204.5263393122956
208.04522235051695
232.30401790885398
247.15400443106813
251.1337833691229
230.5863893199665
202.94366454075242
211.2816263670329
211.44239825562505
201.21123928076045
205.38822117517978
200.7544963160102
198.8482903714042
220.48893442373125
200.447467876187
199.38537050398574
195.84723177702207
203.52178228564176
201.23671512042887
191.05184953954162
202.23996900655004
209.5676835820825
209.86072618078455
195.92511219346125
219.25508819709364
235.39287572992401
245.40369270314088
226.91992522363023
244.5894150448963
256.66412639875136
262.17168783598373
272.74097927933036
239.0992788722243
245.8992392391725
212.92333433933365
223.6350949383015
227.42102704861713
245.70348149954418
256.57930101934653
246.48746982178494
262.48740243500407
282.92888770948286
289.70445946943005
296.81724975310186
286.39859632582886
281.1324144317395
260.80766975371705
283.5908870547957
273.33986276049325
297.0221724030165
297.4626378066172
281.5577885336803
252.5407587032052
250.2032004272978
248.0613421828888
236.65195004948464
243.4449539048045
227.12758764480225
216.55048547466077
216.60255143610775
178.3213045268164
204.48607104856333
198.92977454355992
188.27743766397896
205.4650658587372
168.6927038073985
156.89211736825007
162.95380678690097
164.44794180546194
169.8321719470102
163.1830649476042
145.4481179304876
147.5360170885724
165.160261896374
159.7126261066377
151.71321503620462
162.29071494268888
138.3772806953298
118.32659110622673
123.64578975216739
111.876581215793
116.57452150758776
121.05065094704067
122.59495807729428
120.09452172873202
118.75682766248832
130.09115654496466
122.57674770641427
109.19164370635715
96.41247070722049
101.34050323400176
115.09908814287051
124.2626028897106
124.48298648125353
123.16581414588697
127.02962358705555
119.64436789081353
108.32272201417766
112.18006418124416
117.83875152748655
133.59638034387572
116.11413171528888
121.51348732809748
120.06725428496745
154.52756505336745
163.97504827120355
163.3807784230119
186.390861627039
166.5652678760733
160.1546709019162
165.12090206309765
151.43932210447988
151.40159824809288
138.28934667993303
129.54830639297097
99.36453252827485
94.46351557614773
101.741871977021
94.00624506315458
107.39043620122243
114.1706033103392
124.76200323981152
81.91297262494157
105.00885984867458
122.1642129359276
105.97654881119142
109.66534600889788
121.02343178139748
133.08351277885217
132.6023469692849
129.65542134988277
161.26963641674723
142.25766889643734
146.75936194098043
150.8416430392875
130.25217664411582
126.13202414077018
122.22616395518492
153.3664681323935
155.47660387317586
134.4066718347138
128.5468614576569
134.50385845015776
130.89039690647493
127.88200573478225
134.77061606544936
171.05360285295504
169.90642839412249
153.33002860668574
158.6634420924499
122.64776072673293
150.65888944724648
145.17979601634872
139.42480772971234
126.91935597468905
126.70059243070125
118.7136747309248
128.67907072016266
126.63703419176493
155.43991546008957
138.462160463311
116.88425804920085
118.63736921648682
112.60442982310512
132.76424575707244
102.61487250018988
122.42005124195691
109.14890205965827
125.93017094922355
119.24529110384941
119.11552394318747
109.58835373077305
103.02492287990323
130.4176710393519
102.76207428311446
125.88117015481225
130.97921767165306
120.45859992201736
111.35993028841636
117.08019719941267
111.54562837281796
100.6018413889083
127.93523911998821
143.1979456606763
125.90937949055265
110.9530672986215
97.89011731739944
102.11789243809186
106.16536329955768
111.22181149302045
119.99608420473608
95.39482641742359
121.66903104486414
116.71019394538234
117.79472717963475
95.99274657383994
126.57122425690021
146.5088115943644
131.1309094384365
118.16338548959837
134.91710358254096
146.55964503277656
152.30772988576834
150.0258973357906
154.80959623827383
163.90061391769058
174.0376476634414
158.8341508679723
175.12076162288741
175.47351807886767
192.56936086039113
191.66549573493953
162.66680396609115
185.71126778980187
169.31136723622575
179.15980966424556
188.46121789861323
194.54086114348218
197.1489633534564
204.09216952604925
206.06930852672284
201.54358418490986
210.34817589121732
215.55026267333534
236.05684305829493
232.54070716196156
239.3087538028275
217.75136144477793
204.16721483219143
204.73302715501467
187.95247876493522
165.70588298176676
155.54654163591275
163.55303252170603
142.93780275996923
171.72050614963717
162.2412358348239
166.30634295161633
136.8751001488627
152.87235933976808
168.8454908997
140.08273142624142
145.42809876494053
140.39753693048584
163.2556817697126
176.86883723597288
175.56860004006822
155.52673441267777
154.31022674694236
184.36600845053988
181.33213138886492
175.04713119787297
186.0749204392959
174.06809409905617
165.5771749133479
195.99614406047138
193.41537689695963
192.75245006304817
183.7837021575237
186.79930464249207
193.73932576713352
195.24850880613437
197.13043955884515
187.86055494601896
187.65478097211908
176.53960274155472
169.14753776683975
172.42804510114638
153.50883020043713
170.9438420941929
170.52403831853044
185.37254970560312
188.948622540675
195.96446855694217
198.66741951624127
212.37975868036304
207.36201019786952
207.2997721202816
235.07554290582755
239.3909682785309
231.90995265822175
237.69006984609928
226.93894159792842
258.1041029250604
248.436098740727
226.56383645823863
231.89499831253949
253.4125438042273
233.6485047792537
227.81606086795156
205.07140275828658
225.48617647012568
230.69246203745573
238.2591581989625
240.3226901163914
246.95661705731436
248.3369296400705
229.22183168530702
238.47996614787388
228.67021005253451
244.22119430319717
260.5814384813821
234.86518339171707
247.7455999744031
278.822854520265
247.48459820624393
263.65988870012325
251.951245797468
266.9567026832368
275.1766496862823
275.19259356187763
254.09826306624456
261.1079882371035
269.7118706352524
279.67136632138846
281.78477724421344
280.13641295294326
282.81226615035143
283.00714194218574
281.2182359156698
279.65305710196986
270.38752970518635
283.39076456208113
287.08252380928076
283.244484767269
279.0947923241491
272.03185608773015
244.78062256217697
275.9967914321811
257.33927269081084
219.42410762075292
247.33838724717052
253.13632032563848
241.45556317482988
242.64423228240938
248.38178137715826
242.5323192519781
246.40926153808948
241.793362840856
215.89943081334243
215.782724880578
203.918878451438
232.02598034968963
228.9986451845913
228.00087101098546
225.01314127276976
223.4555953698574
254.95679567377826
258.827174498049
234.1231015345473
248.36480774584967
229.98246359305762
236.85568152971823
240.91207296113922
268.25250238956704
269.78352232372714
257.72743753144636
276.86193590480667
260.17174143686645
256.43078135698545
248.82373549840574
231.29964256942458
216.05147503545916
201.63000541044792
219.6727826289866
236.11126075280234
242.05550532912244
241.10140342099868
213.61250460779416
254.15350074369601
265.64519015424673
263.741257263804
264.92802517211175
244.92684747280703
272.78583654021804
261.51406439016137
274.2337937432599
278.70271431645216
253.6366404722071
281.3231383065745
249.22198152455888
257.44428410635146
265.3853919944069
268.1677156085585
259.91211345671127
247.8408015242403
239.96567996145114
236.77659533762724
250.88399290236265
257.7178010025771
238.77788282884634
229.9293302634319
219.97719488776173
188.242078976904
169.0813468234022
168.44369931650124
167.31727417417767
151.35616409339073
137.07375409706947
119.3890032192582
140.1061269811495
161.6097518929988
165.84939945681418
199.04549563552726
189.8336996320928
203.31850800282749
200.20092030418792
200.59599508730255
199.90024256668343
192.815741889336
174.06508368816247
188.80377898145417
173.52607023306896
168.41414131833966
182.97178004209954
143.39109518625432
168.18281326605535
146.26832528761685
122.70799738854525
155.4508869931927
128.40845175398715
137.04902719207652
137.83914531193776
151.952595974809
160.06667511077816
177.5630435946213
169.12742830367404
181.73442168857596
156.05739751461394
133.42868468770695
147.26770253526246
137.30970048859345
152.8211807968655
133.49964470307685
149.4031712184861
166.24034204584723
166.4672347808632
164.10488626968805
172.41160293991445
168.9608634916959
197.02195494513037
183.49855858063873
182.94469839021707
197.27409850514343
190.92995790562756
189.98210656726403
189.10042618390054
167.81273404682818
187.7475966326297
199.26105821921306
208.17477995732847
189.41631529699538
194.83257366247608
209.36116249027413
212.27832312026058
200.4216986554824
207.4117928838697
205.8044726984403
192.19304757548676
185.0571353042041
192.23658101444232
193.33251002823798
190.3027533044269
171.1985445152093
192.37961157836486
169.15248439430871
187.053895391343
199.9635563652133
187.7302585067888
185.31859097841001
180.8872606840045
171.35279652984502
173.56140751713764
183.2883269815382
172.25552804969524
160.40674459903764
169.63334860585672
182.67579865342998
156.75530115367738
157.7785955626125
163.68120701343673
171.5940236348882
150.72145988271672
150.91361996210546
163.04583719465788
129.68575661255647
139.41674675849853
124.4204160416193
106.48834156247257
105.41099327646434
114.23750521194333
114.71579383828694
128.0067526646608
135.2307336507606
125.20045008248331
140.4822768396457
147.821712038526
140.04066005338817
142.04341796995342
133.10950219170476
134.40658124503653
138.9266071495013
149.26386419617677
157.1437680330969
148.38677361813035
138.85777026054208
136.55298178716404
133.4032798214917
135.62633876615376
154.37881374459795
145.0008283038706
182.04733229524942
175.68590027796867
158.57039917598726
189.50754091406688
175.15900708897152
210.8246568104127
190.94605465330835
182.99241961553562
212.17538529880846
185.2132413775168
213.52418742694724
230.68069890902655
215.92716536217088
234.4965804656486
236.7099052911255
265.26652975001946
249.57023065917332
220.49229415252626
236.02083634842674
243.3601121416376
275.30669724759076
289.2726976300789
287.7677730453729
260.26603707959265
265.57029629549936
238.56174301153672
282.15233188616276
286.01483236390806
297.3416708769303
295.3139634486571
297.302866715475
264.76731711093186
248.00421550203615
291.06836857401527
287.27177244501775
298.43365746855216
305.0886044394164
270.78587126732475
305.0094055079788
304.07803231247317
299.1393633365915
290.6603735829227
298.65701932740836
298.52178459975914
291.4953676296606
289.2417404469294
283.1007615668694
289.06229654113616
291.3578336686357
284.5980534256425
290.8994413923938
285.33908613496675
292.8643781008289
291.59514142544253
294.98519077722233
298.97209620999854
297.2585820150965
297.8356960910559
296.24465006000406
301.5105297027509
304.17180569433253
306.8593302202104
300.6311988595075
301.666678645903
302.89187658229554
304.44065344188766
305.66456762723976
306.55607099944507
309.4274571710289
303.5814341695534
301.847807058255
298.7311217201376
290.8041975299893
286.79686875684706
287.9183826594579
287.8237403998116
276.05110142978407
277.62544294754366
292.81310928469225
254.64570022597158
265.3362126796535
276.6506215561278
268.05551458537036
260.3240662611696
284.5436377072015
275.4738580824592
243.39131766015123
254.78769344170038
219.28181739772032
253.8641540785115
237.6100370022982
235.75834273300802
236.55845011707916
227.82650273576837
222.35419363870403
214.62653852251782
195.79709959969566
226.25829295871068
222.9289055785442
225.8941797521323
207.99848992088874
192.57925393311854
183.77488322146894
206.98904787745298
201.40983286180438
214.19466577216087
221.78948405412788
241.04782587809146
242.65644858292032
226.6743978154174
235.32879979044253
239.10028567832626
241.90326003836955
242.84473771484213
246.95271578723174
222.60748508384435
216.16692408452724
214.24036973943547
222.85129557421286
210.43300333444685
204.71572200905268
216.98989886314743
255.0175328748374
262.35080242768606
243.36533135679394
248.2018152608719
279.0897689556451
277.19527609000625
256.478435982413
252.4947570236682
274.4978056582819
282.11949005684534
273.45829857517447
280.1175247564275
269.54434642682907
230.12687298285266
240.26706725674973
244.47838027467975
246.95396101306488
225.31867087959603
215.22537709997377
236.3343769560659
228.21260326024748
233.23405376788196
249.59320704163233
256.6550386904449
251.53947193351956
266.285310892
288.06220349280954
283.5568302597294
288.63984528425107
278.19568725191743
290.0567325238557
295.05134882275
287.6071778812405
279.0008588580644
284.98765244426903
284.70670518110666
273.13406506226175
281.0642480745254
266.61754933185347
267.3095674576875
265.267499393476
263.09831910741445
261.9282263452118
264.1497752328562
250.9244914687498
240.9275287050292
257.5945268742543
266.5606808936001
267.89132854735163
268.0348190673468
275.8822367277016
275.37621152901175
287.2151660554498
276.11962357270306
269.28203667736716
270.01545920507994
272.34070665290903
256.3963195582067
271.8047895834035
259.9373865615493
282.4300468779147
285.57676005592367
290.1625100064217
290.9919103126955
283.9165226680581
300.5951124808738
297.67664389323494
293.2298450474995
272.8360279463115
301.83873366639614
298.70838417181903
292.138757664538
297.3498028686935
298.55724226905767
303.73224171156403
294.70448938172
296.24725421571804
282.15106227685567
300.92419383874466
295.6493975865784
286.91298476753104
287.7461493969135
284.1422695537244
288.26702185120615
254.66573057167653
242.10804769074
257.6980800099312
253.6579484200199
241.1391432067031
228.48088494740577
231.39436244234625
248.64317463119679
254.8565646778715
233.5237386122858
197.6697017018239
212.20841089834298
210.35858813797256
226.1088114201055
232.0051613578476
248.20106098240228
240.64629889240874
226.11989307275883
249.95826817331206
224.72376785170462
254.02527540268113
246.14869574414644
243.47381059896486
246.4543209104157
224.3409563952468
249.8978120035684
219.49140261086777
249.6604310202463
219.25554235371158
206.4847349161612
221.179250460818
181.84634820373617
201.01424824389008
199.77401149369686
198.34330039232913
211.74977091990291
185.2612830029356
203.96351151941963
181.53474267980846
208.7680145445652
199.321475552832
177.66182369050802
212.52100467586908
193.91348230562474
207.69533336822226
223.0061934554605
220.11912352723982
218.87213615663217
239.26137003965934
259.7247829276353
246.26110042958692
233.3278850737861
213.1922159219546
229.73611798014304
227.73587747809557
219.8840882132311
200.73382827436615
195.226955512687
202.3543709420816
209.0707820949044
191.9309831769975
217.26143445824468
216.03956070504148
218.51033890540188
193.69099672881666
217.04975435014174
210.1667557844255
179.0615645735853
172.5421398373578
189.43929047652057
201.21790493102873
204.27033874965102
201.0157344161692
212.6791015663801
191.63517995154032
207.2835243468829
223.6586238680243
210.02800482920634
198.3097540159355
192.26631440136944
185.01592262052424
198.0364487093943
189.1645065326335
184.86975456175284
189.71710291306604
199.39988923869885
227.2204468127388
230.02760172696142
226.07086961489307
242.5763740619245
241.57024343207766
219.45175230647686
231.55380514012361
228.2010393047855
214.93534428376125
214.7520347644791
228.1025791098709
233.96710934750718
218.7593910106784
248.42496391169573
247.44462451882202
232.1727089029322
262.71849810058796
261.34688491799767
231.22024668229145
244.71741800000635
241.97113095603575
252.73290329894994
283.3945700478639
267.1543738805918
237.71087534179838
238.14718357731908
243.04719743118469
199.5217208908435
222.44749482365887
233.5485674200185
261.28596890564825
265.1532210776239
254.69343599026325
246.953971124455
248.92122591025048
237.05208813494593
210.73057690632066
206.68683244421163
193.80187451930752
201.7320718262651
167.31101132862418
166.73282184180695
169.0615611683469
152.52364337318673
137.91853427874324
150.59974519962523
157.03798702082196
151.73465461293904
170.1941139439627
167.76941120094904
176.20856128327503
161.05286818385005
182.73507268418305
185.14149610477065
173.61598883521444
181.81150387252117
184.59612105213986
191.32325941987253
187.03525173030883
191.52354283269017
206.69176951566251
202.64027601663628
221.6391222472705
230.07993673622792
233.89098973808842
226.7680741336381
233.6006397909161
230.26833996247296
232.07307405726783
244.4064241477402
223.39915854371117
206.9980241101888
211.2649597971336
202.89958387248126
229.6596215888221
206.17212411482453
205.58572266989734
210.3680213740587
199.54714100893392
176.173914304346
175.93412062600024
150.99113994639018
139.29430808056085
137.23766235001835
137.9297129389751
132.76347304068966
127.5246706709481
133.0726189458376
129.0815793364904
136.10739349475182
135.57903840686325
115.41339736374044
114.16029939022476
114.77218008905105
128.5315395966388
121.3164273047228
94.47152375437037
102.62349730461827
127.08569444676614
110.02649886339097
101.48269043288293
113.10707324011085
153.88701212081017
163.0588451712669
138.64572693720342
134.9435147201297
120.13051497306911
131.87292043447974
106.85990061260702
101.0195808400278
123.27900645213747
114.6807481553516
107.38188644628278
106.33932690117086
108.48163812747296
124.11254052678571
127.6246406379962
140.4414294221379
149.2010310102717
139.72498715721383
153.48759768427365
158.82312511791366
171.14715643743233
159.2526234448054
166.78767645028913
163.61589342451384
177.4002818657703
191.08324728095383
191.3739063436641
196.9229686017872
184.59962953257732
162.25731724317407
170.5267083206779
161.52324918664542
154.3018996089622
156.21074997962415
178.69069741299054
173.4411200665773
177.20300232527515
192.93986755439124
194.8663429560571
207.06718821828383
198.46317360013745
185.26143406204136
176.34502871143533
161.06917991652557
143.84668102704796
141.48955827649078
120.72631116366031
126.60299577368276
108.532214619174
118.20503408306753
112.79597984774628
102.14730790638384
123.20458122597212
123.7220986271454
142.135205154322
124.27394018735953
124.4649679686213
127.01888309305487
133.63776459616693
119.8822096534804
111.91298559080751
126.33311949060582
125.54651480246899
132.08780985800624
135.22323352336215
140.00665722355944
99.27002522226597
114.48159399864063
81.83978251122389
124.99705350996966
106.9289415733725
112.05938460784942
105.33291898556891
98.9622054780284
120.35208420061632
112.51587248676829
93.34845025180665
107.72936216803674
114.76603035587593
109.35846269749479
104.15994810948943
100.50754830304776
105.60769588150897
117.6405471954555
129.0231282495012
109.42612826015977
153.73259939429283
131.91843807475476
112.26289553834302
115.0718971071291
104.88861515745796
86.68701534452867
106.33586820315982
115.47728805358305
88.31878946871846
116.59432007716134
104.70901420076171
133.182274953268
123.4988309319591
113.00311152469308
137.0715336604492
114.62859532023522
135.75070532491
160.77851775371002
152.63178481473273
171.39898512515788
161.62172149527166
171.83613630309077
151.18597473890506
166.14294892578792
156.3739814879523
161.35104642562004
150.77356628438014
159.4653881445551
172.73640083308356
173.9494650381462
176.98009686637158
168.08044780161316
189.20768929966357
164.9893912239794
170.7684299988694
169.5985600400228
158.73548443800857
151.85967534167986
166.26281914106278
184.1168442171056
170.41905311184192
180.50459613319725
197.37115509553567
201.38264262724084
206.751913810952
204.30481635087304
178.00335612572428
195.22851580057986
187.9382099999373
162.25209168609697
173.06865336402063
195.01264081522748
207.7408831847922
179.1818888759189
213.45875324135847
194.08876852172259
174.82497554850187
167.7315406624891
168.26972729896417
171.51737990044987
163.28700778175084
151.21866376429992
126.34189889811331
137.81101088051818
143.4670317127649
156.32204397515915
177.8727389025206
169.26107929407115
174.20183479986756
185.76036161822304
175.15324701944158
180.13413364813272
185.30790399704995
177.96796511175506
199.62088151655996
197.4715853714579
190.54927759081954
199.7049148563148
195.37415005553572
190.6131381314682
176.44023483592596
169.3955922676811
189.1823270380211
189.67155989494228
191.79437044661728
210.66044402852904
185.36039587723536
211.89736313797337
210.98884804264966
215.63025713950105
218.05011526188167
201.9969109222677
207.40037170273274
194.63617544716516
206.59793490030717
191.26638967683996
211.75019222201541
199.66040333602058
222.6239272367694
221.9805827444403
239.38105319069166
235.59593232650022
207.51537239143514
205.65989160349872
212.83767025042292
203.13156519553013
199.80324270847277
214.87579975131789
215.5430532278475
198.6284984413405
223.82996069649724
235.33532522476912
234.47072388592494
253.3673442887112
234.55498204218895
231.57857356843593
246.04509015530513
227.98576477892016
172.88088956220244
183.37763258354315
209.89117214865757
189.11178739076465
171.39122368816766
195.5970997904152
175.6795181427196
184.68566519842776
169.0037003889147
158.797246944785
154.95628284054152
170.63586641842394
167.0802577266034
165.79307537824576
184.2012654733079
179.69766383860357
177.348382345003
216.12430582322904
198.45816518839104
169.1320327615528
220.45514470925355
191.88188617875528
224.12430413545462
207.268416531547
227.16295648367813
219.99581251804324
210.183003392661
194.67230600038835
178.6174177952649
187.7658147438747
181.99285456804597
198.56640362213392
174.58326636973194
154.7539565681844
168.88540777848507
173.25123705053332
167.28093551173137
193.6841450089387
216.37128329412397
197.68842506167263
213.20937577694346
207.25984767446465
201.8596952069754
218.06550821240918
239.1257123809012
242.86505210185098
242.31731537520653
257.68518291236717
249.02725248799842
244.88405087634493
261.99583081357287
247.79498139531552
256.55346292098847
257.4030932779875
255.65132468522881
225.76804298278105
222.05249997142238
243.37082853748305
199.1306401913941
192.42282816613317
200.46703741405716
221.99017798176402
202.78839841837515
202.4478648127287
202.59943937580482
227.90271499137066
245.0039624044392
252.12266538289214
235.24193696901423
229.55701362057934
247.54629383216303
247.31694655859206
239.80293014146335
232.64418277470028
236.62806275145394
258.6341016675293
275.6412855580777
246.13352063870806
259.09120067084024
257.422122843954
261.624526273842
255.62836444910425
256.41660642232085
273.8398573965958
271.09644836765887
277.9515711047229
279.4703572096472
278.0396242787104
253.60917733227592
242.78051129717045
250.25063060933053
221.80781188285872
219.99034310266808
225.6749095714919
208.51915883806882
221.71051559795958
209.80240126796227
206.0153527609618
190.20718145741023
186.9507334473948
185.32022564046252
191.8687474864926
167.92167281731125
174.50523359874927
178.65460794534846
174.6979266283968
169.08985908161233
170.49363697571374
188.63407492517283
181.64763209995797
191.56314341746028
189.24770783254968
198.56626698693026
181.3863897839168
196.9091769943591
172.1461099164896
160.85013590256509
151.83432937334763
155.107691303863
169.60006698343992
170.15676192674388
182.537594543713
164.66509248295606
192.04704421764728
198.11539492124106
197.65085451017868
190.668220767532
192.4299048292385
194.90424165171385
170.1061702829441
166.1340892157358
172.86684637758754
144.81765460027538
132.01152333056817
154.10450826496682
144.28244978777806
144.0971521939419
139.07435451806643
154.5659000931181
152.5708114240881
181.73588447174
191.04623217681046
202.1103377493707
197.39458197574126
215.11232490818597
203.8267096867011
187.5893499865407
183.7037265769697
180.87929608623634
190.311592479934
181.46159961169317
162.64004850490574
160.0051809657224
148.93908760995026
155.46032746465647
152.36155021999147
137.3593614441917
148.8993518287464
153.92290543242353
160.3089156931846
130.77321272941273
114.12400996015677
107.31243116510224
131.54342219276836
145.27185642143556
164.77857479022114
166.14131283134
157.80879768647605
128.68846266337067
119.05561674725908
88.39719960532858
118.3377117970224
124.63984138396098
131.32058854885128
121.46764776105789
119.93428583700059
131.6586226577486
117.60632664321521
125.27692574862658
128.5423270690283
133.54740738810187
115.10284852509886
127.48566242399122
128.21662512528727
121.11519679214564
127.44185397573858
123.448939116663
125.27848696270831
121.79540334349898
126.10551947762946
104.33884778929304
87.0759481265738
105.8297047730556
117.13428095766412
105.61642842388034
86.84910925299668
95.16597318077795
127.56414334065346
120.20785498757252
121.1940671296177
102.3010974380742
104.36690149005432
88.436183057787
100.66428416807881
100.68651531736526
114.62466693093589
96.33714863452772
109.85634641626736
100.06626330146162
108.62477615331032
113.96501184371591
88.08373804931155
106.28311109308554
118.44305571441949
95.0033268583449
118.89420454401419
111.7299725791602
120.4480153036888
89.10470188853458
103.66298355846303
118.3185525067077
104.06184832534422
120.0352204078375
129.5210443545563
124.86367008508262
119.12486584354009
119.2846198364825
113.16927846620715
126.16480524897858
100.22361645426096
110.66964656364057
87.14797487128347
118.11940241666359
94.95074545597542
116.14654435511213
106.55993506611635
108.21444283650823
118.84316836377243
106.91522234214753
99.53773856594535
120.86859935489069
123.20528064192655
103.96633132894328
122.80026480870113
103.29139223090012
128.4607975102767
135.65691454569293
123.21158161821563
137.76183802222934
152.41102584838134
155.23498781546832
158.8572787346776
158.97734427961853
169.6199923257569
149.21138536991407
128.9132844045422
126.88513426893488
155.6684572815165
156.29339716084687
149.2409449813491
174.31009433579365
146.04772537419046
152.61582857599328
166.93627148262144
144.7441844697831
119.60009091654032
146.6556674456358
117.14231671895787
106.00112941522696
128.66442269979794
116.92267922725395
112.04663045300428
95.78906243066938
95.00630062631386
117.89546709249096
130.57236694221862
122.41057980466682
124.97253867691566
112.91473654322289
130.73536157511876
134.81226169990742
149.06621890011607
164.87326939295818
188.48228328381563
177.0688980899769
161.4964632955843
167.17996765306472
158.01234983007103
186.93097182216457
159.99723663128503
155.97617569848742
146.06267888313127
144.75202309811544
161.08879819103285
174.04070004448982
182.17637092634067
167.15400714414685
155.81492067029342
151.50500742907658
153.76206001237924
162.2992745858053
155.70748588197128
136.0797099070101
142.14024806824813
180.5682020913259
185.1630517424712
178.98369413379893
163.91391851002996
154.10150067229827
155.4139853806213
126.85301802038117
103.22409959117569
121.17938813950418
150.51319622790564
160.64336712050942
130.64494817481463
125.17890100370657
104.73905581032653
130.6100890535909
112.32240600282708
106.0260125008469
127.53575243104386
121.39974859169178
133.8348767319477
114.79657285378705
127.81975931388581
90.12952868539216
122.65130400860338
100.26657808504218
113.76058433622724
106.03573207418509
123.35751292746208
126.86846501533525
136.77171383678902
138.02386143384334
158.66792434444866
169.08297331724376
167.51255459703665
167.95294540812802
157.18453710402667
157.71361581115806
151.02180814316074
170.80552727396613
152.26245787417636
157.04728358706248
130.43531589010794
123.53621773757035
127.7757575492592
117.46765021829607
139.04220177541768
147.40052672643358
144.99580434032146
148.55861855742722
152.9145007279104
185.99005212568392
175.59148984639646
169.54931611122714
167.48431805065562
171.78114393597934
182.01643127287528
167.58366058759069
162.5024211240432
163.08740799129967
186.54972489110492
179.25719337761836
177.89122794469188
184.10302912559533
190.02422690532566
188.24839953133267
184.23043425182192
193.2404282402491
166.7189956249675
184.5865116413259
194.3040925378894
182.1197941531787
207.19528694295192
207.8688248791347
190.31500834022194
150.77105720215448
168.0625223957808
183.29898932521155
193.92819303446976
175.76815720072946
192.73872545468453
166.31221974799368
171.86492361643465
172.5907107995689
144.3390825671507
140.7743675391824
128.61682456106251
132.89817608002872
118.28090763383629
114.78056465733565
117.4075981586093
109.85245351154992
135.55944514759886
101.33989290870858
91.7133461164994
118.65598300158229
120.97221895439519
138.71310039637885
139.887486910551
133.53539653118307
137.21092691092073
155.8654693973599
166.0036958204319
178.4364595201432
167.39612863011067
181.04358313798807
211.1606681648847
204.58961074322687
195.80458073855922
190.85804191439448
199.6753488798797
211.89934917322748
213.05219057073415
222.91216993218518
227.09440959748056
219.98256296430026
194.40885381522114
179.23858675133846
181.8589342622152
196.72641149989562
194.4264144037936
191.125837863011
188.38337921423738
180.51302343497173
173.86240740159485
192.043741493118
196.06924930850278
171.13353741260585
206.32021208670693
175.886808862255
213.20301132697475
238.26784152371053
207.77983396217564
191.4310249915488
183.13787844668414
177.1080453959817
215.1925546662194
211.24462539066275
222.91939108561996
206.44552194434718
209.5087578089542
215.20493703266143
220.79636316609344
237.85650496065887
208.9949714167847
249.19244667043657
236.83186302154766
247.51353541084262
260.6768032006792
248.27278972656606
257.764267152811
246.28353890584125
234.45865321420294
234.4576696509783
229.6979787053903
210.96036487626876
200.61782101411976
241.72569437351902
242.97488088475836
218.67821587321282
220.79435588976875
195.37736189338904
162.61009989446313
178.3686547623982
185.66645951362915
191.4825534282164
194.92388030113912
180.84037986425287
190.10352333318554
201.70269640948445
186.23759928454086
205.3192853016279
192.90450103042912
191.43758843741622
198.93159533378164
212.78357327901915
193.24492110682294
208.33538275050753
202.4972060297835
223.489006738924
229.87212835977644
212.75928550398044
193.9091939160054
180.4001422248119
189.2165687732489
208.50099793467365
189.0310646872074
179.02867665592504
198.9532572698753
220.38640000693795
210.19140296052365
214.9806309435016
230.96366568240967
204.19000517132133
209.50919693783152
236.28459790314398
223.53291701664364
220.24599841001063
225.28423688371242
221.59722857778735
216.0542208822878
217.296675930353
210.96529825313402
230.11063572236316
233.98290463978068
226.52586420220175
222.08344922483207
210.12042858277843
216.70560424323003
196.87698421638726
221.77054228338184
208.52493576118562
218.605205647626
226.28437596974103
222.16762092453817
195.8383364962545
195.20626929052963
195.49593798589203
215.42939713048634
216.00152994352317
204.79187002335087
193.75445592545398
212.6521403804272
198.93873676672033
209.73070979277233
208.40973318208478
214.53448716901676
183.14314323483242
222.362735849172
191.31363095964906
189.85007276885713
174.85914530007196
177.59624402252174
180.8622507773129
195.83465714587035
201.3995229576587
206.111539385948
208.42010974164145
186.03080099728834
182.9159804958461
197.92597190597056
214.7016087232466
234.44415408025998
226.21888205796284
246.1834986973879
236.6266364643533
246.058674372187
214.61780596529297
227.6848266006332
207.02446295656517
221.59633014390027
244.7497910997079
242.01328106523235
263.45234652463455
265.6434520641894
279.228124470014
271.57775221269503
283.1024116039739
274.3233003479735
265.1923011467319
280.17307293173036
299.51681328559295
285.55079785075463
296.6937935240504
285.3128066054794
295.2364761167896
296.88430095402117
296.9532991597473
294.69081098174837
291.23243039675685
295.3764930781325
293.02710523835407
299.58171180776907
291.0790048485705
285.6171137276216
288.87966247777365
286.415741480519
288.23054363261826
295.1413731232738
292.67267905542934
286.33386155268965
293.38785099272525
287.6874324989617
290.8281160280737
290.3647504588366
287.1855473865612
288.6411581761834
290.0536045947351
281.79686467598634
295.6839506630897
295.21689612682144
298.2018733909158
301.42458858504165
307.12757504996193
307.568600436281
303.3149828959326
294.48411132546164
296.3196409824284
300.72655040705547
302.39596200602205
303.22030276857674
301.86698947692486
309.089903889107
309.0077547110716
304.6110983279231
306.59617952080663
308.60420201578944
309.5120569331533
305.4587231041623
312.36861787131204
305.00693472985375
313.67831883334526
311.0883216379761
310.06955110793814
313.15768817403546
316.48658495040036
311.1531202536342
309.4058619186709
307.59627808540966
303.75335826742395
310.2144923736128
315.1808541843653
310.0462406380528
309.44237210977514
317.18417873979377
310.82824977645146
318.8213262446785
316.84063860789445
312.6801689152935
312.28524994606744
312.5954181815638
309.86044063030204
306.816595446067
307.9278434037463
308.6880712161079
307.76887524482515
310.6179486056394
306.8661885668863
305.7770619799782
307.7415233625806
305.4602972737808
304.8384096755982
308.28616406550293
309.426055959403
311.44441986128675
307.6203888984424
308.82348756704835
309.55012476659965
305.30419952168165
299.2371983976733
293.96005480428505
295.6225780217013
295.5522342925196
297.357880236165
303.68717329059746
299.87885023353107
295.8023592116884
291.1397808961789
290.20960109204407
288.97839487126123
291.0269754636398
294.2893888106936
290.1167028868271
292.16803681612777
289.62052089552907
288.3096036352622
288.7543873241511
289.9816949969665
289.79257124912016
289.58012807845324
292.20473753014596
291.2526447324032
294.221580032962
298.3084558954489
305.3084402462205
305.37336153817506
308.27534157598274
307.39786260133263
311.23439497616533
313.69604174795575
313.8927996751695
307.42320485274206
302.3932304080822
298.9789252483295
301.0744614311696
301.5278647258902
302.10949700900983
295.5517655599784
291.7350780193116
292.6156623840091
295.85194654210324
302.96686821487094
300.8678240332473
296.94850494513037
306.13879030031796
300.56355572849407
305.55955213950745
303.7392649112903
306.9972723737622
302.82838001735774
301.8134132348043
302.52118998513737
304.84205581897913
305.80582123971044
298.0443496976572
299.97864517511243
300.1827616036991
298.6694891934515
299.27184013820056
307.30987649767616
306.6962780343106
305.0481681203278
304.04402703408726
301.35075577777593
301.13807432905173
309.32211700713873
307.5478823521318
305.1161978078933
303.265488419593
299.72151205140466
297.52244630372377
295.8272107614891
308.5481282063391
310.72836893608525
297.66968841315
298.2366599707638
281.0669567435175
274.192084109072
262.51734315107655
272.465430323711
281.3247593430752
279.5465322795933
281.11948515598976
280.2352244454632
281.34083590863685
274.5741224348162
277.8310789804882
280.7437624996517
274.7692734683142
272.61997375205624
271.60393776348417
276.74492995509854
270.2901914663863
269.9898796699271
278.5966279075937
280.9799229631839
276.5776567994755
276.51980548008174
272.76306624179927
275.9461617901779
266.31557063791496
273.98686286830286
275.754305413341
283.62653255735336
283.27593749242976
284.96109075029835
282.5746535606207
293.5548663853404
281.677504154378
286.0688158279358
282.13743914083244
284.3229752846332
285.21021646094465
281.10635810628986
291.2192459740874
290.9013067136311
288.7725232546628
292.6570928811892
290.17539032177586
293.7644859855293
294.58556283575746
296.69100787698073
288.524847722719
291.9898231613281
290.8192446057357
287.16114896658934
290.64100377636606
292.85996530745547
292.62841282422744
293.0373756032231
289.2434951659008
296.4678417008258
309.40930490582036
302.8467328889406
303.00048658836477
300.7070605816701
303.43387675406564
300.94093539727237
295.1319815472944
293.2001436875693
293.90123115674015
296.6762878237054
294.595443784524
304.03261440541905
296.1413001413453
300.1583810474179
301.3357499292053
294.64071819734573
292.5283130614197
290.57525536302643
293.3822205523258
288.8844779853486
281.10526237246165
288.2265879610328
290.9396196079434
290.1177505279421
288.72349122304473
290.12737231742074
291.0572595375578
289.6043105869301
288.72608839491346
293.1853265374712
293.024493927875
291.54342851935223
291.2197710619226
300.9325695723878
307.5724692572104
307.36732809912485
298.72450601498826
291.20506480023215
287.9656937496637
286.7144233722547
294.1839470073182
291.88601682949576
297.28885537875703
285.4281358103618
287.3134265566139
273.24663348505106
281.9637949340712
281.5855402384821
277.97813230102537
278.37039150944014
272.4257316777303
272.763831140563
273.5813002135217
279.70788768037556
279.0684943272453
283.96823439614565
278.9685909043782
278.4374622848657
280.0141823757064
286.3410495287089
282.47029204387536
281.9970802251229
287.2323516815088
290.56986124459803
286.37090085010664
291.15623186804294
290.1885803090178
295.2526568658236
297.59506432155877
292.6071671270337
289.0487601505706
286.4311954841894
290.4924140342624
293.62483015126327
290.95618215990305
288.62840814964176
273.1174762510247
280.93026853436413
290.0699664405821
277.6774758368154
285.68590345192524
288.95015696007033
295.3589111700822
293.94141941044575
288.6402215058272
286.62605337145453
295.559101711431
297.64616894457254
298.34737464033554
274.26440671050756
282.8348733120561
293.61501352190544
279.22411947058856
287.57111836307956
279.0786349938446
285.0151232982212
285.5196456873803
279.10808843984387
292.0860091250418
291.33110977344995
292.11492254359763
280.99110876636865
287.434071052773
287.50528621758485
291.4252393044281
287.64896642972985
290.1135358018164
287.01966089755535
284.4649408596526
248.3820873738831
280.73368276518033
276.69320397415413
262.9542412907891
279.5734387434697
305.8772556733998
275.7404319794975
279.22800836225974
257.2440003496601
282.91246405622064
294.5654017282523
300.23043628960687
297.8677047018013
285.4958430197163
292.46149507869274
240.69008526046483
238.19099152357387
244.30279736347873
237.8164126178598
253.21361508246417
238.35026840764414
233.88742869602703
238.20299620560576
244.41520897361977
239.74354450902925
243.83683953287638
259.9021741599812
231.40332728533855
247.73200243840873
279.5926851599637
268.23971077742624
236.7908396796594
235.15854072697311
243.3661469586452
243.47402055923314
227.52439358135075
241.9687148576226
245.02819688306215
249.33337877514708
217.88194127980762
221.44290982026212
221.7947633163666
223.64381838756944
230.35610811574188
205.21690672349015
216.54248862304078
200.66669382198452
230.7421152641155
231.20224306298226
205.26364835645387
198.88222878876388
228.96742578394984
208.33751089283422
206.53304873563656
218.8797769961006
229.21718278172497
221.51246105969307
237.65195057550088
223.27696219275646
233.192519582622
237.97036908911002
232.27543238275354
221.79667612518813
217.39278589992415
207.08085035540904
188.8422553507776
202.26027250835588
208.9535160704313
219.52374589542995
225.56651573445922
237.52995001203175
231.61874456034354
239.1904819663237
218.0240236418074
220.7144127570373
211.51317054710583
230.8803402552525
235.7310523320428
250.11709120811003
211.36383979163315
203.78405940378016
209.4697207547702
201.53272637763442
226.2801939706516
215.25798439195302
229.07015407317323
230.23417403179639
219.68071008628107
194.94452677226832
225.15965943830383
211.8861392646524
218.74832078300778
190.45936483677605
195.07644794019365
191.3639532330361
197.42483052005667
214.04900708801966
203.55596992959732
203.2339571194203
159.5657625401866
190.87308445173372
201.3321706254845
200.67006207326742
225.37967610262362
205.99807813861972
201.21239717078447
207.90304291523756
189.98416082662973
200.72930808675727
210.32936472416262
202.5160779285178
223.70284853347079
204.45814050780749
195.21013281971727
193.44303270111962
196.4039539449165
190.66491784167684
190.22404566352458
189.04048438819217
202.38303993875724
186.49859608605152
168.6371250659117
165.82118059538894
163.78980922356587
166.43295202585813
181.17208305582025
168.76895417829488
180.99932601371242
202.1370883643339
210.52515437794142
204.08550979666268
210.7384421685685
191.9821265321764
181.8359262506482
179.6888529382067
178.33396385050162
178.7181944891179
182.6617482620856
168.47982985976233
161.9888556189233
165.31347523623353
165.30276739606347
163.07291495892824
158.16535323825747
183.8581255281561
158.32413844915627
137.8485016913729
109.88924978295286
103.08612843242105
125.5340776113664
124.13632568971562
103.49447614870098
118.34241134483189
122.88871350141476
125.3911792748413
131.4059429326407
116.84015837610356
90.39892166151444
122.41711218299794
124.16519687521964
120.94223863019359
110.5341861972133
113.70972848039877
121.24272541101115
136.06994304588233
112.87770191874831
119.84002376769399
120.91326154939472
114.6771625927956
105.13567528525591
130.40331099580618
134.5132779262386
139.89340080015828
158.77660459726138
169.57150198421635
161.30424754353098
176.33807575165173
157.53595573390714
163.98524166861043
152.98823798652936
126.36498945095052
135.43660585810798
130.9423459260819
120.21815283768066
126.04019722747341
124.06582432337116
136.61414753997718
117.73186937024471
93.480496194106
111.42107371435657
118.52749453054757
125.1899526449106
113.3665657840682
114.24233677900574
139.0869532646292
140.60372206107817
127.13257940721431
125.05062311177934
102.03952949049975
115.83403123326107
97.44400899288803
102.85779594446811
132.3309139765744
124.3914614984538
115.81929879892716
118.71386309594969
124.51837678691152
128.08333837427432
113.77199814861552
114.75213375134041
110.37114765804922
126.19775601607705
123.31424377393373
113.01833634275879
99.29887886774478
98.29536343348424
94.70946247895677
118.28806989011046
95.65885998566284
113.46529253897974
104.98400480169745
126.66133515721701
119.33234747639433
126.97443158463123
134.54164808265085
124.32624878191521
130.99664013165471
133.23378984639126
122.39530008457683
125.46278507969355
138.22672579233844
150.520478705303
136.30001242000048
151.3837706965106
119.90912611125724
151.88036476183908
174.33832503507804
176.77245975653221
192.8760953559422
187.0395924506172
187.06463939291038
192.2547905081736
193.24454743677052
185.00726742460893
201.78652544143233
208.34037015930664
199.25391225111275
183.52107636443762
194.85826889939256
195.78073393699148
179.32477849478698
176.9751591487876
147.84584556537664
188.28467255788854
184.3233116299546
178.02394175034885
170.6771082502362
193.60331348859216
190.8696237010581
211.96524274249046
198.33921502790255
190.69644024385642
195.25404879322596
218.8734608357867
224.32931803079958
221.5071685307247
204.04194712492395
222.6457141165112
223.02086798300127
215.22519394860421
213.97830926195167
225.76059258089296
248.71794593947786
248.54730014998592
273.84043296344544
278.4306956516226
287.91432524364814
278.9983160916821
288.4555840061826
278.93850616509735
281.91005573475536
255.3802831538029
258.6881154895605
272.72911564376165
245.72346537514883
225.87456027150182
252.38126208159366
264.9160787986227
263.9171770032039
250.39902176693926
270.03013913830705
258.33792721412595
240.35325267418247
268.61843488082815
248.28470795528133
220.63593661924594
220.3728225909421
228.6772068665117
220.93455634528414
222.34031213653856
228.12097791640718
219.68967546295633
224.8736903941513
238.89075781962808
228.7576278457905
238.7335731357932
252.22313323949837
229.87000774676554
211.0687387034904
217.30830148629335
209.79004477148703
206.84008015845876
179.18086874582178
192.56081702211623
177.62998688278134
173.26056513818253
164.6785045768004
161.633430358798
176.33861931956716
195.64513576523512
213.6784282592841
240.74988466937793
194.09149211083636
221.8338822091036
215.70317214388868
209.972744419453
198.07792803372843
191.1113924851
208.2501214094917
194.63345384203024
218.26625181591353
211.76535421407982
202.9110787893513
182.12576337508756
208.3710399701928
194.68932840685204
211.532471849529
199.7085541652001
200.9437936521603
205.5310096137641
203.9491349058712
208.9018576655908
203.04607646560848
202.8298320293688
203.51841059384896
200.46005400801195
208.98710960892564
206.6123391147813
194.1992413725062
192.5398498832768
194.26801154193643
221.28379652393684
214.31499446591494
210.63851186372244
239.16007095197074
256.4316068883014
253.66070699495228
258.7248807726333
244.67735325366203
232.5193729970127
244.6053333166942
232.93608317324612
217.393859673912
216.0096364975788
236.15797681785767
247.80495584807545
241.5446756064316
250.52346193403957
263.3454462970666
249.0948214562416
232.5893460185893
239.55994404550964
264.19232864416676
270.6911140557314
275.2255495210479
268.82036995937415
293.8087847044254
258.78612113525503
275.8962245402601
275.69722690125764
270.88813767010424
286.10423443587626
294.9250770879532
288.88455379541637
279.4764389956352
272.47524227363107
285.74945275789287
289.6277647961643
296.3495288639435
277.9289673779172
256.6931444607351
264.24991695815413
266.46524005529227
284.0625274585112
276.66224440502975
295.7414443706135
296.9633539928569
284.39818133146986
289.7247587207898
286.8322186401994
286.41990576679655
312.41238508568944
291.82951132813645
297.57330750188737
301.7433865818865
293.7674076459783
309.2932663000757
302.7859600541405
296.0202633182857
303.13139492682024
296.96775996200654
299.38045400333004
289.54688145137897
290.62662054860306
292.3001081444696
281.39306863671646
277.5896211614443
273.8090740916029
284.04461617219255
280.2857581011924
285.07609782284277
284.8413175268109
291.0262954650062
293.06828140070036
287.34438566712737
289.25052501888933
289.9921608318843
291.63439049953723
288.004873831389
289.1929116415213
282.54243573446803
283.1493098319729
281.624106115452
276.8223550081511
282.35678729934983
276.0983824636176
288.7292638641269
291.50152099126194
285.13934329043764
287.46252925794016
290.642880022112
284.75442355628815
286.58892329794264
286.77999769334383
273.2369081413965
283.5166845875584
284.03536550856563
289.5757827826184
283.45687012024894
283.56694633735475
291.8042953698755
294.0983906411914
296.95912874500306
289.94520535024185
284.74753687102964
292.19441931515235
283.2700955296107
282.709220746366
287.3155818789862
297.8956949794856
292.6537555369383
291.2301409776077
290.1472440118826
292.42095782288646
288.1637342170051
290.3028053965436
282.99624014990593
288.48561807103914
278.7042503706066
288.8880044376335
283.09333464253564
294.011145713243
292.00992786742836
301.15550682676167
300.032084862911
295.73022242507824
290.33740432349106
293.88340874936085
293.75546644679764
294.37538213911125
291.48023885204947
297.2467868882188
314.2234462558252
307.9086330272163
306.7958784873873
294.16445790259735
290.8248252063765
292.7352947071059
290.83370791530604
267.1597447125473
284.7510090368428
285.924251531167
296.06165939182785
284.81197950844063
290.10292077724205
297.89537364130103
310.5830924480188
296.7183088812701
285.45505515739654
290.02455319509704
283.32590459154716
295.0108947295167
298.8272228545128
293.9301470313162
297.3806913785244
289.84704889927616
288.1814098178179
291.19648182892536
289.50599854085175
286.80677279970905
282.1023938654894
285.11924027792605
289.25001594261295
267.1849882722221
283.2344733509308
278.43148876354394
286.87688709498053
283.22895182166326
285.3981222537513
292.7615582021168
283.87278660481957
285.3919395807188
298.99588802604734
289.5380813904442
269.36045221123527
276.9805975883724
270.3800151590366
283.2254561043241
235.99644065364015
257.40121975992946
218.21452790538262
238.41530645683272
237.32276936525338
242.21882820682467
236.53626372472354
254.66607234082576
222.52990830200832
217.6840742468742
231.42177184348563
229.42974646019096
224.0480215894376
234.32836970851127
225.48177958826022
209.79428312217436
213.61525623409466
196.96207786363436
174.15318883576705
198.21507654069123
198.25754715276844
182.28862446822103
209.30156547331043
225.39432113533542
212.61251265622224
217.78270737322597
221.72506754011388
226.62308602290466
239.13691108441827
246.43214057330965
239.59467287334084
202.57436928208176
203.20849155115488
206.58205904117096
222.70135377522857
216.91795216706095
194.39115659287503
194.90992712466394
225.76348974586816
214.2709930619879
216.71485582549585
186.50163966394712
221.76928853185794
212.6362483792558
212.84100649215839
225.29838338811157
232.67726814415764
217.20113626587568
222.50873041150805
202.71131238865385
225.24756990151818
217.71308268605563
230.36621099212164
232.88901824005103
250.5242392857355
269.06752781364986
256.59992245131997
250.94894576865136
257.04211944564446
230.58209848417928
225.93487074995818
246.8615059950988
234.75312758674875
261.5431954496315
283.8379233956146
276.90695461350253
279.16478572978076
243.4745100924424
268.7858375239066
245.77977607859182
232.283994634813
265.31023890772184
267.7950739629594
290.3668541676048
283.0831574889726
287.5780098779688
286.4304560795127
262.5814784328856
245.7665840747061
284.45011405227297
289.6896808003245
282.35670129696365
279.37830194145175
295.46512445476355
289.5191643642555
289.35012211815115
283.0533712317482
294.32828496345354
304.8174602929985
308.9691589319622
295.88431148989565
295.6736502728521
301.01342781598913
290.1066513207753
283.5277553314649
285.3527993125971
267.8728124387475
269.5272300057643
298.1099029170876
288.8218719393802
263.68182157720224
258.7467454303969
290.98782631497613
273.4786368258304
275.6092752556158
273.67774100920064
286.12449097584425
287.18581176403495
277.12619327965376
295.7419138194082
309.2531761248812
297.9584735519462
298.8900792049566
268.74128947222204
291.3943222596722
305.9929586756375
301.5017262595148
297.71593340308885
298.9288258238464
277.1207577287508
284.5145735942362
280.35471562312296
288.8204090890257
274.99371062964906
285.41277337512435
291.4706444039421
291.2573411930032
271.48947492783964
268.10188485970787
276.0648574256478
236.62493048925094
282.94334210116546
247.96972032245935
239.63634652671988
245.49359091488546
264.80877453457805
262.31933810162013
276.8447303943506
276.822683992145
304.29582371836386
309.950580053001
313.73449068381586
313.7263004465547
305.29223829757694
310.39137703194126
307.9452440042292
298.9431821799219
283.736785152238
287.1126123706137
309.663242974281
296.55624214143285
280.7370333639452
306.0861381527719
302.01910726411444
295.7532694687544
288.26599721512844
280.38079059180177
258.4461247416335
258.1288563137666
234.551477237864
198.3967242694822
221.51075739471236
221.94234761386815
238.74712023934785
229.49300658292225
217.2309793726565
214.8246311037471
212.2722877432558
242.97016419529166
251.40611071527056
256.58762016693754
252.02165986894096
248.57909149262196
244.34193500295996
245.36384865407172
241.6682140085063
250.76034021823074
271.51369609905646
269.9942943018619
292.47110081136003
300.02480091770667
277.69671266248525
265.27707171125905
271.1634249090193
241.5658011760217
255.36209070086616
243.28212426666445
269.30317669919833
266.6367516234261
245.98975103074474
242.1432170338802
267.8138862796469
275.0126501756063
295.6250958168796
265.913511805709
280.682273117087
266.01482870380124
265.54018818049536
268.31017154152744
260.97943284271844
271.2677290590118
268.4680415078595
263.40639789509135
285.4298600301354
278.07723919295466
287.05973400247774
288.36499230661667
275.5874888303081
311.467177761573
270.13921326394933
261.3353589543502
259.9999505107292
259.9936628643997
276.1640084095107
253.00544837925102
252.10149325217412
246.85871090386797
232.7490027983635
218.77553285011678
241.4205705184957
230.8692528191694
267.49157821838884
271.4389730217974
268.8155799941092
254.25804952173428
263.5059465933234
230.55769198793092
214.05307197560893
259.80280330024755
263.93371746088866
248.50735476527186
238.44568524039298
222.83537305852343
227.6589924953109
186.98724175987135
203.16558309729265
212.09957063793158
212.23030646949366
180.75600756812818
193.47675599651706
169.8923885475466
153.55323795315024
168.15565730689832
154.08100194993082
173.4190429876061
169.16741491206068
174.55722156446345
171.357563731864
142.7834796485723
144.81665971141246
144.23202040107418
146.24439827990332
135.95255315471715
132.44115783178924
134.4084723813956
120.1918089902322
124.82973431060566
158.70085544996232
153.88095786267263
153.21138360948046
175.99715942109287
134.43850917673882
167.10014038799838
165.80556769380843
173.08909614044504
167.47020922566833
173.80928806435128
164.63231537731218
205.73281407277307
170.07510795249107
162.4367154485057
152.63356851899357
147.86731151278107
162.27188313448238
140.60625162372
157.843640686761
163.75625389619887
185.6460049250651
174.12138558230419
158.5342839065726
164.72822549347228
172.6282110959987
157.75535718353527
147.4627254861669
139.93469418451997
148.17551573082085
137.98678405851436
148.90270300068534
138.33932472250686
134.26830422541187
131.7255203225552
131.23447786216482
133.9651943744005
116.95384149164391
150.30465397870336
148.1997070850189
140.00269830374103
158.16827034752293
156.35891731582223
155.66241358897486
145.48601797562753
161.42278404435373
167.3813511339773
151.16308733817735
159.96142197390532
166.4877683522197
186.47677873419028
212.13807770917282
216.5660614972487
223.73359310188573
204.91591776085923
253.39551097395739
249.97518145999888
242.95597343048547
226.753585164709
189.66143181137093
211.81230409175305
201.14251689046256
206.99083750786525
219.51590805058225
225.2276577452262
225.60811532897267
191.4033344414902
201.14727644943164
187.95711864131982
177.13701445141425
211.69124785426715
202.23864781596143
202.6162919100199
200.9775567952748
199.47307698957343
217.23694494917672
221.54254971225134
185.8731473851436
234.03334770128606
229.6743990903528
218.14685920903136
200.0737651824799
201.50291410687484
187.1691685831353
186.25038027750801
180.36191782467327
199.0179466477037
173.58474719656706
180.22243268867456
177.62755442267488
187.2808791337212
187.180138215201
202.01547493264948
175.51784852642183
174.09391102637247
155.9574075627247
158.75638807286697
123.84443854732402
135.12100522501217
141.62882657985037
146.55557955292133
157.13820383960302
169.43226686619633
154.1361648605579
156.24864818093147
180.3973058541255
192.41469334333192
188.74986936752447
191.6250332710408
178.7349055692943
164.60357291320852
198.854534785209
178.26445561404424
189.46064826783046
189.29566503208872
190.89178072488346
203.18629803861236
194.69042548506332
176.37377999585533
168.78299250536816
185.79080126709303
183.40310743638338
181.7088171065914
186.37729753602912
190.8348109804186
151.33864512378906
193.56083785314948
218.13076710792564
203.08459768510082
168.65144974498043
172.32668343621916
162.5264429244977
167.9853323570627
166.42233051590017
175.61399106985547
175.6415584518915
163.9558127318415
171.01995240021418
173.950213447599
176.87707912967556
157.19831018465408
151.94082776918657
130.23896209805443
131.20350330424282
96.55100183435289
135.26290263354483
118.64869527110048
113.31018714285442
113.55391477301671
110.00235300913079
141.0224387910616
119.06775848635732
137.031478102288
123.70458766286181
117.58703984314087
108.066898256803
130.1131876325332
122.55017126884647
104.64641794354937
128.37759166114
133.5687097582393
116.85034227156635
132.52144887502035
136.00213982409943
115.01720723335458
143.35985768111127
147.64231959656564
141.57267208784992
141.45041456274737
152.33792774299954
152.33742936406304
130.8925542920241
107.62075640153282
129.27987505994133
136.8945858889463
142.63251820111492
136.69389568223667
133.51219046486614
135.21368001469418
115.59188088452412
116.35413611109465
117.81189077454971
94.90214679526596
115.55968030922007
127.69627630425171
107.49109211385152
127.40897380552542
130.2322251767847
130.81162005169918
129.82889389760422
139.55870298653304
133.62881675498988
114.97223975001477
114.87077297649395
98.01448133281474
118.52641212327703
102.15409202348235
122.17407562781821
124.90128761332923
136.64609879820762
101.78173673831658
120.14888183411324
127.68352359811682
111.97152317688553
111.45858030403869
124.05191842087878
126.47683228100796
126.14186451298184
109.84957692163599
125.7310330869901
112.85627147653804
125.3782684864383
100.11372412979247
120.95583633076875
100.99964224061445
113.6101980704772
145.0719134063898
134.95617320250122
142.5441091742906
133.2052042528903
131.27550551390547
145.85421051374476
148.48835475421515
124.32156902330283
136.82017177163505
136.47332717284985
143.31164560475904
167.1323764489183
162.89761503971974
152.21831382976242
142.53315327190958
140.9524583148985
158.80651020581382
173.91560610306198
179.75009974148122
187.45643518322524
177.73250585132752
187.38515008421433
209.64285692251158
197.85127483435144
208.23237566510568
223.77146355273646
202.12493599801547
206.35205378108805
183.2044854677884
192.8663462159366
202.0198479541693
206.86106847420015
216.15369432478988
198.57778524213066
203.84228325701804
214.97520626608824
224.80841245507114
229.06139227138686
172.57997102413756
200.0558346686889
201.66217487321202
211.3370246095562
226.51802677720997
222.53129054615374
203.36129463391381
202.04237599949334
195.20578201346623
203.08125459562922
201.0480700855934
204.79965607865296
194.2153484926577
158.266660546472
138.0091180275101
125.79253745100024
131.65637624282445
100.74179547215192
97.21745739405443
95.54219382958205
115.64564609954523
119.14944662241207
121.0776310595942
114.86552936706462
109.38314437773883
129.71486552891238
139.63354245099154
143.17270467089276
137.07853649046558
120.10660133622284
137.09064301746554
104.30269817032891
125.96969272410952
97.9453216332622
139.4483702182604
140.8171278265573
139.28991474329783
123.30910286061751
127.7962134371365
134.86286264468328
124.07787421521854
131.4744780181209
150.1735926100136
140.59779278089658
141.0568277453765
130.30056879848198
150.55257940681528
136.801526163227
111.72512001840416
122.25573963105288
124.59636152492452
117.74219284044997
115.02763885453027
111.39395634069896
115.24996114049716
125.0518940551304
136.4081724209752
132.78359755959926
127.78331208255689
112.77584478505565
113.26363874593221
106.391008139923
110.81050074773903
85.16897982428753
116.8190690608507
104.48341963677666
122.18775079237969
140.5450528081719
150.2762411075757
139.99471928404273
130.5024293597076
151.84129344825135
148.7238883172392
139.5285403634163
140.82080895975724
144.062670741652
150.89708341089656
139.48713140486186
142.5504135205936
162.03561828134252
171.2319676979019
161.62212553357082
142.10608358758853
122.080106571438
119.95399071422905
114.49347722120989
105.6276829640191
127.29563181256079
121.49256899250064
121.58784981353347
106.58651061951029
121.129740075808
133.6544106768139
124.8027446934222
103.73854438624917
128.3538002453391
137.39979609303438
128.6660575852437
145.74555895766684
164.1037829678576
164.43039443409782
161.26875361060414
164.87847058273027
179.09938774542982
165.29528111823282
172.791661078548
171.53964431704512
188.13172740882675
158.48443157654683
196.3260790724093
194.77665016062176
192.96538833808305
209.57467854017247
187.10010819774175
200.7929008686306
162.88074532412574
188.57936806111007
177.54094176440603
172.62584264969618
158.90564029030548
151.6843326194363
135.87668723928718
126.73840988466179
138.62786684689337
128.46154188960466
115.33672257377657
128.1226457941052
121.3318152696394
123.46957065349523
145.6107396063917
158.4504394228329
141.3518932921424
160.79562882506013
176.56008752716772
192.63542217309012
183.59898949838058
162.62888844648856
157.68758116612443
157.47257601378016
161.84130491743608
142.46453337453926
159.3993736509649
186.00833976769877
167.93414211499334
174.41946219829643
186.9538464408897
209.73951600783428
187.82951104948526
193.6732062123201
177.45004211295506
180.32853893711936
198.19281266868106
151.88776576883063
190.01325961107793
162.81155489729267
157.43762871497267
175.5025234589917
174.81218746756988
174.35310415406542
171.13918943891133
153.82422637476532
161.84844681735865
157.1301103892548
170.5556919674209
182.4363467959816
205.4707045895603
189.28850439052633
194.13213875085128
164.59683114222202
144.36345904244
125.08843681977936
122.01081154649654
115.63264820790123
132.42677433172577
129.68910278575927
121.03150261608879
128.21826568669294
112.23089463116138
128.48822522033504
134.02449800001384
138.4648528322279
146.23095807967712
135.0353447635682
125.5535368327977
143.12914472597726
110.4533726024484
100.53984661624128
131.5247449025665
129.27403256494284
144.83509059318604
162.59804961120165
151.88884805999112
159.28299333766802
159.82643555136778
182.36955734553075
199.77707119243357
170.47971691968476
180.1512976029886
190.3260819061626
179.87641199154265
171.5187813849485
178.8241140894342
169.37179508789225
178.1617870684826
206.17960851017727
221.5594790876425
253.85082298977318
219.55440319499658
243.4360961895196
254.66558570876805
275.0135038793025
274.3634460739059
240.7572581573161
241.68574727507885
241.14560458842053
241.34479009668073
245.8257596211268
273.48746021006224
274.9881319644414
297.1822586909651
273.5680118632542
287.7364658638478
286.10425108187314
263.88338977126864
299.5203718258396
284.67878298729556
265.3900279170595
268.7923427285552
267.15248114938976
254.46171828932717
244.00734185728874
231.2407490175082
267.48647655285544
265.6841436628729
274.26390745876927
245.76556877971515
276.5385375250214
290.8563118201637
278.3291122589191
287.42221983954784
254.2103884829933
279.30710058035135
277.13947785044616
289.38737785760617
241.82545791110218
243.284881293444
243.78559765871012
271.04976413420724
275.87932826732845
283.4279498971079
289.0351317388402
287.6470940537518
287.0380996756051
283.84631947805764
285.6653930441515
284.0309341286607
288.72670629100946
292.71457292298004
306.7405963234373
283.84488179566625
275.52765734130963
280.0516111829647
290.4395552301581
279.5828538538535
282.16506926141767
287.39189293635366
287.8183260452459
301.7385180162196
297.1216449469513
298.3995551705769
295.6138177090331
294.3925936279563
292.54818280450587
298.48660642198905
295.54354473076444
298.78865659654326
298.35999419946177
296.9936313010564
288.53270781221744
297.93726584183617
289.4980323962634
290.9141920925408
293.1021656738312
287.84853184276096
285.1700464231439
285.34459466474465
273.06758950533566
282.0061231977365
282.94161217740464
272.2288970003522
303.3863423186319
290.5881396411454
289.7084030036273
279.6808462022946
286.0119924778453
273.5272076918236
271.00374520112894
279.87225794699
275.00582455179074
278.0336717962402
280.858734426979
291.35696455865275
297.02593232205373
287.8549123656677
288.51030754215753
278.69525784158265
283.238560038216
283.2426913041242
282.37246857155503
272.6658749707272
270.37682749674286
270.50940507098846
272.9827718299129
272.8266997849853
262.753676618384
265.8672663987568
280.10260489452844
279.8780979686916
261.93921707497543
278.2446634916003
283.95165937467596
269.609074523608
262.4486612389413
282.6489268956562
237.45316228372798
224.3896314052918
246.07925648687456
263.7398360905387
247.01858840081772
260.82973957787254
274.4022725767005
283.7481028518321
259.72661272903593
237.45590863118863
290.7379098746969
288.22659408607825
279.51135156969616
305.5044275817737
272.33942509640457
255.5277084108626
273.5506684953245
243.01202754156765
250.52845560090057
212.5640260315883
238.51606226945484
229.75303094772022
253.19615953015867
223.87221704588728
221.75691575684309
248.97712579579317
234.28834054141387
231.74815672243255
220.1230341565152
223.56205763002544
208.75052302432337
224.95201410655676
237.80068000376275
211.78485388523916
237.9405809520577
229.5717404451805
236.09328289255083
248.26172072590774
247.84486541076438
251.55352893316487
247.56594749462786
239.60665762231585
221.7420895534596
234.88437268575188
251.6870642933524
221.41524688450647
237.45684616188518
199.8395328988885
189.88565216624198
184.2015224141702
190.81540709120762
176.23051055897707
179.51003129350747
187.48726668855326
173.511181059534
171.13799356574094
181.46985564675913
185.0928391835831
210.06968845919306
218.56433033094999
233.4613673155361
210.37031398561024
212.99314659723728
211.00080319515962
189.27485098561675
210.75746321277472
223.14711556814208
196.18192570505488
188.1350861129847
164.89752755306526
164.41865245910378
144.72636237200973
143.98912633132196
109.24413553931772
114.63862682834956
105.94840545169916
76.85275734124916
100.74414691832179
115.33144811410583
116.23763163965671
133.62719152320992
124.28263962028156
146.0154432040856
115.86101836526636
135.4068137094406
134.63325739378627
112.11464296140554
95.95401177094594
113.70965410899555
95.0040943021406
126.55345847724772
146.58887826168183
137.86141507271822
132.04784185785888
144.60322454957878
156.3201674165146
155.50687969720428
154.48788051332846
154.77577034322115
136.07278009193251
140.1252434800661
126.87782386157355
128.4356138343058
131.40456262946552
126.06753885713724
111.37396189674644
118.39393049329774
116.97761385900314
109.47962043937548
134.72631398005655
146.6630975797471
153.29023158447117
150.88506801410153
148.90822937805524
160.41950545563245
138.42558087190753
132.86127283748556
118.20944075888082
149.40072835768848
143.16793879913067
121.74110643565164
118.31535970377625
121.91847234899893
117.23796504298913
121.4596049148525
120.04299532142262
134.91819019947323
150.35242723706273
130.58712029293397
117.06457224829403
123.88194324122576
132.56472272574766
122.73973344504121
104.55485593438362
108.55211883164293
100.28913726651446
113.80928502985479
108.50548172457182
112.23569167576315
138.72469767296005
129.4053312423129
158.67520173910117
186.18812420258052
195.64591873919707
188.59058478201607
181.09137342225347
179.06313297760394
198.09256609806278
178.41659313405555
168.24021032453706
167.19799133147782
155.3207941046448
158.49290612967187
153.32699432325194
144.7555746585704
166.73544373868552
158.39483311786208
147.48673337078313
166.6584682986078
157.0600203003726
178.01133352704068
170.45575315855896
165.07360097502092
158.86728578443166
166.7111849252748
153.52559375146473
156.14572441228873
145.67116745687062
150.10147492804896
144.73967349689983
148.5790941123085
154.53069894465182
154.3502031687027
163.06333059723923
164.41099029312974
188.03908506155489
203.9741293889544
184.2201594251322
180.44601589719804
198.61716050234614
190.56567855529954
175.46112503994385
181.80872143782975
170.62495549102516
167.6484965173136
165.36826357027164
174.6255432383344
157.07857691215295
155.85964194410423
172.3116814755586
164.58356690378903
186.7536902072123
160.57142647389352
148.6592951686866
127.80944147458834
142.4600816878385
149.1623148897671
130.99825782748772
139.46031018967057
136.23936978556898
141.74900939470768
137.54455065835674
138.42644839476156
127.93611057493831
128.69772909051613
133.25846017619753
115.92154068582965
124.11818034999405
144.2608698344859
146.68977432270054
144.5621246457242
123.75631965111415
111.29392995826794
128.15096346891406
119.38875857302497
101.70267252916494
118.7862062693114
136.56528589305387
127.53235939642131
140.29944906729446
128.85514360677834
114.84433240182807
124.21201681679388
117.8002338021932
128.40593612381653
120.60560269666308
113.07802439360223
109.57545053850899
139.67048678374888
139.83890929834786
140.0813666053024
150.18760614741242
162.35240610024468
136.76534438845246
155.0251537252722
143.38756636458385
140.06161681235338
151.7022122364649
158.73183483289435
169.24086672075984
177.9890348784122
172.28060626948482
156.99340187594083
141.62018330072823
155.59650312241118
144.10033943317873
145.4487597684704
153.28077290086915
158.5166192613245
140.45984661007287
134.4134092919966
136.9116570009016
145.71201753758055
149.22577784684754
142.38183885294336
113.18768438905146
108.77087942430228
120.33938735155718
107.31968673417823
132.92445136847297
157.21355138785847
134.48939299917177
147.02073677291122
151.5714956581137
106.11647958534306
97.3256772973743
130.32029268814514
112.96887151976814
129.62332556915925
135.73920000500016
126.43556837680623
144.64769244311333
132.93616166799194
139.19304184133324
171.80199149829298
199.55578877929878
221.28142179825966
202.5983501391985
202.89564721008009
200.46327902514804
209.59045849217713
207.08576645096213
189.85539897790733
174.20977844968684
218.1566761546127
236.69117709389087
222.08950236296624
234.88753118107735
231.30243963000265
237.79145458158905
215.92219169387687
244.8248973271316
233.70323318240509
262.62048240202165
240.33915230189461
249.67558557148314
289.6035898212216
275.70435776127636
273.99607718403274
267.0699474734186
255.59232224984783
266.2802153567517
263.35967760217306
276.4145813777562
263.2374953272506
244.06068446907406
259.4457001486284
215.62625373636394
249.4475243953775
268.1940022931295
258.3439489605416
235.54058432685724
246.53495791065924
244.51634330050067
234.27568695418313
236.44285393989773
251.90727576222764
234.8295212630265
231.05810031376737
252.53082996001
272.2320564869568
260.5368960381084
242.71482635570362
245.24128250964347
236.7305676172613
243.4664291170355
253.23022920545606
230.61067483019792
229.60415409256115
251.69532258914472
249.2862637114886
246.50375467601646
258.631860949052
250.8469845142773
270.6905286405623
260.9722240216146
271.16238263936725
250.95909177494883
264.0104672120918
242.6237858600079
246.7371448785403
217.39763711389233
243.7471357233358
236.58390501071872
238.86196347289058
207.3883486245008
224.1117374073632
215.39878359512224
205.67383979321372
181.714185499746
177.5297273167849
209.53738336364552
197.494805912041
164.30376802483883
166.29531299245693
134.629958186909
140.2877627219065
142.5507160004264
150.04721901339036
130.1801118244552
129.86497972271988
122.47009968175108
127.09707959623967
149.80694134977009
165.3586130552958
167.04116426658652
153.16944133206908
171.55156376397463
179.9350149115512
169.12116626839526
166.22534978110696
150.38728268562517
144.80946629496074
161.2840582725111
164.63074386306008
115.69666613557143
154.12497385115768
181.87679779742672
190.11314463878034
180.25181730683815
155.67412489802214
172.35276035250686
161.41836257879436
174.91543596155202
142.88920434916798
141.695170523751
149.4161769753507
129.24151799106838
133.7628085334039
129.04486870550397
132.75451304780825
105.00503101824864
105.95331346282984
93.19391238200797
84.65613325904528
115.92906752081369
114.07183544418506
109.2861002733937
111.91326115597758
106.84335744974447
124.41847602251141
112.75625782715039
130.02326088538484
135.8956054084505
147.2947332840837
152.4187861799891
157.0635740416166
140.8702233523425
142.78576876033466
152.55082236990984
154.7004117040048
184.70888825780403
168.5108954035732
149.1334844531129
127.92546863078742
114.39173513539544
112.88747187907619
135.6994819348275
121.0636159996929
110.0869294981723
134.09700818896937
157.11687650819266
156.91625628693174
174.2286747473352
164.80991927025278
183.04923791091048
175.893454697267
162.3940125082239
171.63911823448956
165.94202646662762
152.08615119192802
156.59083104393667
153.50739317306238
158.7349104143352
160.6972510917531
182.94493378789593
177.07632639865201
178.63729256160724
205.56229363665435
181.64359645186175
200.20859042512615
204.179816360289
187.9896034706817
193.48133648933907
174.73936203789933
147.9748735361876
153.53158733543853
140.9667101109302
121.97292757602662
121.81677104817233
124.77461384889511
114.49460102693575
94.52267153240226
103.2363105340579
130.43788317632456
116.62255776854018
116.2482452426771
100.32266546019524
111.62980429486399
118.48200662799847
102.6417590083987
91.33721864779432
125.70106968948166
115.19235166207827
113.81427865853738
119.70222329873101
106.20689812735897
110.77338299691854
81.87304275790555
104.0439765617901
126.68645719632926
124.41268166557808
160.84497318681287
158.60377710635726
163.8472624757534
164.64399137809792
153.4438486739187
165.48931266870113
152.4876031059035
167.34947318802654
134.2979907643201
151.2668388724127
145.1132641631277
161.06547307648134
170.52809699753507
189.38130834802485
170.43630554942047
153.27917521442743
150.1781815401198
167.48852875688044
153.7611170702266
138.88113014133035
164.9802555374839
178.2830434276028
176.6550687904173
189.68445010865753
162.3489338089126
173.42281944000274
186.824864343208
189.4674188673287
198.8428171166492
200.70095751072327
193.9810111990997
184.9804702604698
185.36355602508675
157.38481273224335
189.40858340367947
199.98797640440355
223.4778776503527
216.24242774993786
193.62268275668453
186.58452482809756
200.76038301351403
210.15231732810295
227.89322890649206
217.95585234980803
208.93785390014688
218.4737948218427
219.14227142676867
193.6008036398641
182.35252900238348
183.930642575366
162.7151075196509
159.00556304986316
178.39589670450286
182.0477650202504
194.25370492908672
198.29922883251024
194.87752836450724
174.7700258094109
183.90031758080434
177.83949056367445
186.79516447118863
177.93187582983336
184.59249017565352
194.20289189605413
220.8567093790287
230.41066495144923
210.61463978912573
226.0712588470508
218.24029555021147
218.9904885045915
247.00324002206102
251.49613213176002
244.14377135783116
264.0685121086943
275.20064332688935
265.89850869698193
293.3969165466815
278.694874265796
266.6357756089858
276.46420504780036
250.77349695036685
254.5518778428082
259.87051872449274
226.48636432376594
242.30714060707285
225.8180403660207
234.47410756992198
243.99218842907868
230.83610102948714
252.93324997782835
250.76576013122659
280.7274682797779
276.8234625377702
281.3854832800747
309.7629213128985
312.9118115241685
315.97146690952235
321.3168439255086
315.4920554630936
302.5440006196874
316.85990461681547
313.81525067271826
316.9484229557173
303.03536739641356
325.2746871666131
311.73062424703085
297.69334577283627
315.5693272980641
323.0467115376536
320.21383402822374
315.4776115030111
318.2484715872981
318.5782515995969
302.0610417082654
310.15876775660286
319.7221684032276
315.842575904566
295.15657068193184
264.60960131696584
270.35661064579745
275.1728006322819
287.8076782271487
300.9250252819306
306.04089405882854
292.77364265819574
296.48724480628726
291.58557815238294
312.90362499896514
324.7122540889198
310.45550378777534
313.287929414603
321.01023197818466
325.9311290652722
318.4310771355653
318.24291367383864
316.0660602720438
310.7248910147421
308.14479580298615
314.21811519312
312.3818679089037
307.10301182861537
314.39012280276415
314.7828890713544
312.2151682972503
313.82224909743985
285.2170778001899
303.26259851071063
301.67139416398146
275.1535217358008
301.5972644213196
280.6658446755013
297.7506261222023
291.39963891177536
294.2222962554253
293.49257227313456
277.91478226192055
279.93875596234983
250.47669656677192
286.4198824519019
294.8003009181219
250.33830782652453
264.57943600754965
250.5601025060587
255.96210203071084
247.49996359414692
253.80483929290006
272.3105917209624
257.76652587270627
251.29134235710674
220.39096556023213
220.00771547492718
216.89107784031026
222.57243173970411
227.62093661166196
230.37900262140465
198.707442412918
240.7860486221573
206.83472739765125
246.2044123014192
247.62226171252104
236.8090798443443
227.71056057482807
202.01986714254804
190.9095913279029
204.16929429204774
206.2849756046769
232.83766865559537
222.09197299204297
236.75001824730913
239.068466483826
236.37228886804274
228.4069604009852
246.0845112189732
213.71947348919488
205.07265011728083
212.43914564714788
199.128713596652
186.06623448761377
179.05940980001876
196.84511831695838
207.57233602166932
200.2857585349062
191.55945947359731
180.03026090973123
163.36549162878322
176.84486441944742
169.8094788449304
195.43381274280486
163.8707768906517
179.38175173748675
172.16089926504227
164.1186029242821
155.20654039341363
141.74294721435064
148.78826276646805
153.20224000749963
191.73291364387578
205.89312020671497
201.73815579102606
205.52103427612724
197.6085708065171
196.11471880830098
213.80494876589586
218.97051889863624
235.664968608736
231.72891369230143
234.86514387299823
220.27806487028545
208.21548342838642
194.94008363922796
193.3258848697521
231.72854941892123
219.6486982940248
245.08016048311654
186.62332163456406
175.41528569301616
217.51745736211873
203.33142423254168
193.26889148704265
220.3266304245744
211.28643915682343
181.2952645735628
199.5030194486624
165.36481905729204
191.96611621027017
207.5619089286507
197.35857216246822
211.41566238977072
182.13342061916367
179.52223953866434
208.19147923598265
170.98890824795143
193.5862026950882
180.5713054680354
194.5823098760184
196.65046506733125
169.076448941247
148.04103807165413
167.27826065801656
163.36293143691825
183.42637379060716
202.1616373636484
225.27845000515939
217.10581925493867
239.40701927924565
215.03626181663776
235.17920274490925
229.58161312969256
265.7473515131718
231.62101219625404
259.94275122161514
251.24852252669163
246.4087376921951
231.2206021620864
251.68669634361498
239.77821833489355
241.2172628552652
257.78003503698267
238.87392008593045
279.1818194136155
236.85944026336767
276.77660843039587
281.65235321543156
246.46008708511067
244.00093506143875
245.6866252106666
204.50887693499465
206.89290869087378
205.6415935536384
237.50285831942028
206.51704977718464
231.41004938833717
228.70842506471303
219.47062998747774
226.8459308467283
214.33598365871552
231.2426646649339
226.68370399983024
233.4443246244542
197.6003138975427
204.4993976997976
211.96744191359176
239.81263673822562
260.44872171298874
235.67517289006977
208.94510524407278
228.7242726493217
235.33772316420982
258.24186006373014
257.25369267429437
249.0447775756448
223.6363976150641
210.5613435726816
239.3310614349116
230.50153117425202
221.54600288605508
253.98636184009723
259.69926838394997
235.46011585694418
211.6683308759632
225.71164223431106
214.36464596119694
207.88942396844627
224.75413590130015
233.00729764571057
236.35384232061918
203.55583938731507
217.45379266456902
219.1811325531446
219.34278892365703
207.3195999444332
230.51954601602992
245.4263627473578
236.6729682271823
203.78563403696617
220.35833438479835
189.44911413407115
194.81214395419124
173.57344491763214
161.06990862998643
182.21849612271697
158.6530290543817
176.44320634400228
182.52172208164393
184.56588464768248
177.60940946809794
154.94095780786498
150.70767245265452
134.42268859201684
130.03233233260968
143.9650088627584
136.35716129318823
141.17632641534573
107.66870258704304
126.88792017753495
141.82308189862235
132.06181880457422
129.52525846067624
121.95982447653334
124.06885001965688
123.40609142449867
137.86864872296496
157.94024379396566
155.96769681131465
142.88670005583924
129.97349177874173
127.26171376192153
112.28769605898228
135.07083516658392
127.99648680416082
102.06126159083014
117.00435574717905
135.72657314091072
123.84086113605476
132.84916909942655
143.9968584952014
137.00662202161595
129.95383012874288
131.41150916561972
131.4897237362897
132.8581796887637
133.23499970536122
128.54214229118728
100.89376379879833
110.42764645760187
135.03960236490752
111.02947493751961
121.79312444827461
149.596574837896
147.3766356437165
144.33750135041018
155.92398355842846
172.55584041673575
193.03076980824179
189.51642165504362
181.48518836677567
179.00143152753782
174.6246329482412
171.25171500312413
162.18952518605332
141.87131874878358
140.97089197766047
139.48906397312223
123.59586482580349
103.00831594706044
125.04771439111737
112.58755408397147
137.3852575805774
157.7560912204186
138.30509318511858
150.94234715897713
128.18236911856462
143.52842288669066
161.6229027386223
151.34025217329577
164.22760849630146
148.48295018595255
125.84265115819618
150.07362088793764
143.8819042898464
158.17016172692934
146.31363516505164
142.64048090896435
148.19945582629092
153.1712353036128
148.20833569259773
170.91341953347003
155.6402877487824
168.3922744140807
162.7682844623114
165.69426934784357
179.4089483974378
191.72626968936396
162.1358173062447
173.73997728744482
182.37398369245795
186.78081594114747
204.2879895124849
190.92150850562882
204.15130638846298
179.57979381683882
207.81083608919653
215.77079768477685
190.62448568198525
182.90028716125443
177.84879396696013
185.42707032728813
202.5312158213783
213.8834928561676
209.20651847433118
195.25927895337455
205.1168792121574
192.44729740610052
157.90681793410917
164.03898509605645
159.99923736554695
159.64367686151638
149.90993164286195
149.09968234183845
144.98104056725614
145.5122554463721
147.0274653704772
167.0427839140484
176.10035531438027
177.71455851575763
164.70499740870875
164.30075034739411
151.35337075045294
165.7674519021606
144.81058181841755
163.0844711246029
160.35094186883435
152.62962904495535
125.76244880266533
106.22957901919666
122.27763952304731
131.28932750618765
107.19769694147698
129.47808352423309
129.8005660902239
146.34681177924782
163.4049002254407
186.49832192426067
191.03873405793047
207.45878904249471
213.74127387705127
222.46731277652657
192.40953124416617
224.923380151196
203.2269687150829
205.34180122564837
215.2614239905354
218.16223953136893
217.94694769894127
230.46952844715113
211.8147586103857
242.91167798688062
219.33448878091053
241.84517396567384
241.5518194284161
244.575381607731
251.93769375928238
272.08209658839263
251.90303861689503
284.5878966826686
264.7040016486287
283.78327463328515
279.32214135594074
260.8607199550393
271.9950711683218
284.25242491499563
280.9171416775051
281.0706999225932
281.4081516997837
279.2933479821489
261.6734694940084
256.5176419313886
265.3869866786082
255.18712531161114
244.410927705008
244.91965826242748
264.89964720653745
270.55475612402745
245.77471136948313
238.70328031884281
236.85530154137962
248.15349056782466
239.9450400101551
231.08153185438874
249.281709450477
251.02407556797317
229.01875594780128
250.19894247397633
257.66913240708215
222.4394266754742
189.3584790957964
211.3009549102773
211.6975607708791
204.41506753024214
214.82919933281673
225.70866938283905
224.176503306037
229.71430632476788
215.07464233081012
228.31905013266166
225.15825927279803
222.75087201731606
208.49475278081553
197.93543602405413
185.40000538356912
201.94263809902213
190.1696155526407
204.23692749348993
179.36760053379507
185.43837498823956
190.49765018081948
185.13540458490866
195.11935695119385
171.78331636843558
169.06610567744846
159.60800858040346
175.2921502937776
179.5036248358732
164.33622575404252
169.37394183020896
163.21130213853317
184.66648396916787
166.42564930209576
168.7525276447866
153.86963952771674
182.4104188223796
181.5026391728523
175.30644514196442
143.2849776811065
162.15218591826053
175.14062040394572
174.84775060546244
174.02116828080545
185.65803139182086
166.96656557601756
153.4739926190473
155.0889258059665
152.0970156748662
161.74102029979147
160.09561202066283
154.86924786599175
176.5637980644409
169.23991728297796
199.15095273724867
210.68859047264203
205.82111896684205
215.94594627515218
211.3648257845886
218.9031330317746
234.66888755648574
214.74265100511914
220.4458414353153
222.29165580072515
238.6117091813678
246.9614275421944
208.68426637776622
212.54923481987032
215.02976706670808
222.56738952883174
198.6013705729316
196.38668635141883
184.42965744506924
187.15342841916708
183.61106314631417
172.32208820257284
181.66202449353767
186.55387968566689
182.8090900889069
221.31536964341552
189.70873286829217
211.11270864602923
218.27486231231245
220.89673270382292
226.18688824424848
230.67799900342334
225.33443770241146
196.6020043000804
185.76384121358242
178.17892265461933
199.145576306858
157.88634832465618
186.1329284125843
179.21915081257436
176.7351922518466
191.0550677181191
174.21169105900452
177.67473020973225
178.32489941234195
158.56952093474652
143.17255565168628
147.83408673520233
153.21572700930952
158.3316539333084
131.75825763098467
146.85351991864724
143.7033633135284
143.35827818971364
142.04773337347316
142.66672794494974
121.72163630032392
99.25430777070697
113.22913854954902
111.14660171800459
107.23650568084952
115.36205743773712
98.61586764610556
125.24142792766372
122.90979088421066
138.99838186080095
136.85893638459982
181.73867956007385
165.1019273793052
200.51372883331373
203.10427374861564
195.24236949529293
195.45194539815773
174.19561866502696
154.0340906979932
163.30956825149462
156.6505367987712
151.828933747115
158.42683677450066
161.2282193146465
168.11592688295536
160.87536093088286
153.7059728245745
130.62993543644984
128.9782498075974
119.29061644215322
103.79226059335483
129.78043311671487
117.56479350820184
100.27362465819773
115.35008313382329
122.38660166908295
144.55530467925655
119.21577949353266
132.73787615844455
119.13136749040412
144.36613881214078
144.00911194637922
165.28883066690506
150.81228885433248
158.91283997870073
176.02214291398545
170.2947860537288
202.45677771697797
186.04709739237109
189.6591521841588
196.26814499150078
146.48927137309383
162.52909435082714
186.44607151523422
153.35796011354466
173.39434994011106
157.15419755988393
172.9839538454457
192.12023726382526
187.511393068153
172.57941214466376
175.51210992138408
166.33127597150468
166.38463810398738
167.02546492756463
154.48307924917373
155.9938699611446
172.2979957441556
166.027827056041
154.6423006191671
177.24912201039925
178.25580646234593
172.0268803896348
167.70431404732295
169.68782300705638
173.132509558069
161.72764567869453
167.15930274365587
162.77988626149332
170.56781000342855
210.98297332162053
207.424533562504
235.96193433577963
204.7776841347009
224.83830979049142
242.51592566026633
231.34464221219088
191.15463686638037
215.6610938641985
223.3551997984971
205.99527205678598
210.5620551875534
217.81045931466923
203.0196044530633
220.6014293812
205.45093107137996
181.70878259161196
198.96145028789707
195.2668773129382
211.4698110613349
212.82242186629963
213.8566262025442
203.49962863917173
179.57090248392674
205.98115538764245
206.3530682381738
210.4841927741724
210.12995340324372
203.99277094685726
214.38870889311673
219.51940263412106
246.09146947872824
224.04509629469916
227.51851300225687
251.9598661308084
239.09181330087236
258.34178022859084
241.29633663116954
208.96547795068642
198.91206261613752
199.0026756366218
213.1671284039957
213.71350740183414
218.3826559981286
239.66122462562254
220.13609924359267
216.31760865391522
215.68251388267348
223.0956151102927
210.3354518498382
229.74894105542558
211.45187626183366
199.60172739758846
217.28313576031465
220.0114547362687
175.05729541791288
181.40070176173197
203.95287298171294
214.69524185450956
205.21570867806264
203.11002400258167
211.6543347497999
215.20415380534604
211.77882573773266
198.2659552277907
173.13188282234015
191.07567635384981
173.10546461241088
191.94826094078644
220.89243785701336
202.97514892000038
221.7198415162364
206.1494525247653
206.68490353845914
203.6955167518395
200.20085407564292
186.31085458913444
198.2087749192381
185.79174922668386
202.81629631581433
213.11095192455613
210.2821441862421
207.095948275904
214.34843250181112
228.11720277345157
238.791568206024
214.37278375042004
218.46966861998388
205.07087149042005
195.32917616798557
183.57683301139483
188.2525856052653
175.79091926701258
174.6752637198765
145.40023801556305
155.8152227368122
137.60887910971
146.52527306457137
162.68014767724804
167.62906048205878
152.79425095103738
172.25380759344273
160.36495029172843
168.16848882017308
152.4613652172474
141.81680612748625
147.4227582062487
163.05312745817895
180.2513393671717
183.8630704779387
184.6521722212959
209.58218819911062
187.2522419389695
193.320626595106
217.44057357850502
224.8700965311306
195.2385113855353
194.18700167263313
207.4689665204804
216.82034852739613
214.94533541812737
209.16227399500616
183.54169021882677
188.96034897945916
181.82259656552472
205.84677154922014
203.35796426802733
193.7675658246498
205.14645937589984
185.52648478944744
191.10072080895569
189.65031639244413
198.07643316334472
203.38568404397762
196.99654336240383
173.83931506747876
192.518630188257
199.7348533710562
199.91458865759293
208.69533232044856
205.87905652522193
202.26534601343351
190.68218059030573
185.93615114306152
197.28458812704574
208.5160597893002
211.0551025590855
215.04218123786796
215.6973969020247
189.41479032369944
230.26838565935853
210.9301085025528
217.63393852346042
197.60519349124277
204.19019925308007
190.33585438423873
202.51712556766546
190.40200801557333
170.4644746807407
201.81059731980992
205.64091254189555
209.3105222869859
178.67277958087445
169.25104359032818
183.1920980420509
169.7310200614545
161.8935337398237
156.86287630782192
144.42271597757016
149.0501509334992
168.06257578054692
163.99295907547733
180.99924374526245
179.65901015271155
185.3108085245634
187.11134192824605
203.57063260108214
205.66554349488518
201.460605739698
224.81609711879582
242.13484250350274
237.48110116780816
257.7981795627766
243.9128513150735
249.88116989006596
244.4329668955848
221.61568168580112
232.39917472924623
226.6951631171265
216.79024192238967
219.55672214615137
249.80855060108846
237.71057231313281
218.66435242643837
210.75648446201552
208.46095301602892
210.4338480945497
204.6538270014902
181.43079355363108
201.3973467571852
183.02051118827916
183.24419204096498
169.36158102503413
178.2002593143396
224.2312327728704
220.20686630145426
186.35234009484077
196.45681017033377
170.10298622105765
171.5274835634104
212.7572145982828
222.60942092284236
231.25152128981225
216.39788673418295
211.63593914978364
211.73973262217226
203.30698336627756
198.5835404932082
203.4352038574146
186.72391049345725
179.73464153322715
156.5460263203823
179.15788205414978
172.30338662311948
152.99484378038707
179.78677825495703
186.70057840850654
176.88059444046377
174.31827400159034
200.8441613931202
187.09815433190133
194.45689833626795
184.67922053203768
204.4255092920798
203.71484131766314
230.3222648064302
238.41677838735583
240.97723994427955
214.2282988702963
220.83566790752278
240.75778275094754
220.9495693313427
205.39592472545726
225.24713555492596
209.48568218244685
227.38112134603122
199.14127673631344
222.17501644876532
204.68378201085017
205.32761290452396
205.8272058452439
210.9761804573138
201.30988921476015
204.62713996871855
197.2691989791022
206.30376168091388
190.4127223979571
162.41708435772864
176.5268618532239
187.8559424038152
175.35742220210574
159.48428416197248
152.02193210361798
156.74885850331566
138.28525466820287
142.81199328008057
166.56566384895046
145.90798556767217
152.71302532509748
135.01110218537556
160.43184311715643
170.43487610887365
171.62003118034602
177.29101721373064
186.95280980819135
163.0812240354711
153.9922215283109
120.35470255523117
117.05567190980955
132.5333313601921
131.27105224286078
102.63616362465736
124.15224328529914
128.5595969656592
142.75891603349388
133.1468020088743
137.4523648822246
107.93302074437928
139.97075745284883
140.06620192691747
107.96846417348702
133.74982907574255
137.94411452916492
129.24544969809727
145.1009081014786
132.10310362138472
93.12687035653252
127.82737275609641
128.1213355049079
114.43943550617375
91.96249109708636
112.89593155205307
128.0033588559403
112.67849917917283
131.66314257469014
120.76841846504325
126.46229046793103
123.18145399508772
143.58336843751388
122.1671597991463
135.12812199144727
132.452179609854
123.29673638179952
145.007045711669
123.577895800196
161.51989844675632
157.02627926299257
147.64188806659743
134.2249437202875
158.55887078904834
158.3579623489363
151.18820291005812
145.71902120687793
141.97126498963416
118.33693561400037
146.51982571779834
152.743904338112
174.5059557210546
162.3501780879715
182.80479528534067
192.30308579225192
201.3984104324804
191.45103115815377
205.58520198903983
187.57191861191993
170.6914840951818
164.02760901457037
141.71640045627396
166.75006551628303
172.98457384097318
156.51604787042064
148.94142812826703
126.11822437401833
106.71232382309152
121.86451468837487
143.7282109759902
152.0298984626361
139.47566815618555
161.47663299620555
143.66706810630242
143.61137870134337
142.17681420332704
142.30191337984442
159.585831535661
173.60879091820448
176.6941005956044
179.44766965688987
205.9730152775948
206.8641831674628
212.65848397879844
226.3187514252311
228.97024425753116
215.07820636095406
262.9962712255935
253.86961169251032
273.59959073745955
266.4476893850857
263.451713353127
257.19088033323635
233.93150314837692
213.29492997063673
223.76730997601376
229.3666772519536
216.69852742257893
239.4835362760429
227.49663625111174
220.91327119103548
245.2062673564738
256.89581371711097
256.7110601487223
237.53904100733695
221.7334755892035
231.65463983393207
197.03897982514303
252.8062205531198
244.87808883110205
258.8183928746675
243.9475731778946
225.79963752412243
220.19871039160054
229.23715231940926
259.62047702391544
238.65239359812247
230.21033404419313
221.2854175658977
230.52752019212195
225.60425589997593
207.0744602977285
213.9703906166845
205.17244160743272
215.96364811999464
218.32130714526693
219.60324041616417
239.8699643581504
251.02102350442203
272.07855799676116
243.564560082896
273.92612278929556
281.86761512771875
251.1980060157674
223.58303660706972
248.2772498836789
236.39252992497455
264.2900443329863
261.4006621676714
271.0224928526582
283.2370058781097
268.8935195293213
239.8254776591752
274.22505064029707
262.4621184504378
267.3057730538193
250.93626713398538
266.79300171488603
269.94241366592667
254.9090783577557
264.7295526749879
237.23121457131543
264.28510760830375
219.90740194745746
272.93018003170954
248.58614432033346
276.9030896987003
296.0711665693219
260.1379461003219
270.17427067790703
262.77373378471935
280.55345503862685
285.0414505306594
279.34681269875085
285.74496751617687
290.9754740667375
297.26413405266345
282.6521242317735
277.7275705512189
273.12653861083436
273.8544468075528
279.19271832546576
278.09687183375445
275.07757723783465
270.7192028911497
274.67431889762037
273.2717295046203
278.02549701023685
270.1040777773667
271.8775422917997
254.96309914317035
283.3329460671969
274.8063612691532
273.884753603565
268.5787160072562
272.3370248333435
271.3331253530683
267.4568526020294
263.88856945418206
280.7811875786219
282.0566415838228
282.35581481764024
277.6346726440039
277.3447690784587
273.3005762668793
274.79945288460135
278.2207532918538
269.8968346253593
268.61152171027487
270.1327333803726
270.5506661162801
271.5541924468347
276.4429858319441
268.59731064323404
275.68735154468305
282.4991600428726
284.6522326400535
282.60630204206507
273.9148402425473
277.3503331270684
279.1302046699104
285.3082322967088
286.1663920212144
288.6358425354146
286.5059637458916
291.1258857282332
288.68834308415234
288.3156688193496
290.22935268991614
290.18804799582193
293.55181554106514
295.8949307946482
292.97377817842033
297.13674233095196
286.97893382825583
299.4731548532569
300.7533315757743
301.7991043909334
301.0114368549289
298.01171613452976
295.3136727998359
299.6111929921923
296.5082397888191
289.2455477176382
301.3139540675593
296.4402286759828
292.16133263525955
292.7180345861676
298.26926502110905
297.99280444301417
298.0939582483994
286.5288656001631
290.25249777640227
294.70075590728476
293.3871106682505
295.0601801477653
292.15032832880655
299.99436354605393
296.6023111255203
301.29587603686036
303.30181320655674
303.3325786198532
307.1235274515444
302.20909332037826
299.80130364151495
300.22538745984866
300.85582793759374
300.06125757586796
291.56571288232374
298.0762948537724
304.4762085923929
298.28160974523627
291.2506317623395
287.9947712509007
290.96641558757267
286.4828878485918
293.3790415183282
294.1269340692341
292.58284628609783
291.7099106872462
292.0179669517111
294.64542813437066
292.4719941439735
301.40250011747185
306.37286425313465
302.99818347794684
300.58295086981013
305.54128415256287
304.7047741307669
307.5187194874314
303.40004798634277
306.38711207757143
302.58437196163675
300.24475694204284
301.27868893279947
298.2609506352133
292.60456452304953
292.6254452634632
294.45489150970275
295.09108951097755
295.3523876109474
292.3773415656822
297.16550395951305
297.26662995075424
296.6961359365505
299.0289817125046
294.88562596572535
295.78538199832224
297.42829749030756
298.29925567540573
300.60365501703205
298.5949149127666
298.49805592299185
292.7335170606535
294.2023169496941
296.0175073431688
296.11235307682716
293.78894952016816
295.75611798982897
303.82088490005384
292.25709476370264
293.71570551852653
290.16154638100085
291.67797708747696
294.20358642220737
289.82910018036375
280.1580540751498
290.47398806260026
287.45648586202753
287.782022134236
289.69706085004856
297.2481981015816
292.3624426575314
295.7519866964564
293.36536292167585
294.0060834612956
296.86596158680254
297.4840531750052
294.78947627405864
302.82257013541016
301.175479951738
296.0812792657155
296.3288319414583
301.464771631127
297.1678534129169
301.4491954313914
300.589424406734
303.38338231194257
309.53326234829774
309.91455264233593
313.4172948772167
309.28651932665554
316.76698032629116
314.92210678242765
312.1379704016578
314.27910300982523
323.9422711904606
320.2136679549263
322.7834021194997
324.58568538849426
333.81147930859527
333.9203439449241
332.93041786259676
331.0149270675154
332.3190719836941
331.14460904248756
322.8739905542601
331.8012842518755
332.4572685627734
332.75887416266556
321.6117038445168
323.0375515072516
322.5174623488068
313.1248525011891
309.7149127413821
314.65565783009157
316.05864844729246
313.9808838784061
311.45357952532584
303.6859140929354
311.2085406799859
309.37288726556824
309.295638443577
310.9280188981092
307.0757834223323
303.86092617336686
305.4742936217608
311.46657376072795
311.41712623297525
315.0064585447226
304.02628207415756
304.8505893716152
303.51872236615566
307.83866019777605
308.23513169835576
303.9159400875573
299.3138969091031
292.5127885980771
297.8981778896333
298.79007437124034
296.5105519995947
297.6946239765691
299.0561424136617
299.2047081481661
295.7887823362947
300.56718307198514
304.46833846187883
302.697488129865
307.3625230047666
304.7749919675946
297.3584985579154
301.4693958183867
298.07111386799824
300.6015431778341
302.14986191034063
305.48692778263575
306.9600465633233
303.82115874024316
311.2037282074986
308.0045725034435
308.429074840583
308.6083592440193
309.34710537216074
308.35422015259104
305.84905038358806
301.9197199253606
301.3482546880698
307.53428567169516
299.728321526675
305.91994402103774
300.1546619292812
300.05698987959096
298.6257174576699
291.59829781420143
293.6651931067809
294.6112712119596
295.2057058593446
291.8710661571823
302.91949385314285
294.079613283909
294.6019340031477
292.7058628564716
289.82769027879715
292.96911632360343
294.12062784935154
296.4985960831201
293.51280679316926
294.82974299999273
288.3622767176154
292.6569780470034
283.6870914259148
282.18587358015805
285.4712455223847
284.63842673894067
281.1590288045
279.15556669206785
281.6891417857053
290.8965754990109
292.0550508730743
292.5576873035446
290.8589318674859
287.4196722500306
292.39915042912696
287.5814948448689
289.4244095342964
287.840614166059
291.66633120794046
281.5465851157711
294.84631614174924
290.95015478826673
299.30469654011824
299.1483328462759
293.0910486556545
298.6219080657489
304.9868662570259
292.5996607939107
297.90880203324076
292.8117179146913
295.77594312897844
297.4799263775595
294.08321189990323
292.6207719119032
290.2476884551795
288.70212869127033
293.7495079542604
293.6523345141294
295.0541253484821
293.217729132442
297.47191472037713
296.35905839490215
301.16839484344507
287.7820972644398
295.9475630836037
298.27213083739514
295.4243251204626
297.548280265116
293.7207436998112
295.17977062420675
299.60369851830313
296.7224630040224
295.3050965721691
289.72999369873924
290.1142699796852
285.1836380256711
286.13851611567617
294.6756128686316
291.3933108026306
287.76085369546547
290.31365086523056
293.49406761167137
286.0730991514232
282.025152782001
276.78593413999494
279.72735561071534
259.5528097185034
265.2796094961744
258.057036157872
257.81639549033923
268.6076638284661
266.4179599143894
266.490384433357
262.6672968437661
260.0184954386872
262.5350433285774
265.64346215672896
261.60926639037643
260.3758430605038
263.22972620536694
273.74217460958414
265.13316078569204
270.0247522776692
275.4364185005013
275.1530033045139
280.4718131443292
284.0809991837225
287.0332840432777
294.1718901697951
295.25490632367104
295.9496237297485
301.22916846601015
300.5616149983608
292.4636759956755
299.98991651847604
291.02598302457943
288.06620489997084
290.8404669285831
280.65941910876154
285.7969433216729
295.50084678633567
294.5653556149153
289.5028375258936
288.7381312811474
285.4030622831574
286.8291803195152
292.6651839319524
291.38019691760127
293.9564955330708
292.4924669949987
291.54606200935376
286.2588276526203
295.11746657674047
295.81479685572344
289.21721098393897
273.4080174504756
282.5665881075735
277.0526135786845
295.645314052437
287.41787420276
288.59388635038505
290.53511157677804
281.09267989702397
287.5080144166815
255.8824674027526
286.34414769349416
276.9436888643688
274.2246170141896
276.7444515655839
283.8285830873125
286.3365140307591
284.91509280448423
280.27244149743933
290.4641744526355
292.1906546143954
287.7721233430829
278.5649341677447
288.67753000449636
289.08984377848424
288.51939391541833
287.0007124042146
290.8374943188346
284.41584002548746
281.2116165870716
276.77545362779244
277.9088557595903
256.832092277173
283.78639800813323
267.451037656286
252.84040553114198
258.5194142845026
241.79620665534839
246.95960104088502
232.33047728146616
233.49064698360738
241.92487268659752
235.07098884263752
249.07228207992054
256.136167004217
243.34902725741873
256.23845574015684
283.8344655618433
290.12395586855376
283.56196167344496
288.5750013443105
289.0689006316063
279.09031623199627
275.52076971293195
266.4035698859694
270.9548378780627
286.5197645797839
289.7852033730043
283.0985183303779
303.4800075457728
298.4493974997615
300.0728600130445
303.62205558379867
303.58360953028915
302.2229107817755
298.68490962419526
295.84449986357185
289.1628293158974
290.07160608248955
291.47605632944004
297.32927842082336
298.992782068406
296.8414862752574
307.86090333014084
297.0265327203918
301.2554435483751
302.69782337145426
302.8800747235142
299.17801866122755
293.28476365213737
276.16504509054494
279.4632878034055
280.7010548871628
298.0588723263742
302.43840721814297
302.13855862998366
301.6608360662092
300.3190984147258
300.1333996074454
281.6376896716626
298.6622240241057
281.65387716786864
281.8162444541968
286.14813264815876
258.220159161779
283.9551971410172
283.0114093698423
268.8608933199076
284.94505647367447
293.9463468072625
279.2221243125927
298.877449970788
291.7309610755995
279.99239663316473
296.217175157385
262.3223846766643
252.01054226649865
270.9818463750419
260.0683317980323
274.3759366729669
255.7865145125259
232.0653757628251
216.9705090385636
264.2409122513577
249.35416985368852
270.80149772428695
264.85438634037536
269.20549643312745
267.35500924816307
244.45770097379204
261.64827668386516
226.5083754634741
268.94913468918116
260.7359904003154
279.7597374865838
283.6033131680141
283.26538895844556
260.9250801553513
282.1385553015465
271.9103733460569
262.9980314477555
277.16647672503944
274.129150595815
276.4581402171221
266.3778116075102
281.5188370864392
263.2424447469868
256.17642416567395
243.68943427281178
258.47807073957796
260.07525883701305
272.34736427591446
256.41309136207485
266.011149267863
273.8865585944941
267.891520987509
227.34176514503537
264.3828080290651
222.52973908483227
255.80418212190332
241.64214512796462
232.18581790606467
252.50737155022318
262.33282039892873
277.99225296591476
268.71462774546285
263.7061552300347
256.4332479904357
288.38586656901515
255.65394940590716
233.1705041407632
234.66269472249556
239.9348575426123
215.59732492452517
257.373016494852
201.4757156429077
192.33165116549554
190.61845951163397
186.04223820819826
172.59333342042444
158.11071365294873
145.06479375807527
158.8949361191377
157.85203538214722
143.67954165034567
153.51387992581726
138.42811325974668
153.12334051128195
177.8796047092648
160.32486685697646
170.61747957263995
139.38005758394183
142.91877840241122
162.90068285057345
145.14242706752606
155.33504264745505
164.16572914598092
150.30547058380571
178.97186276757287
183.8541840895939
172.1055605425139
180.62120102524966
165.43571022365307
172.2599234236128
188.47364103656193
184.7507530104541
210.43924026029768
207.4349419630447
184.68577319206935
161.96036278893888
180.65844619366743
189.94858883820643
168.8548585510431
202.62423381058625
209.4183300652149
192.45913213888016
164.94454357525808
174.87892285579585
176.5513919920319
151.56270785692632
171.738495789675
164.0409322937417
163.13339747032134
161.54407764155357
137.63457310342972
142.66322406180018
137.84074002648774
150.8387564480694
136.07532031097801
128.81024184987166
123.5243498607605
125.26987162246064
113.26326338674376
134.65438357964746
132.09659623288655
129.33593764871839
131.34034134127796
150.06905301626034
167.0512076667273
170.80630978133823
157.25309768766735
129.69504501440818
142.84646993986905
153.83832674162093
166.53008716114823
165.82960938858062
168.99371734682407
184.66455464604684
207.91452220268368
195.75069287516231
176.22117599577606
163.17185575106322
151.7393516620059
158.6379575035246
149.15857261007557
164.63169291026702
152.17651004020985
163.57152954227024
146.5975821039479
143.563382486763
154.91084479366424
152.67511002209514
149.99040542741443
171.4130181127575
174.8886239301038
176.17551044456386
167.68663062864064
158.8200827200753
140.94127738317445
134.35701911684748
152.14140118669422
135.72111297275214
120.81134924763583
110.21989500267962
123.28548288475108
106.75526143830345
91.95512016792968
112.787416622025
100.41550303196166
123.01427602869907
122.82670331644232
127.60892742534253
120.7329055594865
102.39486978214097
96.01325617106026
118.64630349559154
110.85588958405668
85.9331079621985
101.21903394264791
118.86338247123675
99.64289926827209
104.07405275358997
99.27953183045642
94.04159236688682
111.78672532445263
91.16427604629179
108.27008970805507
118.00175983113274
133.18247311369439
138.09221449615666
132.54349869890055
140.11060606936223
142.6102153435574
115.7352192132299
128.1794903281427
123.08657036307747
135.77018077146982
150.68336077129763
165.80766387084054
134.28570370469302
160.07205923311136
157.27951143999078
156.36374738876918
138.62964858491284
141.3760922004079
132.35399475634145
132.3548414461553
125.08538289613682
133.75431958515523
96.77794485971901
117.76341583111237
134.05900050839702
152.6803648484544
159.89105566095054
159.04531876310585
145.61381857972842
153.75964769972452
151.98711044527374
146.77125216778472
147.1413710491866
162.53927622099903
161.13320902036187
163.13871215772377
144.13550297931587
159.2905957394592
151.19815247958792
142.4546428059566
137.46684609749096
135.64643216417468
135.66129174840796
144.17846453648082
133.56949242188472
148.69921152625344
133.37111752598068
127.07750064689434
119.96212215312059
143.28092661834575
126.1067362956002
147.97075724796704
143.50208341710342
128.80815713201287
117.41934351173097
129.0749041106486
132.81042080786713
114.16598954794104
116.35473241796053
113.7256623809217
111.45088383050356
129.05312346226407
129.9903942027469
146.64613766561604
144.5718177911151
159.29258802377674
171.79788427244944
180.0168005369856
168.37831180529486
147.08489590144623
168.35423017024746
173.05686585513558
179.69972045282088
156.19660491796202
165.91817951270374
163.41743696751806
179.44416912491835
180.2068758133095
193.34743843447472
189.0812890285319
201.64219752026744
187.6493823014556
181.01918081548428
175.95843618437158
151.3445025061435
131.93221271989077
136.70949884554187
144.03255662303582
128.0262119601643
145.47251657521375
113.65289169295967
119.58191161352838
105.57381504729928
128.72126215388192
127.98367838846332
126.52477595596926
110.88017814848669
97.9800911356768
79.58075985833334
104.22178111034687
105.72296642667851
93.06086518828728
115.91934513898485
106.6290849192932
104.21737748501691
106.20700664454283
90.4112548165044
127.05132596491671
119.26034647096667
136.48705701379345
145.7128906300582
141.68091008633712
138.8207232759203
136.33032884745708
130.58345149176893
147.9609834063922
133.6558447618898
131.24321541492128
127.58861579913263
142.46139829775007
122.19436986577378
135.71428261796956
154.50590975445357
144.35161161095442
141.2494976494264
147.1906011093546
167.4757137724509
183.6408728676512
179.83617471223837
178.93046944158934
182.92052867489448
192.99597125494586
178.68125942448088
165.49453809978533
155.3395916929925
181.71491784735176
192.47935531656887
162.06996662622163
180.13079383662216
162.91710279386243
169.23706422408588
173.69729298948982
191.85252581490786
157.87131785309188
181.64168856970912
176.5838206680641
182.9182967439492
175.17671292671412
156.94800189724154
173.7477843276037
179.1531169976622
164.45052048109287
207.00566953549182
188.28823090433679
196.83023771867659
180.15173635908923
185.63917047172973
203.8336388825622
210.3114871149669
205.2128046506266
192.15088482582323
167.4316632955322
150.60025025449593
137.78959029717132
156.6367194916349
129.9170305260276
148.9108547374195
126.96963883142129
108.43416151381592
83.35030306672668
111.30268927095558
122.87644421532312
120.43823063860155
129.5335304796506
121.78987534000032
112.27549877057163
98.47019970957416
134.52053239009285
113.52628828079035
112.12312386412107
129.87223609053407
133.06459796167883
146.43686201285126
137.97266878070934
141.12810126012727
137.2823104191999
135.82068235665278
133.62290547461976
107.69447534110745
120.57020865490784
86.26799967067446
118.09667026593964
114.43468967141813
124.3259876852146
121.61245746730138
139.97995402056262
117.7630001051521
136.46112834127237
128.49817627268038
124.72153532308795
140.6436918472895
142.56992517722725
130.30207029877565
135.69467267878403
140.43092902839777
116.86893253918494
109.99034578317242
120.33277948407007
122.53401123537431
92.66026275869197
96.53896416847826
104.75117518788068
121.92695763724657
112.25161207742795
133.32803041502365
124.59167685058951
117.44781340555966
136.63331704331847
146.0425982788899
111.48695054585393
122.34103000987787
109.71422171765519
107.27721320038805
108.26654892507608
118.92213480866299
107.79290059457415
116.83384012554575
126.44567437446489
132.14610296408492
148.71618393710298
140.81164132337545
153.9149047262628
154.80304505896305
157.77050013476472
146.89747949559128
135.68797607499712
127.94390959172178
136.1384193175005
139.11727021960905
145.14621042137688
160.68885480569952
150.58550570370764
153.91349061512108
159.31296709781256
149.86836132168864
149.20171917369458
154.9446671494119
164.79089514037258
140.87783236755368
147.68430466820777
113.1656587730288
121.30760289344623
120.44858207830845
136.9152069570114
124.7601498248834
91.30108036302805
111.22066355403082
123.64304167168731
110.31375560443598
132.34080715057053
110.13498539821329
133.59745764252577
109.30177213620934
95.06719931467784
121.51910762728505
133.64730610770562
108.76144412844621
111.52334401892215
119.29808750734078
122.64490425289202
108.74866297543116
124.31599283887623
121.91989664752117
154.9577228568002
152.5572890765192
153.40947455285783
139.9389389238483
142.0011258051985
157.3118650170013
140.24080477323307
144.40125208165517
130.1733333172464
143.56397990930643
130.26164227205237
151.12609519723702
133.67630728626546
131.94896740608456
151.69972184873075
141.33942554061483
163.6155231813995
143.09509080007803
198.953094730572
179.04396426739157
182.85987379746405
199.46507785524366
187.24101687221886
186.63098513191414
189.14355779623872
183.45948754056303
177.51264741300236
179.07263460067662
184.24634948959996
184.14759280529822
166.61114499569814
178.08455786119708
178.21855965025225
186.53875747713633
159.7850487809833
166.15237535840197
181.12084191195348
171.47432253980318
147.23839503775935
187.49325953597312
177.46691874221946
181.2079968843065
187.61053705599963
198.74911024350976
201.63125125211914
233.80779165589817
186.20195648060712
206.60674054831287
168.44533291362072
178.66365371030136
141.233251087575
161.4043624546703
167.0662408786854
171.34464158550136
148.68400962260978
139.48036474883776
149.92138807497057
167.77192818920534
143.3487231271192
154.77410352001345
149.13235757369978
162.21479482373547
154.11693035252995
160.18041874037215
163.73421699681148
164.8195864326343
164.1254344941349
173.69980903455004
146.08135702443724
151.0861024329308
130.64719501910886
143.44394789827902
143.43695452231265
132.86208828220998
132.73875304826575
125.76732242110671
118.32543989653955
124.83253580239054
106.85978500574959
132.230822486492
143.46868309338825
172.4235427407846
169.59076915321123
168.28213076759334
191.7634057782295
185.14530645564068
192.00401898088353
191.7049134498997
204.2472482653557
207.25809754106365
210.61446845905422
241.31710157850887
231.8642782163259
235.6549330671248
216.86018550949163
203.1044728326492
229.5513666337275
205.74756047162913
204.94451927734585
168.09989800021305
185.2706690511669
193.96535519780016
161.36965184135488
182.26568420390277
166.42046122469225
156.60720417596235
163.65431245438796
178.20623952133283
171.8968224911682
148.11948863136587
163.29326812357476
174.8465098916614
171.91525979035984
188.43266525261663
158.03684384476009
165.009494426288
125.27530611105966
147.89048567633
124.78332429830812
126.90022137198856
127.4458410370549
130.38711690806892
141.41121494832288
164.8887483478234
159.99744666902333
156.50792376219277
165.52758686633024
166.98408085694865
139.74103642172872
135.94505068543126
137.21921285704215
137.14704937695075
118.60438469690756
101.93936342115437
123.75052612740427
119.81178299309347
121.0367597445682
126.49778723739303
127.57409704013878
145.42954049531238
118.10858484003394
127.76074774237686
129.75942755412058
138.05916351763557
121.1978025376025
144.94241361702598
152.5557643764862
159.98168418562196
154.32391019749838
162.83421500592556
165.71666927347133
145.70678356406816
146.8226773306771
133.82479527957622
115.96630533079492
95.42454270986738
114.92121679194645
87.02396761280681
112.86596947098812
120.47546623577622
101.06583682344262
123.59199593793369
135.045621087551
118.8434868976538
125.2593669979095
139.05567588995012
127.3395365361992
136.44468940128027
143.68555956616032
133.6198679831579
154.36668972205806
154.8886942607964
146.19299302210183
130.78164089753528
106.9076653921647
107.26759354393175
108.71735612768508
102.92982981000205
97.86281964631763
110.40474045270756
102.67078498227497
120.2703362602598
133.92072006565752
139.33548548495628
139.30560066265608
135.42939306401084
130.7353234891433
126.57247636505126
124.14922801313756
104.54215972618314
123.08108694836679
133.97241990002007
123.84850850693358
144.64709148055695
143.5482496078796
161.67147598916762
145.4462726414876
131.20066003522632
134.75404626887362
139.04129442502003
139.00991782328572
135.90385404272158
139.64528971698402
112.8263895731163
122.88145785301
114.60729487664302
110.70015547519395
85.87064949726596
90.61420333862998
75.30813402723422
100.69239959017632
99.28026987174681
114.58794074944394
122.86590831545487
107.25908917462812
120.88990312701871
123.00750276205667
139.12877939334996
132.11082085249112
122.65769531679139
107.65221513679347
118.53293085289008
116.88907320695346
120.25624696647417
110.17398402814294
118.05661992738737
131.5329452422484
113.18098581965141
104.97787296373232
127.33306103867876
123.13639037696318
134.28270197049676
127.62336933906727
136.3062811273383
113.67202300511155
120.975856519914
116.3164672148928
114.5870333500157
94.83722633930466
108.72104089319491
115.82652873890831
107.2457577264709
118.48476966819028
119.05130992465871
96.58270536945399
94.9733001271746
87.41357921968556
75.30221602223169
104.80987877823127
77.41419333876739
120.60465797446352
99.97902013033512
104.17174622738274
101.14566431919873
116.652132997754
115.38490215080527
119.6960340106
124.15022280313255
135.00760283797743
156.29293037781835
152.06732443687127
137.5003426791801
137.65158358549309
144.78162098248117
143.57978264953113
161.51509158674898
170.40465870563278
161.46019121454268
158.5599496800702
173.5472127032675
182.31458474205357
178.18616497165095
183.2955699036322
174.30086840487922
182.38894989553523
173.60909894270063
188.3638614193314
190.39930833044838
183.43223110141773
201.89767251010295
194.75348681773255
201.59457169695074
195.61645440123087
184.8627014522652
198.05894014648567
195.10832317842465
182.05504732447275
182.57336002743077
166.380156380471
159.66925513419437
157.18588605161767
173.43849644953536
149.55472201295015
159.3892072850404
158.40903715219463
147.50116568863263
157.5525306170083
166.12431637643687
163.0350214080931
154.73538744620538
176.73521693871533
168.44641453847245
192.68874067946652
168.27882410980044
163.39406934835526
156.66880953580247
161.02248749979543
153.90606161683564
152.52996375166126
128.95146465599544
106.31209998941809
100.38500590396146
102.75795745273625
122.99346326348278
109.01126081971235
124.85239706249595
127.16856239935741
115.53306560929848
110.619583979631
104.1382316422017
117.31204345828813
130.3818764278314
126.74391682340837
135.15260462662198
122.45054646562828
132.30479767209118
148.44248129582485
138.7461948303956
151.1234932406373
169.61310995868453
171.80175329445882
167.2339555227037
180.92452699101503
188.0515749254259
178.3771375649045
186.6367783507046
199.1740334198582
199.74524035101945
217.57310012182765
206.7410013257406
198.2413632116495
193.55534834655444
209.8262444553577
218.2219135599784
214.04036108262122
190.70276259820125
185.2068702872239
184.0745965572121
162.57654215600252
177.1007175043316
198.4973074356279
181.7250501475776
190.4899505661278
203.30680643251225
216.11867348631884
197.70061532167307
197.9096682815222
209.26541225757418
180.4867670269736
209.4838156008361
215.01666103218292
197.17658625146572
173.26019837238005
180.2629914162501
178.78748157208497
168.02846993949257
174.07078579234965
150.65344803970467
129.63064589578292
130.50243333670858
120.90827328890568
130.46069822022923
122.51091105955051
122.14093031745541
110.70282318776789
110.70888710553595
111.82103759830814
102.75162809750135
93.45303723533443
96.76142386836572
128.11529353260136
120.89422824677104
147.24137855084604
137.7023849551331
128.96710210268662
145.95018560593817
136.5927446976259
165.16812942694176
155.3263766209358
139.8138779425994
184.9911698287899
174.79289817531273
198.37284271197933
181.38794269089536
192.4074508634133
177.45289294205799
167.75091923328222
144.1121657097045
154.69717173677284
159.6440878646389
137.690675754223
152.69489825755602
170.61359951511585
166.78829975821256
169.1039880812184
172.63327930642308
154.08600118402268
150.11599921480732
177.29489128332904
172.79776741983196
179.1723031180043
185.85907952311786
195.9727335728493
180.40773332305216
183.72431428411454
164.19151134016624
152.8512571939104
164.5381771428009
152.87497923558578
147.81675487068432
146.5099999838517
126.40643185464532
124.7766793094632
131.25893902862106
133.09864934985828
145.14006363511334
129.4302174045716
122.00968103066965
122.38241185079752
137.60733187825826
137.58632092711835
140.90192570105884
121.29631046777499
113.98036978940095
124.07337103239983
89.61159788146527
121.448310013113
93.53637816041783
110.63995214649145
130.5429559560025
115.86245088353112
115.73789068053806
113.83427559871392
95.6876592490884
116.95449241686943
129.43630908696304
125.55722807133111
134.48066104514947
110.0024909574133
91.7144589922016
129.40260940484347
113.14702779792474
135.02640811732482
121.02732369027382
134.91999388844403
127.21921009186781
125.64852172660652
137.81740721357176
140.68560121597315
155.2283068132321
140.73992207785537
107.59488468602821
113.02171534953976
122.7913274852286
125.42102707681477
110.83316816405929
102.76272805492775
110.36472536194393
117.60225666715566
132.11173817053938
128.4080599462927
127.13524115555316
121.2136017571393
116.07554373180369
135.37738985413694
146.75623829005528
146.6112348988585
160.59122414542446
153.38379945391299
161.66219098027167
184.51571731537575
176.30561865078022
175.51573601924113
176.36265157827762
166.86570821798736
183.04909212998714
169.28461751879854
179.8345204068245
169.1361185141107
190.53102373950077
198.56990170062622
199.99413989216913
202.74536334487067
212.83645336958836
198.65203633173408
195.86423368578264
184.27393304486787
200.98997619826537
180.8271889958317
204.00424884919914
216.01867717049524
190.2984378755376
171.03091970999327
142.38038647490768
142.8058870723904
114.01388142240037
123.94597518965466
115.97403325840932
109.68068912138429
115.76845408695593
99.16160148728932
126.40698927469828
141.49151961100563
139.7436587134595
145.7257785710399
166.4042525772945
187.82323497483932
175.93390987938525
189.24580072859183
211.43795547567416
208.18111722268816
240.94464780079704
252.2601577497655
224.06079819366522
228.42151846339416
222.29141259234075
236.13694530056773
241.3207185616102
234.80638941584093
245.30099008509987
276.79003046845617
247.31280389626428
273.07582349460523
259.4552850670586
266.57961169348897
257.7552204052845
290.6675883269439
282.40362346833155
265.209759784331
257.4003861581068
257.1642553968806
272.622772025307
279.0839671753206
291.4385037074716
276.9617515508113
284.04318225471985
290.50520231825647
285.9193192882335
286.652252483614
296.2911518910459
282.2456671337666
286.3901516371292
290.8851907091918
294.55844419137594
289.4012712940227
290.79804804384156
292.43207486690295
290.8751009717847
291.06392664698546
288.0774961126986
290.6086036382825
279.07446056645523
283.786037862311
285.53756142140844
288.5643299541774
277.76732315483804
283.15005559580584
283.90490093980907
263.2635358820372
286.4233857727329
296.7521658481773
288.3601990625468
280.60008738086367
287.52467664647486
272.5662509969707
293.0276489486798
290.9668049031196
292.4570614867362
291.5566355484656
309.2495079486265
296.25818866622075
293.9548254010101
291.2107840203676
283.48559543063175
279.8686101694697
288.8519670492258
280.1862328755309
277.2043806851689
257.3881660759497
279.89517725402817
272.0650779405097
275.18464905478703
269.36929907965435
269.895333260787
269.1440487813806
251.29165257806605
271.49487850073865
258.1562456451305
274.54012226664173
255.4388570462287
274.0188299861451
251.17756266170116
293.8368292238001
285.70169674681654
300.3997264243276
287.19350572239364
291.33499177543234
280.2489680513811
295.21487285519595
286.34648005668305
287.8670104716151
286.3044936045652
285.8724710730705
291.9753437367205
281.7523058048559
292.1877312395832
294.3296711193552
292.29755574914265
292.6454732782661
293.8904846127295
286.669043482279
296.3882516370192
295.68425475972424
297.7201458250921
298.8344324558081
296.5096319648483
294.19055851631913
307.19108501253584
306.57712044743283
307.35620627344434
310.2242989125246
310.44295484306235
312.40871685408496
301.02462103925825
291.9780586532148
295.6895449979025
300.45396556852086
298.0666447881148
298.87301849754874
306.4654411385358
305.9885840592275
305.3981412901405
309.58516419833404
298.79490683515115
297.76559522826955
303.8326818015852
306.6524467545592
295.9996016585893
298.925466862202
289.83491635825555
293.8426693491209
292.41715682841215
304.6622310226415
298.78353768742005
301.86988277821723
299.20293135950277
302.0852843468845
297.3052494567093
298.1016939369251
302.45552638937835
304.6142335018608
298.73849644884507
313.06690468501904
311.2717974775222
304.7755497290286
287.4459193687385
298.7362229866693
304.2099513181644
294.9534153361468
297.8818368456398
295.7148326123806
299.04987740486024
292.70067663667817
291.15625291747676
294.05929237604806
297.25135860666
292.570286217702
300.31153670173205
301.14406528552854
281.946810213854
280.3498749150385
301.4243839224035
303.2721396702581
301.95607503182543
295.46734588966643
295.0137993538513
296.59468083734674
305.24088048257113
302.01457393700906
301.7050734638832
294.43611274023914
299.6677103361094
302.18398062166625
306.90260303660585
309.0106557768806
310.39817904711146
302.7578651894604
304.0374448327192
316.3276974966258
306.8296913013885
304.5019472410026
302.32026565022204
302.7473638903689
303.08572040818115
299.3305183776147
306.320816202522
309.0220092862915
307.14154811713223
307.8556357715798
312.89233957104966
316.1344197010409
316.94285674953966
309.9541653788829
306.8986586034692
310.37785126133343
313.80557781371476
302.7134530989084
302.4999110206252
308.9362679905849
307.4736163481241
312.2419739039674
313.00811118214625
308.8212131091317
299.31713432911647
313.86138503431727
316.59619638750735
316.6392212221695
319.6764121728266
317.3857353645305
313.5960769245217
316.2102550440306
307.71968722951345
314.83772479750155
310.381655239211
312.55308634338894
314.0100000473552
319.3108215268909
311.3396465996198
306.77204713062815
319.91135055994175
312.1284556509628
311.9504514133314
308.94212383067094
312.8226549416322
312.46373824603944
307.88766958904796
311.1471182205526
297.5727012323128
297.55243973302
307.6470673814534
306.6492545818394
295.02637930031693
299.1065627410036
303.6048518815995
311.21271522911593
319.42191876604187
315.1061127115763
317.77926154852213
317.736388709148
303.55223586147497
298.6889790908057
285.8943754331062
275.7334245676567
303.57940883114844
274.00887600713713
306.4065631972053
269.1272497561109
295.7909561893487
288.51161357074795
275.0981686682322
288.9893180963842
280.69385092215765
289.76375960989475
274.9879580661964
270.55265426837843
261.5377768500027
265.2746403022353
253.41439982046407
252.14299372814696
266.03330407168517
270.463046738094
247.32084585248396
236.28404480424254
254.36824280150617
244.5773050736603
243.0447186640767
216.30468625127313
237.29245848634142
260.856223857067
273.6416469441073
255.8919810672689
291.68327123730796
264.450012703475
279.96869991306306
267.41023543774884
286.37951575319556
285.8708055425005
272.01649358667345
247.2315990876723
285.6450481151293
271.2476765210334
272.0615901336497
261.39699260464124
279.1610276836158
277.7689418880087
242.08258884948336
244.92042232861152
276.2636925886104
297.36925992819477
286.65310708768766
250.5437613376377
260.8785852599467
282.721480750186
291.70357099307114
285.27217045190616
301.6860516086077
306.1756368533326
308.1289389698767
286.14383375918237
299.523060926448
304.58708249513234
305.13431134495585
303.33521949792924
303.8588887329633
289.81410521666834
294.1995089720533
278.0179983555845
289.0886272354778
294.55821058944815
302.6092620061569
301.6728941267689
287.2039030249127
289.74007918249777
292.6391731968815
284.18548228582443
294.871383853035
293.76266957599006
295.180213084361
295.1058462190823
284.3062134072226
302.5194812288631
307.9566904949737
301.35046889009135
283.4330342757977
289.242633030673
297.7004242309561
302.7252026623136
303.3476423067697
295.69506451062966
303.7036109355942
310.38182053545876
304.81774794117615
292.58118585099373
304.4602910723823
305.5265903534124
302.675472616588
294.07520379466075
297.15216245873853
291.0990688369512
304.85494575592446
312.3343843247023
310.37573691972074
313.3849297638554
314.63840010689927
308.97367420595475
305.61993633875124
298.74111174655957
304.9110331642551
296.80068077327485
278.67567221219747
278.8135942182887
297.52401647340224
293.90237539213
272.8715640750498
277.64089433625554
295.2245640069176
267.8191004142867
265.35392035065377
289.28256086437324
299.2759833766451
281.35475544442477
260.4649307067113
296.4071648856291
284.94060185954606
288.9283594817798
296.43649972240354
298.43866306611375
288.66807675939816
289.55303843915704
295.06773321763444
292.4966952903031
292.5827971062002
299.21812089304376
301.781625952605
306.36782212184323
308.08792755732054
308.88265498112776
301.10592830997945
306.2066212980002
312.5916953943528
315.3086844628525
301.3362286424144
275.8709454912902
305.3330011395371
300.215361421449
275.67954686687943
305.9860969766694
275.2750372386439
302.73896702758634
259.8053576795497
259.1853684838286
235.0503183293523
250.7633629826266
271.31325703570184
291.21644115587776
281.8674162883904
254.72375710461455
285.56437834162324
305.1951258293234
300.9285715966206
291.30044513190717
294.9972497299289
288.7395710656536
283.9865667108625
291.9427407080233
286.1861541048496
291.699929782029
287.404963566148
268.5397898521019
280.5502710754888
268.49525129556224
282.70642336258766
294.4210859749602
279.95537993439336
275.73393861332363
285.0385253998125
271.9806529443384
286.49881302695576
291.8571722064335
286.9892892673316
307.28370711926254
299.1560544385772
290.2798748328437
295.0225881138083
278.8486137127148
271.64059079554846
265.53812363263506
253.810576531578
284.0749469868386
288.1467529091402
286.5117785546172
285.401011056011
290.9275517992502
289.62551203449163
282.5201669143354
293.27773693741574
280.30208207787473
280.0757849034384
288.35698842295744
269.82093591080763
268.7355356810574
277.22147713283346
280.6942684536008
283.7088400118803
287.1709357220081
279.694243106671
290.49755814079845
269.42893715462253
284.4051114304865
277.9384790638608
262.7462088346115
260.3510931379113
285.52212651134704
290.2140174095775
291.04318968175505
276.6359513339985
281.2841525381216
269.3551410546845
271.61583925341336
264.68851527691686
262.11414618827183
234.03286067734453
277.9136285443645
274.54159620948946
252.89049638814157
261.72644307089735
265.91431868822104
245.82257264326867
242.95702668345103
237.6990946399284
237.5846318456552
220.46119979517746
213.23948632833455
204.72722845422805
191.49159454898012
202.19892336308166
184.51925980417994
167.09148674423804
161.79785393095096
138.72486560886998
142.92149442270699
168.8680386646691
154.67921328624652
170.9062814555781
178.0904479547375
186.7303995820931
176.52159653244672
183.17619639311744
176.96780544628106
181.7482201896284
197.47034475006885
197.6046871792787
185.18913658118927
185.89377066540592
189.59309797893198
193.27016174377843
192.73662989750397
210.00057911052656
223.33038318065294
249.02536153854075
230.09428584689877
237.35759975191462
245.36711586543106
224.7206315699071
252.06521494033578
238.33529745238496
250.84637075918332
217.86101948444417
219.9976735741403
223.39168731227582
244.80131471703805
268.41825616755017
262.7176471842169
251.50501743250925
243.87074278547928
242.4642088194369
228.82438446325034
241.3080023460851
256.06973899506585
244.7148237309211
290.7199689324903
270.03684479615646
279.294504094857
272.0481019174019
305.3022228384474
275.1994137308165
267.41712868986747
285.96950096151426
253.86074779863608
271.5698316427709
233.68257684370343
264.9117201523901
252.7864065659322
254.29446138075215
253.41063508860495
270.17261931914334
293.4410992395124
288.89281588594724
292.80801740309346
287.4084567044204
291.6107561955103
290.283606400158
290.596109596203
295.9753432032424
296.4843310865758
307.3413026008822
301.25507056274034
287.5967222832818
294.00280812672844
294.8446471142811
292.3818279682895
288.50319982519255
289.86478480924995
292.89001088244635
295.5494406738221
301.37890474540956
302.71412342671726
298.91125421623036
299.7889078484864
303.827060311399
301.69630047935453
299.47422173166143
301.42680443554445
302.06884382972805
301.8757493317282
299.9644464834002
302.779661131731
298.0097098531024
294.09727861102965
292.261394851055
296.5988165621637
288.77812745262077
282.4219543753201
282.4273944323564
280.6201946556316
286.03439516108193
283.86980455161694
292.5277412627664
284.7900522611876
292.93013854271464
300.18074164455606
290.08008595908814
302.7096237703878
296.94931616823624
293.26232965894127
298.84499117715893
292.9749825734772
293.8968422265124
295.7320206678394
290.306827488422
292.08560819077417
287.3778127749426
292.1079483930503
296.63693700308227
292.8149083429006
289.5613122675472
295.6773439051608
296.39378288318335
303.08394929209186
304.398396261293
309.0496926230621
306.74635156503916
309.2496973044619
313.0506042273314
307.4752725472357
308.1248829153335
308.67353104554655
304.88434693914184
308.50373911359026
315.241695395059
306.7610944941174
293.01821278375047
308.7096831153883
315.10002297073436
315.8519751251213
312.8739071092777
309.12613167776937
298.8952888235386
304.8898669002293
300.19478205249874
302.3841643155008
299.7975971835525
303.1572449360091
300.4541383122948
286.5394701322525
294.11568035187935
287.6060578602416
290.11919498044114
293.0402755089143
297.58063999664915
297.63304103100825
299.91634172714174
301.9172627521064
304.52642968899494
309.86556943527137
314.8799938986114
322.52682646718773
317.731842487561
305.9765292872407
314.6986794818121
308.4018178972342
297.0899332159257
299.48798855516884
299.62609497998784
296.63687253752937
299.11924347667156
294.42458273956225
297.20719997027186
298.7248347936376
302.41915155980683
300.8711523565021
297.4442880110816
300.32935011516565
303.3563196675634
301.5773630901695
303.8713435336666
309.95424152761296
313.1763454906814
312.673545078095
314.98263489566153
315.4965203122994
319.22838485853293
310.5671173565429
317.44250670998025
315.0715961251897
314.44666994962427
318.30874874752993
310.5011353705057
311.3579967767937
315.2055601533705
307.9033559525726
310.4224584351358
309.2026154190693
317.1015878735524
310.8473143805802
303.607803000708
309.0407694777742
307.3910978554503
311.41124450584374
312.1736724141302
306.8316448474931
306.60029607095163
301.03354726484736
304.34573568084534
305.89481716333876
300.9615500818361
312.946852431062
307.755573988464
309.6803378853706
312.34656478680114
293.2436515550551
308.2446558016895
307.18460538296245
304.50999756285165
301.9105841268927
293.49376553542237
305.85318065976963
307.35496235963774
308.2071283255786
313.6473775856184
307.6680198668017
306.7256800013276
315.8910146319785
315.20020091543483
315.2817192669093
316.50620477750215
317.03780600505746
315.0770888638105
313.87876234240457
310.98199223371256
308.5308746566593
291.56551733174655
311.9437930166647
302.1785809697461
303.90780051094646
302.229398864613
292.1896192790324
302.73840670878093
306.8749077148518
304.27226601675375
304.1366316012771
300.78490170987993
289.59603625369766
289.26352741431657
285.29665278928354
295.25653245516645
293.6801045390358
298.3703931632321
300.71014217456235
301.80935780653283
292.28636622514034
293.193189127235
293.1025785727116
297.3424610831114
283.9435212102297
295.93561616921596
285.7660740626888
288.62510270154655
287.6066674573411
288.70927433698455
294.57505956914224
296.69208907588137
284.76884201523285
279.80520098020065
286.38640811930605
283.36772802459615
287.6401538524704
280.6470450750494
282.9499940501987
284.71960715901844
286.48302096264047
287.5210854193061
289.50651868587425
264.37996918485635
265.93995178043116
251.8548873678999
263.07552364212114
279.75088062668124
265.24098069787954
246.58238286633718
244.49962697899682
238.08583720165637
249.17285610469514
240.9497863511219
247.53498616917676
242.0142941742555
241.64720182903196
239.59179696792253
224.66674907024117
233.9217081815874
221.64634256562627
252.8477960948164
231.1569322828677
214.3360219023004
223.97394093930063
240.63827340165108
254.63357679472696
198.41998066178905
249.24055125070007
255.22384755615784
239.74275420237848
260.8378957723461
260.633966783547
228.24567367419382
236.93092140380227
228.8817259026748
205.9166832683341
215.40626782379425
205.01796560964203
207.7332320690963
240.56419776320695
256.5346956187655
227.59149702073216
245.87230588277333
254.64511586890538
247.45932685025778
259.36191030006796
252.5195955979496
279.7314249602477
247.88619196501332
289.43272632278564
285.0041156267468
278.9848333670832
290.0942899717238
270.4297161321776
290.66531895341416
259.5091060323247
286.5549537759256
271.3556870742387
264.1678551674733
240.41566354161307
277.08664254951805
253.34631078288913
293.2782370851387
263.20660768301354
252.78623654271206
277.31705720950856
253.0547722855284
252.94210366329892
267.84430094083143
237.72962170366242
280.93700720000584
240.6659038351383
261.1759912352993
268.86141995799665
278.77504158680745
241.02686939445246
281.04643264663923
272.97553670099876
323.399231505848
331.48912067959117
324.2578330286913
327.4370594846967
321.6796322379499
313.4913279346287
309.6459129490099
300.3278229143167
296.3057865837273
289.6459187679291
277.63706708503673
278.5853177506284
267.0137442757267
275.7756573580978
270.04168638417633
253.35224445886365
275.9268211783842
287.1436100966184
298.74581771782545
261.2404513568264
258.4086981699215
259.40312979706937
247.67722617275808
253.02856427579314
249.19660179118222
266.7572195572322
252.53789392878895
261.6395630414947
249.21390201254587
241.2743825460463
258.2641745411232
237.79376757440193
258.86590141645286
262.32127550150744
229.10030796023878
247.81998111275684
260.10482697149376
234.08648284516227
275.3982052077045
269.38976666722004
289.6300294858555
275.56530076692303
285.47890224850187
277.5315328875244
255.13831673583655
247.0175406978127
278.71477004486496
239.12590023976364
278.38997257265163
269.98835433091676
240.16567250455677
241.68442073193617
238.7176679497369
227.03100513811364
208.44238454168243
213.07297676173454
218.96150460472714
201.036707992069
209.82444805236202
202.85474499998497
227.43847496516625
205.15515320126215
205.97914296364155
212.1800194354241
204.51388049485192
207.14025610055438
209.670420287266
202.88112618354236
194.45647360532666
205.76591893328367
209.7809913575835
218.3486549631097
234.17700434797626
232.2882874645344
226.58746126751834
207.73122219724107
183.8119990385938
206.4161793900912
208.00791595336187
196.044154500382
206.3184794552254
226.6318659059582
228.23557639176266
206.37788273466936
231.66178862315886
243.71878646581126
237.0845768160278
211.20146233554138
204.48997328478032
172.37494643662023
210.95965961460175
210.24957513438198
187.62954542930893
166.926013721243
162.45936622623395
180.6570207655995
189.17176952588358
170.15332262203765
163.39531474149956
155.09036635614314
169.46839129827805
156.86259874907097
159.1680392088001
175.8424228326589
190.7229789470852
204.1238413311458
213.12003632053833
205.19109751483919
216.67754316742622
205.19625006614015
210.07240109883048
189.05971613688595
185.52168519242838
194.89528784952483
174.1675845378164
202.74611044261565
181.7951518719435
189.08270551633288
167.43642157902715
200.77514821197542
163.82627543010418
196.9577082808233
173.88921270650957
199.19135985765192
206.32220339548954
202.82056371496407
212.5153344248065
224.88634300885892
214.40208912344386
218.32210130145984
216.81038197416842
233.6980377693725
228.8325124662527
230.3273518028917
241.8103742634528
229.5110235970529
211.07539899079234
222.29289077637046
209.74974048956764
200.6297238381103
211.6754653544412
199.69121880346006
207.304278497906
211.19697764298067
236.16454410710412
237.0750940618389
229.68200878566802
248.0883520332461
233.8501628665874
203.99715009002298
218.71258536058576
225.95892840555172
179.9669024680973
192.559320529054
162.70880275930986
191.42310931474282
176.37927111701336
183.95526830096173
204.74360928192385
190.02917000634275
205.31814531165475
167.93107205638734
173.887007308865
155.11105924050955
156.02573961409047
144.1475481519539
122.9532559442682
104.81720171857229
123.25406802439868
119.07500237418547
123.12101212955659
116.78834852435718
122.1584100687136
139.64168933239378
148.70978668380457
133.69995192361017
128.10469783817112
117.19937378796398
141.64095938376389
126.90248277386651
128.42866937583997
151.55720172888624
169.40537512977932
141.1445767598635
172.96875829391465
172.6484874490152
192.39632803809494
192.9291154374643
197.47507927897306
186.37058949166695
197.98304801511082
191.64576046023922
209.55533314159624
196.1344845302915
198.57544923817915
185.28862584011978
189.99344757281733
215.89254060864153
189.7536795049218
174.6256784699298
180.58165194281355
165.44298589828054
139.3671670763668
137.19302748768123
150.9062421292603
142.9864745869741
123.63290770041141
142.86407396761982
155.8160982838719
147.59014661418968
157.7341083725424
155.65397023201552
143.44589482240428
125.4988777621814
115.81915224341893
133.94598700630107
131.0240355478686
153.62890853944978
149.90696899909398
167.74875801328997
191.39283633697733
201.08368329647362
196.34001689335727
174.44544791668437
184.9406811472515
187.33880191939824
190.242757641167
157.7108482557566
186.80243248422127
203.083586122749
182.05465178652426
190.02176218838088
166.3431972715067
147.49847473217778
145.5721107852102
138.72243180409308
137.83740916920465
152.74464066009665
159.5949239262661
183.8795401494901
156.68140510453992
172.83256562409696
170.85524218085988
171.3476785734656
130.39503218084081
152.99340043860232
175.14888464763453
146.51684500463472
146.5693721149886
137.65175901437013
143.64407979770678
167.8556439137488
161.69868079164823
146.6109708064779
156.10706389866726
136.78735306896576
127.16122193200287
138.39710208644138
141.27938852015757
142.96900545183556
133.7535260741719
104.68803049410451
112.04140428827881
131.63378244602737
145.450666399931
113.9895639164536
137.00231810088013
124.37647729541922
103.88460493739682
119.62683218250366
145.26043858970175
128.04259069801074
132.54950592279314
112.26640771837279
127.18834213045379
119.20641052579865
113.09480076253803
101.80569037493979
109.70296416119294
111.15206862398466
117.51369578071467
92.47159737034157
133.325842691802
122.96550205712364
122.69363798129521
132.8403180489852
151.12916140615067
144.30164809244607
98.18592125782651
107.940778169263
106.98806838020488
156.21492818032527
178.31115747989386
179.6297586631639
156.72437620280274
153.93622890340177
132.18245242937417
131.57886503044273
142.35351228281738
140.12106806423589
113.64587555348544
119.3482637653334
112.09038149949451
132.38037547502051
115.74414581808708
148.15362797435236
137.6051062004069
144.9906371322074
145.31355542102187
125.55709643669776
125.1533164946439
138.77588317861827
152.32767761945826
154.52402218365154
162.9565682599173
196.0879380439551
144.29989945948145
184.46263463716204
206.0235435862612
181.595626641479
175.2597717728711
164.60011866156907
162.3741184792568
131.63656676290006
164.95569390458647
165.15900486542546
199.02991491165005
191.1672228274792
207.0472244672028
219.48211931964283
237.0826993844913
213.66811459721072
218.558707245668
214.38032900449642
212.8239684865336
208.71242267522075
208.33909721229045
252.23917776883474
251.96756874614874
266.5515653325184
257.04297829752716
281.0602745968525
274.57342164633496
231.75201331024712
264.5140639369356
264.27742180391954
275.83504547795735
284.73878651895836
275.9004319523012
204.94751717911183
244.0833335750192
249.7622041966332
225.74693980196673
227.20312682904768
216.3736378368146
218.4809507425015
232.4140596962913
228.91565245067477
254.04977593753654
252.99542796079166
256.83819970357047
228.50550971629266
231.18675493715008
211.4509547076351
235.8653525039744
235.31981943431717
264.59295621382665
223.66919544570936
223.06374118556445
212.10675880391457
218.22865093732872
189.2030067380152
200.3233251433253
189.98826689418476
164.18453352271078
171.7254432301861
165.55500771971356
141.50919439584098
99.11702534338514
126.4258397157853
110.21437299970796
120.39725260956632
132.4174722057196
150.89103002197737
135.68780102300036
140.311796294459
126.22284461769847
124.59487450488287
119.05906518480512
147.49463835051316
172.26135020185401
140.80023050299818
133.36699455632632
123.34705411058036
111.54048960197177
109.83452193391093
120.2132478855351
142.78656558892072
137.38841846183612
138.04896192850552
174.844314423972
180.03910095030767
186.58819105236157
178.99650454508532
186.53220580658834
193.5163938234647
157.28780944949844
168.558842517355
171.5643581377939
155.1307216090004
143.1809451714317
151.06076053754325
159.46726643995936
159.19258128828923
170.31056468744822
154.2303564147572
163.21778831814504
156.01206015685452
164.54964928379508
163.19757271562347
144.67606511576082
122.83004408467866
137.1387733043888
127.87730246116885
130.27498756965738
132.89582133005553
154.02847686573463
152.57276861274457
168.58165371569413
178.39573602191723
166.14459764750268
161.89380617706937
160.1751192344891
162.46683342061084
164.56930315484516
157.21336447611813
140.48580307210517
152.01763309651332
155.7186877985447
148.59987054839422
127.91694575676648
114.38862747946781
108.29455263950007
94.2804108978228
114.5012935845568
108.51734916478966
100.61128388294681
107.54543932482426
124.61346835296874
92.00953832563118
108.30033229266621
127.39407932186948
119.85605780089733
124.23857206736038
112.29235537116624
125.858046647883
142.82841873762862
128.6153112916502
126.74752036624623
129.8069286394743
117.07234610227559
121.31882122589263
108.47570962635182
136.3475234190437
126.57567342805233
108.10951683968555
125.6368503525478
114.40228579562917
105.72402255174691
86.69887218266351
90.2992188356262
107.41364615556401
118.51493366853975
131.13003111009704
107.95154938491709
101.72062380465036
103.2778714729539
84.6939410591606
100.29726817314835
112.83420947883788
106.31007576779163
107.19764731262039
103.40436601340163
102.2698034610138
121.4025309125456
117.87862452818055
152.14938903903376
127.25389660850657
146.81368319438644
136.73973401044216
156.95647990542685
146.26208379890352
146.82458120135118
150.4628332459179
154.26370928585882
172.11027354545024
187.56153883467573
209.6873882318912
206.25649276171066
204.80021805201457
184.6089672002961
207.78022685912626
223.5411667703946
221.72212218881464
238.3181878132147
211.27072984876025
223.38901951291396
254.30068441959943
245.1550693346429
261.01265946776977
275.13687260696526
263.9742846518221
258.2323132894261
274.8018918837725
249.80648836382204
246.91035785682345
236.6304432060092
228.06708182499378
244.98134703473394
222.41590889527197
215.169123554657
251.1494417451177
227.01499479065967
229.8707920523612
255.59705541674228
246.28105593984446
257.3623174414808
216.24730791282317
223.1435799044683
246.42018078474098
279.75325587599735
263.25468279057895
266.52445399109615
265.6835720072535
285.5137378157632
298.366468586542
267.49314037563505
300.68150034773726
298.2688394689081
272.855115784192
288.0497658579428
272.73393024998217
258.76453518576574
245.99125432433584
253.52448443907966
255.28741127377643
245.85798425035935
218.51948905642945
224.25424689084676
218.27177871753125
238.08553128883676
245.86849791959403
235.44709952089593
219.08665707985975
233.22082408688982
247.7098344668751
251.96112226802597
230.03474721887315
236.59051593967402
221.56499717278552
211.83781843681587
223.8051315831693
234.42235272401973
235.29620151015936
228.98185617810302
207.15049616424807
226.95916150259225
215.9227902087621
204.51440282539764
213.6851166639862
226.9477806157339
241.55188185886982
214.1519111184767
227.48765067480898
206.98501143937503
194.89212857222805
207.394603326724
203.88000915776541
216.24224546773382
195.8057318109742
244.44309518733942
238.55558878887638
232.06397565544012
201.18080096712353
231.62238840098996
221.28642904772371
245.7451649802149
249.25248821523772
274.34461142569313
262.1592972334767
292.82455663143907
282.81048571857457
274.63101199956066
256.3728353167246
255.64639261699017
252.0101876787282
254.12108711641127
254.16571049501513
262.9811471042604
256.2720322311241
259.36944082071915
246.3825201912875
280.29701297235687
263.4841531457416
265.0603344255832
282.1258454226485
298.418946278234
304.2995067495579
285.5410016103756
301.0678799229064
297.6392554982284
297.1056609653752
297.82442457672045
295.5925026468065
269.9215447665179
287.2069144152924
298.3316099808667
296.72320175046434
292.96760946323866
294.58103856349345
287.74819115252245
293.6039751731081
291.84255106604104
289.17892224435457
295.21582600353065
285.19709928600565
291.50363935341875
286.66545290479047
281.42970986357307
290.5677548039021
279.42256975806464
299.4908543188643
298.1497067151883
299.2901853739622
294.48547690503455
300.7561924947741
298.6226452653517
298.72136487662294
293.57116839616816
296.9107565849951
297.2977431749773
302.6616528672421
300.9825745894112
302.29414026451343
303.11978173212816
296.75040804940795
297.93230279661867
300.92141758126843
307.8415131751019
302.23535577493914
306.2087330598646
308.12139014588087
301.6492191908574
305.2668535870001
299.7128178728888
305.4986192723601
299.9586025579141
302.57202490000424
312.53628885657196
311.7678816401054
310.1297338152473
309.4840637354001
309.2552439381577
313.5306055778633
312.40370371750697
320.38744122414664
311.93523158521424
315.728201630795
315.56837484638544
316.85128844124677
317.29726907308014
307.4043658342584
304.5047817332889
307.13801929221063
300.3413828924584
295.75418186000235
295.94878500578085
302.56931092569715
303.20222011305617
303.55048656041464
300.36187597553595
310.0541933281573
302.80415617601835
290.3028523752087
295.5039416594873
292.3927372197917
299.0289723295344
296.5975313716056
308.2232105267338
295.73063687684925
306.27853231407215
299.1347413871083
307.7355614089589
288.4539374289805
303.62898056915583
278.83772572815474
292.76846241569757
267.89641140440705
290.7838283435815
293.23175127236294
290.849979211516
301.81223555318974
302.8105501232274
297.3661188012571
267.5903004390234
270.4175293389583
259.4539491301935
246.49443516462202
219.07302297131133
242.18017797859372
239.24224732835634
253.44993524491977
235.3558865025761
238.65807498064714
229.58648314365226
246.2466269657059
240.66913986020296
238.09804369917677
231.9844138536616
211.6725235271441
219.34969048828316
232.61139622695774
216.24218858825432
223.73119985222831
225.4435142854449
253.29189805217695
225.0293507650655
205.99035871742046
197.2243095023236
202.99881892265014
202.83386626290212
207.18473765985803
203.57840070818824
238.53898028352302
244.09752190363642
218.84141973005396
216.11184646742058
208.36025122629977
208.85587483026805
215.85324646650145
208.54344902117717
219.16898444748747
247.4759928064202
231.04351500325572
253.86530509104557
239.69387761003796
250.18261532884708
259.9195099435201
231.52900677512102
253.07205688279143
243.44592246580146
250.42183530492434
231.80771620855955
240.1780589895798
165.42873766087513
208.77236234454782
177.12710572561386
159.95452282092003
132.2263544645101
149.59801818821344
156.97254484461314
129.2012511840008
125.23637520580407
104.4112472551986
122.02788938282367
120.3697065522759
114.608966659679
130.88082709172696
134.6433350586641
135.59162982901847
122.72111691096913
120.38084100597379
131.70718313837472
145.8412157368659
116.7605413607853
143.33164016269654
110.1576698940437
134.1003951455257
119.68360340274539
150.09405399859574
139.0201686678122
139.34306807684686
147.54803331701942
140.42523950081846
130.81124051617718
166.24751064733266
163.62628726867112
170.39569656685254
170.55409988713373
203.91749740351807
186.5302425303576
184.1757342115897
196.01674854367093
181.96258699630192
190.1596571424885
189.84019298009605
212.48851483961434
237.95359778262014
229.15616311546847
234.6638816324578
211.3963605998212
209.07040215109538
224.22336748983966
207.74460586848326
226.28206489712431
239.32572982307332
254.0375767100747
232.98403990599292
218.37520764895754
220.68707830988384
245.42886403933178
241.56304380409628
228.51939825213321
239.3198313972875
257.9150744416494
265.6169395981987
276.54845617129615
279.5839044037025
247.819520097146
229.05652490519026
199.68840725006396
226.49210961321728
237.223067062871
215.85542224063894
239.63311890546905
217.53523919799576
219.8657299347728
229.5050134450637
215.32293766517017
200.70411435189547
196.8931872972132
192.7054014023294
161.20639432766987
167.4070875334479
161.74638487851516
151.96237441359088
150.88625189205206
152.10217112667502
151.40909405299882
155.54116500109478
176.52870669128302
187.42455752891317
183.6583726742028
202.10971749592895
192.33554678554478
198.03275755250405
173.26788908742262
155.95644625972344
177.1137363291828
163.54996111472065
185.08683952826064
175.08487841642807
171.701330619399
199.26351279772098
189.11406709659246
143.0462704978653
163.93941790318803
181.07738297990838
178.36779146038367
147.94094673536745
176.89784573233365
171.73767730838168
151.38674730456069
146.45677626673515
138.0951882893849
151.66324275605626
154.77847332223655
155.89527635276434
157.5840339648218
156.05816014616022
178.13265205960116
161.76668301664714
201.60608005673035
188.61411984592934
214.2812502044778
200.85298668585148
198.15358936295527
189.134251950565
174.22833676263437
190.34768164498885
186.7094437923415
159.97225446537493
179.0335955623697
173.25820031768683
160.299793522396
155.8949307802524
157.78752773694168
167.1717128340995
126.82915738060636
157.06962217963655
163.90226618309265
132.83360804650934
152.76484274142518
159.4838856810434
166.7085976595456
150.9949237140998
156.68855470777393
151.33381624670145
119.29482346759585
130.44018888747595
125.98763017083135
148.07994188680763
126.42909221034223
112.03895059090073
123.62771447486257
101.14018825164884
116.70295434724704
105.79396843008792
109.86099175975716
119.99422871526514
133.59995577932878
120.33205778476766
118.34717181664472
125.08360136688005
140.65682272898886
154.5506928289898
138.32594787815094
126.82469281410728
144.70721260514946
131.79892618896176
117.50463743917415
98.27552823870401
136.88820656700213
123.21815021357781
120.39451511968552
107.15518610417132
94.04985335325334
123.19437922839371
124.1404182479463
121.12956822045352
122.76035872089776
104.2873440603123
129.52210231575106
137.96489239327755
152.25337398509708
141.39582954109707
140.78679440557454
134.3066774171131
118.92662943860836
138.3214850559494
120.73629630121597
119.23398181852838
104.05729126357306
90.22138169611236
102.99806208593226
123.52390591754892
134.3642896159396
137.63254241671137
145.24475182534383
141.98604774147654
177.031804298399
174.92957773974058
189.39563526360854
190.42126969709145
179.00018215339
182.92772629691152
189.56541797845713
203.4202219931756
209.0067811847419
190.53493569352884
205.96328419518247
225.16672495778548
215.05141283836463
238.80281687006536
222.973922020062
201.64530693330894
192.07318419786336
228.47059862830824
231.7449206087077
230.17180313926264
209.85069120791636
224.8808160468989
237.46317935338018
212.19257950988398
220.73440767289
224.23241859353578
223.6190841926741
254.01834594094817
231.13634009876517
214.88411604846067
212.94599055529258
205.73379158463325
235.84372137146713
253.41818514944123
211.57998795658986
247.788065258941
230.26737700257132
216.3516849895705
235.74435189228564
221.99858727801504
213.55716075890214
200.87845120521976
235.4058546974721
245.34829465031515
255.28758182659698
249.6458170498498
230.1796337382251
246.01420367100022
244.81943644415261
238.57903135883618
225.9251661758108
248.58886358849307
242.35189321278614
243.91269928593124
269.2767535827749
272.5914206875383
268.4546828743752
281.59435172059
280.9698898639094
285.65613446444775
271.4859225268024
275.82452027784444
226.4884345465646
241.4684860321306
237.19987969033463
225.7563240094977
215.16926632541902
201.73664706070605
179.13880872239875
202.01175171173446
193.31708998708285
174.63245596206445
218.8233699919997
200.27180842601544
198.96933051308216
167.56031845147928
148.40776030830776
158.2659931490628
146.43489710113602
150.5930814461128
145.80013571739642
139.99671269575353
129.40889080172323
127.46495305060745
123.35802750816507
144.38412007141363
148.30436126912642
123.94555965156115
129.8726559418386
133.42563671414922
152.92215458761953
165.25870625630432
151.34269308522602
148.47237880363417
159.27133991508944
145.5917682922004
134.45910197051953
120.5420598065434
120.68900213462851
106.91735101216406
130.21099791052146
114.96775927049836
114.09925021527513
122.4250284848414
114.30752124293787
122.34402642116443
119.15572656698521
109.04798023045038
118.52844655658058
101.69789717270098
125.98085088254679
131.45685742314336
160.8129950121972
136.11789380362518
151.04212676598965
124.41763928418453
133.27897990370934
152.93129334923069
123.45156317615655
139.66691563412707
157.61556228525671
145.1604513844707
154.2210795223701
152.2499613998397
157.1073228376277
179.1590449357558
169.73782105942925
156.23091340197163
178.8653804589886
165.13350422667034
158.35385730835577
146.426346379976
160.00093187509805
182.79962268591743
181.9992109167211
185.1943378976906
185.14092861149828
183.6500342689047
214.24091815517676
204.61292017430068
225.03312835864475
214.93313569665352
211.0115159128271
177.74710655787152
182.07521621767617
190.4907941275307
173.42724419823597
195.9981211994009
198.27370263779358
181.93463142512314
171.7376533914462
153.04362885259832
146.83352041137525
134.2126496539946
139.59237141904927
113.32097488151662
126.89421187824614
118.01632722826825
131.18030997080413
128.3999687032618
134.77191994507982
147.47606625266377
157.4438327586528
144.47873279603323
143.63538418223592
142.59118364638024
123.97047768114847
125.66067314758033
115.30518817071426
142.06088027665353
142.00421802728442
147.76656106191015
165.75571216369332
160.5717340682684
142.51497096451726
132.55574567549644
146.0363305456767
137.56155459451364
123.72586609733874
144.54854784859916
124.35792644459092
113.1721745666686
119.69895785093848
90.99977902861212
117.17617976309613
95.3979895605919
125.76267911028587
120.80317758934879
103.74994387182115
85.73776610804774
97.78458201601029
114.27315301709916
124.64771438853884
147.55791754876816
150.95908880989006
167.39409004396995
163.8355582990132
188.80694533832155
170.02120496558516
155.9524208081112
177.79181976449615
188.60543717082373
168.42127994113886
163.96159610042235
155.7259061634637
160.69108698503592
176.3532158909892
158.73286495831084
152.1229680566104
163.76060021593764
180.38349748327786
193.68618498788265
184.9553358526176
178.45285668897566
165.95921149536227
173.5916885246565
172.0081920962523
173.7175344548339
156.48344642197455
118.28653642018281
135.0580959208976
144.14700981321653
135.76101803486932
129.26399474338365
115.12473391375059
91.87387582894073
97.85371442479789
117.34239905294945
112.26298701677942
92.08867618032377
109.57254475472863
90.7182943175404
114.54662347992469
104.35299674975703
105.98490139034456
117.62945469500086
148.84059608976528
145.46019326914774
127.55409240741477
140.64463893375256
126.50960725970175
106.16281837060379
107.43693127817882
117.95181656625788
119.59481600241233
128.34259240244646
148.14532703901597
152.79644149267486
166.26218465997823
140.47623874678197
147.04057323347197
151.60328000129613
134.61104615519258
128.8803246335056
126.31594010565898
126.4010128928626
124.01596913124754
130.7506728194053
123.97988757170734
115.66178814928418
102.98752469534514
122.09356013824546
114.53354857915579
110.57192431036178
101.54618781518056
106.97139507598135
83.9789524824952
106.98670491478832
126.54629866805053
117.88352839245618
137.50439105909328
121.51438167035036
119.07634933034618
128.01911889774962
122.89676690386429
151.4846010932119
144.8595396262062
164.32788185641144
173.34095822637377
180.12614215265117
201.63058745010386
201.53203327542857
187.95412566192255
195.20280849399043
185.76620030665262
223.28326404250112
211.8609114012432
222.68278329673356
233.8923876418174
221.04462868816893
225.30609990360253
245.03977291785918
240.12720702229626
233.88164313348904
237.72001416402207
239.30738557416456
227.90626265114622
229.54493847624946
245.6108739681065
217.7443313730857
228.31161165720172
243.54772834456904
260.19075266091494
248.43324456759746
279.2375734213116
232.37199107310062
215.1790163180523
225.21686188301018
229.47619621805381
238.6513487582478
224.94357177108108
253.08390664639018
256.8304566021059
290.0804137641022
278.92955854863766
284.5806172848038
233.40437911542355
286.669765999464
278.3152407826199
263.8548947696685
278.70366532834043
286.46900568224163
286.8573965429226
283.93419297759306
289.41692905097256
289.1650154699007
295.2483649731257
286.0678374912697
284.42253181393943
299.9486743394259
295.53682976868186
277.687492896614
297.86710441940176
262.42752141192904
272.3779936466546
277.11732615238174
279.86621695461275
272.9725737162913
283.1168100683411
283.9246192344643
259.5011110136694
266.82565927164035
280.9067705506438
249.46913771374793
256.104079012709
286.7672764974452
274.9270636942442
275.09469511094835
254.97669545993313
294.1977472761424
265.6740837397379
288.7459281443341
286.8917613575907
299.8122361871083
301.75384657188897
301.74524338136155
302.651086359545
308.4883488748433
292.18650539426494
318.6946358266299
299.3196346968453
314.3657474830589
308.3321830157267
311.24943376753413
300.3008034125036
270.6912986935564
274.6405775913148
296.2140890957727
290.26301763081153
273.2822080006594
245.3746904631684
221.65135918287945
240.26059835325634
271.58820248098647
240.2124554019147
237.07305463974703
247.25803105875983
249.27209012151755
247.53113345184502
237.020705879433
236.6007770432047
239.58502795860045
250.63415852039233
252.35751976340242
241.79588550934895
224.6142216779673
219.0583709023623
256.19600410907213
263.2391083189971
278.9318234090988
281.4248843435983
302.2217768165288
298.6960566587161
290.86403484742965
309.55642376522553
292.9167438311925
286.9510509389908
309.9138340534355
275.1902906682621
274.5879179824936
253.33389804916297
258.8491829789115
251.25499050088206
242.8475166098854
254.66314517595399
250.1890915427208
283.44503974666395
286.4253290763955
281.23443727344426
271.61744947374854
270.0287003173048
267.63561861411097
264.4184560182731
294.6323904452443
269.5289191815403
306.06265102664145
265.7378699574798
260.6523494097785
275.0246333265381
274.2125364658672
283.611427180227
269.84899843664056
249.27074388369502
263.90417188092545
286.70017348161207
221.59702363032082
260.08871345533925
252.74699750736815
292.18717806840715
265.4101493640704
291.2708632569133
284.0688599534784
207.8321078443308
265.00687498839693
279.36331672953264
307.23251920489434
285.3956959187461
287.4383543982371
286.45809414508165
237.323618431883
249.6902709086387
275.4849227731754
276.267591557784
300.327574048093
272.6110777974699
301.0161461484278
298.2973961516
286.56071572894484
288.8307411629608
295.5571387029703
294.35795440217197
273.2742479611584
274.30859291828557
272.47873577302533
273.33602500546306
287.12842514805493
291.2837225422988
276.77448894756014
242.97746335414286
257.7363729847368
305.0773083680979
306.98063092352703
294.91446074049406
311.37364127707224
297.87925341991655
291.9270816814457
273.9366675046106
299.4764780585439
284.23533534165404
298.9213481618241
296.5361000871798
281.8217836122243
272.6857543722416
294.47061747716145
296.4639830314326
295.21638652163193
305.5572507849479
307.91675748500404
292.2709967323292
287.94743836401204
276.45947430818933
264.4258992335197
296.1387365884394
289.77199700320017
316.6656995232053
317.26748876666727
307.23289737771046
299.9247251093239
304.79376279086307
309.1391922720947
296.6515146749834
273.00320731498135
281.45209223147225
286.5409477989564
282.61544339366696
288.99272456453195
267.238356119526
281.49686270479356
252.25000895055425
254.91828438385153
258.6458045523138
275.65125351138056
273.60147491948203
269.17782329215765
271.06163070259817
281.2541030645286
275.0182076843816
281.88233021658203
274.3199327692033
266.8661201311946
280.6719576670549
274.1658182720279
266.97740854449137
270.4274650674181
266.40338974725046
262.94682654299464
255.75880955121
273.4594825356072
258.6576354268875
272.3538722077946
272.0085458310028
264.1419128321335
295.1124418242122
277.6305226805025
290.32754605036826
285.0042102277362
278.1555008651822
270.546375424628
277.26600807784683
277.896752098929
278.3672907394097
282.9655370344993
267.02258582711755
260.5280919157646
262.7196307101556
287.00330511561515
288.05778202639215
279.69631099094556
300.8076029020169
295.3424843200088
290.2248225250756
306.00330844277886
300.75098183863986
301.80045706424244
298.9093166345129
302.7324918631391
306.5846795570763
303.4852186591351
309.121224184418
306.0864119273259
307.5847693155656
304.6235142966755
307.6345753374645
304.92523208355044
310.0710466912462
308.5511192928804
305.7665783318902
304.0086066384043
309.753061925388
307.35596073496004
311.21740122616643
316.0173706800123
320.49581257153125
319.49707272902015
315.1175985770667
316.33929537917305
314.96518614984376
313.7118419203057
314.5485862110841
310.10926653266677
317.69335737880056
319.1944231392452
321.44214154459246
324.84012451841227
331.5135438858772
330.6273479197636
328.70151494513476
336.53967072737737
333.66133511420685
333.01482095786037
330.6054925678383
331.15781537883333
334.80906976386206
329.8546843562786
330.1267879842934
331.11310452448623
337.7533224303339
335.72191547813
335.0040117876686
335.19258155354703
333.9182752327231
336.7426121654012
338.49582598618827
338.72347149296047
332.1857065876913
339.0715002370202
335.7428212406962
331.60466971941685
338.19019942962376
333.96983225604856
337.7548734106507
334.53067774430974
332.86757471601163
330.84702728134886
333.75994909174483
337.30530569630497
329.8534223508165
323.38333950067204
323.6825373018697
325.8499826379029
317.22210638012774
321.7094234161978
318.94094514873905
319.52561232225673
320.101326632576
316.36105626893533
319.07524771546366
319.87797721766407
318.8288233971239
322.24128394333553
311.72870482180457
312.83651489043683
320.3037657449682
323.458391051824
325.6782969282749
316.0811673065776
320.7986818946135
325.64959468008146
329.4834104413471
327.74933326465276
323.059637029556
319.0954898785482
323.18416410390216
321.17021204743764
315.96467184038596
315.65040837396623
318.99602535677684
316.58653605980896
310.85050274949015
318.70511237318186
306.916566629704
303.41404683941687
311.2917187236359
309.07101001452617
306.4059195450602
312.253723429188
310.1820096605959
306.80244779296396
311.5483201174729
313.09781752996525
308.0851819392364
305.2224222875319
302.87535627662555
305.03747156512907
301.14817380607866
303.6892200045717
303.72646553485544
309.1651061173231
306.8124125522363
305.60090519349694
309.2294384504673
306.38684388113296
306.92724488536163
309.7045264994885
299.0824431420274
305.9955833565816
306.6269885096954
309.74734605440756
310.82675191342906
315.407948948553
309.5734673076448
310.8909133345835
311.86193335178194
314.057855027286
314.9946898831691
321.9896669840633
323.4099151751079
322.025235863634
323.77501578837257
323.3243552273915
326.22589495926417
323.1807179490039
323.4310353968052
326.56768462453834
320.2392195937267
323.57137644852185
321.52920937291117
321.9814920156354
328.4522672529641
326.2989737562357
320.69881659233795
319.0465556667306
323.53502467878735
318.38364779527876
319.2347566180924
319.2615529093999
315.53657104287305
313.9667495605969
311.1231932391721
312.01866656824467
317.04216984151054
309.65419557238386
314.4407347881843
313.30694663172426
313.441423852998
311.3908395105658
313.7657534247307
314.6833693973204
316.6424631122809
325.5302571900762
316.43881258076624
321.78177802239446
315.09534809184726
324.95902029804233
322.70653252811627
316.3916436577267
323.37630498633354
311.1838017056772
311.76185750504555
316.93327269722187
316.6042831140296
312.46853875756256
311.73980077095376
313.42752410156015
318.12518500386494
317.35699179653784
314.4298665058684
312.79037920047745
315.8469618348916
315.9155443484882
320.70604464115377
313.37742059582655
305.8761435809829
306.222292382975
310.0267768864198
314.01605441350864
312.4603586256221
308.89451291025523
311.9894366152153
311.3785968698994
314.48398357020096
309.8463275482386
312.55988438826347
316.0195597627227
319.4920277728571
315.9146843870144
315.7017848387438
319.3876208693711
311.9152347298367
312.0305675105662
312.68801770840633
310.52335166432636
319.87867554559915
320.18080267508
316.14213130666707
317.096103897175
324.06400071097016
319.46502363057164
320.7362290183023
323.16226915705454
325.5835526087511
324.24487089919484
327.58520903391235
326.7774984041692
323.22240735249574
324.344538443088
316.91317984717506
318.06263469519564
319.05171169075896
317.229920889817
318.6854961668103
319.2713336504445
317.1367095459942
316.152911409993
323.9267916911807
319.9530053058253
320.7636466674827
325.2003910920871
327.9914547847325
328.30303067590484
331.52965104043983
330.78464278470545
328.2592414183442
327.54813302688785
325.7430006686072
326.54027755074634
325.5249920461474
326.4686612348504
329.7969025484053
324.26813581189873
323.8177845056405
321.78703353729446
321.40933686503143
315.7302941489864
312.39406699785656
308.6525359839758
307.0480272079615
309.11323468396984
302.76565880737127
303.07829693017976
299.7369457872747
300.4042253239615
300.18388758781543
298.1148401976756
295.5250454146399
295.9213577982405
298.2554363781929
295.45844850677213
298.6462763514022
300.6757980457176
301.18471420095347
301.1785981438998
300.4226636895267
300.28748169276554
303.2488384600679
297.89300266807624
296.0438246569684
302.5535216097319
305.2687931472308
305.60217338309235
297.6317472848542
294.91478199449597
307.9244146036383
296.5509946968975
285.7278501482021
296.03018113014764
292.5084457075261
298.3553037070464
296.5760317453858
301.21315739835006
296.1480242309787
298.5465165433963
301.5095851810933
299.6631787730061
297.6441224057768
302.82035239085945
303.7522209037692
306.23920684578496
299.7077287809572
303.49283410457605
299.44638666317877
293.32377167406054
299.59422613523645
302.3225409500611
304.1806827339877
299.19650847288045
294.68407019492696
287.13463471220916
285.12317299958465
280.64173971474503
290.06329464094114
294.6849176456246
293.9160972920431
290.41226352989725
286.3124854689971
287.9610059935185
281.04406784172664
283.69275187769387
275.56205022471164
282.1980842723027
276.2792905922814
286.2449536969371
280.2483769935113
275.3221857408533
274.5926154572831
276.6881434152974
290.4049459270008
287.36521967042637
276.9345158217929
269.85082259350605
286.9947103168248
285.67486532488647
249.56157995778108
284.58209228832993
290.2842625920629
287.5013234894831
284.75678668341067
275.69852322184454
252.73852818396622
255.00667483005475
237.94118468401308
243.03030939431392
257.02335232516793
218.4046638547415
228.6077555924476
211.9844905025075
200.99774031382847
233.4855167765132
223.9412300183583
209.0180534856363
227.84535746595225
220.3517900354525
206.94112005888456
207.45019334509266
204.6469044165629
205.09928194819977
181.47108783340747
161.04502410523503
180.3110893690306
161.89013953077247
178.65748050590847
187.54686691349045
159.67869442272524
185.71446550273095
201.96788195373938
212.37107447526088
236.65498788291816
216.00625312105566
194.37371239990475
181.05326410466492
163.37960403617606
181.46006191170517
166.97571550893414
164.04132399877938
177.87508333900726
178.9414581420492
210.99813538625406
181.4988598345447
193.1476213475757
190.8185872705101
216.00002504777186
195.89195007986754
204.18812752191604
228.71920772076103
209.51039975991677
243.17895233137733
223.98492711889938
207.60485566401186
208.59856755658205
217.3489273962936
203.68703483153416
205.11381679308914
209.59355097893902
199.77994979933214
204.87563415126826
220.5350720068664
207.7178492733235
189.80642312353004
186.3108069435977
163.75537163518402
178.6868016069028
162.72898812881752
151.46053467567629
139.5827058516465
137.0868590491457
130.16772662247178
114.67800569679822
117.86993293478682
123.31327292659459
124.97494206495307
117.20072452720326
120.25281080679422
112.95349640042103
115.20755858187725
118.66350125084918
107.08410333089486
87.36356231529139
109.99041818352164
112.19052798069428
100.41679209749681
119.39536469034593
125.14865190506622
146.996172030786
144.4836048588045
153.5472679047353
154.90963430216866
154.15286285385878
154.2076573394542
149.59192299433263
148.64238644315708
141.1433284653891
148.25451806420847
150.13267471236185
151.97516043487545
153.0295234664364
163.50690340300045
164.53265320488015
174.2856754401313
176.31024248694746
183.5137924625262
177.52438540930666
165.38427396695766
160.99464010163535
153.42423059829082
141.90082799784656
128.00590335498276
129.30765651937577
107.05516302223975
123.26829799675885
137.09100228752445
136.64254656395607
143.19904126693908
163.1380689677089
162.0889803802268
153.50914331617668
152.6592865676673
139.64988244111677
164.76805556730662
141.09311739443294
148.4629123671104
159.7580216756519
164.0889708932374
141.16229311221326
148.59693098137888
161.0893361796197
172.64984276374275
147.398275326045
125.72338957903618
118.06265745805
109.99955052597899
109.36088040997171
123.00121108498823
136.0870184544116
136.77100399101582
148.40016272742923
150.07678530687258
132.1691443098377
143.00214530526625
125.83292925016896
141.8967931413141
163.11373804229228
158.5986231813687
138.91652421503542
158.2827808831393
168.00593821532732
153.97949546320604
166.3688435879351
181.5500585847646
177.5989996326225
186.80249374539753
169.702472569215
173.15313692752008
176.77598273094205
195.6641481902122
207.63815219389585
208.6856974058028
222.21812105073397
213.62669170901472
229.25105837088603
243.01514886962045
237.92695669168967
249.62616668419025
260.9494611501807
259.3818204041285
244.21765430957862
229.03207592346791
232.48550403321465
237.90232078559563
263.47486934273974
257.4198088203159
251.6431653389768
247.82044814346187
235.38018325635113
232.6293158141833
228.7249248222586
224.1391582419238
254.4160652948813
251.3387843749446
244.79735955780217
269.37326415054747
244.49824490564964
252.92264173486615
251.43856923832348
244.82085757809247
230.43174175202296
225.80288078876342
224.74643159165436
234.11159929025828
245.04913451765717
256.60851360883385
224.4165304895368
215.52977477389283
238.30848423272028
220.79196879124294
220.78524004571722
208.97524745037808
231.1219832690469
201.8180800607054
215.36947561183493
207.663103694012
202.1034783960776
248.9795501354249
268.3358867520359
237.63733927881563
245.52308710640025
225.10436742512854
218.5491429328547
231.41703795442172
226.90406951937683
233.47465630571787
217.8443952273948
200.57388186537705
212.35933406096078
205.7640412860667
190.2937552686878
187.2119002294492
186.0890572998984
162.4914940977886
182.8120682577633
195.92256934704184
174.02075759462184
139.79245667801968
146.3636198375561
148.08231152318416
143.08725227827262
150.02681653021037
152.26356201432836
164.28489306276109
165.24721322739498
156.1204623846947
168.99220997249026
171.5150042500374
183.85556398684858
186.25277900902546
174.90730916509017
176.80191247390525
164.90844451729944
169.23954953856
182.34894311857025
176.13288618852513
175.07063927927624
168.4034214456364
154.5560243639679
163.03477321808055
169.5351615998632
172.12801588945194
166.50535208971075
148.69102961746574
152.73810757015553
163.8455719601176
149.05065733617963
163.1551407161957
142.62513359746703
158.65015257667582
151.8211190863759
135.37026328746066
139.16167076260984
146.07800231227654
131.8791947613613
135.18336739524028
141.63076323619507
139.09397055124742
137.5030365448188
116.61975591991711
127.01959650491835
116.29406686363036
124.11466419883526
115.84858439978822
117.6996207677353
88.58480880830614
108.48549887376139
89.50459346498491
102.0366969612511
111.06429051822623
125.19208676161898
112.57820202383627
122.27479387104061
121.23186337906772
125.8084603922001
105.29162798597214
123.69055888850035
112.17106934306256
101.4248441250419
127.13237401889509
134.60811337752597
114.82188135268049
122.38726841310788
125.36679255277022
129.92135197808054
149.05902210871983
152.7754810473578
149.85186022780442
155.75089270531774
161.6093442905675
167.9556746060602
148.3194297399299
137.04975128961638
149.1629403233715
155.23669559338077
158.31695579231453
141.27810190617816
129.77118001980372
148.2066176439457
142.78707029701366
128.51018881848825
152.89128894130891
153.1411238550352
167.6998360201686
188.13937299373154
188.30537828247068
169.54635101317723
159.43724178168924
175.3839239163522
159.63623142629282
158.3435111930643
156.93617756693973
136.66267445634762
145.74092567924745
147.28470942231863
119.81816549533082
114.83343509129332
99.62129189728869
111.89323103856735
101.75431701795792
110.70162752306463
121.36627087845925
140.4399598376602
143.67174100854086
125.64017526996359
102.63142766433327
113.99609437192788
117.79550214987398
123.6003180695279
105.70281558163585
111.9469437192734
102.8485444098689
110.35327343342962
98.55533222344874
116.9832813239285
109.55316310174629
86.33133732013489
113.42662338173469
136.62983414268237
115.88178276141747
112.49675894708938
106.89397221848712
123.15072630931765
81.00422377257192
98.98005692855587
95.54202865589258
110.91871392972024
128.5449810218292
95.42783779476852
113.20995378779108
115.67405960216051
130.73550005963565
135.98037184346913
117.1507481556223
119.41042433719014
108.99374384914319
92.49491285814028
112.04354104929811
119.43421242167639
129.52038034784937
127.68214316781594
108.33694884919306
127.88703369042152
150.90979364041226
152.44632305319791
154.83617752218746
133.16259676570354
116.6125743693407
130.2639579224895
132.90465138971723
121.22137608017502
114.87376089546753
102.92549980798967
134.17744589046475
121.5608811006754
110.71663767383309
125.99062647669004
138.59754680021416
146.63305372477163
122.01702980816266
124.02084944742661
119.6212041546307
122.8387541631692
128.59751422669936
134.74794392792936
147.6130134556733
148.83649780678354
167.13333211266905
162.12161377430553
168.8058135786593
151.73837090179762
162.48359430269244
165.23045053552008
179.8984149079434
199.09217051772472
191.62441548210265
202.4116189865263
224.39151346414258
234.81364161277858
216.70456159513702
232.52928386433368
259.12748831409584
226.0349684006186
232.86004621432315
221.65161478368924
228.13852749011141
235.73174258496368
233.60882406592648
225.26908345572218
234.03758983404995
199.85168369945583
205.91142474860195
232.22263845648624
222.65353684706315
235.52928821419968
247.74889844995224
268.49699456015503
272.9733326726434
279.52580076269646
284.02353469298487
270.39138414747714
269.54940510750276
265.5139238613581
280.35100896182297
281.47891334592697
276.2573556589161
287.0244192589369
284.3981088246004
288.39109629309075
269.45730444572496
282.4623290688327
290.8715969170473
291.2986248172102
291.7040741950411
290.89436973420254
285.6301643664549
284.9396480905998
288.21838008950624
279.27148621448833
274.32482417484334
286.1268463655777
288.0219885649733
288.09687506406783
285.16569097506596
285.20072444693733
299.7989100600667
297.78515421214075
279.79733352648776
283.61822904328596
272.5036840411927
283.19865982465893
288.9403767867122
292.5388564020369
281.43337933977847
271.83959016980015
296.4006806265356
264.6719183690006
266.31108341087463
269.16024425990094
279.1036688844932
268.73965544552937
245.46605862018663
266.2747009825468
280.52516480477215
281.57411184677875
262.7267952826876
264.24908626048
260.9302544482615
254.7154242045557
284.23522954193004
274.5592722959783
276.85685330615206
269.44819053436987
278.2221813316777
285.3637577772485
288.02879253358594
285.752332090061
292.5897423719317
291.72369873464726
289.40541294939874
299.22479715887187
292.19629203541353
291.1176841232613
295.5082529855125
295.88143495504465
291.2436624944279
291.3524455265485
300.17903730365504
300.8175839394813
290.08927091024134
295.8700423330386
282.88589234299707
289.3401601170528
282.898480886639
286.0754044553717
282.2328482036929
280.78311442061334
278.8599722618185
279.2453638330376
272.67178773032254
263.77851190330625
273.50354019188376
283.28401004499244
275.0623953592055
288.48757283133136
285.4444951917237
285.86171833347936
274.8560078030121
282.2197163774494
288.9420788398624
281.5939519767309
289.9255211528691
288.1264808220881
296.1071428216772
297.63925960154694
299.59542683693746
285.0586271600689
282.0800709761113
264.7996956409953
282.8317669789139
285.4230731624582
277.91237675326795
280.91151368711087
279.72219719454733
270.5711258678801
276.44484481268194
272.92364039621333
279.64999181908604
283.8050816483216
281.69546460891445
280.2046524985983
274.72866812274157
281.9129709302277
277.3481668691904
271.16736077679445
276.25748539461154
274.20869306874755
275.4381081374434
275.1744720371714
267.8355072721875
261.4485544998101
277.79345885856014
277.53165463419936
275.5535207677133
283.1238815937532
276.3250336701
277.64255185825544
281.3880204981249
285.8817868640875
293.678863189223
293.16128776573726
292.70523116369355
285.6813976971113
290.3681766384327
294.10262063854196
289.5435078512702
289.90842927038005
290.24965299858405
291.31304088864596
285.83727163051805
287.9692924397098
295.23162974868154
294.82257797181643
296.6049942260657
294.47595065525144
301.8770590121907
297.32736616600306
290.8272976641186
309.37303025669183
293.071040394107
299.7347863211662
316.22248218173263
307.160901173204
307.10433664043614
300.38000502943174
307.42414440446646
310.29562740089284
303.5564652531649
296.24723545314
296.4139698364831
291.7479105823297
307.25914811073403
298.6278878282185
303.51190686556134
291.2618457288321
299.4554192928581
299.21341366286595
291.8121609761994
288.88849854360194
275.64252680626134
287.26661367896145
296.18064932870243
290.98138897782616
298.1487218865849
284.40856333873586
294.8995839423339
290.71181930131115
284.5773541383899
280.02394803750866
290.7792443920245
297.69023957208657
294.7450476922632
291.5983089611734
287.288973195843
285.764809297318
283.3133320500593
287.42294754517934
275.8302623273937
280.2280916792129
281.53249582611795
268.1883757219106
281.7593017022415
278.6085772351693
279.5779495191551
267.86713968445076
268.36986120660396
279.02965892056204
286.87798841912195
258.4252997622848
250.9583791075858
281.30122821798165
255.686183864586
288.6172313224757
291.8475202204776
295.1463293738228
273.9492887721438
295.6526123264457
301.36579870403654
271.9467602068521
287.2213303243818
294.2598064079984
297.4624030532685
278.4947176765354
296.91651161303577
268.03359678808823
270.09638616849355
288.310039176244
280.7137662819335
286.9336376677337
292.301155501222
288.1277327990276
274.42405229519744
291.8460633308797
291.61224225312066
301.1279742087856
258.41858110195847
284.9433998453339
269.61612556424575
268.3233765841518
284.63646341390705
293.25552888806146
296.8759057347432
292.622606680737
289.62589349644327
287.4289567129949
293.4444990502689
299.6347698678842
283.3595844164743
299.767392853505
284.5695822502267
258.59455389268703
252.47227336352336
284.3094486615721
283.83534479940613
293.86882918911374
273.41172717230666
296.0102146989144
302.31032611013865
277.1739264231783
303.4777031680476
290.5913609200298
295.22438747527286
302.45740497280764
296.32103122247764
295.51998950153023
292.4003371709363
298.4040734977259
294.3080783790659
286.69772641515686
298.49385008179024
302.92119027278267
286.5399596430474
300.93057561426224
288.93558316875993
252.91826487431658
263.7681375821936
287.0124896117061
281.27409282746305
278.3913419022389
286.540583442288
293.3479549986055
293.1081095423744
301.9201917255569
293.4286957489493
300.71911988704613
304.1727866194401
303.87812240295534
302.1642863762403
302.7336561532392
302.3143063844381
304.9412481698343
302.56110819345406
302.87213612138464
306.0670098916946
306.4556797149237
306.52478027130513
293.7659560752905
292.7745735526509
294.3914880254108
297.0307267778371
296.33437747814054
307.70396063019706
309.17592516005925
308.7092275681575
309.9736365328783
306.51797735915466
299.7622485548033
300.01637784670174
303.4350410055939
304.7477825302616
312.50296629700193
281.03011021394235
253.76753731653437
296.85262661562626
297.7829460893211
262.5013579024649
267.7906609605411
237.22605272051592
252.0388579455393
220.9735618001846
233.10336059889158
214.4752236672027
228.9455617264742
218.11530789335112
244.32975157440853
215.24636235020193
238.72046278567976
250.45959997593334
270.6308744501522
264.4829142210993
270.36248347247937
242.4081350987521
247.1855645892622
243.57576578303403
273.210778679856
286.22663056944066
272.3493206673105
274.7224525346848
264.7976703641741
246.78011618902792
233.72141381625084
229.97860186690517
287.79054544324123
281.0230676466244
267.28737347150684
264.17252979411677
251.7841951685523
270.62257123052
260.3141571063391
294.2080842612321
285.16786083535146
256.9243163324832
276.7558083756112
270.6167556140731
294.41722683112823
293.0091938722028
279.7144312736708
299.5571327822881
301.32284210642683
299.537969467759
291.53330937176884
288.3804745056945
295.50286612516305
298.50897405178085
292.8121218979643
292.41889728653126
290.66840678629563
283.5024235970911
293.51710258873953
297.3822773125082
288.86588742891195
288.8120392911806
283.70189512724306
283.6682823350561
278.91956763645646
282.5896330886751
287.20398974650766
285.7437028501893
280.48249833420647
285.58486868976786
288.21354535485244
291.5375580798762
281.4681849162787
278.54212014446955
279.42373499426725
283.10058587132335
290.1100412335543
279.15677243082104
287.83190849247814
287.8194933966908
283.01807695351965
289.0735920979436
288.3528212797005
296.43854007991774
292.01339420190016
293.8848541060462
286.7387960879108
287.90679008887196
290.77298724815626
290.99851774164176
289.2478595516601
290.86797646351613
293.53023911545864
291.79162342787566
291.86768511988197
295.24855700989605
293.84887052297705
294.86310526732103
297.00496730219817
296.13148739073796
295.8059398233811
298.6666548309947
303.40973321597687
296.3589258386583
293.13598967516384
296.826524551244
301.66538774305934
302.97754787417307
298.79769874793345
301.88833904698
301.2951432425
303.33167339176845
305.73600984823923
309.47411737932725
307.7576901563008
312.04361075927835
307.7662957890871
311.57699498865185
304.56046192609625
306.67753170669386
305.936755106553
307.9565967776377
310.5062879165996
307.5771553341356
303.1480252392526
303.466421382282
305.73228935780475
302.5992732587342
304.31579396230427
304.7987883490088
307.5949004945272
309.43092614209274
310.859202591987
306.43669099794005
307.35288011542025
311.27192804959657
311.29746966121
312.00651225449263
312.43967336327336
309.04368388834155
308.1878375066186
308.4257919577152
314.36367793956526
304.79174741856013
310.3663842621257
305.958051291815
306.0723530122996
304.0622427451189
300.87721598023006
297.32807611640766
296.326735342435
309.1207486492482
310.81311824358187
302.55154335405894
309.9158803434508
305.6837982503303
303.6304138240236
301.3271744624197
304.6548006673503
310.29646499957573
311.5165939331026
308.95188127039603
308.7737013386134
311.16828408737746
314.68141782835966
306.4331022530573
308.2027825136059
307.5238237011538
307.44071670235695
298.01880763791354
306.35208286494975
303.1364731991316
307.07089854845725
312.81594730964275
309.44787495584416
306.20961240819133
308.20467084096964
310.7627615021997
314.52233757623776
310.9876434980916
315.13152660097813
306.81028915633357
307.5833019060282
307.3651579029721
315.87675735604074
317.9657328316343
320.0074189814688
313.78209775654847
313.5417740918869
308.6460250134638
313.6148899649591
308.72644705243493
301.70927918711516
311.99089489821336
312.08057816666053
310.5290899262005
304.35058726967947
298.00194260319427
307.53314948160534
308.04909383197844
319.9465505405533
315.1413518538998
317.9114045725486
312.1516011245943
316.427907873251
308.11301695857304
306.75353008196623
317.73109058119104
311.6743687282728
308.85018570003183
309.0628452629538
297.6117335895011
296.97655880091014
306.00661372848197
303.26357751055355
299.76381427819985
304.53826739014437
299.6774292366241
302.94491813241854
301.35869818431877
307.8523276650497
308.00111731836444
312.3614992498713
312.9668085031119
303.85829016217104
306.93522085418545
308.02222926757173
303.26797934308576
305.6260306422534
293.65474488459097
289.2995766209089
303.7761449431098
294.270681180614
291.94146365897046
295.49315804038395
298.03206863755287
292.9578143696751
289.0400595053473
281.2150980691913
290.9772253195969
297.00854887218054
290.782522344145
268.6093370542521
261.6844977009312
291.00040183155556
282.69044476968014
288.2562791057756
305.6248469122103
315.178757154192
313.068411769007
307.10872381599086
314.6607031872356
312.1350758692546
304.2711613982747
308.1099653958954
302.7517004578407
313.58690007038683
316.33846306664793
296.0553311625727
319.40528051718934
313.1350979219996
313.7125126193401
316.56125863873785
305.14599320628747
282.5421202725955
298.25470089719306
310.97809220433516
290.44423259161476
317.0771953789176
311.9492018745089
313.75520461231787
311.7031964589462
311.15300283146945
309.4535631621698
307.0843389134423
313.959195954946
311.2523298709822
305.0706111227328
306.840589084806
315.5265325208198
301.9019393397401
313.8582520583728
302.82920145579607
312.4339500438749
310.96350590685444
310.72143632192547
300.6120225529247
308.8997870227135
301.49846593421233
307.41939811529545
309.50519032907465
309.29454290844404
309.5709702107193
294.5932767443347
301.2583670399576
299.07760795133606
291.98583313888605
301.36828916597364
305.21298787840897
318.0135656869495
313.8108381045064
314.0270496458045
304.24508689057285
306.8306472894956
304.66495460153203
308.1588503079401
304.4091189615229
299.402220610476
300.2077748221253
298.72741364937315
300.0459909409318
300.5975263958418
302.3630661842844
301.5816000201151
302.3197174057422
296.06885521303656
303.58865903294924
302.5496556443942
285.9975445212444
295.4010537263676
293.4916300376764
297.98347025662963
296.5139869576567
303.6507396122874
302.6906915069078
302.6506009637314
277.9358652388164
293.32603031489606
291.3592581852042
298.5601081114355
310.02982463855875
300.1805624222255
293.89867874576765
301.19688169448625
294.31060136241206
302.3774003574585
305.9237289777562
298.8727489765475
298.4312111088741
272.4050741495891
271.5700103872814
285.82152837252625
279.6890003806798
294.7765778117488
276.50141475496633
288.39754734145345
264.4984918575304
294.77025582457134
297.64709773517836
285.22499820377163
302.26140387232755
301.7256054630125
303.3381369534648
293.7546309970876
284.8922724686638
307.83266414774715
314.8916743008702
300.0490947446192
319.7098010250321
312.0968458251318
315.42247285086364
317.62614765563814
309.6729779321551
320.57464613283497
317.5160354760905
316.29534938147816
313.26258042339555
304.2517459895792
310.3328999873099
302.9334517814886
302.2482803480432
304.67252052723165
297.03436059542025
301.1807117619628
309.0189314389521
308.1217603147864
296.8476860248506
300.7407315150656
292.0197284083019
298.83528636891634
299.93169417257826
297.8924058477079
295.31625786193456
298.7420530322647
299.7444362300512
298.91209045232875
292.7444349561595
293.8547011803804
296.4831406930857
299.1323576183062
300.83517758849536
309.2820814431817
306.7545972230216
309.02924140652647
311.72195009718547
311.93119411899227
317.7837560449366
318.46362704626404
324.5428101110379
320.0923395870009
326.05984179402446
330.78262862433024
326.66028185372375
328.654886351722
324.3105754052344
323.3455408491764
324.33228350281905
321.7464502675704
308.9622291452184
311.6539681664773
314.891782001858
312.3162155314111
316.87623727688714
322.4368094319407
319.5974040440794
321.4594190289939
326.8574246151477
325.45323553073587
329.97482899737594
304.23963068914907
319.6913176997839
323.3081172666259
320.5371879672467
318.7200286879381
317.4134565769005
315.0426931288334
315.2722652351805
298.5349944382912
300.5687299827454
301.00912617035095
302.6901873208908
311.975677641784
310.18051948376115
304.97700535125625
306.6036739478616
301.41738208563834
305.77466719990446
308.88084773862306
310.5377026021189
307.6015556313414
306.5518637361466
306.46959310310166
311.6429433454044
300.34286785751874
294.96600964412613
302.0726917121703
297.33852000948684
301.24892071733666
294.5540636979163
299.41873673756686
302.5531656746988
299.7486182891539
303.1418090049774
300.8832883083768
305.6062963306583
303.6040257069896
302.4909231671388
301.8253129350705
302.5656189687494
298.32317327968366
296.1560233567756
311.58849843930915
308.37216815902985
307.008114092998
308.87256941310574
304.89705746784335
298.3691197685871
304.11184460660996
296.4212708841679
295.5221077050765
300.7831285316511
301.4547309926491
295.9304204555391
289.93091128616464
280.1251663688041
282.62357914433284
285.099936521562
287.9165373599398
279.38943467029503
285.81213900446727
282.90836402036973
282.36851929962455
285.9066244343
286.9342872286539
285.6535569030305
284.56781702701096
287.9845630154011
287.8549827158263
301.3662502877086
299.64435101126554
292.17569389672826
288.98736523096113
286.1080544907875
291.2170515577874
291.4042205064273
300.8075317451687
297.5970063275471
290.5472841606556
293.14963794994725
285.3061482074322
286.6496341146383
292.55304727160143
287.4723948323343
285.67851318259096
289.82777804805767
292.0257410963961
298.35306349800044
297.05349580688727
297.84550176081405
296.0524524982865
295.0410213871326
300.7256276357048
299.5248328903003
296.4220485515288
307.36245038031694
303.3608900545415
297.03359035856624
305.77132466837173
309.98722163199716
309.5903836612813
305.84892845749897
311.36028892867074
307.67605516412385
309.9295986125338
311.5808593930853
312.4251114696069
313.33235234246166
313.08273812175423
314.1910828643991
307.5985607725872
313.9488260483655
312.0426268790018
309.72880433271655
312.17613927626576
307.0656992994701
311.54284581973894
310.2840853949983
307.3273392755782
304.4385339487656
309.74428481410587
301.9852966334471
308.51932702910835
304.9565360585888
306.3230150652801
306.02005919344913
317.1027864220694
313.330256006956
313.32187030130626
297.9356358123705
309.41051141155657
308.0621189105754
312.25147011145145
306.72831762629096
303.9181418753434
298.93096338663275
306.71325907425233
300.9110534124961
310.6424045396172
304.4829173566857
311.02958518168265
298.9495665084044
303.80849934867206
305.01453683979935
303.29562506295844
303.77014620984806
298.8746407284359
305.07018157038374
302.3657297781052
297.81141502310254
303.20243472870345
305.3855563430408
309.22030768673307
309.11110666420313
306.8569625333481
308.18571413979805
300.9441240583102
303.6591970508223
292.7301634293389
301.95131532116466
294.3949481859854
296.833748386252
301.42477219713476
300.89712224743187
302.2085505774535
310.74837684677675
307.64597903726394
307.9674942928838
307.3661147231883
307.2171863642155
309.3026673153698
311.5753498515796
312.8050640403837
308.1423634535948
303.8029234877266
311.127350191715
317.75645719218494
307.17231505498825
314.44801326490204
324.4414289363355
320.5803506600113
315.2213509053398
319.9220410446742
323.97112836863425
322.97587527198294
320.84205985385057
325.6087936623281
328.7703359804902
325.56673673711913
328.79310076185027
317.2485191139113
329.2372210526306
325.8150748606637
331.2601940202067
329.99351372192376
333.4763362598618
331.2046270823689
333.6248574415373
333.2284294386117
333.7012785225781
330.27321005656324
325.3779801248373
316.3309914094307
329.14667314550286
324.98313120085646
327.314373390564
332.18847285339825
322.0668645669735
315.96022995407657
319.59135614782974
328.6022070986217
323.0584460227009
324.9934056015005
321.3482955630288
326.16975448642165
327.8008571611877
327.66845271734985
325.69590048029943
330.22928415245406
320.89147195216253
322.76521670566694
320.63251202840615
325.075060891019
308.5684069370485
307.15633682366763
307.34527293252177
306.1631703456776
301.41238384308673
295.44034981463733
301.67200590499584
300.84545707048403
298.18268713537697
302.12511841260834
303.3315415105621
306.00170880591435
313.58032850659094
310.2660418886445
303.69799958783915
309.58691482749333
301.1959605369
300.25064055732827
293.08958751227897
306.022697478977
304.2191851999904
304.8741942213363
297.56839638241826
287.6439069995251
290.72524254244996
287.8227239735535
295.21761608849033
291.4795860941111
292.76759688601123
287.606618020768
290.0432782070652
290.66566058568844
288.47315158880286
285.81381588579825
290.3035387708431
288.92034066020915
292.60892350521726
281.9964033120776
284.4875784319669
289.67383988403947
282.02284623261
288.3381610997934
290.5932253073736
285.6862566449535
288.2079357664237
281.78227734854596
284.82265945666325
288.27296336106565
292.6921363730729
290.04824483758546
291.980346022997
291.6397844951307
284.80899746282864
286.45479718279256
284.13837349164413
291.99564403804993
295.547629537802
297.4857109688495
300.9992030439843
295.78773357672725
291.45714209466496
295.94624855714545
294.69308029781024
266.83794964134154
289.72237925627246
279.6131608195789
292.0126593996758
291.38672797635127
290.7866870014088
282.07592402560505
292.11014997387815
286.97142217480064
294.5098811846063
296.36206469902964
277.81804084814775
291.08428520465907
273.7382414453001
281.77660363645987
289.7795565111333
287.38669633669707
289.44231533019314
287.76403353381494
285.83285687537045
294.7549428937976
269.0365157095873
289.81533473260583
301.3058075407507
302.36975214908455
298.0557226457464
297.18552247185687
303.33374814205877
302.66341285756397
295.5567820479689
292.3963477568429
297.03874319543627
294.45760122591486
295.4000017006172
296.46840808552554
295.1951062466094
295.1909281682393
293.66461604670036
298.72109450252896
303.3475033552497
290.8888165973919
299.71284984238673
297.13303490724996
301.17235699088883
302.3485173120265
301.34250907353345
306.60212815880135
311.72453909524023
301.95254599477397
302.664782306239
292.23503229136134
306.41368408524403
302.70474729877697
299.53884491731446
302.62772949946293
299.92304436864185
302.1161279324662
303.31000242467053
310.20025243928507
302.3906309966665
311.2112183279425
312.15976919901897
298.5492613471608
302.0245427795114
293.77983954708344
293.65643530781097
299.45610843856997
300.1963139623029
293.0636132822332
302.46815861562857
302.8592643816758
301.2019139271537
304.2099194669281
291.4315889542201
290.18083787343414
290.2142169500103
293.12417987436265
288.2844059291374
294.1597572444623
292.92576942131177
290.61347889009596
293.06930106640596
293.4250624038882
281.38855385411046
288.2669920388581
296.1117668600372
286.4844019524255
287.6206228849698
282.15182609893367
276.81463106716046
290.8103691337752
275.6945685579982
267.73134349783544
290.25249291035203
258.842565864068
281.1664545933089
286.7432188052307
257.5343889221798
272.05421374961384
271.9634042653023
271.07360028699725
286.753324819492
289.0196425155084
289.9476057844464
289.3469725776442
290.81330430608557
290.37307105379625
290.4328062993161
306.57154733184166
298.9846238036014
291.0036108962768
294.3293450690313
301.12734109811225
300.8562716994993
300.0167721846979
287.2224630789268
285.39790470289387
285.74081363610003
289.1951180476533
283.43472755182285
296.036460598907
280.63885051501774
281.2564021476382
279.91162855240236
293.08275075977076
295.4329522397333
292.93141220536484
271.6198319188061
295.17221932227676
292.9961969223243
299.07602709496973
290.92128796214575
285.57819483135466
278.770020134301
232.34098249892426
285.2418226173476
285.1763353061644
254.404284225847
274.50768347568777
286.6630561209984
293.7592752729213
280.59746698160774
278.600943893544
286.7285105520181
278.6970995049226
277.21662926054273
271.8598074099706
291.74509089176814
302.06443124205265
300.2894454110035
283.18627043111985
290.9406847106433
281.75479952880426
302.468437423993
308.810305788077
266.17697204201403
297.78581338394537
307.5718148311471
293.4801269824077
303.21484173140453
292.6113603368921
305.3569969791655
305.8444004793961
299.57693934276875
310.81924859268804
284.76641182645733
278.7979599286609
292.81198141484316
260.36162066804707
285.6587956614318
253.67628917472527
291.14237678867875
300.60202058627465
276.2937480794025
265.62652631015254
289.8395791393743
261.061926042839
284.8266513515728
273.92811388623903
293.88802301714514
298.13928555898
295.41746118159364
293.87577902620467
301.4084977663965
300.6180227154843
318.69815956042993
311.3054608558735
308.32988040150985
309.663237212798
305.0110270629742
293.8232453562985
314.57540793091187
310.24553886993624
314.45265245555055
290.5645587793381
296.4313209507885
290.98221217633727
298.319220983487
298.71894513175
274.49616604233273
275.96749569726836
298.48657021772556
301.5884915413273
252.4461359569392
276.41306436466016
288.24973011621734
274.81151919559017
251.91814046899503
262.27355418324
297.4388994006016
290.51831669171526
270.33751605004136
285.8824099363411
300.9674500893293
278.12136844500816
283.45988609054973
289.0057069265422
289.5460110594359
269.5843725187159
285.37342833380114
270.3212209346426
287.4847638729791
292.0087353044674
309.4785103908828
291.5760388530744
295.36115142306545
305.8897063095565
303.6041499709927
287.7838396368032
291.1724520012041
282.3581678659041
269.76733832670857
300.93381463273397
267.85035115310893
257.28077334147895
237.70030600236925
224.3324294060492
217.97194566161286
241.01428321151667
253.4774253378747
232.79732426022744
277.3660144219983
266.1450845694197
276.902258785761
219.86648805462224
262.6009918440316
248.9193824474675
247.199293347303
258.97140505067256
248.50893892508762
224.4631068787271
247.559764347169
233.74746268823822
214.22787383683058
253.1005590592695
251.43182607387405
238.59359129296197
231.50756008349478
224.44810144629687
252.14661371991176
210.4282415258214
223.74351805420622
237.667777319174
253.94579484660323
232.54571945099136
265.8614953237344
264.15299855155416
252.3786949887298
272.24100281384193
243.51537035970568
255.13998002887692
246.10698877354946
279.06999349524375
272.95829528820144
265.91547394639554
235.38670690322888
267.79014455687786
254.83598087753518
255.07704152051207
229.9332483698707
245.73271715604955
244.2101995599501
216.08195039631806
232.0272092736224
230.37718371622861
236.541702061934
219.58649889204156
260.51875182875983
253.47877085545693
261.2008269204136
259.44673082797425
242.52685540853298
227.21661425322884
223.7855929539914
244.5724228355175
217.08507494732277
240.1422135348877
221.7800518395206
250.4530235747725
236.10800693623642
247.01938559062927
225.53121575647583
212.2741398732915
235.32721813306543
256.08020264491745
268.1260687776305
273.37346880920586
284.49211486175
273.24481239774235
283.419369919633
252.8733314474378
248.0817941726355
260.38427047782477
298.70047527425476
275.1224554634618
273.8257568912866
238.53739817632243
244.58193614117206
241.37597652347077
217.95767591948223
211.9710227163528
201.33263030570083
190.58168217804575
191.090962379618
207.1849731329458
213.88825449624977
209.5080889313656
189.63856510739058
192.14245774585692
208.89544889649557
189.9619812683324
195.3398196709099
199.76476796948194
197.77453844915382
160.67998887322216
185.61600082114134
188.81456190374178
161.25776476159027
178.38625124462666
184.74685156676404
183.12129178190477
179.33715514610859
162.2798163761096
170.7852776796674
144.22493102994707
182.68062646584698
154.83091360634552
156.4369712514544
143.1311336593604
159.8964250642316
165.15532543258067
189.18943650640932
158.94733385214843
186.0220333508182
170.56739179065895
206.1562461185085
184.19074563257956
190.22012323216913
195.558402277745
187.80962697222947
191.1639284829348
193.13874087158229
192.20436914414762
196.22284226423722
176.19159181548505
176.3652799922691
173.148269504829
172.1064915681125
188.39105700991522
178.94890300760838
181.58353145665177
175.1665554164064
146.87609048742013
181.96694306349556
194.8588527352378
211.94331180826063
193.12496664659247
204.0948302276897
154.15570014692506
193.29510929360757
196.7240859254518
234.30771691366712
202.1138292602277
181.34638190072897
200.18046917137698
192.42941935625632
208.32027398801733
216.91976084845524
202.92509593475563
194.44161327020305
227.68814826708072
216.9667905439037
222.03853302064263
211.9002180770613
198.1202756148528
200.23111715727603
171.075910063171
231.96742585565949
176.06570304325487
213.61793896316613
202.5372364203832
247.11992061852118
228.48674619196527
253.65821546513948
239.32237495994016
222.2847791526025
212.7025083334781
231.93899483488283
222.93248427291772
194.65860420512593
192.7954682905269
203.2784420579308
173.41185875439066
183.3755752330271
159.0046173057275
173.17822004708057
169.9891850241632
174.5368255727596
168.99985830445297
167.49579186238012
197.50526036895917
178.56652450030015
153.69525324727462
168.15576903285358
192.8407529393767
149.91187771829664
176.05116273085807
148.0505486824551
166.55857943756158
120.4807087951269
174.03542400946014
128.6040500774392
158.700421280673
126.4590771694258
157.87986880864455
169.49678063972837
178.2445061514097
170.48607407795313
192.32263559272639
233.63830125943872
234.23402225224206
194.5037128381964
189.90415784764505
217.40843607902622
213.01236209523302
188.61499035996195
201.38326725187937
176.88510577733018
175.86125580481672
206.87539766582634
170.22494626264964
180.21087274421507
213.08985195196786
210.20271742203812
195.39570082374786
213.56138839289196
219.2420982303814
188.94552101484874
237.76820546412665
216.32103470461888
225.19426465732246
238.4399546084735
208.79725786993293
207.88694800138052
222.64803365711063
231.42809171395783
219.65404073235112
239.97000300498888
224.23330768813096
209.73361417519644
204.407621294956
206.19597428744538
227.2202093738178
201.85471332567974
204.3601938299398
190.2920503853372
172.46414748301564
158.23900976629358
168.10581943758177
141.56950812624913
134.51373093357964
162.7577658143586
157.96992961639316
132.0923996032594
157.9060052209078
141.43427698983837
147.93856326130825
147.20564903587774
122.19365895151384
101.21096876460165
132.7282577798167
99.14661998145031
117.40508030828494
130.66970576205637
129.91510643755112
119.56611914601797
125.27037123198413
115.15837071328147
107.4100238481933
86.08266733136132
106.0538178408931
135.11981109508844
116.08474063384097
123.18881161397121
134.17242005297868
155.31029369379635
141.77695908274575
174.7332700533017
144.62172411179517
182.37694763360435
149.15992922275493
166.36467436947123
158.06400759254495
150.8960710568021
170.15936080618945
175.1487053555381
174.0957477457019
149.1987955389491
159.8830020879984
175.58152083242953
171.33033324491527
170.22872049879385
167.8010915428369
163.8254050922736
161.28442217415775
155.9805998179216
176.8675456721764
152.63911087082928
147.58178976264279
148.4384856581471
123.95059378611997
143.94381747031994
145.7431762283703
177.2408611574097
184.70102251740096
156.23447396536164
141.44018109250445
133.7090024124762
121.91678131983414
126.58828196085913
128.14856949807017
99.5757203146083
118.19592108890157
120.68599951825595
126.92463203796146
149.67381869009728
137.7470028169588
121.48410220508795
107.33771302039864
112.08661314879586
101.31520465495575
124.74743261381522
130.29859481633343
151.95393462898144
157.5951834219908
133.81494819138874
169.3329151524625
178.55313997858713
186.2742657729392
188.9171002985389
158.95742762840686
181.2831758735789
170.309753475097
162.77606540797717
168.40328258343544
154.89063572205447
153.89518531713532
142.9245058623763
170.97757460616901
156.69198619281974
185.72367178703809
179.29978358210937
181.07526476774558
177.22559173588726
192.30356764823887
175.06196642328146
185.52753719355616
190.48948238559137
179.59823493662014
195.12058134636095
203.65324448806228
198.46561649828357
180.93413428206688
197.5516488252015
212.6003589817797
207.86761092088446
175.93877712225776
180.22574797915354
168.27373367525982
182.86158993904107
200.2909483274905
199.4061290685269
173.07403603243915
192.649194054242
187.25457683587305
189.29427738089663
217.73780096606617
198.7656422068115
184.74387173066052
198.70933265651828
166.4623206855262
160.3444414972944
184.28170994286862
189.75317292023848
162.4195662048365
170.80468149678396
183.31339152587685
174.74749944705928
177.63951028742832
173.94804782425854
171.94619610343227
183.00209400201152
196.81106710078768
198.74562377881156
174.0782835485701
193.51554865487552
218.4840795317096
238.6408425712799
240.33864969189477
227.89581779756202
245.5591630466419
244.51441487318843
268.4595895235817
240.5084333233756
233.50830231149294
235.0990787780572
220.14025532973676
201.05195758301267
216.04021914374505
206.30305578569752
206.50696586945236
200.52640658430948
209.1094208493374
203.06675011805854
179.23772583970143
211.80754843701152
189.33623880675523
176.42362926162753
241.80787191857638
212.9793531404679
203.08550464325916
183.27441708777874
171.98645497740623
190.7159336261476
179.47982648426506
219.2950096188182
199.89152766954408
202.37447033831646
217.18536503430477
239.8470788737019
227.3411974151198
205.88158077959463
213.1075268594005
217.0880439466562
232.035572186049
201.8001302481918
185.37157312930643
174.2232948721808
136.56612489920042
131.71679016422704
142.4422917501417
147.54482154553992
152.1907183230796
148.02684490518405
113.45904336509405
138.93731679645578
140.49232156662532
141.56155456180343
138.08111835931797
147.5054700155664
145.57134082768943
145.0060268066143
152.95421263049636
150.4178021295894
176.39175037644395
190.79830114760813
148.1072743403824
127.81180581916549
143.0659029833251
147.81567010869568
136.09295315858412
112.7602567315778
140.87666731482625
126.57171822561344
149.28064014254363
155.94611752675854
146.05181087225512
149.90416168742422
137.48615457997158
171.85170275663663
191.2316537210375
182.7851502112156
171.1995400956721
181.30707630642274
174.90290267091274
182.81768400753225
170.79518074447378
179.93260600239907
159.62216453086396
188.01316009676822
206.16304883184904
171.603418920386
158.42445363398417
166.0608466809954
178.68494316069305
162.10585852294543
167.67025414789822
151.99284911562972
174.45865798430296
168.34147660213227
187.12142656371034
188.35307024022944
175.74021902722185
170.89913093407569
159.3055653566614
182.1869132659798
177.2858502269127
182.113865234024
153.90930787776333
185.16641857544758
178.3131109745717
166.03709209207855
167.73031253519753
185.79429897575088
202.5036604300093
213.129213473853
232.5162182949541
216.3235124098212
211.4193361839911
204.26604033099878
236.5746871494575
209.73691754295402
228.62620569764337
214.23463270639024
214.00347287881772
199.99966903792273
194.8353039800903
197.50684551625292
197.78168416901326
199.78097205258925
197.56176118771484
220.26255638343937
201.42223775762628
221.17787040605552
162.77339743875177
161.29880478114964
152.21111424264106
179.7458935299337
190.62343077148915
168.03721012026887
164.42419299565074
166.24954305613034
150.8761715625155
157.96039430233557
149.5836187831481
101.13543274835429
119.77145368983328
118.8766325263386
105.93858381325362
96.21002166334728
110.69080701657502
130.0436392279695
104.6422754300601
94.27053490787688
101.8829584440169
78.20491792844211
97.63776877717973
91.14383100165823
75.81935464299015
100.90748777574248
116.92009782908718
91.38540154912076
95.97510569585447
104.85969500249917
109.93566720424089
99.01459791972064
100.18168781771965
100.08205218270946
98.99285005458972
142.3538271296112
160.35867490362554
149.0363311082741
133.6390974462547
119.42506150071921
114.9784031008027
103.49582014199814
122.402180802029
114.53167349239723
113.15907942057926
115.80017009543411
98.93823196480695
99.54616872798397
113.0209748156723
123.46643005001637
105.94781133980608
124.42740507676469
132.57010297392875
135.62518847422055
130.55424858001516
115.86487279413383
91.1167968883367
98.06203943714802
102.62190886405931
100.65528795406719
108.84165775953286
132.06344814359753
128.02530167824472
115.82357283927156
110.39276333128589
141.08427092141832
142.2908582709858
160.44337029406006
141.498984197167
160.15148910488313
166.53302691228885
156.22391983780375
183.1449253271503
179.63511682885058
188.16001653428435
208.8318902171054
237.27396920438434
213.36077670305056
197.4414055314027
189.96974038860643
169.12055162618432
166.06241744626612
148.50149678516343
135.61828476032474
129.47726214283526
122.03791478064315
122.14740207520057
138.48216930240218
122.57514924696657
138.54214452377468
148.8916025261972
128.55114749330775
159.28427332773336
136.96551765600037
168.55793511633374
134.78904203523382
154.2812315342661
146.52645291032138
158.53634597518672
162.5160645746579
155.08280767159198
164.83830823938172
167.87895792697378
155.38170246963784
182.73365286568125
162.4504619516242
170.94285566356805
152.04338294500153
165.91247582109634
156.16866239909635
144.1053714383166
132.65083153839967
132.4789294602144
115.35187059823181
116.64209768698186
105.9259715361818
104.48760260328913
115.81160734910544
87.37026226247727
114.22333304268338
110.55409751276626
122.16217864404467
117.44244442364635
120.5263169830301
107.54514108349024
137.56390289769286
120.49938598091072
134.69674491678026
150.87691817073122
136.67407751037456
151.8668261616205
126.62961995136463
132.32201903073243
142.52102875635612
143.7093934741065
141.53197384133583
124.96808929008918
119.7392083999809
154.3315712574736
146.40182782266248
138.34259654191334
175.16248406876386
155.666130897126
146.65207155876658
149.66548453450912
144.07736381503406
140.43754366423929
113.01215373210668
129.2471959770614
139.44386842841334
139.02500765133658
150.5969473224316
152.00247642933937
150.00090426840399
151.36208616050195
146.4343074177409
157.62276925548608
151.85095281723085
145.57828491947987
131.43488148423654
140.9412693324388
123.05971192813175
124.41970528537064
122.71102019031248
111.20032828556523
104.31150859447317
142.08048391163518
154.51510858214473
194.93342299941122
186.4553210942977
146.12868303468485
159.70849258030205
164.17488705635176
150.70531551741539
140.78865238191872
137.77424045314984
130.61695017239046
156.7854299399039
159.14941683677552
152.26490101970137
124.91451447567415
132.72705377404273
133.2983211981025
137.805007013987
146.65881470316535
139.19633708205313
142.85672999061313
120.73160812035613
107.16216289039298
104.7286101081277
106.61176616661544
143.84425737137752
133.5025957410871
120.28143530118713
130.072679164214
154.9352918530428
160.5511155784058
148.28140786929998
118.86014091471235
145.73254250089613
149.8213153102847
137.93916187962623
136.8093640401952
123.31660168635517
140.18280052067297
173.32796562996728
154.02029558729424
149.30666267790423
164.05365325417165
178.59207504920022
169.61928950433094
166.0811467925681
174.42594134100563
134.0806513946127
168.42530717954796
195.87826939631472
211.14454468927192
176.81570376928437
200.95150705793364
175.51055084133856
207.14815843307744
191.67802686137017
218.86577102810335
172.7017877379671
196.3863532975663
192.22540188430767
199.19059188132343
229.02881709258455
216.25358090323348
213.06854927210105
251.80549534007346
224.7004807268709
239.05186330213914
235.78315075059373
263.01143174385135
261.4522065798215
243.01517042205367
239.5671518098646
256.45720266078564
248.60098854097401
271.23928115388975
258.97787751491205
235.4253245259749
241.44719256689564
243.166334962644
264.523649649698
270.5463050607762
251.11245022415102
225.46764477199523
236.19679878572444
206.15450735679715
205.73883291617037
241.03542746669518
230.89415605018678
230.67601065355373
219.01226533143316
210.33892858490447
200.3178645292877
178.47173618027577
218.5832010893237
279.6857538695689
278.31115739554974
228.75527202735032
223.05862673865556
216.81927171002096
242.97567896828505
214.30928036599454
231.16178184963576
226.99032867098802
211.34032534599564
265.3544935624371
238.47332470578326
245.1543556287961
192.8308330338005
186.5871802003113
205.76431783689625
186.68771022339695
204.57495455964437
187.75439311607403
195.0438510656776
221.15762951719074
248.85286206727577
242.73891077372377
264.6684494445257
225.52401684313608
234.6049971974868
236.95223774655616
230.9338561650703
218.57133446943678
201.19822816603758
239.7090700817801
236.21356192974193
220.50004398975398
240.88918779529
241.60168631184146
208.9625394419915
245.7310662454497
215.07813964147178
244.56996690659733
249.20898126710915
245.57753598434024
264.18361551807334
259.77348748463953
259.04335741765107
276.731465216374
273.85857564824346
287.9579875213525
291.7015636943468
290.6141438232793
278.06263814363183
259.60780030792057
300.0299782259894
289.4699044684684
279.6477172159251
261.04965452180664
269.2636090426022
244.69413579862848
236.6816932027511
284.21141579290844
234.0698813357852
248.29330676526095
282.89599096874304
266.46768933722035
251.95162292223657
286.6750851896849
265.6253734708114
276.4489780715081
269.1778766906131
310.34926086071323
316.4943344012774
304.4909735868556
303.20441559819994
316.8609544952218
308.49636166682296
315.213104956207
286.8365622230132
248.9016750963046
280.53527181019103
289.395647624312
266.7895486719393
271.3853949493188
269.79372030258793
258.06748195282927
278.364001895915
282.3213440068824
266.65753634970997
259.68452697306276
284.98094175842687
277.80372270009065
258.5871092579949
292.579388233695
276.14537958610055
274.7398907967164
297.88176744594415
278.16209639890405
295.8741491110336
265.05927548467406
289.86988705448044
252.30733992079013
286.60030349306857
294.850783288725
297.40669064151024
300.5513565350819
286.18923075494143
269.45826058193575
235.27558104664047
259.5720387336317
244.3525197774705
283.5460621127765
250.14353950513666
229.72820847336936
217.6528229774929
225.09054168467515
228.4311125314783
212.8685843313479
219.09651679227667
257.5256495706072
232.0771387799793
222.74306824872068
233.16004116047728
233.5744531591581
236.9118777433735
242.83095760443283
229.57182834719768
234.3487544743416
263.1111476062042
285.3866637410885
288.6184857713483
287.78999650040544
276.20111213243797
277.1254342432706
292.7981790719105
279.59882960653243
289.9553579693971
291.48993037189035
267.68627673716526
288.8146012953388
289.7009287021396
302.4441713726503
303.44767755453415
298.89511508723393
298.430715903052
279.358131708418
285.7327462992501
269.79230459978805
287.58639164193363
278.9957383786671
304.411328285129
286.69684251942135
303.80855320526825
295.5450392849613
300.3791195699664
302.0451624051833
323.4589326583134
309.7924731367911
290.88259282648175
296.5400642743112
274.27624768311347
236.05514222092782
240.3371735925358
256.763859894218
267.43442622877177
261.5568128229546
263.9623438332789
259.0063990433524
252.53446052306188
261.9860800054759
296.0549959385504
279.3091304674231
271.9045416877568
264.7792668635437
264.95668877985446
242.35004760518186
236.93167327776416
240.2739763375371
226.72990611861263
239.92346348805836
201.58113104385842
218.15912211578288
234.77371771820233
224.66267125485533
208.51408469362607
193.6109575867513
247.0074414161131
206.78468944487454
219.2032746946197
240.8227010559868
241.7064436070431
250.43788285355026
215.44171807868818
220.94748507408295
208.47983679839328
193.57317012829802
178.84773531396075
191.68162785887165
196.50776579658805
169.3142561163068
194.7435115027531
211.59494195146644
170.82885741939933
191.74026710804674
183.09139160302183
220.23814498410584
219.8532003860315
228.91793817306706
224.72714100804777
214.67755954706232
211.46975213039505
225.21804354942512
231.23576729232104
214.92079061272148
219.61009765091725
203.54649761871673
202.48902869945528
204.8311811352726
238.55927255404316
259.6883445551485
217.09667728320628
191.79877975191002
178.26894884806666
166.25972939873606
167.36183676129286
168.64872327135276
158.30706379269552
175.95356782678263
185.3829134329415
153.38957520208422
212.65381896832776
233.666173066328
187.1576541061483
225.39938168681977
213.83019696054131
225.88916571239739
228.30091031561855
226.68757220071785
221.01105756076217
203.09081185449193
204.23388999786937
200.73377813787422
180.76712049912237
179.64745626593856
176.70070459106466
168.5516826393856
170.8587382947042
170.77577081883936
151.06735426420042
161.3358085127715
179.12336272114882
186.5136027729725
172.5212865745462
174.37046316998774
164.38853988781503
180.68192401951958
167.02013492063907
168.77754005350872
172.6318998837934
158.13864945729077
133.57291454803376
123.07611613348158
115.93003120919816
100.56857792272501
114.74692073014455
111.97756477622727
94.94541401895269
104.82394833893309
97.89179766336314
120.45232482404519
119.98110126761813
110.57712083158702
130.1316394371733
122.46039986974395
125.55739356496782
138.0050602890515
115.91359451612865
138.4103973141586
146.5470651741776
160.0269324155336
131.29535600407496
146.03857591887703
147.6927539831737
144.49712301593448
148.5908259450414
149.71629007118807
164.76184277711104
143.39896915378392
165.8225903947678
144.5926560330735
162.19591139585222
178.3544177290427
157.2584252919562
146.98318786062566
147.51561090835858
148.23622030562626
165.61160377415368
153.77553459045416
166.19221887688087
175.16944518654023
185.2275455992218
177.1728983138243
187.59485382453673
202.4965408179513
193.74778042497616
215.02067060092403
211.39810855154568
200.51111182132357
231.85638590575306
207.84618054590882
219.99622215010245
209.4297741631235
205.2755020620944
221.8478722413715
227.5845850097581
211.3619908126631
236.1435883122886
235.43965196889226
251.23628869881034
234.31049920389088
280.42753904187214
293.55921455312614
290.1972872372211
272.7246690441088
284.22319894575327
280.17769221520103
276.9867253137232
259.4469061592567
245.0908272215825
250.49135731726093
278.1011087651357
275.9910033006213
257.367826662827
268.33724060743225
283.3716883260618
281.1372605687238
237.28366393008216
270.7900317960647
284.5326062846586
274.21040762403516
281.22724797457795
278.56828073171965
281.6521539610476
302.4027839750387
285.4966247015877
311.2635223852093
299.8048482385051
309.74453373320506
310.4581477395501
309.4130799184019
313.53276773429474
307.85738428337913
300.38951723456756
303.14006496240904
299.484450145242
291.4629222031544
297.15197653391004
310.76359756021947
306.43721660480196
313.0658180498076
307.3320638121165
303.99518632046295
292.29198248685293
310.67850172472185
309.0846040321053
292.81252029665507
282.73725585589483
277.4117054122599
292.60748549436926
277.88611623476834
300.2851080626196
301.5682727191702
298.8478427621634
292.39193608225145
287.07491221636366
297.6095682339004
305.4630166976116
297.1913276942693
301.0422291034669
288.1846720800136
274.6742688207853
259.33175896192637
310.6267547947544
309.54322605372573
312.5604704051761
294.0772554317844
309.25703579426585
323.3642719608743
305.68199424534765
290.1061845314719
281.81465831863517
293.48301841064966
267.9309260057537
246.33394123212267
273.38263764204527
262.61044072963244
248.86505838997837
261.8966595850643
246.87710802936212
250.9415626874732
234.7632642366657
248.31302660877782
236.79080671123063
250.90535292809477
252.15186759528527
257.57702100174936
231.3377656046976
228.75192565213945
215.01995144102645
205.12717543898574
225.36754694695853
234.57348333025504
223.2311713156075
221.8196796136311
226.56546219288435
253.73991861116042
236.60610108898248
244.66188913393052
230.92442944750533
232.24083492861453
189.49241581448047
190.7034161042335
173.5761136635028
189.22800524668054
206.9555797460008
223.0009304775075
219.75565926866466
224.52244974393633
195.92210966100637
221.40456708008944
225.7000264126855
210.6916926206466
251.67680689124444
226.46295673164403
242.15462637477648
251.27256911906994
247.79153982952226
256.5151307233005
265.7802190512243
253.8125023029537
231.91021757450358
234.859667249292
255.53703544868742
225.41491519967798
254.14548648242055
229.45148389693148
212.80610215178962
233.78257229073117
218.8358638707374
231.883872716233
202.3371909539614
213.65551589097453
201.84957380307623
186.09169946420283
196.5340996957254
197.36637291228024
190.65626979661718
155.57170554330318
177.4573591888908
157.72883126696868
163.43634903733
149.29623679772388
141.9040698456053
117.30033132324729
102.76863634392728
109.83035726265634
93.10057755328636
101.17296352275719
120.59422385647525
115.72077999573325
113.7384120796141
102.24708363494561
114.76908846429949
101.28364315253157
126.30922559954658
129.79326610072852
131.8493910937931
108.17830552797574
122.56812501696504
130.18037126671553
113.24881663451536
134.04275224745317
110.93264349599723
104.57852257900927
88.11455597428962
103.73828941383283
106.5217820064224
123.04235265074026
111.5613961576021
113.0421093056217
92.69439582962653
114.44034040062415
121.51987652902415
126.90568286693602
123.10960439720324
100.01448795471111
121.80398009877662
89.07045614447087
118.37247047730541
124.69452098281663
126.04926917492102
121.10937997557505
138.716596316926
155.72875350734017
157.25639896321013
173.46688408793142
123.803155268482
102.48532377032578
87.25858167547479
110.78745496718453
137.22666564859614
149.20177939188486
151.39730873367097
143.7595757566722
138.55623505481637
130.55203599217256
142.80524091217498
132.31310446101583
136.60231360935
133.3086324086563
124.68877360424551
135.27455060678912
111.27956773656778
130.92827823195506
138.7189103531846
151.3080455488957
113.84727733722336
114.8263887326812
90.54113458093418
111.24430783388242
120.09610593087716
133.78986124852713
157.607921070789
153.47937500063637
137.58576444492095
165.9295009154797
164.75726064516752
162.07975411135624
153.75157709495298
140.05556530960018
162.96329778893448
160.35306448267602
168.6956971238417
183.06483057651016
172.0255745681274
171.5547322928672
167.4451762277408
181.61690515127202
181.01975610215456
184.18518395862088
189.57981116210848
175.032654130995
175.83709704208124
149.25290263961287
168.07671248807765
153.66726970531766
135.10408537816025
155.16566754915166
171.95007519598792
172.04296634173102
159.37022723485913
180.7089804267334
166.0761113623138
144.43671987579793
140.06706821584035
121.76591663429276
125.43896058892531
97.68035632307515
102.16149124554286
94.05576125534104
71.36222063838538
92.99604792708404
102.25728605529062
102.07818070898344
106.00542652031471
111.06720465986278
100.28315097435511
111.66123153330355
85.56539353320926
91.74632025076986
117.06367670796446
89.06182378757802
116.28723331619348
119.8752266147647
101.86072490089158
113.46849274621684
116.83975783245899
114.90310494934991
110.69166316318065
100.05725556850354
116.26437668888596
105.13774301723882
108.3955206311449
122.07660039552601
134.79769892624242
138.52232396357167
118.99017695292494
107.98573954190765
123.38603788908638
92.2093473983723
102.08303803829051
117.70397572542426
131.95902978455183
137.44499472163847
155.4686953938698
139.7208239643413
136.4436607169393
135.52864210603676
162.85898016257602
126.91800302849012
122.33918100160705
118.73511335371865
123.25351729395754
96.71083552653117
104.65773274953189
105.96550147211505
119.25081195751515
113.29272533367163
134.48901172229742
144.94441447039426
129.96376703423346
150.72075957891562
134.29955245715976
136.16179160531686
134.00578402749093
128.97840956968463
152.2420170376355
132.64976343744266
124.41542768163437
121.92593543561607
131.5229445887419
135.43266627965687
146.63729097852382
139.9380820143996
156.59716740688336
135.16960488351745
148.41257732553632
133.48377934800286
136.07841459263642
122.2949288894005
131.0154277021334
122.82885689076363
133.6521163298819
142.03300901947208
150.65434023179537
158.28902189613086
162.0988572977008
149.4771149107522
177.22494455743976
168.5860428915584
179.6576091461301
202.0185395862789
191.6902515206916
211.11380167654366
205.0224608074135
180.11870994701826
185.62668425760134
163.75484802564606
165.78725770861826
174.61662480341442
176.190421490397
164.88326141982597
161.04170501511754
152.31782335851562
168.05009307291672
157.3349503894698
170.2116033702067
181.1302312422925
172.75947175882393
184.67923386294285
188.36014294917655
170.92146102779472
163.46386843600678
165.5283946824697
178.46467981941993
150.19778920667852
179.36240121290183
144.483374685702
134.08607240958585
155.58701535370082
147.56099946828843
173.8984028220984
144.1010018210685
160.01498237342398
177.84480451898813
184.77445501553922
185.5353508692309
209.70259140662674
196.7355766674665
154.73406176370963
168.01487157390045
167.83917129415806
134.55661664330455
149.6212084101238
146.7463715311994
158.43520336459994
157.9482065508377
161.80702340340946
159.87175900036112
153.2894298098629
150.81163490458655
162.17306241299363
175.09851716773508
176.01972242538443
159.2672019016372
157.09904599787168
187.36295718574425
172.42485096988128
166.8999387111307
149.07357364411504
160.4162905588692
141.41474826851228
168.99760657243593
201.47039670791187
211.0516419587087
206.3761041503118
197.4979763811114
194.64503623165552
192.12042043556042
188.95272507808392
198.87907186270613
197.36770505383703
155.9969404496209
159.92045863998854
189.21573570117278
209.44410998368787
189.1766869092525
183.83293569801768
191.2507877746823
191.9372787375883
208.95034309736891
213.43239538675786
207.66729432152522
193.7955145285878
188.12772848566493
205.81871961576167
187.1380916362661
214.1695570935343
213.38518636913176
219.29243489797443
245.84550167354726
256.17101379943165
245.27230075045392
246.80330334101788
255.9676277377824
284.4303447549168
262.41146650603537
258.9325934181643
254.21618344179845
234.019446910388
233.6781923566762
251.62251803933472
234.9727112332628
229.51215316696826
236.08760897975972
234.7636340641531
258.591551648927
257.23351803926516
236.9163889616888
235.8406610475463
245.2622575819493
280.8502029146594
232.56859919440166
236.962528837471
249.68989820216052
251.86889445946778
286.3728494338572
263.8823264671371
258.00584519893283
260.01750920308217
254.1550004922322
250.84250478618048
253.2079122264808
268.0085798631156
233.5498381861822
265.43783817245657
234.54979854514755
250.72255102377602
265.2685305652514
244.06655237899685
257.649356958222
235.79048855645715
234.94722237183692
241.4369530997003
189.7348651872636
189.03270690518573
152.84196025632187
177.5551604920524
200.1461636999237
198.48254115299838
188.35689848240878
212.40779441933628
195.92689683658958
181.80848451756856
200.0875244087976
233.77862226985368
220.32860904675454
197.35281366970145
209.8617145648508
196.71360066726137
204.30157328322514
200.0008985980973
168.56328584931163
175.2633440168765
192.4399968573898
192.02694056040886
168.31040807446303
185.1276442013443
181.97264445653957
199.70373613423595
187.80967774423735
184.66644874399296
149.4421602149655
160.0043926274552
153.0274893750767
165.96784078881637
164.78806818339993
197.62595338932465
213.35273030904654
206.33720311610483
215.6697014124337
234.22121529750464
226.08882649460992
229.5149170169016
201.62353786688857
229.10140025920467
227.30445372270663
203.57542431580148
241.83025716923962
236.42083358974216
238.54122668905578
249.38882080498826
236.8429016836088
226.1919676267462
209.32844028266047
200.2768689945576
197.5633289925847
199.3515832160875
211.5777098569489
196.3126116417366
201.6917404388555
179.51146975973293
203.1077289338814
211.9994426207029
210.9806674390362
205.30422900341097
209.84481713157678
208.85017528531404
220.9719643136277
234.2927040157051
235.1239812459716
262.17309932739033
215.61291989801077
209.64185455635464
200.68517092959476
168.8171034028238
176.99038806753293
159.95366880364207
190.75253539389556
194.0013944013817
205.08369985023612
202.66177059452525
191.0993559816128
193.2284498962856
218.1031193406935
238.83996875910688
213.0102283138693
260.7076393588493
246.50207233253903
278.0698710335233
254.09065191983956
264.9782655021282
259.77067884677524
284.71017632798794
262.909161629958
273.62603361156954
267.46928329905137
275.3948720521239
252.55037998488123
288.3073952610611
287.0064284332654
248.14176192288556
248.11437288131017
288.9073076136238
274.5563655040165
273.40274148078817
240.57044450495872
277.83819335547975
290.1147496951062
283.96890421695593
256.76334863321216
267.99448020602233
255.14524436950418
276.5909476079195
255.80429052000497
248.36501068569174
230.02091337564866
290.8369018560121
260.73182306497915
293.4717073791654
258.15977992342016
258.9348827345566
260.4181823883402
285.33740736261774
279.3293955325298
280.98534684731044
246.923908958016
240.5304862239475
260.05228677516936
272.618742437949
283.0775041266667
250.6695191265438
243.78151220238627
251.85645711997176
246.48150460925837
273.5767873969315
237.88779563762571
256.0664370011285
273.0251379983938
266.4419338744932
278.7063676273826
253.2827157728535
279.27739947765474
268.55771396360603
262.444859698535
264.77027158561066
286.7595564874084
238.8598711517067
270.6554684292137
263.8545834199595
264.7138396652771
290.90789644336934
279.32312699810825
272.407569613941
258.35186202187805
240.7282938978856
239.4668392358755
275.5593077826047
248.8021946851505
273.4877484441596
286.3680317165651
277.220946360838
270.5412887061266
245.91723648281447
248.4496400956533
247.19518703902426
256.16455268278827
237.47617701548478
217.43307050382734
195.94346507771576
215.332369028174
206.32591394556985
200.80102551088063
222.4246592481815
213.0836634228539
213.9375692547217
194.90883364092005
235.22936755402884
211.72874298016717
227.8027940268839
229.50731328767793
235.8753952595077
203.33185295282001
199.42128741359153
173.87194127404572
188.36646217921367
213.60166185631698
207.5742423786246
187.4439959643304
180.06588729950386
167.2824665399889
181.560395735515
161.82136769581768
193.676800656138
180.95202257854353
192.7591466545664
191.04262398775265
231.7435038919557
210.3502314543123
222.03600720856014
219.21474810475223
212.00800415598553
208.25825276026382
180.92731529090756
196.5649748113252
170.26241595706784
179.94423003146005
170.71341948250415
219.3351195433614
205.49106510652396
196.48716416314167
206.34979198938495
189.85849595291342
208.50677626632137
194.820368068513
218.2519250365865
202.48412192970855
185.20301940546017
192.8694117200969
202.675954048533
205.04309979347744
208.52873573651857
221.17257159546196
188.47003891816414
221.6171453190948
197.88896712286285
214.062588488965
201.6087128800096
208.26205621763688
229.5184365346042
191.31963583940473
189.85409997606382
167.25978671531524
190.60545588097636
197.24028222071348
164.94159529742777
189.00736640755417
182.64040989882432
178.77241697986972
221.70853392205711
219.72644241192012
198.6761337842762
203.03499610111857
196.70647239296775
189.8497797626302
200.48469390399273
181.07505161570558
164.19819089669699
181.41902550610615
197.8503035700373
163.50561735204283
185.8910049079931
169.2401445880592
154.37723353894324
173.8850854463494
160.2191526469553
186.3897288424953
152.79444385493434
160.58102617609325
167.86803350292925
155.15319600254807
166.9624423092321
134.46743193571723
139.6725433956963
121.26844461591384
121.01289017167741
123.08657696277542
127.83109361585832
114.44587053576917
138.97104712884055
151.89606409912113
145.05219940895554
152.5260427027466
155.3092270867603
141.18309776133512
144.75510549438104
165.35682442031214
149.87489271954507
167.6241392928636
179.76831659589425
154.7887181327332
168.46195708596392
150.8390697878657
183.4183475391342
165.17554627258366
215.52305772699475
198.39021040059578
196.38027532104002
209.08502625512784
209.50938524960088
208.11156168592208
227.81371174473676
228.2933056697883
231.2559133830798
247.98679892544538
240.18734259134666
253.07394004645576
257.5383337278306
243.23095375345713
255.30809061929267
251.19102208495136
243.04063247336325
239.27193675456382
245.15372681915926
245.93267758202202
264.1428384779903
270.9734698536131
274.42614544652184
262.2999204982825
250.0265590559351
242.34070171159533
238.1088024644792
241.59339416391498
250.29937407011954
212.2021689562944
245.82981935079118
247.10552498136204
244.77255657404405
279.68985635408364
282.75730215058456
225.9471444472911
255.42382921185276
268.9219527349948
255.04033418922356
206.97985193513153
211.15508285328386
245.80346319952776
215.71318734669364
266.9963553909359
273.3116476940571
281.727045054844
269.85520301600303
258.4149151284207
224.69296336467482
220.25781177569604
250.87896205580913
228.50015677546247
252.9249084637399
269.01934442043756
244.38073481493046
267.7027767852045
255.2843286962743
252.82315761339422
267.1528692633258
240.35871262279252
257.8421405155412
268.3621803688095
291.9225771897627
269.23990850544266
286.6507723673122
255.4972790320868
258.533029437205
259.1330079960143
258.7312395367543
256.5347206837988
288.68864451357706
259.6000916524544
225.65014005543122
246.89495663819326
241.32249472505882
225.14048217575535
243.07576665974895
246.52159986196997
243.7220321028965
244.5124355077011
231.97176652630102
214.17359735241362
225.98716080510013
236.74407675757863
217.55679665587715
243.15126853752366
226.920995556166
222.9286595879704
209.29896937783982
209.11447468807074
213.6512125474905
189.25829878141315
235.59615446471
268.68476942206485
277.06107883690674
268.4893384672476
233.89093276116415
237.0326681448546
258.4336601473589
269.1408181771749
263.2960224326677
281.72165356339633
263.2085106288671
238.1479882386974
270.8443674578245
260.5707903581794
258.4248556854379
275.85617779503656
245.0877742048484
246.4308473349935
195.19939694704635
225.24353795773294
243.2929936197405
248.3296035918264
249.52244289500752
259.5569778095697
239.05151661927675
199.55155855889058
207.09777535044313
243.9244963394495
244.59856635183797
222.80835065543664
237.28768264713776
232.54967948393136
254.1431177676805
216.78046146195499
226.74434861479986
222.3661216245902
231.85151615633208
208.03286049696732
233.54616903906992
211.03172590509234
204.3029655791437
184.5256954130851
213.57196584493153
189.21465587489104
219.99444384742816
224.79851498469742
230.37270110057636
198.33140486971956
221.7897026758845
228.51324778766127
211.3746355917403
207.4514059599337
232.62583929760956
253.81966075156012
257.72367539034934
258.0468326844906
260.99905995833905
245.55149391194024
215.46830468645962
249.64442283788867
252.3163863596
241.3669944548034
269.77401947054966
275.3100103965178
269.0783754924492
246.5158829922123
294.21581428391426
248.44056787178806
282.2034026168453
276.50544626849546
258.792500805615
239.98155220792418
222.5132825905539
252.5907222822946
227.4878788965039
234.52271778758083
242.58138245731112
224.79190072036533
227.74489343031226
230.77034823228632
242.77114561820474
238.47083102652937
223.83956602112985
220.57391925133518
189.55101532246746
207.3183051059414
199.58520055254584
155.72455358509967
173.68146877533135
190.34151742594682
163.7823401328877
147.85048213129707
178.87660833141248
183.6451600413654
168.43880085249523
192.4377293157714
154.72558262497245
175.72384882372145
189.5483290199842
189.29942086489538
172.74494556788383
178.35721875987224
183.90523055291834
190.2870299920934
180.342346904396
151.45214469572636
160.01341916738474
151.02320508565714
167.43619480708082
170.95657244167532
176.10423520763825
169.23580540025048
155.31963022742235
153.65410165718228
150.74000872865108
168.80608596090508
168.36796955339423
201.9774514810097
195.8164882519425
231.54680886858833
207.41351453459032
217.35248060039638
212.00616006077306
209.90991944431823
204.6288082145783
194.1039850522736
215.67653985225127
196.18873700491264
210.1410819866285
208.49150849833327
223.62129620036126
213.24788041802867
236.00064380489937
215.14227807751107
178.1178442826588
186.21997313278197
162.7096262443153
186.14638078055543
159.46451317390688
165.59598293884264
218.2960869173646
201.16820008641895
219.19293394099145
210.11799189775863
218.69304914149797
203.5830920407319
193.99829387506284
237.77505139824788
224.42811620276535
221.38855116844852
251.87107835303013
242.46246758881082
213.49825303238975
227.3224291581355
239.25036202166422
256.1079248527641
232.99113938087476
211.00614027399817
235.02468768837747
201.15873135175326
214.97108910126707
202.97264342760485
187.41884020222423
198.31116281271412
207.98219605647512
212.59377415538304
216.1003918902933
217.20103457137637
195.78897480383446
214.25033489599855
208.64721307875976
208.32803747123938
190.33287672472284
214.9666723061648
211.0127812325643
198.73517433700164
222.4958871513565
213.83346965475414
202.8549185099293
183.44912367539717
209.90962763575743
247.35646679139532
244.04781787701137
240.73439144509828
201.12248173325798
201.83246800568534
159.85199188470233
193.09738617069445
183.404276422742
198.49191369778768
170.6752530819562
177.01964725346087
170.12467181228806
204.0159334964073
151.2795906033167
154.34389115508773
176.69373834249333
189.27205370102104
202.76046913222754
171.6651506220187
198.91056010066413
174.1394440882345
184.3405465954025
182.0349819920723
210.4783793661811
173.53027303805106
177.32570914024572
165.64334057104838
152.34505852071308
136.66729521573822
153.789162630984
154.71648736891427
164.44131725380507
149.3294643783983
137.0272002699711
153.43027216683728
171.72107111853853
155.06718150935495
146.6502244231399
145.02681272645103
144.26553894624888
121.2040761492724
113.4479612993869
115.98719891294441
108.34384495168906
111.56582242653487
125.1111563955192
126.1336209173065
123.62250008376684
160.75341109381802
143.2690101117059
137.9327106530411
144.7902916901325
136.04006042664784
134.60358251339167
137.7631041663511
124.42229380455865
141.62352224218122
115.75145561435646
119.5399901159808
130.95327161624883
117.33120248899817
79.00532216085196
78.34736270396748
91.19169651312635
108.67762942384405
113.06324593822004
113.2989721912905
142.92809236100325
140.57345806697424
152.35016449313935
141.6428420148905
153.207721316706
139.73615744829692
130.1157378099609
122.0375177598435
112.75009520226553
128.4542655713002
98.36508123984511
90.02666613018376
111.44565845526269
100.51828454420938
103.41917021009593
75.86310990048256
104.7094361444626
97.13829324052315
98.64087443205788
91.17659764052469
88.85898215883888
79.56106856349533
99.41598192210236
126.50531951833058
129.52187967014936
111.13146332159096
122.12082600416473
129.88697631071506
124.81359018202471
108.89531506724497
106.38845157951857
104.37465288716756
97.08732301067543
101.39446329640892
92.12079439798262
101.34341561850304
101.71066337899039
84.39645718731389
100.61123251116997
88.910510564071
106.49691243879155
81.73866616368853
102.43548132370114
113.35373891053139
125.12832505200703
109.94340767248795
88.50417566619424
91.27170386163966
104.89059980083319
117.49215615738417
102.60650491706039
89.02607486918214
85.82095121661537
96.18695973247465
81.72971876483763
117.27556687736288
115.06395528064225
130.32511189070541
129.3420008555216
94.33755157083509
121.09288581815254
132.1778275634692
133.51920078606736
129.61972880701114
125.7161554859371
125.73135675177488
146.46060027701154
168.87933996075157
145.54319498612887
156.3786040207342
166.98992959495277
177.06268722469432
123.59643241321244
90.26026761486602
114.41154202242427
102.63059846357822
91.23671132046515
114.78015813243458
104.44760761100031
121.52645090164785
124.69841535999122
103.59171952117322
124.88424565752592
141.65571908092912
127.33242842326005
125.43285483824684
87.26298230422603
91.91326268569004
107.2199394148815
120.36489827002124
111.32010807963768
103.55469775275398
92.46417858275746
89.23136217763648
98.0971710544971
101.3927738663727
102.38082122398815
109.9564440326013
119.42717804073152
113.60999936379237
109.83037136377297
97.19851337509688
100.93924987162247
112.83987777758493
124.39016318087552
126.65615533670854
115.75325360636444
99.65218091977917
123.50455757467188
114.18891534892697
125.10734616817675
123.35224488451992
123.24746695394994
120.88960757500298
134.9568680855192
113.96428888974873
120.9984264138948
129.1281441807084
135.1076199204906
117.8977702938906
133.03335736997244
127.29841410124509
102.3328445036942
111.15090320960581
117.97390356242421
113.0206484326959
135.0258416731868
113.43322062542882
100.38708952964487
104.58750379805034
121.59445716869384
101.43922669460514
115.50395156618116
128.23470662608162
127.41353111847734
118.62785136378466
130.08162661366387
138.071909815854
114.91979870587083
105.1126692334669
130.1875322658729
144.92634207396333
138.90664302131847
137.97436346207508
142.3032295873179
122.44627764866546
90.41454942606677
114.11322420749238
118.60542918950176
122.12586164432344
109.98295658911564
127.64158425655842
115.75011878699426
115.40167035730524
107.16938016105341
120.5000934859331
137.81706648480576
152.79141786157908
162.30076145227474
147.87647180254328
167.18031897337198
177.4151573957485
148.7488303589522
134.16793043910388
145.518333169271
101.19784628905799
106.4723725387123
115.95587905292945
114.00387960257495
118.86454436505954
111.50860823546289
129.4884482429105
122.59002765383475
98.37924387274802
91.85871738492597
133.55300036563796
148.05930709912775
154.7590095345226
136.67080113492665
118.3467226060923
139.46411374440106
138.81896909727132
117.10932452125682
131.02724921589072
108.91625930372138
112.37693519375902
104.80358019394295
104.71510655710973
132.57602033692353
109.22977305472585
108.18475788716614
106.77924608049906
115.8096549772518
104.73156659971283
115.25333591846957
132.44237523833516
121.08110357702648
119.60613115265588
127.98771515103522
132.48264605702113
124.73394338144121
126.66046988737553
130.41439144450428
134.9372948890766
140.33680643451768
129.2215108367549
138.2580791844658
125.26611684570533
142.52161984736162
140.85345615553902
140.94985892310336
140.57023288166874
140.46672515727704
146.1510667013748
140.12212323442196
173.79985094958823
133.69704979168955
152.7765264727892
154.2116817388436
144.21570949317373
144.51619023330682
124.28305941619931
113.08018958928737
107.60788226875061
124.50433588204342
130.9796825704594
127.17045171948881
112.06157698481618
122.54175522203525
101.6283346726631
113.25738449853083
99.60906525832348
130.27841641976931
129.8047328837291
155.10516263244082
163.19480773918133
166.66396824558169
157.40315682416116
137.40484321130828
124.48843676572392
101.22706424897024
127.28405817137954
146.1183356959658
128.32691995141042
107.56466990434498
123.68709060664723
117.6414729825554
128.8908459464956
136.40807752019265
115.84539693444667
121.6489415699254
109.33673940164364
95.46918857251353
105.43560369130854
129.43765556708763
101.90138293856099
128.32533275453653
138.0768130818505
124.55092710999484
123.44899468147455
109.20204642494097
138.6081466656046
121.56268005616042
156.40957557445483
158.2621440073354
133.2313530549031
126.62821485476293
128.40246135224137
158.25100502535898
135.648195188491
128.64689991505517
145.11999184294922
127.82324276126928
136.894360125687
120.49084721066302
143.8984161000258
127.30048596754499
117.84728780546762
115.27743693535294
97.2989944408913
86.00516627277021
99.6626811259958
121.66220665982331
116.53162422955583
84.21190440413497
109.89569000924497
120.76805889433251
121.91406205628918
144.232384872954
123.35283893256617
146.95060010109216
150.65891848809483
133.30793692547758
112.77106074154293
129.78788808314715
119.79142951873713
110.82941528280439
98.12388650047633
120.75144891285645
129.22609939855676
115.70943169513035
117.29802049047726
114.12770291045769
114.68703082091555
127.1377270340619
113.90239059635641
131.7102722880432
121.20135110928533
124.88841496494678
93.59361058886455
109.10406088942355
112.76245222536275
99.00721851224604
108.13645396479842
91.19563351705587
119.81066458583835
121.27115749352234
130.60578811317936
107.54433220933012
108.07462569899272
120.45449229728302
121.17912213143832
131.50596768645656
127.43416642655674
141.70610150068458
156.22536081235737
160.6262943642988
148.2316521261019
140.65472031365536
151.63986014916307
127.09695578075011
146.48757882955306
138.1970211402831
132.87176874395215
125.76579354260687
119.144017787333
154.66954792494636
134.01047144138883
131.62413399620874
141.9713692040337
117.53683330980688
130.16250027217686
126.05621634698949
116.03678620536036
105.04950988308369
116.13050235136119
116.74543966078109
98.55213938203102
122.0199367316076
114.02481092526291
101.53525124668103
125.19506716518262
107.9060561695383
111.47613745015293
90.12680169187175
117.87425609822326
116.01254909869165
135.87680796810898
105.52333037566993
76.62353827672393
102.53130582219202
114.4611416056992
110.81357127846003
84.88335259782927
116.42478090322551
111.07805015195113
94.7305936381547
111.3350984052017
72.10739280710544
113.11862662878438
110.28461894031037
103.70555069173066
123.10572276320201
93.70083633120298
117.18865597534055
127.15380802715984
113.94937042635851
124.06893148597645
122.01224628162038
148.8693083347964
131.79463308048057
121.74756715939324
85.8904564733156
82.81663813631224
90.05607585952924
115.95838244426625
117.02522852929806
147.97462205313354
148.86794149895346
143.99686030265937
151.8125569380121
163.28891976234712
163.14946815554782
151.7165661512868
141.77335460320336
168.4701276790096
151.0458081093656
153.56430488273142
145.66036693032706
139.60016254666232
121.29699182695457
122.63282008288569
148.7722120855698
148.14153919946816
168.20442557884718
164.1017463889593
155.67775376360956
149.96502959606673
148.13439818388753
130.40903883510285
145.60147292861868
152.78063167750486
160.27381988776153
175.7627589048244
168.76419062795978
154.3055528696817
132.75846571074115
144.68709383902467
158.82527420993432
170.84333616046504
153.19487373730425
161.85433228004476
117.47382165125707
111.28086500064667
109.90160716097661
143.63669521687913
155.71096086660714
167.38683270159711
158.14836273170732
171.35737838944743
164.30545050660905
144.76334419807424
125.86538165813268
143.0317566576852
132.2346551429069
114.73895898588499
122.13090904260555
125.26260038649419
142.20191594306104
134.58804998388368
105.67558255871538
134.10956153811028
137.83494663143992
144.71534670954853
141.58289215027398
128.6728014401288
156.09555677005136
156.69058443211293
161.61902620796246
183.39464330589664
153.61574556107036
160.03295905771645
163.83847082150942
159.0791528760912
200.37937897024156
149.09029135246308
161.91805409064915
154.0521528279002
163.02636653911594
145.2363007157944
134.86307390789645
133.28882928311356
140.3048463355249
147.4047940503722
164.37156705833044
184.2011806422588
146.15082820722867
192.84118503956074
163.32394032934457
192.00306628297307
170.21942600140028
179.51840412311458
209.29620004880724
206.18453617709224
178.80455726414195
201.33701150822165
177.22178230531293
190.70523243806647
204.43463798431344
221.53404415961063
226.6101978339682
200.39509219890436
214.10154558417912
186.31122153132824
215.03447530655842
170.79581340177512
184.89427952362365
192.52503164979854
197.99835478840566
216.06192752363822
220.18611021564752
188.88388281274385
169.04409961522362
194.44542029711684
198.2826466593534
205.19733668859547
190.73580878409246
178.15969853506655
198.39177829301093
179.86963008653893
216.4275331905444
229.12360454911328
244.73383878540287
222.42068158723538
207.22855942656804
191.9717341763803
222.5334024633129
220.9924227895469
204.53279205578232
211.7590365589382
232.82393270224398
250.37265373912658
230.3338500021347
222.1777512248332
247.74826085702665
197.8731415744852
269.09214705784495
228.17086022288424
244.60912949297878
232.59035599435802
213.74007484742359
211.42491206344022
248.8938176042536
252.86702258771663
278.8192344928477
265.9401956202992
252.36245108904043
254.1360490415637
210.85238166163543
256.8037802508124
233.9901162656955
259.6811143013822
240.4898102583988
249.8566734055052
241.2161521335889
248.08979419379423
249.0306213158733
243.83673775760394
225.61547456215538
242.56254398576732
228.82667810497765
212.4339605816265
189.81121643304502
189.52312101962667
183.99646894950953
207.95272847716012
180.5030613204877
194.44225019313004
209.0755945878199
209.05746615310193
217.8234838690438
187.88766634080736
200.83274909664573
172.8921162209506
192.7958500020601
179.83850952333228
224.58743354430663
220.25001684248724
202.43934657735238
230.16803330451796
218.15802693268898
217.69013306622057
224.10513137642084
230.1452452612957
201.36783218210098
189.92593250304358
172.94998804535356
189.41583359504898
180.467008673293
168.61394156399857
174.84249236081536
175.9404143581146
171.69742341516235
178.0871706791832
191.33350437861773
208.55519156953804
207.17308768253667
213.70223878777378
194.64371122277853
191.8660043976285
180.86781047976248
185.70752327443532
200.27564991957465
202.74746066340785
207.6348702080385
208.9137466715008
199.08529230057405
220.76960670672423
209.18494805190906
237.6658812288569
242.21553618523726
230.42067867053964
256.68870775259523
247.31959985686066
243.2974067575252
259.5523834679532
251.81686929349465
259.55922659981496
240.673327587088
241.43960160920818
261.8044564296931
288.8019921997103
267.03842086654004
276.035896917957
264.16573104635273
258.2002323518788
283.90952716934214
259.4331616796874
235.84065553901925
256.8801258904795
266.24058254015114
243.12727462623766
240.4529658691272
218.00726899537747
220.13854038083727
211.61753409468452
228.51791261689738
243.8087711545751
243.15299478334373
225.1229208589869
198.70472218501644
195.28375763900328
203.93440500555027
189.92601221008118
189.51846961907833
150.18274332250516
120.09934055862948
111.97212521270231
144.10104485360628
129.33158468788383
128.56143226897433
133.85159364241414
118.52844197955784
104.4060229671382
119.03567566471969
111.07870307291196
102.44243592020155
111.81864303131319
106.84623942592052
96.93758680896131
119.13760416058037
96.5901183664748
95.69702741546236
109.6841960513197
146.7103506715118
167.6647396740485
161.01464767622588
149.78419681897796
160.47470619012677
146.62943993158342
112.88264168483053
127.75095130482565
146.14597104329934
173.21887881816173
190.222621897353
174.7572248477113
164.44644392161996
179.15933961900748
178.84866885513665
163.021828999968
160.57619260212567
116.71824445514436
94.52415395000344
145.93936787486263
126.2628863591677
150.9469418741992
150.24120825382306
188.92386472417468
167.79226015644434
154.87436260440407
148.89954848770913
130.70375422699803
106.54063607297282
125.46827320989514
117.86919637143015
106.71458667871184
120.92710615197637
109.58340774896787
84.88163954397851
95.14291586556594
104.4660969372424
114.84050100240347
117.9530757622979
118.8761297937852
105.20667898378692
121.01672922028995
110.04860985331241
100.17500410074976
116.14415925227556
125.24373060056143
125.91440405003537
127.37700456349906
132.60941192026482
129.16904023576305
143.94999065871713
133.0370911215817
140.55217351440666
125.3179056630411
133.82901795850046
125.91399273357365
135.00954464001433
113.08146769721597
103.59759008279102
125.18630048272291
105.71044968747648
114.66859995015741
106.55090641383774
123.08275353421972
136.03160092914334
129.25099638387502
132.6762999888316
98.51772298831585
89.85047903701555
104.9598474911073
101.4801479183327
126.44211300644432
96.94095714061011
131.84382901870345
107.74636040221336
126.77460883655104
108.8276813607215
96.19859014658039
129.71202429011504
94.82398843118125
110.64151339391353
125.90640190392159
153.6700831256669
125.19838487254961
122.00444077170539
129.76977431580718
126.64527113723089
124.7945410749703
123.57493125529419
114.66556526073526
119.9086760560122
118.87397191891388
128.6240920558376
117.20763450678899
122.06400101391255
131.4670091646103
129.8551175864844
119.47088178964525
110.0189900419247
94.40697608292446
105.1306566657314
110.96800522013577
91.9546039838377
104.6267400245827
122.74621864385526
123.47863074686204
107.65291715648254
106.88399822400544
86.9472763948423
98.78204125076235
101.90786723601781
123.26469681302883
116.4159691226753
114.79009792620793
116.9506384532871
116.4128779919461
112.1799512373434
125.97883044682965
97.31819819691289
90.9923476062311
113.08719745176543
124.65995229043
128.1949601297738
121.27565270680327
110.23856244165954
133.9599493172035
119.37780343229485
115.73744581866265
92.90341569945147
106.57890939013372
130.2017655679951
111.05784119020038
104.19391997816408
75.89381327592139
108.77878949279803
104.54617458225026
95.6474116989658
113.9568319503629
147.33181276359744
119.74881951750908
110.13514847617417
121.87489761488416
112.85852774641366
123.7495464450229
115.93322637077667
102.87806931447871
115.88098065886582
126.5990060868348
102.22077451833105
133.57163729259528
109.92099326134515
119.74371838118233
118.73165988236973
155.43032246348662
141.60335807909715
144.45615840185923
106.692448165294
117.08071390960099
119.24378951823499
100.43648137103652
120.87700237310546
96.49160669272375
86.35323087839181
112.25802632254735
101.679129984636
127.39250530489029
106.45427075172005
102.9872487459414
122.05984710408464
112.42698402694346
105.1157209160848
125.70243369488212
90.97106564663305
124.64161582406042
122.8462038109496
111.58976457608475
108.77261783080871
97.81919407652606
108.82837581678861
105.95851562312006
112.62798309637046
105.12392563342131
106.92176903285402
94.24659241902594
129.4324120475594
115.37249096485655
112.13439498764335
134.97731712532322
107.9776595914901
99.57890925113405
118.87984165428199
99.91454320104819
129.06266194302222
107.58545145725743
91.13016922167583
111.36366464080507
109.6057099796048
110.18144308423533
105.55094707253589
126.89374608944038
115.42988286166486
112.50201879356946
116.3918879041915
124.59240117261821
115.85802313086067
113.05053026141405
109.99070541123972
90.6312762615226
101.89123761492098
112.95466975298339
126.50098987614506
150.58058518553193
132.80245919298062
114.24540900331066
122.81630250746521
134.3523656664387
144.06799996535247
146.30455790256065
162.2571020473014
163.05924835391562
162.82608594275715
177.02320545104442
195.13902590596848
176.86018085756166
184.79256458166947
181.53591558983868
161.6554402881596
133.95171398939138
134.9800281508696
156.63580792875246
144.36431711443063
170.4973792478031
150.90054912268363
151.9650326793032
145.63145918010306
137.25188856574437
157.85030676412097
155.29677562301868
131.35601834120263
162.72509160395148
162.27760341483767
126.36906886277816
134.38343857275487
121.1850007401039
106.74508183153132
79.6143274408463
103.4834434410513
115.90625009988436
100.23465900207822
109.16651641427033
111.62833222474585
95.10742482285926
118.36917049796753
120.31455472004464
127.86435867524726
113.65305482490342
85.21383118029433
101.62232699240018
96.70507724884783
81.90715551779799
96.0467453833472
106.62843226606655
100.19698396769599
107.18308782033796
88.44837126370662
105.97092404840076
124.7716236313631
115.09200167719038
116.2675279839599
134.50448833481246
132.4620037632726
135.37329570053697
130.86414174289644
113.37950191104842
104.40558547919257
107.21919831208972
110.74027083590764
128.56405805693618
128.69923925834885
133.9031809470655
124.33428562468629
149.35254674636386
123.3463144176224
127.10925871294606
110.55348139744241
107.76683442981307
105.18795168770824
104.1483908999911
94.62133593326737
117.47164044132582
126.16157377955145
124.2072129779809
111.08801550629133
99.79240566548106
92.00712594212985
117.1714481108135
111.4750794747534
111.21827194374184
99.62608504759369
86.0969242894722
98.15913619269242
113.78022495882892
121.65292092344686
121.70069203186627
117.45311199996908
102.03777660973252
110.84258490218593
128.42844457343577
139.23728556357145
124.93810455038927
106.38716390387395
123.16648632770391
124.99629129139035
128.6148680636013
137.18110747155208
132.88376554845502
146.7346199370014
136.05069513223893
141.65133558116835
159.82714885209714
141.265987059935
160.63540677973435
147.517086751751
131.32636601625856
135.13571700052054
130.39034248261154
121.37248399628315
119.6870850819567
114.50906212444157
117.53777689591206
99.95015859375324
99.05577248678576
124.59793526207679
96.47308728481671
101.59894942304706
117.26554111313739
129.04392605842645
125.65841137801333
84.17788854884544
128.3938696356469
112.24318918643158
102.29953120931708
126.74918602862846
105.89292126377552
126.10256491611777
136.9278151754768
117.2214749872599
97.6044143802441
115.39893518208268
114.34996452897201
121.11189656237201
109.14473599775582
116.8898989518976
102.9825127238997
130.92561187384115
120.02504295645811
98.3427579910193
82.2322861121793
96.4012256398395
109.83721321861792
110.11828300497646
98.00567373961692
123.92974744813509
122.63579030218625
127.91336907059328
120.90805821221886
105.81402063751955
107.3719793004896
111.34916695978124
118.79754909876173
92.70256372439147
101.61249507461778
104.41590158624946
114.39907493817705
123.6236547835768
107.63459194991898
105.13237425087947
85.1820996316664
105.73417757794756
106.06506385314054
112.08035241911969
116.92723353691697
142.40400368718005
153.22126706254446
163.8690508151774
139.4801931259554
184.57150443284107
178.2473376061914
196.4110074629644
191.40281941060817
192.66873958165283
162.21705353812195
179.81953432870188
176.33075248702528
210.74662649848898
195.03601594963075
185.13069335265246
188.10936522128125
181.26015219921112
175.74736635628307
152.98194341081
154.58546481736238
152.94844892399132
152.05762258745852
153.36008660669398
160.41902858711697
130.8045721665544
125.46650955352759
114.4899029440744
102.49538683977309
108.59826690296123
98.90977639676355
113.2173326450976
127.57785901239339
132.08343367397478
114.26596277878356
117.4229788159616
125.10458149323698
140.40926251123523
155.1164618667602
146.2026452086635
172.72752852682478
166.67156134897166
137.4406047661104
131.1167484926491
140.85765977997445
133.5725975633883
144.14372954062995
136.8995627145747
142.04863245220244
118.13657117244361
114.9819990738363
94.71939674525709
115.12079530775678
115.90587812384614
99.64759031438503
112.26675056397318
111.88930342759102
137.74190007594632
132.1851264930267
137.45473031736316
132.2349552894175
129.7659150676923
132.4155619493156
129.7740025194892
135.43284419334776
118.60600332260192
105.84223538571732
115.55215202462722
107.80478242278647
115.80485440720491
117.33410108661485
129.5467866653649
113.13251451107097
122.99205747573545
141.60423179758246
157.34680968968652
152.96870199622782
138.0340765670515
110.38032878037309
127.00540513824207
111.53844848584116
126.97166348700479
116.44266220432026
116.5314548869518
124.96516077663418
129.0524673115979
115.37231387687235
142.13208214011675
126.90104067761719
120.51501981603667
107.48996969413105
117.35325282753524
98.80273397902482
100.61088054492876
91.55378379456428
121.39258502496888
124.0258401795434
120.90143698632073
136.87365792927145
123.703761482723
113.15538208457659
122.7731275638032
116.40753610349167
111.57165827565106
73.43712740385159
96.48110464244786
103.89668853552205
96.81693629152079
106.61648352971582
96.89952508383823
99.9997233182071
96.85374473861079
98.38104879570692
90.59040088627627
121.84200005535745
96.3065789217523
99.58644654337085
95.28917376760899
101.38152030699679
128.73068903553852
103.2191579114012
92.5893059531203
110.42067820175777
119.77428337292977
96.32835899256038
105.58986269564883
104.1756914523259
93.44205363073708
119.22840286074283
113.8954148478077
114.34563836757977
127.20604124341966
129.0328940112998
137.18458067325656
137.29827456109862
119.68768365493197
106.14023894989091
121.19868820451458
146.17045399945584
135.52254088485387
96.27810537542335
124.10181316115003
135.7345401117239
112.73608405514331
125.39353891804166
125.7202354121021
131.4811431649091
146.14708299433207
155.93263138603672
148.39464043481087
135.77348079966558
107.9998045372395
110.97325285482589
104.02266768401286
137.80888871298046
117.88082251229143
131.3029127716633
149.460566064362
151.3431917957216
143.25872154683498
117.15492182678733
115.96766768199592
144.32006597240868
133.0464393158057
132.18100852145002
127.83174781212587
121.99269768493514
121.80149662076047
130.22537264874836
141.479693456604
158.30200747715176
143.2230603479287
144.1775257023262
172.0934377748119
168.51631572210283
158.19848976508317
144.368801616513
129.8983520145899
147.80688875137588
109.08737746902533
124.89969348478083
134.07697174757274
158.19355549683175
143.55360362665866
170.47868838852318
159.64846474284738
157.43532053214082
150.9689229360264
95.476145059262
126.95850346154954
153.28225157889707
153.74024485574054
146.64429996403146
137.20257196492517
161.87783932714393
154.5072942193578
161.45216218226298
148.38764444502004
159.07772264834267
167.71860733968154
168.54246268924106
177.3438739819797
182.24949075195897
166.11701963258022
143.2306594095925
141.9893788968842
158.40126524660826
167.15695935272612
153.42803705791863
132.6722794881965
141.8471035009732
145.51734424986364
151.11304782712273
164.45026189853706
163.0635754603765
165.9868671920634
172.72907656925798
158.98739073012365
159.799093056116
156.25440374694446
169.02224442886956
154.33491604114903
143.63461326755737
132.820308173302
127.63394621822158
97.80062064323822
115.63065330095993
148.029525985478
138.1790976297958
136.37590860525742
156.78147529935234
148.08639899098912
140.70079619412235
146.20982736253745
109.65354336500582
99.52497924876849
122.35419235758538
115.11537352837604
131.0479232817199
122.34418000762668
93.60582029179378
107.96433520988317
114.7140434373944
116.96821375542044
92.66847080084212
113.71425825850606
110.62756439405845
117.33945684541906
119.75151432267732
119.10104963453092
115.86650800111495
122.68765933214327
125.41008271257358
150.68979552595894
144.49994234700708
118.72030580835661
140.12385331462866
146.6335883605845
139.2903974398284
149.02964686757818
162.19773986920458
140.38246170192173
136.00689356140066
129.39076925611747
124.80420180887113
118.8940924512348
128.971790649872
102.66306244748515
111.74583057597414
93.03154364518736
94.02127377560251
97.53287323491102
90.76991655750187
85.96718893184467
119.20885788511765
112.98381292083793
110.34747820034738
99.03815959253258
95.22289537701614
86.71162824686954
108.42754403152325
115.91865520678653
116.62940177429952
105.35191748150024
117.43843128687158
108.49347949744545
120.44948860470541
116.70747007167479
119.00440875091346
98.61929143640839
112.79687472085838
96.08388119723585
120.97249221533804
118.05010983909332
107.73290325070361
113.93001056142883
105.63307870337404
104.56440209961774
118.16270376091408
120.88916274870347
135.0039714065026
171.19177870937526
139.02683797945582
183.6908924881954
200.8803266200559
194.70112185858812
191.465360237064
207.3561331805194
195.6164263811251
199.67103200974915
203.67048435290562
206.834778761282
177.393707467176
185.6273158708801
177.10128518923204
189.2679892655317
188.8697998206588
172.20727873412673
181.07709682100835
201.26056457941905
210.8111888565314
207.0434869047129
212.02699073075448
223.6246602121648
213.6652698536947
215.07260114842583
174.48040075015382
180.36059361369334
220.55689907731573
209.99687581860832
220.95847827074445
217.58989692319253
198.05153300603996
193.33951042541202
175.45771292046805
209.7334939321227
146.0989327842009
161.8248481691949
153.5419163713535
142.09794903963981
141.51583355168088
132.95097863267415
122.94787741654577
129.36264466048053
128.29559232620346
114.99413747592983
102.08129312561269
124.98908787794772
122.94722835180646
139.3040978493771
151.35294368039789
119.99979183640689
133.90950969141164
118.00830115251877
130.5107206937821
127.63455694165225
121.06039107550325
100.12895268351276
133.06717358875952
98.31800013095477
108.41508167814676
101.23054665163177
111.87301559920618
99.99314895263062
98.8244305352944
120.82758460160726
100.56719145259845
119.51182000150946
107.21434867469202
98.26929100895251
95.99874489122156
106.25622049643904
108.97712779119922
82.57051457490564
108.98540156858303
117.25668904927974
87.847738400595
94.00266316315248
74.82565034433432
84.46554101237227
88.30867426567642
101.74783072410135
99.90977217001243
95.54656919210406
104.14257004107836
87.88011531434232
117.61609521560167
105.9573536209038
90.05526057412513
92.20833331153204
90.62507700674608
103.63923262452771
124.69485079707403
113.30846166638308
130.38826585174627
103.82337117474258
120.47772415004954
111.0728861163334
119.12377442190777
112.7807508634898
126.8079848570819
122.73763533244218
142.9174742341539
139.76097025133376
121.97303431428281
109.61842891806526
111.7492749848932
118.16684515202053
133.37741931610358
102.91226644864568
119.99459567540381
138.32561923465417
104.9021578202081
97.36516391323049
103.99525588845943
99.32051976722352
87.9974467822301
82.89957800603246
90.4301800610449
121.6348516331531
119.80428247779717
121.41476868704312
127.60743328546276
114.97470366575963
96.91500299539128
124.36559312772194
122.1676439158542
99.74866153592568
86.94776647117561
105.76852956205877
101.3789492213267
124.20497799642692
122.59283395560554
136.54010334491596
126.48403453906924
157.01418985086582
143.63636693427188
150.82540199979707
181.82490348937475
166.02813295753697
152.60416959278712
159.79436578107732
175.5277344610706
155.30174574156743
153.67007036159072
166.09285755241666
189.12705927447388
197.1743674519138
178.1081865615973
157.6105640553661
162.49261320389215
152.85677284233813
200.88948221740617
186.784599424441
204.14440821492923
158.35016015379398
172.97909615673765
150.99693697291963
145.43646379538154
155.85211511098515
156.1517893329525
128.02063866506307
130.94422690000567
108.82171396188704
115.88028570040571
114.56418895295823
123.43972022034976
103.67038242762685
104.84677062560614
94.94237792568327
92.0568012816897
98.42143196394137
101.22055926273782
101.74852701433416
119.82057619137866
110.49012932032615
113.02599728827741
125.00441778419646
108.41778003439511
137.34934698301382
127.9046547193505
126.53766263851824
123.67857124574958
133.36010195074633
115.67453181490446
123.82337393795173
134.16337016981421
102.21509806346494
99.87648856977734
109.66198003671755
87.9803582991077
91.85560601660154
94.35732778824821
109.5648034170899
103.7669438485421
88.23697114797677
108.12558473941777
120.22250675441516
105.02173631431859
106.21129900138313
102.6507823538483
110.77831474255032
115.87759360216032
95.52823711893241
95.13794598493493
113.7915131935608
105.19336771977024
78.90960300578124
114.7608714718869
119.0151648076095
119.7078978295502
109.97230466154541
106.60664518383382
99.77707617210885
114.5883867951929
147.04200409272136
141.28215343172673
150.7771377410154
139.82857104999846
129.84348560522298
129.52314368483906
104.2410392945674
119.15927066027308
126.44739353948415
121.18839559925784
126.0337336612091
120.98515991138589
144.5793237811849
121.24416390920105
128.79015977731802
138.28845236664085
145.16088077169374
119.25299809727501
117.7156476946945
104.30021949569428
115.42664925370799
94.98842297877573
121.55209254335593
99.19106207490546
111.78216603179698
96.33299581212982
98.92097937968948
123.36125900578575
123.39687623109052
121.32461193328736
103.43012394279239
104.02083413918878
85.09091676271899
114.33919654296736
115.77524743732704
113.58209956883509
83.91283170957662
110.06261801097345
130.43133318996468
119.75876519320778
112.73232765570462
118.076855989469
110.18495124499385
118.53422554808495
88.53888907459621
117.78794887066229
93.84263087238793
104.46544293049278
104.63431587072992
112.62847177443584
96.82574214470739
107.65435542405778
124.8499358811086
120.57395518697605
119.73443966709023
103.52647370923883
106.54562873273125
95.8981715132041
101.99304387708368
98.17290194857782
92.24992061457968
115.3100174331631
92.01641138416356
90.57930119472219
92.29625033057167
130.6486914075166
113.30396100154717
108.22424428900251
118.50893551964413
115.42890693835503
133.38005202829265
134.79157570962008
155.8834767217295
161.99639102864785
141.4432231003515
149.74260155525846
140.4479220995863
140.30339191258656
119.57477391900105
121.82256865297538
130.85186011542464
138.77000353803047
131.34801468264146
157.4832526373953
145.25681142705582
135.07913178541693
134.26010445716304
116.18649787649105
97.93447697805331
118.97830335215752
142.35875302489674
125.31876220644659
140.54545581277344
148.80941980357403
159.0262434389323
159.6435092568785
137.9522959922159
178.14607582922793
154.80621191640836
163.7168863937802
147.92189326199238
128.69538366833729
116.56686309426856
103.32590574120208
106.17569801628727
108.01757593272384
101.54918882069052
121.07335728418363
99.79241146259426
93.68849541227742
111.7645479968776
101.7781511654427
95.15097249886223
87.89255491530791
99.2570045203836
78.74643404920495
75.14128588992969
85.51744490375151
98.44871276299497
75.51235749223629
107.38241189408512
99.05225502088473
91.43359781618923
95.2156034631866
109.72291376746107
119.70421164748859
151.92179079557351
130.94148456345496
126.73287951144664
110.67484230770847
101.82649276584024
108.94977275931355
105.57693339175766
141.56334729473872
149.63292203065697
120.52400707882153
108.47739705852564
130.77143182210565
122.6065816801833
133.59729322124434
94.78673537344744
102.86378739056228
106.77806192326136
113.14555443054815
102.50875297196059
126.46536754209274
83.49321715065284
102.11175643609734
114.76434550911841
122.88397709866375
125.57223306145268
118.3369111250862
134.1846382785106
120.02697464995804
106.41997688789759
80.11375593795242
91.70281748567012
106.73348278449578
90.74451159222329
118.90057596962532
129.6587824616141
95.23939767853838
96.8267506611262
109.0387151792801
126.39275142385142
132.24788514143128
135.2974961937746
128.40536433525182
142.64468135487263
134.5248817866864
125.32820498421675
140.86915550661334
126.45206136643378
111.81870595487398
108.46140777646917
118.48646006160588
132.89220211706942
145.69336098583022
156.43378338458376
141.7788055495192
162.7942433235134
164.475850899511
166.83938585032314
158.4919226457331
146.8073535791153
128.2391072660317
144.60597233895973
162.59213397723687
154.13562845115527
147.35723765009485
162.66111864287203
139.79187301372468
146.46028280575692
131.6527649924895
127.67064494589043
119.34836491381827
97.37340833139663
92.04199847557636
121.07961313962915
130.07159976124933
127.17024980591937
133.96653477200428
138.1867331995591
113.91528575166099
155.38249110408364
128.98712542417988
153.4549634200904
160.78951837601704
123.49907578436482
124.6051200048342
144.28203303211453
137.39560074894354
106.58391765403147
117.40795436934242
119.9128344151045
151.27832059820122
135.50333852928492
146.68641618386977
148.24512147993804
184.5382471254556
155.1055625887149
176.34066817508628
145.43573930570616
150.98398495671827
165.40442330812823
164.41345347277482
135.3700767508251
140.88847930133522
159.4951806875003
155.41002137722197
148.42771024580293
136.95788776746954
90.06417983173606
107.5943988482078
105.91328731145961
85.67260190757632
122.432385944621
138.03740960839602
127.18464250996405
127.20307145771268
120.86324394170056
118.69298732219508
127.18630025299498
134.3459582120449
176.0656241380698
177.0287808782765
186.66291513367995
197.63274510129693
196.63447104314318
221.4163383676211
205.2649053189474
188.23399387833086
187.81474600429715
166.31251146066754
182.12537025207254
208.97038157816863
176.07875070843582
163.02799022181185
170.0335494962798
159.09026455606056
193.13731176400103
188.07490259369607
181.46458967310318
177.01689512744164
185.56500246776739
183.55612251161554
181.2360286130915
165.08369002899553
155.24410866815398
138.77243452711315
133.4793813784409
131.14335909473272
114.73478267288783
130.19099758637782
128.17853833608976
117.8421265814844
114.17126242376251
88.41938764252474
108.87961213440555
141.3466655825967
121.8319646787732
124.83868568507937
127.71238374907333
121.10327838381099
85.53320369754972
97.69273007273786
106.61812903296689
115.12754203059693
95.0992298650993
112.12487618744127
124.47602514428856
119.60379654457971
112.57189183438103
132.6004191878227
110.92529345126206
133.40121091663596
127.95273436402175
132.3285524871968
127.25690894781059
127.9999909664545
126.51774553573775
140.87690710638697
148.08994777770914
122.07960504523169
131.14006940010603
91.89436681128814
111.78576913969658
109.047010831568
102.53186582760466
108.93371206936362
100.04087515866814
112.1480455612516
144.6774458026703
124.9730761476304
129.80112548596196
146.34907239154188
143.8926287172076
134.9410885367911
122.4202889017192
121.95602136000159
106.88886484816652
125.36206172497778
129.96453396910033
109.51538973750382
117.13815255203087
101.22271922280994
124.20582035585467
94.02974744122837
98.70657166036627
119.89305398364785
100.62195344116283
120.63231599869849
127.6635448382771
134.0366209484149
137.4115050836033
152.0497105155262
135.9913933334305
141.74187307706785
145.78872112453254
130.11848945738885
131.87173389007555
124.2758441164201
117.33494256559757
124.29232706507825
131.5066322476747
120.99467403430116
114.29304927056654
92.38764744450046
111.13656574972231
106.8025091527211
112.47976401985777
117.71249370967158
105.75013594427047
86.74593565091342
106.10244189437913
107.78922008131421
91.28367112768915
121.97786011074098
108.58732465645781
101.43958778099106
116.32038326052727
107.49566806552684
87.34837176233862
91.24490331595005
120.79333596875625
121.06069247484997
117.05807070729139
111.60313053552343
126.0920637219884
146.14559987285915
163.02445117627676
150.50901952256206
153.2157314101855
162.01431477841078
140.0556944708933
138.84255800967696
135.88672845954557
134.3603716109464
131.76566679965507
105.70204425119725
121.61020060784222
101.17450201893027
113.07842021597062
106.57451994063966
100.62241845194536
96.94798815177904
92.03430252918871
117.64732714503761
133.6702247987772
105.26097967553086
108.55474474090796
110.91529165403414
94.24915586790982
111.9903752811714
111.09963507023616
115.99389126197565
135.80087150234587
109.46994837555484
117.47207585318597
121.32607241300784
123.16318172687845
99.93161268309527
107.01184483806954
121.11921005601421
111.6788660029026
96.77931921201895
119.0435169719212
109.40315023954804
95.8138932762801
102.93370055587297
115.215777252893
101.81545081036312
120.79110184936438
131.31677898490807
103.38965081899049
113.67847588805643
119.95486086071296
137.0349698214337
142.42698038320137
151.89678356548458
155.43607882255202
137.75939070229035
102.13388780350054
108.94580639784512
136.0998308088048
125.8333459708289
127.0242815985427
127.36682690335152
106.23917502740026
109.70732945536365
98.50163200556376
92.58638768740008
123.23518363376029
126.72473845251774
107.91811419102225
113.9894197198951
106.75366586139734
104.73658065385693
89.21906976178413
104.75525418812431
120.2365732706885
132.39509713880253
141.2482650074331
125.65078013850533
114.76620976933178
101.38348966277438
101.89051318517282
94.46275297755315
126.01094198578197
129.0960235209836
132.0668895853964
135.0054839302115
132.25798697668617
117.09143547726917
126.26356161874932
114.07151137395402
94.50031140541608
120.78974171972305
109.02988975516894
133.24980657762177
135.7350978399553
151.74518688127353
154.8532599464642
137.87477236097362
159.46004210174056
127.65767744444743
154.4102055180401
144.7812145877032
142.5466152402552
107.64952516295426
95.04226761148716
91.26739034221686
98.78619582837408
115.31657875806333
107.99908938590953
91.96246831715588
129.70240714320386
121.42038535219855
110.80098972483948
97.55935053385444
118.88050893756048
112.117624871282
106.80741646107528
127.72749387915208
128.7835412027673
107.01769139000264
131.84883062838728
110.58994541159387
111.90016085511184
133.67000364243364
120.30264479619547
117.24249585176655
110.15586763455607
133.93697957805117
123.56789539662473
109.26018939677635
101.28396201466855
88.58178986226991
88.27463776681878
110.63134232000166
129.06031271967677
115.48915530854502
107.15266752748693
100.45774191331543
105.89676633100773
95.17881691917178
102.57839506671155
110.47792940942355
122.14376004156031
106.32597001941761
124.09358350777482
139.16329090372585
117.60952056746054
94.58864411328013
88.09979091572792
83.88368444188362
85.32895849100282
108.9827399475957
97.29404716550434
108.67471001813087
113.05374377413813
106.7993209282269
94.83584117734132
91.99596509894907
101.96316674393452
106.25733673432725
81.76362608614896
82.42073792915325
89.29938656784852
94.87563501144578
85.89635578436862
96.51172351724192
112.34260736979995
112.28853368145253
122.04609715654892
142.42074096200994
146.31651846635552
156.36319300406538
142.32210285635307
157.12641951761773
155.1465175356979
148.4520828211416
150.52163226041046
164.05187266486962
154.24482289270816
142.84159410519618
144.03271402792177
119.41631701126937
140.29385376386983
129.4476061639807
102.11727823810978
122.54794905852566
98.72796734260855
94.75785869478933
116.7249574311698
96.87209303609438
117.62737516784105
89.87469819050784
100.01868023154363
110.2612343880045
97.94714601854379
94.20247457445981
110.67807142806707
102.91725759821367
103.61506763698316
134.68699032615388
136.05844924687017
141.03503817012535
114.21994071346316
107.01435204296332
100.97654052167954
116.58874501164915
126.78563818987115
87.22699823319512
118.91270567535703
139.0327589870316
120.03463581936299
145.07697421288972
154.18597863436128
145.35603727016212
155.6653974062813
170.7375283973211
164.78680888380734
142.17930391301988
163.3438793355885
165.39843597124198
161.60576733084352
149.75240643788362
148.07859686098547
158.49354837333985
176.22688118176617
174.8780849221499
170.97321887152432
181.50592420016227
184.76235459433664
176.5861638006678
183.00985754094762
201.38463909753207
202.04681030161166
210.31862997637145
215.73788666865335
227.8341260736215
213.218457452598
220.0893945363764
190.29040322601438
198.13705094360284
175.05749762903034
176.6615772822184
172.16816498675303
167.77942955133983
133.39046384339974
155.13765893052962
175.95248424152754
181.89392061451
196.9865004843739
185.85477569047362
165.1572923359298
162.1759042769892
134.60221253216304
151.94019218201782
156.88449405158028
131.8761776500169
119.75712095018957
103.51918798171722
81.57987832869317
99.37754378767887
97.67965376824007
105.02837116057273
114.96654795853311
103.09360280812481
95.61716927276115
107.00707699274943
119.99672963114963
112.69573694551623
106.8273798175642
82.3152477843854
75.79451362938603
73.49809965393159
109.98146054044258
103.05649573494227
82.4897612642698
104.38555221356594
99.75293722605883
116.22624966158148
114.10644142986953
115.4640811751286
113.99200023266995
116.99172119457225
105.4384350227256
98.89054042254644
117.63925878981908
104.5503177093607
100.82785966135961
117.86345672321043
116.24416745636695
115.20032760700984
107.95159989004273
118.5992015105154
136.11942267564774
117.39527146199003
122.45425764374205
108.72945004695067
101.43013776350344
122.63413011730623
120.72210296687898
114.0049886999613
107.51631829700767
100.56382406396693
92.79045430723187
94.04268049400073
118.08541067935789
91.76714535455771
94.12930279867746
96.43566243674898
90.89462511142241
96.11868973961003
108.0906949675968
103.64864612678372
108.09468169306906
88.4450072150586
101.23819944313252
101.61664451388181
115.46833776730803
111.5256146170085
136.5650756739136
102.87566847529148
95.95952524308848
122.38266989147124
131.64760853068069
131.58145170719806
128.96145797781625
141.5759790087256
144.12471731686156
148.45368251618444
131.93845444473055
126.33086034425739
124.6450686319698
134.25482040663056
149.37512551446156
148.96846592905226
155.58213855964124
134.80190577189768
139.57414224951276
161.75819657106487
175.4222293757071
175.32763340445973
177.44103272490253
155.046634119076
155.74634192827446
174.2965792867994
173.7090243781436
180.14560871525353
152.04599538143552
175.46377950694082
180.0089530190862
204.15354775938263
186.62961983011425
165.39305122892765
161.3202187047519
136.0798120251716
156.5526316471134
124.35266722640874
144.4848954047584
143.2127038372888
115.76528343176913
128.90213565763074
138.84607112896563
172.80501927955942
148.07181516682724
137.91263017856525
132.27491581424744
104.95858282362028
114.16805773305731
121.03530216355327
113.34054978861741
102.3391066546109
107.420302575085
106.41410172980738
117.95641900568852
116.29765964073377
99.56599724005342
114.47237795126196
105.30815760332884
118.03890826003018
130.2513443995588
112.3152585362259
120.27765023245249
99.46427316503961
116.62013046111102
116.65494210845814
132.09147930507987
123.95837684948776
102.74622113393255
105.77836021260941
115.4759109584709
127.7474861159423
124.36186725578793
119.78272542786056
144.0177267418481
149.3021934065344
165.82179235299893
130.1432605786614
108.76450317766091
102.03674851750563
95.55632179438469
75.67801062959197
97.42179344854924
86.23111490490305
102.7549033510476
109.32568452584394
118.6773324776977
98.04662419873755
103.44222160883952
93.7039068021834
80.12455381679182
103.84670570891349
102.2349849592946
115.28047972036924
102.76182094558467
104.64738136569855
100.66316701955445
93.32898946271985
129.3421833392303
112.26120434028931
113.07099572919616
102.45121711158043
100.53107102549063
92.97740345066278
89.20024967097972
108.86483032601198
99.79399028669081
112.29028455795282
105.08881760281686
111.77234038873655
98.90780989748643
111.47132373018613
83.70022561013488
106.01129854537852
92.66476177681781
86.0463164303378
101.52851971052533
113.81708461378578
93.67092210666817
102.5188748570319
115.22676464455319
95.83815146334233
106.22017745676393
128.60343922536123
130.03748339672532
131.1790793779519
147.61239672734146
126.5914344098259
141.0285725091619
160.78798822863035
149.4812280464712
118.9167766002551
109.79135874797241
145.37414613113896
114.4416096300319
127.56941516370999
140.81652341770064
134.59168127061258
132.8839624546912
121.00781881371447
136.3566204370049
137.8073880812672
142.4247147625685
121.54110881721734
127.3518806319235
158.13463141903463
158.10905287455225
123.80366935437308
161.56672404790925
128.88484191289288
148.60188248691216
135.757914666717
119.58088205757457
101.89974876995743
113.91483313884525
100.75810953172022
127.23954190909403
102.94740994435323
97.18919503615402
90.80005065687014
107.50318390234406
116.83393433074326
114.90777052548755
110.47535729901182
122.98508240508745
132.43364624559635
127.72263205129705
126.1093193682308
111.88056314101559
105.8604993065988
116.09845098120996
113.1007950328629
122.96697664679093
114.19375705099017
113.1537886895749
135.72513312467518
125.77881573587598
108.85533119547259
89.7867474136028
106.82080548926353
84.14702040698457
101.84831052586316
97.65263458567189
124.31265897478833
119.79702297163197
96.82560740969572
110.62720770148275
73.959133137993
107.96189800608208
86.66360856405434
104.56705972774758
115.59810446840092
110.12611925065514
105.26236820997124
102.1010971384405
106.62376300848132
103.877049750747
121.48173798901922
108.12698561486445
108.7859128420727
114.6123761829128
110.9486825210423
97.32200315251406
96.9326706821206
100.65419663458545
110.39595535065347
123.76806227056304
109.85111519181983
104.69291040411143
110.13654236098952
105.334501910621
109.26431115965984
134.65531372989258
152.62478990627696
156.05226276030066
133.13916536514793
124.15528307968839
133.5421121404352
147.9959767557755
138.81526149593142
153.4849197815721
134.63159705855637
122.4003749186191
141.60501575978344
110.45994400966424
122.37441908532472
120.05815927622493
122.48493022598537
140.44150899841492
148.42808355090253
147.47151210781723
134.01626857704596
151.886102496391
193.14367736026085
187.3851435859196
179.9365704070957
176.59291966955354
183.2258448392019
155.96929955070553
140.94061068885787
144.78722292394082
147.81175632366987
183.64290584796697
187.77882811378325
151.51880635068704
170.60520872796783
159.33288344775704
165.00967185210837
157.78402832866837
152.81386474077684
125.09302285564314
124.12217556958394
125.52880198525571
126.70186957475657
100.31619436977604
120.0336647877922
120.59682613966562
120.40347358809663
102.89529488279672
140.81222803177332
114.72891582113664
125.26173470246107
133.5476791569985
121.35950199799237
146.11875433071012
130.47424774533246
149.30056483026604
148.67525978411183
162.03621767891244
175.34131159243617
197.56940406764116
182.28894474978236
196.48375625288313
194.86111607853388
163.0373408594036
176.11803080552536
160.60385108008947
129.70283174788773
126.76187761505003
146.28009210083988
149.39510887458883
156.15248301593246
143.15409144450393
139.3830881632893
140.0796935018196
167.03288783569417
174.68988523112714
196.59806746050683
186.45983473521946
172.785182648277
154.63499262513682
166.6688622498203
138.08817246310795
139.1588749196218
132.39327757986436
128.66445817474695
122.40962447639252
114.88489370947904
134.7177200998317
111.46913636312304
102.61303287382155
116.1558070009748
130.29267639746902
111.40971798499976
107.4213370133695
91.46611176994763
112.85571047282859
111.01761897355473
117.17571111396536
131.70304944559305
149.79404021787673
146.1759343204926
124.65059300405423
149.99674211278838
130.236832481887
132.938244574565
132.0721957739532
148.10403685388314
131.19966350910374
136.2018056162971
153.57030302537436
116.98006213458203
152.63063429060242
145.1841118544316
161.14809572043535
131.88342628696003
134.97455273446732
149.4585824202039
131.00879574140524
143.21480596689952
146.02359612164136
160.27218101618348
148.12349573680345
110.34567175452807
105.57311436150898
87.77205986343539
127.4852771291281
146.38466120272113
158.08839431094677
153.47159582476058
167.28733531231003
159.48384083504564
163.0193843107337
174.71373009397666
169.36502924939745
195.12352144602843
173.66349564668184
161.90268705491522
182.98753239256075
195.85127261077113
191.35650902622905
182.01285159855848
198.28062298602555
202.51731709495476
189.97552197929227
195.64942607509005
191.09897472527584
189.64615309559886
198.01096868588516
203.59862109568795
210.72336572665176
224.35153911776527
229.0492253782407
202.48559358113636
197.14925674723406
223.09980713891377
199.26578341700974
181.74284649441162
204.07613786433842
225.62777705695507
227.96124443017595
226.06788729935525
237.14519049917126
210.15670460276291
231.00208934594198
247.7140520799614
263.56033839568863
253.54639413280285
250.53599290837917
260.2121743859396
245.229012665201
250.16637811367622
278.9053117013321
251.64644224680424
247.31625589643886
273.15579018503087
228.4997738634545
275.87371258342847
270.59233348350523
272.6386883203032
252.02607821161794
241.42861298178602
252.475036512209
265.6604742579896
235.66078035198802
238.7637784246697
264.3820647935803
214.16313867734758
240.44954954938316
276.4514228169163
207.949571167436
255.70914871943106
256.3806396394643
230.28949997564808
254.29903970433412
248.98871618370123
269.32534231872876
225.6605790137712
245.21959307165798
247.50034164056447
233.19193094648318
247.28773229433494
201.70537160849602
240.76635445143395
263.5302785786898
250.096978271499
251.75727854139825
240.00843744174355
232.6834522919905
251.55516158669602
254.03196155685805
248.5851639934426
264.73541102709964
237.24117301775485
262.06246398856536
252.5439785914213
239.99895490046563
237.41124774604305
233.21431991611826
238.09214052753958
279.92910493471
257.21924632538514
268.9391395024353
280.3167452531053
285.9240427179268
273.61151011790884
289.7485911237303
285.93164712173433
294.22286370617115
293.455981381488
282.5633361243325
275.2747002511496
301.8245111087866
285.7124041884545
286.6583420916396
275.0383172286009
297.3293773858482
288.1146945058355
269.11211388663736
291.30078990586986
285.6943232942447
284.50403907297397
265.2341378609918
282.47664653776826
293.0838074118244
265.9293373660754
286.5273783768004
279.36896781422564
278.79365006753187
289.69148031287034
282.875157436856
291.45225946496635
260.5535347806317
284.66810082187595
279.7209575203439
271.7725709301453
273.2652683200966
288.68137091313616
277.0738089524243
281.71398197573114
282.2527299910188
285.39337048073276
274.92219928252507
261.3259380451385
278.4814996895437
268.79877201270307
288.75128689524365
270.48840448745784
256.33415069201186
285.9626191622338
257.5499731066379
273.5208733347973
247.33882826932012
293.1678674872407
278.0504260678407
297.134091959284
283.9711375246971
260.1277599641243
309.1185584342363
295.3499855823517
305.15185184889157
304.48575701457185
298.24468855312006
268.5559835381382
274.47554268168847
281.3875848653361
275.2745342307137
257.0385188648484
284.1409578677096
258.75522812344695
278.2038807504951
264.5243669736609
281.2222488574117
282.6377981450444
267.8856862550434
255.74656480820357
256.88119212055705
282.5781779366798
270.3479848948702
264.11689402192604
279.6861914342502
280.42886641148056
269.88321571726965
253.33580662538304
271.2564622089862
250.648864663713
269.0161000832951
269.0000158027286
271.81807328138075
265.3538790719465
275.5971140007324
282.47046405915506
251.9900571765944
278.38714623442786
275.0471542356582
280.2074967820383
283.9418163087142
245.9689462462471
270.349729368674
241.83566365954346
246.38361384175892
268.93483208303576
258.8283906632276
291.94907478307647
290.99172452886523
269.72336398899375
283.05178211994655
286.0425509952252
291.88615504619264
277.931634310976
271.41232480944007
290.17105279661394
289.900859445206
297.4896641890308
300.2261287798563
293.7169393482568
284.90984574782516
251.97132912424766
279.92969369157055
281.60050351313663
263.14180024165
288.20411369140015
280.74079789789573
290.18868615969785
286.41601965075546
290.02222932439787
289.91038371029606
294.6698537783168
299.8029981936256
295.88368980422325
304.40564294960916
297.70074871646995
312.6768064530697
297.65998680566116
301.6521949910255
290.741708164744
308.2375436636048
309.8957692620966
308.0050636792156
307.3579781141003
297.47680452785335
304.8828930758671
278.4195554699153
289.2471658366908
309.32696617832005
282.91618259856835
277.7015830094848
278.2729376395736
276.6042212529105
295.34154641873096
286.2286607641944
284.4954496323776
280.1154318829715
301.11247544009655
299.8828952188105
306.9939584757052
273.99998508257306
283.4629472170864
282.57458206492385
282.6754161633542
281.52503765705256
281.0506057682809
287.6006406081252
296.3057256565058
308.3360648229938
307.4661971695154
304.5578647338758
319.61479381484475
320.0432842879546
285.76791351166185
271.79803581125213
293.0724133497859
291.39764823006465
280.90051849374305
291.5889074316171
283.89986993486343
315.04478322167455
306.75413694921303
287.93708464165917
287.04337589084446
298.3649298418265
286.22480545291273
285.84348711372854
262.61858918675927
301.2894577464784
324.3385430283721
280.4540075768247
306.25913612257295
276.7594512520964
261.88658037175355
