10.495691622713839
17.68801034441478
9.44656938212633
6.645391273926402
8.975432114633803
11.348429118139245
8.800026290558797
10.86700695073048
10.669461456884198
14.984730887512407
12.979721322841364
9.567194064866129
12.698610136468425
11.310148198000611
11.643440636204197
10.373270944777222
17.496992567083282
15.244332175712108
16.71167126060077
9.808071364348988
11.264506630507194
12.036617506539258
8.846270916232076
13.140898427103394
8.050478921157088
10.009355408341843
5.6437554056187995
9.533345960624084
11.337637373438012
9.097667982087463
11.871913125402589
8.829078440305972
13.429190911920248
10.856290153892338
14.264759532255235
14.9113932145802
14.716980077730836
18.53782860444984
16.097215538678466
9.078374327217427
14.869988508545184
14.441439736280453
17.02739877044892
8.11303120105299
12.063702089059873
21.184628756682965
15.574135330970933
9.192150061193837
12.121611205007898
13.31765122643475
12.258454780631705
9.178915635206861
13.07879824766746
13.580329952464297
14.151421166432412
8.181857362646724
10.150351794872444
14.253890471660826
6.551594332533602
17.52268305961616
11.339890791222423
16.721444779363704
13.793664970761098
8.05564136680861
11.661809044874621
13.932561146849958
12.5082023586279
13.721161109176016
8.134452141731831
9.690829148121642
9.79507617421914
18.4654288765026
13.839342772650497
21.540567814628332
9.424615732308641
18.876911264014808
15.351154804222666
9.738331103461237
13.314023382595932
18.976780284653096
9.111983538761164
17.271874602573895
15.124065741726023
14.830713529607872
16.159497448993477
13.283356341858733
10.240603364285525
16.07207844272369
11.099464988635201
14.505756284632353
11.930647595948079
16.551868640713067
11.102904667660592
26.997470238313944
17.461080711785154
14.91423538196252
14.000242974518535
14.865588935965839
10.368654410659095
7.9741559944749225
17.99741549105706
19.652473256376044
24.417501658359097
11.72370446588998
20.44160455793952
16.00758670378851
14.90647482939135
9.947102540452256
10.89686951229148
13.083433240743439
21.067685686364147
18.40775023593338
7.109897300988457
13.800493155737565
15.057941392999828
11.69859092145496
15.263295076435234
19.472128351283203
15.46276098664682
13.484342534895683
11.109990189307805
21.604089474527694
18.1247343708586
13.756998564381279
7.996932225764937
10.36533425118256
17.44487562142258
12.572750387771922
14.338584022247986
14.811666964728733
9.245848837442614
20.25165249290454
15.825507174573275
8.935786563950508
16.65690703222782
11.894616995168015
12.675592094364578
17.988388263059264
20.000529767392642
13.497401249566973
16.21177331612408
17.574564763177595
10.784442564475182
10.498828685212848
13.383128739647796
11.881748604876194
18.576366992603234
13.793775760385241
16.803704478850577
10.090683509023133
16.357422509166078
15.7258825290164
9.802380279035217
12.800798684302368
11.47398577473484
15.0499083765045
16.584765303805412
9.234352354411815
14.80111189331081
13.290431291015418
12.011050871618421
13.069385638876202
13.370554801295109
9.11957471563237
13.399999517334615
15.851658626709243
17.211662581651286
18.66228481870093
19.472152454915136
15.185011963075752
12.006761566569793
20.965197196721373
22.130002149904836
14.971042258561852
12.253495648575434
10.382176952880464
16.203988053601417
15.346850243132888
17.31590156461661
16.945780601010323
9.002624415648008
11.668108334726632
9.232151755107163
12.84769063780515
13.866584004342256
22.200433791610152
9.270470615409412
15.860131843901948
15.652294100469033
12.179756830702377
10.181785346583585
17.382217509891465
18.630646559444422
13.302321288172275
14.19106414535329
12.456472042793017
14.840672095681896
14.218509542753361
18.671043579453023
16.689919606142908
14.165224383267137
14.02871459360949
15.9296488577763
18.40213710368997
19.178395260698625
14.802762634064067
13.278720425331395
19.823878794206475
15.10558775612401
19.142082986188186
17.6889689192434
14.056149623214358
21.017489631053138
16.502633825619434
15.068392757867466
11.161390244237277
21.297964395919983
14.603932139439182
13.919400212189148
16.848648502706943
13.531519418133374
15.208526992054377
10.503312568825825
16.418515518811986
13.578322845465216
19.95257297614125
14.041483958854453
16.21292627439484
15.795750799707776
23.17494821828837
21.345808974159958
15.652930203034249
16.018874798040713
15.575169755162706
18.954783842147414
10.869260306384458
15.43934361796163
13.13128441685525
19.04872300740943
13.208622285707804
14.499204506829484
17.04379911096061
20.14854680138751
7.208207252963341
21.2487350037657
15.794437254295458
14.107930715986443
25.72596911750455
17.573897028765327
18.469458539091196
13.577132959977424
17.945174396157114
16.539873438055295
17.515939640516827
19.150758102562968
28.575365968613944
19.48715983358386
25.937805171794917
14.073431254077962
15.380238554071157
14.89586839740226
17.946323867745004
20.8161837949382
27.17347428758975
13.453455873966838
19.709372625152813
16.303041017830253
18.89581836775734
22.593050415927564
16.154251144340115
25.045849362747962
14.634963106680487
16.96955191528725
13.718294103488125
20.089029558992955
17.019071121373077
12.980047944938029
10.215027962630117
13.903909397347402
17.921577153854066
17.87426796671449
12.63642674085597
13.764538641996253
13.446950399357522
12.523286464193573
15.115623098660635
14.736144392254289
15.58049593997716
11.75568815266697
20.01120957835991
22.78551771760478
17.87710656880457
15.617308756289397
18.63629810972033
20.074971337160193
19.321644041150787
16.05280699036027
25.483344261587558
16.365694375331344
19.156534469266088
14.976308958318402
23.770154687422647
17.183721218109145
12.363179067247241
18.893770238160116
15.760673072651295
17.53471963782991
26.75965808819598
11.90342203556326
13.408644095475777
14.259725402725678
13.17422290599424
15.839338248858406
19.50000072192998
23.279600476373222
12.212146939933259
19.948678094356826
16.146296200987617
21.783989823429934
22.881102177285044
23.570602804708365
16.16234044296338
16.432286039968385
21.968862552091096
12.633934238412033
10.92519624070338
10.929762227883156
13.989750131190958
20.557561859636564
15.69116974534961
20.672497118466357
19.916238478713616
14.841256050437586
20.543463258154517
12.652923996345985
15.054959942419254
23.365639004041174
15.479568310786156
15.069031159990304
14.502559174668955
13.44389118223897
19.72370378730574
17.91835083484333
19.090537830328532
19.226194478520753
14.808595421653822
21.19931555655926
13.764726784506168
17.060175053890667
15.311689255096285
17.87205692612124
11.09109414763357
17.5816808734419
18.29691430685241
15.604191829285472
14.218631124941762
24.840742014255543
19.09259587897684
18.262934359212704
17.71234463065791
18.663942448360938
25.168121780285766
24.198525991318828
19.31557270744186
27.558543521675197
15.77400144489556
20.911100905177264
22.87931468703232
11.80798071883277
12.628083161519609
17.269658724727634
19.002211573511193
21.974066936605396
20.77061370055102
20.248069876483864
13.868995081377992
12.844017749519068
20.432261611482158
14.953538836620545
18.466745999096805
17.368853598091675
10.558523267174944
18.3421951665881
12.624316201505536
17.833883220581292
12.850125785399879
15.570972371632209
14.62656714856773
18.449385136391538
13.505169773504507
17.020068997151423
11.509325368645044
19.711954552214532
16.899737880882185
12.387600448581498
17.034878310783917
18.33354149556248
19.28048742203323
27.925322989174845
22.63546804517902
14.844682993887995
13.923663164898073
22.512619853341906
15.687338553560963
14.943435016310312
24.368990845849883
19.260080178310346
20.925581877425497
16.395908825293983
14.7762802182857
18.278251702776252
13.50043720069051
12.370571860390474
17.79387522447508
12.159728100682827
20.71630837891835
26.85104942398974
16.769285771197936
21.936626125525834
16.663844583777237
17.32196778787587
16.009695207529642
18.079455701214357
19.270281799243126
16.10347639511808
15.982546355125592
15.991258630410112
18.455578546759835
14.83432155514997
13.535188063505133
11.334923203065255
11.566482537190092
18.776642860512
18.762506305931108
24.951651512588388
16.02443909729921
18.04387345238723
23.96450568070371
15.451952027731597
12.98845077070256
18.80617417620441
15.222090181753483
15.910568906231656
20.524926534445672
16.580593660628562
15.191738845421138
18.116351146767737
25.75381538053124
23.59574185063968
9.690504641406472
16.995448938858505
19.00692162716168
15.544969721028474
16.589246722475984
7.387514254226162
15.186460574347285
11.849346030114921
19.075352922042182
16.72462112602135
21.932350792998868
14.156454921237215
12.280972248770656
12.00191301126021
15.076407861332708
16.14814743324969
15.438835095664768
12.784042840275015
12.82871679817621
15.66361876795747
12.981728966184303
15.094335802731628
11.302039036846313
11.487770772569602
17.715946396253127
11.028864771410769
14.450351861475612
14.201570883486822
12.07963523169253
15.527407214466795
19.344517146219047
12.08812694531379
21.3326417432448
11.837726590504378
11.546584785476341
13.055288468274822
13.060894383231396
12.994450673058996
13.09923349839674
12.4139235756197
14.738231660437334
12.253282028301763
23.240772204194403
15.9978483543899
11.546256342722781
17.04333983984403
17.965512506576303
14.102849650081309
18.171310803810336
14.61409651664285
16.205263399713296
10.169637838500126
16.39871336388385
16.62432461273213
24.157665124559557
14.930490124741835
15.523606331690209
18.084706028868858
15.207250188424418
17.72544383795794
14.656213216489402
15.42078114026682
17.274775069309776
16.65890502192166
20.06274782819501
21.080904624041082
15.232464491880593
16.24587786562732
20.82580622215341
11.605481410285503
15.449220746891031
15.129706883366515
14.187407499366582
20.464450201782117
18.450109640660813
11.602374161980016
15.18461507180821
13.906629303196144
16.07980028004567
21.7812634166464
17.89546511137437
17.572769609770607
18.358048541788857
13.01768174233967
21.207371009692714
15.649426982216932
14.811377460349467
16.414458965760154
17.700510096832637
16.8640114227458
20.989972445432866
12.205817702168599
18.963116339378455
17.583709561860637
19.12383111457573
16.910412353111855
18.333163523838817
21.28364084108588
16.501397158179802
15.85645839180787
19.40982466339846
17.363617670728242
16.20090270028003
14.542310316871292
14.999568975908833
13.318444492529963
14.580984653534667
15.539913387721409
15.945279316553112
23.31383216021095
15.913701716146791
19.382641712760087
17.036947121487685
18.240721248260556
13.630888646137537
17.23930968472016
16.730275982703052
15.090434400651937
16.355955329243475
13.767218574234926
15.516787580410641
17.617042207786863
27.13480812605533
15.796355175771946
15.17662181415187
16.434244907258517
14.822621976632147
12.749215659783971
12.887494490225327
15.914043862915886
16.88384005235943
18.25709665264718
11.56182590090051
18.454473377886334
18.70350558923074
12.43478619038689
14.082359143618373
14.450785535382579
14.94113060145367
12.916453602295995
17.06765871602779
12.277754591232771
13.923387603051587
15.824635822015987
16.476689058979005
16.65034258746189
16.83513011721709
12.895477978194219
22.255398866897583
17.841506751635595
16.10018783091495
16.447087365450628
24.34087377584444
19.457534346396898
9.188023287072307
11.16654531572749
16.941845810833172
15.38089686010747
10.662905284314958
13.968035943229676
12.447957576216812
14.987396286327899
15.527988487415302
11.347876966171807
12.63148358026992
20.442627566735062
11.540436384164584
12.494275583650323
13.90006557761249
14.586840662824358
11.3009909721484
15.447917613371768
18.103290431064625
20.5019467642564
14.857633698220166
14.648184955889452
12.254475574306056
17.17165313109192
13.713864071979803
11.707551435104389
14.60512479685493
15.914484851163254
16.50445837850026
14.431777685806129
13.391222535772837
16.908849826071034
17.697844285492458
13.38452943157328
14.073548436096756
12.874717455226646
11.119521277068747
17.602416616163328
14.236702527681816
12.720322575713965
16.36546276966335
14.940585371473526
16.625635309541607
13.991540804161213
16.383579805973568
17.28843206496741
23.634038577183752
19.66257923768403
13.00584109524432
16.696433873746386
16.72359043849704
16.514234696987323
21.630535180849527
13.592243288888595
13.64835587747009
9.226799972589061
13.937566340668768
8.798653763032345
12.518007619867808
12.910253214091552
17.56193830184392
12.26444007408297
12.457411629040289
19.17447584708702
14.745153146741364
13.014534228071446
10.182358535197691
14.549157433531681
17.87419871979039
16.090322209758156
19.52809500279572
16.565626304028314
10.208375417097082
20.93106985542689
10.781720504558843
13.745857354497085
12.174932518253453
11.291568498442803
10.496063021558053
16.08974785270421
13.250337133574943
16.393728060908707
11.906854399638004
10.192072723930826
11.345037696765655
13.844148026044955
11.438992663608218
10.138377494091374
12.3409066426116
11.38530348000453
12.49621601843257
9.576260206710838
14.172090819585693
11.69679250589299
13.318406758391617
14.26651804270832
11.069721994935248
13.59437226418151
13.647274087962618
16.506697830800626
11.517225159804312
18.49080822024829
14.067506489638106
13.445608226580905
13.982186988665127
10.41735199689205
13.076764283328588
17.600857408618207
11.758284851024436
18.197236467662176
13.63016802887995
15.127729759245995
8.786516316760975
11.758064298823394
11.263416883340629
9.574780287302175
11.49833417489419
12.254660465789406
12.712964584330726
10.6037516614086
12.581843756859703
11.450958201073233
7.693876659541944
9.422914923915792
8.087492847433086
14.50468869466246
11.062593511233976
10.169758376174101
13.089216427881542
8.897311708409202
16.43644285043846
12.57280024413557
11.47759730445604
10.638538077380172
10.754377106628032
13.381221937512448
16.274112597608173
18.67801050554114
9.546053042491717
17.382072313982704
18.71173834251971
14.440622543394385
18.525256857387745
10.93822910720077
16.31142861079645
14.239642594907032
14.394483411436287
19.00572780857817
13.216154762008863
14.049752964681938
14.559676109019463
18.44177834590287
8.931279697192734
12.647126503525277
15.918030763099798
18.659542914336456
12.511463346299097
18.75925918179912
9.609062332062024
12.243634657244149
12.41006672938765
19.554535030684715
15.044493401442585
12.68538480627567
19.95455382288558
14.197591673014816
16.278362603839422
18.464996231229467
18.95391667430516
18.64219394936229
16.755529070230217
25.954742222779807
16.90747255359918
20.365762885801544
17.78131245954011
23.68036419716781
17.11125908602638
14.426064861317442
18.296719669591795
15.675199897150714
20.477596747312234
19.281464997678384
18.81883255649071
20.222912644711762
15.42158362690421
21.696242271840745
15.1355684064974
20.688838411514187
15.746994711458475
12.104625274221432
13.964885618379501
19.296322919415275
22.721439504581678
26.22191306384381
17.9555448262871
19.047592713642004
13.979485375368514
21.320561844375927
22.928923449421287
18.472501030260872
22.625189221794148
27.156033803543142
20.582136723232303
12.27221546080316
20.816234897850816
20.462226139193312
24.679508383955465
18.86019393568098
16.829930575366514
16.52583805679462
28.47154090384616
15.526941428683983
20.73431583619239
15.351638871557691
15.872049426153579
16.999690247126924
18.05427569960392
20.083511574600898
24.04165011125225
16.45775485769607
13.591418331664725
13.51595306376806
13.374086199367357
20.95512203075742
20.64977913863417
18.28439016169614
15.71153215083334
21.011000413204563
16.12855476108297
21.760711767534378
19.86751156049974
14.373342903135153
26.06908570795177
19.148257061496725
16.126056724513855
20.8010693366942
24.945817096054615
14.99584184873796
21.03889488998851
17.99840302730741
19.46568815601027
14.87451116164106
17.801070172032464
21.487957504560512
24.462622666317433
16.367470018472275
24.44810273199414
20.856871835371393
17.02992551497678
14.988733743533304
19.826657343646023
22.30267988616884
17.03140348287498
19.497617506157077
23.69674371449224
15.544108937632439
11.96343486351737
22.149223478860897
16.53377260453791
21.62706590207205
17.16285624930642
17.024968329385135
17.324265764678767
18.54770718654245
23.54962015986718
16.8667469527466
20.485428171840905
14.240142623671765
19.02025178143324
20.80414120642803
14.593647640543466
16.520589651849967
15.815731599373317
17.326680003999027
13.555379348638596
13.498055983296505
18.64732065955124
21.761187116269735
14.047151536346295
19.764138319511286
13.663991145860724
13.878019196132058
22.13265235295081
20.962464291805755
15.021012727849039
11.79785212413794
19.65473228474274
11.959467167274184
14.963053783951958
12.425397873438484
14.799977932101882
15.016327185741016
22.45792766589002
18.801611048006624
13.424951754317096
13.879535414039168
16.610761440380376
19.06846533819728
15.784299307182295
18.104805138512322
15.582840138862565
16.069552113111037
18.84389476718377
10.306687881132383
17.12107933166494
13.172318187203453
16.511404037669095
15.45493238925735
18.958312085023156
15.893081094522751
14.57401772527664
19.891815509025854
15.670198798202726
17.770711896586846
15.364995363612923
12.450787290604232
18.1455138374157
17.645735128516687
10.925237105045227
14.524508270589942
17.398359094817593
15.454943275926613
18.886868979355693
16.294248132036508
15.773673506058765
15.689882106169405
21.28035925190063
20.83367141059684
20.367510758172827
17.59007090179547
12.378292247634752
17.76978631864916
19.367991959883973
17.570411562140922
17.75536982967159
17.639201395599606
16.058369742518817
15.107681899579957
12.67108014220161
17.42069810192516
15.633592998201953
14.94689798919002
15.96214530776261
11.060393593951739
12.400371751715905
16.346092104668013
11.372595441215305
17.777200199397814
14.943084282339006
14.914255965541127
20.41543006543565
16.098403100592215
18.313754922896553
26.02183780385036
20.821952571981587
19.224162448463062
18.558321563752614
14.811442366504936
14.079164329697601
19.031773718862574
14.229557328676304
18.49858720928677
15.646329077407064
20.753706655461166
21.456510588483066
15.834449898828392
13.14255717149721
15.051215924004243
14.991948097753745
13.630648762271404
17.264212499474596
16.594620018695483
14.587939200711205
13.870482713431093
15.0994646246572
19.51170379862713
21.45047559036682
14.554631846230592
15.922174467944497
16.161248527244894
16.832118258832637
16.689023454094215
19.53832740775819
15.411808869184377
15.982311311465878
15.100145191679195
12.149355748057555
18.94490764393603
20.25435931713518
14.651106525140882
18.910194658670278
14.74591038519219
18.158616810118286
16.952808902500195
15.94416877006057
11.071729167635937
17.875972525088212
15.124805932050911
13.762622300766552
19.259280633658392
16.711704623896935
18.339078797632013
21.497467006667126
19.295626292661296
17.11146770710864
11.882260561384852
15.973584542996173
14.072894940500808
14.617517466588806
10.18246429187
17.090517630041415
14.40606229357826
9.993759904137637
19.622957461244287
20.334857829201457
11.137980776463646
17.32318539546843
18.740633716145094
15.680942743789043
14.62528249022078
18.377722054795008
17.562783675913952
19.63907551015749
14.975260820980768
14.452893675380162
18.346495994571946
17.666938791308013
11.76898620841368
14.995523284805236
11.917080179793633
16.86708138545184
13.040078334002395
16.16805997698399
16.176976369923366
20.29929611953715
14.84000799124312
20.84940415847366
18.984062231037466
14.327124750440575
16.791820828884422
15.330284973054887
19.259447389004716
15.812541506208001
17.063894103318006
25.350844065549417
15.745515600991427
16.819067439847878
25.67106605125954
20.460933832725342
18.810489187137836
20.178661720468586
17.139223378286683
20.765171326867847
19.51339040699967
24.73689558805512
14.148594321232178
22.14118086520128
19.317266863003447
24.14371180010085
25.26321175285453
19.412244576726927
20.700565847482626
14.75897949006799
21.10774577918136
22.21731340782045
20.605364649304782
15.76619737834623
15.90755631574264
20.462954225589247
18.467353339034684
15.635674453179005
19.847036623375065
16.36714259017429
13.516392253166995
20.57123186899579
25.438565055226388
19.056008386852916
19.729384166503593
21.30707510177926
22.64827951825535
21.983053044096685
17.7319425294235
21.172306265982403
14.812487340973789
14.259906102442702
20.41136084623361
21.680024902010377
19.93932265507005
21.76694400942777
14.508266286733956
19.53645134052223
19.23479058418792
23.54310101689689
21.543123353551383
19.88566869511281
18.879423296906033
15.382308916002005
20.24962490910451
19.52124074712917
23.65940971600239
23.50786872274788
24.257753528089967
16.150451312849675
19.305039771881866
22.06493749631889
18.79103167065029
21.36246801489318
20.352169243873348
19.892904170899527
19.02093672395122
23.85587205918813
24.918002396572493
22.682636969277716
22.32966967730848
24.772695191621704
18.147009692445263
24.299244739448437
18.702517102874168
18.085695037579157
21.533703376211328
18.240981881474873
17.844575775378917
21.440176844370196
19.911959613004214
17.64940970344804
16.99127179008089
16.204683002579348
18.979236212740275
18.8030336480847
17.459798418597202
26.13674969269875
19.342767139192613
24.069336663194925
16.28378665370236
19.90900252188504
20.15355021545941
17.671505540541677
18.367776745834025
19.17878036612041
27.26648266122271
19.98365227763297
19.844465357079123
21.925299086951917
17.7941121462732
21.17060603727489
16.894034919611265
14.738572926842835
21.919277292145043
19.694908009516226
21.919992023233398
18.717803968864164
16.88791966529635
14.74572567258314
18.795972770551472
17.598516911259146
17.767569546652023
21.5871138885149
19.685989401913965
20.5334678238038
16.254122288848166
23.37502651476046
17.64130027415544
16.92579081695334
21.114218844066393
21.294765800938276
19.114523449534158
19.103392420628463
23.770533562834487
17.08723443962292
24.77314983041859
22.822051540356597
20.286722665392897
17.517967345053712
20.303342357104007
21.867654036131725
18.331416410964
17.153206915811875
15.779938130166386
22.63404279981871
23.90554572844537
14.622486280115137
19.45529645336978
15.845497827848247
19.809912699331903
16.575878141391907
18.25574631711076
16.535930274376902
19.132942279099463
17.696965022850126
14.295943563243862
15.859217101189946
20.34182771088865
17.048276629815614
19.659899677997632
16.65030009669043
14.744965617813062
15.632508009457323
18.384471071511193
17.354594339352694
19.558257438206944
20.847484725167664
22.94948764285634
17.737226513207528
16.0215862241902
16.523700857377857
16.60769394031999
18.142753824747302
18.924273356929287
14.95325640482813
20.29904585507361
16.727373497907966
19.24178472774788
21.370794299470553
13.697376039036595
14.846270199707952
20.190057486569778
18.403436215637534
15.50574092337858
15.163210016595222
20.10574282432825
14.50117065340282
17.924852496589182
22.339472762201517
17.20233296896224
17.500260938577433
20.009042457993274
22.921890495613063
16.9891161996321
19.155534278076292
16.93739770723813
16.546725625446037
16.846916043813458
13.54267576927864
17.31757901479075
19.29125485672411
19.133719182479563
15.876496797780742
17.17568729770305
17.711007475055577
11.081882136350924
13.40212226673175
17.61261176334785
12.171381542034656
16.863889171180396
14.792868156283465
14.25300012214714
17.18763468917007
17.519301464473383
15.747827255366532
16.09664302494545
20.805377630821248
23.550772098445353
15.271264708710673
18.879832737848076
21.731792456152423
18.911911168201087
19.199016968045942
18.60293486730397
16.250578788090834
17.235813734896293
13.260575371417442
15.207400630458135
15.03884508147592
15.618339358732538
18.38106520698321
15.19579357616482
14.60597467500969
14.13225197176036
14.243718255340685
17.801775699110635
14.855890298015371
16.66918625619969
17.589736076488588
15.770789837325106
16.327648089031992
16.229457322148757
15.324411808576993
18.77467448529779
19.214655607184095
14.505631135374164
16.93381692154736
17.91323055605919
11.946231852817505
18.654209641919365
14.792357396590768
15.395029719514968
19.065556518167178
19.39126852600486
17.235635524266
20.322124549280215
15.2242399944499
13.72380908627421
12.929416030458642
13.537052426999587
12.870833872307768
18.741096438229928
17.997425032853915
17.842318381400354
17.481290933925163
15.685266124031077
15.03987429161403
18.65206252670407
16.152362284907245
17.88126120080999
16.606413232898976
14.33157961108349
18.79423116744387
13.819830304900497
10.841686306015431
14.875557223902113
13.721600273879492
16.815328449698
16.70659518459261
19.60625994054709
17.57739900868283
19.573136402045556
14.97802637017564
18.92942241507467
16.386831198837765
17.830496211581156
15.338615195410338
15.997479111488746
16.756977193167447
15.251165487854674
19.31049221821783
14.428377788563305
17.77916189408456
22.922996219706736
15.437862653667569
15.399601236379155
21.18191358109616
16.78003278130125
14.312643172234237
14.54560095579389
16.449909788611762
14.903550704735679
9.961009777059237
16.335539165310852
17.052485277200255
16.57128449692894
18.49143528061106
19.3035797055131
20.503809722669896
14.95824781337427
16.277904348208345
19.896731119901446
16.962792474925372
17.39308549106728
24.885188451510594
18.35059834900408
16.59226762869094
16.27599675526141
19.48279693382259
10.560097062046895
15.674505357061484
12.079164990859844
21.30489281443266
18.451180943361894
17.231168247049144
18.571269120187583
19.218293578981832
21.517661957002982
16.97709966318937
17.84477762282877
21.553892561272477
23.75104144919455
22.70678426188154
25.47874956272499
18.599700305368565
20.259092520646874
21.50964328801961
13.71375236542452
24.882744992517217
24.009632312770766
22.492934512620394
23.342809720043178
27.849086792247633
21.915762122107406
23.972434360622334
24.046574378703568
25.55403291346539
27.418422685973024
25.166205560465862
23.14816731437553
31.374151031841954
34.19408040497672
25.424647761856598
24.293708025690385
23.228883455760627
21.318313408783034
26.292779778605436
23.112276964968466
24.12072583111198
24.636788642958933
23.71125897533569
20.530007034079993
25.778579736442374
21.7559971774237
26.92039526583688
25.129613642430716
24.29947511598625
23.878382617060165
24.03228128660119
21.003321309866656
29.193586434068607
25.30747193944353
25.65859436679893
23.070163045746693
23.008601575077353
29.763132194563067
23.09600572088745
28.456452861503905
22.075736957751104
21.56006949589215
21.449879376598147
28.489478882648715
22.7540259127106
25.878202113187974
23.935505674590868
23.542805537589732
21.76107750406948
22.26178073301802
19.324788337641696
21.424136239445016
20.89234247749539
22.326651140944236
25.491627354885527
23.464682109325317
18.008908501070266
20.311378645327295
19.05909513080041
20.36791391086128
19.832458793208705
26.85317188180454
21.580940177860974
24.59045352337648
15.974236921336221
18.03330234192879
20.009357072621203
24.505775460349096
21.710055900160686
26.22640732392581
19.547332323640937
20.82684349948331
20.591802790718422
21.929922787695034
23.997104410787202
26.856862173753246
25.218578048682442
24.268266584703362
20.180454685795457
21.57357338122513
24.022724897739078
20.546822145664816
21.729739670116462
23.64149023640487
20.652026625536358
34.7245949084204
26.138057980429892
25.543734086089227
21.863642021711282
21.789539077680043
21.622371843081805
21.352604919970137
30.275375203871597
22.338324688366022
23.303762204501588
26.372195801709797
19.78945813005861
21.884919659492297
27.705816104649845
20.41758770521503
25.917252484203726
14.520106958790194
19.196514668442404
20.17033297660093
21.886934632955878
18.54463333428284
20.904998081513806
20.42909527424916
18.605403153613366
21.767056111701976
21.854600642629702
24.211001281859765
22.25398889655204
16.13915905842196
19.587188159266706
20.72711688187035
18.61387810817265
22.269090294980856
19.02382457953023
15.538036903155746
18.599015596115976
21.02228306988649
21.7476351210729
20.65285646033288
25.231973828310128
21.576368032907336
18.92573619451296
20.956469832917833
14.431560794950704
17.960907954961353
29.62025359551812
17.5521006730709
22.851806196739727
20.820922852311394
24.02313312051977
18.44201027454795
25.163892372463973
22.469653412141128
30.513913610848842
22.56961315290727
24.760994515331483
22.982931533995277
23.761663496929003
23.412467711195045
19.76417607753508
23.585103663644137
21.740508765779964
21.340453578995998
25.72007919245392
20.695649655339047
18.57075046612171
24.655720784413287
23.780321266917927
22.46145362714537
24.7614777523804
26.141213818986063
23.696147648444555
19.7307966179017
22.90806472704453
19.061172834796963
19.42992016035924
25.53466967047639
23.561081629547196
19.375969351133072
20.68568728790394
24.383445343090045
22.78547095621947
19.317216816808887
27.537601076638545
21.037188761223977
22.751647008336313
24.757635985672973
25.106308699353175
19.329402672224912
23.25993403243926
17.7913690926009
23.520116016930743
19.91965815459002
21.369250119697384
22.445351980899037
17.85190055583644
26.375924476775083
20.397482888963488
21.132794850842917
19.018906202344688
26.869199159986245
15.229718030263887
24.534930816219315
23.319384305613074
27.368639381331203
23.72291876045273
26.19871193382053
27.42593015436946
23.188157049144465
25.601468887944105
26.739025637214752
24.737738391638775
26.828918269117008
25.118008259367535
25.166165360914828
30.05500704088268
25.275734945685418
24.787353066585386
22.956838749990503
20.906671947911278
22.288520167659506
22.723216693529327
23.043978973710647
22.20561494621507
27.1017103216778
23.9235341974183
24.91093571228912
25.52985209251992
21.042480522915174
23.50564595060933
20.927652146222208
22.13047392023425
23.235345448577757
23.998499045003474
26.017070798911366
21.209121387136225
19.324088994523994
23.684507963458408
20.25957856620805
22.82772040126675
22.436790799064315
22.906966609543304
24.176705358174708
26.794250134692533
24.122969064474933
25.275634964272967
24.816584033974436
27.92935333641635
22.916876032474654
20.95658289615036
24.631074425494877
20.196409885801128
24.02927034730923
21.36506643269056
26.745063545195446
22.915216806567734
23.311782746062725
19.194402436723863
22.647800637174022
21.793784060404484
27.68981531489157
27.281340107089466
30.770970483875676
23.703728729659595
22.21509814986574
25.47137872791248
22.860487058018823
24.007923997975247
23.411320779835286
21.764187235129917
25.874677052915484
18.631042042267723
24.31644777117316
26.08590461407588
21.79663544524213
20.29162383714567
20.999750066045458
21.725259498088143
21.029775137553223
21.295593496879924
23.705414780025368
25.175852942883342
19.08752423205432
18.553293503447374
20.917069525445957
24.209232510352255
19.700298096219466
22.588783524978975
27.56926108146636
17.977508390189197
22.841615614788818
27.04376622290297
24.353099441152267
25.911527222110106
26.19551853051713
22.450658500859134
19.816971798310053
18.22896319870859
19.640488952746882
18.658831566284405
18.68793663295625
18.301393518296113
21.667796585719053
23.951696149855486
19.202406323031898
22.681862411857416
20.977594824246303
22.468962882095298
21.268376568755603
25.231407921805047
18.971056776642314
19.391200855339505
20.21114282590406
24.383181650220482
22.263544037397047
22.166449540223248
16.972295396021842
19.849130309440977
19.121310793646714
22.938889140715233
19.649947148635807
24.07639742507267
20.27899373967575
20.084488306012165
19.222333151734368
22.1384819848428
18.932549729109684
17.578822608411294
23.16520001595173
19.308004420305668
20.539933952933996
19.097772969885575
16.463464222953036
17.75913463260469
22.234363921928335
22.98023839981963
20.962657363708356
19.85331849119475
23.04661291498019
15.00449620974955
17.359444866660052
20.072519297906286
16.436893871806056
19.462442895935844
20.851445961288057
15.987568307609328
19.760603705824185
22.61926472109098
19.16020150655423
16.81495336458708
21.853332495251337
16.34677534810299
16.989076090663527
21.85757191223831
18.879978046897
24.882398971789616
21.925830251730005
22.253211417758322
19.809407034256388
22.8419287739573
18.54201372471011
20.70137356888837
20.199411795578158
20.868275950967067
26.116185610862892
22.207148701854052
21.564954032500424
19.753294279658853
22.81430264491184
21.149427482716522
18.53045802373646
24.130922808411935
21.36829231773261
21.71808320458099
22.74782601358156
22.41002921262119
18.34059299145818
17.708870007357596
21.822865066704374
22.396455491282566
21.0363820800491
21.645855133168027
20.54400692176352
18.665229849568032
17.965626230909386
20.495882731071237
18.768408815115112
19.3650150131686
18.518568115772066
24.32436831697454
20.540874059050946
20.763008501181115
21.19034434251207
20.582573539711714
18.321142214683825
17.675838807998506
21.345878153223712
21.458393689900515
22.206968369372767
23.932550589239813
20.128083615021236
26.628444205996274
23.111891775458247
19.72951782648659
22.62260771589133
19.55349700103151
26.26798852614898
17.53513152816782
20.206332481054012
22.533925212884675
23.393491544686196
21.958585676146594
21.413927898192075
25.382789882074132
20.0015734995123
22.963420249780487
18.301448840359676
20.441652484636418
16.907963262731517
19.632350219617273
24.137547387563696
24.212352208506637
20.27546745595418
18.306333104772104
18.56754321000534
21.904267936038398
14.913563628848179
14.988883494361298
16.71939581058924
18.234890030033846
20.81470436540983
16.175096421866378
21.40747400190944
18.718686800603844
18.60553982440254
18.218818199528403
17.192260968762692
18.699870476302912
16.716176876539382
19.869549677691303
19.196942472697902
17.81989535167083
17.601935012971957
18.494045415380697
14.896079406356343
14.889049294987762
17.28525192166805
16.91317374046829
18.779097497097702
20.226780510880552
12.801649485151984
14.486342150241693
19.38014361692003
14.676279631121268
14.905456693546094
17.472076740788964
14.123999776500371
16.129001653165172
16.9206488902705
13.962301109377698
13.896285236364413
17.468100282603714
14.844961118823111
15.868913279362753
16.08038546841936
16.192768036229477
14.753492021981698
20.18700309074101
16.718541610614093
16.731950634360196
11.926630464049978
13.126067493466007
19.648768906792732
21.231424449155625
19.91813214408044
13.806536558669526
19.470823334177705
16.311689803080018
20.47593151307627
15.698873203541789
17.71406214618791
16.542264316709208
18.775960427015477
16.463277040031027
21.028363762036633
17.2010284926673
24.859634963170695
27.887562038299713
22.642797535669608
20.261586180534493
20.18866753288691
25.34060348121849
18.708290927881457
24.46977318715022
19.886721819157874
24.538064316868375
25.237572156066577
20.583311300563654
17.820814574948624
20.563685588371108
23.134985566567938
21.442067218763643
22.894391996010715
20.152505907154552
20.852917993157277
22.514635664223032
21.925826239961566
25.187418644884097
23.815930496299348
25.156339523349267
21.708129210139738
26.1395233981093
25.993206847157385
21.00536833518369
21.680180790825315
21.511024585327085
23.759836957160186
20.266146996526043
25.188024575517183
24.538291703989454
19.9635156938552
30.74387822727023
26.0701415738261
22.193199856796443
20.310088842711576
20.638383561635194
20.92943337896551
22.205117217011153
18.186944985938272
18.145047023526445
24.573079304302226
21.857857358204864
23.686537503727184
21.883432058881542
16.899964952696063
25.455912556785115
24.178054495812844
24.83047140401059
22.204129180052394
22.754452996334958
25.071799377209196
19.96017516930513
23.779203213490913
23.243868509408635
22.55810914308261
21.640376630721832
21.318005614626184
21.719510108243874
20.881379198467936
24.465030058570488
24.230451908661376
24.527994508391654
20.045442810276537
20.986942148948618
21.381006254049897
16.1806731070264
19.89056774960496
23.954321238542278
20.50774727153093
18.18616366703798
22.84556120539111
20.136152064080825
23.47454166693536
22.67460739318703
18.910694161270545
25.16204534346824
21.92417871486854
23.786024060866204
22.96869044973392
22.33399791105638
24.315834855336885
26.994417075103268
23.175688600368535
23.46017801651239
24.00236759935339
17.68518467578556
20.09399082309856
26.8591195048947
21.990515102953726
23.24326840564588
19.60456699369501
23.634601112295623
22.911604006670526
19.787297356356436
23.899350242634846
21.09642173176359
20.477350654607424
22.213835855647453
23.035445712366368
21.221601902814726
18.960059578282397
23.465048602340502
23.55974816081256
20.683664107299364
17.744859818987383
18.273109450418026
23.999119090630963
19.024884260765816
18.099186911419103
19.295884208056926
15.869555316648198
19.01360383912322
18.948680348203805
19.617996718733725
20.642600778437902
19.770371892758774
22.688837378094796
17.979842349564173
20.514238385824687
14.390574658789347
18.174159581263606
16.03261744529418
18.41765630557947
17.068171417790364
15.690917705707225
21.878135304867378
18.80900391524278
21.672479572488818
21.33964226261081
18.39265080988906
19.431587566298226
14.09751501811893
20.473472675307683
20.835425566412546
16.394440546168166
24.139524626645333
20.37606060823008
22.517809029352502
22.06895715398731
20.268904348999556
23.109459839147917
19.71282041794367
23.0353520413893
21.948679535070152
24.18602555637553
23.980970777061813
18.343919699712615
20.63682737734474
20.99113793211666
23.923619409706756
22.144138343965192
23.280074132722007
19.20433006492384
19.203220739593807
24.405092191546842
21.706552837082494
19.71977696377739
20.20940795147537
20.199655416502
19.298064138694862
15.995289110173697
20.734033591742136
20.297876689489552
20.35535288848242
18.68432968984232
20.46944176527309
20.969347938002766
21.232453806136814
19.093068862186385
23.8761635584374
19.62443809026094
21.27276821133453
22.32824494277236
18.754564814816913
15.966182818787962
24.219834759052187
18.715938979115656
20.123271879075542
23.353088090176907
20.247943422470353
22.36197470682259
19.8291091800727
20.913556324985453
26.01136170785149
22.79344777670933
22.957575644190747
24.721589890638704
20.04765585136195
20.619299373602754
21.764379362851983
16.03725641839668
18.409817749302515
22.709978737816677
19.451789629467374
23.22228229234792
18.447233751741933
23.59647687522705
20.259219808182245
23.575838695769534
18.154723912020415
17.686874376182793
20.141725734725238
17.03994472615834
24.36341032583779
20.604805196713066
23.02701319424995
21.326756429322
26.61297216425373
19.593898463413073
20.11404860580601
23.075510841133408
23.90089197005047
22.191282040461502
19.304916282149737
17.746077644764767
22.6351316795813
23.76705332254699
24.566008492023006
21.08587889147483
22.03739180486829
19.441087578494734
24.536399232451522
18.564617835435623
14.874091068808172
22.28940488825224
18.186788952327266
20.524827664452197
24.68554549082681
20.46380723268678
20.596153558855157
19.449033513058062
19.89105710553116
18.179787031043357
20.04505252650136
21.4704764517391
21.502562824967743
20.00263041019147
18.72645916699589
17.46404352300225
20.54809594434353
17.73346275348677
19.453490808116047
25.93658897275417
16.685443890295662
15.465025847089553
19.922614574742916
20.777658003062932
19.62531315635386
18.045580053980196
18.566156882278566
21.733159643727618
16.964496847401584
21.67269524269585
18.944608257810554
18.952242341241647
19.24992679672718
19.802950268744393
17.887775963324195
16.109258925655354
15.478351288991814
10.114511322339819
19.020230632605525
16.90241589928075
13.507652914281337
13.943573328905334
12.485676968382442
12.918638683295226
14.491044168159545
10.427965042948978
11.909198676751826
12.128362479762984
12.395439908695396
14.314501982081794
12.84436914822501
12.503786764834706
16.40944931004698
13.868683948570776
14.227969314865096
12.89220889475029
14.805093090332438
16.77858047541116
13.150779437722509
13.245838898935705
12.576237643337473
12.461247357825082
10.506782349086643
10.00966360290034
11.895208745915289
10.93418255093514
10.151710821316929
14.426167853988872
12.881262334582312
8.700307328760822
10.666014445626407
13.790073792685211
9.758904586725846
9.196465918271375
8.735635640114454
8.719331278406116
9.881514833942552
10.727601895174468
8.341247315479198
8.864387667348147
7.499547997798835
6.799104077613757
2.2120984850005687
7.2708532593708375
6.54189200476458
1.6985580582074493
8.82390430845946
8.264258736743704
7.012175356129243
8.47858545468087
7.218577903293158
7.392043494742003
1.8950933472694584
8.554114770101643
9.626762762490308
8.646880647575498
9.315431696681593
6.122222532207845
1.1428444697275493
8.103123138196594
7.757468923158262
8.680110948813391
9.598011060790025
8.886314666097356
8.73154775807386
7.267149102258499
1.675379047408616
9.64035482933365
10.117585025396389
7.0469151640521694
8.93414928226816
6.872347855205581
8.315986046247112
2.1755553909385394
7.718863946387051
9.457522550092516
7.630955771450265
8.223387072044657
2.807096196834225
9.410089953645015
6.391683900093562
1.5025099503423531
7.043046099146793
1.9896660734594944
6.869438353733057
5.552973398830007
2.2175916046947783
6.931778209352269
7.583969746588757
9.110454960719903
8.405450185465424
7.238796254324584
6.213980864940681
9.140699383604574
10.041639304551339
7.433003633051941
8.54847280388832
9.261898056387775
7.451714043028815
6.755314968642413
6.405356400551864
2.565681971975237
8.465116149742133
12.088800268066507
14.934014498356433
9.284906640632787
11.27583343152735
10.295761072643224
10.376373600026922
9.276499564652072
8.66054772921997
15.23140343161035
14.786115570052322
12.94698893690711
10.028652869344427
12.131838631226382
9.802658082888279
8.04237073561408
8.610232861044077
11.703381026781274
9.333683366417809
6.114644423948635
6.507574469876195
2.145547450027366
8.143302170583057
3.7787147551194478
1.8680396122617502
9.111566800294211
8.945498696199444
10.153537374297608
13.567291035168521
13.172854714504027
13.54074938394756
16.57361548872967
13.218861120035287
9.093662566475167
8.560856636819167
5.178232623954539
8.121990259097087
12.24144750035753
14.231488447283764
8.791387833332864
16.46277484945061
13.630702238522456
15.048069566772117
14.792794645248518
15.039295272397403
17.38176244432592
15.342442636582453
14.615700650459727
14.338018642292647
16.091048470689337
10.580644530192746
14.977019273168931
14.738400391615809
16.197576085996154
15.148580957574474
16.38200603942266
15.666795952300301
16.560599072038944
19.3845956674192
16.81070037794603
19.472872651930842
20.70187502928293
21.038799536462637
18.6164765632625
21.091222195760547
18.24231280923253
18.082768974961567
23.27636232252261
20.693620551176508
23.57217847439421
18.147337719318127
19.198091004488134
16.760161976478148
14.527806274715632
17.13159813326136
16.47701030803742
16.3124977565554
15.750541192356355
16.363431776476457
17.33388172944143
12.476913064033578
12.61670016594466
12.851797089907318
16.327188825750753
12.286334404056891
13.355167959594969
11.056743837274333
11.1116086354966
13.016647567136154
14.703236089491917
15.1965988426714
14.694216347329872
17.409354208545725
17.220145117722506
18.854708294480215
19.96286033930627
22.294045432582124
18.10097939226599
16.801851205763242
15.583901758214935
14.136840039079157
19.24844003135563
20.421042811312365
19.79892076309998
16.66905392672576
13.215075635776142
19.260131002896237
14.135318019497781
18.570264806358665
17.908682336475273
17.310403243706187
20.431486359782767
17.927842384797888
14.292309369093015
16.041103067183123
16.493939217110373
15.734688785546934
14.956262015905118
16.82605808926166
16.929521254193926
14.768892598096802
17.25227919809969
19.654719544985284
21.74230479233893
17.99327436307228
19.603978040500916
22.50393398211657
22.89186294469171
18.782518519062233
22.04891570605393
24.004463137397693
20.35329059603517
23.1834997581849
20.484616480665878
23.57162627027314
25.1568173118825
26.61162129708586
23.310319969477924
24.05560154844124
27.204043272391257
29.265216738021937
24.288181985701264
20.486148694321034
21.835792624437467
22.27723467855176
23.703381145935076
22.391886498530365
18.614087787281086
25.5161085404159
29.364613247309332
26.929941954127656
21.844752763585632
26.030426084253243
28.09580929115972
25.757101191362004
23.187506525380787
28.74682660414074
24.45312694047342
25.65163510467131
23.736900426787813
22.500818880865527
24.15816829081577
20.89080282420655
25.305011918134642
26.15902424320548
21.792190275979888
20.34030361970117
24.86754996076734
24.33831949103567
26.5959614076265
22.757294130638233
24.291988967456515
18.42465250936639
26.443644306314336
22.09418538740542
24.252201415766407
20.026326244130097
24.249400785739844
21.923441218473084
21.35235661412791
24.45106737608627
20.048286817231883
27.19948861980009
23.746416963090226
22.448434947458455
27.08146536771882
23.983043244245792
23.564928814873863
21.649396140909005
21.425475651548915
18.170213888023074
22.11015230581788
20.64984518402757
22.187269792453773
18.144968062889337
20.96193649242514
24.72966245479284
27.60659684707595
19.761049623413808
21.289187703573138
22.029516623060154
18.403034678424696
25.254321808290307
17.644198404118484
19.324837657475232
22.72851046257261
19.87727110949683
20.025503160682213
20.16379961895296
19.837259662375697
20.92642358118382
19.09657596278366
21.23612288645809
21.737888081912036
22.74759895411845
21.64968764431446
20.22103466888946
22.998257447648317
21.884209038583148
23.24513658870073
25.086433260773568
21.166135515437432
24.019992253688716
24.146088304832418
20.08345741567826
25.384441100456815
23.438424462887873
24.41829367160091
24.537148757210947
21.727777810438848
23.615761275200644
22.8377653930239
21.717735834939965
25.11568830611124
23.431125680854123
20.03106288022679
24.600329414852258
22.76921712682591
21.901685639494257
22.159828755229775
22.23253693404927
24.457745953210093
20.181416155358
25.415809229507285
20.482501518425156
24.78726708188269
22.876619917654743
25.800626841361797
24.071922309773534
25.496737519912788
24.975657564154403
26.85826519516325
25.37068150701406
24.95204240115566
23.442744251092904
25.673069392978775
22.507693689331138
26.509734674968122
19.441871635983503
23.36721724847042
21.677876301672846
20.45922540188613
21.354129353162293
23.361059205181892
21.380789209640547
25.159217144761843
22.18680944699057
18.75392062280461
20.54002201596214
17.77905483501912
21.34494595306035
20.453621157812446
18.532614725491786
17.868867828816807
18.64038739211833
17.777889688176824
18.88248656306596
18.195855782150822
19.642091557498603
20.480988670859887
16.100731962706558
15.620523197290872
16.46185549281546
22.170137933338804
15.948615727000803
17.896439806403365
15.779369097376119
18.108002123608603
18.26021038300058
15.66463724218347
17.902006703362954
15.051455265147247
17.07850328828477
17.646906481910474
15.962794215354418
13.82369429173799
16.637133720687398
13.156046365719886
10.684710623484245
15.903392401638158
15.035443069956477
12.23975679748289
16.32900457179713
15.322625421859165
11.652432270578094
14.925640353405996
15.705271448753308
14.508459796169129
13.102950682558433
13.976174521571155
13.525105785770815
13.32404490181973
12.993352074580867
13.465006496003609
11.688593317986083
13.094040213991796
15.760554502719584
13.320188505331986
12.02500045171382
13.777599982956962
11.609448596012566
13.774127334812814
15.41412539958559
15.173069092401407
13.609553236389829
12.413448885601635
15.239493584623562
10.577767842561231
14.925247040337688
12.263721562454732
13.569423256700553
13.385990111471743
12.874020281473125
14.565689845204409
12.14821375622303
14.801939305197273
12.658399088334534
15.263693138370042
12.249000829358213
11.599549331444534
14.724178151672254
10.168046620566106
13.577502762684622
11.015152925561667
15.728934787159629
15.797104795543113
14.543901903731564
15.327020545646754
12.977174884157385
17.058464477482495
10.210812753255972
11.837124105759944
10.89856756902703
12.036747074141413
14.164164519447727
10.433443080906418
7.556731675805461
10.589656353431986
10.276185279441489
11.276764004928516
10.623975267376617
13.46571796972489
10.011191994700928
11.137724631867128
9.723928126117354
12.220262565001029
9.720874077461389
11.161595921511552
9.394569894531971
13.185748766417415
11.696457605694684
12.015083102767463
13.627878860300834
13.002093879404057
12.84085459903252
11.372534041461957
9.290876948972262
8.415844713952135
10.506281877755285
9.904977407415425
11.311389290920468
10.366737571110738
12.694021912227667
11.112470235328287
12.459306949572573
12.42594820124318
11.398717135139224
13.643119614610152
14.77459957121125
12.790672578145553
12.465292967406196
12.162483206976324
10.188096486382179
14.002412148870471
14.644258693090247
12.207000434686377
10.33123506233835
13.481546400235974
14.740448273286555
9.961230716625959
11.077761730787428
12.167498992499757
10.766854194493984
9.199033293172423
6.371969011163833
10.55547907800622
9.406510179993806
6.841769260925268
10.870369318792186
10.362368895125154
9.008839998146737
10.706556415378895
9.560893000254326
13.292209424413791
13.071324395947572
10.21638653398686
10.547307743088005
13.569875095059462
14.248056004509813
14.475982693448772
12.62370605879694
17.898759086597142
13.487940093572297
14.679022461687605
13.903295671627735
10.324832545990661
13.047425151561432
10.537494455973372
10.750045759336901
11.140146654915085
10.980345864645813
10.348027446046366
16.11214495513666
13.271256053845201
12.991532022564574
14.021815745498126
15.662872084810106
13.6729810939273
16.34072843811281
15.9372840503854
14.49421179415915
17.382791704896743
14.66944798615488
13.24053395327208
14.019832542133178
13.301632316446629
14.597862518450727
14.579175857746797
13.121204359272536
18.466481689482222
14.135126782022635
16.97506325389533
10.723353649618666
13.485538063902244
12.679422628297036
14.842210337286259
12.860253350999495
12.055604701335133
9.924835499500453
12.42213902234856
11.01945712419471
11.609338273054579
10.961114580980464
6.763255960805675
12.663178716706339
9.814799303377903
12.745240789300015
11.32937959539109
11.30088594117545
10.283957915160727
9.938459014821396
10.020065601244248
7.884711733389582
7.990464291964718
2.223187096935459
8.248545494448804
8.969082365388934
8.757660661540523
8.003012311266458
11.54150368791346
8.785848155095742
8.313214411813501
6.469897552376711
2.503434297830838
10.203260352269716
8.486763915901111
9.277374615555653
10.802770576702246
11.512339529369243
11.606892030461392
8.816806057148815
9.88665891589007
7.250874895482275
9.537032141426389
10.650133436715192
7.181479274296265
2.7256676449918533
6.772179883556862
8.627077155806601
8.49438452822456
7.995939181600218
8.053268653344366
8.231690483632068
11.009697613691324
7.819244804787838
6.515498743434051
2.3975774653616373
11.84065645453199
10.04915708338927
9.832696492715888
9.893817761461408
11.592328394342026
10.650494634683612
12.206377542518824
10.622549606059858
8.343183535796253
8.959958163597273
6.749984009967763
8.186270931393015
9.220644557607129
9.201708914645835
8.313228807244533
6.199917912202486
6.531081478377411
1.27965676000421
6.781488042738468
7.689586784924146
6.244367451868691
2.064007386010768
9.409573390659189
9.862276832273846
8.378395499963077
7.996126126657557
10.102560537181494
16.004769192856664
14.413900779198311
11.953976211000699
13.051268915839746
10.524445090455556
15.145404702793414
15.262620534690962
13.268474377383798
14.631300130521605
14.279617286503756
12.813649559541853
14.12558650565895
13.19878082739063
11.74584405429132
13.926249855766011
11.519723258169154
12.899356893629847
13.2877709492111
10.972853553482338
12.578499602851936
13.282875329610654
15.050336841731633
12.785364096825216
9.06823624734033
10.929038478887035
13.28090928851231
12.004666491331399
11.31856419879538
9.853516544019872
10.022988152104231
12.692629951278978
11.065478894109146
10.524034751407507
10.133572672194346
11.49824185817193
10.021444860595928
14.895272118531514
12.068590898817162
12.347972907847451
7.222097573340664
9.052742822484662
10.48817309165701
10.193326250713948
9.417903541696798
8.272798338974429
7.524219035024286
7.322925832038603
9.53545703856795
7.306870151644827
12.496664084393647
12.64010012599505
8.920828614531112
10.246053370764187
9.95554199581822
13.318748680089826
14.475212231489355
15.088925955335263
14.030985138815257
15.972115179586401
10.269044382261148
11.294830880890355
13.699892542005031
14.937885393358977
12.575764733817113
12.58256138483149
10.50414823816797
12.66313932733359
14.195331989179843
13.106336597021492
15.711868945096963
14.905477452822264
13.342739345342475
14.94177879058507
12.183002260769968
14.078083285135182
15.213150863938104
14.213413879728822
16.586780536321257
14.104672265964123
15.82337459553834
15.593286811660997
15.066120203394023
14.93220365102491
14.591519107410393
15.316246505770856
18.170973726502364
14.994662220124026
18.99425133307203
17.728083404119975
14.086817806963634
18.72077715347927
15.826684163584586
13.821811518185767
14.392492271660052
16.18218072863112
12.265278118854816
14.751148816064218
16.719651642198066
15.43710671250971
16.119912326712555
17.892462763509258
12.478534270299917
15.298251704292534
13.63011908483795
14.26687180272572
13.82563875726918
14.038403681895968
15.212056525203094
15.233132938868495
12.190146888820419
12.318225333215704
14.236850583143964
12.389907112929704
11.696459551948175
13.570170348860193
11.641735828135452
9.839726036138675
14.576417884539726
13.411573243563375
12.595708930674718
15.097570146460917
15.085688150061248
14.563197153648789
13.321131726605998
14.172435704497735
12.283571111488353
13.251093306974138
13.31391271419681
14.063337163590532
14.488500545223832
14.896277836551208
12.67360695421298
12.068741162155584
12.556819026308023
16.71702028247231
16.468012217623798
16.867106416247754
18.32330384830208
19.211246994537124
13.09587262948315
16.156382010985755
19.284815677628927
19.85501983681938
19.11911233659676
18.667269284771262
19.918031408543566
21.235067262755777
19.743412547980952
19.524691018146815
17.08367593348845
20.362372350424693
20.42438444901993
21.21503222491308
19.44903437095161
20.332099872926968
17.93456169003662
25.13816426979428
18.30174991567684
23.852886784391906
18.423232978894006
21.37073505185628
18.366836372125892
25.011875662499722
23.998964481087917
21.279021225978518
21.188675662340426
17.571641229538972
22.793595640003513
18.492677790897922
20.76896702456589
20.672830781965477
18.822153235014383
17.81018049928846
29.51894135929028
19.351966597690456
24.494985593817844
20.236959148572886
24.627898879090242
25.11471648308336
24.257806980174678
22.3807574185088
22.197906407621357
24.70955309318863
21.96769490599764
20.637789774999504
24.478941467187443
21.32290494172963
21.247393361947083
18.55621283323773
19.439822934179055
26.359301901094984
21.359645941098186
25.773338503705304
23.577752450218647
20.310792897565193
22.451874026579265
20.437585165392317
20.440215465939765
19.080212232839482
23.939622256780794
18.902639309685302
18.71686140281942
20.772698818897954
19.372814127351994
17.781184439397705
21.37467339446742
20.674466461713074
21.451928553273753
24.235384626557803
21.572900000742283
19.180720870293122
21.473497241516935
24.936406223158045
25.298458509212892
21.880978170887765
23.2778133407
18.91883618064461
23.332608590846036
17.816111117533985
20.895546720202127
20.748428673976104
22.890928890658138
20.336750276873058
23.51033006725141
22.36212865715613
20.902126279793375
19.882246725298597
20.93654634096457
23.634689927834238
23.196240866446136
22.058946690192283
16.9160308094617
16.829588806487955
23.109641076616143
21.21014134788733
17.933984163319746
22.177495424216666
20.062481191615863
24.58962792393725
19.291775826544516
18.696040139690922
18.500884783211543
20.711174803680777
17.449625403793895
17.184848837521834
17.258243783712377
19.805981909749878
17.562145569883153
20.944258871090053
16.79236696125241
17.531078024116525
18.237817264727223
21.913474746831195
13.010281879487689
17.244524661054196
19.200160149239412
17.631398279401516
16.880899476741828
18.49929880863099
16.949790267216112
18.62157934872752
21.75843551666838
16.83111405462411
19.434178774244817
20.220093868341024
18.750354907505663
16.52884486361971
18.799547159591796
16.85209870205108
18.96171329787179
17.8785487448373
17.46492699646125
17.0099980438748
16.64920145118406
15.134936871994563
14.263740519288831
20.141163514232424
17.63361712331703
19.257761685912527
23.081017879292713
18.14577511817306
17.698105416857086
19.630037707450704
14.244870029516413
18.547062472156934
16.216826978799673
14.246893957662401
16.448538902244362
17.86779222986653
20.923972489656908
20.26885079206422
21.559382144459914
18.347702454135494
16.287945278163157
18.21151309965572
23.632847092151934
20.841317192616657
20.69282188778244
22.833164747434648
15.147807877885368
20.017982099210993
22.163397793988405
19.462820050899758
21.51699172674205
14.368039136326738
19.381034742156487
19.75993881611207
18.56662170181174
16.317075079968202
18.054620863329113
13.681398629634325
18.64731436049213
17.590086617921173
18.970629693398596
17.49060880140348
14.063205215198225
16.07756490254479
18.655000400003807
17.719279600432685
18.624804915013357
19.576141090392884
22.570534204114594
18.464172120319283
15.916657470401255
21.145486960616502
18.414768394976534
17.206500788670514
15.01877357586743
21.03634472064099
14.969821310598105
16.76860604687247
12.000548483882753
14.94873018807914
18.816861638294263
17.121005298970648
16.068036499553607
15.321449408066623
14.433682995183274
18.849239406426555
18.08280184400252
18.299776790374366
13.914984316573534
12.10664427508482
12.710321002302306
15.731919039330363
16.05968870609315
14.687593583188626
16.90457273720204
17.09115617752296
17.724435635738676
15.6573563391551
18.143004394441967
15.26251341672488
18.15991380689675
16.089059316793232
17.049158065169408
17.6621049874675
20.411904575571885
18.819944113791532
22.093105303094013
23.769043763886856
20.7414527379846
23.02071000555325
23.620896331431258
18.94357478000633
17.539060149368566
17.799564346248335
23.5428294302757
21.501167520841516
18.821009944421256
23.635136758848386
22.17775139115572
21.23974677453662
19.268697796142845
24.827791707380225
22.91830130046077
24.468724389687743
21.181134296402384
24.45718975858315
23.082911267308617
26.706061996652426
24.098365505833602
28.7501516559657
26.320899206649283
23.270819048487148
21.89976987752783
21.99196763563625
20.37543481970819
26.325481954367937
21.886345236262187
22.13152849968299
20.090270674228904
24.39007144243196
22.335897436901206
21.42034928184649
21.683069542430722
26.118037221160492
26.193305763565053
22.086342005834837
22.440510833804368
24.38983221075475
20.551486664352765
21.63146305983907
24.49962101847325
21.84808527373839
23.42017397818021
24.324622591160512
20.54771317468298
25.677492440741453
23.37890969934428
25.451275543694408
24.81042520683788
27.51307539308277
22.268906835902882
26.33053033664738
23.502484886105854
22.879600197688376
22.265548405199862
25.39256534032139
23.862613191968798
23.354952962657684
23.542207976368758
23.193232126646652
21.650695346190325
21.904301704805487
25.407514384300065
21.435114048394745
23.175154116840012
24.416578084888418
21.21562735623565
22.548988734011328
20.447072802960214
22.69414858541716
23.841201513570525
25.16000280982275
22.865953790349153
22.750519851380453
19.764156539709173
23.24455597001889
26.085270940701363
24.66475721033114
25.40642507560646
25.85088029348365
25.428930190191096
22.804789549759587
25.263244516393495
27.63622572338669
21.963560227351127
22.991941891399012
21.479886560294926
21.72108956577081
24.847659820435002
21.28296904497978
26.33843126677462
22.15772210722028
23.430181814927593
25.352610180493084
25.513532403399317
24.90135282446935
26.369670907518334
23.747974703365962
22.34404142715686
26.29667855032927
19.520843606284966
23.336494153776556
22.13372929818899
23.533907147585726
22.417754795161244
24.32280248465296
18.907425715006045
17.616480065553304
24.51421100431227
19.377896904970267
14.453761438410544
25.14483779546023
16.869864150049878
25.222201596098998
22.912980140502903
19.362151632312507
16.770912358120874
23.03381027187758
18.8891845169675
18.58973854619162
20.788664466122082
20.828391523954217
18.846446046302106
19.542484074708973
19.07797614857455
19.331112031044032
16.656684527128405
18.311497909992642
18.715975898540556
16.190745087942783
18.038186989601446
16.850105341390357
21.390357052878986
18.844571101615312
17.495654238034593
22.00255671300805
19.106603257853706
21.138992387358325
19.8736692575726
22.00890190826917
22.077415743250093
22.364898038936246
20.625072748021843
21.84579316466539
18.48470153375709
16.553986999361964
19.976387423940643
20.25627062439402
24.81921432058285
20.287806514021653
20.69131731115665
21.53639581244491
20.14868776314378
23.52566208981432
25.49632053964095
17.164645663573516
23.975150156790804
20.546575103906918
17.03606883339261
21.89767015244659
23.23875060765697
24.332075869448865
21.315901920998677
21.302612687802895
21.023221579940575
23.178646563536052
24.17933704906991
21.589794074790383
19.395828447349324
24.327765198469642
23.3408949849123
26.188296838733308
22.483536427353148
23.190008693644725
21.163463238113046
22.877604412084917
22.07940643033859
21.872562262624456
19.472979771664267
23.792138371708347
24.175291585418567
22.899843346870988
24.953078561924688
25.636494108654375
23.541967269800974
23.478794834631806
21.23139143357635
24.071562086609468
22.244556850702427
22.840367696426384
21.682741911036487
22.471168207020245
24.688849003328013
23.305954372981745
19.646681785609395
23.267169334721533
24.301222599746268
24.649254220027732
26.93977889303489
24.03981772604407
20.501233178528015
27.735857427417862
23.34154843916355
23.64788202065073
23.364548118054998
22.695488569956716
24.000676143137525
17.827682680711867
23.756404272926698
21.348375454406565
18.94243109174746
21.376192080503657
23.441645577153963
25.33853347511972
23.28617608473375
19.918348597119547
22.283295773519413
24.580775687036326
18.355407037181855
21.129389413613616
22.27656565456435
23.261906525305754
18.803713872984677
19.906454248050466
18.876506357462294
19.74851846602595
23.06449071209248
17.665429216723233
19.064544904878694
19.832863254122717
23.83316049043958
19.974921765312693
21.972674491810235
18.58364268762601
24.397771098827242
19.398985370361547
22.904589615993217
21.35733795337362
20.6189664665724
19.261933304949597
25.429482997523706
18.726005930345615
20.230068571419768
21.55582941666715
20.239990235582194
20.87005812214764
20.363357763738104
22.58248464221371
18.812316482292093
20.876244127043226
18.072713285310037
18.709026313893645
18.688707702886145
19.03094526062173
14.284839765693176
20.147668954888456
19.12095569487989
21.07184242131978
23.03245860574465
18.977886026033747
18.32176313441616
17.521732260037453
19.394418982019875
20.179941760408557
22.739710209160208
18.448008507931707
17.234735579153217
21.736793838497658
19.10669269945161
18.25757183428283
22.242947053751557
22.658308316064783
21.149866489076743
18.894853233582797
16.48719140657436
22.017618300797597
23.47175153162563
19.296618212354996
22.471385063276145
23.219515707466606
23.78127854655685
19.10266341535703
23.01222874469885
21.702473577064385
23.029611828222507
19.5870457831609
20.320808309809163
23.33211417224599
20.844767232393433
20.086447056773906
19.58880215442008
17.824684246703136
24.48071925546564
20.54305118868153
19.908224855899846
23.24036034066041
22.83912034702569
21.501838764137208
21.127274071767424
22.035937229477526
20.423971254910466
23.422587739930332
20.077342607432517
24.00636238030042
20.86962594419738
24.304225240970908
20.091732710339297
21.068057534888005
21.652365972588033
18.367265837593745
16.838426351969964
16.76296073833534
16.973109396508193
19.938488419981034
16.58188795352029
15.257849386456321
17.802685031858207
15.256360133630801
17.34204734670772
20.216605660182765
17.938909042520454
18.406463732706495
20.292027774554114
17.228500378905203
18.963957746236918
18.107790801230376
22.380954385826612
14.437912560920553
22.419294118846537
18.880726951879684
21.23681136194839
22.398990720287152
19.502473367250506
20.603622279035203
22.20212864785486
21.303974665997202
21.034324234795026
22.295579216646313
24.03365156351221
23.781999033261467
21.953386210464448
18.45255233211
23.836680817808787
21.270066299977294
22.63751489445391
23.799330747689076
24.772478652642732
20.887351904769172
18.8694112354596
26.043847830866792
21.605344033224085
21.867552914413068
21.860000121989092
23.051583966479498
22.43800548378273
21.773550749897595
23.5355444706447
24.94286054295982
19.49572917437807
22.438138035279483
26.566422284689178
24.45415172794953
20.774430304843026
25.52334819866464
20.99392035667251
20.821683130085326
16.996426185338812
22.758200043499922
22.417530043431512
22.31713655779492
20.044506981300017
21.705004938666317
21.888480244399585
19.244797949330668
19.736026591395593
22.67516098728975
21.116403644661215
18.974238439712266
15.684555733951461
18.765724774888305
16.019940727660863
20.394240704496802
21.121025407808
21.500198820534656
21.571545395750714
23.129844113772812
21.14422452259443
21.901035612376198
19.313188945532396
19.740640934595024
22.448864122298687
23.958381639616526
21.112357329272335
27.31640561165349
17.046634293496783
19.827298636704185
23.69649855175529
21.918151767229606
22.301886809042884
19.262638954766818
20.52660657181719
19.663254161989464
18.40312915078463
19.391705044095634
25.07087267753855
22.0178660909229
19.026921000576774
17.45276766113794
17.961609231034018
17.077826814402904
21.65253009189227
18.818910326223197
20.172874773415128
20.554872593476613
19.20305804341114
22.32817042902594
22.828181822003522
18.12494026959422
22.978734648937476
21.254747209592324
20.639282841903736
20.167324732441195
16.23121036192554
21.250076097031677
18.582556326321825
17.87789631729385
22.290154508557396
21.647931796756115
15.928254615540805
21.208510695436814
18.777278004961225
21.527801742398488
23.53430838363715
14.141587856700136
20.48368889158746
18.381740734852734
22.368495085939372
17.82940997500124
19.261035996944848
16.599226336202953
18.4971024812539
17.54199525546227
22.119522747780845
17.967210587845447
19.13779080213011
19.141439702162266
16.048753195830276
19.298839438526457
18.299570242447377
19.98476287243675
17.564275658571457
13.122855306812216
18.52907507161613
14.920386774319102
12.935043057865093
21.063206616217744
13.488189275235712
15.64065385604204
19.927675609564414
19.580552858210922
15.120515494864906
17.238619111559604
14.316914631497053
18.80513595802134
15.925195597229997
17.07134883966279
17.176367496848464
22.974971208958316
19.923962125848377
21.61360617347386
21.27225814838721
19.33693952235071
22.586562458352283
18.08986436052508
19.473487535766438
19.462692973807787
19.1138700743399
16.903194206471486
22.23548788903951
20.86557350433102
18.516560238675947
24.12249928797902
21.696177223667476
19.21195384830284
20.078834948296326
21.134415652086723
21.00372949316686
18.54625578489083
19.801153762093346
21.78804712917393
17.551535150703632
18.177113958318575
20.58199340444601
20.315102746021186
23.45339714622761
21.25517104362861
18.89932739793556
18.953910888695336
19.1117394215221
21.060410168912828
19.304053377950343
19.902365689153836
20.811726820417384
23.55027991350285
17.543439141547612
21.300384811515727
21.277426432796304
21.310230636675783
23.257154312984163
23.61521298944163
23.383130969428553
22.410225037213443
25.129175639672404
22.665518863588886
19.43608443929632
17.159078382005653
22.77823041365065
21.252643710939573
23.349097158116543
21.7900623729712
22.732435668837926
23.644987013391244
23.74038572714731
24.187247281972656
20.24898027707204
25.009468414844495
21.475450154635922
24.72290158855155
23.23849837825901
19.79638741908625
22.803412705336285
23.832635002386183
19.189947538445303
18.57106530917993
23.414902655016956
22.611715331979248
21.231608108750017
22.065605862773353
20.03249068247548
21.768171808717213
21.339868979240215
20.208627658028014
22.62684912636334
24.281517444305358
22.5316952190563
22.132488662130168
21.284818118051355
21.08302898646415
20.566742416731323
17.404060534015244
17.66595021045506
17.192151871467587
18.105666001761637
17.353406787250968
20.349438907026084
21.578838676166853
18.459409342964207
20.04757109107672
18.819214832038075
15.407457501431868
19.406129303919734
16.22137221740215
16.68041021078826
14.876442880418757
22.50048492583707
16.300451849465766
18.85350164732128
15.777495312597704
18.427846455426927
18.913453658604375
18.2124475313252
17.244382249294365
18.03919334701732
14.653888933308988
12.387142122621672
16.164356252974788
14.213606227478419
13.975556429607987
11.383820096715613
13.286056587362213
14.694577886548885
11.264923120255878
11.112775902179528
11.08328508803245
10.324538440387839
12.242500660706426
9.641080452112627
11.570400873865323
10.677505000642201
10.02396113126921
12.1116013946554
10.975572477609914
8.541831541367173
10.477239502245252
7.33611543152941
10.96044982874566
12.70234724563154
10.350575439496435
14.420718504669262
11.579925500860753
12.200899453013289
13.268450899682275
11.896441654542839
12.34521219440225
10.314130710264529
7.604513930832257
8.968288869909939
9.394697042349318
8.770144846145705
12.604529772093288
9.675890286185036
10.837260038706583
11.005730950742818
9.257826190060014
10.54811147697318
10.885670389338607
9.78706463183758
6.653309709577327
9.44141603260108
8.658241595372383
8.259595847451124
8.211981757484391
8.671241948201839
7.476476327871949
1.002400331355655
8.216534464502578
10.184120401802264
10.805226836549446
11.195855858321277
10.769134621009506
9.293801242415377
5.409345711972298
9.938920865536126
10.947697732787274
10.6234026051581
12.511158421302701
11.533073475870813
11.703164401511188
11.80990134428232
12.038071028990638
14.478965562552245
14.478653798290894
9.924587988928408
11.914474064110149
12.394699388916717
11.37947617866123
10.091775240487388
11.61856753700045
10.57797743986732
8.154058335430173
11.928219573809063
10.428497045498172
10.40561253088934
13.330752194842578
8.297787542121391
7.923965598778327
8.768402762294421
10.515566511346629
9.916569476718994
12.493553545903882
13.029234855017094
9.137817472419945
8.492585489031146
10.22095194877873
8.190936211734225
10.61795901092386
10.101748122519494
9.102616181509427
8.924280875806401
9.6054936978986
9.8842315165968
12.265876971307996
11.299717043133908
13.021215048049623
14.062347679253545
11.343575002572239
12.37131127924097
8.150639025456064
10.318901511914994
10.737245454146409
9.128284642961392
10.909276209916529
9.823764852712376
12.926041728530604
11.564891678677716
8.344856891905819
11.483196159244983
11.087953647070396
12.825629702798347
13.44387393342996
11.819806109084809
11.957344616814783
14.733260025324586
15.11496096648932
13.108066399263333
11.99040421237888
10.369379456785659
9.723674762920082
11.130436138942091
13.726222678006339
9.114183122900808
12.781248641501623
12.220050832640808
12.037409411997912
11.52290911698312
14.040376160067016
13.089789860628711
13.978190278515843
14.581378995598685
12.913262329451555
12.286240441698148
13.835574411180751
11.158560054331533
11.69509574187781
12.96977111869059
14.442151017436167
13.404935281958604
12.94738645821388
9.9670497913955
10.0482061076276
8.688821314846706
11.167154074117724
12.755059433454138
12.462578815708968
8.356337861288543
13.20523231968765
11.754104068956194
11.620944707753887
13.569178066827632
12.505357881543313
8.756774239360604
8.189630126079795
7.819796701883653
12.051203319893188
13.36948720517685
9.614724850726082
10.797116821769805
11.7341386397174
8.744395103537649
10.925312748069539
9.99895721789369
10.020031161498943
6.859590269648753
6.960613601149948
6.713064677411988
7.0840484451892225
9.564692232815537
8.212141895828287
6.693938059952959
7.325356150900868
5.739636123032444
1.9544805778862544
8.551688933250576
8.209261335895187
11.323701385820373
8.199056589575862
12.6019621169702
8.062246517185505
10.39507952825976
9.042069394050797
10.49963524071
8.48913196225149
10.34093718027166
9.768974345543835
10.18193532830319
10.052150989719074
9.186007129795223
9.673586724785624
6.994428305187928
10.110124926911993
8.545201378227699
12.091506928168446
11.437829506440545
12.437459120232782
8.220864171541614
14.123556090945458
12.198309123749755
10.228930152174767
13.69277921128452
10.94484827071478
13.076991842844489
13.331954255420438
12.74899492518514
12.05563476365572
9.331623899490198
10.28774109943115
11.279357317030549
9.062090206518736
10.947027601470342
10.133111061658402
11.340036523214717
10.40084693447897
13.419706954607708
11.671300051323596
14.917923294160184
13.931671135455959
13.137347343602501
14.491410956573166
13.837763925829211
10.80026810891668
14.500636714334897
13.22934637985459
12.320307116935531
11.411634575281623
15.054408821515018
16.718409107750038
14.039896972566645
11.021246273975319
10.553956792961271
12.784827293439317
13.615410111367176
14.159487283325024
11.70046144456489
13.334596195273305
10.574183172770129
9.223975136332795
12.4810761883652
13.561740819395155
12.610941344178222
10.985255136474906
13.537449396606757
13.647115073088822
13.315417654624925
11.93045712502108
8.5032428320342
8.416522590832418
12.502006065690367
10.075877741937864
12.381352589844735
12.320029044622373
11.694922508698813
10.434427059935494
9.524514851554693
7.007999288608088
5.528867416006298
1.6308677714736395
10.681154822924478
8.065765681051822
10.074091443052955
9.358424039755471
7.148188450099828
7.3879409889016125
8.007861894788014
6.488018431346071
1.5442837990662643
11.27997512863061
6.784068029337365
11.863687544002032
13.211478721105678
12.41995178899288
10.240528047060405
13.04538313167927
13.515142144371666
11.582577446277504
14.67269564798758
16.338540511099552
12.9833216458811
13.295185522624012
16.288778421426727
11.963829334139703
14.660511500766395
13.913117202032836
14.53843877307096
16.127386649138852
15.902674468000834
19.44373036295276
16.31307382207146
15.791644084598602
16.389481498114353
15.720608511047853
17.657970597339876
15.048023187080334
18.87176415936644
17.676218075685625
15.489457510240658
14.54270627626646
13.694484653641274
13.922258046857552
17.238748949960282
14.715340867904805
15.848815196142914
18.681108438045186
16.28698558482322
13.146724998874841
12.166822003229795
15.278869337507334
13.379879554030694
9.954454572466156
14.576498095091528
14.050101032790199
15.9449786021477
16.637416561775648
14.128686702178497
16.497103746068383
14.744791711534072
13.137397549490407
14.450619227314286
14.001447154201236
16.86978887334613
20.01174984682826
15.778609766804776
16.729904523894827
17.56350843400129
16.9144722265892
19.143776787196884
22.02949874215122
18.409724314508164
14.512335284958509
17.252276904434332
18.588228977261117
17.58148406627103
18.79115737197776
20.514545073225456
19.575312353322005
20.00653687795339
15.325497425819908
19.414466641137913
16.01285447134659
16.320657774948405
18.189491341889134
14.730429416813168
16.363946598070093
15.189076539031461
16.246522772009396
13.93831138766938
15.837056384633062
14.853998031094886
17.650021754099754
14.922332685981793
15.66973185898629
13.786126398140173
16.040607727996534
15.419795242716699
11.048775473215997
10.559879847116608
14.286646663725133
16.483245802392986
11.790813385488455
14.95782008094035
12.986181582165589
13.899829271665755
15.110154597947815
14.119616408832334
12.040370360687758
14.05329607941915
14.223598290151248
13.556678714130097
9.220635166825751
13.95243468013678
8.810921301841045
12.650468007522647
11.529780127088186
11.56513203345348
9.814945839247603
9.394768491224575
12.177613414062
11.051922967217594
14.336181906597348
12.228311253251055
10.34053438172471
13.598999301296509
12.853148609026285
14.382851766864968
12.540183005214372
12.501948872301144
13.293021184170343
11.789770064983715
13.718626960073586
11.240191870976805
12.270599534979155
10.28875964547477
13.00181090472764
9.600598123178159
13.09421952460699
16.960115553236303
13.731149339267969
15.002363469276503
15.875223303809506
15.177245978876051
13.948223597105727
14.974445048275458
16.385606563252015
14.293503204652218
14.707821847660693
14.1721706114017
12.992159575831613
14.588543168261246
13.689047483604147
14.356519125274891
14.04238608902301
12.712511608242274
12.863061830718667
10.337290686104787
8.834341060326794
12.015440988615472
8.335388268157027
9.417589909013694
7.933379847870439
5.486122419002414
8.331147567793609
6.625644990413377
7.137995275075307
9.052033361857152
7.191411837054656
6.213993642246123
1.2059855557277452
10.398894408095291
6.028780384530046
11.543748373825585
9.807989422328415
10.085183186986864
8.623727497578958
11.307173064295199
10.76303534310144
12.632043742184301
7.724304066409518
7.9183394244713705
8.739667269840107
10.767155944548978
9.172001405185476
7.5627008970118155
6.910614774280443
4.865559909070604
1.3605230898671463
7.532170670002971
8.480998322706919
8.113353498419777
8.979210599811381
8.982260821959361
6.303910217951636
8.919462734799888
9.63668033488319
9.330092412955452
8.623190755852816
6.610827406113806
9.171952625379474
9.344426347095197
6.767862309816512
4.334274070018778
7.465743170020185
7.371101128198019
4.1163835509202436
1.6082597630590185
5.747652803116443
1.7835031695332524
7.633260508532452
7.513945543604939
7.825692962765494
6.727625365960026
3.0658360100545696
4.969635938815275
6.013748937658672
9.57329453098663
7.157635623305207
3.7193294859301815
6.342247518601288
7.707478879654405
7.502270803325606
1.8200295468680099
8.444657818542705
5.801637225105875
6.992151590423149
6.4202195752578515
8.074049780418655
8.009016893532763
5.216720504232867
5.785332094169261
7.499617509848019
1.5168207928456479
8.240586190099046
6.13474404058006
6.663886085493041
1.7770681383983182
6.912763237435957
5.870765821171197
6.97903430919183
5.082994022112659
2.1998895675370487
6.317638534515234
1.9453313683870916
8.411008258756015
9.130704849166385
7.074573692147375
6.846715521975845
2.4688538379214338
8.322492044032234
4.810892772954322
1.4368575408041449
5.81698892380518
5.793868608430479
7.923674491309998
1.293209993145344
5.608787262667314
8.080752695930972
7.0614106650496575
6.0792043462873515
9.273842725374367
7.463382992309388
9.884890576582672
7.9838445036364805
9.1845268703528
5.473545277301702
9.920209684637728
10.450788827726454
7.963216768088864
9.77610274865235
5.16955324902614
9.731906692407094
6.731685539843674
8.674126855692275
10.027653458128444
9.289223779760878
6.490870609975715
9.513345877434908
7.493526155656344
11.233877205511368
8.916375317836614
10.584219280092315
11.15442320604512
9.399577639601139
8.960965322053022
10.959515573017343
10.533208592228162
8.303088618179274
10.197470177874001
6.248357438625575
8.07667623527602
8.29043518125031
9.778317183072572
7.981827746720845
6.558451644088853
6.115262798688601
6.962257172031341
8.368488226579554
7.873026134888694
10.00921467373107
9.350494460582523
6.596956375670485
11.20346347962922
9.833075763632072
10.607176192354805
11.80450758405839
7.082931665658125
10.661651550532387
7.9225156234071905
11.375315299379437
11.41448687357325
8.167634124685007
12.676523022912992
10.150756157644791
8.69311293912179
9.609798069036783
12.216690339343597
10.347592721369294
11.328071086216273
9.44960965384741
8.270474963721963
8.582373006397459
8.235571445030152
8.901637467323273
6.4518130201192765
4.340836106367284
2.2449380599574553
6.416575444454135
7.622248604877996
4.6631700812918915
1.2395752193220706
8.793904745937676
8.97794275106357
4.308609594300584
6.417450477398198
2.917128973820825
6.916430043461112
7.624175713557633
6.285726003731129
9.66224288112731
7.9022533725286745
9.15994404755807
13.043020602227235
10.314362447787982
9.16272433166166
5.554839335019964
9.451410508786443
8.480775715054712
8.327587759355229
12.572034707541548
8.338402217971815
11.175919601099267
6.9372286111412125
7.199572093114627
7.853570229481178
8.025668126971015
7.631686205010355
7.138221811693477
3.9423012319915727
9.211084729788476
5.8713800270161105
7.810686824927982
7.563029998205976
11.862024588528818
9.859945648730834
8.701155666907596
8.615024808207073
8.926298796287526
7.385128212195616
7.506945325339964
7.728109491742973
10.993833504160405
11.195647975242847
10.780996373426936
9.447651475400663
9.124015072274826
11.485394344146343
10.160014442675536
13.951126149558872
11.239498709599788
10.23903293430376
10.615954783399072
9.052233870790477
8.022951517201063
11.209945622982024
11.016047260002427
9.172983611855193
11.239318954047386
8.51716266428725
13.798192908187051
10.253114849263262
8.893884739835853
11.475811848907663
9.455461106970615
11.55079335193576
10.043702794372383
9.953361491982204
7.097494319452822
10.178167832265919
8.18803746946734
8.873829137315255
11.992239095026823
10.27910904131247
10.344397166599972
12.499035978108987
10.240232455227048
9.710849893341866
12.860332472925212
13.53035750354528
13.010281524967581
11.468963096141303
13.319574788489838
13.027029457573354
10.544954917575973
14.774599462838474
10.803962201740335
12.73514605444224
12.808601561407068
13.352021528542085
16.831887186661522
13.433348029707057
15.407153075864898
15.580208285452999
14.884749025942495
16.87654854092677
17.34920410674672
15.885511683551677
16.22799532928119
14.888421888406507
13.502046851265408
16.531656691153966
13.185848527560662
13.531073177419628
13.332540176124214
14.699474447645377
14.011911467597493
13.040346303988212
14.77836455022423
14.716278816857786
14.800746143431327
12.432476899387812
11.859682236107075
15.864082874432437
11.262258712790187
9.897476467830415
11.734828836600185
14.337307008423235
15.394026273523144
14.344892799574176
11.344321281708833
12.277091924804926
10.241961102567007
14.121085920512455
16.06242594036496
11.925105936525542
12.881114965905223
16.140688600094105
16.99550514765962
17.61799524932531
15.987201628899664
12.51559430240783
17.78932012662398
23.843122110615923
16.54375326998093
15.996405220488226
16.462792208955474
16.96609728417786
15.347675024678061
18.161968251857076
15.484624990406259
16.251405567838674
16.03075889004497
18.90657800549709
13.395230941345092
15.233694330898215
14.400467501397934
14.892587583634437
16.223984783697375
16.8780126252649
13.5467483291807
15.096629103075465
13.812792781373503
14.120127036994448
12.995122417070844
15.852919494259886
15.862550847248576
14.073913865568668
15.102472446787504
17.294388950196197
17.044523182876468
12.377311932599975
16.97524934237813
16.781274158502583
11.883813540455531
16.645331749231687
17.05047102401263
13.072903883190971
12.395138998201801
13.649045789918818
12.86827405640696
16.252238911059262
13.74401957600439
17.27861416822825
18.75676566892922
16.60274485568194
16.827959599709615
16.787715934765178
13.326609940093805
14.673207111564675
18.423799467246194
15.47587943341865
15.084975498970225
16.008359356470258
17.204146295353155
19.419855229803648
17.97444021729008
18.66976788769406
16.265912469754074
19.231839907955038
20.45015915380533
18.11393828057601
16.72791874725005
18.280356970185593
18.72254414838333
18.66647319035482
23.45620508377797
15.379979690796706
14.492028453365721
16.31724981164376
18.30477679665803
16.09288832941819
19.61935482718782
20.929737317116174
22.47351093443332
13.111112835659192
18.049151353243037
19.418015647066376
16.953805867184595
18.08087197080355
15.204583156681998
16.91528674929301
22.265283281823052
20.13316983838647
20.93676465977157
17.934224100235248
18.659872799484024
17.240311874484444
22.049510877565396
16.18254645407462
18.63270645275093
20.8538057495324
17.63348025664877
15.292461602800943
16.59977750937315
18.453352565270333
16.68205104358134
21.954916713104264
16.805531174629404
16.48196219004013
20.346931668746066
16.605590013593215
12.604808869052881
16.465338614964075
12.14412842364354
18.901307096257682
15.983319397859521
17.719175064529086
17.36007540858078
22.74962039606137
15.68787733754201
17.26692884670679
15.59827347885929
16.27888204227403
19.967974666558142
15.862656108075717
18.658977517255227
21.109715153498584
22.151884311542027
19.56416109187782
17.404290717656824
15.51622276583587
16.632951435503166
16.536414222376646
21.29211919307364
17.216638487482378
20.94890085291804
13.286804956921484
20.871673075202896
19.19415215887818
24.432926842447365
21.536412545604207
20.454337476803076
24.057604684956733
19.64640664236771
21.05972916734518
23.399132260044734
20.999622518395093
20.008806910378187
23.34153677125141
17.344615479516314
23.196872771381795
23.964028442384134
22.347459443668363
22.758896699484442
22.305930067025955
20.90399099991446
18.280127011383435
22.30939463755426
22.62687329010049
20.690933955816444
18.29909900799735
21.840743241929395
21.7435239018098
21.63714483544227
20.52992586601186
22.261412908549275
20.998263669261622
20.300698961041387
19.98473397226386
23.65191029231428
19.50319595964954
17.459607303161675
20.283472642264684
23.322522700728218
21.291800650753185
20.570802158321463
21.046436150766326
21.979117514356357
21.85332316676398
24.46474936139596
20.28072801441395
21.308671208373948
23.562196016442115
20.690824063492943
21.50489377340334
20.381544234248732
22.648495939592323
22.66239324073426
20.126625551472834
20.60480218782652
20.563215665824764
23.304649322015756
23.185457784626756
22.502376407827853
20.73752661744564
19.83747751240491
20.851899415328198
18.270738034993006
20.82039383053565
21.122065556673387
19.641100794104652
19.358211147259453
20.30047582879639
21.17730804918039
19.072451505593662
24.721622417037477
18.67519203957561
17.629978460133902
18.42146637591226
19.537196781350243
23.085702490015954
20.674589744268264
23.19574839692608
17.155939754976785
22.18758189983321
18.397695480015074
20.623340816919907
23.484018675528908
17.959435284033933
20.757108007522298
18.529640659474655
20.099300553311814
21.135106117265178
19.203456789708984
21.670167502844233
17.671646375666132
18.335722481147698
22.717440545390986
23.414247531881053
18.342487106404132
20.914464035689164
20.738795009892282
21.43026324730007
20.022625271804703
16.56200260865932
21.29986119268025
20.553106027567246
19.559346094377844
22.30640448767056
19.879167174430826
18.9851354603202
22.06504015826336
23.200030684547766
19.805118029213705
18.915552290472192
21.865025405179427
21.800694001280867
21.611507110448898
21.70688442257713
21.01722878626036
19.5497104701445
22.005324509381456
21.45795105097301
24.377818226962816
22.068848188110984
20.274610185792227
22.248272016697282
18.685893264728307
16.92947067680094
18.806982167730286
20.215662280135998
20.997128693037446
22.086957324997428
21.61828861273708
20.284871099474763
22.64350124459823
20.036457564040212
22.089320486142547
21.631406999519175
24.287488861574474
20.301160424590122
22.60906814117441
20.698709079482278
21.05870122287823
21.006494521585108
19.453781342231572
20.48016786334201
21.672316213210042
15.156948702978475
22.10942576945667
19.112849486494756
19.337931606623723
17.934563808333262
19.134226005722287
24.80116845946377
22.341932284106957
16.746680434071067
23.337778247566824
21.40477915820406
21.830811595186262
19.619368760557546
24.31612222076511
19.932606794010628
18.705914741576688
21.073819849829952
20.281428725243764
23.347767918596205
21.107672779750988
25.19971555600848
20.03740577373234
20.319389553625623
21.228979924109655
21.867048530866164
21.974420155427616
21.087565545240885
20.385483770487298
22.412679513113282
22.52151151461978
24.47649881894564
22.776772344307123
21.410811321176364
23.681942772305995
23.7146387905722
23.71894540377781
23.196685472145756
22.853286264127313
21.09000500230496
21.847752003550788
27.344902290161457
20.96227585769877
23.04877944330023
20.624937190869968
20.756783285403717
21.04010938372644
21.41875601105781
23.888577868187014
24.293616679346776
24.2995226456845
19.93964534511542
20.82027336305817
19.709805090333624
22.077399153259066
20.388217275199032
19.66205264389419
22.026860032537428
22.495357169371374
23.45947179890156
22.90222017280418
22.862268983008867
22.280023253631906
23.507043060694716
20.98234130222435
21.58282413347061
24.115772434353836
22.461965611405937
23.03348015159312
23.662760381705066
24.986047704880317
24.052959802408996
22.429295467419998
20.764654507594706
23.622672463376876
21.001458017903754
21.050996069895344
21.00565537115783
21.25151968828448
20.010131316202756
21.353759296125105
18.29648692989112
26.142076876024
23.719177953936978
20.61874725673158
21.04200683030161
22.054783284563424
19.946745152799597
19.333537339456534
18.92442781861857
24.922527654066077
24.27617952759386
22.08273239128824
18.53968242093009
21.56428055289332
22.806899028795083
20.57568461890027
21.81490193441119
20.128090049753183
26.0823346067643
23.51718667163438
24.4528888193579
21.437507161055777
22.170674252285753
19.90069012241821
20.845862427112454
24.106042757846787
22.259574274908694
26.196710117881512
23.181244242642723
19.676325657663202
24.212196947798773
18.06384858353117
21.925684744012603
17.935140931892267
22.025428176546008
25.698381783328802
20.754861133147635
24.002204893616664
22.825659621576506
22.315896488456602
22.463009984356344
19.038064696228943
20.95701649729133
19.23412246675111
19.40105524586954
19.877665596688384
19.381519099672342
20.417352468778972
18.770392380697924
14.422514768558905
18.294305647745656
15.538616683347781
20.616998502968997
19.625492122777032
18.1188157377922
19.411084275260837
20.198989951615232
20.880937058249437
16.645628298237675
20.172024308371793
17.894377997217926
22.32846562173685
21.639237949189557
18.523248009843687
17.306608296501054
19.72324960491067
20.51945986569585
20.044776868538403
17.396723780114883
17.383032471204487
19.462012681365753
20.778583384474828
19.820546722341994
21.441617620064573
18.03987531216765
21.353392413063514
20.67788388618155
21.04361262432269
22.73386190215473
19.603820910708706
19.7063138927257
18.490823708789506
22.71011434415584
18.816131699350795
21.684634028451846
21.22944854154861
21.33327801633558
20.62951280617481
19.12791219424785
21.144379011982885
21.66501412897475
21.324053077501297
23.339327194728845
21.66696611159598
26.01089078983497
16.872248376288788
16.922259349057846
20.49605427396251
20.176054459671658
19.43983480612674
19.77777724781148
15.87685243700488
20.92421332013405
21.48417771654938
21.124856901703918
18.642275905557078
19.576165077799033
15.92283364493384
15.880650428857429
19.13017144406066
20.14466308914687
15.457472722626932
19.77574980396221
20.390091736800674
18.112748944218225
21.49385999963251
15.47396915335938
19.092190112237635
18.148551925316788
19.866321202805217
18.421655551267836
19.09710204960718
20.82100504637652
20.610301931835878
23.22805119998065
22.979973203480657
19.64913035707888
21.88510739676714
21.8179148272357
19.48807587855318
25.12807122707799
20.303983216503756
21.161962451253036
22.4867848470661
19.095942875652096
17.478292774417742
19.025671781357723
18.80989491763608
20.697303622888082
19.86714617906716
19.249153872930194
19.354437442305528
19.569824061564734
21.09251064198761
21.72088407773413
20.820320670836214
22.42065558346493
21.16072841449428
20.074433616585463
22.16952113995329
20.463918853801218
23.52776022454888
20.11261480115041
17.485436623404865
21.144357579344028
16.819416317741776
19.989525574803523
18.80354180707401
20.380503380072128
20.656032708836463
19.922841412977014
19.67643339017484
18.05688935239628
22.856838073127292
23.18399583632323
21.29846230174428
21.64994825741558
21.792281169927904
17.605331821896588
24.174631886883578
23.34772641958981
23.801591485369944
23.260633710016087
22.33562165153082
21.048586675865177
27.922514939661088
23.70892144487296
22.301858123965722
22.177374029486778
20.05462185325428
24.93127956296176
25.104241955138516
20.199562402710356
20.551904868202485
19.91038331999502
22.37068118621562
25.280348981552017
23.463481360286654
24.546162542063357
24.141016863200115
21.999016261729142
22.706198445418185
18.74025275603763
22.243218657550983
22.01943824340759
24.996492874262444
24.68919370645965
21.547482178501696
26.745003801371237
21.340859011281353
22.469101309709558
21.789433403572374
23.483780044682135
20.738190910950618
21.792551637667295
23.390494892960536
22.496720741770297
21.461009361397085
23.670259598898063
23.61665287210931
21.87011152822235
20.984638502889034
24.23462081101554
23.66376294257245
25.658585233249322
27.111094848366292
20.12878450258289
20.54532151575638
21.61921656536835
21.318981169865143
24.5892561540365
22.33662586672428
22.946804320388836
23.22696137657091
21.28570547281416
22.085034465180524
24.039499864165922
22.08959166638477
22.739028625447627
20.035740955709844
23.39844229464351
22.944540876967313
20.367200098359227
22.617402866610753
18.828287550329122
20.240235715779814
22.371989755343925
20.46088225259963
20.7031987804977
19.994240703907323
23.064791211265103
20.943849185829603
22.515965565960897
20.927569053679274
20.361881739122232
21.464311225390777
20.46858198546043
19.703597544691785
19.92351391203184
18.87167929126821
22.548625094146434
19.13379900366805
18.530241505832567
16.641027955354783
18.78900616870806
20.152772523229874
18.914178191301147
17.951406914592933
18.75239024320143
15.943923352951726
15.528418121324478
19.093168679051786
19.340687126627632
21.85554100886201
23.05102326591712
18.696970180562513
17.43918050817125
18.648894620061963
18.351533450173573
19.168311229905257
20.845592585217233
20.364790524202512
18.873365899945803
17.094460970490413
19.709829967693093
21.00497834388639
19.389498883310168
18.98093688098446
23.224290466840667
19.418432357713588
19.13063438284959
17.727053687625006
21.590871111555693
15.325675780446218
16.951915834001138
19.1692117929204
18.602057371588376
15.210416600518219
21.064910197465043
17.50089498605228
14.170767680360962
16.737590900295476
14.704871433753262
17.42333925184168
17.861479618015693
16.10149391809707
18.260974157890708
18.990916304697574
18.480516400187906
17.475366332079727
18.858959268697067
19.55732965335029
19.038882340108575
19.778610275707095
19.9597761415224
22.038033947059077
17.741512293596763
19.760131538252086
16.923503819540176
19.523147635335334
19.682390689155316
18.168629234422994
18.525858518071644
16.246890071331496
23.808048921413427
20.240616668786817
17.491062646101902
18.935185796542218
17.423778543581573
19.905718764520937
18.544601593517232
18.574577848834668
18.942773272463636
17.648012414254808
19.732999795516694
17.30249894050044
17.2280730406975
19.5367950909705
15.497187491527601
17.313169026131774
18.007931653282498
20.22437094890794
19.034896686820925
21.12187474705745
21.10802705907259
19.93702770286917
19.422441461209992
17.616444333285532
21.6885946315233
16.027629284438362
18.493223203419713
19.7152799327765
22.495276932054136
18.9410231011065
15.283427656889472
19.70421430348994
21.479809473048796
19.248527354088086
22.93032818125949
19.41449214215573
20.467689994305935
19.29271996787073
18.80603672091156
18.5832447022449
18.455742415847887
18.236325746647893
18.28651233548285
19.258811908574735
21.270693810012325
20.338322681121355
19.09430492504887
19.854887820484013
19.839743283073382
18.797166476642598
21.374667078017282
18.158576741754366
17.929142457079198
20.60975880350786
16.893843594753204
21.58590748801761
21.072957657887414
18.442074995648866
20.617590352065882
20.347576027906648
18.51103239830516
23.50089437140382
19.75289060536098
23.899695293094265
20.518436691267844
18.870517328908576
24.31983354097536
19.50371178495655
24.888374908027533
18.657068763296515
20.303519763256144
19.672918543956012
18.416332591149462
20.682231987751983
19.214929702197775
19.81349586549834
19.89677344192153
21.072113587347584
21.462098027848047
21.718715661928147
20.891868914043208
22.772910811888448
17.842173014553108
21.80128962808676
20.70120330262757
18.752341812535903
21.214725093463368
20.735834347113382
20.59647321314289
23.20277185609193
22.02136379345869
23.890347978294933
21.691992728899454
23.38869369256461
20.640415573608642
25.433518122017126
21.51661823105828
21.699004214596542
20.718892255473286
19.978944836800796
20.81086182106124
19.57859334898715
22.855600877964587
21.44730239669221
22.14636905539202
19.068743074762665
23.13990448453331
19.240804673910773
19.712907606679018
22.126503192572233
18.849003505463575
18.180899369037153
19.044062668753398
22.232855894036586
20.89219775469625
18.412473746979675
18.63330802661811
21.248680131246157
22.42970689224965
24.627434982371614
21.914232049919953
21.080342326992024
17.985184488833116
19.285891224015778
21.008390191459373
19.599924687083874
18.766698707726878
17.275823763329008
15.957356414840076
18.766265375550436
17.061073519071243
17.924556432014032
17.841407518747253
17.916965094710985
16.670611330083013
17.244920471377192
17.94438513205607
19.252650971172052
14.079142031388269
14.087820541093318
15.570983003292655
18.815267484211372
16.017385319108673
13.352154261440843
14.995356554386884
15.392937184941609
12.794472588557605
14.228335032974286
15.105660881452454
15.18677580697941
12.871003667066006
10.553245157617475
12.639603658937196
11.1282261837003
12.072133333609221
12.89473825906033
12.692589858555156
14.313938806208714
12.67576437437594
11.584952726026433
12.08090218079181
13.685738463406858
13.442379963522518
16.06780456476106
13.070443000556729
11.559963520231063
16.22458948737732
15.077305459286663
12.532110915310234
11.685079173176833
12.579101744459878
11.406312016019578
12.292545477123156
11.039771265822388
11.485415125372722
14.045420401578275
9.8900353229365
9.900187650832587
10.360585789217053
11.415999116200696
8.605916728365713
10.008680930664353
11.663316142144906
10.683579818316758
10.386560098116998
8.899171182755772
10.724820485371984
7.291172394976789
6.558331226351034
8.527250878833843
9.299473986042978
10.136682248307238
7.132461789555107
8.16605245491132
7.821796425726662
10.212922935788633
9.616177704212907
7.842642298176652
8.135033311275182
10.788890699660708
11.092376900126077
12.330321663613834
8.715253854883406
11.842167667099456
9.81303297100731
8.851958113237824
9.018467213349076
7.9529197577072805
8.464062062596238
8.539527675376608
7.497890548060121
7.465886546105262
7.796626075973289
7.896863010612875
10.274799095208897
12.12230097816725
10.99596974558079
9.760823748847873
9.247274890880737
9.63132784465366
8.453145093574054
7.893601648025288
9.742279455157501
10.944082836132779
10.189853153554745
11.971814945287605
15.310036080960513
14.524066399272003
16.824395514800543
13.53034577890305
11.284009796469624
12.34575400931933
14.035157707506023
13.713585389287458
7.377318792686047
11.96299339696349
7.69276424845649
10.999055100383803
9.015644940780891
11.956313713432225
10.591101127647834
13.394428864499515
14.628390366236655
13.209819451673674
14.39756939702524
15.974287993689028
14.552903706904381
17.724085412578972
13.49984022769481
11.44582971846579
12.319477142587395
15.380279470287366
11.503104933278323
13.242449895465032
13.481449763522134
14.800303735870576
11.86502185574646
13.131563737058526
10.559486393240393
12.266459232134665
11.090320876349875
11.440622937295945
12.449170564131686
11.69825005074225
8.409820447797026
12.273017101510922
11.369691463601189
11.697361803636262
11.643126745666763
9.969275467252208
9.897665490273218
14.69318880024152
12.66696514696647
13.08847806652614
12.73332174864224
11.449668818293471
10.953811086161704
11.601184398569972
13.229109506018048
13.270482589150854
14.032048550413911
16.04066188342597
13.281675252576246
13.317319397758006
14.206520832653233
13.316555051759861
13.421287389885736
11.096182331390581
12.714051109156275
10.402838350798497
10.395669401111208
11.501294787018217
12.860602670297457
14.916779049771776
10.423762695424765
15.48843931775716
16.76010159756792
14.94515299416356
16.082309530727024
14.255217070461168
14.91654143229675
15.06397191665114
15.547453333676609
13.333730097299323
16.558521419723597
17.970285994062852
15.110316834238393
13.23320573178191
15.024499179719538
13.221242658330054
18.362985272316877
15.34201520410476
14.221175826541003
17.555151502596512
13.18525277204699
13.065625970683271
11.460091956072818
11.07662037075557
11.672973987010531
11.846056860561834
11.095678919087279
10.955915193246069
11.567989896261825
12.25876081490591
13.208847676797275
12.817030866173852
10.62485345786806
15.003702276048248
12.81077732975992
13.23617414137728
15.011381193498408
13.539095751269137
9.48847125925303
9.174873953503155
8.072624703223857
10.906340474276604
13.598764259989743
11.9436782267816
13.628814558551653
11.67843763907139
10.894784644489246
11.275902312121614
12.618213679837758
13.928373491939228
14.266601726784222
11.27607616286788
9.318839420007734
12.54183658763347
10.699707923792857
9.414533185560458
7.870928316414749
10.716274455113648
8.009086188659339
13.683562333544147
12.187623726874765
12.880713965989711
14.750282236013135
11.824683011201092
13.696920644025775
11.24027707827495
14.3591349874858
11.019419060759553
9.76916635667686
12.529153537258685
11.735880936886156
12.189729029414838
9.236130006833053
11.34745898328212
7.510876597311524
7.930877743111453
5.55228083556007
1.6609180930898388
9.073954011210311
10.226678258853383
11.06464981274234
11.184214783476502
11.847729512631524
11.877113316773405
13.750668990148105
16.68804259756718
15.327868970842369
13.767325840758295
16.625888551919484
15.07370509046732
14.84571581354525
16.864076211126775
14.28300056218209
14.158588975056356
14.509205623878008
14.588721154754198
19.2025733324765
14.758411174096116
16.796336895407368
18.88456603231647
17.07754065064877
16.904223201111737
15.89119803729671
16.99492963372631
17.852869728728866
21.18640789861891
19.37058593623362
18.965310619535902
15.43968673915646
17.456812644799427
17.959764740550767
19.37160723766793
20.02055907422689
20.447917790404077
23.179370122406784
20.99450002251234
18.945775780012863
20.0966637235456
19.77227143128856
19.612735533309298
18.358672044482507
18.7062207875564
15.936766750384407
18.692009938229656
14.724703486986519
14.511905659963922
15.115644191002549
18.429704286751598
17.526153015878954
15.698202126580185
13.552539289382604
15.95395237164075
15.337273048614348
13.39236545955969
14.873500491816587
14.497417605279956
17.807884145210117
16.032107564538965
14.946541961659872
12.859569504449993
14.124571686507197
14.138168937775475
12.555598249485259
14.984849410896834
17.171505286536053
16.63875471748373
17.587550192195355
15.891804141253067
15.111901680227229
16.907505621629706
17.005253122467128
14.04154617774652
16.72267480098133
22.032409635940894
15.93521364111231
15.055731376603298
17.46171322712198
19.993505045877566
17.702860590660197
22.67370778183415
22.91886296034287
18.88025380386708
20.459839910905245
22.018499698086988
22.341068932830055
23.006063854850836
17.662957161021748
17.990047987427005
20.884280087612186
18.75846477561136
20.479334429876317
18.33610589806516
21.324834916531046
16.471181969648104
16.07369734631897
16.7872256229971
19.25425318215874
15.451293899588114
19.82615159332902
19.089127313671668
22.035884091486725
19.6229134716139
19.751912989562012
21.04198519177199
22.995310733394646
19.545346097155132
24.5874038312492
19.650384424778622
19.14982797427828
17.980048340055653
23.117602980760772
18.83826636468766
18.310924210592194
20.569466924615075
19.678658230203855
21.976655959466754
24.41373656818545
20.171055129310783
18.321131979165248
21.545698388286596
20.355252021190335
23.32572275881833
17.95412393383064
19.66806078720364
17.498457084192662
21.231197623571795
18.572781554193995
18.289415152152724
18.937971145931122
21.857921506181953
22.054118316007497
18.378785126125035
17.791553370826808
20.300596216278937
18.050493948852115
21.388625318716436
18.809266285632468
17.554280457612695
20.41720835639511
22.042721133255373
20.12756946837734
19.484792277218734
19.29345354358872
20.335812976475804
20.756984518266385
20.530909072324544
20.04581518106001
21.805470648805883
18.202542503955403
19.24343126062341
18.68510923405762
17.79498048268576
20.930649169641725
21.4529359525814
18.888332773259087
17.262233550496305
18.406119995635034
16.818018829331457
17.015567432939015
17.838162017477295
19.07028685683357
19.566886725811695
21.538856667187627
16.952650836053756
22.31396760301591
19.24514770428012
17.379147743325305
19.942657048787105
20.019510795125427
18.700678014580966
22.164740218470527
21.932852904204584
19.25382695223752
19.49731994942791
20.148651852889397
18.676439342432175
19.17088793445005
19.3987770319611
18.998116939234613
18.702327037901117
17.4762769094992
21.280525835874826
18.38488117281847
17.353450707749918
16.393049505534762
18.741625908459724
20.744037578404214
21.43482340512996
21.61626168436683
20.531673943779477
19.577341909843778
19.763092327013194
22.163654263761583
17.354690602398954
19.008475790194733
17.434058364683338
20.437828166371204
18.58842914259614
20.698492937153862
21.010022215312752
18.38248941786395
19.673631926756176
20.05536958761551
22.20555360694651
18.3222393962404
19.380780588491287
21.705178505356628
18.76867492041529
21.312688844610822
21.54615934067149
21.1816946783359
22.881822643629746
23.950004980242205
17.048094499104376
19.631267142925157
19.604883886062098
18.970090901290277
18.998597803752936
18.69154853673418
19.09698988716998
20.36755790332099
19.095342045786104
18.235299931169095
19.122914463995187
17.449199359248226
17.24875657164625
16.08462849770638
17.519823307075736
18.201386730185153
19.525196432832015
19.00492175956959
21.044639891292007
18.23681088046614
21.837873876967443
18.75178979388046
18.889162422471596
18.027030524365756
18.64656526295052
17.136313097592478
18.65710888442131
19.412299925664012
18.670156501721188
19.52547909494662
20.698989777658703
19.08664830416265
20.12448052988505
19.07393469568464
21.01935934907409
21.13044536929106
19.592126128172662
18.695375229514397
17.248318922439537
20.711467110241983
21.93405664328775
18.869649856100573
19.846765899647636
22.183155964241784
19.10800564272241
18.693640704633378
20.972960577933616
17.112184400795517
18.681805614682236
19.455689523921613
19.698220127078628
20.46238012259543
19.080685388391213
21.228100489742896
20.709625873202327
20.453748828994158
22.5830732374468
18.65591507223892
22.707288408536954
20.310244601805433
18.897147862015803
22.77935224041239
18.57569688516503
19.821758349134768
18.813593594063157
20.379194376891668
19.314273838772042
22.12973310156505
20.56656087666168
19.46074831244393
22.999375244462055
20.430222869793027
20.612477370018247
20.16528800520293
20.807597084461474
18.739604556491578
17.929803548644877
18.136055391301518
21.422889751198266
19.311507132796113
20.134459075001576
22.388966895629512
19.60340479483047
20.564685045030583
19.34906699615042
23.01495297929078
21.65174581513055
21.44482553464957
20.527326505528457
20.625050474935655
19.633969007947087
20.652426286942802
21.19347126994538
19.247373872902333
19.967021152222017
19.40830399583188
20.50737998630104
20.254239909485317
23.61500224636886
19.910185320320156
21.584783360981053
19.395301358106845
22.90851919757227
21.153726768315842
19.58827476560684
20.72606032070533
19.343443331291535
20.75167642397903
19.97744196478383
20.09151402237383
18.65224848005608
22.358301414962625
20.457826005809025
21.489617620311925
21.414732641481006
18.581403539621867
21.79047652830727
21.01488216715742
22.2418691435319
21.890599460384625
21.784607748359235
20.48398550018153
25.599453431929074
23.494970016835104
22.456181453434702
23.89789879527126
20.62247232869653
22.772391245952242
20.98977361316557
18.795650670894428
20.289822387341708
21.182054498349714
19.587483672171484
21.749483574843758
20.934880769067167
20.635460689294185
19.558151363332286
23.547657730516963
20.24963956559397
19.373875117942067
20.08263903996349
18.93443895937297
19.948459916302756
24.08832530909145
21.13025172947988
18.32303405859268
18.987182254772033
20.823925435938975
21.262298050885224
20.964669941868
20.704230414112658
18.104572696075653
22.52128966439493
20.014798214149064
22.87101673840417
20.904503267125964
21.935999531789975
21.04581740791544
21.872262343515875
23.541194163221345
24.809743150655645
22.313768611796384
21.428816110092914
23.85649856774392
19.8072694481623
19.39999411686601
19.286584338954185
21.383644644003375
21.73989352013272
19.539776532432448
18.40800413612059
22.757075165011234
17.418152332265336
19.489051988674532
19.21673086630266
19.72295882852771
20.777201426553958
19.386742542657952
20.58009191691033
17.998387823058952
18.545918346518175
18.577301189616865
20.271408260359312
16.28644653044752
17.561378550609486
18.772908838539124
19.280972643287676
18.810537636521836
16.58597823898643
16.743043603598267
17.859994875735822
18.653017959628464
17.78639134791595
18.070821794846633
17.250505110773684
18.866658400829802
18.49331085289218
19.15459739205765
18.506927694550708
18.34289208404612
18.663800405852015
19.01037023361017
20.261815685018597
18.260215711380138
17.80150150908463
18.474997140596408
20.847541267400604
20.269376286134868
21.276511596235657
17.750258425711895
16.80687007052815
19.02767741722901
17.36546836293874
18.61447120015911
19.05031325146176
20.45305580496904
19.07034797268631
17.88556950864223
19.12758805448715
16.601875034249378
18.390011014283232
18.97480596628268
21.11649906668161
20.268469376870815
20.174623245852356
15.274566783346303
19.450138183023334
19.440984228729057
19.000445831717176
17.345207051483136
17.83069743369916
18.087968313846062
18.024011077425687
18.673203511235684
21.28495135472328
18.381980888796985
18.52381449307922
20.01414548800105
19.026136120488367
17.40160452757296
20.311530013784676
20.655236478366437
17.642026365716035
19.106923368716714
18.60455641269981
17.62034207390815
20.13733785944737
19.281168462332026
19.75829068770171
20.063503274513124
18.89194600418172
20.644578122596076
20.64463361983072
19.248580250098303
18.026865995443178
22.504106138031446
16.060620047162377
23.18604566341908
20.276937314563746
20.311274223487317
17.13623124404927
19.22506164254219
18.35270056983774
20.652772672862973
18.304262613753046
19.247038315247583
19.816890425449127
21.431226942001626
21.627836688129676
20.213838209571087
18.42830639258562
22.504097534732313
16.959301299180183
19.75305447048029
17.02532900777168
19.080624966497073
20.899568480792883
17.64519024744426
18.264689530648248
19.54161877009362
18.677719140893636
17.790282863133143
16.992733376546372
18.605945509606727
18.61449940654716
17.96870165633754
19.987785291380195
20.314273156429643
17.054184519091276
19.732354034652268
17.551729988067443
18.190883538045778
18.330702128724244
19.91890064899241
19.871990036624595
17.936077401863272
19.046869112456108
20.84763008458153
20.921312474157418
18.453532499521028
18.394327746661666
22.4623939841176
22.278589849310897
22.864000673730377
18.279437502825623
18.993206966448238
17.242612962331958
18.150317396972767
19.196694578174377
19.95830678069906
19.851225065823755
20.353728186796907
19.200828550315567
18.770575356369235
18.318557291368528
17.274081530841958
18.899434673983436
19.502786235719746
20.759271936508128
18.910661409159054
16.715547246331607
18.580998159779313
16.28820543543071
16.943254267827104
16.345806576891178
16.15945634537517
17.52422834977281
19.772779908231225
20.93913690764797
17.490765824440054
16.909916605725833
22.640398178503425
20.515970282255616
19.639709996623047
21.1937362602826
19.31331079221819
20.01584875448592
18.340345263151693
20.015715074566167
18.441186459882303
17.121022718356116
18.556263910414703
17.42215226816326
18.530776200619588
20.675040051190553
19.508065619069964
19.33937653808561
18.64869714762465
19.68422673326222
18.452027987924996
18.27349224524627
18.464995378039124
18.326458410735714
16.505297039167978
15.43624330952138
17.998671667789306
16.26143975729234
16.706625056096733
15.4653228793979
17.087532548604674
16.861737350646816
18.138172184379574
20.696635940702418
22.935682026056767
18.610025978825156
20.099077268062306
20.94555341771909
21.456202910101233
22.269889924016287
20.73652207215595
21.654436273183123
16.41626873583673
18.72493787872792
18.23331745600083
19.541662697502762
16.695158588178394
19.538453351242612
17.53965043023357
20.656053412752858
18.490041540685866
20.736506872998067
18.679775317176134
21.59979998303935
22.104060015654635
17.51782415062184
18.878281130724837
18.507528491371218
20.464076666272042
18.344662501307585
17.956329194214966
19.782193779638387
20.436260130739452
18.597513418289257
20.392329246869394
19.039810401524772
20.175962768343076
23.224295725389304
24.905015868492626
20.187123153972117
21.498615872477913
19.592357558788404
20.984038534074717
20.84336176621699
20.343802287027902
22.94219770014181
18.616501928125047
24.835341641573947
20.626954280923822
19.16425480662827
21.88224447264266
18.41592334433755
21.08577520350747
18.318203723431502
19.93876569729648
18.00242052364912
18.266509903455358
20.013095245990304
19.13873091312618
21.595481134149132
17.55745893846546
19.906968825771777
21.324508106525705
18.99677769806312
21.094896522128394
21.89331775672086
19.25989474669921
21.40603673762002
17.88035875252691
19.789326252372263
20.978736435819254
17.667601107232855
21.053825627319316
17.859174874219242
17.5246541358852
17.999087017741076
17.074485908841137
15.61598714408489
17.295099835539702
17.421188794920795
16.537731710864158
20.19729656166021
18.26834280895002
19.274353669260748
19.979071802650232
22.699247337897038
18.739169951794114
18.384350638792238
17.34409518505977
19.903057492377176
18.291653660119565
18.83646794865611
18.983525153205242
20.141754119137264
20.120094733960226
18.0245204444806
19.186024278130894
19.700337207276785
22.070037607019856
16.64166918306127
19.061562362972285
18.69620393598566
18.689638233368218
16.735655722344337
19.47860754336017
20.10640135345586
17.622601710875873
19.063395848730952
17.237678990861145
18.722853059673916
21.549157460715325
17.0415538065019
18.08156296474702
17.45264727435681
16.96294083471585
18.842213206797652
16.416928876002064
16.499405723223756
15.347073002375485
16.176730207805047
17.25722074539349
18.30700903869554
18.51175297779319
19.322113178589962
18.800988459614683
16.459890384480275
19.34890247703304
20.458972888028217
18.68492635167773
19.718115149132277
17.236642092816133
17.624963783538533
18.719321023367115
17.19117867905526
18.64620471114846
18.011759100870922
17.695027868922224
16.55096849392664
16.657048226461452
16.60599777685355
19.24322317627221
16.91230594593418
16.626161031384278
17.959634331631612
17.134793088816085
17.289967835529247
16.337138391200384
17.612536585599916
16.310959675838284
17.10775664777774
17.79942159688057
18.296725516718798
15.304813783978249
17.08331358700229
18.375516292973543
18.054778616104905
18.52692870078589
16.379735839986036
18.98947727022747
16.651500440109633
18.77858528153987
17.893976597801252
18.251926748539134
17.704310623575726
18.32746897505938
16.578072178481552
18.114326634368688
19.158904779432476
18.173794798516298
19.70376657692818
17.491983457141945
18.815094016631818
16.81471212381722
17.77090236585793
19.440154253851958
21.06651274241715
17.547586232958007
18.309732262832483
16.85439048397056
17.470140652756434
19.001750652407733
18.32651272086446
15.846496444492338
18.131780266821124
16.78747872622298
17.193125936335363
16.672076798793537
19.026779040967646
16.748790819599694
17.235348214489676
18.07924044446474
16.00010788210583
18.80131505277379
17.299803029777376
16.358080858705538
16.790579911306924
16.482471443710207
15.794414969727754
15.85100660578507
17.118578356666152
16.91839233274758
16.67080438991685
18.55451372984102
16.87335545900803
16.988155060366477
18.195573366742654
17.512297442077365
16.267688566653728
19.061929801490443
20.855645532905378
18.2359371550973
21.54283319258299
20.387326432332717
20.937227815248395
17.85584071973322
19.41592631857959
18.47486542995544
21.38254160492014
19.970659752864847
19.02249985059057
21.774133821408736
19.503614206108406
20.573449160158617
20.262669781018033
17.666615472250538
18.39586425414265
19.16089198658089
18.107746287981602
18.541006550691236
19.574029789924463
17.334963789863963
22.54055230068995
20.89148148939806
22.15234043023289
20.559447059006324
20.237430141811277
21.12766863531709
21.12059842381952
19.629328877082365
20.601476195016183
21.076478324031932
20.761993741742714
17.01143975027399
21.371083551571925
18.354947967699594
19.042610085258204
18.347291375791663
20.884112256413363
17.873225295817836
18.88647530554758
18.907353921119974
21.54634389416709
19.57269375233781
20.823084866969594
21.688448161350877
18.886042838134497
20.10294851217635
20.198843666848898
21.125050033052847
21.801873751747625
21.345085435097378
24.68175156008091
18.715968372864992
21.035984574173405
21.677709622944047
19.961311159686666
19.866331519440614
20.989933864130265
19.490113381206
20.081001102005715
18.520392404692092
19.93827591529812
19.07658391827031
20.231445179055164
15.83639228419742
19.975396165267263
20.57423261393877
19.928617863397577
17.561904730283167
20.197164613418757
20.497778537874403
20.57595506782817
18.3378735422068
21.689016228704265
16.962027285854955
19.25356978226387
17.201818876889263
19.181693131798127
19.067129558985147
20.325664730099533
21.120800949654587
21.595591760656077
21.600610746561113
17.860431385316755
21.0803334328252
20.209112078687184
19.460670128799467
19.22204973049286
17.744592085148724
18.414815619952495
18.91514026660733
16.9907919123017
17.483601740576468
19.670726201635567
21.374481047352102
18.58964077603117
20.59268444559847
20.958866444467684
18.822869142342643
18.696904774278742
18.724296905785536
17.80899410657755
17.109202335421905
19.496982175394777
18.010357558074485
18.544452205662065
17.676021337776515
17.205141439327534
19.158388567699472
19.718583284841607
18.22850907986286
17.949226261798078
18.020134778778786
18.419092714747602
17.245048375390766
17.310941941173986
17.0126822105086
17.540427927673
17.083312201351827
18.109165467340844
16.85038317809697
18.814223425776184
16.73865631676239
16.703050339342546
17.04476687354623
18.304632466228085
17.38476618109687
16.667810511762582
16.078093622105612
16.246675838948647
15.913561477893778
18.083844631930756
17.03554380601112
16.445467617244873
17.611479529068706
16.50472074380419
16.912173273180485
18.373865884222916
17.1260052456018
18.71830492020972
18.146803696054793
20.568592869303906
17.776476195740777
19.37289820888978
15.329895032345604
18.343994678029024
17.14091529204048
18.28666489172679
15.21868554122963
18.27438959612697
20.36051124508678
21.05539144953803
22.099277544081115
19.672850827147833
22.155966787089156
18.64573277428742
19.919889661513867
19.851209783216873
17.93222665204207
20.944591284017264
17.19779970351194
18.679657485373617
17.28614192967828
19.916354980020703
22.101364500480134
18.884714832833218
19.73498875753781
16.406704858442414
16.774778968558362
19.611293961974546
15.205787441563098
16.880089991488973
20.44035414527095
16.403669805572488
18.90935618844187
18.253271709709974
19.33325100489913
18.28665429184926
19.325387577376144
17.119095783423074
17.758786220203714
16.03964710143889
16.260348204770604
17.14240387283614
19.130464044131916
16.87967964979513
17.29379455447112
17.589266674495683
18.304217805548415
19.108677046122157
18.88953979007963
16.37071012227471
16.774278008016072
18.48656367379589
19.390710974386856
18.66062522653327
20.04400725922405
15.273658574152343
18.154931157793218
18.298109929911522
19.382789549117447
18.922883556171314
15.582673431888745
17.7677803008773
17.666133939770308
20.84646698739702
18.29545067859189
20.69922239585241
17.772364074920816
17.59105484240827
16.685672314488308
19.301853399539393
17.070947342376765
19.371546271896317
18.818513619348796
17.495764337295945
22.135229781987892
17.060654407927682
18.591041632984886
20.231602020364555
15.721207121067234
19.254839709441068
16.899715069311572
19.48708058893064
18.640306374276385
17.05127001489956
18.195207763239775
19.123129995123257
21.075245946880628
18.26445621758025
17.364296257424378
19.581488680946926
16.669699506642218
19.333662349576887
17.719252692045618
17.60284443459478
19.72329214498529
21.14363503610568
22.82865788253857
15.969918488126407
18.113437880128743
15.161310940035996
20.233166987159805
20.89505055602781
20.65765318700127
18.597150985461248
16.406650969779978
17.228853589653617
18.380402924090063
17.2739177103996
20.54938580699257
17.780143676898717
18.648536735400835
17.867183550420247
20.22901161891744
22.039044712013208
19.1305722565117
19.087285564359348
20.11152790445241
19.186914908307465
19.413396724916232
17.96696783384543
19.89388239693297
19.58252765105987
20.101117920996586
19.586440343731315
18.91214248795268
19.86034836120694
18.47724887141311
21.145100764280446
19.606030852774452
20.041644447490963
19.989757108921157
21.009005390513266
22.091052600985144
20.95757022993417
22.335583847768163
20.491938307657396
18.895046117074617
13.981256611363898
18.493820572397418
18.23192509320865
20.11994593142473
20.585244391043243
20.01735251236777
18.510580931532402
25.757767723227072
17.884235284827078
22.77009753596692
23.086991222608233
21.180075215314172
22.043118737165237
24.422238111332547
21.253253000744202
18.949797479803788
20.505951508242898
19.25930744305512
23.36283460487677
18.925504733357673
20.650460477938832
21.37252221874538
21.689804970493356
19.848874210646702
19.419057766268292
18.153455810162992
21.455665101219147
16.01078925155269
22.807766439520762
17.825907430914278
18.42989094591993
22.504458453202936
15.656895717080632
15.443647319060315
16.583414820001003
16.733264746499007
20.52878155202054
18.8021346102152
24.045351857565848
20.77813007938341
22.31431842766348
21.466377379291284
20.747504481382904
20.137999900371224
20.326671965771148
18.937910702699817
19.753307914442356
22.326728005407194
19.466264719614767
21.865566518765732
17.595169506985094
17.879778953236855
17.504925166794074
17.815384597594125
19.14962076500109
20.41016182164972
17.08233090208833
20.24262382692072
18.31883963408882
15.895848076430017
18.0402358314448
19.586852370180065
18.37112065614649
16.889311119878624
17.736647100821294
23.52816736656277
18.82830173522118
21.345057041667175
17.5229454061507
19.51595419456884
16.492174939795472
20.51041635729078
19.01554991894578
16.429099547305363
17.15091594575335
17.865109816838032
19.34505791851418
14.452096880361907
14.274848584796615
16.16264046545951
19.231165135966947
15.17556390646461
17.408517273719823
17.843237338988658
18.772229393170644
11.662029094659092
17.30709911331001
17.575063453190207
14.55020340944431
16.849341699475467
15.058507589519271
18.126487912977975
19.841065892859177
18.85660051081444
19.198675523706207
21.136193020529678
20.83423105143541
16.976430541486295
17.994643932202674
15.977280041855296
19.63971519910959
21.326625366686805
19.510065328338246
15.810626518847613
18.951297500647364
17.78014035333164
20.49607261572171
23.08084952010727
17.134427961330307
18.107764078762777
20.177267183158605
16.03300158382904
20.207275818628734
17.58626296392818
19.624688147994068
21.060873958675035
20.369926056560335
19.442497201350058
19.142752051260427
20.456371550860222
17.970353844938636
18.610479615146062
18.987365335997534
17.344481435368923
17.182986798651516
22.55979771293269
18.36458513187982
19.207154094136886
17.610393230786194
18.04968985519284
17.508544273641373
19.188365044610208
17.413957511479108
21.118530492265084
17.444277857546183
17.712316352384676
17.86514324634575
16.932590150730675
19.240847656749843
18.239542437000118
20.365632521840794
21.09403527265811
17.84001463978784
18.9564421151342
20.55455761935241
18.68919779993551
20.428046062855888
19.915292062957306
18.44752754729098
19.3790062639398
15.816627214446383
20.433960475701827
19.050021196812597
18.51395219637243
19.72431137134186
17.90978318634213
18.57682815196419
17.187008691756237
17.243001916090112
21.69587555534457
21.718702974703604
16.76825942094136
18.1277416026611
20.358513948412032
19.86308955469312
21.625597066297527
18.733750020610447
20.912570395073118
19.574052987523604
18.478485317947
19.755213738838474
21.048023682648964
21.565698307801167
22.886316328415088
22.455895167746995
20.611179017948885
20.19777039476935
22.57600302832501
23.013463060269117
20.39707746387412
18.520766686257552
17.230586984195483
21.364891886595384
20.78735584044181
22.400984767372172
21.56183967757446
20.973560288803633
19.560488545524517
19.77583576731453
21.962492326478724
21.92053413218978
16.304348143992073
20.509579846223815
17.825692974471618
18.34077676075531
19.00607468809681
17.37012881391967
19.709680900423308
22.54143138462257
15.995120877537925
19.927955996593795
16.143352555996927
19.066228457609903
15.729995409229607
18.690364641003534
19.702035967150714
19.367051549074397
18.319511191723628
17.30322939857147
19.916790496657566
20.66422298839756
18.487259762610137
21.351625523505948
17.686682642281287
19.057244081352664
21.71938382992316
17.816700187303
18.846313602134877
19.380561217913616
18.966134988601198
17.737843699753725
18.57079639086862
20.87350798399661
18.92456330541284
18.425351591300775
17.46310104075121
19.171564898661813
22.292680734549645
21.758688719490195
18.718751759675424
15.601148542556107
20.29781730326913
16.615026152272716
19.032427496284747
17.655816393294003
18.656859102761608
16.97695430106275
19.778858890544765
23.1452100976286
18.80235630481448
18.58917181078997
15.693847872712839
17.02833518782098
15.284970274959917
16.715120479005424
15.432262213902664
16.910792713951448
19.233929730826546
17.447240489399412
14.47885979055576
15.985822233957238
18.853350936655357
18.91227145739087
18.855461646892746
17.939944464405496
13.667376183815543
17.063719032210706
17.54352784083634
15.699930222321077
16.69502316037397
15.501540559345035
15.04364432314143
13.631816049588984
12.357018324079231
14.490668696284006
13.712550180106
11.606057020257596
12.381308781332324
14.610071961285346
12.911638293917898
14.193587480641893
14.095431009959272
14.391517383812143
11.98308007064676
14.434066471560207
16.826315329579057
12.980313685506765
14.312962904855777
11.292245319490918
14.078556705051588
12.362961310426927
16.059041961582093
11.76182041812288
13.18049550602209
16.793068455501164
13.708780149530831
14.13378584826562
16.498785721610403
13.339017190819158
10.693033628443027
15.904808348682788
7.990452171333685
13.54044157508672
12.599900532718937
15.246442307275283
8.22633547955303
15.407631629372224
10.359171461277827
10.493865758745523
13.635549560874253
15.127427569502158
13.069622043660862
11.747730715669457
15.175263080133659
10.915013155475323
14.689395858275308
11.206776097680184
14.377556414257512
11.723813351018247
15.0089565669842
12.081654596103867
12.821647434492178
17.108586591147596
9.149623458204536
12.86495210239518
11.34493708431041
9.67352089124113
13.66327818085218
15.368407853069588
13.88261788083391
14.093202681579111
11.509241272158683
15.426538529200013
11.596072903641423
13.135956212496975
11.121317960787271
12.176835720205924
10.804364847284806
13.434844355154285
12.178293174017927
10.84124354321414
10.148540525583252
8.51197431504455
7.496154815149
10.705137732772148
11.259345546199057
11.18890478382954
10.856178513837353
10.307681665913766
13.988725197805602
10.915398800212339
11.255703805454408
10.845795806463666
10.97165752592565
11.290664561954845
11.642974561816027
13.033984405681261
8.899500200629614
13.072908325288138
13.124785654869727
11.688889094205237
11.046660006692687
13.995418445534916
13.384625466261843
15.118882533572547
14.02241859241097
11.625258090085637
12.181700108517425
11.73552918049963
11.90208178785167
11.387950855902643
8.863777793934528
14.506114403448695
13.744219912517448
13.7874430828081
11.896404026143209
15.341609351685621
15.309759967720217
15.969311612075872
15.93322727518043
11.458849600921104
17.200831261424185
16.436172256785177
14.52704559769616
14.007885746428034
14.42259462949171
13.555148463619972
11.758389463127191
16.362277415374788
15.94334082085721
14.991128332012487
13.855108480186507
13.225148489724424
16.913290538161537
14.385999311075055
15.712905210657757
16.35500462470892
9.866489386925469
11.518738634926901
13.707963499087665
11.715753397595645
12.138806152868824
13.19367260335418
11.4099031646237
10.599012840973208
9.750781275112761
13.841116324974585
8.398808940869717
9.135109581093756
7.245905188219027
8.621030290176268
10.770683188199033
9.14183753234346
9.27624805376178
10.793848667706222
11.156468587404293
10.301712227160568
9.320726585338495
7.937819350008132
9.792166954761019
10.580161727904077
9.87359710074011
15.301365315241824
13.510321435130782
11.50072936701705
12.680792791838284
14.228697959813045
15.244100209457615
12.616777233028362
12.284150340607153
10.72391235072657
11.904627741586976
12.26041959310769
9.200982353211543
10.774961011540622
12.24099494743767
9.658017256309597
10.618087705770607
10.364239700735153
10.734814917393
9.1407177399361
13.856871095966387
9.798408497655414
10.875294937928784
10.19184316545739
10.913058908810209
8.833114486316246
8.256499090202635
10.059673623160526
6.769111068626578
9.83739943144394
9.456996345436021
12.74093218535256
10.063710829645144
8.712994074370107
15.197185836004895
12.590300993801225
12.71406684619928
13.665782955454514
13.059063064035868
9.42558380700778
7.846437904738441
10.978592632143576
8.323518432489072
10.148356424525529
8.864145995377784
7.160227894761666
6.200695540540487
7.282003461521464
6.42800151617946
8.00868630700565
7.557595622600881
8.973259478192272
10.750202737816425
7.8958984198526325
7.826822642636915
6.48324807136453
6.538518697442188
7.91871795296017
6.581353377944041
6.405619136970984
7.461832857275985
8.102041399379173
11.419515584080889
8.848487351388897
9.523707680115333
8.685250277396594
7.294792255693605
12.396242246391404
6.9173861275246695
8.47952300000101
8.852065531819422
7.023401068958971
8.359630931703515
9.919341144362356
9.621094112657191
6.386345065975446
7.673986937913845
9.422367918399747
6.847707751457222
8.8965126798936
9.462442306562345
8.80289364611305
8.305114977171499
11.773409338752245
7.550830715063337
7.897795474780171
7.443530637875541
5.4372695533035085
7.244027334982393
1.583761122049743
3.3466533273580508
2.6068386848195204
6.082042482235094
0.9031159427133075
6.428521180175006
5.048525650066346
5.4312242276532405
2.0709087155184043
6.706757593897771
6.998844346660306
6.161101670514466
1.1107904000995465
6.545006346557717
8.763138602632385
10.866971379339033
9.141724017643964
8.498419459978397
8.397951002856566
6.275167163792373
10.86485513866145
8.55707906583081
10.152270084496447
5.5217485319936275
5.481935052006673
5.320053886091947
7.180055366056813
7.620512474504567
10.647154499624222
9.665987446698615
9.674334050450021
6.668702533616724
10.337505923904082
11.749234819122677
10.350866673188689
10.879036959542656
10.392979763829361
7.296616622915331
10.860775549155697
12.585054072070687
13.708805411174001
8.018197749029573
11.270059669751673
10.875619721936879
11.812496895620576
8.100583250400154
7.029084107970675
9.705727366010848
10.28726739037371
10.283641183812236
9.578649306768977
11.137138401857028
9.711540524880432
9.628481036961324
8.317115950411248
11.972979564087787
7.49472790677453
11.506810121468714
15.862969462947063
10.545377492642443
10.323890406927934
14.267019526301617
14.91369473882695
16.43088663735232
12.094029157968158
12.245998114787715
12.58505552366218
14.278666143919041
16.459912627725675
14.56870204947551
17.033657402208547
15.074860813414803
13.38834111590397
8.455382879019648
13.932899573885026
13.729646637947791
15.770345292599886
15.827213679509853
17.652719824503947
13.290056711349092
17.648301532222877
13.86079377272289
13.688379716887178
10.631015573865175
17.22458295858582
15.98613037290479
17.17185761254774
15.461016015975341
14.843946906838344
15.505785138270815
15.859564872654985
14.911819298430366
13.29582148950507
14.116143149922943
14.075153625170994
8.996036974043152
12.855321028752025
11.44729360152067
11.584280785543621
13.729373577702216
15.070933570683806
17.770926412713333
16.408927822104545
12.307194654364364
16.621669705948765
11.937951217097009
16.17367169308392
13.280218454037607
14.212325043442844
18.510068618256838
15.184000820778913
16.122300375222245
12.577919150287917
16.062357497733487
16.529365231778268
12.762037086385472
15.95158793261881
13.713464900074216
17.708873869469826
18.84918639547257
14.22259365195443
12.98057601791255
15.745955847458948
13.003530263205153
15.561372179720676
14.688155032205422
16.586130488952957
14.454091749120092
18.232121643858065
19.195943724269352
19.33640882069068
17.179743440628673
18.71839447962773
16.673017943006244
15.815438877210596
16.15507851064759
15.712686734774707
15.801834343365384
15.442502460653431
16.32443418512738
17.454000938871946
15.249642702218331
14.27451559960053
14.201239293708726
15.045156626449648
12.679124338988377
14.389433214988998
15.309137933755801
16.36645666334919
13.912613604478773
13.415277178230598
12.780428375090768
14.751751941920203
8.824583376373605
14.923374174384332
13.57907182318228
12.80754959476582
15.34780790680285
15.315921147621893
13.84312925789604
16.314656163177887
11.050793444412255
13.846077785594165
14.584694831068504
14.163112926174842
15.531731605186074
17.11981849673299
14.211030259798317
13.56606105573761
9.37525427542963
12.637133263679186
11.996360022625439
13.901544442823916
10.053168505275124
12.930945440929099
11.500242963963547
14.188595935429603
13.310612389768105
13.731462571884505
15.626290312303114
11.32689104217549
12.733788335875785
10.422338050701018
11.162481696240462
11.18760165836711
11.1407075540663
10.3525325867234
14.125046092243272
10.78737282389019
10.363092488227204
14.917148071058074
12.833524435806861
15.252787872488867
14.74242766080823
12.191322781215819
10.35043654074334
13.219566167637534
14.186761854234398
11.438588299754581
13.9446408840014
11.98037216783473
11.383466581064729
12.476284961813297
12.805374799711126
13.295294981625867
7.1951852650229196
9.652393383767395
11.134093502912762
12.296888212444731
13.633516546897186
12.094938813372504
13.59108238646122
12.865339653868233
14.013367333449795
14.340817878875646
11.43215428822898
12.80854946735815
11.980840872305647
9.637511757813524
12.545119370863738
11.771176372627732
11.670976977756236
13.7610323474992
11.393562423399077
11.343606860768428
12.176640990978765
8.130662557852881
11.49391709085416
8.092640800269926
8.87023335098586
9.0324960253927
8.116813730775249
8.278113973646752
7.791678807865841
9.69977477884689
7.5134520584479985
9.973214459581017
8.643254856465786
11.97647261414667
11.38704492852045
7.702755294324637
9.610452499362268
8.572786273407138
6.702379246604507
7.385477936996277
6.646671655543361
9.452511303046366
6.688853649958013
7.548084412437637
5.62015396271891
8.106359746398551
8.273896832580615
8.424871262467862
7.933414094309072
6.979175734093613
6.789215474236578
5.959111857326055
8.14928599861889
5.807152604036811
6.60660648413293
6.067872401947875
8.39411663405949
10.010588227209883
6.066606651519028
9.601488049119098
10.206577921155262
8.841511415413331
5.980181031852934
8.503842273928239
8.386524720580994
10.380434541314258
7.33500703324881
8.631358350142492
8.677573732795967
7.512441243249372
6.781664592554099
6.441839157081382
7.924330744473835
7.592001012805395
8.233687823408781
8.925770255604649
9.54283331956943
8.92683336718385
10.35408723684413
11.90508259248734
9.613016682861554
7.734830888222193
6.620586700056069
6.790637128942774
7.193446347854623
5.664732349740898
7.534745756084448
6.36787830441369
10.121977866148503
11.253965679303043
6.4779985171533925
6.620432766945614
6.903853851585942
8.288268489268987
7.969095864488758
7.153596723458935
7.2520729468921274
6.894748656106532
7.879751500360876
6.428774567324761
7.362742984685218
6.201771391813988
7.103196009555493
5.7982489053976245
2.017791970599071
6.7544737536662875
0.5337884494842873
5.514966877728734
6.851854494899772
6.160453719334647
2.9629593798667377
7.54385960066422
9.279555053726257
10.53012243159852
10.832250814924624
15.43909193379508
14.995023614249813
15.987288303572237
12.938058310493853
14.082063431953296
13.372312404612911
13.78193509799676
10.309141192683812
12.255852639096142
13.207716172535541
12.734227476697768
11.469972266302456
12.565300470652529
12.265350515641153
13.107744305387843
16.86549066407375
14.382123721521145
14.689436439574196
14.906806343008393
15.95634083929033
15.274597105114943
14.853930298426858
13.41173712555493
17.3574194942398
13.311561851577586
12.948583717668404
10.616796555778903
15.3040368638092
14.75434895620572
12.882107920115228
9.120597103589555
12.076458703844427
13.016400773731423
10.948770175086421
9.768775070999348
9.151411421177327
7.79244667721112
6.074289933987923
8.023964796415768
6.1966580120803565
6.210925020775699
7.482357168584393
6.459679896154149
5.452889028007081
2.681990282104365
6.896422742033474
11.525316624188171
9.155085887750959
9.170180097161165
7.120271239291969
8.586672267612316
9.416287268388698
7.8445566311765145
9.370663982316861
7.524049770802942
8.663151157197749
8.003532370450339
7.876318022406875
4.879147202266599
5.168748497713174
0.703265681883937
5.0102921405489775
2.9829591545632965
7.247024405910792
9.091821397247795
4.283794741778802
6.168767864959227
2.2414172498930083
7.521079648789885
8.838874263882547
7.648217255429004
7.391530613978074
7.483091556921968
7.793965859224863
6.31150784093963
4.673934283952809
2.388968068639616
5.977922720749038
6.5124052095642675
4.346535714984678
1.3717890285053143
7.076129105529103
1.7053567031256596
8.40754807838267
6.355317861387299
7.104146392226787
2.9104242629014494
9.2843118824049
9.730024930320713
8.847736876049684
11.907452778364362
7.966115626136001
10.600295562218564
10.597647175063646
10.262785389094233
11.863401299531409
12.748864320623216
7.676810352228726
11.815004316595457
8.380460447981312
10.337222711043346
10.844647810081215
14.714531548306987
11.190515410520398
12.39285298092672
9.768492344175279
11.176875256179864
9.08204062362761
7.715743546615383
7.844750926054722
7.785207842609729
7.28121379895768
8.005935514637066
7.634431957265541
6.336763354546561
1.8868642967313156
6.780148824572528
7.606050267756438
5.308064142631338
1.5341113683840941
8.24429721013606
7.705357022849711
7.885459436336175
10.725778112139539
9.591164170888245
10.252436126812109
9.698872110301789
11.231862138492868
11.645913556006652
9.355322420961004
10.13555567603984
10.928434892720373
8.919925142191891
14.107440768633882
9.933749903968964
9.629667886285587
9.74251661734185
10.909692079389803
9.209695927939752
13.393016474075967
10.047291377558155
13.880516758539223
11.933179753626877
11.97889739049829
11.774145359476247
13.056257792817373
10.434405526475446
12.851480278988197
15.256695439599685
11.412564475625288
11.184966568171616
12.549851807372027
11.506050925360755
9.334262237422948
11.002827942989779
11.03621983373182
9.88787752705309
13.356389838371816
12.202125459209968
13.491911765394605
8.335051911429785
10.438460885513546
9.753228536455408
13.546665497392844
11.503253047112342
10.974105909927754
11.896423202998877
11.268721647400378
15.421585121648155
10.922154345488321
10.767659504205346
10.803236020557971
11.84058013315218
11.381856212618182
12.63984980617945
7.034376222440332
10.410533061153021
10.453144078047655
10.108588110246203
11.259392356538
11.46028328095394
12.400198189538278
11.118203750309714
10.118637895570167
9.42584037658822
11.46527657893064
11.095582453529152
12.701260957076693
11.85882379134907
12.944870201798347
9.999852914773284
9.075956657684658
9.779061808096472
10.439788945496165
11.968234861859688
11.525646896194155
11.965183610428204
13.293603037070843
12.772985532008528
10.428318994039474
13.097124867722137
11.504483511215405
9.09585611956301
13.216697981656772
13.995025985498621
9.540054635901706
10.856947988426072
11.056595616989235
14.170889651761517
13.167398271030418
12.636536975143
15.061282308088096
16.035611895727946
12.463247395339497
14.24274068094861
10.858765360661437
10.110451592594531
10.057567131885104
10.8664323671394
10.057078860064143
8.305595933425579
10.133669480330227
10.800953925684944
8.63528925128438
8.107661640716833
9.682063093246235
5.007041037334414
10.256648946966347
9.71452539190788
5.610684170380259
8.33917364859769
7.0588181757493205
3.8274903590869824
1.440870635690128
6.15150222481913
3.4739104569860784
1.506864232322229
5.719498126593189
7.907361034780106
7.49292603432432
5.761816597733029
6.016186577849799
7.531278445845899
5.09558706102354
2.236072885807859
10.50624242438539
7.259988273099416
9.519225966909397
8.932898384009112
7.518189223095449
9.1022184720598
7.807389514520252
10.367515180087015
7.638561160631358
8.977722949399352
8.026913552608098
6.395081691035219
9.191182903273468
7.613810232872849
5.671495684770284
2.167193627376814
7.336996715291452
8.96684033768207
7.966625506744482
7.0841791196424495
9.684550280313657
11.507981696961643
10.155296082585838
4.834321447496058
9.109078401294349
5.037733846175828
2.7839146077816777
8.623906084974454
8.584247698072732
7.405074390468082
9.792400559350824
10.619136784057421
10.26302478235759
9.207331253873832
9.665682420983615
7.437621868362687
7.18537085597346
7.438338474701965
9.859367646657796
10.405896665973582
10.923212114944796
10.030530421143627
8.832563154946614
11.44562101388524
10.051360810475618
8.885152055279008
6.913780766864823
10.578393889501228
7.827529324667382
8.799532563674973
6.740617620292248
8.069195376435296
6.701961338343998
9.642449396308564
7.2166891351606175
11.240702378269802
9.299565961299404
11.620031053536902
9.992800307074504
11.941005697546485
12.593809382725963
11.424976392737115
12.741844843832974
10.913467016350827
13.081415594995502
15.61535967967137
13.062221523495603
11.412772305549794
12.727029295876982
13.936847080280998
16.804438173285604
15.99095722768983
15.226533220883717
12.65772962082895
11.001565604991582
13.630092610976565
12.776357053802396
12.697753433505046
14.979225847734375
15.612342837632113
12.200600901256609
14.335087872902065
17.249884116112632
15.708945228269773
17.14988714480374
14.234269904478705
12.958104053604488
17.867040275282967
14.661508889055916
18.372130156813437
16.883621869452845
11.347661875441574
19.14803491972326
16.923833763646766
18.491986584263923
18.67208148736041
13.427001949645923
16.099342431231175
17.92562916682896
16.10339722307673
14.319733941870687
14.948529015276595
17.079949633242364
16.931144907987672
15.150993746280315
12.653390025531998
13.650962375992227
18.214188390702414
12.956136631694928
15.183421905434468
18.90949899506596
16.088667985487984
18.15646320465653
15.881549787477368
19.252003767837714
15.271992546327937
14.606090543784534
12.943740345798968
14.1740710846196
14.749086528755928
12.873497626811945
12.474043221973458
16.880905800134407
14.509217738114552
14.73514096650334
15.68440026869085
12.621680538758232
14.386424170133054
12.606238176629697
14.420021021952367
15.64010783465413
12.454078638996574
11.988408929018858
12.783210167127695
12.737138121103374
12.59012616144481
12.913565684276248
13.133240739459767
12.755045363944426
16.144408759017608
12.95006458003989
14.0567746635688
14.585454899134023
13.266969534486604
12.671011825510892
11.865504001508251
12.595369228834413
11.428603171109476
11.38993741036992
10.150098241555485
11.334577424922168
13.104061117570769
10.708449322380753
13.710526294083715
13.914733155081453
9.8814060850667
10.746889567077996
10.129736874230323
15.635461869068529
11.832774768115588
8.828796550378375
12.726563283147616
12.290440904479993
11.206025302576087
12.481924060963445
8.366665858326911
8.936495600893776
9.20410909804295
9.15568361211542
7.070015295291689
7.762750473622295
7.886046251622636
11.832348653057592
10.100299249048291
9.696097729477938
10.116504813161068
9.670291920475314
8.507201956844574
9.23159037823818
6.521394774410711
6.265462478135291
7.500763188117854
6.09912359234681
2.1375437607472594
8.170735446038634
4.993816812075311
7.870240339024623
5.147403386568577
1.8728188062016193
7.953240157480989
5.280041875240574
1.6068520462882963
6.655672473547218
9.051630607690958
7.130695721111509
9.4893432179549
6.06952093510561
6.680729887757446
9.357331042009804
6.347195666355134
8.308244019136346
8.27566276622716
9.739976565481275
8.85049000616932
9.760721256689592
10.65958096072634
10.29342470104428
9.418361515535242
8.096882719023094
9.889572747147072
10.488545359480224
12.218333448104083
9.581253267033928
8.525329981671955
6.183024117524991
10.27389853873047
9.335886016672475
9.871853226527328
11.313903151676445
9.507504738512582
15.151895560703249
10.528158563985308
15.114662109901047
12.839426959810153
13.27135632428207
14.017422720953387
12.907197691481215
14.177230093794734
13.764902652494007
15.00999747126815
14.867269735522761
14.548040916504403
18.030530621772336
17.4585614251897
15.110004805758376
10.471742810553652
19.24998309825008
13.710669815822847
13.349421217410304
14.728729117831627
14.571095630489747
12.627527283685373
15.565992640761161
13.483540264830921
14.236725246682864
11.414655712444473
14.310840288864338
14.79245185797733
10.278279598916713
11.92639533722352
10.004725490630026
9.129976668366742
9.54238801986584
7.701051204541255
11.472314873233085
7.183514223705098
9.420466332673373
9.135113860631941
8.37415601369599
8.628942360058085
7.450012676268298
11.59568527553177
9.390844319863257
10.60455330434694
8.813880252454453
11.33530956554285
8.722567774971056
10.017145499939469
9.442356312513843
9.850393580357185
8.74487652945359
9.03142377215186
8.75255069051001
8.252507325591315
10.943553652594206
8.808915090741495
9.248635771608578
8.420363493341334
8.516627906800599
11.000296221125629
8.109540415203863
10.707916360487623
7.584589974589012
12.476205419473734
13.110434719905953
8.944018085007201
8.852576711093619
8.287690280770693
9.587399469499017
7.794223762103703
7.835023601580282
8.094496229207811
9.65398952803944
9.812080197728676
13.019942658798215
9.186546974786292
12.372406296946044
11.62952982090384
10.033458123921392
12.569469526667183
12.114628094220699
11.932982296967094
12.041464456771036
10.639924502560058
10.47670293771806
12.303331545958333
13.810211540249433
11.610460358163275
16.117715476389158
15.795421228531858
12.164549555612066
12.441538830352606
12.925824862540933
14.45201899590825
13.823939159597234
14.530425204988319
14.918165059182254
18.3202678386659
16.487157442512846
12.091516552419009
9.924252846552596
13.0252963732537
16.06099891218211
10.123985036029596
14.895336990804806
8.831053251047623
12.343140429990282
13.306413454961078
8.565124162008056
12.329071209960626
7.733125483919995
8.142731933158336
7.262611367253701
7.461927850200874
8.231416591272733
9.429588257094284
6.634426527102124
8.439171994574165
9.42652757859036
9.766103731925556
8.909132541492882
8.470424321014605
8.738799851059172
7.095063104837172
8.810504611033629
9.180902445555416
7.504146488696101
6.909620959728392
8.050041606512696
6.175354300783761
2.432433095100772
6.506647063870652
8.009216071372581
5.100770371321687
8.281543594689373
7.098143020969098
2.5803625957156573
10.247598262304477
10.711116302624028
9.8916721891453
7.441154959547884
6.116721730659575
7.633125374609476
8.957026148271389
9.045816904295073
7.966443154926647
5.942487910683383
9.73415499960867
10.112171473119975
7.791066520162037
9.237030035450822
9.732509265588886
8.749370955699813
10.225223307362757
6.927579310791666
5.794577564592828
6.929342102999562
8.296778710737666
9.372487123498384
9.458695272121547
10.660657741029809
10.562742424010722
7.9148273315249575
12.314814434591376
12.197523215261493
11.237925378172182
9.069990798364927
12.741948260994553
8.85244895097183
8.441356592231548
11.239912898792165
10.253685417439058
7.041806537493708
7.2435743526194365
9.204815986918247
6.400238504018327
8.292402654593353
5.096125280446916
2.745534201517823
5.348172671498506
6.833070704932357
3.987554891911105
1.182279606387855
8.333562104728646
7.928529877820397
8.54879751100646
6.111491149617285
5.106949549829086
6.067992033171132
1.7048123258628136
6.857223238560513
6.8180822879909755
0.6007076109242482
7.786697579710513
9.052239988100037
12.427394429085277
12.521222562489664
9.478054588152654
10.406438939975379
8.382362452095855
9.656494663862413
9.096033557378885
5.334987368108644
11.151353665409903
11.119542288968047
8.453814893206564
11.207736317799906
11.449302811437729
10.42023646114209
12.77919109610322
13.821823953222172
10.996105549394338
12.973294523825983
14.60734905948354
11.39124455296642
15.441921539009188
16.39534677274291
11.362613924556763
13.871784714763121
15.943974752214547
14.546156230994884
13.630069818984651
11.931181265587991
15.720053603147635
13.6979239077344
13.866677128808288
13.745264041488266
11.899648367511395
13.61689410636304
13.113938819017417
15.164013227956652
12.706834632790228
11.252797586694149
8.769522438182712
11.792933794256962
15.513956297075918
14.8512192218297
13.90294111084669
13.825140790782783
14.264519603344219
13.220290030988659
12.07942038441022
13.212191063892005
14.19008494601163
11.889102313290532
15.077714532723059
14.537078741618858
15.333676264484113
15.052038529795121
13.049751177161873
14.003286869067312
13.05747766485122
12.729490907121255
12.300300749369093
14.817173383785601
9.054250514272962
11.640735269654106
13.139697561732355
15.679281713525032
16.5551955731838
14.356769735875773
13.286727216314254
12.323883337431143
12.7464027957342
13.510897760147898
13.440193593432818
12.677537645791421
12.235136502268292
13.316502220183327
11.816976818275698
11.104617603802852
14.033786879353432
13.108734055569737
16.964314367154977
14.144126335658623
11.861237254426051
13.375785557701587
14.83595461662391
10.7242909198102
13.317374731703708
15.85930865191713
13.662165920335628
12.080458717018923
15.197752363930618
11.893795658393062
13.178923048247654
12.92262191604553
10.994320398528258
11.617835467282141
10.484171537629543
13.130754119621281
12.032308035235845
13.591589070710278
12.919048220137068
11.749715298008416
13.679642220107572
11.794552494083188
11.569758326322038
12.682208460412754
12.737274098955082
11.721308379360742
11.913195809583677
14.37318715313643
14.733772260551095
10.69477458700474
16.48598053066049
11.911023953642186
11.994761906910181
10.488493247948584
12.457232853769057
11.212617313933634
12.090297955483983
9.212279536300217
10.749591488094175
11.843135438951297
12.384476671162352
10.173453551555873
16.284767421746928
9.701073043630142
10.49990445111449
11.392800182760888
12.369968915684497
10.622077099436721
13.314386730192565
8.669062497837942
13.488279752715254
12.117347555447584
11.342272131197713
12.11611588878448
17.101533675155082
10.99454520030644
12.281287652213992
10.205822729597452
12.993851930954706
12.070284685655501
9.82151832862972
11.238272496438436
12.862109832164817
15.228673889123316
14.475811108686973
11.835721709942986
10.497368556173434
12.540061114863867
11.949811788548569
11.953935102159683
11.386605103698662
10.363588714961613
12.981420785772675
14.124500901398902
14.046141619215232
13.461984880729874
14.44487963878844
14.033142403399982
13.387159689657492
12.499977431919529
15.25491635523413
17.652993351378537
14.08532014448008
16.80924842261252
15.013291357611664
14.148216752070716
16.764687891731832
12.244795642407123
12.60425466639737
16.36991728430215
16.534503857125852
8.707827073714244
11.576517071856863
10.799711654707357
10.884181071288367
11.25112338336191
10.415482013222828
9.276602646601996
11.731420949533254
13.84094326036357
8.597138160190138
14.7302394982486
13.027795853676768
14.932136370724937
14.158752143619004
11.878848483082711
12.655961204412806
12.387445089804093
10.80435426209642
11.977953073934774
10.62924212873308
10.538343657734549
9.542435658536922
10.415066266400684
14.092992371918498
9.30997676648261
12.651150716187024
10.38082531893059
11.477812292263438
12.017843009173784
11.637714044846074
13.63039184215892
16.27370029055625
11.002464898504895
13.433184676112
8.43716691190385
12.780753747880006
7.869674044951452
9.089397420043131
11.01255569435208
10.354231151645479
8.437575021461235
8.11496354118688
9.127926358369754
7.156382684042456
7.858850796750009
8.712372508650532
4.933586869797095
2.3718886093636358
11.082326632809417
9.682034868503935
10.377542960395653
11.045679125349922
11.082774446872994
10.29651059049754
7.349913875308065
5.301237104038974
8.943563094460377
6.993994331967285
4.79603674084915
8.945763592862496
6.074154555407113
8.710711397797123
7.063980668079825
5.417315716860146
1.159417404699925
7.35118563473243
6.76797407352107
0.5460614589543796
7.654006782339957
7.5800564189055635
5.9027250091367245
9.069137097218164
10.877348278447315
7.951892747445055
8.717140816983957
6.997824936864207
7.523674210529517
10.435866735043096
7.403236983921943
9.270155819746991
8.252707263019095
7.835558366259178
6.598873069542996
10.82800938311659
7.259632789944016
10.301768429530448
10.245595024251811
9.890323748059949
10.074899623302715
8.602163934625825
10.683118120131855
7.670834639020459
11.971638636132788
10.4592535549342
9.372079641814496
13.737536197917054
12.68096930933661
10.44316551169436
10.939083047863512
9.645241320307663
13.687713091797724
15.000409086817227
12.811012219714456
14.318207412383105
16.194180036786058
12.571476267951786
13.418661658588457
13.332237930482151
15.174331631388915
13.836092877284758
13.090519460500204
13.703334699160878
14.339192475996255
11.571657420049542
11.591352568964261
11.014684466267514
16.926180562638194
15.657751969905284
13.043116504875634
17.252267318860014
16.617919351459765
15.77873328252524
14.695337072986325
17.620626398559892
15.707654088046887
17.269183459780226
15.669786128185416
15.284972383063595
18.340982956900056
19.186437231888988
16.788275327955574
17.296543319214237
22.572365946028725
17.25446460586375
17.70408932864377
18.118762649142493
21.034952181714274
17.795298407973366
18.604468401004198
17.152287104185042
21.443573776190117
13.806044664651774
20.96992243848912
19.287130849941892
18.75517611485424
17.73879978587207
15.98434330469232
16.883863656514155
15.877356968151659
18.027161624507613
16.736044280910605
18.108395235327134
15.776820635420462
19.192981443776684
17.49758715453769
14.054371398897207
15.821575279136063
16.48100074071303
18.598758162086913
15.891119633956485
18.922207279481217
18.537856208084676
17.83795247350494
17.936249654297036
20.49441128580529
18.3190247557294
19.371264228561063
18.470221270868404
17.402303825071648
14.82350747983067
15.283203756968286
14.219448844291493
14.914405932567657
16.833084888693424
18.555453161394162
16.95992776643027
19.06868723979042
15.044096134253351
16.42621079650914
14.507140809192073
14.930496068880716
16.962209222970138
15.694319965084928
16.494881819971564
17.243457079898764
16.38804867669548
17.923265703891918
12.091141150654211
13.968614288616616
13.821841288979654
16.01821398398342
15.4463599944344
18.267107005239584
15.818954588740246
15.879017965426595
17.097731008878466
14.97361672220651
19.960946929176824
12.682221616885224
12.613923557745458
16.95365611311144
14.535222478520204
17.024476680416193
11.323727891762976
12.835063030227586
16.07864866285197
12.369528638880603
11.200385741478318
13.000463007489932
12.611374797633447
12.292433753049501
15.218105651123624
15.385120556070051
12.971052128879407
14.87692075727394
14.536572302194775
15.922498951157586
14.715399129135854
14.348541082611845
9.557586694885915
13.479128919201072
16.932704037409465
13.464243596100486
17.477948046152534
14.283230716632973
15.483024559846445
18.148690816805736
13.097075415233656
15.368761180295477
16.665907414244952
17.247316566786754
14.529920595348758
19.308954484432746
15.26606867574636
17.64351935070217
16.400140732758192
17.381102939696355
17.524865680578
15.592384378647695
19.29634763251211
17.714026541116198
15.694532395015933
19.22052408564446
15.626579089248539
13.058782452055738
20.516398233349697
15.718721001662649
16.936778965949458
15.423702615068361
16.10942771208476
16.46289219083844
17.51219029302385
16.64052625053121
18.299676019217646
15.735054746665973
12.471092969532684
19.48955311075324
16.712993688086115
15.494483091783195
16.30555604675705
14.735426809278158
14.995434041322117
11.14542132735812
13.984981365229748
12.757931457776179
11.445392032951197
12.230021613613166
15.370676124855265
13.14855969600612
15.426218889844852
9.27670440922153
16.861112849755717
13.393802588910965
10.68574171016489
13.478667732649935
12.914281100801274
11.798907134677682
14.724228425500844
16.479210560896504
11.862900815934314
16.047442009245035
12.05768104794619
13.37236531099968
12.882502751845292
13.670668172615844
14.77787206463884
10.86247621426676
13.063963730494006
17.02854054807196
14.944901845423276
11.576376722624737
13.105708260955883
9.529058040129826
13.568739197985975
12.940463803850365
11.26576522250694
15.213258023500147
12.85342960250596
12.07821707059173
11.079853687626155
14.17355408945884
13.757797324807676
15.774689884937171
14.101425143237696
14.791082591976656
18.352023239240822
16.508639986524624
13.780667634619801
13.140269864815549
16.43663699340654
14.581355281571312
19.175875063899163
18.256992448279696
14.854472832777857
18.677159669077934
14.699352199303874
15.100398513101736
16.213874384814876
10.99744529958482
14.36171530743822
11.225357543211834
12.966644379746718
11.886679348331413
12.497376182750589
11.81273181297216
14.256059556286601
15.34577489187521
10.953562697994563
13.493629851396065
11.848458867694172
16.08184766698889
11.430036424617128
13.876267802686238
14.099421602400202
15.343844401836146
13.873825364060657
13.578944363332866
14.092065502436396
13.542300167515581
17.943103180215186
18.222539407820218
15.659365953484865
18.328205925666666
13.942425927116576
18.97044533138818
15.24740046326521
20.502106730482545
14.542486390308172
15.964315861468291
21.0430081472788
18.5064378830854
16.873495087721217
16.34084978437891
18.517226655845985
16.377226175964335
20.305625103480217
16.165564851765485
19.756574795285385
16.72230679286161
21.870248355204033
18.801570925168843
14.772946400326763
18.455894989080207
20.576007977551292
16.734156576956323
19.175572993578903
17.371851507394357
21.93719632343062
15.734025864862382
15.58818745444786
19.610866394881434
18.7578256026333
19.283629410238706
16.11474949280472
15.210792826134417
14.510735129364637
16.20958116200305
16.035027180237524
21.582793330739886
17.73190505514043
20.070934389986036
15.725099981591873
18.00867940294241
14.975578285451393
15.489701530720545
14.571245741977817
15.692905588683038
19.659713139986273
15.974794507367113
18.763348456631416
19.70817322910851
20.04836738285329
19.166240823142502
16.65855623645655
21.171422548676
19.705129159690955
20.307182973344528
16.27572372955851
20.98375260128112
17.162566139993448
19.61090319477973
17.172541934041885
20.789396932565325
18.02701476179622
17.991483019297732
18.291983331460784
17.611272457087342
13.203733419300038
19.38717464731225
22.047769006955598
15.194577679147155
18.608449632482863
22.308071083703485
14.72015182662229
17.487415642045796
20.20261734513854
16.599985905427197
18.63875316982527
19.640358812528056
20.32237045984339
19.245710260931393
19.782196688243697
18.244422190022785
16.36711907128971
24.581935736295147
19.448316699912613
19.08667295580571
18.24323130486065
18.585742262459576
19.02534361689972
21.556121448307234
20.808684849052696
21.740250225511346
21.750379374410755
22.3692747710757
18.05779045134339
17.473627836050678
20.990614012743677
16.641893170566185
25.897837290809285
20.85297704150089
16.428610343481953
18.92141946081665
17.591571947754677
19.444283926673485
18.54725615258199
20.812427965602925
19.564566679529793
17.770131454006798
17.715529577131164
18.755151416518665
17.059764797085194
18.499866426602185
18.647298065762055
16.142384354741584
16.319466625948117
18.35261618249789
13.634463176591929
18.34625431706818
14.740275290524501
16.285677740507232
11.018354178083635
16.205022323327594
13.272550591309843
13.578892997645964
13.929519531729007
16.368747691605957
19.38218653473872
17.383015877287157
13.633170301161147
17.46927459946835
14.67282308435016
15.95908210312105
15.529635485427374
21.91833754747253
16.892840127114532
18.20498279520348
14.299881523763263
14.432505380006782
13.01141866736914
13.118068766108678
12.37269289250295
15.426930946353067
13.04628937291986
15.4584697558466
13.780179615997287
14.295305377137913
15.368147837703674
14.868702007756443
14.140899869007507
18.08564755549041
18.382079789616043
14.378529529955204
14.849472822573953
13.493916001528998
13.995276827399088
13.809338512345839
16.39317342399376
16.558373150240172
15.722167449186655
15.483213046852587
17.16192500071427
17.417140686836188
18.69642054536584
14.28078568587221
14.807467865704043
18.643294331949246
19.622729304194326
15.713010139274905
16.15570648144946
14.451887538647842
15.889053591584947
18.432799004462677
18.26331412637193
18.70679988586386
14.94549493590273
16.86107526771336
15.337988417587878
15.074857713421963
16.1770952492558
15.967824000541526
19.988051562859194
19.066910547520717
21.341370214362765
13.081131256329929
17.57555627255508
19.416406709659256
17.880398268772947
18.30197758613818
19.07080516549836
19.82923994343043
17.539115334285565
23.245686726047694
17.231603970088575
18.013059428132475
20.026462314947754
19.080144515099203
23.310016256532425
20.872490743631037
21.823695025773283
20.214667321556014
21.321193632885443
22.317823130905644
14.912197944738661
24.31598542159399
20.98270763419257
18.700118200959565
19.053832880036992
19.853817576335043
21.714193851380116
20.891652176915745
23.494123998267593
18.56934797027911
22.508643540872793
21.224128751185763
19.913969882998025
24.790887957668904
24.926616394362632
20.83798614117401
23.172247398209016
21.663405215796836
23.222237790456678
19.90283347372225
23.34789980630427
21.94498382907865
20.143195365428845
20.94195185195269
18.638056486374847
21.378649698458812
17.27388589889234
18.614890005762785
19.271401971134583
18.416654935528157
19.92510839407235
18.461993547365125
17.86124871817297
19.532546786350547
19.902333715231315
22.52764623455145
19.77688496792119
21.360517633787026
19.146717433531357
21.35029278799911
18.433134210065965
20.37639906671142
18.97303272850774
20.458572884259144
19.76536238718466
19.543795440753687
18.9648713054885
19.867524991928278
20.552889461025487
20.53068258947852
19.11443922530453
20.959844508938527
21.291787699060926
19.395115058069077
19.345144350639927
21.13795864931501
21.15137068953067
22.16595741465244
20.4549033360811
21.750383169681825
19.391556933320604
21.47485718262822
20.9266598529682
23.817154275394508
23.115452289674245
20.456561096497197
21.90836143281962
23.74083554350455
20.72072059437342
21.48262798928051
18.601754425877765
16.423125166459418
17.28173625111151
17.5753117200722
16.31122707972687
19.08016823481101
22.41325111942297
21.50286728322286
19.2145438282008
18.95102445631226
19.15683419456419
23.012359876461886
20.161710320472658
23.309244493908043
22.14726358895061
20.566263499042336
18.821068677666766
18.7648871952944
20.01069121280273
19.064905864813632
20.294286395999883
18.840134648839324
22.209358036012507
20.50875389080161
20.031010903586218
19.07693292062057
19.232457814379945
19.33326222490146
18.623134742382515
19.31741672271566
19.516636495510276
20.20967639294238
19.402476553678376
22.02936987576324
20.45761330667994
20.547515364669316
19.343662676308455
23.486832656114867
21.313006284411337
20.162202871646333
20.3929069802329
17.419242906702333
21.583059678476207
20.659450856862588
19.35751529407239
21.71977335976157
20.727518320111578
18.997657058819993
22.039747798448076
19.153006480346498
16.587152821359307
19.286847182618963
18.978553928821377
19.64646006060277
19.113557381485304
20.39538211544844
18.942520269349462
19.26722189120755
18.2492701957856
17.375877986780626
18.14853359621952
18.36941966456696
19.86201969519001
16.69468425419038
19.919124637413372
18.927489847833133
18.365757895004684
17.89612757980691
18.858485966019675
18.81247032088463
18.442748723539818
17.77080250758739
18.67220741687019
18.624737741129803
19.024461388495336
18.94226763494128
19.217535964189707
18.32270160374551
19.104240230972692
18.9595627620502
18.323938587224973
17.854824647052165
19.48996139326224
19.780179057817875
19.324050926722496
18.894921178560665
19.043208541443867
17.55530233525517
17.59164789514826
16.908998632007997
16.883734368590897
16.943398653488124
17.08044690572757
18.36642107869391
16.830856610213473
17.017984852623858
18.3554067475187
17.533283394814838
17.981031787861063
19.25026758103121
18.748371981669905
17.116224395371813
16.841902704317643
20.067835872766306
18.83162645295787
20.462922836025236
19.92827964761015
16.866315567983214
18.837410392476105
19.644194308386485
19.43532573697003
17.026490445345107
19.07339844594464
18.195879330142322
18.05010870126204
17.463302049995463
18.941466673447266
17.889695461072982
18.977124208937806
17.883379032699047
18.925014090408354
18.00638574693048
18.073298540665814
19.40702323616005
17.69893554151545
21.46520875946554
20.372663347662158
18.836644317225414
19.640030013789307
21.512932765036027
22.10726616084589
20.268493575095892
20.589547303861895
17.76600822811329
21.44967221145913
20.885508744494405
20.880303119511037
19.69601434571053
19.629003892979433
19.2908073574556
19.422450122991126
17.94394693096993
21.028100193443834
17.418677247523757
17.3953982445141
18.829434762018085
19.92944142230021
18.09622489765045
19.59635527553898
18.49008179749796
19.961500273436258
18.960897995468116
19.178842942034226
17.395389705878056
18.95695418595158
19.49476560938028
20.481555924629472
18.218007080812797
19.332366967153796
17.331277215408164
16.890704299801975
19.087305977512873
18.26756640205116
20.52993143842833
21.13134551901337
20.37949882164231
20.004120093282587
20.040716482186735
19.98773869097663
19.49039424854017
18.782277354456475
18.238654885185788
20.46171195668518
21.011426623557146
19.857404346690604
17.658523726093634
20.880064997287235
21.630281021046446
20.380786309321003
22.07205205255486
19.822895755245046
21.201501040879254
18.435136352219605
17.395774651894843
19.586874649297
17.5438963161149
20.04557732394593
19.95108692560471
21.676801014259397
20.70464331495181
17.52645468430175
18.896727298606432
18.721107703543627
19.02516990753299
20.228682662055117
21.981736250622898
19.444649425794474
18.03160532999419
20.688805077702913
16.671745653019492
18.569303527610764
18.673779270224735
18.921251380363863
19.060512571080405
20.12175125098351
17.986070808551766
21.89298185000855
18.50237203800351
20.254038870586857
19.304264434500944
20.93241860843602
19.75512556805534
20.978061726235037
19.62716622942592
22.85395652725206
20.864420554847875
20.502425189195623
24.147589937794788
24.971177389548767
18.59158440503118
21.16101232205498
18.561968455068452
19.694832546486733
19.47389426152503
19.335789161030554
18.203719332592833
21.11845392989745
18.02301272002844
21.243678645710045
19.833001252239107
20.400614708106655
16.444840064559614
17.02546331441326
18.291771680262677
19.178299395698616
19.72573376893383
18.257316350578318
19.55975138924474
19.18496594174829
17.102176711579286
20.264559423106377
19.52041361512424
19.166895382698304
17.26356572749047
18.348386273676706
18.872981762434424
18.342144613452035
20.126814080003648
16.177696432266174
17.921298312260767
16.935713507091492
19.203489089067705
15.747775563851645
19.139978441739075
18.416314032490977
17.54439143113932
18.55679551806767
18.787187343688455
19.37441785559836
18.217974504716043
19.019337664578845
20.42908676342025
18.23933390968481
18.577496611086406
18.60428591027852
20.269854830488782
18.292397427456297
20.274104045966386
21.739646876409804
19.09633113767826
19.09642942455157
17.79110867628637
18.501090566227226
16.70346243078741
18.888416410619456
20.142599739102284
18.11569299161154
17.254351176776144
18.51916194925739
19.305805628053392
19.750227271985203
20.700624370483027
20.522732759732026
19.045582623221026
19.628713405511398
19.45508316806131
19.10792465639338
18.966921839163543
20.271451452688172
19.21050302959832
20.194918189110492
21.587095364921023
19.477692526187667
20.341131935850658
19.153095719135578
20.426938328616274
21.59010685941646
18.666471282084153
20.437508409655607
20.15013991735076
18.455563694199647
20.21517098333649
17.716886082639984
18.363887546388415
19.49129703631379
18.342886716512194
18.19500776796965
21.005604795038714
20.05403829012417
19.712347290424027
21.719006623869905
18.915896180805426
17.354453033718695
20.642207276234323
19.48708701550514
20.11990985612868
22.230910976483667
20.715125410041786
20.66295496490155
19.982646808639256
22.814989989800583
22.42271691521039
22.571833125902454
22.182561771202693
20.126059659772295
20.998615698778096
19.961519459528645
20.02379119259518
18.088553580450665
18.43524872589342
17.366740717864463
20.397211791492378
18.82286362350631
20.22592146042722
22.17305515988375
20.498243273895202
19.686957386413656
20.719463105174228
23.43480553827504
22.468625166687758
21.13835949658987
18.92579376676113
17.459211252648338
18.64664601813099
20.028623008712724
20.02785453544948
18.91628572621552
21.312212654751196
19.590422248661895
19.27727050952161
20.641856977172438
20.287265822599846
21.576146643242932
21.806450408129166
19.577642380601898
21.199626298669777
22.025567301510367
21.657862691253403
17.79713477442467
20.066882524376794
18.06068948055798
19.310727592439772
17.8132429881632
18.364503470453883
19.7232801964111
20.60047387833199
18.32157636381177
18.680119796240973
20.10006204762228
17.54670221463168
19.355529361076165
17.31293944556151
19.144135832141313
17.009004826603746
22.374721449454515
20.552902945166007
20.327456049957277
18.6509759736634
20.9220553416867
23.130007157139204
17.50979629058769
19.862479543279125
20.55280887218492
19.568291697423604
21.162855844675747
21.596644319878163
17.554229788167376
19.024476626297965
20.25193616849248
19.346584800243235
22.42768894459331
19.229740162909284
22.878235127836263
19.264249193677482
22.386434831780914
21.619073562569678
20.1238308097987
22.326134053189033
20.3940258153288
18.501814204801107
20.402646337073215
20.38273303075647
19.423317121792525
20.458138786954102
20.906808204067605
20.335931763127775
19.364456957716655
20.62638179744707
22.684118633721788
22.196168360756612
22.25742490024372
23.252548620830577
21.538995035106325
19.001938346003243
22.01563165816117
23.420123463765517
21.193385731304772
23.17039456774312
22.564649790561635
21.061664245006074
20.02994967888396
23.236515107233167
18.30735894947722
20.21653665899515
21.708460442268404
22.169357571996265
22.66131673446896
19.416016353838856
19.41581934230646
22.875138202893428
18.655991245214963
18.922943360805146
20.587162450985673
17.572773079231226
19.39181612088164
18.403496877497687
20.35964478985952
22.357882437626852
21.777365187454983
20.279079393895078
20.152347133677768
21.301633407609888
19.731520364054266
18.081461096373943
20.0537599386936
22.68207699506077
22.833738835968376
19.51963640508952
20.77446185777694
20.743097758534194
20.275332283731437
18.848958718866196
21.534948255269548
18.104184317912033
21.009607708718914
18.659888419691043
21.493872396734773
19.12860049535978
18.588759864598874
17.058888607564548
18.40845150661145
19.459121684601115
21.104543845852653
16.147777303925615
18.758642023478906
18.73199206363781
18.81518974034111
17.82813181026072
19.363179612615134
19.08212940435782
17.06300009496117
17.824776535877533
16.514179062181892
18.35834043707786
19.985927466301938
20.655090569177627
18.50605906628152
20.399153250600424
18.851061280497074
18.39937318197117
18.38226381187218
19.009066980086125
20.43932730135295
21.139537384923358
19.576196675621308
18.423950416270973
19.599808937420903
17.76868422425352
19.647093974063015
19.05936016774199
18.707181898517128
19.23741179541456
16.960853748567533
19.989499416623875
20.035702561919486
18.941637059420515
19.628559968127803
18.77937258157515
18.60320435876951
17.130555202070965
18.975637200118303
18.1773319204585
18.78189311050875
17.341953713710463
19.68565741963448
17.83142622533442
19.69243234610057
18.487227081892215
22.358252310042964
19.22265183949365
19.638887103025265
19.085658459284033
20.716816283274603
20.504469811957424
18.149706260988
19.8186600701761
21.65399900672707
20.047254727522045
18.62139237435816
18.981659561292958
17.854865276459392
15.355639739433233
17.005672742203984
18.71378337311398
17.537791118629755
19.318411342132972
17.41241812362813
18.423251641728523
19.368999122153784
19.053784055232576
18.32481791244686
18.36340437740214
19.132608323514507
17.791892524872804
20.967713808887552
19.72504311138469
17.88090474242825
21.84473314141311
22.42195175225722
23.287047283195808
20.50883458700412
18.389648569446052
19.443603212851908
18.51590333764315
16.870861771133427
21.781629448531387
19.415319178422425
19.234093546467935
19.849617899216668
18.45575188080999
20.086137216238228
16.8949400202167
19.78271122118479
20.946638628510637
20.907351452725088
22.675484618546033
19.102777220373373
18.934213883027518
20.33230104456225
19.095602998525248
20.837516326576274
22.583306804656182
20.98929767699619
24.157681143373697
21.029155010419245
21.406846670647905
19.22426199162891
22.53571393614678
22.7916932680293
18.724315946429726
20.466401539347064
19.06287622316851
20.714726093030826
21.193894795334586
21.848299674682963
19.01888617393823
19.870634652919446
18.729619890823543
16.652578000961768
21.86782705914499
20.318990280615672
17.149723841590887
22.46092401647454
20.020216714877073
22.35674821594059
19.38084716414591
19.73241961890446
18.17420506202242
20.09723094977227
19.027396990595545
20.003643182042683
18.911593605651912
19.643966680484922
22.86009926069609
19.471403931138532
20.564519269759874
20.099687371523554
21.792038658413123
20.575300299672204
19.557862751545585
18.316766811317923
20.68010792898149
19.73515846851575
20.597291087160922
20.531807181535957
20.66719239730609
19.25078483610285
20.663656423839104
21.82935276191868
24.599883895973186
20.66716994357797
24.51945691013787
18.53747525166092
22.70432880934759
19.893881108482507
21.060186970442448
20.7354742397832
19.95794219205013
21.768823949146697
18.93688851345602
19.31103327339698
19.4492125113547
20.2583485548828
18.701207510390983
20.734371459695133
19.41098903641507
20.651287749838726
20.286017347243725
21.11263324619153
20.489577222981385
21.39374940699419
19.0097178571968
18.630338596387254
20.02580762235881
21.0851092007454
19.513995587004544
21.26889661772828
19.15864523130214
17.950300770635565
20.409025999181917
20.286865613793122
19.31131366061304
18.079858866804837
21.96498447637597
21.255172770840577
20.669411153968845
18.215788027488042
20.68044541034134
19.51759653425537
17.899858621690303
20.094803206077575
20.164419587611373
18.650748840993895
21.20089563236102
22.474035704378586
20.12481693196826
19.95414845236067
21.363123364992273
19.980959397165044
24.216529860822295
20.039542953279735
21.440257863155782
20.89148567845464
20.747063241602422
18.893210767197214
20.04768168308602
21.091427428532132
19.849533540562305
20.45295076672871
18.794799134239405
19.203119051780543
23.85894275083495
21.433907014994247
23.22231921034888
20.64792016510754
17.460586473388897
20.051278931265987
21.63195598504685
21.768732018417882
21.596920977922426
23.514887374312558
21.558985130607084
22.07460801259023
18.761841352303062
22.410554185524976
22.084810080030945
22.347059006292874
22.600988145599267
22.56596862458089
21.409809346376576
20.933121642743416
22.35458147937306
22.2328515422101
19.473193238995766
20.817164664421593
24.118075192342374
21.911314526178757
19.878608316652716
20.506973009995843
20.843473046206448
24.360294872629236
16.0595891458776
21.822848878266772
20.228740748772157
23.114110434095455
20.408519690494938
22.476377354036817
19.755695665555717
21.652791726430006
20.283498252362225
23.04528484473992
22.155797427897262
20.923922483712765
21.001190208038523
19.15345993867046
22.26372854414965
18.896088187295607
23.112249150402473
19.705037362737297
18.299507621405013
20.294736048271567
18.83878811472577
18.987428301925238
17.96076778938458
18.73033928994958
22.67177475257953
18.62012542047547
22.635334706674012
18.294563639902783
23.959361330344947
18.787484780950276
14.973435386877348
19.32684683289343
21.367142187383767
14.409453878187175
19.961434714918788
17.642734911231347
18.624833435713736
22.10986993108673
21.179069909524905
22.11705110869022
16.091929178938045
17.56734636620471
16.24261203938961
17.762027480690634
14.974730555979226
18.1026849613665
14.642838470046238
16.064136298075645
13.842974550805227
15.717118349284274
15.503230398044336
15.153858400587124
16.407428479200938
10.509923922668769
11.700060793852202
15.13558857024001
19.9992832727756
18.979076057717254
20.394640169131403
17.48520203632282
14.863919920175016
17.23918025408926
15.239607555424081
15.051274220324133
16.341222204999514
14.226050391764314
15.574620232907074
18.659734935333194
18.14682939366991
15.464150862559123
18.142249036245037
13.016910763557991
21.17350860983465
14.153382267174377
13.939253444018131
18.173065102413794
24.49427043477765
20.269375016325995
21.36384829423284
18.554389360208038
18.399195928123863
20.486756630603484
19.33803954860047
20.4543968720218
24.030181274300045
21.108257203385993
20.995673318720023
20.06347501627779
19.087056463797854
20.894534538802734
22.631119032864838
20.054561213012477
18.77136929066867
16.730757207274277
20.991729116569314
24.27349334863109
24.061426533981706
16.721128255015888
21.77818661337278
20.39513229130915
21.947825676774183
22.872996282245953
22.63814755447389
23.356164002181018
17.82056111711716
22.28086046900213
24.783049494789317
23.722118583659313
22.052666926977512
22.321199947532964
22.14020490124009
23.030039240690275
18.099774929728344
21.503688044137704
22.727832492071283
14.183887725648786
25.136315043051514
23.649356061057066
23.24219111438039
25.397379704803104
25.811616376529486
22.981699714034427
18.872848939198995
18.722146436076716
22.53798697692598
19.73451025128934
20.819979150057705
21.313902799179058
19.920920946452796
20.41022669835916
22.90412677723352
18.55406046607803
22.1939987086748
20.01657555101976
20.089450615877567
20.36088046219289
20.342220264912942
20.563608601301205
24.599385621923357
19.490430000956895
22.29260373694078
18.760625840702286
20.966859683647506
22.75010749673402
19.122822733840813
22.244776642782206
20.774919613701584
21.945805195267777
20.34374493160714
21.597556260066117
19.09448087306128
25.337686014454242
23.149302804296354
20.311608278130773
22.268561765796385
23.53508993985719
23.681830324847336
21.0859914272298
19.338910332188075
18.695754651095715
18.65854366698501
18.75891419032153
18.401750678001093
19.97072337187184
19.69052987500242
20.3041331950844
21.505344477933228
20.28354915540625
19.108071948564007
20.544122920424023
19.99749196908347
20.234944504034516
18.91254918299333
17.510689270292712
16.899083880359324
17.61794045086691
15.761098578019535
16.63960829342245
17.107891151438483
17.817585194878674
16.005037896549435
16.27259821878414
18.030419326251835
18.21420193419038
17.045506393392046
18.422103439130026
17.255595033995863
17.349223530104652
18.61838864987549
16.19083498001622
18.266545193804063
16.531617356252926
17.121501888276363
15.159687324702624
20.005155058737742
17.523665701460427
18.647438673389697
18.202366719540983
15.5402416147095
18.05363388370512
16.95980316774226
17.265482480851453
16.773588297519424
16.682068648929988
17.233229558179833
16.552732591363235
16.579444495464507
18.66346785117574
15.13728941024201
14.907916881706473
18.62164090943358
18.55829723171864
20.810622336727846
22.64990967567372
18.480120848223898
20.752491821052956
23.151768999928464
21.488505895510617
19.145538772454294
21.553848657258243
21.11444595178373
20.358537700482337
17.376664259883377
22.349657844101177
22.09239897503974
20.282661309469173
19.20184088113105
18.533826632492755
19.503482012225707
19.120213835509603
18.090673840023115
20.07842271370024
18.514433926215922
21.743857035477035
18.37344926185339
20.10659412594197
22.113812539257193
20.492077284585378
20.639699314096134
17.573455141766537
19.679814016597692
19.01212183528376
22.841125196752962
23.10609202465517
23.53231402519477
19.502537584270357
19.933195693767264
21.070487421182712
19.898604780118987
20.357731640475578
19.82744004446097
21.956093633997607
19.59026884335644
25.181484056443274
21.17086966887356
20.545405432317256
21.643469237624828
21.58230575742495
22.679742573126614
18.53984138471149
22.61689655439134
21.22957703130003
17.03709545447847
19.39463969195244
20.037998993225415
19.840183109224544
19.867019923013714
17.831934487915166
17.700460969520073
20.11985925422464
21.703222183406403
21.55020169585716
21.348614695891794
18.691259789664247
20.068009631385195
21.079724568469413
19.281065825189327
22.68010146161425
22.53524013510101
18.59327764070226
23.9947609153731
20.130578533993734
22.19053491788383
21.24425447924182
23.011544087689682
21.166860622931324
23.452116873497186
25.046109633905434
17.45987196319769
22.316713668904214
17.910391471890794
19.077919979504767
20.438285334418307
17.129769664493036
18.95980829104634
20.139380186566896
20.93782735708831
23.877731713161246
18.943423609775184
18.393089380688572
20.897832758252207
18.498951686166656
19.851524641392107
22.047738012295703
21.347064341433494
18.7982950981246
17.708247071225998
23.392619833676758
18.99022979725895
20.975636398161242
19.13552556511254
19.664285263655927
22.581559524968387
20.229445194827093
18.344622211984877
23.17963918182791
16.27843575738045
18.05003717690089
18.884759699600345
18.703380686717516
18.67555069123567
20.53812484415928
19.932209090909183
23.278370124939592
21.102295156207667
20.328234241433695
22.121192297916295
18.235014380264076
22.940057793422262
23.28606401601332
22.44982306708928
23.4074937388646
22.243490420671357
21.915450863556394
25.910887046875892
21.074731613593006
20.552822399016858
21.77864475169173
20.702692041582008
20.868192049621104
23.154594404320687
22.94944831044701
21.821066593678704
21.60936792062547
20.883270157249154
21.170155356363974
22.389452828188386
22.370856727822108
18.580688888842786
19.019724667492245
19.585755088696125
20.54021725965001
18.75692089414196
20.354167910629485
20.962136173501854
19.735574091411802
20.96285687965683
22.656742460420638
21.502214951479154
18.516123514053152
19.824799916817796
19.514022368132693
18.8831121005566
19.453138509168586
19.480052369917747
17.54614585174226
19.411820064889728
18.936804149274092
19.2599426771822
22.106173219785475
20.05174912435816
16.34128958526196
18.894331271378523
14.517980209866092
12.99946371779642
17.319292475088155
13.189162130651374
14.86101837871731
13.514398020054248
11.511817245614933
11.376923734662395
10.3374796613163
16.178058965493346
15.390988741832887
14.707021133968015
11.4338430573257
14.251227188951546
10.27052054742257
13.850871385676662
7.135066667392266
11.845463987726353
11.515663596501268
9.311840782984035
9.699378341067927
8.497456147071151
6.763289092881564
5.676777641890445
7.295058510369314
8.023308467284103
9.448283387069539
8.143335990645708
9.269652462711072
9.393468393498022
8.498115963745697
7.997235624601822
8.276398810944814
9.912285974489153
9.120966167559882
7.817802771572881
7.894505756495183
9.625992980291599
7.267013964059899
6.905654869516029
9.238738382523442
6.031660012353779
1.9555585707087035
6.146768235805692
8.937640763538159
6.8915630933974175
1.392658782244116
7.1729833550351945
8.20946670780791
5.198686226041583
8.839294566815079
7.311097026264844
7.138196971441179
6.214753070878991
9.800412833253931
8.00758741841211
6.315393839822468
4.147482781735273
1.774872723965907
7.475154363675619
5.949205016376091
8.156264803091888
9.528575253891905
7.38072594971386
8.098422359139644
8.185229059947957
10.687378628075466
10.723903417633043
14.381193270600923
12.351991969093499
10.724382819304106
13.157028038709672
11.903108461880713
9.839810824510435
10.586067574332155
9.560371790557268
7.873286359480069
8.913499549955255
9.4403579712067
7.887045476787412
8.429277082588738
7.952600904462938
6.4052461565218195
8.725575611778867
10.107079140328473
9.39048142567289
10.125185633532539
10.401709895068546
10.696690047474455
9.554358929409254
11.180361170533047
9.767374595436543
9.925169524741039
10.78806502312301
11.55834553757169
9.772841905649367
9.2407121721638
11.714150438653654
12.159209894599664
13.818755141282876
13.349996987418232
10.077806625417452
10.125450296252406
11.012427023574713
10.859566419280807
10.449950659667454
9.428040207046372
11.906362234009302
6.756280565418949
7.731047251172025
9.164911246037088
11.043019475818985
9.811921970399332
9.306706649857567
9.025077616141658
8.960880169956505
11.11592143670651
5.540398476424435
8.800923066050927
6.078993002462359
7.640936241551306
7.022130742941964
8.679854449517144
5.793964912730934
5.690238549614422
8.3014241823175
10.507038790592805
11.123708831617346
8.74278755080059
10.445747170875174
12.481576843553965
8.475390501457388
8.161279457026222
7.869290554371293
8.605494000737313
8.45886704306686
10.403265626588594
7.527534996743095
7.234699294454419
10.22633155462724
8.14253539009615
9.174417082767363
7.741383011706113
12.046370395132755
10.325254123143107
9.492227786001399
9.017399393293232
9.211541030498172
8.174097951482256
4.990850713969509
2.2265687317114073
9.100961421395976
8.534227708930294
6.746397778147826
7.192882703866921
6.436773864158957
8.792611393596722
8.010359560895706
5.992924559816382
6.908265602524198
4.6642688403538255
2.449708899688868
8.983255834218323
10.260240219881492
8.68165655465477
5.32247066497109
6.373588893107312
0.8086317277980768
7.710131050051922
6.879853143584302
7.8440570887411285
7.52074871434879
9.908733814200342
9.523472652688831
11.026115967324385
14.072595683086156
9.430845886266127
10.0031400460066
9.548150183904161
8.589419985382134
10.183113785664803
11.314001852298771
11.305214926866133
11.21382920234837
10.47819123118383
9.77379012197449
11.495002450113335
6.669504802245865
11.979992714115728
12.519777963504477
10.90506122406982
9.526297230016512
4.370735051269045
6.883924955733128
6.942373775074825
9.890917030806554
9.296054706297484
6.015147974992471
10.201380225387407
9.447728136359006
9.242809318383157
12.332073707804714
11.275711888426674
9.167311896998267
10.32427007215171
9.267975074106129
9.192257565864054
7.444198416221385
7.817621638315412
6.89175083125564
9.452280197339956
6.617167160010563
8.38499461262616
8.968801164379055
8.56037246797105
10.379183863939996
9.688971494571065
12.909807172911721
12.77809466460907
9.137951366432489
10.116734881187037
12.600124894778777
11.071306356739203
14.779486190213182
14.050402104978954
13.495464060712978
14.104795591969415
14.617198439197422
14.981600290092441
14.09784267008446
14.04200824281352
17.98827842342346
13.691436335217821
16.698657588195996
18.028740292863844
16.747511924937832
15.086649879063366
17.220072554249697
19.996598111703562
17.153030096822235
14.110849980703806
15.85233202519223
14.41547086355655
13.189973720814258
13.993212805924811
15.928424968533117
16.233900322746546
16.419546690714974
17.91095541308374
16.838572822974776
17.799131792681155
15.706062589087551
17.897809343097155
15.52774200252605
16.25785667363305
15.345953014350881
17.820988119059507
17.87615177694329
14.08799439739546
15.27780142816726
13.400937932864363
15.684195777160008
16.23151472288636
17.96340212182271
18.723315447075052
16.100967615437416
17.095933892641423
19.281730829985644
14.702991955234314
16.28307679841484
15.963152868806805
16.227800228485783
17.637919755306218
20.945465878953353
21.11070479252402
20.230762981904043
23.13648525880733
19.897438274067337
19.42460680851198
19.747732543443888
19.83023105677211
19.74733405637917
19.45189746061027
15.61556613897304
17.37505459665817
17.737749348321934
18.898744186012152
16.188481738186127
17.460345870180834
16.336501310424318
12.029030109401631
17.96153359964685
14.921643250023669
14.962550562809266
15.233396813818976
15.106532675845614
18.843211763516816
18.611926786531352
19.326733569678538
17.471794170824868
14.038401029113619
21.611328620168223
18.776266689546148
18.754468866694424
12.892664201656325
13.597702555360083
16.123493273396612
17.032240526362823
15.800782640519508
21.446526007252285
16.83373937968927
19.708121304954794
19.42465076221044
20.862845540019137
20.574180716262596
21.301000842497437
15.912642460343324
19.335455924127206
19.8375088835798
19.448028537268538
21.750951820302003
20.46276560022736
23.97318648346928
23.319534398993675
23.98828027423934
22.199439486951572
23.43886190611022
22.492072027747774
19.723038020996082
21.426221897512193
21.905490958085828
20.358760931231032
20.130550458416007
21.519098532569156
22.199544776479218
17.527977765093645
19.415440997178113
19.52742356699343
19.319887605012816
18.72320896766675
19.836739773283554
20.676266427482574
20.659804910296224
22.74425603768157
19.267792063984402
23.94721447344342
21.05460684300556
20.26693899460903
21.6016259775108
19.602795444418895
21.77520569495399
21.080234686468874
21.844406503653413
24.34025129833264
20.161979833762114
20.344579070723007
20.894220291483784
22.170907016678218
22.045379592300435
20.54389223750168
21.552188915514854
22.883550599819024
23.758413049658646
21.54043351070116
21.224384983776087
20.6305344750483
19.180476340197874
23.703622575787595
21.199516907492157
19.135568605245503
22.01041403554306
20.542646818560684
22.830104101563464
20.877953777079725
22.488940660453544
21.7747111499422
21.87014247281016
22.59769894452117
20.78803229343306
21.555770260227803
21.375682999542203
21.545793089499814
20.801798843442498
27.13130113609141
23.42333219417309
18.443796108186795
18.40227416446027
25.146481584765052
20.253173211992536
24.614540243480512
19.091382099149364
20.985432918007238
18.060564414707727
21.5571606514191
21.42768275679577
21.587585034995932
19.81662264754266
19.55289274188764
18.90737308422947
19.462600253883092
20.154324488776215
22.735249445781932
20.239728943478692
23.009719659618888
20.921902545528187
23.126581148209787
18.77183340673834
24.506235373053716
21.83627579652963
21.21738583237292
18.049393808698003
18.130816360322502
19.35330182312565
20.024989107170796
18.55836542748635
19.350413766106062
18.440079871110786
21.182950593840157
16.563732677300408
22.53399798872877
19.232462363268198
17.927878674212792
17.804457224739902
19.926541483707823
19.867237447568712
18.896878784022388
18.510769427503643
20.998538403302383
16.980386356688964
22.92839824486201
19.35414432400931
18.304459320761904
19.55672359072655
17.18289651413249
16.71625632969651
18.177151242942998
14.698320083372094
17.87655171382155
15.974747762693637
19.129330655193357
17.722290725146202
18.27011473189426
19.461197667734073
19.442295498048455
18.26663136949829
22.20650627518809
17.971144217277576
22.09613132212451
16.223954431280983
19.33586780124067
16.883808575663643
16.37076641301822
19.979108717157704
14.43974056023756
16.717809676248585
21.504726466948096
20.696430993754852
20.08833955324638
24.7402252540516
19.68480384723489
18.97989883053181
22.39963308852206
21.245265193704842
19.985697922335834
22.681960844415304
19.368068380560114
24.836447459787745
22.909635482279096
19.648120251323153
21.236981753188445
22.66685585309548
21.044076519831325
22.246023801716326
20.187400563939146
23.735415327719902
19.992606617878018
22.257656072935998
20.106868272883766
22.743094805317707
21.87364176154394
21.663825128946495
22.751243082340604
20.728471465692483
22.80613796839913
23.3424765473635
23.241415905747456
22.993634096155848
20.581593886441972
21.1017314216626
18.556886710320516
20.316457139161496
20.578169022634434
21.983038550431253
20.99844378217484
23.02335923762993
24.46913371292168
19.22217080083761
21.616960469768625
19.679871048854338
20.719975072890353
21.993113172998797
19.148815895757878
18.031316018240382
17.882781365262396
21.8501460828063
17.883958483125866
22.163523610185717
21.815785425716367
20.251836030241837
19.405381853515205
22.539396748131686
21.137763498266672
20.67477189154254
22.446438328528263
18.052905318056634
20.151872236228243
21.30798609759847
17.695557180938685
18.607206504371
18.80824058371341
17.794049655681988
15.304120231809318
17.605045481866732
14.59053313521937
18.351942844318717
18.32210732771838
16.563957592301165
14.805020828455762
15.427283531020585
14.155875020234744
14.654610373875752
15.601856429845817
13.734871456735625
13.523850121187468
15.248394886023084
10.213287632907843
10.684642986532674
10.624810802250927
9.931018173482547
10.364514538089693
10.26851736627806
8.994837841652735
11.051141464826483
11.7930250739977
10.673659112198283
9.374122733841702
11.472808769064015
11.339402752199542
13.788988035012393
13.940610215212446
16.531765699216177
12.02520436412995
13.063963647283881
13.703736812427975
14.910725211002678
14.739734863210883
15.467410366572544
17.79388025409641
18.186464280600738
16.641202736679837
16.40252875991109
17.588333510232772
18.03658250959551
18.446011038377684
14.71434978787612
14.802246700399735
14.92270067383539
13.292717815079111
14.377792319886293
14.718290539894886
17.306372581639742
14.957105197109572
19.259815155336366
16.154912388180133
15.37074545247039
14.366675887649034
11.767553603464105
14.080840414781969
10.387011491621381
12.64928183842259
13.221673080389714
14.019667374476379
14.847154358938734
12.806197196099928
11.604876005151292
10.41935899416336
13.493370136339626
12.482070796526743
12.829242277904198
11.75985108591888
11.048936521874841
12.765723613319977
14.183062152265709
13.676365205962831
14.615538656913662
13.57450114629197
13.188963893169037
15.355543500924073
13.351963401868144
13.872200723575505
10.113239025480354
13.723329883114642
13.60456243204136
14.049466899167928
16.018586914731074
14.392437369930327
9.931355763908876
11.278856827795915
9.67444062477439
12.283799476039654
14.523585566592642
11.873815230734404
11.762417408698733
9.00162716030772
13.053016460244656
12.999427564303494
9.064621965486655
9.929346570416849
12.646082687684505
10.688597425309512
12.470921436611071
11.88484982750616
17.417519820572842
10.756526011666624
12.889264705665648
13.358035855302832
11.963472053049816
11.647381955538048
8.115751820043995
9.406379009769987
5.769468532599251
6.6735869915960855
2.2183806600558182
6.7584454629979405
6.668829952837839
6.4880589582571915
2.2832994243551976
8.722489355254991
8.64881154633306
10.312500953549096
9.384741485456535
6.75800270279184
9.01370549107555
9.932431120265191
8.69017941601155
11.495012913274325
7.043332505014301
11.745238016027754
11.352753352595096
11.04465229717514
11.904270264188122
13.172231979172732
10.123232304006
11.415460845781386
9.700387230147603
9.555917106241376
9.43694341600201
11.894461466159948
12.876450459196146
13.023598548971176
7.901569803453979
16.56341538572642
16.03040982325717
13.323128328486275
17.668431591808623
14.359052421125567
14.819397666666822
16.035366721717384
13.244607897595838
16.421206328039275
16.442836274041348
14.129486443792958
14.152435277792307
12.908138398234984
11.67045796249761
14.378005279977598
12.393078947456246
13.046172099436227
14.945108167620722
17.120421107395646
15.45082142219784
15.13544087953603
10.473618977665705
12.039694731647119
16.345144874186854
12.314204637994575
14.358514540312003
13.223003715787746
8.532266204329941
10.158072962995236
8.502633535937205
8.278417220550798
8.045731287900702
4.158437088399918
0.9504363662471358
9.322632772001112
11.833671701706127
8.461336917062706
8.269726376383005
8.498614187762081
9.110722135167322
7.67187864917729
10.396877179796435
9.549988421851547
9.559047014461164
7.3898136696703185
7.2684422606337415
7.35860338865814
8.396299687611943
8.418027767459023
7.700975341507841
8.028541424803805
4.7707253572758805
10.980704594753487
9.669542122503541
9.43072656967136
10.829357704505716
11.336242364358789
11.115006911808983
11.754673045477931
9.505206005442254
7.588424531904509
8.432997356217957
11.331737760541184
10.6175730113262
13.015463379527645
10.089338761936709
9.940846762018127
7.025882810376659
7.990868866248008
7.522693044886354
1.498801366000513
8.725522702977834
10.813590983916939
11.566702476249445
8.97764387097644
9.96575605862961
8.478390124160743
8.306047304534664
12.233639029764365
10.156885578630462
8.459174640409046
7.608959255121132
6.008095665307622
8.380350887091883
9.159092223911703
5.716758123034595
7.166181106815155
10.348181296810182
7.143918432463181
9.871104096084327
9.417642398725814
10.742577870774898
7.767404683106818
6.668962349998461
8.102441884241488
7.888169716794752
10.205321996074787
9.006687302783577
9.109967472904705
11.565095714169413
7.62460428693928
7.566029293469325
8.128898374748992
6.443766110270384
1.62607353653372
6.362857759889004
1.4302294315061193
8.920626124551404
8.655310622568424
9.105518096942236
10.183422034492827
8.000623073589514
10.326227853349184
9.936423001642309
12.076500749715064
11.4065669086558
10.253095396995652
10.952329030355887
9.09829729408397
7.968896984306433
10.43164623022044
5.850502235537455
7.244430476710535
3.010021554746698
2.4968803048525134
4.547136520627366
1.845212283718907
8.616258656766185
5.765959554903018
1.8185183399087816
6.514822487185496
10.854616043325654
9.038957013877713
9.957860398455225
9.14153309948369
7.61166953791462
8.26231277971472
6.99344812487441
8.500112271475636
6.60164037817025
1.981114920051994
10.024776482093824
7.986707040258905
9.031341375592596
6.249645786893031
7.89164289026134
7.882947406797697
7.41752490456189
1.8393633900611492
7.517767447579967
4.214253387315593
1.418391308334864
6.139943096423601
2.6819349008235593
11.184715316007189
9.876486578329388
12.160006359459453
15.766171446856779
15.480461511820494
14.645730088327555
14.82270861377812
14.053962056405599
16.31198430722526
14.643740841129413
14.705125887654262
12.604656495225132
15.278708261212966
15.18386463335944
17.47634215898396
13.441185563710764
18.440280287620567
15.292621786942936
17.52479391846853
17.231992438488824
16.994543100814926
18.582238274079117
17.619995968018575
15.336210376528657
17.851867382642478
16.68686395123263
18.49661392524236
17.59769808052421
18.26649490875971
16.79157008055452
15.032256499437848
13.734745696740346
17.193410281470797
13.60290967139327
13.687181143628006
13.435081619100082
13.458067383464797
16.193393940448246
13.688990493660729
12.589677180186595
14.708224852739644
12.8671173403441
12.732438674834818
12.583443746481484
11.047530436214354
13.977155928304574
14.83226715782459
16.028112597464386
16.510028234223714
12.862903224087422
13.397265545905606
14.841504034734248
18.55025404115238
12.92016790176239
14.827459331759252
12.335619418766171
14.01928330209054
11.926274598467083
11.715427446537221
13.904737184978405
14.436653296645247
18.296410278925517
15.06047524446524
12.445996467705694
14.15500050953557
17.4899843693132
17.017173249041555
16.853435016455972
14.157288769421974
14.131954902827149
14.519380134528062
11.33781864231296
15.122669300309504
15.807312459212547
9.873266564350011
16.26869692380046
15.642885287460073
13.768435998392984
13.8169316976502
13.055098866606011
15.139461750863116
11.617492307844904
11.723054364137216
10.802275376265065
12.798290257337358
13.245835569831357
10.128593417446172
12.497959576971075
9.281898911465708
12.496604431678927
10.84617144889244
10.961261412765396
10.653435784264426
12.771774549582206
11.813772430329246
11.05675169236764
14.411857569784093
9.18494784546685
9.039510946178066
11.011098158371647
12.704064257564252
13.843740626809886
11.814957321698873
13.408863914754921
13.809168250955766
13.109793071926209
15.713492700585363
14.5628639907715
15.130075877988576
16.054799830950305
16.107538033217512
15.12638375684728
12.278770446878841
12.686844405001256
10.433640348701173
7.9039266762538976
10.912220932638467
9.766312332895268
11.32815795823576
6.9111943462929455
7.6031828407296045
10.61054121399023
11.066345984549745
9.786748607720503
9.96315950491762
8.89655564183076
8.943335549034956
7.886582446496051
8.471841518936467
8.869767039006486
9.896361530615794
6.841890143550741
8.296124433494196
7.210132072836078
9.778620161399557
7.769849222655576
7.0940122466208475
5.922046846910927
2.5162142846931377
6.230751322596149
2.442763815197974
8.24869027400054
8.291436189564063
9.521810438460923
7.130340074607727
8.001483545648217
10.010784428257582
7.300854979980152
7.922496096647632
8.663163021527547
8.117070571055319
7.386588890738459
1.8743461026630284
9.791359693125528
7.99771839484982
7.055350153193973
8.739695735722634
8.947301120784111
9.579460412238614
9.188000407067207
9.538199137197244
9.13745426106047
10.271401609735744
13.963102717949853
11.785143379462179
12.851299909241527
11.818361477472175
13.825561706976536
11.880189292958807
14.925650475667013
16.52140491926832
14.460869159555543
16.075671430933795
15.464567750204765
18.84951852954391
16.523435781161293
15.99075976015429
14.172736638243821
16.7405613032459
16.607159776158404
19.71656625279259
16.54486404703113
17.934008754268326
15.868625516278259
15.448682170013889
18.069021848826548
17.090825649797253
15.81428966288602
19.42143526808782
17.60494455795388
18.14912967157804
19.71747099149563
17.074231926857195
18.26936986452391
19.035548648294498
17.91283708300543
17.92530337268225
19.82700497574502
18.538023963462013
19.36795795268055
15.098262248108291
19.095543003675274
19.734578927835617
15.65098216598924
19.19505906311653
18.146001730122357
21.507120526357006
16.477349910002424
22.409406096871813
19.1533623400417
20.48627602684644
17.061761835628992
19.478956453415773
19.38948708404272
16.012394117038834
23.55820372077724
24.403220946273255
22.385759331772736
19.88457821572944
25.06176148830508
20.048317460284245
20.019952943495035
17.399656878580775
19.55621953068294
19.608575516148353
21.02759715685132
16.08117658011099
21.112483563088805
21.7361135397691
16.749265118978656
23.79259237546645
21.99177340098214
23.609559760521197
22.043206416450868
21.354348141403925
20.550150909459028
23.053296927536636
20.004046022693302
24.967564279470682
20.606635166704166
23.245816781618704
20.930350142477508
22.819265291261498
21.732555052970717
22.08653630879539
22.537207737744154
20.49053744122041
23.027164650888306
22.350272729367813
19.12285847340752
20.64820917191669
22.514722247932436
17.601976746514435
21.477497771869153
21.25543066687498
21.873910714466074
18.297841891516384
20.710173983709396
22.774860089036434
20.336601702186613
19.45845529134568
18.871934882274285
19.98267870215409
19.7940351988846
20.617399466066512
21.44990476810098
21.184144562358867
19.55211120433288
23.219115786353633
21.71224123066976
19.870900855968458
21.587821846024557
20.333548028573674
19.702098331915135
21.03889185165664
20.95300808768624
19.220828211438153
21.639152578152327
20.190072456630144
20.972471339761885
20.17087218486175
22.315101155409597
24.804887280904488
24.642885980804717
20.09227676204743
20.96374288050462
19.680914810705897
22.65334420227693
15.096155455185208
21.379975789231576
20.852809038100645
24.603613525119712
20.634367768453522
22.402701007744188
19.911589636437768
18.90292530383881
22.134697592663507
21.675030517739792
21.19761224189301
19.694287474401833
18.618696480698567
20.740018184898382
19.25901498308385
19.372308724758053
17.52207370168124
18.46755837537552
19.330507075719773
17.415427876437814
19.86371289702093
18.681391459753357
19.70916179553316
17.867079485439074
22.465179255920358
18.856575991901114
18.555817099002432
21.729924920533765
19.777848562544662
22.44989874798343
17.96507958959625
21.70591688082183
21.558905907866016
23.175381454798416
19.708167153276403
23.277937476496966
22.17111090577391
24.22523918989675
22.056992720033826
20.267497732282
19.638417995921625
22.62316285970963
23.32060375835952
20.310537240675814
21.53391138776007
21.96334438676833
20.148121777405958
18.33507623962128
20.645609046152313
19.84914560563153
21.233534356186674
20.50522665361538
22.159822193768385
21.76388642123771
21.106569604361503
21.02004350165113
23.068806036044073
24.420941755447796
18.435914222362364
23.83749944310258
22.527752759186495
20.868443977450205
17.769447515368245
21.53306795463081
20.901646114562904
19.789141044776436
20.6520807869897
19.534717551490292
23.58788556179628
21.42965660018502
19.75544934891958
19.041774702384767
22.441896267560207
23.418083373010436
24.10225642373508
21.30634070633803
21.63051922374022
20.004259090484126
23.71952091976198
21.95807746759365
22.333665184261807
21.311813171932773
22.941446929810716
22.157381507769678
23.03799695230676
21.696877891640735
20.501847643291
23.3856359734749
23.193215684353778
24.704010347076405
25.25094469975525
22.306009952061597
18.53384443530332
22.068221438622036
21.7284612832032
20.01340222480942
20.205305856558898
18.633799621596886
24.124042440006683
15.974596523399521
17.764146421635317
22.048438853185782
22.353744696295287
18.20433526336041
17.498286155222832
17.8158253114091
18.88286812167615
18.684919036498666
15.984610629033291
20.659915997125356
20.355619184812085
18.928111932475517
21.216816030995904
17.495123924282307
21.744651731382287
16.789749931482852
21.174119427855906
17.680109022171287
13.32251368298133
20.546494568074554
18.117279875383936
21.999949989736013
19.640884348370303
17.67955692482257
18.528682016903485
15.412569138602336
16.904936433373475
17.336910839879984
19.447955264049064
18.451379198289416
15.714558150299567
18.063628114963695
18.543140507006157
15.062450672742287
16.94311740142802
15.672729603105834
18.213675397616374
15.381593505136333
12.613789342883473
13.72776086662924
16.65054663607243
15.417558719670842
14.54256286718284
16.803612539834262
18.517520638929547
16.190445434541193
14.83945913109557
16.98668654150312
14.35799661429131
17.22368215839816
13.649229460782232
18.03041972936774
14.013017925643355
13.809967543982356
10.610519203424495
11.607792671990003
11.010004933723877
11.691012145820444
9.818394379236295
10.206295483760345
11.852917562514694
9.642394162793288
10.976301048929388
11.400191816356864
9.317049878173869
10.300797609944564
9.65419993587283
7.846377076249341
9.285025873276904
6.323588596739913
7.138207835894384
7.375329881143665
9.485130769754246
10.844857378005404
9.351410075799151
9.166251993392812
6.845325741052427
7.810882298128297
7.865414814998454
6.558328953177233
1.179289608827586
8.980208966237344
9.111173692375043
2.1372080380908747
8.3720976696891
8.842365001200605
9.305590937478295
10.966111773015303
8.860922596353138
7.860366985519321
7.4422561453135145
6.642700215302172
1.7217861118203586
7.799190253671327
8.422001941482613
4.878906283187518
7.278672782435794
6.6755016084572105
9.991116743223454
10.029198543283668
8.205222109373112
2.008421109004177
6.424543201436999
9.382805566007393
6.370295052443526
7.721947780034749
7.071602876102587
5.05598219289022
2.5268553808886836
9.361133614713472
10.346086195122538
12.100844947685696
11.027145081950692
8.868946462405685
10.780623455777752
10.979186722184435
9.809275749563303
9.877722978436688
10.831393879033609
9.767259151064474
8.483293367903656
9.077926636255892
8.22189243642639
9.440448037232587
8.94003222409375
9.804530062908357
8.567256221545122
8.02463034192045
10.245941987710479
10.051132152696423
11.55111567646101
10.199339638023105
11.182019463554827
12.427343897451607
12.00725649083159
12.092903112066555
10.14375191874659
14.13417464211471
13.62875586649176
14.610928284406747
13.26235355897182
13.519468550183785
13.437174244325995
11.777712156532022
13.577131704891299
15.5596382051215
13.667129259992747
16.70335894565694
13.41091053827517
12.952578117013697
11.073259846704309
14.995590491591416
12.379026453416152
9.542785441922998
9.055705468079221
9.817126322324125
12.558331673513113
10.91463926423049
13.832383627963873
11.16905628722558
10.445993648233332
11.454188572282078
10.489509914308709
10.639703583174025
11.755948143315031
13.608894972010914
12.09368569237764
12.02130471202025
14.222533889823248
15.821465602197428
13.448446508720702
17.536680267030025
14.884249987270268
12.809539772405673
17.69028775686839
13.674387374931863
13.209814371881674
17.39401264432084
18.8983835267203
20.617699119232068
16.106226961854066
13.695063691039177
14.41559557624398
15.231747486380211
19.967443583280396
17.18730512586069
16.725080943006194
14.07717172644881
18.920658695908013
16.951117958695114
16.200881614718153
14.976652991228857
13.997117173706389
16.133412269682808
16.041914886096873
13.731742555173701
16.27150652276502
13.882036818103423
12.740859456462509
12.632408099623738
12.77471421432925
13.839387818926348
14.639973808970563
14.508306989908526
12.962361940126424
15.140009522763364
15.099749447490636
15.673789523465867
9.834427916549448
10.93899311758772
12.095777737104347
11.56749782708098
12.590224882072537
10.646063185051155
13.983198836493122
12.33080698641872
8.477098464200939
10.13116295188563
9.619460985540012
6.089390898269006
7.121792939630977
2.229029821270334
8.293945706425607
8.548225698400037
9.81147632581145
7.377272707818558
7.523563346270553
9.57838265566825
12.033281800454297
9.78188593912405
7.6653771327991915
7.9780836255224665
10.032406149184043
9.696857160455897
10.153708173817847
9.268332861726352
11.890319648973014
12.866542897240391
10.656790193721259
11.269920551721347
9.069849922928574
7.607723163453034
12.551467955681868
13.285453777187968
14.290600532858173
13.183054121627858
14.608117607522846
15.322555987082474
16.523983186759384
15.291686436350577
13.844446891269104
13.350363907761754
15.44311663855057
17.208418351713103
15.255953000563737
16.094071767688135
15.89197604620506
19.42584293443099
18.513315618393044
17.354283922400864
17.77495524300363
17.93326849521808
18.907772176372134
17.0979135540074
18.39344071018964
17.67236032910003
18.182701523294494
15.385927594136392
19.184970088210658
17.03235686353342
16.362660083362094
17.634492589332563
20.912732899310654
19.570395372443272
17.147349554600154
16.963466212922185
18.6679128779636
18.39586373891546
13.944109528632646
17.862529481373972
16.381351586210627
17.66564108764379
16.8118014254002
15.888106101136112
15.953677780339323
14.927245890134305
15.410707747127093
15.367679155673683
15.036536185222333
12.876851192631028
13.940558342269123
15.540758342839162
17.599140226419696
15.847243776912398
20.116695786857115
17.260869024435465
22.77680287456778
18.314924980868994
19.153111450432213
19.409462437837078
16.87467125451037
16.58122970620006
14.141046072422736
18.49547849139638
16.55433100247026
20.159839314842735
20.260440393674816
21.38805437428458
21.79623033081572
20.020500241412037
21.26246551087937
19.74451908836232
19.17611073487914
22.031265673532744
18.173414031290513
17.868971809425922
20.860899812227668
22.16876251047819
19.768711538935293
18.077009113501067
17.991030718218184
19.40562301820098
19.57695037770554
20.808259812638713
19.968622510194905
18.808959464150938
19.644899407641454
18.323239024104524
19.37863101628666
17.33201046843095
18.90759875181379
19.614379226711712
18.945581368514066
20.033872039625138
20.82552079862689
19.78685804481531
19.350361795492162
20.477892004758882
20.070056910301528
17.53868060593017
19.249831443372017
18.959961029904985
18.834453956628963
18.67452766302326
22.626416079533335
17.894813160831195
20.05173697642341
18.625437064790265
20.632543954562028
16.13030204882693
16.691881741387338
16.45721274399187
18.68720357225483
19.353793302487375
19.526775386322072
20.25155410573538
19.92849455780951
19.4309669165803
18.62351881986905
20.808999876461346
18.41001644101496
18.815210595355868
15.382547147794405
16.016687964783458
16.30072379145387
17.43643204555677
16.347721844731964
13.892079846985014
18.033751043857283
19.44319039238349
17.799590343187376
19.275836577430788
19.192673547848074
17.097568338634662
18.6587550454817
19.932389433273777
20.055598514979657
20.061454359661724
20.66514413572297
19.377141856246695
21.212293986328763
19.455788980372102
20.533031265653623
19.692395165959606
19.809504451245516
19.611934615504982
18.638869514206874
18.676279143585646
20.08411370848126
19.39658718944693
19.967501422424405
18.589913388484582
17.35625842256268
18.681936550775077
17.739376036023337
19.7273538479811
19.349263942756064
18.629639818122563
19.0673574866381
19.140813833542136
18.839511423636967
18.98522007356434
19.03184934857115
18.363193395511665
20.65478616554542
21.353294284770723
20.079907728821922
20.049246302716696
19.441643558197864
20.687126245853506
22.375148422981706
19.61447060738326
19.86462740239678
17.445864812791715
20.924658519431347
19.27857223504218
19.489500072481157
21.49458860566471
19.297898835976167
21.710500689359037
22.799979091366886
21.910029722022202
20.32931100108437
21.558191912311635
19.61166417947144
17.6554262098703
21.47658988023878
21.095502268803653
21.524924253236186
21.994609224932617
22.10691688356876
20.61462686397243
21.521631364904042
22.985257165195062
18.906608744026773
22.141544324219414
18.976262931692506
22.823083864040957
17.90481837618528
21.46597658554935
22.01486828969866
19.23872281991854
19.05596022334306
20.038418570026938
18.703153776230057
21.0102709132603
19.234500765530846
22.055522814449677
21.432609547161668
21.86419069079808
20.7522676176757
18.802410807071283
18.45713163740678
19.69985995733842
22.312378361041223
21.442655338819648
22.187582957359616
23.037091891956145
21.28846518561922
22.07465563524849
22.727062627765488
20.565604924701347
19.239767450578743
22.095882842381524
22.15838274497737
18.021471039635134
22.900941515283655
22.080393578114496
22.223592188643746
17.646606167249118
20.493375027420743
22.20404769962078
20.1980642632646
21.832754467942774
19.062029499824046
20.784157663867955
19.431955013179344
20.0730558718917
18.495955336753383
20.773032950725923
19.459634977738876
20.237304687442744
17.866598935245825
21.286992291078498
18.369490479039126
21.6661041575356
20.956150264868153
18.440678005603576
20.151180845987046
20.125865194296015
19.77661952843977
18.60250985828236
19.90629695412902
19.896402700721517
20.792408472933523
22.444440665991827
16.80765803942053
18.61850680163414
20.68145879561166
20.177580933521522
20.06035582192187
22.29856065829364
20.139352038503663
22.575753160085586
21.060660947031725
23.135104239116423
18.78627664473429
22.901738084136884
22.3362265883403
18.789917516412306
23.047121242212587
20.154044535220795
21.447142943288277
22.106507733849813
18.422782208713063
23.332652079901557
21.561223263623265
20.99678947158605
20.013956277517856
22.540811618148823
21.54587191370059
20.010392819294285
20.923896972703776
22.89360489642871
22.21204664978556
19.86211111277515
19.081660478387263
21.004786137316568
20.318058257846605
19.95908905908439
19.999369408785483
18.54139796092283
21.561038403992566
19.801496003308117
25.123546333451046
22.91849894435052
23.86287487799179
24.30514851164649
18.71905044063852
20.085768885557872
19.39309213138415
23.466887976799626
22.804486756029686
20.26932680408553
20.370385153141076
19.199906441795438
19.47272368891355
21.073347489947384
18.145698872752465
18.98163022786257
18.651466565118028
20.140730652758585
21.533632519002747
22.923135836774414
21.511277290782274
18.361096589791618
22.570681139160826
21.88200362929088
21.671667918051185
21.41055572912645
21.48393635588176
18.57416340185753
20.121020515671187
23.675158705285902
18.251698399448685
19.222113532860057
18.956685349825634
17.700108420627338
18.432657201077724
20.2273910380573
17.516155057494487
18.20275079472866
18.94840554682772
18.2347780205834
19.087065041903642
17.94550348890902
18.61309979293383
18.149507725533006
18.97547042802367
18.17292600092676
18.782737909576948
22.870152486508463
19.82313616385604
20.93796802816863
18.312088465329555
19.657965906252176
19.299029227267503
18.59979911045197
19.939302290308532
17.411188605284625
18.859624963302434
20.036828315912974
19.943396284878457
19.091979341822643
20.85280585404388
19.167421488118098
20.22259331389809
19.510760654562198
20.502186096053762
20.059926577250476
22.450459693190332
20.960031630590183
18.390114480926083
20.886775191761732
19.119342208932487
20.54859839808176
22.161556541377458
21.49239575404174
20.271126507914957
21.265432268153926
21.52540538148549
19.124964941175552
22.401313201114093
21.139880480450433
20.790171145914197
21.521033237908544
22.255903623384732
18.529163105218597
20.857505505985994
18.20893253782438
19.79913291866641
18.715358525666105
19.52154230446699
17.004780306339413
18.723049340298775
18.841404450544776
17.62954415790168
19.30840120473608
15.812455129795337
18.17318151655926
20.389476495462805
21.35353702352761
20.239195561924205
17.007577380112412
16.336512938116122
19.67995641080558
17.823564701795497
18.957410911477925
20.401501980578203
19.179704749695254
21.10397036985839
18.55169169755734
19.27313421605296
21.255173573441972
19.848779856566495
19.11359608296735
20.56632789006557
21.354422295046657
21.746044243766054
21.60403383832541
20.313763648598094
20.85902382996009
20.52290406512664
21.541905541193156
17.702419126669916
20.8241780866111
20.17896204397087
20.796240449614974
22.00408710739077
20.06917684457555
23.04214081573639
16.417000025828266
21.14430460089805
19.437489381250074
21.695328450222434
19.02206511129426
22.925855315594674
19.745436465300372
21.139769680177306
20.067602665335606
22.44218954882964
15.379384350497698
16.298837488252683
15.593649242498934
19.31479781040439
15.15532780151891
16.33340135502082
17.49380094575941
14.89183020063714
12.341492460236017
13.574915384798999
10.657099715646213
14.445920384844593
11.662375665720516
10.988093236744058
10.744628139525767
10.885613274533991
11.857501718050615
12.528392307042944
8.589311991561688
10.472662821754174
9.718046993920439
8.003057870275086
6.670258623927728
2.0788967616881964
5.326925886576826
2.475344383320593
10.032847196034636
10.509760135212435
10.226438923448146
9.647670546360875
8.31126484487743
9.127096239908813
8.89509953922286
8.881805321844594
8.643282057020794
10.926190326554595
9.956378875802816
9.068612025284308
7.066016365659587
9.51073627766084
7.778315754018296
10.95822973408687
9.645441002114305
8.861568645523633
9.540499224952647
8.628261640491896
8.40327838844161
10.590704015103336
11.83932654098981
11.19093769301852
8.727756447790977
11.53765427219925
11.323065604120329
12.947256136200862
10.885521584312881
10.610210906353295
13.037352318411271
9.786020790847026
12.164143861867391
11.414592580344388
11.185574599166438
11.562449288623226
11.970012402959838
11.46932558392251
9.708986942108016
9.255819704697595
10.176432001993991
10.244012170848194
11.709133341413263
12.146875116388502
8.746201784922144
10.267328057227358
7.791986751781748
6.97943532543754
6.847415944986514
2.2907844486297027
10.52886389627399
10.486265486321885
9.314174584202318
9.101457977728753
8.61109182190587
8.107254981967358
8.9552907708803
7.117680369356469
7.464172268732174
7.451086834993641
8.35992178954285
10.298732806947875
11.00442711602687
8.479125838523014
11.190225747699671
11.305658226019158
10.716519313076333
9.738013106656668
9.640925156062496
6.954692462665997
7.860962289540699
9.079447147836024
7.056989789707904
3.1128303875227874
6.297003100141085
2.106972419563335
7.7503734107109645
8.645676210010208
9.746069379423524
10.284391634733952
8.352849983093687
8.638215895448273
9.321933184196554
9.626689228273214
9.375856767639108
8.388582082709423
9.565572340497793
10.865522015382984
9.422175420597565
14.080585178336698
12.076626699157494
11.912467712453044
9.732013288239685
8.37410562350283
8.843115301633157
9.350959909371378
7.480889942603694
7.184766109734539
7.392236936751827
7.505001786707053
6.951282161592306
8.010439633178459
8.48766991043866
6.847647227408225
9.1745938256269
10.085428390165468
8.382978471177896
10.781063890787568
9.55183156615007
10.200690118175082
6.326928614254316
9.5573938367284
7.362997648617383
7.359767882731762
7.9890374286761725
7.4788143966314005
6.726760272190891
8.730840588037864
6.636771652715974
1.409954515362398
8.001743240105487
8.411870234439945
8.115925860574832
7.981910218897965
6.673586794986747
2.215567776406845
8.645044134812101
8.385691148108391
7.026308167844893
8.837965370613585
7.41720736702409
12.596354294542607
12.748109884257188
15.848443764475713
12.463675706803745
11.196417170742917
9.404686764011537
10.131352964409562
11.232046522616628
11.440115553236803
10.292827527971331
8.448604453887368
10.40642367653917
13.638851641066415
11.956414314884679
14.791487174857007
11.367193777259104
10.263368819115597
13.402375252750252
6.779419310875257
9.903017064686098
10.56638822561573
8.251847656769918
8.249268363893881
10.403685596427154
7.898110571697723
9.071126581976309
10.986740266959385
7.707534813562181
8.533887214020814
7.375591546048663
8.17356939847558
9.028654329387276
6.875247804485543
8.073533429458164
9.675885378651117
9.755464748445897
9.450391124109235
8.358299023143232
9.53666931265445
6.4055658197086185
7.9732617683787135
7.807241022006183
6.069134282262293
1.7453631780062198
8.219443536064494
4.417375550632135
1.9981644885396346
5.727846434803732
2.336807531245143
8.290765311451796
6.667678579221751
7.964404525572558
7.182208659265543
6.669976363838119
2.5829846422070437
9.306194706265032
9.12043914829647
9.00209455926586
8.294836323539844
8.589175462854202
9.445029705343387
8.865935702604345
6.906919113639544
10.238195218674342
10.80158302541254
8.564898811717129
9.373487441870914
8.588932757477046
13.257006452752574
7.805746342247897
9.070312222334948
10.142804062666503
9.888288610373465
12.239054848331781
11.733733357172921
11.743566496704204
11.526508810784838
12.184928103226431
13.475503461429893
11.581007532218052
13.025117688328583
14.4703528469988
13.513185142645757
14.43238343552064
15.152748045777058
15.667925409432527
14.281395819101352
15.911628636659291
13.425668305102098
11.816648906641774
15.496187647672409
14.451416721878312
14.286319369871908
14.917553549330377
15.55699654056714
13.142924932606041
13.877703659103252
16.477807354210068
15.60550223013373
15.98562888115276
13.509584556341265
18.21869699614656
16.73295225543741
18.28094462658902
18.726781211406408
15.304852612913015
18.639401088825828
17.996907809577348
18.38957486278284
19.582440127708736
20.879516074814433
20.629413321499637
20.325583053145508
19.48411479546189
20.020522073099695
18.78535380118261
19.050472087997647
20.35475171716829
17.79165166911974
20.602294090875574
16.36865495590446
21.075732075797873
17.16005851560215
19.083293422720814
17.633916645371336
15.535777606958804
15.878067656223582
12.056584558977194
15.810611157658935
13.919132817188371
17.088358562918653
14.120189034226437
15.528037872967278
14.660377990490066
13.540579041853537
10.553691629533752
10.573917137751003
12.739460489401246
13.86959901831544
11.384486876012508
13.837576908533062
12.45443920912893
12.730700870488864
12.570968788997364
12.415489454728606
11.260467794549047
13.742260261052278
14.305241827230097
14.945853029977807
12.240541288912526
13.64327923922846
11.079707247811188
11.380527929103522
12.881625131861231
12.380017017925274
7.468415094113046
11.647822401284106
11.211156616640965
12.680970849904305
11.817689721980651
15.148754667938999
12.261716579408152
13.574794147457702
15.792355398448429
13.319044659137816
13.506551485899166
12.615282488902189
9.168814838717545
11.207310327432564
10.162192111117124
10.829720960757514
12.700295496778642
13.36809828699765
13.90795335519206
11.514898664065132
11.893285719778298
13.366387190615137
11.534291162700107
14.245809529944527
10.688459401579841
10.94554240581418
14.510437582245343
16.110934086286807
16.17705604262182
14.889768840100327
16.394405675185837
13.42532569579754
12.816102412637731
14.795594804251534
13.04644304436749
12.913376887087313
12.878782836921895
13.450880244260132
12.598916383592302
12.935960625397719
11.914954457429516
11.139945946745897
11.758423389686694
12.304535428772667
12.639398321149772
8.56642886018444
12.057145608173418
10.115618574468748
11.4625677129935
12.163000614606503
13.312937315065422
12.375662944524393
13.5744749871999
11.593351942943492
11.017579835018651
7.388890602197224
8.87316467294431
8.617459099847855
8.695616711899932
7.950589321150658
11.151611689196491
10.247338191072826
9.182113753943243
11.02494774002501
8.979276212298872
7.308070102355661
8.61860523629635
7.323506041035031
7.972616840887341
8.535505879037858
10.523628191753872
9.425231576358367
9.543669880927931
11.684480867348
11.112288020374987
12.57243375625339
11.89847305257178
12.255780906457288
11.679822597446355
10.031808709959375
11.423615846680798
10.529421034780514
12.216644825850429
9.728764155658938
12.936867892894956
14.549328909694822
11.31758771735616
13.021929362554602
12.37789615008905
14.142080035360632
12.783354320544293
14.34191146354747
12.389621442468256
15.502580462956379
14.872554111615864
15.816739534234847
18.51920956201622
16.300893699466098
23.365749650593113
19.32333502929079
16.077919762725703
18.53522216561908
18.08629398867885
16.144345134439376
15.635030920555998
14.354447126797679
15.672461486169837
15.831025346694243
15.656780251854919
14.418664292098256
12.811686912880873
17.12268375786617
16.623817555210096
16.29493488579067
16.174608613385942
16.56598868120649
15.548445636782867
11.36997972001123
17.86120485284182
17.32395973166589
11.957219705598714
16.012791985778055
14.73397175519716
11.501076107560728
14.24622650847906
12.757150044877816
14.276203584215184
12.90976684332988
17.10906051169319
13.998330325475699
15.037434226979723
14.423578710074782
13.914718910646592
16.21602848558057
14.196168633147733
14.305460028278494
17.569144837277378
18.24652984512019
13.4320316112017
13.680626401024481
18.207164595855186
12.789156614515518
15.155007429883165
12.126479237049546
13.194333834087521
13.39443150181938
15.909355933123539
15.55468583048029
15.235627683992002
13.077144833005327
15.236488773164142
17.396777445532848
15.894760644135436
15.049611847903
17.092609499858494
11.92464436025045
14.849725535249462
16.89170819184618
18.050495579996404
13.32070395051557
15.846042398417822
13.400080621149586
18.54253157479441
13.723004643907629
14.66885532509346
15.086779601490765
14.541000652142102
12.818366763900643
12.285767966140954
13.864850678404387
15.556684620577613
13.305637628189901
15.503787620221905
15.572986081951566
15.761268830472298
15.512998860404142
15.762373496068953
14.470848383664352
18.60231403349882
13.02699088022403
13.35012362864731
14.229362457076949
14.905154697880088
12.446894880929985
12.63736015220282
19.873921334970557
13.586837625273638
12.355951829443885
15.577291946335256
13.650000940642622
12.694457473531479
15.502924448351472
15.529281177636491
15.133416622648499
19.212570408349038
13.355873676156996
20.717273048900715
15.086691574465128
17.224825335407395
15.32419315341465
16.700954812082387
15.33626358027684
14.94153835827344
14.68675089541906
16.061946215300377
12.144928004826859
13.543418415238728
19.260129401387115
17.49118227398721
13.980509798870079
13.058314977952143
19.555636719220633
17.368998085718633
13.413666893747017
16.192143229670414
15.255015685203102
18.118382755326113
13.952559657363764
16.71400180983519
14.05888488992494
14.24764913306635
15.583921251191981
14.389192022615958
15.499469050153479
11.704755060397726
16.192554757701448
13.82193681677422
12.426645910620493
15.408055237046248
12.727204696447894
13.471202712661102
10.217747111428789
12.020666994774546
13.78334018298772
10.997048663911057
10.897241242001868
9.544349177760418
7.808113919248673
8.920404093966606
8.201717234766654
8.001257259975551
8.340503529938587
7.572855066917233
7.252648987260255
7.932554021582576
6.962327484281227
6.543407639426854
9.934991114768158
8.426783088957066
9.70894876611709
10.41355280593426
12.162807477992349
10.192098133130996
10.042682043462468
8.42962437994777
6.232593504818927
6.7104296896457
8.678618129319275
7.92852409986649
7.361958043258974
6.190263597525439
8.547233988051246
8.58950612375497
8.187265117949668
9.27992682280447
10.537889115737931
10.175460796875603
10.715820230084196
12.194879270732576
13.35369370232614
12.147528833532569
12.788098370052785
14.327398956581968
12.905768929260166
14.262743256892538
15.115737589508623
14.708819583085685
13.215466562392987
11.924519208376525
12.722634049922128
10.104573372240331
9.92607350408198
11.89133193361994
9.814509386679411
7.498279790216537
7.83716960585299
8.992204649604492
7.249817191391047
6.316827585282154
2.8316440144514043
8.767450087182533
8.17080197465455
7.85664007738392
9.227408394630386
9.931193716894313
11.37515186209384
10.174650758534016
12.876769325161614
12.216170949078785
9.760358631616763
8.33190505053319
9.632987539427756
7.405945687009383
8.644436538995265
10.447055913207441
10.325199983882078
10.08203782377416
10.23697239568516
9.985529154043258
9.95653648456867
9.831268565369056
11.32524270753401
11.220084904259927
12.510110859219607
12.304632281361338
10.192038037353708
9.34414602299746
9.19215501365393
9.86209748681399
10.645789149868001
9.264200880128659
11.658024067769935
14.284511142795287
11.812083914229246
13.700582740290693
11.992143744622753
15.592722182371752
15.93735892441777
14.430247713373516
14.846053095469557
14.67986762604599
14.563399168436177
15.01510805756055
16.0347942036988
17.34033864540838
18.710943285560223
15.83027005776111
18.13642900651299
14.613694021092716
13.774316713397889
15.355081575386196
12.4569997823672
17.483504748144174
14.819043259364094
18.179059067798732
18.418302965069387
17.019260680182764
16.93377100258673
17.971742781583522
18.00460619047993
15.243616927554912
17.0351279199725
17.2716715907592
16.593214831528858
19.49369675144782
19.198787621597322
17.380725326877936
19.892412581050394
15.955272888916276
17.80452376351099
16.99765919450334
19.01036895603843
18.12853442076914
18.44443329057061
16.413576861609542
18.740309901918476
13.232463211707525
17.80785847922922
19.72336678877985
16.522109913286712
15.657298172602054
17.21830261821075
16.36761966033981
16.951744963923396
14.326402975066998
17.350613223830145
13.1428779303725
15.73483000284287
17.24675676688496
19.198131131332467
15.31718628502778
15.702529507714601
17.388897823328357
14.432826015847922
16.868834480600572
13.444059092033774
17.977482419121756
15.497651932096964
17.320232821921262
16.835395276876575
15.279987243774796
20.96752507672253
18.86058434747408
18.267397174611222
16.340004230256366
19.27860205927128
17.594923152402792
17.913040079480922
14.179649796163966
15.743803058524055
12.618418001301515
13.604725633114981
15.84087267245278
12.526816706936799
13.237312537258111
11.521881224546815
11.546399045091146
13.994407741125457
11.995287646493422
14.211836127553225
14.633136705222805
14.965698808283156
12.658271373598744
12.548107590026286
9.27808203951964
8.434808405413218
14.073619791505584
13.354745874784289
14.068790058747588
13.957111951002164
11.836693443754726
15.376254689453127
12.671703710723236
12.29947430303047
15.343857783174794
11.020512695360603
10.476606530907452
12.065410600538275
13.185745704792634
11.439544894500784
8.453846498736192
7.985950967314414
8.356582084319948
9.865767281993763
10.701054563127217
11.460244082900617
13.993231658533105
11.054621329923531
13.744722725170005
12.905604786180774
11.756133052855228
12.580394849509313
13.757021475119963
12.618581206622675
13.388553777790248
12.45110968802108
16.155007087330635
12.736495824621818
12.140835859318624
14.943224083542155
11.628694006080625
13.45376209932756
11.685732071798892
11.810875065008378
14.731279716985055
14.742415728545767
10.865702721077513
12.28117325067898
17.407405498534295
15.633902772807907
12.834727763781784
13.24194687399411
11.465750847268776
12.344490803033164
12.542797818112158
12.786094220591838
12.826178077944302
12.531226217170587
10.248764004304501
12.048975579729627
9.70699407744091
9.247656041329227
9.500213818801502
10.839232062910613
10.999900088258299
10.76910747323834
8.348855962849122
8.01615723528255
9.127201476380458
8.897812379536914
11.432691164706972
9.591937654243477
10.021048939474039
7.825652015364309
12.691994674891607
12.038166297708443
14.233414646029944
13.323724104405262
13.028584603100018
15.024173939279558
11.266986731243636
16.79270338866109
11.266694481886534
12.868226756231238
12.576753662370807
13.45601392800263
14.057227479895806
13.199637907322563
12.46848033884229
15.877450202642994
17.115827995430564
18.198567417836657
16.671939428486148
17.362255145164564
18.268936386134193
15.662440407564668
18.543403745203893
17.679044455683737
14.647000341668218
14.175061812290442
14.905416879616377
16.69487141507614
15.067582839057962
15.205629045939734
13.095780128362753
13.831261493986677
12.352595725140095
11.949522338677342
10.437435830512738
10.391105977799558
13.126534848071062
13.722353944392875
14.578114940345856
13.612016591456218
15.741365420019076
12.844562647858348
11.800940757152574
13.974008681531924
12.148080864495476
13.221850872422108
12.726725853468237
13.903308160513658
13.12354503736741
9.336088047910852
12.61246482305677
12.249910302737314
9.74940279198926
11.360743456031631
12.96207414938216
14.874838938296943
12.573411558875737
14.39805847190841
12.509970773401465
10.925598180157088
9.576839177649523
13.4253523381838
12.843325329925717
11.966938848602725
12.486788233698263
8.12468407881625
13.01246246493656
11.846711576929973
12.182149809643095
11.702606227746234
10.915605857518738
10.382480951156804
11.536253579401063
8.462800336682697
8.264188135785405
11.663103636348673
10.326806907852669
10.769418108923967
6.570581344785338
8.582094021919385
9.57158209525661
8.24054610870968
7.317938772421259
6.40501460076169
8.041113420867553
7.427374490274228
6.235100641152164
2.202461418533682
6.138795924502339
1.8034571716144174
6.403537228664038
1.388367459364031
9.145150094632257
8.815769819761368
7.206298619176545
7.772528760250623
9.748523989547023
8.610685910034311
6.263171721014686
1.857125591062765
9.326714341299574
10.374816776898564
10.106739101373925
10.425272828170263
9.372227918833904
7.294034025012312
8.62733924571716
9.599484570935509
6.502206260940516
2.1249545987945213
10.392294136862523
8.009509063058758
10.903404007068302
6.953104983805944
5.064064049431984
1.964716150003559
9.071562705592513
6.468136625355856
2.9353581429199322
1.4892655075249819
6.718103247167162
7.622253142033022
5.868633427272043
2.5643378157574666
8.610985279037882
8.166079276120566
10.165465780597637
10.859345196596559
6.206730739222828
10.98676090570997
9.779341700973127
10.779528390541625
13.01585444891753
14.073526015524935
15.917726721116107
15.433015240900069
15.725944986909962
15.563043871593688
14.128885009146243
13.984768006667633
16.759521667074928
16.47888632812258
11.978779479011425
11.215832082566292
14.885863259406658
12.514603495475543
10.599420189646345
11.121087563215116
10.376394335297904
10.333537079251325
8.703912078325615
5.760869264497852
2.5718607303330594
9.529729580594319
10.123447895408496
10.28577059106119
8.991052908748626
10.30169232310378
10.313780689890978
9.004157465964685
8.073604855255345
12.035706698700002
12.533292951963137
8.756923507673452
10.404378196038806
10.502755100169388
10.693661374235536
10.38361733787145
10.10228038884553
8.583879347230289
8.14410935603673
2.071315054254518
8.935799451686538
7.8781184002382165
10.07404010629751
7.585535026333113
13.180850940152965
11.332099607709303
14.682197410802123
10.22889213036452
12.334274697019172
13.364794675997304
12.102290008952302
12.32773181965076
11.738710104639358
15.122255185370038
12.564063493457477
15.179578984059638
10.41486576473412
13.889031759805206
10.351405181722635
11.997852510211121
8.761147064386398
12.08256536497384
10.447809086561726
10.709797147848885
10.179593368984344
11.16481557761538
12.014272293516498
12.143840814927021
13.340262192723333
12.549529059071464
11.155529764488328
11.900857927411177
11.377249622354801
13.077252571338228
15.347721272336608
11.939933037176186
11.438910467746558
12.469603279911139
11.307202423764506
9.083977182157959
10.319208033660209
8.387299328124813
8.936076429418604
9.554654983768959
9.35052859904521
11.422832993345088
12.26778294886947
11.559975180114352
10.969045314578596
9.59891308584364
11.367102047185007
11.098072593224327
12.426006606994154
11.582615243830906
7.33127505909639
6.421988827323172
8.439072874186586
8.458085379368134
4.94321514837372
2.3203640581487686
6.730317915357154
2.290204127789485
7.897920040439669
8.544877485629103
8.117434768982097
8.907444910737182
6.108286085588084
9.148135107141561
7.318286323903197
7.1889335813983815
9.29712816367819
6.37833267456257
9.50914127971898
8.034894059877008
6.073909335415555
1.9436915647220965
6.465640840270965
5.1303482491684935
1.3912590619115783
7.249401206778896
7.273865024157581
8.703573162665148
7.873959462270648
9.309518573076977
7.670919528730311
7.132012745816046
4.640524976422585
1.9269707173474693
8.055494791539134
11.983462248198165
9.23763110546399
10.259879259197822
12.266166951828842
12.26726944086276
10.588958423695056
10.286921892173106
9.70786542270608
8.697561235312461
11.032036234733026
10.51141041197153
11.637822109632738
8.754619449955998
7.4166151600268995
7.273412382084321
1.7413424002253075
7.772811474359746
8.251048613276907
6.663558480568462
1.0954301721549098
7.694791511034418
8.295120155329514
6.720997293457216
8.168504221226941
6.576354310990899
5.511936078789803
0.5635294993663079
9.06807279726661
10.453818644847217
10.499696199035911
9.318584731415356
7.748940718450843
8.85729634116529
9.03641526467604
9.435044219895445
7.900633074149871
7.112324023039932
5.6560133965119155
8.500600429507696
11.931927289442395
7.231744347827985
9.47598657602799
12.061224766988909
11.65098761781473
12.39732462556023
10.921937212678607
10.353139019554021
10.836995668947571
11.822736380974783
11.202782950054887
8.870557665632578
9.321037283883715
11.43271748190735
10.67651572381503
14.233756195693275
10.373703870788923
7.5652508381312735
11.202904512854097
9.233956913443176
9.104577545574
7.560047865760922
7.810278165490672
9.204581498136454
7.529450890903813
7.1463014942484735
6.166276971824882
5.685307523716731
5.349334655044853
1.6775665178061834
6.836607507684522
7.832790221831812
6.9382901478183685
9.451268834760862
9.143978353356225
10.412452932261983
11.196198787213655
11.229189795575076
9.385407723537579
10.83709749997072
12.089101862804403
8.342570199820447
11.199650733582574
11.056059593831426
9.387802843656141
7.702039657240395
6.414501324645146
9.6501879989343
6.701807316070864
9.189061515488953
6.141431839321287
6.267940981186633
1.6839955259284305
8.417121428459499
6.335956756135274
1.792101065467584
9.610547846754095
5.978833732165371
10.86614618140747
7.537222879053734
7.99628497410351
6.593238361745204
8.109824900183774
8.283403363192985
11.55672149617893
8.498314396128656
10.50264497587542
11.145294901413104
9.936005901281474
11.146984852367847
8.23678727818793
7.893355771136059
9.463305055494374
11.566447186548475
7.247457272215894
5.442244233289352
1.4003347356243563
8.73997270610549
6.5852665475104235
2.015923379944891
8.042369713230581
9.495185519700744
8.614288794845507
9.32066764487027
8.564081804667806
8.313685214274223
9.20727737846283
10.866262542081069
6.668992435053189
8.1946136819877
9.966216682003024
6.257388551845063
9.176404054225936
7.280763605009413
7.603987899535449
9.871749591922296
11.076040313060677
8.327484073344257
8.290831621324209
10.857100753042397
10.828200772259647
6.742460959929436
7.436907625708069
7.057215682017827
1.1856937224671875
8.42233403872262
9.00387894498886
8.408470872676535
8.12278563887839
7.386604156906185
8.5904171219872
8.320603181992945
6.39786037509729
1.4954519879564914
9.600531949622141
7.266654697797705
1.7442574468091583
10.005720417742156
7.6809361574442665
2.488795727223226
9.352810634630549
9.47159657450593
9.717483489066067
7.369281137425425
11.599348268191886
8.126969666809165
8.91434990665484
10.241606388026502
12.537749438899578
11.654850572090098
7.33213140353519
10.672238559688076
10.853492860784101
9.593615582310703
10.234924383153908
7.708719715326115
9.64079387086053
8.885853727000637
12.341545895276889
9.421195130318813
10.882789809401723
10.301322724768601
11.176601675340692
9.665355468207968
7.546025216777263
7.261890447008098
9.89064182327094
8.220615968029696
8.765043231362087
6.505454712654641
8.806757639305847
8.42615359329365
9.153740176628958
7.288407116950219
5.2674182173010795
2.488756640867395
8.263190580903878
7.785911629270238
7.108079515667986
7.363848375072024
5.119963398312987
2.7610110248814603
7.205710671313349
5.753009705294775
1.3658740354677392
8.989796722244257
9.385056949216267
7.865447047924423
7.945968586684707
6.5376480926166645
6.50893788812032
7.760640594510881
6.403655007887706
6.913565478810477
8.642573537544305
10.086281228570316
7.415805738372136
8.794771477480428
7.612390137116231
9.064211151486512
7.915657181569763
7.290171284233829
7.572498034510517
8.544609120394288
9.428587140332914
4.206360980907922
10.13614435814962
7.125372742385844
6.911933309452917
5.312610452436498
1.6480303019992957
5.664108630728665
5.551151304450686
2.0402705784266146
7.995126727168239
11.906638411256393
6.3337975211631115
5.6207562591253915
7.6267246353280385
6.445635388221746
8.85363729370652
8.058920602678656
9.107263137486676
8.14879630610587
9.893751423614116
7.6699939409729625
10.698655613680874
9.839344704030834
10.893905454193563
11.333294366636931
10.521076901810371
10.670382121130961
10.081477498476318
9.947541806314138
8.749386883453477
8.12170461349963
7.182802047493871
8.422094843030699
8.252140458283549
8.862768559984106
5.966132072081232
2.5185922518849533
6.720396044265628
1.4755167663166349
8.661060612257206
8.197145870067422
10.986609769354418
10.991025473123232
8.365010641627634
10.469140710905055
9.397894490196002
9.555945345390137
10.781727947559748
8.965952190815274
9.128126296315592
9.878996872584665
11.722555309438778
10.91277798223542
9.544684541059032
8.837436506777946
8.585974263628108
7.05650459994993
1.7281169652806647
8.164253591825085
9.380165149462304
9.626054172809123
8.70589501281305
10.315663379857394
11.359853310945558
12.262299744601105
11.796974254601729
14.927937841086369
13.433007443555262
16.555352029769477
13.814976324470694
14.575188237266596
12.821394067389415
14.469154529047735
13.664799689003255
11.234730213349861
12.713780213252639
9.696622569869872
11.477969065884775
12.968797002799082
11.79223163651672
13.241611418420092
13.18217045901034
11.465705153275152
9.717046766815628
8.79019073430798
10.206509417414535
12.53609943677842
9.390780542752362
10.722533744815147
11.257530251004876
9.926397016000358
8.871708848600042
6.279111301041997
1.9912006656584964
9.50131455077414
8.90495638522371
7.4178839849625895
1.415997141674246
6.946410417507046
8.210897468748822
1.2387886959205427
10.439578981083185
10.109581878969584
10.092214837616206
10.271723110508457
11.03739844887627
8.703775857635481
11.555492045280594
9.292496441084298
11.575475379663832
10.449455569783506
11.733697506304717
10.995302595161277
12.052564995249355
9.91325314489594
8.582252601676476
11.173160150128007
13.881922736730848
10.560580644492807
10.781505299028646
14.421289951762517
14.068395740053113
10.925243468735557
11.406278450914757
15.72525392362037
13.26539847549182
13.604558110210732
9.223408342442669
8.797370754525042
11.943854109437751
8.726504966935668
12.715130650542408
10.423520423618646
12.225075535581718
11.498268245714812
8.786501371980636
8.720098264494311
9.25140586265575
7.319906360531098
8.390133590391374
8.777894790944009
6.11000102554999
6.4402100937212365
4.683927338154956
2.267661124791898
7.398320659267424
8.057172853706156
8.439875783934447
9.240606802190927
8.309726565110394
6.058471015240258
7.524241855152448
8.967151958936189
8.263935236857936
5.68957502516387
1.9648974022490262
8.152246372718656
6.3732162750701
3.1700806881111165
7.687887787087938
6.108010069090286
8.143428308797377
8.835499613591908
8.825752836532956
10.759913773394556
10.487400548556067
8.300466484541678
8.378465370411082
10.75589339441895
8.445564132955111
8.538192509519897
5.217731735397006
8.160374976925446
9.748285163195913
7.577266560068802
5.2486995562055245
6.56256480172048
1.761928742531679
5.563361350459161
1.9911700574258506
8.195109019424276
8.617768075224257
10.395115743396635
7.941981400532468
6.67268646573137
1.6253324138858267
8.073148087492841
6.3550203236651015
2.1084428553148786
9.03044857369042
10.711318387309406
9.871415427561029
12.124057622816334
11.866059036405536
11.487592954721713
13.647888212159602
9.173384431361992
9.198778295837561
11.02499129346182
10.038432498575503
6.655397371975289
9.788318101143444
11.943212534903072
10.132069817029143
11.12176875909596
11.875842087352721
12.477080741206052
8.813926514111722
12.197713790692164
7.139381606577944
9.676706483741713
10.31658417772112
12.771711284245537
8.281946868695723
14.149644189164581
12.872771185971951
11.695660210598223
11.060111092457651
11.906872461030792
11.929445399713348
13.567951262110157
11.328133732038909
9.718694073136016
11.954013175754222
13.875703679008707
13.532216986478804
12.160454590824157
12.648756336835413
13.74285697177095
14.558738566538505
14.083587015719004
12.437099019068471
12.452250768990785
15.02267985885234
15.519646064396651
16.36909621596093
17.011081280173276
16.091896618701227
14.173191705425237
16.82097857392508
14.69715488773147
15.04212588733648
11.213262731489442
11.260679418387745
10.185364177769646
13.729248135844633
15.476224580684924
12.741067720024462
14.973426328986044
16.725900516292892
16.45688798180415
15.5447471949984
15.638478215844547
14.562459679053392
14.118221068034195
14.55878263773736
16.151395126277226
14.369518785534627
16.682366347988914
13.431072543787902
13.04932348086913
13.959191138429615
16.11734790247117
14.16831646657167
12.846559499768206
11.673090538438547
13.55251809690671
12.504728955455723
12.478998503991258
13.424544077671202
13.669997824241582
11.908445391925493
15.840026697568671
16.496168305999593
15.277242253855194
14.316103550381616
13.389290844157333
19.193540184685112
15.876405872968071
16.13407099550723
17.317708668477373
16.57498131930049
20.331808958278046
17.587042422240764
17.638912103661763
17.436820319116517
18.66518985868228
17.68303188578254
17.808352127397914
14.504698777550123
19.80713628432794
17.696536791036756
18.730982406582495
19.488853206381776
18.973049854940385
19.93765082856726
19.62775706086191
19.305465792246675
19.382520708121245
18.870004617564742
16.743314807163447
17.257381564361573
19.769555611561792
15.605200005244436
16.993663777724315
21.058359727149593
17.64145551057665
18.360947063431276
17.113792774331486
18.067415492531925
15.007309108161992
15.808810355398089
15.016221710358627
13.702185858856225
15.455938662468885
14.81668510071871
17.106767945414127
12.17832424556823
14.174516485107397
12.94818010069682
10.77463920054359
10.37474072253321
11.446450911886764
12.593849235690648
13.617139226113027
11.627817987775979
11.676115554890515
10.190116862902505
10.527000986777175
9.34473415005466
8.464788360453987
10.399373551998579
7.967039126219497
9.440865400878636
10.800125261310455
8.111977532320017
6.419652009891787
6.65989675497879
9.781379578076788
10.95957826765168
10.834913636993825
10.1767195138724
8.64533108418672
8.513535598580109
7.08442094558125
10.08943189555274
7.370425088835217
7.936061657793002
8.531365816877589
7.030984801877677
1.8744811190252095
8.647276090870053
8.472565229649533
5.516231768567556
2.0295167523723725
8.237475233501144
7.693789937678876
9.312434849555467
7.785955800080144
9.016334948324754
8.233441192245479
9.099194438425409
8.764443676308947
10.366138284642034
10.411175349542516
11.298266917281959
8.36848926473766
12.25537220619793
11.749643039550483
12.12578026156095
10.737165383848751
9.696748938695045
11.07210036088757
7.086050820522634
9.08890311000898
8.523893380583798
8.542774064566885
5.909232040345935
4.964145591857332
2.1229616092337453
10.398364369571711
10.203160224047592
9.402167809400739
11.099305751131297
7.946351756981919
7.5828005819543245
5.661321111205112
2.0932318628248723
8.895187233047919
7.761618480600056
9.871969089374376
7.548359467499878
5.152103818820031
2.2520706104265713
9.63315405503726
7.2043006405539805
8.559463224806237
6.0151879185554895
8.198098193464752
8.63646494334818
8.092729005741955
9.918317776024116
10.326952152254423
10.801503224559532
9.227971709777812
7.550988584939697
8.073053006156227
6.950801524939671
2.0507162141408704
9.376059033848762
8.105891376430579
10.154041235181454
6.257817331987955
8.243859691730458
10.611644190961046
6.80513619980923
10.747115325319866
9.196832511079176
7.6446356708323835
11.401596022538468
9.380547931653203
8.699196773089389
9.298076941924624
8.665592136924793
8.505390703166901
8.63471231932988
7.6469923769173365
7.279808912598051
7.288313813471765
7.146996252737788
9.01294559229714
9.96605276934574
6.901115143971878
3.3779200414110715
5.553619734324457
2.4970246311031383
8.306776130250384
9.388340891734648
8.899550260985794
6.167475521573945
7.0725593442523325
9.310591117757705
8.096793441644799
7.547113079007143
8.273001663535846
8.88561504601753
9.332269659442645
9.19377661210059
11.677499475634063
8.66983569824633
10.916128681822608
10.718030751456615
10.995440518169591
13.591966370315731
13.184983224284593
11.848293124024416
15.271257665453827
12.584330887029713
11.89247280339451
10.32813200489779
14.46121373372256
11.90988665855654
13.207062366112718
12.070331653600332
12.768809409431995
16.269502413655484
15.570697498019479
14.276984005496544
13.494156048265694
14.435805566755548
12.59516578328467
15.768062196294364
13.478546149591487
15.372324421758925
10.759915403677107
10.091643714707148
11.475393167000487
10.702855348703203
8.992745470842946
12.214544489345828
11.011343173916293
10.67064798664672
11.673981514664389
13.55343304276289
15.158272465800877
13.834254717352733
14.708065072495367
11.829395407699193
12.0424163021385
11.749449699791523
11.445710248581483
10.623672896383539
10.603539346114651
13.147516286984278
15.295932648800774
14.677208806139525
14.283906506168147
17.34396605795895
16.823710790354482
15.022419568224956
14.161041044832102
12.925548698788157
10.197839729012298
12.440063202481372
14.631425083285205
13.929520173285434
14.183651675889159
14.722527461440846
13.421234158993055
14.61788593427743
16.150125126763523
13.114249843265108
11.281201954106237
12.499970031087738
12.85082812793181
13.271031441329653
13.591327573457578
12.259980136164433
12.22823894067388
12.940502667393108
10.004185344655127
11.469163849594526
14.064285854485082
15.959578016162457
14.287505741375332
10.743650443502132
10.328414092949593
12.947143834169593
13.301006910592067
13.507008543928299
15.515015646947349
14.254316207693915
13.178850931277903
13.426666754853704
13.957630126397065
11.713519732281508
14.648700599680048
13.849654523779813
13.666885234449754
13.991275047333882
12.784531449749768
14.087701827133996
12.96038591335147
14.65449579061844
17.535463603835716
15.78208186130053
17.89195692758388
14.515647452334612
19.176339638999558
18.205441698425386
18.270154782191085
16.29274259325785
16.425517320557976
18.521283425609095
19.047310954448342
15.921144591969878
17.703553551206298
19.19637886962446
23.72350406354968
17.93843136851718
20.8008266752037
14.982208091297146
18.00143824753917
21.69779919048716
15.73577612431003
19.841616435772554
20.85176617963018
20.3064510697706
18.894763061603147
16.924177930881278
20.525325352259166
23.97185180524409
21.149093201027366
20.51690293739681
22.02645957927046
19.71080589669143
19.235238551388893
20.132403751110896
20.067306472162844
18.574434552434212
20.92127338357229
20.933439103342618
18.62572452899745
17.17636691669156
20.13451280062497
22.583429285566783
18.35868351234379
20.04864329172793
17.75252234215827
15.400542269165824
14.691350046579501
15.630597485266097
13.469578703573545
14.670384545903993
17.760195451608702
16.132347119612902
15.79018197952298
16.65126051009307
14.839568122833256
16.460546076141735
14.241709729632245
16.666982118506187
14.503538411233418
12.00758407957573
14.767156068984546
14.710704225047586
12.634991393476906
17.270654664438002
17.471728684826793
19.312708731342685
18.695747497447677
17.91457473821711
18.48377364919596
16.665388521930883
16.34219989734209
19.833578985130416
14.275761391382137
18.750107035377205
17.256003572410506
18.849491269288407
14.784971456881713
16.998744641722404
15.429881756871879
16.131092551492713
16.00123177990668
14.377066330131651
20.24261198461451
14.592653263969309
17.181955427234293
13.488416587530418
11.191720746951475
14.867793748864365
15.487949902235503
14.117272877742758
12.252568879054095
11.25629794738162
13.007509968728462
13.232730586194965
12.857573570331343
12.764991448350877
14.507239119968537
16.40795899173022
13.931834084647763
13.550275816716079
14.533205525055948
16.169707748535235
13.339328264875483
13.878349414917981
13.091941802656626
12.762922381199964
11.003830427441065
12.666381194930489
10.347168839735753
12.22668037879257
11.481430202603441
12.88506917062225
13.041296189755526
12.55514014271805
13.729608535698016
10.129406903783478
13.08473476434461
11.122453968389047
12.206163787362529
11.899555132164904
12.893331464837201
11.315850311389763
10.638680712493384
13.6070997829521
11.662835319048959
10.930704676593688
11.793514475474339
13.274226617636486
12.704173259976853
13.851475469519357
12.901626350770107
11.60320065265724
11.145676264306147
10.801354064597573
10.407843609572122
10.883591382846628
12.549310584957908
11.725693388802574
13.60366779942339
10.158668856693101
9.995993081530617
10.55890980923082
12.921161181254616
12.333526947074208
11.956205851723805
13.205829799116673
11.50558793867147
12.201994259799571
10.577600258470921
10.827562231088294
8.523806081394566
12.950296367911974
10.150766756445154
13.77548862347765
13.549873932817615
13.019302337788758
10.509943547316306
12.517569534507249
13.280531341799406
12.441025871082207
16.159146288052447
14.477740939448665
15.796913874866872
14.807681899849818
16.6678007912904
15.567201056941153
16.037606979512606
16.61234559548007
19.291209987398364
15.257948801442007
13.892020649072293
17.78182171776712
15.64736498145658
15.997806270113491
19.071878694251005
18.382775977148476
17.362892475696633
18.79261937935903
19.054268840886582
19.910711569496186
18.947196068698364
16.24748430605262
23.007707000883375
21.945107196655766
19.031800468126875
19.93381903917037
19.039472549208195
20.89587596824565
18.229241633574766
20.87205517847014
21.743681750006417
18.64940116007947
20.85535659165961
20.60512930390002
23.62770886562637
21.37739442937351
21.35251061738722
22.627010675876537
19.72320662730692
20.797130371500284
19.49554843453993
20.312896061414836
22.995867288249787
19.149124531214927
21.848690862147247
24.310347753461286
24.06494314957974
23.53988814426874
17.389601767996844
20.093523527204447
23.57480924197291
19.626578138252544
17.125925271371322
23.602020793129515
20.231547417920726
21.112551897367617
21.332218156548162
20.179934214767577
22.528701653446973
16.248032160677894
22.693809168248094
16.08766704694138
16.907293679998972
21.93641763511522
19.440033866534936
19.229427209016272
18.938589326357143
22.661937146591214
22.032807050091236
21.88824135183682
16.644270192350096
18.855135061834748
18.153492801480436
20.705166039136348
20.049038279677443
19.82486521486036
20.008167386730562
21.95304566322764
21.314292242809152
18.93182217713738
20.67313776295245
20.654539622319383
20.832053451647052
22.582375819657013
22.30045511747311
23.414190608468143
19.181506337848436
22.05793893419395
23.4221673115055
23.449935894364287
21.676468100688897
18.634562532053746
22.68643651984075
20.742627022125045
21.760722144414668
23.116210755099047
22.60383549142492
19.090310010496218
21.31422669563891
24.156685671511976
22.078378387307144
18.749374866605155
18.234725517940277
22.303869437001136
21.073458188176264
18.000224155602027
22.269358968281356
20.360655456232163
19.46356838053744
20.223319114752833
22.423642681767838
19.33673708804195
19.50364807056368
21.786594190505227
20.71818736255551
24.2848428244099
23.246083765596904
20.55012858478565
21.201916323384385
22.635672782638498
22.68807258525444
21.42695705354701
19.793085390022828
20.71748645088917
20.91935202571955
23.31869568298295
22.877916593787006
22.330507617050976
23.505430306979353
26.02150431972904
20.76869787845225
24.1038104238721
20.05502208750909
22.270824523772543
21.7103449735342
21.066057264624163
21.88876252817123
24.418454017705105
21.083510530362453
20.831348785578548
20.60903999782385
22.166664240898704
22.08424159354311
21.160452217267903
22.139690085834903
23.46001797777372
21.65133446067074
19.368530179062166
20.966517585253175
23.0748577746321
21.704002212278265
22.708305591593476
20.12052706261156
20.31306325195634
19.791221561382415
22.677378113798312
22.335983379889445
18.377134411543885
24.214805623055824
20.179589315958967
22.1858806390916
19.693855259422953
16.677558800816264
20.731339784585323
19.19457069320026
20.465875776591467
21.02525785520973
18.786503604455724
21.05960647585726
19.13898604875732
24.376014799206757
19.30304303205159
21.292814482054965
18.9356530925211
19.815728568674988
21.287634691913212
21.30200114021846
21.039923029510458
21.2761049374428
21.98136405436206
19.348662756547345
23.148910090137925
25.25882807200221
24.669015070623963
20.96192649946144
24.855529281517097
20.309458578144376
22.52575323230592
22.249457891509614
21.07646467386858
23.845148015138843
19.102323678193482
21.656659671386862
18.434165055574823
18.113892132339046
21.641535358958063
16.690452953100685
20.83510818855907
18.332796092969158
17.89785003569704
16.969780820045553
19.80127037559201
18.862066967975515
20.739094949307194
19.5983077270621
19.645915524716212
22.68063665546981
23.729795206337933
18.757289337073807
20.152333024801028
19.348310271612256
18.616907938315652
17.15301265420725
20.436358377039863
18.39961666241947
19.095417946704753
15.938791197029905
16.311962129746725
20.338287918552815
16.104084292451518
19.124081465532665
18.02413123594031
20.402956419690447
16.889460934970742
16.170975918842263
17.55037470214075
16.813397057518724
17.91191632208903
20.514706432468426
21.05545515895115
16.00443373017861
17.55436554156687
19.065114301847643
17.929190849663946
15.171024856798812
16.863177530008638
16.893917515639835
14.50748392651843
17.7667580874675
15.87349571473708
16.261095841622343
19.876726842179455
22.098239662825524
19.144711457255198
16.310879480641855
21.575321248941755
17.314305770466675
20.52512562395575
18.857577701345512
15.87476650303694
18.349467463410857
18.154821567755718
19.706897582765645
18.92692897425873
19.883558713012036
14.96688510637402
17.839430639111473
20.551186801789555
20.034415665477944
18.404244751593957
18.854919965825783
20.97195215848335
20.34975483379579
22.3787080222336
18.579024663536046
16.474762598569505
23.835796643279185
23.16175863401965
22.384529662012074
20.333260873805656
24.49884883856734
21.07649834581437
20.920036563612378
20.84190670199948
19.434899162784692
20.20949031162579
21.789859974097357
21.011589275262484
20.550008232967677
21.652030662244535
20.042422978618585
20.996712519731698
21.409973418589896
20.596651396901947
20.820719252543192
21.80606660602234
17.408222032109283
20.759179924555966
19.651613038489156
20.419138667739162
19.634245102587233
22.08408319629139
19.0615520293014
21.830736784206984
16.087361965543796
17.12537799509114
14.732403998880393
15.010318677886048
18.335257179607552
18.21411344978753
18.848183055716202
20.796177773319027
23.39717898121483
24.50915644517849
16.37346141968118
20.109700943387754
22.89511716673379
18.216272419530732
21.620926372180847
20.289999894285057
19.071091807946843
19.234562655333608
17.901565068770246
20.388176702976697
22.168997552687742
22.048531523084126
21.96311746288662
24.14474020528296
23.577153415764375
24.212038872699285
23.49681106268933
24.216648455551592
21.93620312922087
22.58000242094176
21.427570200419826
23.833926067631303
19.432196246072852
22.96988015925095
22.84685706890566
24.253512616730784
24.33602025078235
20.20443294881986
23.904165779545178
27.022964639117355
22.503145966021833
17.213125689386445
21.45891086618794
22.224683402106727
20.722791008169274
20.8502736094496
20.393310880501925
22.39366942107027
22.10725487064906
20.363034650925012
23.629950677164665
19.79212137039138
24.321978336375363
18.80294838455478
20.69000566865924
19.976833884973775
21.145818837042384
25.393128645973906
22.758109018059095
21.551405478173052
20.88868440261181
19.49322258494817
19.17590993423276
23.41201828362831
22.061095401047968
20.07844430775189
19.9256206659765
19.926094649485258
22.071834369447547
20.29625578462895
21.15193061888421
23.085769266784563
20.2702988387755
18.995101770831823
23.60749858963723
21.592754003517882
18.74480544223585
19.770135359560854
19.07050700582385
19.01477312564973
20.750793423360005
20.96419895204989
23.77709013534003
18.620982660594137
20.401789147812277
21.225190276169574
24.61881850807101
19.116035751930642
23.215415073745117
22.65537236078385
21.463457601373722
23.464129656647916
23.37315455348294
21.544131564866092
24.846750170524764
21.99009567329308
23.094257596639647
19.94228398223024
21.91432503885438
22.607988849638875
21.051840935025396
19.91928030481062
18.916457765821622
20.92017805176996
20.553101902340867
23.901206955237935
20.161434586715743
21.06004645684482
20.15458094520904
21.377848291627075
22.01194522161309
20.464193925733895
21.56669549637914
25.83767974565253
19.9402704808909
21.378984125844536
20.797391857653885
18.61002617199247
18.54123123632792
19.674138518355395
21.736089179427317
23.14282964196802
21.01082206489671
21.06031679918054
21.86276509206155
19.687528996041504
17.911492060230742
18.49914414386692
19.296454166558757
21.656972106446855
20.14783476753446
19.778598052659067
20.363567876571025
20.881859558282258
21.462210643054153
23.225384531761602
21.558886569204574
19.051837848470477
20.607314587813754
20.644343203198517
18.726223689726297
20.41820654078549
19.793085797583842
18.703336257104677
19.61528891041247
21.261743593700213
19.204105107726054
17.237371501632033
20.05363686328195
19.93284484641124
20.258000534200416
18.41445583438125
21.559779827290026
19.932890068924486
22.159699477562107
19.70443872398894
20.904487702134052
22.47356570149534
23.81338341539262
20.47154725225546
23.59889929019734
20.905940554719233
24.297364344770077
23.43633514079711
21.977170271530614
21.31872192642157
18.445669361683308
20.208360481218858
19.197855080150354
20.748130783173778
18.389463095553317
22.184172980126014
20.923854084487356
17.93703130778572
23.02852402421534
21.036659439032476
21.31125974387037
22.3744519614011
24.415085835921165
20.814749893814508
20.755131318148454
23.484167348230468
18.895775193498157
23.506487074515597
19.52429173179286
18.76672457908681
19.958676522527888
24.837611139250132
21.12062667017914
21.74139755546857
22.969016602918344
21.37102935160135
23.15975365231434
19.761405640504915
18.743320942029484
21.860049170981117
22.117449435020646
22.654699037995403
20.9505312030142
20.617836876619187
24.17564550406074
21.98477621757314
22.097981327836173
21.136165996499795
21.74032685304252
24.327329282427982
19.921489231395558
18.932419005872386
21.99283996579438
24.097294087552662
20.156315728069135
20.231784385870505
20.34833685504651
21.775303019813087
22.83388448720241
23.407107750912914
19.291611407504817
23.473292627058665
21.8410097344619
23.01029661253919
21.073951157043343
22.46030201840968
21.861980192681354
22.671651298919095
19.423932057905947
20.81718038812452
24.305800930707697
18.445865284799122
19.346722707181527
19.184610582536813
21.84479053897601
19.664557777144424
21.965397228677446
23.409591203576554
21.586320525129473
18.768570401562396
19.36715207558314
16.875652866276564
21.194901239703256
17.977896187167595
20.9952777949969
17.77164439995514
22.00113353459199
19.127732530072286
22.97538841583681
23.615304856025382
21.144946619494608
19.803097076505114
20.372573428040557
24.585813764532865
23.003497525036625
19.57547169407523
24.481037837755046
19.23517945643684
21.05544984423016
21.8824110568117
21.289948880470114
20.443026681044625
21.89653518172101
21.222442156698772
22.419298180294476
19.4774227919926
24.384184089334056
20.294141243609324
20.099491723816893
18.84225499562474
23.403240143018753
22.99477473099449
20.243371221214005
19.641186661337276
21.530797516180257
20.869406625368125
19.05105946063012
17.87871136633171
21.16961595290474
23.092681752120612
23.05910721062685
20.69802254117584
24.45418626772298
22.275835979080963
21.562910744446206
20.86823917756812
21.158736612110182
22.783342114612346
21.660519748801605
19.691731231222423
21.266708517659087
21.623270104687087
21.04880781484164
19.60699095030501
18.97800443938556
24.223655515078484
19.553833866268285
19.446546352733936
22.279954211500463
19.921354496035395
21.30761751620024
20.528118634602535
21.36495815235943
19.20542730357251
20.18819734637507
18.538090968587003
18.320059820298077
18.793034995740115
20.71925477390439
20.12681603429439
18.273667462482535
17.90811217847064
20.81095770096703
19.885702335273912
20.604123656395984
20.59988135019684
21.372165027274914
21.397343667224185
20.5057855364009
20.32283931113477
22.12913280181596
20.91865343442134
19.861144920859523
21.898299689497605
22.288625646779803
19.94975621567814
23.104242693691653
22.973048134851567
19.678913231300292
24.04468739724619
21.05289526385045
23.554551198871856
23.85485757841331
22.93256162921432
21.528711938168946
18.994579580410143
19.90625781236606
20.14765400866841
18.966803323833826
20.00146189289822
19.205233350686814
21.730065794080033
21.54957881679206
20.7631850189457
20.12561773040279
20.494046918351433
19.260872917254908
16.519801349734628
23.991562458619338
17.976012708774842
20.20599776980864
22.291069514659423
18.901976679616038
20.1102753028571
20.02167343804448
20.49125891406562
19.510829015623585
21.813665536669365
21.139469340437472
21.545653862298046
22.407084174358086
20.78286849028785
20.18199268565083
20.561791008303118
19.735840804581585
21.55455680822542
20.1909568774023
22.00675881993159
20.231871647429365
19.679004649648522
20.58407105999423
19.30895788838676
23.062216391845418
21.126606624098613
24.119208999705748
19.203664507670013
24.27679061641272
20.08097763227666
20.094084773538402
19.881713115382468
19.987847226930633
21.553315278419557
22.93636628474545
20.818708546206746
19.701217840145567
21.04767250659217
21.305297911282736
20.813398790914597
21.120581035466074
23.884591994346337
22.02487449705277
24.65018301908625
21.97254880775604
21.1244002892349
21.62349428227629
25.766245235652747
21.888957494290967
23.36661803651464
23.192468194346485
22.23635422298014
18.90314939234483
21.474827970945885
23.387103730424347
21.009372939672897
24.435990198330018
20.592475775514977
22.15656999748358
21.229804632991303
22.567026602859237
20.698529748790904
18.877974159058567
17.601254723015366
19.82319906614056
19.698723694797344
21.98523294171792
21.0000045464179
20.153345004845246
18.761631152288448
23.98544845923127
23.841595410673918
20.61323096099633
20.51328426820973
21.242645529526296
22.140552915558487
20.84273304586354
20.64393463687501
24.805273886624494
22.11668267336049
21.9625288147657
21.48667078022493
19.780089157756997
25.764431832539987
19.569110796629086
20.83571695824756
20.47912279717289
20.95339288018
18.866220853267787
20.710745373511298
20.34648492231154
22.238013678714122
19.881294074704055
22.847376383315
19.53681707061777
20.816336208703387
19.848513061431046
21.687951215309578
17.155610331365978
18.9310031437562
18.291134369176383
18.659814432948973
22.666179396720327
21.9221125351367
17.665151702191537
18.26494327253995
19.86299691409651
16.146991788148135
18.068895032902056
21.998866331277927
19.004807667927402
20.851880262139044
21.342780347413747
17.035798477912273
18.687853139209942
21.35840298249494
19.702276799212576
22.542250216606107
19.469684283341355
17.919374743319928
19.278822438419393
21.117133781094328
20.031124305092565
22.18063847702209
21.561612388841873
20.921827726970314
21.41021315922827
19.560156311682302
20.745191786498335
20.453588982834304
17.84264266460444
21.65959470482902
20.00409490968578
21.70264235152185
18.32595535344506
21.604462250195507
23.53801298718356
18.907035808626894
16.892770589889
19.598100838982226
18.025606914309215
16.723344237703802
19.394414858138376
14.19905571531005
15.543431396241827
19.90876484962939
16.521279432452673
18.994481120707153
18.479277548767683
16.641281444594686
21.824113336282995
18.68134728817147
16.31442992114955
17.908947171664064
17.217659756976666
17.688217640462113
16.311790857447544
14.54761834825855
17.922067929579992
17.764002423211338
17.26783320069224
16.184830012966746
16.53832275343182
15.522591790240051
20.937395458767188
17.956243027279054
16.978075762125233
14.503211868356551
18.383151983593592
16.770097703012464
16.882941827250995
22.356808083690943
19.37093908839091
16.72662834316089
13.582908746536791
16.434559806111558
18.350952144394313
18.684728336444646
18.079776257811496
20.688473700783526
19.299938737531466
18.25780333323611
17.049708416106597
12.507950995844627
15.731633647055483
16.6616706497773
13.409078100255792
10.927435375918556
15.36360358638523
12.708065294103418
11.853107319044474
12.280599825084408
12.743990361545936
11.896419568416967
12.887720642541245
13.209014882344931
13.64136377740437
11.51181625273106
14.64440209582614
14.525973589046506
10.474425827473357
12.956062258659323
12.16374557792372
9.953686283394319
10.506291298098832
14.569825665880014
10.963137330897075
10.841628438873224
12.001848461613282
11.108602141305685
12.63038389882991
11.247835533452708
15.290116541702728
13.371968974982147
15.706014431072143
14.080163368755125
9.915941238441112
10.621544551077095
11.832346354552524
9.172817483939108
5.746868271339606
10.164046695081854
11.010835400462907
10.097929389420152
9.748373218216239
9.743427672422166
8.224694961633682
8.605988572239644
4.943877061037016
7.99584790164497
7.560441470341418
1.8234976693939058
10.435633798082726
11.364901541803688
12.204687069515904
12.950809245456865
12.323962323774207
8.09113073544322
9.80180766032562
9.955525930268827
10.27855608088805
9.425450474673218
10.826483679647133
13.425267982860724
9.78395847224857
11.265130900746135
9.969688393333081
9.149613585627387
9.081451644024316
5.95091064448387
6.072388127898531
2.396120294265871
4.54091967254103
1.957061536047533
9.030129647480251
11.97456044986249
9.24458427051132
7.25319527053378
10.072048093551402
6.936573708482427
6.460595596660543
7.2125572514466265
8.7684625468855
7.989655267567129
9.326609293298036
9.230161948429533
9.720950258786953
9.006956960780608
7.922250533554626
8.309503887613058
7.214686284085608
10.912053240262757
6.107860780330233
10.26553080710535
7.075752850838409
7.165979168824205
6.128339077435633
7.986477940866487
7.527932327462746
8.888544058490321
5.14235937055395
1.807469928986992
6.884192965541775
2.0184576021919636
8.742191198662663
5.719978375963926
1.8337305657684806
9.567554239917275
7.163184499466403
12.307922422421004
10.894656907242815
10.11751457233162
9.940063760583472
9.90793741919798
10.741900569776098
9.773208345115926
12.653702950937422
11.730951020837686
10.84236754206162
11.537031467191682
11.568954519166002
14.465344532264666
14.623778766996562
12.792388190992076
14.302754694421502
11.882624833647155
10.393255973056856
9.135497456884815
11.093037062751147
10.194246257478854
10.642933873557801
10.30731696771474
12.266099507526658
9.283382953254227
9.56707425647163
11.740481444478844
11.647875486659572
11.230175407129115
11.232988748427868
12.616344691959508
12.139131643499008
13.017131590715692
9.06765583984297
7.8847225234916865
8.461000141354717
9.031863754452196
9.351751220437224
7.696873886036427
8.13101340376566
8.658270188420206
3.3007003398121038
2.0499985051997394
6.20732611003764
8.142121221438643
8.544883268602824
8.189039780839327
7.530379600992067
2.3242101542499976
8.272949105520814
7.290135776244219
12.49949724097427
13.77724343590217
13.156775659220731
12.966080612500104
10.749456116615452
8.639981188799258
8.590703468577662
9.154388563733525
9.970724288951171
15.182197910517132
11.678179767597532
9.038010834268873
5.807205342958422
10.959489081123435
11.166304135547655
10.095315740086136
8.883244800187237
11.692995876361213
7.663348431071905
9.601656082859305
9.83740388701374
7.590819552477798
8.44584899242584
7.422745981855829
8.304295655903468
6.432548860708613
8.759225933891138
5.826224892608943
2.9737251081073035
9.382852583875332
6.029022966243074
1.8950468875345567
10.156643117196625
10.102981657298676
8.631518687227658
9.473992941788332
5.1586462455184865
1.5489946682068303
6.412503399183397
9.375988380761592
5.638546380776513
8.155383020610081
6.513396919474627
9.148021224716745
7.580935594216851
10.976212019429829
8.898896084251133
7.036926912195557
6.993132504416427
6.371718059667944
2.481244749378792
9.780757460787179
6.538300436008103
2.1406864114686988
7.551640448865543
8.564879809707564
5.880363581593258
4.904660002006422
1.702326795710382
7.896313185815834
6.4388786344567
6.458143510458741
8.649390055722105
7.18855700281417
2.1536735381978622
6.293208974395968
5.108319637157511
1.3773063282611315
8.427128393110705
8.477946208696604
7.0792695909234
8.919809468237052
7.851606899372099
8.905678475874359
8.995763101463027
9.896686570227436
12.75796376581621
10.627772310544337
11.669360878822102
11.653524352655555
8.726674458916838
9.164051272162721
12.513814847391297
11.261409392023474
13.167778955971965
12.994475798061583
12.519418655396112
14.392597363784459
14.720559105625398
9.940221614062962
11.511977714180386
12.083307887523066
12.331880658055358
10.692218206172685
12.594152440145553
8.257477087140744
9.408754890101642
8.93399678002942
7.012532431765447
9.886205012369144
10.739646405279878
7.532594116507758
6.999887382421807
1.6095130286593378
9.508230800325395
6.878916482828471
9.36282670902129
9.660462610190022
11.053801142087805
10.52301683953883
11.151474977173816
9.452061834903267
9.739552528459669
9.566615735460378
9.376858101612111
10.711413726494635
8.299119347457532
9.910662199428506
10.041961907055116
10.314864460360429
9.14334082383083
10.888720472990638
11.733663318591777
9.4663763867007
12.13532259844964
14.808224609393438
9.557607517401285
12.905459212142613
13.275395568205948
11.9752339357389
11.1556109215686
15.410207057693988
12.567506289114828
9.132595643963297
11.672369073428094
9.549589438523435
9.844588504203134
13.640760458473453
9.497058325488297
11.116190038966664
8.99490043246138
12.664700266575043
12.152802324214143
13.887291698316579
14.547190415186348
13.071631764063097
12.543264345604616
13.7794498176977
12.349283692695247
15.65809223420119
18.200352544403607
16.22059048636356
12.679985419214583
14.923577698993421
13.23904574706912
15.964622974116534
16.024517988945146
13.844338691820347
16.561770476331617
15.557850707769546
13.280239114124281
13.142640269397756
15.34324388610515
14.705707543058624
14.140035539998166
16.935839742772504
15.851626253387444
15.076685401767502
17.526559539469606
15.954800333526762
14.26757500930087
18.775317959850792
18.132960004532073
19.181233354477804
15.826863897317333
18.533099756130397
19.367752011435186
18.211768014331657
17.337378336827058
20.37151371017043
15.833377853281714
14.924951897004068
16.65563661079728
18.00615453024119
19.008879706446297
13.651324440385501
12.338079139625696
16.7286898354548
17.02415388468315
14.902795094319305
12.424302074450544
18.18033292313257
13.6021900243312
16.754449617348435
17.319234276820943
13.009690051588352
15.350434721650442
18.707628002216794
17.733694993704283
19.50996213763817
16.722105672546025
16.418002212575594
16.320930054371157
15.049167769847532
18.312257070217505
15.744939023267815
16.29838110412326
13.854348225662351
16.77897515577553
15.707377680512153
20.192184933967773
17.6769505676534
17.98333199131704
17.38661176505931
20.114061892236702
15.966368110133635
15.235244651807713
22.298661731272517
17.657091223358734
21.398235227450428
16.307227357606585
19.981229425983923
18.968704490784038
18.62354188856203
17.78336352878034
17.584116683405803
16.462384191818987
21.316655953171242
16.396001894876594
19.13413533728777
19.84211263168603
18.845063973152783
19.592677271365883
18.831143564852123
14.121492703948629
15.657381279790286
17.062900677445043
17.179660168604496
15.059665097989411
18.824708731263456
17.321144804886377
19.951656844376
19.247782316244145
15.150802193692446
16.34713536755251
21.877155439116503
17.39910153722052
15.743834604323938
19.369699021531744
16.8643005129425
13.449541431209541
17.98014897221922
15.816765462054642
16.652718653650986
14.029635362966596
22.269067229208737
16.673742179061723
14.885804459055844
16.425285584747435
14.3852933676077
15.917851451767653
13.570617525614141
14.250024424431324
14.777958687803414
13.154329860226671
15.620703594583844
16.110035089297792
16.71515438030145
13.68718343085829
17.761634044824053
16.221179735833346
18.09059853821056
17.38200572084468
11.796218675169241
15.463430623224673
16.067000938865604
16.623146393671487
16.352052910878385
13.637437952875217
15.860438317958085
15.104241991309785
16.00171430552542
14.79777126396362
14.61643233239537
13.920117299955932
11.416345500642645
16.551393304491334
15.015013054916318
13.096507274930099
16.171786619841566
14.572966878850751
12.836565041127608
12.898443152635515
11.780419603480615
18.930409294020187
19.376627733645705
16.629563429920157
15.242354371461545
16.051619864798184
15.680565609221857
14.281240944424386
17.01032669469913
15.507572775967047
15.714405417375666
14.276778312661094
11.625355998441966
12.985455013514967
15.159946577224943
19.358584179593787
11.61324981643738
14.703986386353785
14.855299709507287
12.718230724392894
15.48841517688629
17.348319687234607
15.351680507401396
13.684334866695721
13.935174103156145
10.774672193078175
13.810860011656297
12.822708816017863
17.867606264429618
14.888134444831335
14.771876108796576
13.664688939187473
14.483156257540372
11.556313274245804
9.938170738721206
12.328013813671019
12.465024841400123
14.32788462134559
11.9125845099068
15.483160591646554
13.542359006715596
17.3329908714124
13.974758194772356
15.553426051150971
16.74474629808916
16.40707835429126
12.536420171756687
10.906986537608855
11.903928443313289
11.70562757044218
11.137097853704677
12.948395515816447
8.908249260310779
9.522061244785798
12.990233932515578
13.587041502704277
13.67924020486932
11.151417554605667
13.824979548558762
11.520534386967386
14.529065474116786
16.125827086341186
15.209518825360362
15.53803272040771
14.727520899821293
13.938854773531133
14.50028064698892
12.542363025729882
15.201775346930903
14.204096123814821
14.125553101997468
10.996000190499288
11.691075421947184
12.094857621956915
13.38758206450191
13.527429593721028
10.940493311511748
10.741329761145801
12.001859778027478
12.081731667874575
13.709338999240947
14.601268094102531
12.499086320078542
15.363064137029792
14.70130248653902
14.190914117328722
10.538471163911236
12.892414868557614
16.47669066267192
9.670124281163913
12.983696004856903
11.699465658382667
10.46844969974658
14.202480675724459
11.46389083119973
12.796533255776462
13.694395947642112
13.267281548965602
13.342071234799555
14.54978596681515
15.783395725142903
15.689962640546163
14.16596387500386
13.065915359926842
14.413562315507226
14.616764206773627
14.584406309530541
14.646727530241387
16.344373094506746
14.27693174472865
18.922514431917175
16.764210574561616
17.716973493082783
16.470565809120778
15.673543947357489
16.834967251857822
14.856498508482003
19.245864515819033
18.9854871671137
16.1686492517867
15.441326730520757
14.927467971112373
15.709343002318704
15.627700451039932
13.079265702006305
14.864568841213554
15.121302176749419
19.62315637095293
14.093480915815196
17.0641302800175
15.346201529459632
15.855325900468882
16.587769343354907
20.273423590794348
17.583886284423247
19.760370327123326
17.5830494660711
17.4512211442708
16.296334930218872
13.624621043857799
16.433721816949376
23.31278538466421
15.689726656767268
19.396483250350943
17.91801587686133
18.276106266474248
18.472928440826347
20.744919914715467
22.08414703122068
19.40196398652525
19.943501185787152
19.19770467880189
22.56262222163882
18.40285753247294
23.036014799630653
25.648954650944326
22.22693713092044
20.935192042601063
23.31446373450209
18.55790425225272
21.8839289941523
19.920058660203
19.952643442868904
18.88243618672424
22.417842276719153
21.116810158613475
17.40161959980874
17.278800632756678
18.54601752185892
20.11808348609582
20.04740309036993
18.10227788233203
16.93959264405869
17.74291937345896
20.68619874084956
17.808864676866197
18.80023822357365
21.354404434808384
22.413478435667553
20.22802054359857
19.726213243245905
19.186753404498937
20.741260783492606
21.48895720505068
21.539844571924608
20.68792283107054
22.116346829805828
15.832878176118943
20.090660637789213
20.54729647093393
19.324156232554184
18.801490796526153
23.15890761388107
20.35450456884984
19.808810740100196
22.994272534455536
23.471177727789307
23.25988764843406
23.05007156824239
20.97809419223069
20.99406205173408
20.954952319347832
21.849643482896187
16.737715229775436
22.244550989258165
24.16393736523165
21.125424491905967
21.342465023383703
23.264532738370548
20.371069177783856
19.657170985797304
21.58202190215493
22.8253137623161
25.05948699099097
22.566834518256474
21.48096255098093
21.453131526804917
22.095556111649557
20.927201841645292
20.843646808706982
21.67960697613605
22.009683642239345
22.62298942053404
19.264712042601317
20.640192827159403
20.072166675631596
22.370100682043937
20.848638079029755
22.948004464374048
22.043149841883423
21.510261691641333
24.042420238925146
21.752859309827798
21.927336695618425
22.50836536043226
20.590874158926262
18.53203222471423
22.04637298259286
21.958831447582703
22.879468237713784
20.013696522626933
23.210165721511213
23.03186403079623
21.44802790519732
24.285277481067713
22.14584235705072
20.747916058878264
25.56736303597576
19.31688501775526
20.795930708916664
20.519042218889698
21.620412648853936
20.203764459077906
22.29859866122463
20.90258668758536
21.543398086662062
21.564614841272718
19.68937470528657
22.089586332370498
22.337345968072313
22.843197204552954
22.76857023254458
23.485262915783665
20.964750732361903
20.28903245054217
23.94501575502691
21.752697947797994
22.619638352946502
20.831562553996044
22.206985569075837
23.57488884195181
21.052311430663508
23.293704334902255
25.77920546075637
25.354569481546456
24.794536036188692
26.444410669055056
20.976606940459245
23.534467411285345
20.157706656552065
19.76345965413558
23.6668609063969
23.0885797283934
23.195606507738553
24.647855759667
24.32747458029982
22.271592461778187
22.831552167958844
23.892237592173014
22.833611309991433
20.296482527285022
21.901316816713287
20.67894545091614
21.34896529551309
20.45076495462486
23.38202907282025
24.017170297523528
23.78074377997096
22.547738993325186
24.358976965190696
21.306964284195296
23.54270197435052
22.554018725665387
21.682932051721778
20.68113743809826
23.031125289976377
22.964148360105543
22.816504341387027
21.9053749893212
21.231274773263184
19.917451565441763
21.084353363855534
21.979233457091137
23.273499315078187
25.5113830206031
23.10948174793918
24.069359760670512
22.64820089041801
23.006330875537174
21.189234310921666
27.262893015434233
25.774450817171903
21.63698209466348
21.232850549879178
21.082041970960457
23.40179562610158
23.52469968649161
22.83750756996908
21.868102348880925
23.673156478869206
21.164050525107637
23.3116899503535
25.31669149226466
22.874383139173695
23.922456035050455
21.20218281537367
19.967811439683633
20.500103919442278
21.462625807347393
25.48992153674508
20.54127514621648
21.516239904808664
25.556727351504186
23.126613333764166
23.144394003510058
23.14491334299447
25.635603789747616
22.206360679385558
22.838876039573442
23.01273433309939
23.40064917795621
24.857005935261654
25.423853786162272
22.368714061967864
23.276698071171587
26.93433215516493
21.811034636116947
21.753124507363854
20.36669727137353
24.579897576119826
22.626342988970908
19.854148235775963
18.372952660583703
22.60525793375926
20.5199513396168
22.113958703958676
22.70572124809982
21.23163839424359
23.094154690215515
22.31253067122252
21.837598584636762
23.34757556804966
21.103446387481384
19.55082626889896
24.024409149680867
23.14036258634916
22.99329734170525
20.155550841204654
18.968297488405636
19.75659827894859
21.3344681997423
20.436156535519792
20.730469459980423
22.547220606572008
19.058125694837962
18.406150879372255
17.614705340969596
19.132764229252523
18.892269006758642
20.279419308110953
21.41354271355361
17.032420121920264
21.4930717737913
15.518259784853011
22.52671175932133
21.675931288823246
16.366970571482437
19.621746029412197
19.529067303597667
17.76678254561263
14.51523929851482
19.835870115786086
21.15947571374419
20.586772275381847
22.682675790522108
20.703530705665198
20.679217045039632
21.149450407652814
24.674132181614148
21.979128370201718
21.27650282555947
22.673018178550688
18.699576831312942
24.65604357314439
17.5424546832509
20.90365351365789
22.87194688643884
21.619110561809006
21.07285429298693
18.84199840653945
22.007771461961788
18.19322858249243
19.359859159800962
24.416301637947235
15.954832344688802
18.476260166944567
17.159905989026793
19.1250895341939
18.66129975931235
20.72512347821779
19.529789967739713
18.453691320115706
21.917533514767253
20.17739286199752
17.48694258492484
20.68362211931781
19.79999378575494
17.564464350648397
18.099643466771884
15.983389383071573
16.20775450277585
20.042205428644202
16.49791395118871
20.29677372775506
16.08884093057871
18.572028332349163
20.868904823730784
14.729265514016934
17.901489683620117
21.354274453452167
20.525783267927665
18.06929607806419
21.27713939457873
18.83005980302458
23.155593806360546
18.90476951249052
16.379526987066075
19.59082409134439
18.685116732779676
15.01901695437722
20.23423840078508
23.726277160726784
19.276402639082303
18.947148719977676
18.473698740178893
22.229031973842087
22.88818109504596
16.20572339673571
19.09293005206883
20.60581933601741
20.352658443090657
18.94845266248189
20.90950969805372
20.893336244979814
20.165389374655494
22.9783281493263
19.595556684312392
20.800574225260473
17.58648810696928
18.317125392525757
21.68066112004496
18.40914017767122
21.357843444411273
19.19325066926702
21.210641880882925
22.722845426848416
24.103527251863873
21.97785753216204
20.91816310363934
20.331994619726323
20.90920087372607
21.428397942756806
19.12203092914073
16.303677075634216
21.932570420499765
18.609863121053564
21.88368908253728
20.80593321769848
16.39745284813506
16.420910786837723
17.833913762635007
20.48056641700885
20.72980434314441
15.161452219559457
18.15224669473309
15.873520478891306
17.870607007092815
18.32375656506429
17.283389294960138
17.334472309684536
20.295716488208754
17.953948421185217
16.300625395086303
15.20920233977773
19.005278238532714
17.84210892960411
14.755462405681364
18.28698563602248
18.410988512677427
17.02249592833929
16.329966139168388
14.967498240787243
16.447573796220745
16.234164969863052
17.090874988834354
12.91352745974886
18.771573588234094
14.246302406380591
16.286982703092697
18.372730790438606
15.76162663385275
19.705875745594305
19.13432918265433
14.334995231173812
15.820747905753954
19.141257225829545
19.36768022093679
20.94668903947345
17.832271885338706
17.294892183188786
13.920774172140785
15.263749810173659
14.450261508560379
17.333859199351938
17.74702847340921
17.985929652192706
15.532079806594751
14.475094751224555
15.00104633149202
15.525703352612972
14.056218560048368
18.4002192292013
15.663450771015512
21.128107760658988
15.998421915282103
17.154359368923927
16.10722971150445
15.371151860393006
16.19685478735725
17.26010789820985
18.221081581670823
18.596586354405513
18.49339709714407
15.26705865810402
17.857528523768604
20.158298405374797
13.739588486345577
19.964649609104
17.627459235484853
23.265953697982425
17.250770348448064
20.161740688095943
20.939104963305276
19.370790825223345
22.82792106643743
20.72797201430818
19.571434418676212
19.11473304559374
17.523846340631653
19.255322821390315
17.646608330759413
20.250048462525452
20.84992523917635
20.481130233419016
17.520683333914015
19.959046670861444
20.930913434041937
21.28434648926084
18.8762487217952
20.267791147981676
21.833319971530745
19.947965303373124
15.332631679369348
20.512536938782603
20.43562149663252
18.973921598963386
22.243251383107026
18.652439736143265
19.85828113093075
23.519156704954327
19.46072140220523
23.737644671483235
21.119746357359258
21.033753905220316
24.209129448078397
26.58918637973254
20.514101867311116
21.140541080292007
25.019797979751
21.748876001274446
20.474472100766608
24.178972460975352
19.564823005469886
22.473822165280474
22.82950333563046
23.259140784049396
21.281376903557288
21.084398617896394
20.858349795075718
20.833920956736435
21.268675803524335
20.851951697685983
20.095425099758014
23.39428373190884
22.43181887754957
18.605043502040033
22.20781206977239
21.917818010714885
20.95482282217049
19.609371210150965
21.755564538815065
23.01786891922379
20.162538377224998
22.46545812942828
19.42620099672928
21.896378355800824
21.561092758932826
25.191736422145507
21.324369549073992
17.636781988600934
19.969729779892788
16.459135632860235
24.52389916938906
23.169740692224867
23.694761141742656
20.234470213819137
20.8181663523838
19.886959115909303
17.750920219513528
21.03275255621496
19.402348473517463
18.693434419957594
19.428680703317305
18.945114520914128
20.525527612266888
21.88785564773002
23.521049781027514
19.542570574028385
17.999390209808187
28.139723479046907
19.12302406092456
22.405917112820998
24.32437120440924
21.942871666358727
22.773383548056017
24.934883740604956
26.24004091463933
20.004759567316633
24.242157077721043
18.93587570139229
20.880766423465257
18.804957366046473
20.48385055740384
20.810388954170456
18.41471873219288
19.833068988742127
21.421817023038354
19.456431450989168
18.72606527871465
21.644370575394195
21.916160377083802
21.060377643982942
17.944758030607385
21.443163790905437
19.883937141721464
22.70705352073306
20.53839908193944
19.75006131615352
20.351212149247402
21.79232152078598
20.146681202113626
22.542742169534932
19.848946308960702
20.209405334203772
19.956973518134202
19.503329490608724
22.11695278042784
21.829113202593557
19.750631734142928
21.750191308806237
18.554436596626733
19.929372799690654
23.770867812744548
25.430716970833945
22.443138923825433
21.205156562965616
21.17925709429423
21.65740492804575
20.765473592124646
18.92333019995053
22.154104308622916
23.157542638220445
22.212174269459563
20.79540782957434
24.716060541939687
19.93958709851353
21.595155568421397
19.733393847144832
21.771089148835113
21.125047645277252
19.42764656973508
19.94444607850358
20.50562932638805
20.692719778888772
21.409807178799745
19.92545503183955
22.695929168500328
23.401419142581155
24.00942129075911
23.22567485919656
23.460520542213843
21.831119454285922
19.654490484088996
22.66083525793255
22.983595758474063
21.887947252644803
18.680299865192776
20.97290616720381
22.61224888204786
21.76833353371465
19.695757450133943
21.73273163656126
22.744394206969087
23.799368568181272
24.61885039070837
22.214062270146375
21.527920218540373
22.88517637801376
22.981793256932267
22.01633763534594
20.951300715958762
22.870953740941193
22.67650443647144
22.388997798533666
23.022761123527747
22.1577527385708
24.49017082551675
22.19194991812233
20.22752101332781
26.881715422878177
25.614445394279414
24.45839266756681
21.316539809416973
22.486050592423993
24.004242245130918
22.743641260057746
24.2512584942576
22.89237392410153
22.951073610538582
24.950112498525357
21.917435813461193
22.095655466564075
23.16659270473487
22.684329464810858
23.425359677881183
22.882300549178446
22.61923445472792
22.178203552330693
23.196115703795883
24.982628846952288
24.527792276385547
25.768447120394473
24.302983303939488
21.021191270117324
21.2528923329941
22.975326707135373
22.48670674967164
19.39428838370464
23.900057403691708
21.79175460527583
22.247380930805924
23.585083241343284
20.12780727495922
24.330921886880052
21.71459367847372
20.771865936180333
22.78383631708992
22.953465769109894
21.700188270088507
21.965385193697955
21.548221321384233
25.181419517889623
20.28750592852574
18.378492098219475
20.646441422838592
22.24128835715154
20.941427444130127
24.118892014083443
22.07806023056304
20.526731549153382
19.570009453891334
24.015307137375036
19.921686910841792
21.46076792324913
23.766709325911414
24.617923093342092
20.536771113436338
24.194488297421056
18.174732810478066
20.251071003954255
22.259708846928426
22.375252654029488
21.7050313474678
25.36332423639024
20.26788912818894
23.16259153797314
23.760705436256213
21.616184446918442
20.10653077836971
19.3326110452945
22.10060408495683
21.489434458122716
23.724688671264566
21.744263417459436
20.686116091913547
21.636865292237978
21.693448689796064
24.693894656546227
23.1381709744912
21.688205175886136
26.08662901402876
22.492244329702558
25.336506484661733
24.01092558225918
22.95945268608527
25.429982262644458
24.571433835348703
23.631986857828338
22.993436987475654
22.722760918999413
25.95957228817158
23.090738450745658
23.82151809785495
23.95142279999444
22.960134767691596
24.082598645094087
25.163969694798407
23.804471374925747
21.66878563728735
25.362357917367017
23.346159240987564
26.269146513957985
24.891115041360486
23.587377764583305
27.205628052845654
24.422950759279168
20.535523717474305
23.196805634415696
25.447731340022713
22.452160553156865
24.14082583903679
22.547031150881914
25.159668188091935
23.879801878449104
25.29739222712593
24.8139352556461
23.18172750873967
25.82589636585929
25.674963062437758
20.250643375733915
24.345009948697268
25.84156047233422
26.275706177127443
24.260738223136766
22.380104732946197
25.629596731369887
22.459476933430615
24.739368599557267
23.232790035514345
23.00188995612445
22.16408340759615
22.700921776445828
22.400190191478153
22.876949551514137
24.28405285649477
24.991019580327247
20.40050603298481
20.578585939378765
25.25156162176275
22.405689303587973
24.10934729106462
22.902178808174412
22.590379494323592
22.970059475836234
26.00106893346306
22.761560965188735
23.87443775800574
22.32352081567143
28.619816428298254
24.6250523766668
26.53039583519151
22.422589277997254
19.981415503875347
25.003549991379337
23.440663876643224
24.76332031150954
22.402392928636814
23.650707445793604
22.652605100088245
24.070801552590297
26.72387835143005
22.325791329358267
23.078149333918113
25.179203789887076
20.88120480365762
23.59001636996721
20.906683568034047
26.78602799040906
22.95033467035495
20.044124481654467
19.376474430822796
20.185317622020236
20.197370219052438
23.175797775707785
20.076128807867658
19.196781532754795
24.370498089573907
21.513937691175705
24.3795273032823
25.53483197425518
25.50131238589608
20.943469623502583
22.947165044350495
22.604089982524197
22.01176778468153
21.927133107903526
21.77144062974115
25.039557025614084
25.05962955227402
19.321873053094606
25.425378847354036
25.59524834915244
24.144650022550763
22.65854059658334
25.41118887300044
24.99889447377101
22.81458613208443
24.7081267422692
21.7077020573891
24.0762566402597
21.527430448429342
25.044255083172192
21.542673616802908
19.594366626043936
21.785091439253947
23.157026634864906
24.055282010291506
22.141592800261577
20.96618323205837
22.917056703065814
21.933711848566382
20.058290764809854
18.484949690219327
20.941315478627732
22.033285589647083
19.41267802430406
18.334751859190334
22.60035942222895
21.37461587642068
23.050376199775275
20.734401476733986
21.442758774499207
25.124140885177276
24.601195973450178
22.07878986193019
24.45018488658367
23.580708270999263
21.30455318203877
24.39915878597274
20.816114195804442
20.87548492875534
21.18137132578731
21.003065532328495
24.99255977153752
25.824192374088152
26.314334834153367
25.658032505309293
24.933585786160872
20.374599781302475
21.526965857723624
25.710444838458432
20.88216098324348
25.950630401643494
21.187772438787125
19.98399725681988
23.796808504332706
23.911726847047824
23.59631746756882
25.562935131803485
18.92778725931146
19.535340560102675
25.27579732502941
25.86372160541145
20.404071547123365
26.035402093748807
21.77283437566055
25.908521532728347
22.615365406688873
16.657104366337435
28.180532643699774
25.95309522252425
22.162330218366712
20.761425100811465
29.521361087493872
24.073343550774307
24.860307055103334
24.06727012498892
24.750535455189254
28.281346549457012
28.96458637856687
22.027101098324195
23.794449628198794
26.438716464618878
25.763352729288595
24.817726030119058
23.182843305471383
24.203831825587237
25.225313897877417
22.46612279100315
26.416070219917106
24.748977919479433
22.540401445697317
23.94834354820394
22.659413297721052
23.55005249320344
20.88367075501075
20.196151442189812
22.97385544567564
21.448069588006934
25.08709696435909
25.986401548554916
20.33852875047403
25.416497600837804
27.06899382791537
22.618878114214624
22.537769251781146
21.65614568663624
22.54782521708068
23.669492031409163
24.960997864844252
21.168908856057612
21.953132823370588
25.359459444346506
21.849149055727988
23.80313861326308
26.223621990961533
27.14831985050661
24.939831655458296
19.620954086408506
24.380595432260268
25.282737103052096
20.919343230522895
27.834220169980544
23.473129665209612
22.910121117492142
26.34626716210856
22.80665508089852
21.70002925743874
26.077942110800013
23.815665542562574
22.22968921807284
22.9331628768503
23.751015624685817
26.30239489162635
25.246976213073626
24.553994439626205
18.82770241630048
23.39065907352776
22.79930022414711
23.634551672012872
24.34668867739332
22.96284558074931
23.701192350042493
24.026590797289167
19.381273628058107
20.333054776708785
21.270425346011248
28.841662002887535
26.82651922604994
23.112332897506647
20.51958610080833
21.454892343359006
30.30841660766977
22.90200004952608
24.62939025913397
19.560408053817067
23.28949592976575
24.078720602436825
23.898097435800402
19.478347455065947
24.60053986301042
21.837882285487503
20.60055462706471
24.777172356712214
25.560449029178184
22.92530699915615
22.310933250400357
23.178854225821688
26.681844226537162
24.972148689564
20.324018049362905
19.648194799075753
18.565922050134603
21.5540003552064
28.31787519024367
22.413395315010273
19.572790380074007
17.747456671861297
20.561743945360508
20.27211184740481
17.529793501876348
15.029857744270133
17.542519764602968
21.83199776781821
17.97106849522433
20.322101822295657
18.249754055900393
19.79352952169044
16.90023666570566
23.134984196417044
20.07792579390664
19.36438673572369
18.888763447643647
20.725151454951682
16.114616472454237
19.265959554968095
17.748862716507396
13.414170530719927
17.305838343345386
20.624483585881446
16.80498137931073
18.947551802495255
19.768369976762063
16.943860476926783
17.6633630736192
16.71566863934239
19.19444386882744
21.639768913818916
21.74398211784598
23.902866438978783
19.344283452564458
15.445421084712036
20.663477913881582
25.340222950187915
20.191178939074916
19.915608710287405
19.502202732194753
14.948552273886676
16.126645601315804
19.926963082448978
22.180926680440386
19.46895855760927
15.171372200486624
15.29052550326329
16.23522035830815
19.41003682446629
21.65870221035079
19.977248443664852
22.45397813624492
20.292583638797193
20.684252892472035
19.028882482211472
14.83212444011213
22.185886889116688
17.365460382445498
23.484139395574072
18.988544517329196
23.07835518307225
16.673996496920378
20.57104229424172
16.402180022164604
18.27085121581782
20.83978065839233
18.694181300315652
16.21972768318741
20.133308351058467
23.441559807830743
21.017014165547184
21.595532916046956
22.591406874234774
20.45090325071326
20.544990377478165
23.53659244591987
19.70867479646853
17.87475794618673
24.93718041972193
20.600335831296228
17.87646077744072
25.31620588468186
19.120553846629196
17.70032200091867
22.701133934063332
20.672190648711425
23.46933184372098
22.22411746532878
18.822526694971902
16.76098165576982
20.16552764220401
20.332840486879817
15.783454928438315
23.498608781306306
17.109166726786945
21.352150562300654
17.05938062685415
22.871129283238986
18.45532267361915
18.33530329710132
21.16041591273527
20.081339955391748
19.193953742850322
23.53502132680713
14.7958398945054
22.115741280828594
15.437071742872037
21.84169753990779
20.936925008721513
22.15367794984973
24.640527943219123
20.19332882029116
23.897425698100154
23.687392744512877
17.112082833233867
21.448524444065388
19.814442097628422
18.21822962968368
20.21672435887655
17.001030766860175
17.371293052234435
18.49990310215266
22.99518110852836
20.964326616115954
21.664958560002542
16.866950176408576
16.24148222279303
18.3606323880205
21.894414599058543
18.601335717342376
25.171582229613225
25.67003609287036
16.613154250293494
24.994366274922115
20.928847735184842
21.400131871070936
22.835370131171565
23.613828744310045
15.871316414129533
15.884686437194183
19.990827137705363
18.784223458341057
15.396952343102503
20.557871249885434
15.24448122641552
18.681944325474674
18.47230088006952
22.21752778294381
21.013667450684984
15.257616032609052
20.023357685552735
19.244469398801122
23.85907449449154
20.78388335889284
20.837790644696465
16.245888453110066
19.029791611659796
23.789885493578627
22.391717142548462
18.846035711782346
19.720040800555328
19.207407783461658
18.05514924387381
21.633035581183446
22.682810225055242
18.385960920714698
19.968638445418534
17.103857587926342
20.788311495347088
21.301882963483322
20.81246340804624
19.228100738472715
23.73443235017354
22.89421954166168
17.503594715404446
20.934567929130246
21.310617365736142
15.73459594655327
19.81865597838086
17.097649672957818
18.112011871259167
14.180614853432116
15.299589075313257
14.980709815783841
18.646444226045446
19.020402527863325
19.539168020393134
17.97061608173389
19.458216420219635
20.532215016397217
18.97204606317063
19.338417475546144
12.723383805350165
16.487620023142725
15.874439944167566
18.875860571486722
16.384736843969545
19.03378604765436
18.607495068017258
20.93686930875725
12.529147509803806
22.007027111275246
19.46919335484189
20.237967073939686
19.46272073390279
17.004314464605148
18.445690101902986
18.243423011926957
21.613120802474327
21.607702021578344
22.163544160961095
21.825169696049254
21.589972900044824
20.84130454019482
19.78783227519838
20.875936510172977
12.96458183508544
16.191204262766323
16.999826653633775
17.442521465128525
18.18602430307152
16.550756470048736
16.25941145016306
17.807125089081662
20.98534386185056
17.487450539371963
17.967955443007565
14.475032172864674
25.11127309509098
21.30806935907706
19.471304308216975
18.081712865823906
18.291414475994266
17.04006229596729
18.647885175246092
16.58337667977091
18.117928184710028
17.754973893492174
20.420176877241552
18.241677288440883
22.662084294496132
22.530049706404228
19.117579973125892
16.79784791741917
24.424714287533135
16.593832757324467
21.40195589952939
19.555308596074198
19.685441756370395
17.630567368655036
19.940408967928096
20.62843457310875
17.473445754272138
17.823674952192444
21.595308726588303
20.68039584450519
21.9661560495134
22.32680133864489
19.67386864313103
17.982990176760378
18.22054275132952
23.085561973669485
25.363410831465448
17.42444859539178
22.899981715212895
18.884368068187886
22.826572989313696
22.570109133239008
15.599415766462858
15.82381621900693
18.280630022657732
20.299990584729404
20.712453087631488
15.932793858500506
23.517726272656216
18.95628595468063
19.72511408547299
21.200863999582005
20.4417548140754
20.11930888833539
21.897375325367317
23.940957645759024
23.568598654234737
25.403994061067355
20.339473004974657
20.482001209037342
24.263419325238633
23.793179550908704
15.46696101154433
22.27204316736061
19.558185551506362
18.073364801681407
20.18880272614934
21.83318282181139
19.594135416144674
19.656978739764096
18.396484621135027
18.351754616361827
18.528870296724737
21.95473394664257
20.83977329468213
18.79425270060801
22.239984227947367
22.44692556802159
17.428433109378176
15.453495975027426
21.402037533821805
18.21636629701046
17.161791779474687
18.463515572609218
18.872788191771896
18.39025792033267
15.21331330344019
21.730394178986117
17.52740985383262
18.8940672426465
19.901517260268115
21.714428109996412
23.310336286575122
24.749044485959104
20.5209576673111
20.210868117224237
19.038898875300177
22.221503521332178
22.117624933285462
21.05218702130406
19.068083351164642
17.57973618907114
16.450209538008167
19.0125725503279
22.308014639401268
20.922952682565402
17.739540465621964
16.217499803786044
19.145952857756523
26.07116832205851
17.462196294518655
23.76336709049458
19.70386016784011
21.80761873321827
20.33741275095409
21.388022043889787
18.882559185449814
25.039203397131974
16.162615138300104
24.39147460318623
19.189278621428908
20.948074041382686
17.44138516081515
20.728999142829778
19.275221737573208
20.51283478675913
18.024415197714873
20.279829930371996
19.71544008637401
23.037444808822144
24.26249952791259
19.799320896664767
20.728703411718868
20.81714969605575
22.144223912161042
21.020780042019847
17.534858407289306
20.57629451550302
20.59266398696029
21.807561924362403
19.421236073562188
20.96717401318234
22.441309287843684
21.667188246632303
13.664366780234458
21.26763616408038
20.288392557249498
21.05766825131465
17.69351991954055
22.344032836110795
22.205290574007716
20.18323012932384
25.45186902358569
22.19039511978194
24.23136107220928
28.594182895285947
17.442926101200094
19.710907751991982
19.643956739860222
23.334054364606246
25.59274240645344
25.34388124641393
21.973872137383644
24.65870243761276
21.910659237590437
17.276410599302015
18.33118767010209
25.769939795122024
21.653645491428595
21.95999488564769
23.2510539186147
18.376329712880345
22.734570776980238
19.54508445667114
19.89639977929898
18.202295482082604
20.687126953994973
15.12380955776494
18.162866316580168
19.122572398078656
17.418434790460402
21.877613943943377
18.983237183353122
20.29252878342412
16.05912884259729
18.305065117748363
18.240894757490988
15.730819981686663
12.412480841010225
16.296286945808333
16.464342022897185
13.536661839269378
15.417563362125874
12.722893076212893
10.164177458336383
17.28314456438377
19.012426472662675
14.889748336203764
11.5531060896502
19.469818414924884
16.723169961239265
15.650183919588857
18.276419307760534
20.42587555841926
17.663578210924385
16.57013013631614
15.197688863947734
14.70450196724191
15.842381372506713
18.13269181113429
19.795494796983018
15.620815568951954
14.75853164991054
13.675166460216365
18.69757833453339
22.38022032418147
17.53761925162258
19.85283622495351
17.742084348377738
17.491796210534478
16.561532429747626
12.593569567681463
17.118228604403537
16.660035495928955
18.77670782850567
16.26721387507677
14.598964610663725
15.765819981689118
12.59684313210253
15.088733305908413
16.075408149208
15.229213303268672
20.078611395372157
17.909878404014325
20.274555898632116
10.670490219536868
16.740223293413578
16.28866994098077
17.943596555783316
16.549323437423595
18.472617115155128
20.002364272971707
17.005891377766755
18.09868119777226
19.0699774656819
19.29054021297614
20.879561922225683
15.113522562890013
17.24838260833844
21.2547315343907
17.86793902990483
18.336443384597263
17.108203802495048
14.281624738064185
19.495160496532463
15.793050150897516
17.597812639048314
17.528722784331507
20.862614450534434
13.30407515792165
21.93931654789648
18.07531247045615
14.963075615557216
19.42714925313217
18.473256146382617
24.859128896138834
14.695045866365707
19.628536994143513
16.69912849241101
17.659866213127184
18.78810773480318
17.587277718468737
13.813820180504162
16.321491939651825
22.36093446867413
18.93379214762512
16.7148007691226
20.337775062247026
18.555312417212182
16.320723399336227
12.704002918949262
15.028877413536831
15.773729079576308
14.578828918069803
17.939409612831177
21.11495744590906
22.36593038549047
16.853563779397597
17.4570917240457
19.198865819732124
15.372677351332392
19.898849774934142
17.629866657415594
26.838794680771702
19.532082630033333
19.723812263658438
26.814194215910653
19.257442262975214
20.261261565964286
17.760053015204328
16.197215342761297
21.659028689210157
24.671927672240468
17.289096120241542
22.85230792976201
22.675226470701894
14.430997316088016
20.948142887898946
17.560757620831048
16.704375087759765
17.09365933817607
13.194503616574037
23.75559214545738
18.545690825101754
18.132162827242155
18.664849186466917
15.506844644838951
15.047163836179266
18.35339467652636
17.85280327922418
17.687044344244697
22.47768400714863
15.747237585217235
17.112226820612527
14.919707520063831
19.305881750170485
16.16135003354377
13.942708440027268
18.638669912139697
17.184607654694794
16.178819014257215
17.87041695108168
12.43723503433004
15.001125535553372
17.209237180951575
16.481725943495487
15.632533650543406
13.13186126951738
16.45405054107463
17.89480659456179
14.556198123991056
12.678197678623551
12.753846795346476
12.506222924651054
10.831990394967905
11.70902261648034
13.712852287608035
15.061832282025762
15.809547181127847
12.615772898277273
11.793957499741687
19.437050824507352
15.266616292469955
12.22024880906256
11.770960154692728
13.051947730919565
10.150080226211083
9.129791626575566
8.697562226361391
7.737808911165902
9.782821995822665
9.736253608157211
9.83953818163773
8.36660541190969
7.85255810279716
8.716879504183106
8.276037180131977
6.543015778702418
7.644813042987774
7.998481744366569
6.531257179821512
10.398016876840352
8.993725656774377
11.262135901845266
4.22758061725178
9.528700708331415
8.077965310020367
9.301421352500418
9.188076150580388
7.989092664887206
12.275349204170983
6.235915855485663
6.067501772563553
4.875362285703017
2.0122864251426287
4.157008601336798
1.6105889311084614
7.149620098708633
10.210899648262519
0.49617713039071304
9.465510335409162
5.484634465235639
6.824212710624838
6.325324749655531
6.841527027697547
7.299753742449353
8.811017219671907
6.614810112999524
9.526177438561492
8.48466146319294
8.433150682009916
7.45651432599688
6.475239366517964
7.9867882167454365
4.608294727822909
8.830033884160459
9.805687485126903
8.304330959533477
7.504372455252224
11.910204557062404
8.624767946755584
7.580836431304263
9.246512900132114
6.052371589696232
6.441490426246752
9.417890375457223
8.716021270424976
8.318743733122067
5.009738066978905
6.284339939614555
6.353065204144437
6.574948866646886
7.704336268231699
7.128770300818496
6.068113964712609
8.983641262089305
9.488479944557028
8.419701308534504
6.999581179922176
7.418643012207023
8.712994520450072
10.869843243562329
7.523462076236458
7.348681384223047
7.049873670657986
1.237757583559185
6.942802650513964
7.134767477317929
5.051331510787796
6.313308791430806
7.127589642206074
9.98547123335216
7.127566921969127
7.335656264427917
12.426325050225197
8.897822231611691
11.028166066677818
9.789032189998382
6.683859731282172
7.658300708036859
9.818691482264189
5.8498733904883675
8.374089379736867
7.375739518677105
6.1858652756009995
6.908782460756771
7.532180704865041
9.138690200871729
6.6196118829685195
10.695724636953315
8.824908856471717
8.302646472154601
9.609358435350478
12.251592245035178
6.494340859392017
7.847266782417124
6.395255779431167
10.128592556348254
7.739205373249965
9.399935846263773
7.154261375782651
2.210302539746692
7.20551794944749
8.43805809942499
7.764768424213117
6.9507845462272675
7.025770494709088
10.545272652789693
9.12667414162399
8.640268837097064
8.09001684787973
5.847775262635457
9.824754508459419
7.946674875644505
9.766318910246387
5.170389876665001
7.090726178834741
8.010687178319367
6.222502046684344
3.968149999467728
2.353145225769648
6.4084261947322885
1.774221519313484
7.111186960812944
8.127660130060645
2.004337350649223
5.744900584504478
3.2222642945807447
1.4125017872789236
10.181813982686966
8.56618785846467
6.455319837093287
11.168200223328778
5.891819203273242
8.234951870521282
7.87954557881035
8.803126111765453
8.537083123439107
7.585696616139438
4.099899903391976
3.675968577294619
2.0190975370034403
10.183551400699168
7.11380450975638
5.995323878449032
7.082285336445388
8.337249803661257
12.270340589862993
7.901998018970141
11.96821739388075
13.241629222146035
8.94037394026232
13.260549104716615
13.918316290870262
9.767322312391045
9.005376671561308
10.491347158318634
10.580717911055803
8.948586994292924
13.761356868147367
12.842397900413584
12.702673428479905
9.569059850905191
10.778858633749026
6.532070862448332
9.381987735199633
10.87888097124666
9.875776539029328
9.947441636507326
11.38014466742649
14.126078164354613
12.766741433936641
12.358451660410699
9.519710849366056
11.427085574126508
10.357297865226352
7.473464708089679
12.443396991911502
9.490543418656397
12.595532063413291
8.69457044278122
6.302539536071418
12.020700899565693
7.103463588366518
5.569480823093186
10.67887243335455
7.680170717433299
8.423616754121731
5.757297911903957
6.423152488408244
8.308623395633019
7.356392966981684
10.785812889736095
7.2997335710904565
8.178432947481463
7.104217273917106
7.745731932002913
6.432290223791618
2.6495234869414364
5.442860475966305
6.264938695364525
8.02889818755852
2.4377860417830925
7.205593805683018
8.15445921883992
9.107019264881579
7.9993659830807164
12.232121900444827
9.650131635003888
9.748157004830825
8.020249641331889
6.788719346921787
6.476309208694137
6.723436229708182
10.434720834164686
6.808336149501365
5.245038685232166
5.633241509131322
7.763013491688856
9.143543696518034
4.828401910427835
1.0948342039640866
8.453643116148932
5.631019333864711
6.343550095250755
8.146190682445981
6.212349017075223
7.329077129867285
5.9252257917570335
8.027363256368536
5.524848925623376
1.151373075916943
9.010793875851206
5.854463568031269
6.36099349236976
7.192318477854174
4.6584128583467255
9.715715273248954
9.309994844769367
9.33317995472169
8.39609561827483
10.571508739778492
12.748029823346775
10.051841135010505
9.91559237874388
10.745034619370827
11.831496413038096
8.568230127947778
11.878695636842357
6.921132519435365
8.536041353558883
7.016999252608189
9.029835391109817
8.64726091054809
6.594213593750472
5.983420019115201
7.192899447722974
2.7218562052379656
9.407373918321575
6.652496239605898
8.108850540532067
8.190619241092307
6.811459729502738
6.66684335207165
7.831185446578493
6.7863016883352945
6.207452943531465
9.206934989548573
9.133054241893618
7.545336167450671
6.716729058562157
9.946228497806413
7.464446398609285
8.294230989668328
9.152792464655139
7.2060633592700105
7.937672603159403
6.40087633073895
4.8983555814252995
6.4687055371952695
9.245561459619944
6.691459248731439
8.008217857675561
9.406258468257109
6.158500884216565
1.9353832598507026
8.303640101206907
6.643605375737867
8.323079805516999
8.25870319543921
10.049799819003209
11.566794241003244
9.927897196038305
10.158890793064096
7.234736899492984
10.168198853310697
7.61228770822252
7.392453186967048
10.220212641375317
8.017202289268152
10.373344000531311
12.475495873570035
13.21274972491653
12.401034136479142
10.354604147713193
10.08123933995884
10.7084700806316
10.769190725997142
13.939982838594748
11.001372503912458
9.668313786814378
13.194131631057768
13.439726235981821
17.672692281952884
14.6598378541742
11.866186266493672
14.760894607385538
11.361558881739107
12.998562813244659
16.939126044813232
18.37798266680764
12.227215002463836
13.594306705680207
14.558260152995022
13.148230256069441
11.533203493625916
14.262643770855453
12.796661052181584
8.673998420553731
10.860696806711312
11.885290505843408
16.012615275274666
12.048436007443847
13.669406388253869
16.45897254224174
12.982793583429238
9.542501558345947
9.548929793122559
10.804044660470108
12.571481917938527
9.29086252649945
12.094744034309263
16.55975031094073
15.697453583337316
13.565819869390916
11.62306225014123
16.06851083949601
10.546987341920438
16.924284145208716
12.383408259583826
9.371635413455085
13.660009320985353
11.7491051327086
10.152659253171331
13.080229622794088
8.294770960895233
13.768282531849325
11.569497242742921
11.92771784794155
9.47944759108076
10.840358385264295
10.643084314882255
9.741276536794384
13.641383083892618
10.899456966806666
7.314433328810845
11.088099192913582
12.119254925870194
8.339057462778051
6.741832552155634
9.270105639498105
8.32427745673226
9.533777190357435
10.813807002030675
12.421651236051114
9.380473818941834
9.890746738383685
13.467495189473661
14.359271669026354
10.00943661698847
10.268479770887511
9.453121225503024
12.339276303404379
8.51731938147667
12.786546509715098
13.754103086874458
9.954313536951297
15.763326248040654
13.860953760083882
7.394081706353021
6.82333050621542
6.269514999963151
1.5660393434883555
8.373757840936937
8.508694125554385
9.837962035533135
6.695470559949552
9.542644239320497
5.280228879190789
4.250708182767404
1.83452685653552
6.9405724218933855
7.200836198673868
5.030463111206003
10.748427622247995
7.347918190060875
6.279794227195186
7.100234807874704
7.771319817807056
9.926425802806486
6.693187806736912
7.326369171160918
7.106110723791833
9.526087827722407
5.45025635602166
7.2282201525122955
1.5391315851195742
8.724420625402837
7.03012622638915
6.891248692973578
6.259836421042897
7.8199983578123495
7.321737330132153
6.233598285510096
5.6348532146718595
2.511653385282281
8.688470110724682
13.530598069740858
8.063342852353498
10.101532933392726
10.709234298145498
14.181994574569918
10.14059054187467
9.744265843463307
14.179026977418753
15.510681497234614
10.114235260978283
8.564801459740984
11.367381487970857
10.792921406507855
12.72457194254849
13.6976977239369
10.993232027776772
12.945845073672336
16.15318109294387
18.095674464481338
14.50009639903884
15.320583337278151
15.259481575080791
15.88179734536149
17.1896023422294
14.13401551455948
11.351101411476494
14.78031271771888
12.916180890900636
12.618722120830416
12.949282227376099
12.575066916273238
12.652827884192785
12.116213043136305
16.291097943157908
16.104489234320187
14.193042367251167
18.869753020757987
17.60356905613184
13.041472121950838
20.699397853888993
15.416206184806788
16.74191797614419
15.423537469018179
17.16887797799832
15.866923446336106
16.288778662916485
16.21151417127831
17.56513009087879
18.89118207269912
22.490293452698673
15.988991815268369
15.70971290588059
15.504015859456626
13.730133502368819
11.293775899018355
15.396675326119578
16.8247219572011
15.210599450098952
12.189648787584474
15.319264875813381
18.576191310234204
13.108913179678435
11.522286773533848
15.021316566665167
12.604753450982715
12.44192991187337
16.935631801810736
15.661791871521636
18.07397335123325
12.107460794634802
16.788243929365336
16.33480998760575
19.122001107980875
14.241861362631983
15.28171690079573
14.620012633934008
12.197682958850958
16.515115830316915
12.855152931709327
24.25741064245507
17.391599914947882
15.591309589649521
19.133535036437227
14.029834216674582
13.649724806624805
12.600761285601754
13.919281027989683
22.172259416522472
19.820460505809628
14.850307583427703
16.157753195506817
14.0981886529326
13.813656685568624
18.665444925482927
14.441231341063261
19.81629373902368
8.925221620642937
12.313098761521694
22.066564212063845
17.8617337376455
18.19093883143692
12.532460060609777
17.854169549628903
15.336126960276967
17.68815021782047
12.665753191246685
17.69657235399845
13.947864834824216
16.180819342979994
14.442854480599319
13.818364289698357
15.095597051466452
21.769096639308522
9.542478606586915
14.500550831234806
15.777384064747213
21.24600824676121
16.291383306871275
19.231972304656093
23.268026564462797
15.588757926802957
15.077450527987663
9.159976628234604
11.164179440060263
18.96772377215023
10.593967715513765
16.40282910617374
19.84410011036437
23.098466426734795
16.894616131961637
18.771638786532723
21.48346699975119
18.789568886782572
13.781664843359032
20.368959692933636
14.471992478757171
17.79284968430681
15.258257929707504
20.179328079046122
18.57676525973456
18.26060919379212
15.651476202162105
18.331681238460522
11.140269457203786
12.694544030769535
11.305871972707568
12.543692215813572
9.873130252164483
20.53217085495811
15.79055181482244
15.596251196038313
12.666126850727732
11.449609391144634
10.897115427428009
13.84870290166129
10.493095908331965
15.425108554752875
12.898796322857056
9.800217753624944
9.882367872875797
13.745770058423338
15.777702156398739
13.499041454184253
7.037102404680737
14.551502458095896
10.684339853946634
17.63167988004157
12.827854924758975
10.2972280510024
18.184470687356082
13.133240547930495
9.675477689619989
11.376188636061894
14.16918398450181
10.153689512238357
11.834171078464788
12.679439431876977
8.881913775955502
7.758952778022938
11.948541803745488
11.876606822082952
10.230304147451287
23.985531058520714
12.133704601427244
10.04424220497098
9.689054800065122
10.585331469077447
16.086412294450387
10.550560954287064
9.632446402110702
7.42813423342197
10.168087021827997
13.811633914566173
13.61466324716098
8.957320694988137
10.290878414706844
10.478675284412313
14.694772448566924
11.261650243816526
17.789953801446476
9.730877179992353
8.273407738392889
10.947205999499165
18.22245315344684
14.759509999482125
7.733730443032428
13.890169489571964
15.740933978971878
8.808045988755525
11.112891485709012
10.415100351780348
8.398725314231042
12.042237282419027
7.417932262016597
19.821280179568348
17.38155709715574
10.969896217986204
13.576659378425694
13.566693409226021
9.742314597673387
10.780167403821256
12.755704851348135
13.341361592408623
10.832396016080303
9.728409887596735
10.991924007068162
10.988438017789974
13.930670650430589
9.01816376803646
8.325755050056031
12.807513231580373
10.105747490376958
7.83250782708544
10.960067581955537
8.901703494254809
10.72664077362264
16.211861214000255
12.097407821803506
13.48976977703653
11.064354728051793
9.970852751721473
10.283059366928802
12.659597515754163
10.168177464087794
6.196632194119592
10.553453750427405
13.116054067039979
11.771656269146368
11.28842304000577
17.31501366760959
6.905464916698268
11.137965329370656
15.057684385568969
7.265124559092565
15.892099082748018
12.740599365988402
10.305569257884974
7.203728881728182
7.5965783066579755
6.870765648665037
6.801644235666273
11.434882224921756
6.860367540268645
10.146510563986435
12.816454788534454
4.491405905888018
9.557209792336709
8.930823466646354
6.253679699949886
6.530790408282506
7.817555100039301
4.904817318187969
4.003241551739575
1.9956258742819033
7.5492125126593566
7.77158953275396
6.980151457259451
6.455222981531563
15.46980810523731
8.476621780875524
6.4330299758972425
9.569706537819469
6.208931213262375
4.540909887122347
9.841317007377185
8.641215965718779
6.047922870571147
7.014386628820367
8.944094294231695
3.300479843939107
8.3397256179785
7.19666593894038
7.486978211588028
7.188503293388037
10.859433269642034
9.966386749324338
9.010343109726195
5.275736862713297
7.520405376301764
7.246385934313318
4.034769798867705
6.659795290628315
1.602948253084012
6.700584043565947
5.772558029475726
1.924999749814605
5.04272582924034
4.937367907974591
1.9117442170053434
5.587275420911831
9.016517319642594
6.661796673282819
4.143343937401983
7.649594856453364
6.710766170443043
5.981342803608417
9.952184962598913
9.862655482862637
7.394876016898537
4.846632204461356
6.385312683505324
5.137709230999838
5.850793124027809
8.635855552561878
7.682494316253733
9.274852252630383
6.110944676269182
5.677196541497191
5.860444334367718
7.737622039067309
8.368921242308176
6.985332517625337
7.629484827729954
8.58367329251105
5.726721370500129
10.392017272920873
13.075877599856192
10.228077996004762
11.216559239621013
10.080847147107935
7.245432660476302
15.894827828062112
8.663509909748331
6.801891628228434
10.18489484000083
11.404835968520645
10.414162797187373
8.53551959296527
9.270116360157493
9.779027925042728
9.087666327986483
10.158102706977061
8.191345898213617
9.78709003462172
13.839950127468837
11.92041264615123
11.861516116764475
15.421283414341064
13.248545315927956
11.034295267393453
13.576464398283264
10.374191389494406
9.977345639166318
10.4085196709859
11.114021933826802
11.469971294088847
12.607713903080896
14.389206213307599
13.983468816986491
14.012559129817442
7.736612727618302
13.178929164614164
8.84409231889349
7.17701175376528
9.706805104046937
11.209613418505825
8.547894645997376
10.858165553966327
10.158723193450358
9.821149130252934
19.191496502502297
7.563231168080028
17.70483539169617
14.096989103889483
12.131761157557452
9.922229107850267
17.232288946561994
5.470434122854725
6.971298306319555
11.113151601181649
9.870073777055769
9.327950783564232
12.383451584450892
10.624878080825138
8.634179662127433
8.510902376835528
7.891999093675733
7.819801805707531
7.013505028028699
5.723626545171307
7.789596914455761
7.301918470233559
8.409844926352152
5.082305679907734
5.049591457002927
7.095654224042192
3.025292755847279
1.9236902759409427
6.083976754327393
9.019581990773244
9.263156919841762
6.424508735774754
6.513009314984911
0.7891783000959847
6.3969590276724695
5.821932427798855
1.4273829415904984
4.875846780331611
5.751187863193767
7.298467470631041
7.367697598498563
6.416716620908599
6.04042886703687
10.79575193170596
8.554769463791255
7.1358617155138315
8.681252527878062
8.643201863842046
8.86516500534687
14.278748837804986
8.907909890122397
12.388156055201323
10.333429060048855
14.127040810661967
10.923010695059556
15.26722469638422
14.068777289410924
13.182334107563229
16.804599342445552
14.103510478751328
15.084379291105794
8.990274367719465
12.055676990559762
14.024466335919882
13.679675406078921
10.02811388464901
8.801597589222132
11.524979034964806
12.204540535186503
8.70651766304694
13.026160123835941
12.371977158406475
9.406463152412817
12.94426101091333
11.253496276578076
12.686054278079498
11.519218327892183
11.183581458269543
15.451073593913572
13.053315004796069
16.151290612613575
16.504936361156748
8.611900640373054
10.024623495354476
9.829468967914718
15.768099132130846
16.701925382266804
13.439070906578943
12.099092258200132
10.652712616472366
10.819129014049878
10.648310876642457
22.317140242964538
10.95373417403126
13.699839391880534
12.575849050252435
15.65085708403312
10.923734093820432
14.749910788870165
14.052719843373872
9.164685531151573
13.843685259621761
10.507328279728545
11.515550885194862
13.373574671755755
14.795049154968726
11.961353699516089
12.654699384753716
20.369525849027728
13.240840964360867
9.556059930878895
12.752369305929783
15.01213972229743
12.360472496590834
17.28063314941751
11.721682305060185
10.268609496487741
12.105199253580157
12.882430638997157
14.289472379010343
15.437152975372166
15.244580548676666
12.300129572645593
10.585860624596444
14.24772208778201
10.992439602225836
12.287096009184808
15.324806183950557
9.921455378428732
12.709001520032075
11.857380276136174
11.577180862101729
10.357132942351544
15.91351325715563
14.619261260287352
13.080191685851444
14.201120559138966
16.29664433638613
14.210874278228033
18.35983252457132
13.120695472050652
11.928425157818946
8.381525624580833
13.486336008037616
13.337684016831231
12.415884105007532
13.790559174947692
16.58391605189034
15.587930902322633
9.203350212217895
11.332131748372404
14.256508024805544
9.78977384321905
16.7854349000344
13.08583608823564
14.007533090691478
19.932815878116838
10.201216718660955
17.25001320631372
7.753644415973374
11.109504572930476
11.79230542074946
10.79445394042024
15.90547090391554
10.0753319693134
14.486776619683619
17.08461058471133
17.870190038413572
16.152393547042706
15.464963531007573
13.04804314072247
17.32215506029556
12.497067026061067
15.266915161857952
12.0689159126032
11.794962183963635
12.97709914495031
13.556432105442118
12.648064115276005
13.642513697457206
14.971523400598363
11.449526298940684
13.752795753995
15.249484035221483
14.00844854392922
15.211891329465004
14.151884275244571
18.536402844684723
7.966259502502497
20.78368916516116
15.03241942841182
12.726840089325124
12.403467435204453
16.787158978389026
15.108631782904595
13.668712997537003
11.258062845319712
8.924164815265044
15.799329701970432
13.300573060813985
11.454414070712389
9.72276561062285
16.046427901378244
16.21875117678353
13.671958625400489
9.670721325306666
11.403925902900289
14.574763154566215
16.90916351908724
11.188894851812755
10.567797594825757
14.763162685944037
18.85433580327657
9.394190850072585
12.88324820246344
14.620194373179322
8.38391471428367
13.705532504568819
15.120010506870589
18.82199151401286
9.164658810601566
12.064665774496314
12.643700205590234
12.605519063949831
14.022831876765888
13.242911345333207
11.448430419385467
17.340952318169776
13.179132658744292
12.641376502283382
12.48420686534701
14.368370702377081
16.75226113352732
13.97189206141781
13.854609610813485
11.595030286051962
15.155858679585224
9.769173653936555
12.836564208809111
8.030230606545626
12.522067134961123
17.666553492418107
12.610146535477611
14.669999923500093
10.339440218343256
12.550297331171057
13.54854273248963
12.027868247809883
12.236334053826623
10.95432988626216
13.147513999932244
14.5222429637602
17.90257591499502
14.179496122916895
13.282706689043351
13.631031412143127
12.321517112683745
13.051649077804756
13.909871056504473
13.255379551145147
12.301599868669436
18.32059414431684
13.594414638984006
12.361395047969935
8.486523228919454
15.65568044951568
11.759900047656798
12.746485707358923
9.671628959035766
13.733710490559613
15.736466779366472
8.937892965009944
13.800779399761534
16.136618732699482
13.79191378123194
11.102705301008767
14.211814752602212
13.564546113628936
14.643121877593796
14.032857214603636
16.812299140184003
11.376696361506518
11.514753877657972
13.818246396689794
14.987643031214253
15.205078716356002
18.13150197970373
13.176840740438227
15.46606287735577
12.01304737521762
13.876328994373166
11.424431952341601
17.27359435092333
14.97321173814134
15.277498141169573
13.281693107776185
14.78840678311895
30.224762882946948
18.194661821987534
13.131580544549607
14.314623580655566
16.45593665202515
10.80559042528263
12.261666714343693
13.538110471459502
14.86866158111666
13.922254487782684
20.60432122529182
9.18043225484485
12.852387908570133
11.445582677209527
11.185654730409906
11.907172154643527
17.571552823023964
14.338859322634203
10.983956370214152
12.459776196625437
10.961067590765689
10.846147608635045
8.877090756255422
12.514223704349817
10.696637136715859
12.742934783916102
15.811347175460403
12.314058080476265
13.29915689111645
7.217761980963276
8.601240932041254
13.788805989615184
9.51699108508756
9.375059286841683
14.470954862194034
8.549567583428317
9.196557132507778
13.13017395984107
11.77752909213362
9.650282814086056
12.477763322404568
10.58364702553039
13.552401566504246
13.377455404627344
6.190642424229642
9.584661651077562
7.859191669623128
11.563872366706724
13.441327304013077
8.217260154947109
11.233766146152178
7.0188919799189105
15.584392575213569
8.156194999494858
11.753039490846085
8.672296755630521
12.74509608871246
16.044641204194924
12.636915680992015
12.157365635309555
8.811688294148757
9.539606780381263
8.88257601257602
11.709372866483914
14.586692118874574
15.510922060320679
9.260663444548339
11.475330043191237
13.323958297027096
9.508003861876059
9.364627950713833
9.018039966475017
9.22749300070407
12.075573296500304
11.708861112171196
9.527108439777914
9.844602923914444
14.716498107996872
10.299684577207643
8.967887248009857
12.613918389371143
9.916051068441755
8.949963402147315
11.361015947087758
8.707151519429456
8.39860418062694
6.658311123437898
9.471399034815366
6.718304411400547
8.322815911686746
8.288396890598895
6.922864846729027
13.679447890884568
11.70180656748148
9.686178015165755
7.875785675073823
13.726544045733034
6.451029407062958
8.009196187729628
10.941102308943382
10.176791060830025
8.872747289208482
5.283376387556837
9.204244767262187
6.940826225915709
5.839770619167757
8.530943561905557
6.734653521540686
6.1085413894514815
9.104577456512441
5.421141156065775
8.982468673701142
6.792251300623732
6.031301302349853
8.031389023454073
10.297476178233687
10.28517324576686
8.816891550593285
7.045193896746383
13.944067152476581
7.222439546589312
7.863778375500916
8.553810736701521
5.2460495616278
8.87873659899022
6.063724894913828
7.635547930700034
7.823561927464327
6.597131460115599
6.256361713006665
9.374821431863785
7.692713430772527
8.544770449043101
11.729092788792162
12.926281255021333
12.052965040579386
10.3625951333793
7.4203699890282335
14.19580828092702
10.386296772479614
9.940251310567167
6.32718698750446
9.001265530542325
10.04518495027208
6.303225403888607
7.3751707846668415
7.30614422753822
6.289376396900109
6.410537240478608
5.072875010746599
2.5351338650082607
3.997429493589851
6.527527082334227
7.351323228511642
8.923052669308072
7.978850085377108
7.40458594541999
9.661230917790848
5.863852241953558
11.58373772428778
9.228637566954529
6.095722628558076
8.044789924099522
8.557477624310698
10.921738721328783
10.159012943021555
9.338573643748461
5.8772414938645285
8.291403956356213
9.778470614723977
8.76938644879887
11.3923297003658
14.840678188158563
11.780397553502501
9.336681500427169
8.562286648083159
9.288759166263752
16.175941843098506
10.442415426916465
7.2418897617678875
13.426017550603763
9.565714932615085
11.394229901680275
15.658136970990956
7.007469263796466
8.26894748616056
9.356021964537637
17.899835601332544
6.183128621348293
8.004615918629275
6.296995699471484
6.772428096596096
13.480976672708088
11.490358938145697
9.348827585109335
14.245293189544826
15.496894357944164
8.327246880457702
10.12235863504551
8.889961659599487
10.64616643640716
5.967893321340816
10.133963147870265
7.740618717081349
13.147303037250671
8.986707153033558
8.15813017732322
18.757987990693294
9.205456584887465
12.347047822462883
13.07953016636974
10.321156946022127
12.641771116669034
9.404987423610743
11.511354596359642
6.1708126727338115
12.7455482390009
6.343049997102754
9.614678994631788
7.9355714294024375
6.850619786452597
7.867639782144142
11.717981934696013
10.257812615489785
6.867026017486205
8.29013747322246
6.439252890787799
5.403265559190398
9.244255509913588
7.379680334957701
8.865410090740058
7.314592165018046
7.780074803004984
6.231270397740393
5.664217903065877
7.665861937800356
0.5931657258606239
14.878265686699136
5.983445137012171
5.491994653775854
7.907094048267839
6.135773822916455
1.5259501052992013
7.1005483868119965
6.5102624871834776
10.338091200075256
6.340749505862115
1.4562242317389245
7.819513946951627
10.263177475034874
5.187201934967815
10.458796342530801
8.527337995223053
7.563167898747051
3.6670715893008214
5.109326729586982
6.869007641476259
4.09664072966363
1.946880216375091
8.160201171104445
2.166817411957836
6.883146836638924
4.001081629479638
8.682712442477847
9.153571134837609
8.916910488191542
5.378245607902529
6.708255722644035
11.166308432853976
5.738943381976428
9.495718713873693
8.476361097829416
6.823855929102492
9.394763976199847
8.67421237764464
9.58007748295916
8.989523004234986
10.471452705908797
8.81969175674731
11.70103417595186
7.977832231251185
13.221464024999541
12.423076092342741
9.763163134086671
4.409744853544713
11.73047232973838
12.243829339251475
8.949838336057708
8.574534234361586
9.46736125585053
7.283623923219472
11.074578273750635
7.073566854583702
10.568667977921026
7.731539362598637
6.014408246540516
7.714694785225147
11.321669470325292
6.686043151255253
9.215554975016754
9.211953307260245
7.11094165951312
7.180813281382159
8.216755841792496
7.064421743143531
5.277482713896608
7.916290333844864
3.6575080068006023
5.289502284363814
6.04725467686516
7.766253208181505
10.121903844406155
2.3875846007530357
7.871504253607014
2.845421532267933
1.8378930248286869
8.251272073581301
1.6667574949834134
6.001734087119043
11.83315933192215
8.428008112125951
8.821994985092726
6.4626655099812735
6.915431694880411
7.822909244532179
1.5987810404475176
5.368808059961568
5.493449338949192
5.282835963448809
1.0953027785757423
4.253864952155736
2.207984935729976
5.922701212188104
6.91358966234979
2.1306405505754427
9.37688652707189
6.103158681919316
5.603654903203595
8.53332951711805
6.57922256205856
6.787660830850807
7.049397695886054
8.4321334807823
6.702814268147981
9.144759218437638
9.853267663163656
9.759583186808554
8.675761884628725
9.372329154563937
7.061098405373457
8.521685282893294
12.475154399721493
13.18318178424939
13.32939093603478
7.79517998202152
8.417052617011546
3.38168329459546
8.291529634299657
1.873451695839429
6.438247790924351
3.8011339554552808
1.7753748437992678
4.102469328631211
6.354672245259359
7.0964308226383634
4.2789688181474546
10.577117027172465
5.550130933796384
1.4141972435772148
6.481381601804321
7.127832236543699
6.9275490944404
7.213688163387069
7.711868107197933
6.695848234241399
12.055059545891572
6.573542764314635
12.862381003982772
10.46925170989181
7.010891850674453
11.404650305640883
5.60562143295536
7.397532350153448
9.43984830367261
10.381229472382374
7.896472244355042
14.422054542261852
7.030870484633735
6.70768613352634
10.771485558915959
9.462107216904267
10.46890272165627
6.2824599951589635
14.977065517832976
8.814489278087505
12.90387402254018
9.324447394282894
7.919957910958475
10.432384212280112
9.40063094714152
7.416553572305916
6.052359066477749
11.823546502655656
13.89308780936426
11.583930395818756
6.583917697651042
7.653458911551624
9.181911917212998
13.874751047001297
13.631222769021306
5.950518592123615
11.377830904310121
10.413898529728087
6.251474618385515
9.606238976519064
9.711652325708764
12.242246185152842
11.01171541345175
11.890186284094654
13.693255209303079
13.203472419310986
5.868073479735545
12.441757688990382
20.42448626906021
14.792946865856996
7.835555673215267
10.809312754497505
10.851558843315807
8.949549393968827
13.2169141392199
10.014503407503405
10.053527516604793
15.40969584613296
11.702640987568367
11.127874684483011
11.171966819843044
8.845082711318504
11.672526853746355
7.95902734285418
12.88787300379628
9.734698423323701
11.784967381906931
11.222528834410681
12.782625463241583
13.839805563545788
16.084789427928307
10.328471047086532
15.302338170068202
14.94882289890465
19.348947803744384
14.137449336161868
14.706036713067755
18.89574217283304
21.795304711191182
15.43642140210413
18.841518498338043
11.0141687195569
10.944276568725504
14.788387566789048
13.622409444219707
15.389755748054583
19.391177513724536
14.755204697945995
12.278278419001289
11.058218985729551
11.22271590379041
14.47792290592598
9.882664114109732
11.723795193273078
9.324522662122927
14.368136325057579
11.992780003672292
8.87856065091233
13.299401176252145
10.17886029635865
10.563854376619934
16.81729122470561
13.93786538806778
15.442488346958484
9.32969597543856
14.768937147809181
15.03157158002423
10.763368085698296
12.901435987287805
20.15379903471974
9.587915768919581
7.710400917674045
9.508310959005211
9.666279151473134
12.519519008187888
16.16471091324626
13.557327422287635
9.922320621713698
13.0178214073692
11.483878278122381
10.005159228765582
10.907464887143973
14.404909701898195
8.083455336742073
10.402339030396321
9.869059501969101
15.905388335537076
11.621146297447499
15.57914240936688
14.086128398835907
10.535904045237718
11.548238515980753
12.683426427567372
7.93685214668564
10.733654236614967
10.889752798364889
9.300285504766421
11.68372987921109
9.161124153162763
12.369559133320696
9.275569629427801
11.372224130084124
15.677191867948299
14.541390584405793
10.203884853505281
9.630755014800567
9.081116920914369
8.774007629659538
15.40548952487675
9.969589950627118
12.270177095010753
10.77571884191607
9.967745499360895
9.979209598373124
10.068489407958376
7.556007775087141
15.196723754532199
11.493070951270619
12.922423444316127
12.818229179117349
15.59810208867137
11.078286831591356
12.490437596918424
10.03855717581449
9.653251704864841
16.665542424165178
16.31525294301908
14.726168609078282
10.250913095349322
14.968095514948631
9.176082045347558
6.8389159714317
11.943379773558624
11.967087352911577
7.062149018475735
9.399529391913275
9.937944556278522
8.68901619594177
10.396030554388961
7.766840311808359
7.948801940412178
8.540228105714654
9.7683614158018
8.77762786747445
5.905639544669889
10.23475253840301
8.723627948993329
11.872576941744605
8.098040426747893
6.2122545873883235
13.199030681397527
7.496146470110413
9.092059369852912
7.206310772934027
2.131924477779447
8.919813428001245
6.653231063894217
6.344219575301726
6.593752665399342
6.492138893780901
8.212233203819277
5.967220621237293
5.875205573256043
7.909974728806018
12.089421488273477
9.828619425577513
11.544908744924477
7.786808734428039
9.73829718954954
5.3902565384236585
7.675611113912305
10.304986001735669
6.666903776664537
8.634335343961148
9.191619654637622
5.971014084140332
7.395430148240342
5.007037016870495
7.030024721963807
6.149531190025192
6.37551897218717
5.215769827158574
0.0
5.484831229581347
5.507842782910908
1.905899357885208
9.53460332217834
6.163474021200791
5.973514711897172
5.375800485110435
5.369091578477353
9.769756047718381
8.164763651095084
7.912239927316021
4.498614052156223
6.300295069538334
8.89879282343276
7.7836759117630345
7.272117133448227
7.792838206019017
6.120668301141213
9.0141394160934
6.379114314389836
4.856878381619382
6.513727462236481
6.287066201451224
6.391766350824367
1.1932789930681487
5.642686355493919
6.09004963490015
6.604335509258312
4.8983051725884375
6.108635665838873
5.1470485713586465
5.998129524388561
0.6307019219631251
6.942767291854624
9.547810445751027
9.511772010565803
8.846084500084608
4.929682297890257
10.156071157300573
7.3462277144594506
12.57902650618858
6.780832831650475
11.362394721291272
5.753894754208432
8.955788872254521
6.228616157035198
7.832268076868075
7.1275681677736875
8.584116627722443
10.910633889509283
9.98459312747504
9.198809243780058
9.930365862461377
7.40594510312297
9.071354397066349
10.416896849995853
12.243786532059959
11.043213107725197
8.76253976441093
15.456509957889736
9.107987101635208
9.768594958532917
9.65334491450388
15.505036905142886
12.969130438020045
11.916916823938845
11.090761808722705
11.105438301208656
8.62198726021446
15.85269571027803
16.451670328925868
8.813473766675745
8.949574361789528
8.401888519007656
9.943035347606049
8.161558144066442
12.730488499551814
8.507511884286085
11.844151182022639
16.54066571161568
12.660679724230151
12.856165828081547
9.783437880365911
13.096962772080694
13.358867189619602
13.104431156890266
12.098444803793186
8.2885654897662
14.28807942520355
15.382096064200212
7.932089245073378
13.318131515847991
7.102768238597243
12.51734632460599
7.741191587714544
9.733344888425322
10.75126417235577
8.504603230801102
6.80833897737679
9.30196698641555
7.87166784964689
8.933815407324225
7.896372342586727
14.205734672784201
7.492800658895917
11.055105854977725
9.47418271547858
12.130614527507172
9.633123196253223
10.248821617606536
8.185380697737672
12.42690222902394
7.043649836596151
9.853486060626715
8.578123107093948
9.696665989710178
13.906651637559271
11.9741165258513
11.590130652940454
14.340402252677896
7.193352718649106
10.77450836423786
12.281813490823113
7.452281760842653
7.437579369523983
7.423262396829228
7.450206316834752
6.225785366124873
8.777158234825094
9.328678285469124
8.382477606397101
4.662133706956362
3.8127316697205362
1.940717912457598
6.530011831557387
3.3799155338237377
6.741508686998374
3.58342739956851
1.9618337172285893
8.351541423893813
3.4615415687912203
5.565381359779556
1.4574541151677385
4.554060490628495
7.019025949418327
9.910787258045215
6.001387895819089
0.5446528234551897
6.014222927344297
8.40289358102176
6.681786059121697
9.09240958922076
8.611502442941173
8.019949786395824
7.173812904253865
7.728065530782107
5.392100364125146
5.871444650765498
6.252487887531483
6.905797710132829
6.693823999117566
7.32811932047605
7.8958837051392265
4.969212983778575
3.9676234910093906
2.99840195068833
7.030761565801599
8.066030377185694
6.817251152606558
5.112245461448441
7.916470084818295
5.3289197730032845
5.388365089909356
1.388298947785946
5.003463506403877
6.633010001462649
4.904353476291617
1.290330091673455
5.221493434583593
4.269241259032894
5.087991761091138
2.9253598355030492
5.532520962627183
2.6708700295978165
8.874279200553007
7.261502951281342
4.472128017558864
13.318084991453562
6.810009215704415
4.970803575646214
12.306720608908238
9.440904416303251
10.841515815530732
8.491481866929993
6.846924009927662
7.4441831544062715
7.55831350593206
5.555032328503182
6.605638379379298
12.616165694686233
5.741895823920322
8.351559861443443
8.384643511832593
12.20864597787363
9.323252499674078
8.288484397510969
11.821423265800444
10.169586471540544
8.328858428390127
8.8255209536044
8.830250809877418
9.391910104060143
5.6125019746583735
9.05324569021142
7.4783255919590355
7.816645547363806
12.122913500484874
8.11467222052675
6.947907583573192
11.14581362241266
17.39994955835896
8.790812644401518
10.105023310255197
5.906646627469017
14.304343735416449
7.892221233842523
7.054201051228794
5.243202250322065
8.983579310386538
10.108695806684555
7.6839384957310015
8.393047120198025
8.524193906953752
7.913970274750428
9.134908150651087
8.241711401527882
7.6880921176432455
5.060686259810694
4.706537808415754
6.678025396986496
6.356883542823576
12.499927616917784
4.856774496932387
5.237269495101311
9.633218593000977
7.052831658098937
7.185025771999347
12.56195644930241
7.620598396649478
7.05329825399367
8.111728112327594
4.001933573765714
4.569295764512827
2.226685113562265
6.692610775965037
9.144274148317528
12.084171474128528
10.584791832180244
7.295356033757694
7.426134784128786
6.617167805024414
2.7839820246702827
8.43278081243741
6.779668052671287
1.712827889001439
4.138408399927304
6.4085463924913855
6.470110907273678
6.992255442948565
1.5658657237341425
8.58620392025752
7.990639097013503
6.6938290046027165
4.784323552143784
6.65361811774807
6.002735304925327
6.9849473420914485
6.634289552012546
8.121195230193491
5.241342432694993
6.232854542351034
8.938559039816958
4.026014521402017
3.1539558427968126
1.5316466008406997
6.495927998987356
5.404965020577951
4.928112993383044
2.6875210774491824
5.850529815638202
2.2178786763458067
6.420266002594407
10.001618635905901
6.955105634172828
13.681938182659529
4.897655558191167
7.728795551616422
6.062880109277906
12.778548431780814
7.953884722200486
13.965777457705249
8.400704232784458
12.60277762536316
15.830604688991718
15.431271283224579
16.08895330471509
10.344846660369031
9.618775329310497
11.949653574029798
11.730806369529114
8.465604487925363
11.770509557985944
12.491361259470253
14.511445165182064
7.71377783453342
16.297746894039783
14.180516797056674
14.421605521355234
8.478750994496542
17.64217142887967
13.50330057976208
16.07384098833203
9.801486371086206
7.7964215306162
9.881974707032352
11.843714072656859
14.732819004187224
17.102886087925686
15.226790974700153
13.782169696358281
14.5101577187813
11.553303837343119
13.413563930219626
15.771499022184639
13.219044423106945
15.182454341279758
15.491913743989674
16.04803517489711
20.879792104559534
20.67868815483116
9.979073099455409
10.33040900754995
13.48475806436638
14.454962314220117
9.646004029162121
18.517875628740256
17.299767700284015
11.89539778252682
10.305071804941901
14.49900866176533
6.489162704439935
17.811269883701303
14.37259154188013
12.046972941578835
17.148582267541688
8.650861995476802
14.472516051978902
15.038409174577946
13.497042044128202
15.807172302466379
12.609112421862514
12.555556836572448
7.498147479266656
12.75319111277827
8.90857069186258
13.90330663428357
11.308642992584312
15.61910494765592
9.212352294016844
18.78937185937817
13.05543037156076
10.567626424691277
13.25017724258971
11.127305617167186
14.824400635162762
9.6769715053207
14.3795656204351
17.943686268057785
13.827676560666582
17.548615986592278
13.995842726099845
16.354657438029175
15.677014686771114
16.988985495923362
13.826444368992238
16.863176912480615
13.844343668956641
13.670203128805918
10.876400720457287
14.189947076659589
13.352243463691671
18.41945858038312
11.286755900186852
12.405547337421194
17.621334250256698
13.239761685434456
11.535212067713024
15.566856714628141
16.714607341040395
12.116458578391043
14.711573415264333
22.732977982373843
9.724508334937704
13.991514392724202
13.695357354983546
12.23624403419297
12.674177068000812
14.032911931838955
12.310797563251006
13.009645210914314
16.411721859416275
12.815467785201061
10.892643728613375
9.357664153774106
15.215340739500792
12.148489235026814
14.158164964390323
11.272303157463696
17.344836991657036
12.908461666043483
18.637931782585312
7.631248557113871
14.36204935624432
11.69904643115448
14.692789142447793
14.617575010865801
16.711624398474534
14.277423581153299
15.134739864833056
10.16679803627797
14.044369650115524
19.93941475443524
15.82408004574786
11.654203012389765
15.975649179680856
12.419646004200281
15.202336308995852
12.106855487726483
12.61264623974435
13.899152673294491
12.085422191474953
12.72775823940195
15.084900117789628
14.174229107077252
15.516962058328316
11.346005201111788
12.714979735226096
11.612743385651859
14.153692422382198
12.815262316525287
14.478183556856965
13.216080710379515
12.915295430445207
17.10190190302688
11.722089793909312
14.374556474992078
15.286246148352408
15.786693691183892
8.628574433697722
13.423778770194374
14.840709015092125
14.410445191789265
19.26309197168261
16.057026043960903
14.297581819178866
11.706436300432667
13.875798121205236
12.319660432805316
19.168091628017063
15.03185119545539
14.85840016715897
15.330256106451113
18.409015282635366
14.687368776643359
17.84773254244532
13.658806826254239
15.324375268312629
14.679496472311598
14.422865001843794
12.673328187924904
11.249956312510157
18.356374960992902
10.581898855118261
10.045510911348172
11.542433656021856
16.01001956802301
10.821322091187787
22.297523789344357
14.206278467610492
21.74654777605279
18.38029234511218
17.00904831425636
13.185435308958073
14.664583124632044
12.895738187731009
13.197325105319125
16.751655080726977
10.465918587981527
10.723083216228364
13.183391716667836
16.754118962739167
15.872525891136888
21.368365273954254
15.306850784742778
16.33303576157343
15.401688841982674
12.925570985182645
16.80047197704653
12.777528155919342
14.920633140647613
13.212947893897809
17.721129049889488
12.604174369213448
12.248567791788973
16.930386229783217
13.473517295841077
12.848987986296553
9.083990412560263
15.341369019940139
11.33943828590868
16.962506742886333
14.173671607785352
13.718789207117378
21.38169928088787
14.96833784021471
15.305616793406552
11.63425257139118
15.820762084772335
9.430951998562934
12.973315213038061
15.34960347406415
13.20311196053224
19.423351207976356
15.686414323993976
13.50114408151671
15.666432773488236
15.48942452338894
17.826471478240116
14.966460438096155
15.026517739719221
13.72845990112725
15.964206667582822
14.161313641090114
14.207239564882762
10.692882761356726
21.329782483409446
16.44863378953501
11.775383981063921
13.219800069830224
19.574733172542476
11.27730001965363
16.523633194698707
8.834418645656154
16.199248113910794
9.903996602683456
15.291711478819696
17.322699298259057
15.658806081427862
17.57589223992474
15.619101746116508
14.731428321438944
15.036220527116544
13.897825373052022
17.09495148300211
13.7587931444138
10.841987898189311
14.200749634342145
20.272075945780433
13.84890050726716
20.308050344463947
12.427596359739468
10.109378002995966
13.770030058449072
19.807168111262488
13.62566345576035
14.811068968604411
14.324550584981278
18.31320528742359
11.353747121979843
12.25414002336602
17.723362705089315
15.4766682785156
13.723723240813463
12.57032222907033
13.696076734531701
10.279045737858873
12.272333910729799
13.050494765084583
9.841350575306315
11.154971982556415
15.834879230985166
18.90135339259171
9.31769188615911
11.305860088615054
7.603621953299173
13.348489697229878
13.180907302455996
12.4949277083574
11.736857766236364
16.55020984355822
13.893777856733438
14.127171958287361
13.730937176940023
9.920053208795899
16.896945170543212
8.978300165107171
11.272478406957045
11.666921309281475
13.77193448314457
10.176276861710516
13.052043444771783
9.860920779263
10.920528018377373
16.91588455618239
13.75585938759248
14.592325730281802
16.167210928651475
17.139656234763102
17.837540437172443
15.430452633758685
14.322450027071024
17.72194726906725
18.776709720138886
13.712319433137061
14.690523843336303
13.132804044768301
9.45477605389846
12.702331700259062
15.887723759983256
9.706223495158302
21.67733373688558
7.851123781816918
10.820371970147415
11.068908364998883
12.180689533961086
9.722755326900872
13.94944727229533
19.43048144632358
9.6430689811795
20.532439094371405
13.271408212024697
11.354474557597607
17.400007710958548
12.66769224162078
11.41088529609347
8.531654968240664
13.105373953072124
8.913312997005823
11.363109604204327
16.389892467444454
11.561022551524898
13.430178910997602
13.698766441315058
13.331943087255468
11.64216157296561
13.265020940160472
15.662058959683495
12.581313243246825
11.641007635823197
22.1206797159787
12.629344042320716
11.90180147350584
10.886019545049809
11.975942284352556
12.734564236671268
10.86739480661502
15.581559475850298
8.254202178559565
10.321139787108542
13.597106328361336
11.888252453830649
14.922955273759332
11.027156133471614
14.257217923219525
7.501334856851122
10.701405608540638
13.739660189895895
9.305770413800122
16.2166355298371
11.294751337889481
20.35258149031468
13.155830408642547
17.9300730051118
13.531854095665505
10.52733138934904
14.260089230462869
11.382312638927608
14.039611049497767
16.252268548074323
10.105511592958026
11.851499640793289
17.014402893840526
15.505907827286597
12.713806487018632
15.358376551759441
10.655375514831839
12.332168807123413
12.2287159343263
12.731168538956327
14.576235717761948
9.67094156876762
13.851457208129178
9.339926367993202
7.527707808123999
11.813823344537898
12.070415309667906
9.468285997417498
7.89685631119912
9.615587197953534
9.205441918817659
9.876603495990148
8.496736055158259
10.461839463827717
9.453451086433075
11.588317175312
8.172597005251642
13.572648080148635
9.473712379642256
12.705831889168817
7.902590286150025
16.25390114424323
10.742466509633491
7.390514770563267
9.611792549195048
11.409910731222483
9.510450101163425
5.567338203438721
8.228175082980318
9.078515370647182
7.153397045421215
4.472779654955026
5.918168552566085
0.964568238735749
8.21013074145972
9.450405640684382
6.295484675614576
12.12755571821017
5.616352181107417
4.90516575137642
6.628695233342704
8.777566649892677
9.065895159926495
7.374645298694432
7.089164888335864
10.455470840451092
10.182349062522277
7.665504933581841
10.9735623165716
8.468114725748556
9.605591696551876
12.599478935371659
7.173248651699239
8.500585258648725
10.49936959229661
6.052805642837512
8.90987766254781
8.394353802275624
8.397259229771016
8.584481033796358
7.718894758067918
7.68631410577599
10.570033000529797
13.713277390431514
13.814995476473666
9.268258038501585
12.868599496770127
10.431653436767755
11.489789899918668
8.137416931676135
8.26259953013268
13.257053635506933
8.605009878892394
13.697598172947943
10.583180595262352
6.2939439394581616
9.994708542371463
11.361169453708506
10.657985347686763
10.263177114230649
11.190451550843152
8.461377493697007
9.6095543741288
9.454840398068058
7.132482423504417
7.446598700720436
10.553193783131883
8.076593943998892
8.31668996731466
10.569431664452381
10.790610197746032
10.688838026194155
10.400973310136203
10.597131261004185
10.800200588142433
13.799990112453093
13.380559166923078
11.789421148847238
9.097533771561702
11.328490491676956
10.098564779856536
8.9190506585801
13.091246600713758
11.654903999815112
14.085016955811243
15.149137523340805
11.188176805471029
7.313942999490307
11.469169126091074
8.478630033463414
14.299864748757969
8.744712511879438
12.101734934235717
8.017157624688338
9.764544078587976
12.695312876587685
12.736567579947408
12.684936662395824
8.83186716542402
8.475191178195423
10.15816872587978
9.598792530645293
12.213865932793428
11.769304997995404
12.378042437340866
10.740385634734686
9.784107600032337
13.792978539603634
10.740021638681997
11.706337981861678
12.596906134664088
11.06955680871919
17.482577465207328
7.95829257596884
17.49037759244672
12.16979339478751
14.07914541475406
13.12813248088028
11.936299102455852
14.09016780116089
10.957006786163143
17.361765844526147
12.5274996759047
13.275210593912314
14.823018677585187
13.952935633876585
21.30290202773933
17.613111296041236
12.661905722198023
16.516471984733432
11.841343243906547
11.067368503751803
11.067916420974413
16.86426294337231
15.56093549911086
11.77481750290307
18.00933672858945
17.62339385847808
15.673597080914131
11.941944986089615
11.983657824806974
11.855238700211137
15.004877599501755
16.014324044164365
15.283429069010019
9.321065516977445
12.74942486105445
13.915965881056183
11.408087332040378
13.725165206470123
14.643617444137682
13.0634913426878
12.49753457013443
14.839338963688826
14.428170171639623
21.870770335125652
15.541545451769274
14.472460224389161
13.887094520613857
21.237960366310407
15.317574835182041
19.179513341876287
16.43071309976516
14.682235342771166
14.042749617391125
14.48879288062692
14.979583405021096
12.11103133517805
13.703619991151633
18.67642395235817
10.73030675518942
9.706371064139352
14.299965711480166
13.63168798897504
20.47195669264343
19.113094289552933
14.149988735083094
14.574895362347133
14.406411339207095
15.984526199950398
15.876554546813056
16.235542875129557
13.834566401964466
17.548955402230707
11.789519900438815
12.44112947562704
12.817525707713948
14.00865039468617
13.640755560839644
17.209026332662205
16.839469514638818
18.98731900561624
13.395269128549716
16.744089427711092
10.572156338165534
12.368905106188034
8.944175032707761
9.060430689130923
11.450199127850063
10.33338267080608
13.823327786225159
12.476427844859991
10.955657523058514
15.078393850534235
12.147220097924585
19.833125284649284
11.24915000562998
14.50075108885471
9.924865947012917
8.542601808867849
12.334423405271627
12.161743740044715
8.853376942492226
17.57570145398872
11.486474599335457
9.306838853087076
12.505368071157482
11.710685778568013
14.993897927241726
12.746972254840502
10.425137113500014
11.172902297723528
13.879213754882255
13.199152983498843
11.106539627297092
12.024185435136113
9.62226128462561
10.154773234463567
12.976888372336832
14.047765461074059
15.229084225942302
10.130297826764483
11.036719251073965
10.870582531683908
9.763396247347227
8.352117994988856
10.495646933619163
15.39275828155579
6.97741775972083
10.109070736881867
13.14343884098569
15.545996560609023
12.307659522161895
13.239084713914224
19.78951461136959
6.833166776156106
7.495616754119202
11.479478461010372
12.546384298771251
8.528523206011991
8.695051660622923
7.662052562826457
8.426192009510354
14.331983744809065
9.581243982105489
15.247443720121836
11.312691683444614
18.214576523954165
16.671313348907173
13.722326440408981
15.148590283657308
17.233593431035285
16.857609426348397
12.149202890201883
11.292374377699154
11.283841445754641
10.24461617640074
14.182109205992012
12.273829244403819
13.276462170812417
12.492522011858675
14.504599752171929
20.660589521698185
14.37549267690651
15.819997418570008
18.307357082097347
14.429107709666487
10.241915455804424
11.81327210146208
12.470097457706558
11.632659280810845
17.168479104867522
16.512163678368985
18.79390356353735
12.180571085048497
13.295345736663064
13.166425503513462
12.84120021758754
11.43265540243423
13.691643395601739
11.100447460470923
14.606170468078043
12.118354354762383
9.428111565046182
13.91458083078423
13.676282134139903
18.76263630702265
8.758272167244616
11.134831265748325
12.048543270831255
10.256426188390188
19.743032593260224
13.682180838123314
14.379311763693364
13.86868772908303
13.319737528545957
12.707627877593128
14.383527795960086
11.064380421312151
10.865023675785036
10.737844896020292
15.869792318284182
10.701667735851359
18.417011608613812
17.58469539179397
19.67845935531911
8.938503685091817
17.22668116611353
12.86418101724005
15.774875416180954
11.40630126861218
17.956961297083243
10.298634217182885
11.620316875738931
16.32775009671965
16.751837587584035
17.6769719909432
8.51530917985237
13.948017610055532
11.040019233329675
9.315989491737758
13.780809179909456
12.945712490784546
16.788742045383152
12.202880510339744
10.325679416258055
19.05545021805387
11.34528465803563
12.55846365225648
11.987639186765945
10.059146365145104
12.543253237840952
15.37863608436988
11.956549408959411
16.818093300116125
12.662120309265564
16.202965745111022
10.309712192964572
18.608943385046828
10.880412333161042
11.724200249654501
12.744247992643269
20.763165305865943
11.056130353456489
13.710567080138848
17.16526079210689
13.961105240269168
10.557052631457605
10.945877311478597
16.986782481130263
11.986955827725788
14.430768363218064
12.957650453942852
12.146994373069052
14.673386690162792
15.197932707166771
11.700949887861269
15.79249421806623
19.507160590947343
11.700936440628576
16.820326452861867
13.453268414625501
13.684437495245733
16.935652955497044
13.357302031105473
16.866441042296408
14.749336156539558
13.053660390074976
14.529022166926891
15.609869184173363
14.632197983648231
14.454696965713929
14.379506845931347
13.702319971650146
15.625389704897842
12.406266147865013
14.180875123242279
13.236149444207934
13.869007141163767
12.128049926871599
14.652743806284793
12.896409539321352
15.865181526264136
13.482635422981573
10.129482481184862
14.537661038485107
12.40129975267958
8.710216970511958
15.497314390119437
15.808996416079154
14.29749544372711
15.305392663378612
16.553887052167866
13.053959369405158
11.3534850673533
15.602666108023913
11.174863399815044
16.224032185956965
10.437476319080794
13.503421991649699
17.114043053423693
13.183180182668709
15.394572917349514
12.83810604069583
14.538967402183866
17.327226987464503
8.025891630098066
15.647269697947838
10.431531954598508
13.372042679311955
12.016583484731699
13.369570626835428
20.11682152936253
16.694793887353896
16.137453774100052
12.180383047195177
15.772490245701631
12.167884699852964
10.551349528415273
14.949574121750947
12.197662012325837
12.722192792849278
9.976276326898898
9.084987403750107
17.96223385892648
14.989200502225021
16.837513132386896
15.649009655792907
14.01083014870386
15.81979436886362
11.701903703037887
13.555073287181907
13.231988644163575
15.583185084185848
15.838822276062057
12.768609278406831
12.763487823265624
13.540147006428953
11.999458080473255
9.359997363043977
11.133812270211868
13.96448610618481
12.323541276913051
13.46981429670527
18.05792344988144
9.422368328878054
9.014220495787015
12.2607926368121
12.768196025646626
11.809147480965809
12.900219867863576
12.016653795386235
10.874483551841452
14.77123834268491
15.047451736878758
17.98942963788922
12.345147372068658
14.515855391709467
16.45774546675776
14.687569062002026
14.713803597986624
13.51366265335188
15.543439294526923
11.811824135614732
14.450126798168418
10.164507973067403
15.341505590568195
15.54810456140715
13.484235719304582
16.066232757127015
15.440047570031092
19.100609681500835
20.65613648915463
15.438662765337842
11.805303249661506
13.25128697042469
15.515296320967431
11.898429274140534
14.902660290482473
15.66796472363925
10.774834500701253
9.552835325898652
11.936837262119527
11.458718522352033
11.34025293536435
9.564576452221308
13.615751269867882
7.382221034993043
10.316255358198857
12.101019463374426
15.430554565292407
12.518007355939346
12.7328601047728
13.012340948306838
13.356579069660041
12.0048487857382
12.980539076571482
12.080897859500123
11.85193855500869
10.341240636498084
10.450646347893436
12.781819843181282
12.969644141364842
9.217542513792365
12.47694832503199
15.403618297119856
17.170774848347687
14.850806601738952
13.920430750941474
14.814117093986816
18.730420167685267
11.793248316361892
15.45944100833988
12.427920082540048
10.677422255570846
10.626437565276616
12.55130911906029
16.825414994072336
18.58314927098339
15.210944302780723
12.716141320375787
16.127142772706442
14.22139839743132
9.605442039295092
10.53002254541114
12.513144553253776
15.075204696405256
16.174159074972966
10.886667015773273
11.007604680892006
13.35505941845392
14.535472228620044
14.412729344439043
13.471467289119014
15.08567269552012
11.446182750793334
14.349980112699505
11.015865204398835
9.595283902342272
12.758077752849717
11.179707534080604
15.700364897794216
11.238828474140881
18.9055730811038
11.861893073218383
12.553574730156216
8.888001618147259
16.802447136319895
10.990471098201127
14.294705994848508
14.34235719793156
12.234086581835044
12.431832352851094
13.099851489793787
12.368855169521478
12.355957894700648
15.51093724298471
13.01742341328477
16.49118596029944
11.787801803651652
11.754441669171175
11.7069954103116
12.520763033601122
12.04293515334591
15.427607201674377
13.896291063916777
13.154439419663465
12.272700306519862
12.225616434539917
10.446633086601102
10.936702820116857
18.442208965580626
9.95710522922742
11.250523313630968
14.521978442115891
9.6480993413549
10.463800745564757
11.883107925165342
10.544369077085348
9.40089243427861
14.820313587192437
10.078239988744247
12.497017544441249
14.563778968010757
16.494371177978927
14.872867452277726
13.888150141014753
19.344360712121752
12.911580681774089
12.113004050250707
9.942953848694263
11.548393457809834
14.401655668701657
10.629714994073332
7.0857097628451555
13.353543923967507
15.510508409926473
11.462051496941415
10.90271821846806
8.206704452327608
18.17338968536816
13.741028457936487
15.633594223582651
15.551485336389018
12.115701631016096
12.886714754751653
16.034597210092546
12.524696897657787
8.942901630443385
9.984323770371097
9.369217700534938
7.889091542629028
11.26341811411139
16.534072190414133
11.063804319957516
7.866533847495851
11.796180810499797
15.665203349094385
10.079135819302458
10.94958624775564
15.308134195360033
14.614749368120906
13.945422497648709
12.087110966818209
12.284447433887232
12.695021952132715
13.406419114268958
12.95784354929782
12.090169893063296
12.031143775989008
10.82127499738968
12.682120428679992
8.824526365983498
9.275086593412638
11.088426512007494
9.463404752834998
12.637643325856299
8.827247883611577
11.576229591319294
11.230175644088886
8.948422478738634
9.670609771673648
8.935398368865938
9.993726147557489
10.232128165676313
10.249511386624375
11.206252978426535
13.5019279722055
11.549276188166408
11.868527105619547
13.547512810436944
9.54117399393025
8.288847431446825
6.767256391882203
12.917492094678076
13.236768372497973
9.134426622025455
11.223341955430671
8.824287973036535
7.685913902874182
10.759538195573327
10.518212774998961
9.336553167821346
10.285748228920362
8.377335722644096
10.624359274746928
13.25081618395072
8.846238684908547
10.429200670648065
14.665142441872149
14.619208240833665
14.1487328256523
16.054817218298947
9.139698401982967
12.511132137054437
10.202928512638142
13.549576527779914
13.094650021356138
7.536413904537392
12.531951628291234
11.06612159536653
18.764579095853335
13.261004969519574
16.947762555501107
11.255661858701426
14.824435633488488
12.68755841752766
17.437926046547755
11.89134238072563
12.822628315347593
13.049706765469667
11.060371124339653
10.747610465475685
11.823223959862828
11.642306948595019
13.397856843328237
15.516359818164155
13.52271181132395
12.280929597223029
13.532455656615978
11.383773725916903
9.636762947952946
13.176240326104029
12.953467738451598
12.689922750075356
13.630805525197506
13.42730022636977
9.400624134330148
13.501843481595982
14.13806882986779
13.549506659695682
10.48323605424411
14.757966968514708
7.846211399173992
12.941462931899386
10.392585159797397
8.532380566945326
9.27665713848907
12.22276980331429
11.259459499926994
13.810000333021902
11.634698783336466
8.233724825303021
12.33464149104701
9.521762560319852
10.976179564984774
9.735268426463206
9.82854283023906
13.124217516960272
7.480301733014015
11.131591957705385
10.506601980164879
10.884205848858722
12.69962086128928
11.56122217701241
16.97613691139502
14.637844085417914
9.845562439172296
8.265816397265688
13.394532708593283
10.932573333396437
15.862719192368758
9.929008557782451
10.556604542369598
11.092092375068363
12.231346225281401
10.254826598938243
8.049656893618138
15.065601781516497
8.159393916078182
12.125929232798443
10.1548174560739
11.522475636104023
11.108968693371311
10.029641086873143
10.171783120018764
10.889194952621047
13.71755317256574
9.663211300204514
9.734058980940915
7.186929327138882
11.412970357972469
10.09481128357882
11.619273140410511
8.173255228724084
12.155524691514781
11.533145333392387
10.90174236263477
10.742006639650654
11.910139662247863
8.98578549316488
11.397333561228923
7.740664118910578
8.392290362492298
7.501848057267881
7.940435194263281
9.848240684129339
8.914195569131717
7.132258287743101
12.382051235380196
9.005877433167631
8.5678870801587
12.983017254781725
8.734313572889612
5.766944141362852
10.05498273168722
7.452865022741837
7.687556722475311
12.61854481615838
8.721225724461823
7.9404774480394105
10.697767988173016
10.62998421356538
10.706166474672276
9.695345020306805
6.670559535782311
9.160140544940333
8.008460472720028
12.760243107708233
8.079165449507409
10.047231352838825
7.85487694182782
12.1536427213559
7.61317674310267
8.919556440064431
8.351090005497996
8.430427911302765
12.142322626895956
11.34489507823653
6.948247374551337
10.612103206867268
8.964063570879636
12.818737196108778
7.892033977639014
8.861304402284858
10.06330860986105
12.480887370758794
13.617870468870054
9.788402834396448
9.142600621137307
12.82467379218138
9.318359341467437
10.87168726184773
12.448902151648513
14.73376166916378
11.178962186453619
7.404905946800965
9.613775504670688
10.512842558543841
12.262787184526186
8.958643128958352
16.738853117261698
11.749988463921097
13.416688092618768
12.443509503859897
10.534097880217537
12.53534080222197
13.279468128989675
14.972429540081546
14.136607273118331
10.962847203007996
13.87932280440324
15.41905226168004
10.83663160581305
11.860553856248577
9.320749224794096
15.37704550346818
14.802364228057597
14.933376973302886
11.417455861406163
14.762380845916388
13.448319530767039
9.94585543356696
14.843020536441788
13.671114158871221
10.934796715595397
13.998447303749945
11.54878701979969
12.890855757307333
11.518741397135358
14.637872416409191
13.592923207720952
10.863676138021646
12.288597926606128
8.974705905984143
14.742282342761959
13.423729788611968
15.620866711435744
10.468756600115789
16.119588293166316
13.065068933657006
10.78432693915429
12.950484759851378
9.358546766000106
16.51843432439908
11.648884887775479
17.75556671748347
12.32835857425437
12.865593664409376
13.29777752980556
17.012508276432875
9.581006707779613
12.47395554938078
13.00567936028358
14.10459781118805
12.732464688881556
10.038201782966022
13.095893053171878
12.727646210943867
12.720185100106658
12.827111895915849
13.787555455308224
9.825487925415507
11.147496065721157
11.158639243501206
14.206433406746857
11.022551841466987
9.438675061011395
9.921001428248626
10.812105418114717
11.774129909199115
8.410854024972446
7.802791972473072
10.345955867994903
10.43225825825272
11.11347186554049
13.322523953527144
11.90152288796472
12.137524813393732
10.505299967524223
11.25320924905106
12.130074085628761
8.162572126533345
11.171203293249317
8.109877202260629
9.159049933649676
8.360595513710088
8.502862637795351
5.084038262245069
8.758758671467994
7.987861856883297
8.310262673273261
8.207516797218155
9.26448021705237
8.11828238220657
10.539669063116508
8.863363724747012
8.560047452423166
10.49446789336188
8.533695557103842
10.023138696545084
9.604013599090598
13.086513896436148
9.855321987483386
9.857809893408335
13.204151120333053
9.42285281238308
8.273899430107885
9.366265684342247
11.854827078960543
10.213328725573895
15.721064574313157
15.086374162397108
13.38637729584479
9.663424369283767
11.133565999171244
11.924165820499109
10.835462306235005
12.93318689850444
14.08157978466154
13.328285873069678
13.18943330417285
12.986600562827741
13.485870458538345
11.441582339945771
16.605891052470866
12.598896845973428
12.31160312798362
15.547417518525249
13.864957049309456
13.020743230903635
14.067215577205463
13.424188601294848
13.775905551035528
13.27955020938173
13.261214202398337
12.036985651429907
16.589414896051725
11.440901233730553
16.691598344464715
12.012297062149038
10.697308495700522
15.040661855590253
20.64190978214477
10.703350461939403
17.978883583784086
16.088993439969943
12.922852848973923
18.306460711518767
16.342558075760955
11.992007042912741
11.5673150584478
12.839415559516809
16.8081756300937
11.354749138285438
16.502237852190643
9.454277019835697
13.15740738968257
12.972903723645898
9.799657753994659
13.55269547689057
11.864947506125604
13.26809276572081
10.090551867473666
13.844514379532878
14.518521547094153
15.4886700877381
13.12928549213895
13.597505387127821
13.992342808753621
15.867603888971326
10.750782018935524
13.14691313333217
12.84644961419011
10.239769057351072
15.553760894254955
10.364316363413252
16.70387293488152
15.99214564376066
14.079710829680181
11.371450960930266
11.34847271645184
15.810639154929728
12.337577357348637
10.972537203712488
15.571561284462433
11.591039198938992
13.002798226018362
10.403794361139695
13.453142771743241
15.96238763089475
19.530647196669527
15.741469952909831
15.018036153551867
13.21479233103464
12.100678546309826
13.942438611150855
11.982077346387818
11.144990001204798
14.853663253079445
13.965683235989273
16.282995483414616
10.84566816706968
12.044056456887672
14.367575135929474
13.984636057088844
17.555722298201342
10.87341802737458
10.162692366766489
14.20687443454205
10.268359178673952
9.587327588056898
11.471271566121834
12.875692649889215
10.54503178194589
10.272984136008594
9.067372081816844
9.634852421484933
9.10392103083651
11.613306843944287
9.308733641331365
12.022570837791761
12.892938978488875
8.944704561616952
12.15373091034153
15.261048569631352
14.135762464556318
11.543228920163404
15.13005704942042
15.764323086121223
17.72098326376057
12.187576973356526
14.9536806119592
16.044955266224427
14.748585842972338
10.334075055426899
12.410792402080636
16.53571131868274
13.242798184993214
13.965817210364845
13.908020464883158
15.942147142381504
15.61757766678701
14.082590777058758
14.636440722888915
15.64928835574113
14.604003700829322
12.555752831197427
17.62556340821859
10.774953721796363
9.360012436606862
15.57411966214375
11.810432976698404
19.980371059816008
14.210028986917777
13.981509153932453
11.91682635436793
16.14374271690979
14.428913488220637
16.62923251483125
13.931817531385006
13.906063082529469
14.149091602228204
16.075461813137405
14.075555104314464
12.509199750326287
13.736778286709438
9.48314692761597
13.498592171498116
12.450711808214457
11.472477871765346
12.797044700381148
12.461296296887742
15.444882749370457
15.292372651167296
9.193201554083931
12.166071218748868
9.827501979111481
8.291441986199867
12.824333782158616
11.398482884040506
14.477901339337857
17.25663903800897
14.321200249186644
15.942163330345256
11.680154794915829
15.18137832717917
16.367418308031386
13.75930925764646
10.249263198204304
19.91470221762872
15.72329744224794
15.656759239703202
14.375690036670026
15.839142878632671
9.156454322009106
13.77390888730258
12.618475115867772
19.286789133227884
11.709694801774475
15.5012409786447
19.91172832100048
18.21851417813068
11.851467302249338
16.909429631596748
15.298332812188015
18.174133811776
16.855244592589198
16.408720502177403
15.602704520063757
10.740411560155774
18.358087239100293
12.870536313862248
24.256000776502432
21.15214034427092
19.90735628137814
17.08660854177017
16.277945839191585
15.693745355323788
23.019492377727016
12.547466683312306
18.37492252268585
20.73331765787101
17.927338159470377
14.41235224055576
17.830377215187266
14.643786992966819
17.994252507352943
15.920227966915359
19.599676847764957
14.969625040301667
14.228414779244774
17.81835956739811
14.81391433561048
17.615153480484043
15.1698367883972
16.30545702425476
12.696758669453015
18.608118830690756
18.54951267762015
16.03369040121832
19.540222396693952
17.32152227907126
17.44818772217273
17.365274048274507
20.32385033038937
14.62351463836583
16.337745308060303
17.29816470850498
15.344383740423474
18.512722900948848
19.769503337560028
16.43945725734261
17.49736430959332
17.423822140376895
17.670529454267534
12.623504988069358
14.52523837839125
12.600443323312602
18.916318832605064
15.320261164717879
16.74552950505083
18.175967442642644
13.738925125121495
13.04919839039822
14.047258247884363
17.593811686371648
17.901069294337606
19.93474133483345
13.249279986311132
21.159885168759622
19.21020201484862
19.193288189026248
15.962535863579898
21.25634114700434
17.061959954746612
15.157160573230266
15.176673095538277
20.37678795894759
15.64447194068312
17.26606964607852
15.833619516708557
15.25683000969852
19.069551171879855
17.15627486558683
15.449299878097438
15.323938640346837
15.360412215685512
14.825398308750513
14.698146456548338
14.419216916244334
20.240478747887295
16.487641264724655
18.06420913791447
14.392033402370753
19.24785063158858
14.43443510717553
18.824945698078814
16.472579946483595
15.182485482865298
15.916620658951222
14.307025678140953
15.172002377539078
13.944058789812706
15.216380532543344
14.795747648848092
14.023344461092833
20.238614430462494
18.333896643754265
13.465887710583237
13.624221323253556
17.288240413067427
15.430835968309076
17.005337728635872
13.94321352760503
16.45756634866057
16.887986313232904
15.085254877703791
15.060005750138533
11.859304445829679
16.262881702700604
13.584242318740571
15.491823246502694
11.7484324037433
18.90496751275173
16.788850614496194
13.362866825673676
16.13219988727294
16.399465748838008
15.947834426337659
19.62563113642782
14.760217066548227
19.097500441797408
16.463303657904905
18.197434047229876
19.318853610188913
17.495772943868683
15.777927095556887
22.324492088599822
16.98882135187164
17.84810822439581
15.916863697522148
18.49378530695038
16.19073703503611
16.840445520094473
19.1671529857367
18.089152975608688
16.71508299602966
17.64885306902501
15.449174955837156
20.256991821272667
16.303636533502797
13.737380871483023
15.218534229933814
16.571716898388498
20.402162394292144
19.979558820870924
16.485183448176734
15.577192047523306
15.73726386122332
13.006444922720261
17.711139601707522
14.184394930167953
11.854960772566598
13.791979472907848
12.00070555810003
13.005743871196909
16.63206606102242
14.876465874952482
12.487206240163898
19.37469922461093
16.452143354377487
17.29824483072383
15.467208431496584
14.830770242914882
16.76219111737496
14.082724362814512
14.724130648889195
13.75050159415561
16.467447708851935
18.91723912206813
16.316494172922916
11.35226557253881
19.210606399293756
18.736806132489317
18.26791892291486
16.79052983150652
11.976372694421778
11.435352085784888
12.066082160184383
17.71566562021535
15.754803542244947
13.8818604370417
16.973177436089337
17.197778071266022
17.490296398842077
12.455896736392885
22.633894855406837
16.177761694248847
17.234820831015227
18.527327809993388
14.54596054736209
10.289111979678214
14.165094384308185
15.241940907489134
13.715573136909118
15.031674774649648
22.598834512830084
15.903677812158122
14.787932400212735
12.926177697953616
16.67048626775125
19.686949103476085
17.48874644033091
14.833112085514808
17.02088700256523
16.974833925709138
22.418884147963745
14.190765652908672
15.14960161666725
15.663382901298718
14.112218778160067
16.328541363540207
16.732381353017374
15.769601173370269
18.371487794240984
16.741908256952833
19.095025424532572
15.749146118164717
18.270971320413537
19.68605646915251
12.010828894936791
16.730951320796283
14.098077306555286
11.908742897933665
17.827372435884584
15.180488835536922
17.29765512975343
15.883502590013965
16.004395659931518
13.028158411142378
15.357129340416497
13.198712972757324
16.06230380187153
13.171960096139316
13.973059191908549
17.92460120541366
14.76319405320716
13.283012583226482
18.231815518134244
13.902557996036165
18.93242147846625
12.709768501531185
15.980503998326364
16.434044391851337
11.721523021666682
13.897653776286816
17.707445305361297
12.332605731981701
16.983366106132156
14.958764590081321
18.026102469901915
12.994606889170091
19.34202926870203
15.803390357629823
11.031583821288969
18.001768369560192
14.818441753382489
12.00338545605234
17.774233853920087
16.9218399745071
13.55537567978431
13.2569487277248
18.07626012257051
15.670714644002379
14.209471744008718
13.121787923990082
15.167340447538772
15.042687483393221
13.908949090960405
13.876925183335432
12.812775866178228
19.017285541227682
16.544062261388174
15.24159445178373
15.280342426172783
12.047636856356782
14.317201301871751
15.0708940698852
16.404349481336777
13.57009727392553
11.122417973120083
16.512218332021178
14.090428903912915
13.657089907076994
13.805130447371145
12.620763327206886
13.938934493591239
11.048336562254963
12.260558310604807
13.015857313600925
11.533347000293453
13.623357704562657
15.583083412465184
14.430983948606768
14.27927364439391
11.274786082737185
11.250988947898966
9.692976762835228
13.083785887552631
14.142830376241786
12.144105978078189
12.375235195657563
13.758495803508834
10.642496575386515
13.604844353330792
10.731102506150089
11.899561709664987
13.622772022719905
13.94372259728514
12.849099911728855
12.947495662795651
11.9233912886637
10.445210730867752
15.820449883472621
13.57480741926054
11.280427017877829
16.16792341031487
16.127959002418457
10.3484641924667
13.52677857439031
9.495885136994454
13.47880699265452
14.355657877495007
13.054239472900734
15.514152234611494
8.855346657509301
10.54854737396333
12.74779106576738
11.960524698404976
11.99194877148667
8.831392343176223
12.14700571795413
8.393549446930571
9.930626545254585
9.283033111544972
12.293093416675779
8.420574797333941
10.995580155206447
10.690471356635417
9.328836893939231
8.68237623972824
10.705444906891127
6.659268083892205
7.708981643732078
9.637781911036726
11.63718791005576
9.729309811244779
10.951249976882615
6.751385973066475
7.166712462077653
8.025079174681725
7.887721398472452
7.506241454119147
9.943935127498932
8.54683461619717
9.920111837118021
9.726679308033129
12.643888039901912
10.963261509845683
10.457336498086415
9.902186175431906
8.31571316152342
8.801296349632402
10.066274625134206
11.372507087617436
10.622023969673261
10.696750774811779
7.9650223295681934
9.628291440371303
11.882921670844357
9.36128297983945
7.479008225241288
11.041619390050943
8.98595011765909
12.656306690767767
7.309506572332904
11.560584239519654
13.477152701092901
10.716978809531662
9.052404240444629
11.931080193834518
8.935819723122766
9.894509766167575
8.790075113351955
9.96142544024797
10.247730512880187
11.975623896824004
13.926483781998122
9.570453162283442
11.019295903829558
11.364216510270635
13.337557845637464
11.724655347984068
12.662053264676342
14.738168797003537
7.888582663272496
10.403439530329788
12.21834105647074
10.380559909908554
10.877758191621306
11.670806330438143
10.135060325731065
10.132058321491856
9.810959437599205
11.223212144695298
9.258705588539085
8.155263222342557
11.176183403097362
10.507455256185594
14.497165793417027
13.217972415243542
10.382179272682672
8.610486261442164
8.927592914309905
9.777009888784782
8.94323414366389
13.975074556095706
11.73965831341168
11.109198102217198
17.299246598191804
15.493099625816097
12.508181058379606
14.310198273296605
11.921987092285871
16.472517312579924
14.42358159051545
10.4692019688283
7.381888213939079
12.100864493986812
14.922154725731575
14.48088789340394
13.538855152208091
15.441151714775932
12.52041512113808
13.575632616618426
12.293892387827219
14.338799867895242
13.807775076116261
14.491970919609038
14.983870893774885
13.299950978816822
14.688061513046058
11.687196318780483
14.99768225941698
16.856065407739305
15.294668754900858
11.304924864049697
12.14952454484343
13.949700034929437
11.429049128538118
13.127756178469145
14.790606009709236
14.794245620055472
12.237678254916803
10.278718892186642
12.0845915305224
12.03603020067832
15.027853860087614
13.690020635473651
10.2656053463245
18.198281261653065
14.295414223034529
13.997103485294808
13.692586147872948
14.49023076475859
10.716784364204287
13.881944810174314
15.920716677433175
15.65940632906814
16.553306648342488
13.552193210131023
13.82489830220988
15.250497134045906
14.405736617481578
16.255500508447017
14.608747437030976
14.79667106456184
12.501790205143344
14.761109215180369
13.20840280184324
13.047024144085343
16.785702828846894
16.105009453768773
19.70832746310486
17.76600374083099
17.050491378241784
12.1453573319615
17.45537736148499
17.06319595113466
18.07332061562068
16.53866648868446
14.105882181149683
15.995273858991684
16.85529561476195
17.54089231516735
15.43832492985489
18.178790406565522
18.13351345869656
14.413467710055473
16.56245148073747
15.252592293867673
12.238168493316389
15.520701089964591
15.91435298426126
16.465025907716033
16.4444576405289
19.079225624081726
18.01587446425531
16.907277192566006
15.933011027525513
17.621128462761515
13.012991919886714
15.049358641389286
15.816171451618237
13.43396155752163
13.980607658874417
16.51518524059128
17.22931811831077
14.05847992621655
14.69005123468288
13.206944763067169
16.137155188146558
18.17239840481501
11.990483005572552
17.020794063447287
16.40876763506647
14.527094952447943
18.031440131191196
17.05111072984119
13.55504142677203
16.75563658346144
15.544598866405288
13.91731990556049
17.832173619984676
15.738454863693224
16.71880259833024
18.572497379395735
18.276820539717534
15.714118116063073
16.16842345656605
15.434136701059733
15.292453317146721
10.60237713776508
12.34108836053307
15.436496968428582
11.166855093246635
12.955688636841659
16.47395766320173
15.225930732820181
14.281379536485359
12.632498388012413
13.407618794836656
12.487650480774661
9.484804962978512
15.988098035358009
11.246020613504456
18.702014490519225
16.057520996319596
16.771296107023208
14.100359704884712
12.236081642113149
11.931143272570539
15.601661329563118
10.671679230596697
14.733050296936716
15.518722240627387
19.182635900047515
15.742390223775033
15.62956933917699
15.984004263477146
18.286043804947894
14.408628828666412
15.712057565228115
19.7882798056668
12.799767042520088
12.722773986846818
15.681489662518583
17.935764164704352
15.629003315383574
16.261041065559706
15.094328370999273
14.47878679978276
12.000322453890089
17.60482340561438
16.836675066957635
13.180230858179113
21.188813187895356
15.881331427676896
14.50578413717147
12.517179267448586
17.4412039867703
10.919882718091117
21.412081485197664
18.403305196192797
15.987577112010616
18.20311220166775
17.528020507779782
18.53734737167397
14.881552781648887
13.725760805232497
14.137438729071249
11.57770654725078
13.178937803696366
15.263186732276944
10.436021914818099
17.185578687570995
13.204459392332847
15.464034274229686
12.4953909115145
18.882051229241366
14.164638602769513
15.503754115388158
17.898744120339646
14.858039266732284
11.62802395146977
14.36412172293618
11.184847008112063
11.730610436166481
9.646586775132551
14.653443855769963
11.881934315576288
11.392359553981736
15.313063458403905
17.180914271376928
10.62232020867799
10.699841263234164
13.985346623757277
14.671496705124063
10.252392948535375
13.227341643440937
15.216447289897873
13.679397681132638
12.707367203603873
10.240893201033881
10.99119167470236
12.554455861168146
14.130130773338113
12.149241832189754
11.886213683859278
13.91606447743911
10.607355954754569
13.076157258146937
15.097328868524796
13.133321044691778
13.181529902289014
12.671172939437037
12.894856650385142
10.862951820658019
11.229455928060842
13.507184023012345
12.435611993824764
11.100057834570716
9.261815903663516
12.25792761630789
12.03930549669257
14.412368652071367
9.929928439107975
13.516526617461489
16.68121718348668
10.385186595046399
10.238702861420673
11.476340305975391
9.790481930036318
10.441321662542357
7.414746971388926
11.615491496079663
10.347010956806914
7.847730834093555
10.947559126339822
11.16634721579115
11.09658096711782
12.677849023352715
11.401232617184371
10.972526825749258
11.152382426180235
9.651934687689021
10.513224432103346
5.33701254566169
8.383181177041125
10.200108982887642
13.51169142042898
9.248323675060497
13.807325619294573
12.755437769005757
10.266286808283041
9.215751275016448
12.597534107716902
10.74176553385318
10.971793761337667
10.312439947445704
11.717082681267044
10.439877406306769
11.708280410169191
11.970049676165816
10.036307867151004
13.460415981446397
12.677811056727096
10.326488252000638
12.320812908473414
12.305075885290178
10.399241816595111
10.796078992375401
9.632325438242843
8.948679985740014
7.788478724110689
7.2166167157867225
9.692930470458847
10.134778473121465
6.328997464690863
9.709445214416185
9.10673260790495
10.563667681058948
9.057874021776296
8.705171624438156
6.443371889778982
3.732728359852262
6.6112479017050445
7.997729645917446
7.617852858982366
8.422238543686364
6.660266700318081
7.142380084983467
8.424825938257568
6.91871502982959
1.1618176076318494
6.975818587734523
8.450002421214416
7.296598947447336
12.992673959043662
9.467353377014827
12.22247903433021
12.353564041029996
7.721778609228491
14.955025022675946
11.246778650545616
9.428009481128898
11.247440922130583
7.821686623180293
13.784663982000403
12.661840258007198
13.038713321696438
11.191289608353822
13.831049987015057
10.347178486836624
9.843722006459284
9.820155151220488
9.983277902597688
11.676183402137129
9.515701541818766
4.392823132867678
9.236460632774735
7.866796712602163
8.970556899218707
8.222520209927467
7.584216326958468
6.33580952955986
7.99589952861188
7.26625811515576
6.488194071175565
7.520162925905372
8.636727583423275
6.6287996285559805
7.965151351430648
7.673984237408588
7.601124313378855
9.153031113267613
8.211334146639423
5.491855063951676
5.644458946481716
8.545381233387934
5.108274588185773
6.863571939266091
7.369900501011928
5.19359928432258
7.977477785681559
9.26204997855522
9.581875745257157
5.508360674295712
9.146353200910212
10.057611567649005
8.883737851154946
9.728879071421744
8.542107499933376
8.567125301067193
9.031974353507662
10.1571671023557
9.489679503723812
8.808637440598405
8.52333627977955
9.042286209179975
10.577184267386276
10.887805965970283
9.180482611681082
10.510949956048764
10.6849175777029
8.449809418547627
11.210357181077134
10.515857118143858
11.94193490950662
10.83602111368646
11.905373012286569
11.590108849222611
10.480969766671183
14.074081550340212
10.15884643874947
9.361787457880887
10.905248685633092
9.997499977764056
14.780682121960092
12.674364120884668
10.377288661300685
11.43125346257038
13.121951760718902
12.461006486941717
11.602885182140994
11.063605753483154
11.77639701127256
12.224276445352874
12.063810587012176
10.549278767211362
18.301420941881304
10.933587464062358
10.75654120084054
12.780910251960565
10.78461131217911
12.891536322793742
11.515759677233076
9.519451790406936
12.22077514950277
14.813345119859337
8.42224996235139
10.646621424224175
9.892015062969058
7.906311261635252
9.215845953151312
17.119228681131453
13.499519838824808
10.134892356033502
10.109968248304833
11.571861974214169
11.450574469332889
9.654311292957278
11.328535840935515
9.952660587079194
9.573815617021344
9.348698961510506
12.319136981832099
9.198154845166359
12.681186504436543
9.42186202815419
11.883366254610706
13.283725143138698
9.491386073593425
11.229544402370525
11.7899081915745
13.375385812374738
12.078314535308234
11.275263441882776
13.218193599898902
12.910206925942244
10.521216558183736
11.838373449547467
10.606977457440827
16.56424090759109
8.644590340472275
9.249592278652576
12.698972236419898
8.348616472450363
8.076620416941383
8.434438808071645
9.642702605612659
8.971830274547859
10.243877582505087
10.847098553437002
11.489909348001907
12.071940537477664
9.513050346866327
9.798150638376098
9.356236601837018
10.18623306788159
10.712258982485373
7.341820313086159
9.971329195853333
8.042297730690297
7.765744676719875
9.556981010942282
9.553220614493478
7.48842845401316
8.291976008316897
9.199297967577104
11.026403490140007
6.754820649725259
10.298823841640017
12.199304746171046
9.141301499919708
7.796590896909641
8.213075443285655
6.794545808885894
7.329382817817646
9.472436772250797
8.905741662441802
9.42734817874232
7.119520350763237
8.621037839574726
9.26027707417957
7.484409595805903
8.873910736264389
11.731700562600128
7.07169897534695
6.892135056525073
6.725505302592825
4.863072723168495
8.369337664781826
6.672560951168376
5.252377034016847
5.072614323002378
4.461740554454089
5.621886514000241
5.244631885691374
2.1362473969159903
5.187157419027795
5.381109518424466
2.085025265492927
6.0659762294351225
5.060734258475177
7.767605062452015
8.8686060589676
7.856241935602571
5.286410511891112
8.567996559386245
9.231249967818531
8.751751031431155
7.6930778412495995
9.590975002938112
8.050338480315883
6.777777307542151
8.224991770248401
7.234921294516935
6.142792437696669
5.484090584548223
9.54353742847759
9.5999066525047
5.389498740585609
7.7028329565187725
5.094531209706667
6.017712992949095
6.386146923969033
0.0
6.37932686131896
4.237690843427437
2.0211461000899873
7.329163070282803
6.490746043674455
6.104320983460678
5.4943441824035455
6.482115268318338
7.225257809332657
5.12379587096897
1.4602788234032595
6.651437932261982
8.40721873007963
4.449669804264319
0.5114346197059695
6.837364493689411
6.617318191707021
6.041188571296579
9.949162443544592
8.723518077013372
6.993695062327262
6.423579691742027
9.07844665490446
8.023252313407735
7.731393654782514
9.368052445427482
6.420457912214891
6.193695621379006
9.525239672289064
8.462374228941545
7.987459965256258
5.502700408452708
6.9939696714693484
10.088017730091183
7.334610975097293
9.491406988467714
7.208675276569589
7.879088508631645
9.737620133862631
8.944723846388378
11.934330198163925
5.8087735236270435
9.218791444147724
7.997470341610803
8.339080725188015
13.760335992107905
12.73792532229822
8.544998786645522
11.490392158630224
13.680113360086278
9.010417177717208
10.99397950126621
11.218756866729237
10.359022998908793
14.891593275645851
9.72596986309946
11.786406070789301
11.041369746957361
14.880033091165917
14.604734372980849
12.800301306824132
12.238494448655741
16.326569853770366
11.076969316394532
13.363055704033561
12.05940613198161
11.180814628734312
11.920606598073507
14.309918649209054
17.801154605960512
15.72825788653319
12.114284261710718
12.930783693367905
10.772000589475214
9.905280701418935
12.069485268140724
9.773864935770385
14.141017066369649
10.021888573188983
14.436390713078037
13.091656658259703
15.153687706859952
19.004978814550544
14.33385328979587
13.038553524270853
11.720634514502676
18.595587409449056
13.229237864679988
12.91888796539485
12.551713799531086
14.344806847360328
15.5119919812984
11.46847522206535
18.928399716526616
14.570958127315695
14.381806295226216
13.757945653781162
12.68838049273129
13.41023108165297
22.03607085213215
14.952045755965992
19.125993710895795
13.825122798152032
13.016933449275138
15.930524248567183
13.035179463195423
14.70513603264354
14.818305344236805
16.315594501724984
16.803292478745906
13.849432672549105
12.273743633500835
16.064587828308266
11.73416274710523
10.976683455390305
14.44110811334884
14.602918170829165
14.020796132840545
16.872588320083377
11.349818193058494
17.282025362609208
12.109996617945113
16.533655921006773
14.426477770382451
17.434411900985303
13.544481656669873
13.652167856967726
17.50697552570732
15.781839512182374
16.112844895374042
11.143010362364183
15.910748943205967
14.661655534718612
16.933096612620734
16.688070627785002
12.17224698179423
13.92433238227295
16.747194631395306
13.934193871568047
13.179565144191749
14.968167802640632
11.621120780132022
12.491613500989745
10.979620214301086
13.338888751508037
10.609908334973458
16.712902035273636
9.974783871146053
20.362896906951022
13.896410316438494
16.8660726146325
18.037971588634118
15.714546154125593
15.714406670143763
13.98646037318334
13.11825656722014
15.60525038524243
13.836157052293448
13.83155250782686
11.637660819718237
12.804136069287884
11.385457419825226
12.67292486028516
16.404563918032007
18.579347568494647
16.0501837023866
16.088009647761076
12.17904894928855
15.840920887140364
13.477660517226292
15.195945722052537
14.556529585029589
14.79738161517526
13.964424002732763
13.864188267867226
16.91778338217279
15.06626898733967
18.60028334079862
17.379597807135216
12.771817848102538
22.330192395327284
15.977435903845915
14.268452132318837
16.919418525264312
16.271785859230928
15.35417025625771
11.47871768310658
17.69478313564947
16.58325957037707
13.186605697241644
15.617693935718268
18.403439284446133
15.243988480332375
13.879816555211898
18.589249793767628
19.27687850425913
20.83861953292649
16.635346248788185
18.927840969062007
19.268377815914175
21.643854536387572
15.592154283501849
18.59750840960302
17.914520550104506
19.014173842119288
18.38621740668748
14.639220253558321
17.08126329877295
15.02708179512371
19.075515718859798
16.65707217030615
17.206184114340743
17.090368311567865
17.579427820300133
17.431285905683986
17.43178951014696
21.002073632121466
16.47583548252007
16.95116089825063
14.199870900419118
16.173474777401488
12.815822636562654
19.217097886445377
18.724726341848335
16.595629379529758
15.39269213329412
20.60724295115955
18.9749905348201
19.559515663711363
16.17355058156623
17.404627086389166
18.56570174238438
17.230466857928587
16.37398397322497
20.620155517360434
17.18216456527498
16.510438021414956
17.000927600343047
19.607006844784184
16.198410745439812
13.358665281012847
21.223445852545414
18.122078267740218
14.177610961906172
18.073204398423027
12.919709699316446
16.328373320155357
15.032041350721418
13.526355049224284
15.009063519978623
12.303829365304127
18.22216031055651
14.88906671051508
14.007563647243709
15.362254721424623
13.473880436743984
15.630615613569839
12.636236221897056
12.75190532573127
12.461103924426526
14.287432199694987
16.128398374810775
16.83202065665394
14.621452499629367
14.811041848932422
14.786515724475127
16.11352234047879
17.300969750709093
14.126446992403531
15.62650620112736
17.244452924659257
16.934787563173046
17.049135607004242
18.41914659976327
22.93231824197597
22.56817773035472
17.706516699178334
13.666935967055108
20.005298668255243
22.044372749478807
21.19013400157957
14.741062992204823
21.80714398504471
16.908108268209098
20.676057942669516
13.071086159309846
21.88216971839243
17.62379444064701
17.649997025508977
17.428762154271595
16.200517300604407
19.517652266987916
20.621897701025247
16.30260625281569
16.41395207389337
20.430907040371572
17.78997647638851
16.983990041017748
17.778659246208672
17.950276537557684
16.02396255141052
20.240459572395416
19.795429748249592
17.720202493065326
20.023792842014046
18.549891026888552
16.403146465337777
15.07327023471761
17.851399620562102
15.787028802949706
15.743947839202459
15.679059865605625
15.617250410888529
10.113494888756938
17.963928853011442
16.78399595894753
16.21887962259146
15.22859063287358
18.230165183060503
15.943850585532264
15.335801147169292
11.992102088471071
16.053646639543388
14.864295932156512
13.26121092293875
16.736252837439054
14.550366185890583
16.433413764298123
14.8288842679937
16.875398995738053
14.374551351293299
14.819788160291417
19.506020498688322
13.934936133196047
17.86779547797496
15.49861823300898
16.474504073210284
16.52096453466482
13.958384396347359
13.996520720123545
14.813435241343013
11.005811888358378
15.36631320966245
16.220696697331547
14.822149575355033
13.201173427439127
15.08437558055484
12.935712923489108
17.439853301910716
13.741483036143775
14.969525432605884
13.933099390242582
16.813574617838068
16.45096095007583
17.223248435089342
17.24702160743159
17.500027271083507
18.8677701604212
17.97991558216379
18.857339930877107
16.14274557769284
19.49530044551305
15.803090764509822
14.512091052243813
19.943388360476753
18.578215830297626
18.067493503422977
14.742138244514226
18.92904794121491
14.8091840657789
17.3260660251346
16.275325814231845
18.73296985116421
15.834319406000056
15.034383122402959
15.38820784807933
15.563696268575894
17.900977902377807
17.740665342818012
13.765407658306055
14.207817245409124
14.85336343478619
16.742058591195597
15.202701106795034
17.46080189857426
12.711093910655617
13.042639631420842
14.282260622004454
14.704842787397249
13.348379005215502
14.770397203434921
18.134703521637757
13.40696792022653
14.647016791898416
15.2783010111419
12.12086478019264
11.2998038641596
13.631974384611853
17.097238513556352
12.04910095826722
13.50303133727563
13.73726040956642
13.653638575304894
14.524690044478154
13.778682673429566
10.9884039554927
14.125415232096332
13.852354459655283
13.703730308414881
13.728667843385965
11.429504571991565
16.325062919671876
10.391795168954495
13.451731316185963
16.878188902680673
11.678113561193223
10.93891180359872
9.581396890409263
12.037009655906353
14.036918196953355
14.248357597006104
10.289200471354276
11.085269645284146
8.91918869221491
8.535952371859299
9.009922329571513
12.78627498989262
11.396030211343678
12.746876873215449
10.67425860774726
9.723625824064019
13.416601674405916
9.706235938375242
15.791029901279495
13.340152975276862
14.172402520208086
12.759073522278799
16.69979236879586
12.462162393611179
16.21775922172117
12.06065167980717
10.122651310454119
12.45346263718985
10.04078019294187
13.437217584021965
8.99528409430411
9.206947223096112
11.69990877740055
9.753258514789685
11.079862130351437
9.785492019432269
11.43122565228938
14.528567971524273
8.826035874131062
11.189929476346636
10.634385489221916
12.372587408829952
10.878500580944648
10.810616302590699
11.725410202387689
9.149293723057212
13.356090630943116
12.100879604492794
14.649067590748757
10.827464988592503
14.369553343491223
8.525847777221976
11.011585286084724
12.09407418674913
9.879892559762887
11.205735992092048
13.868040851773953
13.835706113351637
14.83898248403515
13.87942240563735
13.48872749702563
15.544334024241554
16.197451597625133
16.791319232215926
21.920714089673787
15.501376650785524
13.583505670255454
17.300665200569153
15.333249418462565
15.62084144371531
15.551788651452382
12.271465433618395
17.046942389490663
12.143583311240919
17.995399570472106
12.221045094621422
19.73265549763503
15.467988667040983
12.247387196502402
14.806378663948633
15.340542431399586
16.875584001287088
17.66493182577017
14.389594928401069
14.720102370541133
15.857777303999814
14.711828073702138
11.837287590814164
16.20736909586087
16.693777727427978
18.059455221057714
16.885218783274695
17.438908218457993
14.85777791051667
17.375944703520993
18.446129428101884
17.621059092243332
14.842664735459099
12.805744585493635
20.055664555536527
19.899623237711847
17.50526511651655
20.389110790975884
22.547036677566968
18.54466106750829
18.164107371196405
21.367321841446543
14.801287550057541
17.236568296058657
18.447479255243284
19.949595214792993
18.8471976132329
20.919854988946522
18.0978224216431
19.936135323282144
20.150818980171024
20.0894304133772
20.130794547944454
16.98307877186094
21.394904403432466
16.807437259471712
21.946452924402607
18.1162783578356
19.06584851290003
16.450720992100027
20.218297697849046
20.775299735265534
15.023613852038887
19.611285109779235
17.04361265459264
18.77049110526407
19.928009715265382
20.44391945266244
21.375511558530675
19.70570538337915
18.233780549207264
21.927724899167757
19.50711006878745
21.911798717226134
20.29146900481869
18.002474684988126
19.62325045491753
19.849293983963978
19.67540055535243
18.325985670928755
18.9607564793053
22.41998474900703
19.73789416899844
18.01743850098241
19.54319331495199
20.883000626202424
22.66586486537334
18.623516584778848
20.46894060101643
20.47901729340537
21.038538884926954
19.80395960187978
19.92697406073648
20.084434179798887
21.877806909664535
25.228097141492007
16.804965590161093
21.139234735877345
26.133808146663974
21.775468676936477
17.847256601028473
20.561862531243573
22.54467270627675
17.20154696093376
23.505311652703796
24.983849696027754
19.283056741036514
21.01702834349372
18.37510596793865
20.60323919438532
18.43097447084381
16.854704418556032
18.810407152989583
19.44123343918317
22.87723414932504
15.923784619316008
16.299814057627472
20.40027648324781
19.967153395672206
14.548239379990992
16.357785753852614
19.00011771612995
14.834484389074978
20.521021629756245
15.872052479104076
20.248297255125955
21.14001669839208
20.818012601214996
16.92722072603647
17.315805798935727
21.792347009253348
21.37097086105377
15.382873219485598
21.346787913032667
18.12177291361876
19.14561270578682
25.450513120589388
18.97588776735689
21.6337149872974
19.63420927556036
18.31330167907729
19.38126086463513
16.761975472296903
20.371372960716222
14.647391988256006
21.93082230996715
19.247648170049885
22.572216521980025
16.441366253081252
16.941870208900564
16.543665456649315
17.14012785046391
16.461956563968126
19.667141913681387
20.101765529958296
21.7079960125355
18.2731072194804
17.94298395293758
19.127228174527133
18.309467681640612
18.14709742178483
26.390511772795545
18.135359359659002
20.80445357180639
18.182706940535077
17.84427385862981
19.397433214589242
20.68446815560665
21.922908554917655
19.527975882006853
20.24152635864145
19.096255609558433
21.30165085760967
17.8975504840197
18.73789531700247
22.70198970078522
23.764768635409787
21.575680772756776
16.838069381644083
22.568639486968163
18.891455350875525
17.701987992324252
19.8979977230916
20.628864976568327
18.932927084590197
18.40990025329533
18.385726766578088
19.898512982899497
22.90785594344959
18.594635767070127
20.523495614954108
21.946736424635308
22.108870034244806
18.300235589819824
23.507303737497814
22.723245152523354
18.233889141636766
20.798530047209834
19.34383262277137
20.92248313413705
21.293878871572304
19.226227916044312
18.347474669768285
19.248226932571892
21.663601454310378
19.624488796279284
22.255802621926914
19.571267692802152
21.894267654669957
20.628772344369377
21.07678802958887
23.403413078591456
20.833767677891835
23.67381106273656
17.244046615441047
16.574330496490617
20.781227035048268
22.629737728843125
21.150059281146483
19.15870421953918
15.400640533183546
18.55639649175673
20.490420917207423
22.718413643496795
18.220090014481574
18.04297471968386
15.165544210796947
15.306630392548175
21.206892701044485
19.115496898791456
19.115275084888378
19.541631663814012
17.131722288301347
18.720066046522042
13.796579131963094
18.105644797429918
15.159012888421593
16.658502572642703
16.552824005638055
14.124435207890949
15.251960566807139
15.813933276316066
15.66114652859794
18.846485849337522
15.335458983764171
17.065703187169532
12.891377753808662
16.740769725157772
13.481774018900014
16.209339808950126
14.819007027837397
19.56927076771456
15.28112847021751
17.55692696525234
15.108116471547753
14.974754829286745
16.603208522370135
16.21824577353599
20.268980845385013
17.60598270049935
16.661100042006534
12.24992625822167
16.086472079872927
15.804137497354072
11.369938128106964
18.900726848906356
15.354082950403289
18.335259071911622
18.91726796192225
16.948327833889344
17.464085609361515
16.65808656872983
17.196489311145434
18.491295547508027
15.049049577271372
16.4817067686205
17.068307650430945
22.0678943934075
15.586664976597078
19.87300274550021
12.603941276573078
18.932389322504594
16.819283971340017
12.814729123865083
17.198575155121187
18.204838238359628
15.44787932685776
14.797603468013717
15.14723739900557
17.778922894056905
19.355337791916984
16.049942362455724
13.339530574580623
15.418387778010285
14.626690768318866
15.224036801910456
13.973980335924159
13.288022514796257
10.70506791417043
12.351601768291976
10.962826396289156
12.176124911824617
13.53407059518954
10.404309357522243
12.77902250591975
11.18744860735081
12.710930613687523
12.219972996002912
11.514297795025445
8.784949120409006
12.776933720289454
7.895102698442129
13.300548728675533
9.665197343071107
12.501304606135239
11.717615022300762
9.694736638853279
12.557726269915296
12.797636781355196
12.260402094394717
9.300186563969483
10.562157203368008
8.792830657080167
12.34947056982635
9.255883511065171
9.966387335757801
12.773457349423238
11.936163799476617
9.110754837040902
6.776455590258985
9.895647461068734
7.9269231227279535
10.6683960383481
12.952852353153828
10.479723846242717
9.641434322633184
8.001779698137494
8.112555597391623
8.029601568632145
7.839997565305162
11.257105756767162
10.449574596237474
9.987346008177383
11.796665873734955
10.490183466395674
8.418356353176367
8.157777784824944
13.18507415053566
10.939659325672118
9.112873562449623
9.515166576862585
14.191573610066886
10.725619883341205
13.478689748923111
15.547324154481775
12.477417178447514
11.337149927421516
13.84272206392975
10.890492955434894
13.747454632893646
12.639588767152139
16.326795096504
14.540710415882737
15.329809680709966
12.801839153086036
15.033323260851992
14.495036254587426
11.40067624417651
13.402965672034478
10.00137172599753
11.96024918914666
11.433443926232272
11.155234538498384
14.98669614910943
11.921996552573653
11.970402975816064
9.35549459378104
11.17229001987973
12.977414156502695
12.761120011020177
13.02857944312387
13.431681795371503
13.131360489370504
15.06482226293752
11.798202424980888
11.934684400058448
11.801544970572941
12.301970499380488
12.090783167836317
10.375963193970076
12.563279761675354
12.22815279253069
13.651489395117705
12.20469827457441
11.944213459265974
14.607756087471468
12.204211954680122
14.030292107260614
10.633120068476105
14.197537083777078
15.00461613396125
14.964361168181625
12.992192621891437
13.391546022266182
14.509347411834627
12.342754552077686
13.868802606838
11.805208563596866
12.592120343446636
14.669448439757588
7.90068086298086
9.379107142847454
13.354321120849766
9.840876631720787
13.10784288960778
11.568462125914353
8.642431773076435
12.049716327945665
9.012581425113574
10.716927741058635
7.95678248238122
13.98140910105389
10.04941755523128
12.0542872111685
11.536212766272671
12.964644491557696
11.553840754823579
9.327348081498018
14.89092654059143
12.929606130415022
14.883047346270072
10.549114916108298
10.46832527121233
11.666800065519109
8.568967381666646
12.508699337971004
12.310099981117268
12.901626020724263
9.661687834300405
8.042149900581228
12.098337971936578
9.87585714647539
11.202760269339581
10.970755827822508
10.962859397361324
9.521021817823183
10.564520846382079
9.507974690951707
9.262649853091034
8.689994366210389
5.3074141357286555
9.84402103663249
6.1430467102414745
8.84479141965393
6.7625816162149865
7.940487135279648
9.216829962569218
7.351960647939811
8.305715448187737
9.609038409410452
6.212013603095984
6.930526671390493
5.1276263429363365
1.93575675973781
7.4584420108374445
7.632279990599801
7.73420252331981
6.989424843595223
9.779617791418248
7.693221973538876
6.674760466320713
10.569534220777618
8.738854781498132
8.743474897407106
6.465563550122262
8.642072998704517
7.626290733724296
5.101901619752806
7.197988757319163
7.948789453064135
8.595249292206146
8.287376411096188
7.171659321730457
9.078915773618304
7.140884320733586
10.332054936874917
7.731684389389065
6.173970036109761
0.38764155086483787
5.713829048229803
1.5660555871859456
6.602700693705947
5.670485748566569
6.64476224890565
6.928698235625284
10.006840068186099
8.886044413271561
9.325319475275435
9.174918710343576
10.206096513445978
9.280462361572496
9.037501441614696
6.559896032996669
9.549087059339776
8.20671040608096
8.304359033293833
7.55138498776852
8.81405713030303
8.81987576085214
8.63533550361392
4.439861969116229
7.685168975890006
2.33157855136894
7.84152238993094
7.328063745112863
6.85621888911985
7.276927683189817
7.896975012389847
6.003198805877581
5.480326551472238
6.270522067387354
2.417681407929706
5.520350383188744
1.9067361023638978
6.05143282311415
1.1276484155132882
8.272244431855434
6.957044553361639
6.961631671449943
3.9750045038967063
1.7648760518693845
7.4010194813677765
6.570170739663717
2.4555287480147414
8.095546086695075
7.168823569160521
9.857444906237593
7.479790698189681
8.878274922788949
5.923961768346114
5.437769746249272
5.970680628206214
9.436495371830938
9.29754197026038
6.716894081297265
5.082285817398993
1.846995642666541
4.430128956125127
1.179026526405302
6.6230040678665
6.33733844532607
6.839802526291868
4.981437547190278
2.0474892863383163
9.683220645726374
9.329730726316498
8.84375247021896
6.852802272886808
7.2121152125871815
6.196362485890126
2.0321215529794796
7.755510678723437
8.555663385079331
5.576320351899509
7.040760255062255
7.398389052402003
6.497527302976837
2.0559376008007044
7.902745760713403
7.123777395657907
6.145122527396761
2.0486203989660057
7.167049780944392
7.689844185614541
2.001007969189502
5.612292789591452
7.994485634761463
5.326458756024114
1.427157374117473
5.700780898618339
5.301763473536761
2.0852595894421704
7.730912376027291
10.28472802203658
7.820310917883195
11.840319057072783
11.72621648806335
8.040620208888617
6.63855554346509
7.10971388591431
9.207155340439133
9.94960042648886
9.346049472396576
8.256225736305602
10.053862411099217
7.314105849122693
4.764020722423431
0.6575770913144426
7.50464559923836
4.992094955503497
1.6065584113025835
7.635714557682605
6.206512026580302
9.073356752209287
6.128916899815852
1.3947147784174012
6.20266496948282
8.566405954756094
7.802810959533142
7.283087904345678
9.55774382680176
7.861251576280335
10.339138603075211
7.834349250401667
8.378400868031875
9.376460332384323
9.84698323763057
9.144834859880607
11.23822767677875
11.668747482004727
11.183646986515981
8.537786096496719
10.097497111966772
10.110347099982986
10.300791370281015
9.359420379488625
8.809761147450521
6.91098161899238
8.784828458776381
6.939723766993749
6.407248939306067
9.091351830220308
7.718265081783891
6.331192742747442
8.604272349413394
8.505903425478479
12.037806648053
9.415653065159107
6.679584737125788
8.558986512414167
7.685618221112783
9.892727482767786
9.345581504719018
11.423308114942955
9.436254415728094
7.742260902825915
12.892256788375185
12.877061083157352
14.110170461449133
10.846307607548688
14.254110277392531
12.560235733380718
11.387986824071477
10.690586862934191
14.559097650417183
10.854735230854047
10.960086816657498
14.096604908787732
12.262885426126934
13.040523070985802
13.466038723436132
13.650470190147873
10.591251421585161
11.252024806940934
12.535826234997995
9.469681823197797
12.488608488032236
9.599618695286177
10.29378607065889
10.190001056310685
10.611080707624282
10.48186212191546
11.82947365751495
8.576127630636092
12.268213724100981
8.93879679427055
12.253148721901464
14.091251256296308
14.853114819171923
11.817189429038947
10.440949386470477
9.346808804302777
8.476809813992343
8.965449274047382
11.15012617633593
13.431835584582574
10.105107937588786
13.247055525428912
9.438570029352872
8.082443417969813
13.335149951980968
13.555073812178351
10.80352148475242
12.000144950196374
9.711866227556918
10.449847737137627
10.5783491351509
11.265237277458514
12.172772179407573
11.710413349972793
14.402946788650429
13.565998673835711
9.894199874384045
11.090404537787741
11.694978210041894
8.294223195363248
8.16401432347487
10.528837127004671
8.401350959198826
7.126766546709854
6.628680736626873
8.933183944842204
10.153184868644747
9.608867308344767
6.689756153405791
8.03978891653135
8.909337949315729
8.772275695182593
5.981274293731126
8.690763741429443
8.146371825898516
7.773986637617025
6.4661072359196625
7.305181354296073
7.108844467563048
6.380420522651534
1.9528471216833945
8.500584700137605
6.064560104290842
9.361401361082276
5.942204877842556
7.821923585591672
7.335491125427251
9.59354161107088
9.525130178099875
9.315545545307497
7.388057135339666
6.778960043746957
7.15348314970544
10.310952310841142
9.240217380944356
8.374400740305079
8.802073085064666
6.901052936530907
6.968619550212238
10.306115071465994
8.119181900952412
9.216974934380598
12.409892738982574
12.688087399642612
12.039065580637423
13.126668329700793
13.252162541993217
10.673280503511005
13.11155163345889
12.915032894875928
12.019672777857433
13.615338394481686
13.016702848384881
11.081075923128104
12.245786425702812
8.62656881545744
14.305580583631123
11.762950506997784
13.781780232781404
11.674321006978483
12.046676148747014
10.36571823522292
13.647052611209492
13.188640436228415
10.646738230762644
10.89054796889713
8.195887587591994
10.974411996455078
10.344707880387542
9.716467568605445
11.04995545470385
12.082576199998991
11.305140415826928
8.026474956879442
9.647363299145919
10.500077333714351
8.967486784107464
3.894892492799003
6.457152244505236
1.519907387462469
5.714824165698849
10.22467471474376
9.458140449215506
7.556133525297555
6.1570291009267715
1.9925368429161971
5.224302626149541
4.732039130947309
2.217899319727231
7.320869246807878
11.223804412749706
8.46157582575021
11.114709582326832
11.335538109287056
10.199781338300648
8.210596457554006
11.21387561797234
7.544817816414853
8.560578814726558
9.593374621136661
7.4551190152076785
9.379612752544901
10.018489895713639
8.88722599730463
8.390944052497172
8.661208657638003
8.325582223449397
6.385498339552645
6.950181712734007
7.5576140622724575
4.776693357328838
8.978582968532375
8.450516343693929
8.63957087299913
9.296784895495671
11.999552275179274
11.669596379480682
10.564538785302412
11.570480496806814
14.193647080082453
13.137230276130868
12.728710204869333
10.398729755721039
14.765901677115403
8.586971991466132
11.0758251312401
14.271603679266706
12.190903129296133
10.60912501984556
12.699181034786502
20.579385219503795
16.301104937303116
13.677019572584385
13.662293772872912
16.745689353403943
14.992417221115776
15.836659554275098
13.873868126951049
18.244559523970175
16.02844759078871
16.98504518306948
22.222619446983302
17.847752171032322
14.476595018137575
18.869910069959083
20.494145125024662
15.544376046808695
17.460251523858044
14.365722368533072
14.671352265986611
15.262217625460307
16.731645935741543
16.752490971579775
17.085411973710897
19.571986467151692
18.21562009810895
16.988421430581703
18.314464274801143
17.91067334713537
20.311913487482034
19.028304178291297
18.34551078785842
17.78956781094159
15.935976363833626
16.344968218667987
16.087748619903753
17.495729917847278
17.665196119016695
18.260978393045193
18.267236592896104
18.17182400926846
16.313890503389143
16.460603764585322
15.400351013380796
17.713499019870817
13.541857991879777
18.932848027443615
15.70923079467102
17.98897992026637
18.546676449766917
15.233345410343631
15.747583080392612
16.003917335560402
14.526597734318232
18.165278284696203
14.59404827146069
15.217430817991648
15.413023749676212
15.701375262757676
14.055624363371212
16.941631141887903
13.948834610969483
17.904027752734617
13.842261775879999
19.78815893833047
15.991038245443361
16.68288044929905
15.216960470916472
13.599988473077431
14.824612996727705
13.935910804009628
13.046612352909056
14.205805782500006
14.221347353813695
16.381754621081992
14.413371400385818
11.14208595107004
12.371988244783635
11.800808185275967
12.411569600469594
13.117795192573972
9.814305086189918
13.579018966747135
10.980925512474032
9.984777745295485
9.690102463342324
12.248909690085172
8.296159196030505
9.827419962544127
10.972191515770694
10.301770017317633
11.701956447645253
10.046949312052426
12.855764230835613
10.636410201853513
10.11319538319749
11.437051724981156
11.23214871267232
10.925449508927807
9.44318367544771
10.521518990711558
10.546555977356105
12.11880763928159
12.309117939305487
14.827496931541935
10.912159590254705
11.110615181942492
10.591085545408466
6.784590826771577
9.25986589596588
8.226659672150523
11.89905432704914
11.528874666954966
10.335125089481922
11.092800421686555
9.55659803086849
10.666831257037169
13.562818699764888
11.282218707509125
10.646760459832173
5.42222610315309
10.260995371688118
9.99261027687575
10.591524600299504
10.651949089967811
7.004769160006837
7.844135040776377
7.533913053263957
8.097521739447638
9.410424953283714
8.620653653020282
8.068462159297614
8.025011826654367
4.996752326521432
8.624209604790844
6.042420819888915
11.883019081772762
8.149393597464629
8.92057925158058
10.530709666657033
9.895317461182733
9.8859719161434
7.937400991667102
8.219274321318357
7.029205728029184
8.096713283647993
10.04205823992018
9.93903199192929
9.68833951718077
9.117953516015232
9.690549933076845
11.571777288011212
8.783222601348875
14.564969293327808
11.795212932796687
11.63723551262105
12.071819434651598
14.430063059396726
13.114761828441207
15.537480497892858
11.155019068762089
13.6574069420301
15.670896417040211
17.737590798685154
11.558053386012533
13.992795713634532
13.28280872792343
12.658261144265499
9.308809027790886
11.26823894176383
11.354812837118857
13.118916425570257
11.376137038172013
14.557809221628961
14.455889136628823
12.25889120604945
9.530054322011678
13.96616925109253
13.649215249424666
14.811265259873215
17.69290219748987
12.831618517632007
18.776080601241176
14.369418704314118
16.913628708974535
14.838958967043707
15.150255944731642
15.810989293069992
18.413765324256087
15.848737616914741
12.32132286652781
16.877322185299718
15.477799939623255
18.56936395360085
15.752682659896278
15.19417137024586
12.91659558489859
16.58477269147271
18.022510233398418
15.556670547215122
14.735069694765391
17.560541606927554
13.160273741190705
16.87038174652909
13.864007801370931
20.295992498538048
14.268195453803191
16.117228616812852
15.862091760626072
17.012789736258664
16.011575259263342
14.738944145429109
20.01113325795148
17.746130521560797
14.635739365459036
16.2241792266969
18.523833086811248
14.662803375809915
14.065375685199387
15.879914325454749
18.78534587876126
16.694771117126674
17.44597070251595
15.32182741546781
11.079197871304315
12.409789811167267
16.56146458987334
13.987860759344635
13.24710864633429
14.931135805875673
13.92274197827996
13.674631825725552
14.349568583794436
14.136068905208294
12.657356991728292
11.46546208960482
11.062175477310802
13.243539232656609
14.47342148331768
8.906210163639582
12.399477129946941
9.811135923896064
10.274335160611805
15.966160475896583
10.806464900528683
11.381225476162246
9.075458154864824
11.064375862284425
12.157105052122166
10.683531420487613
10.741594620936944
10.350583938426617
10.211051045493242
10.58287690121808
13.842492354791405
13.254236236270755
11.246267617554318
10.48586643322208
12.518850843843659
10.629506352414936
10.86723468333802
8.602904171907035
9.99542717235169
9.8192314753883
8.772882277716137
8.00304816178549
9.263710113728347
6.888730540947117
6.148351128104139
2.0788978966966587
4.746241916607055
2.509201825668595
6.950817561997135
1.6444898279650766
6.782857554618195
9.487995377422301
8.37915361558959
6.5512245551379005
1.5812029241637928
7.928757042514783
7.012258865317921
5.166659942110781
2.750937471381734
7.810730145647625
5.864461132850516
2.310130021935522
11.062996351388223
8.09903399435164
7.473424943183464
6.775325445442665
9.724742550735888
8.903641229686894
8.14018399601757
12.0823594041206
12.17452026887392
12.492101899429015
11.389695629147742
12.839630010710987
9.449679831317473
9.75536445657117
10.379323644306126
14.407163788706502
11.512324672304457
14.938668762458981
10.318851199195889
11.573649720639173
12.183977878801516
11.239048665439343
11.054599127827583
11.006993795876971
10.88193784936728
11.10081295510525
10.477181843118327
9.10586860932964
7.94634035409236
7.27668573650799
7.160570849514444
8.677666434902147
7.399258742179541
8.247040954047467
6.395567734922235
6.783021068632319
6.437929033186978
0.7893905232629037
5.963593621497087
8.276704534943294
9.111277812040997
7.886319362549115
7.150332795302445
6.107983378498448
1.2308016486410713
7.003455628173784
9.217540651247097
7.5877003614484515
6.721457063615736
5.8744418553034095
7.540317584285276
8.219249202419507
5.666676514433018
1.8719350620633843
6.874601430922498
5.877228027886521
1.7525798613343389
5.3335254242211745
2.1696091986170476
6.9933715039811
7.858764409275779
7.4213599918295055
6.796258369998511
10.16918442931216
6.541375620578097
5.840501587603871
9.284400097566571
7.639884716038736
7.617592304116894
7.806890711761082
9.933422906761157
8.54441900641307
5.668792330066673
5.8405769480391925
11.430776844507522
9.018901452940996
9.274226751106031
8.21536155643665
7.517173883096958
8.627916365632293
8.478686238755332
5.844752937662915
10.380176450243773
6.843027285755262
12.03767560447946
9.175826166417304
10.865043165563899
8.925095723761498
9.289603249741786
10.603312866510326
9.411570197539522
9.741576744349077
11.661097313368945
14.357826772959687
12.876882624604251
12.565557303829005
14.135954441550863
15.836641391169227
10.058237596237628
11.630261154164474
8.887476828523663
12.984034337221617
8.537635121624145
11.737163773684934
12.428191401062012
11.008971291063668
12.08587259409874
10.678467213667734
10.936683352192235
13.312914632365123
12.556349682249495
11.435641574852689
11.471630691505531
9.03998517195015
11.143318770347042
9.357439230104172
11.777285031739277
8.006390148525739
10.330194365523962
12.096944135366963
8.779477862452795
8.886832259857753
9.599635193227153
11.649098145990221
9.486396804323677
13.666012530402018
12.938243990746765
9.906730158005322
11.698992048994613
10.065726064058804
10.05600254228127
11.231100457738124
7.95838674711537
8.011970564976455
9.628934743593426
9.806855655020719
8.645372027375444
8.811616899309055
5.491563754817175
5.859852767358785
5.735027821144606
2.396944704758968
5.431065239467675
8.253922946888714
10.025148878858156
9.327137546540216
8.299743226623656
7.254210849982106
7.386137440267891
7.522029990164015
2.137835083186055
9.02519084500078
8.505148193604793
8.636629604910608
8.988903688607717
8.636065517172987
6.780780690152444
10.28120705419227
9.865008468849068
7.917961612997249
11.528923202468
6.415930700304174
7.886983092434081
2.22349493346894
9.44986993174191
9.607191450052364
8.915975343781232
9.706205318553426
7.021212385194413
8.316557506196363
6.508422020785512
9.676734766659894
6.95354528311876
6.847760931941634
8.38670153858565
8.091615436654303
6.778192767919075
1.32900605808135
9.77934668130909
6.782475261490921
1.7534312967254961
6.503154848246426
6.157052560013654
6.329328291609609
6.452839973320577
8.641411751275992
6.836903097826639
6.049548119613294
3.8089708565602463
0.6797169388982185
8.197053499797827
6.482621980342689
7.175503232722979
7.7415738001230014
8.613587785297542
6.285439520633207
9.378554322531981
9.282161918046366
10.974047061444896
7.289081517187507
8.966315130847452
9.674822768932046
8.84903311093367
9.687480942881855
7.942464149813847
7.825518484990922
7.852874960086177
10.51217115461337
11.52429086138582
7.605021989763324
8.644332160360772
4.4033872553110545
6.37662567914191
5.62605731376241
8.27229377697187
9.188599411181961
5.053207040332436
7.398602774465206
8.528976410483185
8.266792146002294
9.969735647834232
9.703355879914964
8.529427585364429
9.199874949938401
11.490836212630764
6.287064160910435
11.240153658445811
10.075987171585755
10.185909325633776
12.675608878194208
9.871640156410994
11.926417744590532
9.070131057089208
11.689251149706536
8.99651432759168
11.904801110187348
11.990145887951165
8.053274857006294
9.751210209641185
9.077808177604963
10.523345382550362
10.168462150646953
10.07484240113271
10.227181959012233
13.466417501001999
12.879841483472452
12.92701413952116
10.627907132077183
7.295138688093017
10.842245324226207
11.678075321996227
8.899982564698215
10.388975250664284
11.839163368487991
13.47790178285639
10.461766481877133
9.972445708491588
13.023843823637312
11.451618141324925
11.376331627047048
12.437447501756706
12.258548787266419
9.851493409798396
9.97657981529085
12.18541411180499
11.564902786342564
13.689888504655556
8.888780921958164
11.436669992465701
8.514604191750998
6.135705578746165
11.453112183378376
12.020794154566918
9.8357082087754
6.6832450171090665
7.884336047970961
10.043718352308138
9.607840301500165
10.750267997462316
8.77512247028419
9.350420771325267
10.607739336528843
11.766068759375367
11.15535738123081
10.128596717841818
11.81231085625732
10.077752386872566
9.45087776211592
13.005596092099024
10.846661978099808
11.255591418610836
13.240271973678922
10.162452425133662
11.625147379651304
10.402933805075733
9.752460526868132
11.852040937233003
7.651494777755171
10.070651644501911
7.967543804532236
10.1447597429679
7.408785251607751
12.277603365051542
10.589049036092515
9.028471003250237
10.24608621699741
9.811007572056191
12.17557965305635
10.8120225411272
12.071458103934381
13.898356108226041
11.445604874141116
13.2309850639868
11.441648813952503
8.953529896945867
9.030649529888967
9.596382084882228
8.950796386367898
8.502057073273074
9.814166464536115
7.636112899273066
11.08149032656547
9.78352205733526
11.696632522055484
10.33259776149184
15.112203687369101
8.036916670596275
12.624870183729538
13.391454880932185
11.40453697417333
15.394362697564983
12.974976614972546
14.141388999616204
14.9489743964452
13.629392459240853
12.796230429922026
12.355130686434316
18.351647856162334
17.64640740706154
15.636546620312275
11.916006168747288
15.93356922221247
17.728965106719677
13.161327844327209
19.88461159380892
16.96110135647313
18.91977551709716
17.692781817622905
12.22495902663817
19.618414804118956
15.077510390711094
14.958329167966419
17.02220663480664
15.372914979285431
21.157702363162823
19.64631292156724
19.972334334490625
19.071573996507166
19.877075876738015
22.724003243232474
19.355750186274012
18.195095682907258
19.570878309917155
19.83726788641442
19.708950916657905
21.684142335591556
17.329265992889443
19.65167822262767
21.26309361004556
17.487835871153088
22.167514366221223
21.357659507069283
17.221145615274555
18.691197287139875
18.676227538726316
18.916896987336266
16.449115826746592
18.645198964223226
18.260623619381946
17.270551735342792
20.245825076043207
18.275128368694272
19.460265160954922
19.940456811446822
21.34048326708357
18.343107123384797
20.997390597163783
16.312311177131825
23.321549868872193
17.099306106224084
15.996392084861002
20.667013588537337
18.19655319333582
19.114064479538765
18.37845062541357
18.85290226608134
18.610000852881697
17.775806884130272
20.153112717439146
15.396002880136647
18.145316109610985
16.10184103752855
17.941920624268707
18.43915515333584
16.55821523166913
18.4445065597002
16.1675966219136
17.889886874501272
16.768134082821796
17.805237753462638
21.30164582604581
21.748872485681087
20.02258861965733
22.261764840732546
20.642811046921995
17.18657448941463
21.536395631482016
22.580082974323243
16.36054641300686
16.359167893862786
18.82488329833656
23.656665726355513
23.4873298270284
16.722436781908087
18.570993088742668
19.75057480296785
20.840170055236825
16.808305079599425
20.10908275116486
20.905910658581455
19.334084489742498
21.594380306741872
21.491264814671645
18.155303923324194
21.4882242928947
19.234221106552038
17.582486610086573
23.26681311906694
21.45073822037206
19.50019210612603
21.533469555879826
15.741306137649925
21.945380211896026
21.427641293098148
18.563163845423716
16.525080815728035
22.35990505604567
19.889018543001637
15.764883954024144
16.80234421461575
19.37401420731078
21.145141061940752
14.746934180478526
21.447709028483636
20.74516258152147
19.109303587307313
20.078736915752486
19.50483462962036
20.964881989025187
17.213797678174906
21.048827896482372
20.507545245548762
18.006350193370846
21.2409265802
21.57400067900243
20.576492642351788
21.403357455451797
20.180833205410764
21.15881514784975
18.814207719521484
17.821293099056444
21.32013735955636
21.4450424056933
19.196549031829235
16.427870777627767
20.396001570911835
21.348433101209615
18.819509602493973
16.461389095637934
20.847849894847634
18.467445159469662
22.68636735429131
17.603801761621074
20.627150891529638
17.781646597144544
19.19670097344818
21.470549368523745
21.280134235122425
20.619235613579423
16.72550193616753
17.833480228806522
22.81359528643809
20.752194163084503
20.123496654816336
18.163642110699982
21.131092128038162
17.578148385602454
17.62319715658081
16.73863445024299
19.75634723679329
18.517993217526087
18.85186362817079
23.00610861781879
20.215071149292925
16.81296624617559
18.211701634964694
17.67525377612638
22.328383423676005
20.974270123626354
18.255124467437145
18.388849821839194
18.237606848972383
19.482363244666313
23.774561998976406
22.052874218557804
16.846826495801597
19.682171013455346
19.553350544566808
16.374266944476776
17.537217995477906
21.73470952623498
18.83126978807993
15.892835584023906
19.291764750178128
15.80870627240233
20.819667908067633
13.439218422899513
20.269043957568638
18.868349946621528
17.80327226391205
18.931836250074358
18.300702636685564
19.58483969134062
15.89995147954517
15.545917451374823
17.022467880107172
17.07809862510561
13.84085190382072
19.186324281362136
14.90849031715133
15.35692334810576
21.388107818983233
15.513846698509338
21.41359232318171
25.490893462634578
16.37475351201328
15.69131684280438
17.354179981381158
16.598993580957117
18.586808936910316
15.111745597168563
18.501618454098445
18.475267186477545
18.152605399169154
16.635046417596907
21.802482364423362
19.049089400700748
18.66888896451925
19.51945789597295
16.487989413716658
13.19793334569122
14.69040036023411
18.569159252324965
14.251084350723358
16.2397682620683
16.08612948354517
17.664111826313608
15.590489215392482
11.993759979746761
16.981604737274672
16.414583666808156
14.072347781006782
16.909114052369873
13.0758961030614
15.901791284559938
14.786541055538478
14.470157868055908
15.387731291104716
15.298589092818135
15.899707239213257
16.800419001603988
17.30292639861921
13.336074094100399
14.269463159243234
14.151295451704968
15.270688651305722
12.985011871934436
13.543967165723489
13.171837692595835
13.482266486785411
12.291595285817039
15.568039459570121
14.811043734002023
16.77371234472353
13.771561985009471
11.40696851871388
13.24948626074431
17.48757827683867
15.411976014778205
14.34425837810278
17.288227432656903
17.072707078812737
15.269467845487164
15.726768883066867
16.520620926555843
17.46396869178562
17.769635287835563
16.529100902419103
14.691454848227089
12.816763392119686
17.278111579081067
17.68751104020788
15.463795189143141
16.877030581144073
15.722993121109006
13.038953186444093
16.20156018840583
14.510818088914796
16.98487607568042
17.467100431384452
18.593309031103136
19.32121253031807
19.896427229620635
14.316555060973947
18.205125149521233
18.73098701478154
19.794815930919146
18.713059246954522
26.087737918280222
18.77381635399269
17.43000298051316
18.25198002979534
20.663181385468096
15.68734813069488
17.077521042633716
13.675608582741141
15.092332783531287
21.49124026332438
20.843562558638535
18.664449020443403
17.175648765567622
19.587731663555044
19.56925687741286
16.64932738510144
19.30078433105379
14.891916297543357
21.225047626777023
17.219660316475032
20.494327668457448
16.495872303516354
20.79694857673286
18.86749598745521
18.82389857017031
20.539171615301345
23.82463891873006
16.45761621533722
19.951898380772857
24.938298474150425
23.0302068704236
20.824841065443646
18.716924362559347
22.42126742130503
21.137384003335633
21.940210654260078
21.977714507075724
21.292924406713677
21.664083911178892
16.546900977379305
16.647684067842953
16.556737094296327
16.59957323747376
18.475373268222157
16.597101830485386
15.556377722392956
18.864137358282058
17.51044974922276
14.444652525895583
19.930522299552035
20.63745826412366
20.37386608226537
14.767130167042117
15.479105228903009
13.254411937599155
17.361576063262362
20.806364488545682
21.60582593824435
15.33305719244397
17.770719640592766
16.862181965460273
19.54473034824755
17.136166789258183
15.52685177293558
19.869125563759333
15.625223930874597
18.014989588432503
18.308496319491155
15.297004140596107
14.999047374398295
19.30457678330675
17.636343446551802
13.196490607993072
15.34307609655352
15.479689539612203
14.231686389896455
18.094781761048814
15.887710496481434
22.671283335926038
14.255314145436792
12.707398519807517
16.53525636406633
9.513153738394971
16.915926111979793
17.629935299758653
13.037055348967227
15.630620594242483
18.82468902889503
19.717500439121196
13.757629530451856
14.201971755909717
17.98264180023482
17.073981189239255
15.89846654971923
19.162519168415816
15.494757157039547
17.170697890755875
15.165088900176109
15.743918616390424
14.635981661524252
16.839241180735243
17.775337725202448
17.48620889482513
14.588006688117732
16.380782274117497
17.89233906956939
18.162134225613713
10.192383750572038
15.264542838300493
15.984650998178266
16.75580204296437
16.86454302284038
18.77146344626142
16.986584407263976
16.698212594462444
17.76581060729192
15.089038011457758
17.976124940187958
16.91104951135071
16.212858248805453
13.347929552136657
19.218676944891502
14.336804085230916
14.010256558627736
19.121582609043326
16.698565845822692
17.43388471475421
17.19429329798381
13.682878965475604
13.759366268177946
12.987077702578706
14.010625779885617
16.170565313141278
15.432985274589258
16.84118840896646
17.701010005005422
9.447117495199288
16.448245267025552
13.81332784080069
16.23790266573347
20.087449330386477
15.509228968898318
20.363085786524344
19.542632433256056
18.082645350793644
17.289882082836694
18.28438815277245
15.628086069177229
19.302657730117467
17.406914304739356
14.741044259322248
18.266052974063687
18.17419796096699
13.624055318882306
16.83773190918313
17.658199214987803
16.949178124963588
16.455761679941205
20.318859439054506
19.379094989527992
18.25386946012507
16.978682007953953
19.789541481424553
17.343285876781387
18.12065908008536
23.51630963052522
20.286488145529013
19.08345124864307
18.71961412614282
19.879749049883095
18.365672103134287
19.279469499322424
18.838000585219003
21.604524385164794
22.831108258896272
19.048807993715904
21.511404115035415
21.215405933637737
18.340907634644655
23.62559660457626
19.1697370936522
19.25071799210801
19.679596568554764
20.163704249937798
20.267325495253047
24.523959488441
21.290352410380255
23.452820105343147
21.082558933696124
21.570397966077916
17.08986297026096
24.33048515533632
17.334610090110285
22.226539902818086
19.052922747394543
22.8652181041134
21.984010158621846
22.511467795131168
20.746194639847783
19.353537748305968
18.431436953607715
19.68894830976239
21.02232527674937
20.69049396369757
22.787751177020592
20.91037724415389
23.053964139945556
23.536015684624676
20.668870723037646
23.28920340606528
17.80648666081235
22.806849100810354
19.397035462943045
19.912941549562824
18.896889851585478
18.67397365860813
25.396712303233425
19.484871896783687
22.314423663564963
21.57499179256096
19.16759859320358
19.317826062198417
24.302275808295015
21.478751925231713
21.67638397327313
23.547448288165924
24.067467998892166
20.657803232945675
22.587790639715067
24.4598409339825
21.00355589886795
22.222281263206767
22.262079614436715
24.035607352010228
21.699364022041724
24.726541644387257
20.614930669041126
24.116699805676927
20.375090272647515
23.599106131765758
19.884900636818763
24.226375396497243
22.963492407027637
24.161145876943475
20.452876353558864
23.897519485917826
20.058217175252455
22.164584466610574
19.853062520963938
23.268439350015704
18.967801136408067
22.588253955812586
22.761137910627806
24.912116722045397
21.28630283037553
20.73520289444937
22.13387590119166
20.339542120466362
23.943858478156727
22.51513190943551
21.821093168032206
23.768528813095983
21.57330724297529
21.460203965169526
23.82022677259736
21.104206819120837
22.212560379348453
20.49846290784588
21.816391866951577
18.75532223985526
24.55866757299315
21.96697462605772
23.6453387560496
21.577509701527664
22.758755126424767
23.990505562113793
21.696934790286488
20.410649432794358
22.305883841898382
24.39241531967335
22.081659326181082
21.67334540891964
24.352479814222303
20.947971832052644
20.053404755089847
16.53324114360266
22.211337732099413
22.135827638259602
19.469736160011873
15.237772816340984
22.026305457049165
21.281823453909787
19.9050132074576
25.22898032278569
23.534797393990445
20.56290008325145
19.90780073336235
20.192671269945023
18.613144166622344
21.45146585082421
18.60341518187266
21.68524283601182
18.691787459596558
19.512223596807857
19.770681554788958
23.63921209007967
22.95095325188012
23.4552182749984
24.253798027805338
21.895568895909786
21.84217615940507
19.910529685438323
19.690767598642626
21.795131385612766
20.935145839042537
21.48484614590114
17.9331288734902
24.868537527073563
22.762630141522845
25.048098436745747
19.838780294511796
27.39550075221848
23.57043811808692
21.32709345309665
20.97314575131491
21.91591895231928
19.115730261806775
20.585173879726746
20.06912799435173
17.72691965526693
20.866809764790172
20.428696283967437
22.950415935282834
22.01238518889657
23.321260263247975
20.430932736131197
23.78935943249627
24.421919210755576
22.25503426121839
21.591344709476587
19.60719952918792
21.339787776376298
20.919392377092194
22.17551266692023
18.386283770827937
21.58681290856691
17.684361497157827
23.21531194309083
21.15047823254211
21.285431162253495
20.69809028250109
21.790700759944343
19.66608135093353
19.12633226885628
19.83777007269479
16.576787231187613
19.79693530963751
18.60548249887793
23.887612360353796
18.801744172489762
19.65457046556039
21.076605222362204
21.299938178690716
20.577885233202558
20.283895676005702
20.21090917031844
17.934677319421073
21.1861248644639
18.506077464545076
19.81636884131665
21.354637158704495
20.13159914405347
19.837059526626682
21.10065536752147
19.187642104539236
22.797378788443645
18.9817538171814
21.016087805597994
18.38988867086779
18.292049059557932
17.14467655617331
16.283718174149925
20.206220944615605
20.94049664767658
19.463781413315367
18.684188924879436
20.67418390030688
19.586765371946946
20.028098257022798
23.61999440734434
20.243550966595134
17.401425137867587
20.373277240358764
19.719296266446772
20.279086504723576
19.57054628927296
19.3372177682144
18.912193268453958
19.962872268661723
21.777013521604168
18.495243333780646
20.107187672594588
17.72422489964513
19.13271387359142
18.710772240709904
20.557247431962995
17.19813892594141
18.131481645804733
15.212541543576236
17.940778793128864
19.900988568291815
19.360528092100395
16.866609150196346
23.86783800348297
17.80174297303918
18.44881586503801
17.869952454504872
18.96902101004971
17.737692468591042
17.93445593808754
21.464560663407344
14.129427451410042
19.695249867226625
15.634173894599911
18.208315551282144
17.407263819337032
20.71163168440394
18.47102648268654
18.177843840878655
19.770488775177196
20.767375718109705
17.516217086004886
20.16280454501011
18.583429676679387
19.47677047124645
17.550670730964754
20.472779206300114
20.755626895855023
19.47876805162061
16.77954429493944
16.34492965874298
15.93252292346873
20.10219517195748
18.192024082915168
17.50440809793229
20.156927448187876
21.085151238407537
21.458503491622665
16.23691019599362
17.488485579982942
18.7531481798122
21.67389567615235
19.63588517737726
20.73603920825293
18.14473905133058
18.52523105507688
19.336800684653923
19.442011463543125
20.398476761767448
21.630296080685728
21.267882741728638
15.004554454226861
16.06496744582139
20.768119288482627
20.934215172289136
22.50287657903974
22.534424049209612
17.80575096093166
20.571174261666474
20.92190490765419
23.465578863863467
16.435138644233607
18.779785654252468
21.507061119983042
18.281172081519376
19.593064317617745
16.281272732425414
19.993194483553772
21.602722349144816
17.618812083339726
21.38376558292803
17.02856008784212
18.615617687378926
19.553254535264674
20.369709800113576
22.03296916460523
19.53223254843698
18.616782595571213
18.025776152703596
20.078697461077237
22.9550320904367
21.842718497824187
19.41056005806742
21.672246622053507
19.138364058366992
18.49256355641624
20.160433664996912
21.45512683514103
18.318301961999573
18.571995583888903
19.956041861977074
21.408110283451617
18.18757169304783
21.461369316845662
20.39960791671334
20.745075714106424
20.172982444920084
17.752712692982037
19.05725969015772
21.043310164487533
21.114271007249762
15.555679585907836
20.353104858363082
20.42570112755147
22.901853500391944
18.265778594419203
21.627844546607605
16.45246260230012
23.26954502246638
20.770786768334766
22.161151190555127
19.387957836165377
21.040876892209006
21.485381846846998
24.45916815905069
21.015783991768103
18.6954922805087
21.69084283691067
22.370380409958816
19.888206939910013
26.013325002856472
19.764148273688864
22.68622888001185
21.08689068932032
22.9700661619834
19.060673867541137
20.451952036430164
20.403456672511997
18.749750648915327
17.72255662722512
18.775338672742112
19.132865763145464
22.409538607401696
17.52302480724405
21.0935221845772
19.774070521826747
21.603266386237742
16.950509715485857
18.25615788831804
18.727243622197065
20.77804926942207
20.64385960309644
21.871622511995184
22.84075187099782
22.603839055913806
20.918505800731072
20.32856392017764
22.231228724796026
21.81226523624839
19.677887320917375
20.018221582504644
21.27459474468338
20.550995994876164
23.792032419197774
21.41618268730766
22.537954936727076
19.930560027033962
19.998386844027582
19.688326213011408
19.878548096704158
21.65153620385807
17.425073377673616
17.561545870556195
17.64274582283569
17.71742926602059
18.599392702764955
21.325087668291513
19.100538882685026
20.037308974262828
20.11837528947127
20.890035660801164
19.991172485433985
19.50975062298581
20.961916123120613
20.92015710845786
22.775357746944866
19.832398323763904
22.947116378830973
21.22125566466234
19.240108672099613
19.70718213240301
22.7125988711901
22.579945620986194
23.458379639033982
22.205107778868214
19.345928750027905
18.90518844125967
21.263136231336862
20.902299551362383
22.08724703151979
19.626936588671438
16.85724067475159
21.786098321802008
24.299549886244765
20.997730374828134
22.65796004445197
19.68564759588805
18.680707251324684
19.600223038330913
21.752111810304772
19.675221997148228
19.894422875903913
20.445072098215864
17.245457436140235
21.437204848307967
19.78652737924081
18.966032044363615
17.033566441851864
21.33411547741225
20.071549655616707
22.328556891429034
19.891471082756127
19.02043158158798
24.30085412873824
23.02973033929032
19.266638769677076
20.394305300514716
19.34739101816521
18.590207979765324
24.63272562478163
17.819234619464382
21.22301333446626
20.185138007691346
20.60660103534738
19.824858912953975
20.186964273265534
18.34435977649475
20.835791985618133
19.732361341979285
18.16691543525462
18.099977252223386
16.365068667029053
20.541703234746546
20.421140790425945
17.093559978380135
20.52935731284711
19.447558199127705
19.9220451881628
19.4127818001937
17.85558410960152
22.08368711667286
22.519104517742566
18.898195042755027
18.478307732525135
19.46592766845581
18.859269739892802
20.60567846161235
19.73256828659306
21.298824011788508
17.191214287647767
18.8774626806902
19.84334820310848
19.2037734170824
19.66566701641575
19.55242542660644
22.74861660117419
22.294216932802836
23.539310262478086
20.6255009292275
21.015287057473063
21.311914693736618
22.195962589743477
21.049240778254987
18.99610409852337
18.554143534165576
20.186914106146524
21.075384210100893
19.988997867978497
20.172638097893174
18.912139335770455
20.08697205435882
16.564347161929458
22.005595970718954
21.897581960948504
18.8051220009388
19.869482338557198
17.231192445181456
18.310270978644073
17.26691552217429
20.385929136879557
19.270998676401998
20.288898151890148
20.149211861998925
20.90518070598158
19.698660307176002
18.379306414921775
19.51477611277203
21.980555566168714
19.517860923406175
24.168860142311352
21.063421024401226
19.72888003193839
21.526980125002655
18.37579716328927
19.653956994913703
22.383733189768645
21.630195761827295
20.545115944906676
19.241350041987822
22.277933441442286
20.000725822455767
20.597084076167253
19.30287832988094
22.247861040570417
26.000763622738795
16.8003809905266
22.19543434928332
20.118725994768624
21.973612387388105
22.902159406146914
23.20010350783471
18.187203089042583
18.11775443185173
17.993052981484304
22.328853765161316
23.987116926658743
18.63528314452889
19.602465724677625
17.63091798356256
22.102783477055397
21.023769975270827
20.65977600918527
18.897275838110797
21.675834254494013
17.866435986668513
18.27712502473952
20.396396757865197
20.902810935776916
20.152662186476938
16.513133830909155
19.798414068152134
21.776566807947514
20.511390146562324
16.61443668029314
19.305786184555963
21.121718983025357
21.78861998266021
18.738289616060094
19.6591703882047
17.09001337986936
17.801885546453924
20.775370209910957
20.729602499434712
18.289313584665216
17.955118682071515
17.694734870102046
17.86252950113234
14.385573184508672
13.72241878605101
17.842259802309027
19.538166281195693
13.975382142534226
18.361359294461074
14.010694068008352
16.979230531391433
14.662578211834308
16.398155499834292
15.45318751040305
12.128738455009074
16.56207382796951
13.268366809092274
14.419640723272064
17.004869407938045
16.904149179555432
13.16774878577188
13.087600827042342
14.779680888802561
16.85646602053159
14.068976280665266
14.038580051291257
14.484984231080915
14.938855737794
15.66744858808263
15.36268920634218
11.027017527946251
13.411135141793348
12.007280416486726
12.501339371272993
13.450493893773832
15.636456576743715
13.905330979949046
13.792136942885078
13.876255150193533
16.157317721102938
12.622182173096787
13.599063224569317
15.517530270480218
11.849824645248072
10.301510789936511
12.184016694781
10.27063786908011
9.303388504914116
11.818341763912901
18.337070300923294
13.556959560776844
17.99918999484077
14.461027419864813
13.430276644821443
15.321429501016063
12.094086039091536
16.981000803517674
14.222934584428192
13.094043881070514
13.876030954334716
14.457933725811158
13.45343041978288
10.06632084456256
15.002807653340378
11.09593451270099
10.434867807305512
10.04438188872419
16.13471161437247
11.278866566005126
11.507386641717865
9.095707465858895
8.163443358047319
8.811017270191817
11.773199390223832
11.543667809681203
12.896640011823605
10.770955914427356
10.843977405470916
8.596730419123247
11.493868978064878
10.669848472683002
12.957176274072316
10.591772816930362
6.680636207358123
8.805187891747105
8.521988178280232
7.879294753540844
7.037095270673171
7.225705444389865
10.864554429254696
10.095376758430765
7.322583332400848
6.37176833625379
7.15205981411106
6.9171782385326726
5.007110378307557
8.632341488512607
7.402222667079934
5.502349072329942
6.446260279495523
8.87203683297299
5.317275265394931
2.2677792373831482
6.336934608149347
8.704528478921862
10.347484068920899
9.436528805842862
8.869220234254238
9.656350284425088
11.04375504608041
10.899640680657226
13.650183205338365
12.796502468657522
12.71856903921867
11.637391826790658
12.77477265811736
12.335327544731827
10.163709420838474
14.790430938789642
12.961658070815304
11.425824401119273
12.818829413104764
10.899335186776037
11.425744002495485
10.10957280272045
11.969497190495954
9.504043696691665
9.893433823499612
10.349845538445948
7.7760764210285505
11.282757494921595
9.502085032467402
11.947275239408262
10.91066540398056
13.25370510584847
8.447544894847038
10.805223370854248
12.326791293377935
10.010156872564911
12.152973315313137
11.490295685469393
9.908714592219726
8.830110963791766
10.141273234218147
12.434424123973207
11.317609318089422
10.502946560022332
5.766805935149628
7.73704366652564
7.38466609563526
9.710930323772574
10.572224451996426
6.671403433653051
9.417647499580418
5.841259078834878
8.087080252679389
9.24640926339229
8.617681387246028
9.407405646777814
9.303040008431196
9.106033993752286
9.831674364334813
11.550807268514555
9.993601730402007
8.483264151124835
9.19201311579404
12.564911840973718
10.485650448629682
11.065572965809162
9.281224768492836
9.039552155322562
10.810732436284638
7.34154003530389
7.066096604440586
7.626518711272186
6.674780613948449
6.437736126636508
5.4530278399431715
7.095839978978552
5.302461085906717
1.1562596742095694
5.890867447057761
8.69652447919186
6.173991957172136
7.390470525354381
6.926941730668752
8.375243534916278
7.319012559219788
8.102057187925787
8.92795158572375
8.890680999565578
9.298074380562902
8.703617248251962
7.953519000037663
6.577385638843814
8.485633269752116
8.386557130754012
3.8628924057706717
8.6005363974692
6.538174326520447
2.2831744812585772
8.08144332767561
9.890706899344757
8.839574294440059
4.675803576456087
7.513484604706145
6.751092811238065
5.70543097947792
8.349717833601789
7.036836235501607
9.975038497625622
9.293321464500176
5.9547277861905545
9.72535276039251
10.409440675542955
7.883873215433144
8.40273339455808
8.783448616840925
9.55685150683988
5.118427706028692
4.19320264625486
2.099689782175694
6.627071566435617
6.480494938598637
6.980090604254338
8.186400807461984
8.91451226115396
8.616967060908955
11.917456298778628
8.601496992138037
7.874220675098373
9.772866367304932
9.441346770642149
6.956432447787999
8.223344224893859
10.10695176811088
11.21371599418753
9.8069160574613
9.109017436823363
6.4904235591033705
4.86506737547427
2.042014093931438
9.562876776320385
7.0804989873003334
6.8056828083559315
5.816766645646956
9.069036892987768
8.726021453464796
8.193789772835736
8.211533047285526
9.350577728122149
7.925464541750265
6.943187356893527
9.921094829991151
9.772767408600448
8.385344291931633
9.145315823548533
10.309546689543087
10.408206221635453
10.506006361258523
10.634768856663797
7.4405921576639225
7.501552827484431
6.556762267662795
8.892645135016235
8.261485003832874
7.509418346892983
7.838310635079594
7.921573364597989
9.0293826439446
5.92897564388099
8.846823871998303
6.9936448268677625
8.606744675800618
7.755919936005468
7.837103607164029
7.406010328958684
11.613634533819209
7.770662850530462
10.084550550094006
9.561335755544233
9.747161285866182
11.249704329414447
11.806533443503636
8.677992046577103
10.66441161714483
10.408366329635946
10.791102406343633
7.94282851580725
10.14005554387806
10.3669009984954
8.210830216521355
8.930969455218126
10.567517905637773
11.055907513995594
10.714232562796324
10.450615962036977
9.966854145213174
10.126538178516903
9.976752333014034
9.48566600366288
11.583301039466242
10.904396917295657
10.057556288453641
12.216916612765381
11.913829774995662
9.809625644243592
11.33426641151177
9.736231017147436
10.767168476260427
13.62857386416498
11.89221109395702
10.919619362103624
10.225956685594747
10.396963806100684
11.720010534518607
12.480117981020367
10.842648612757246
10.085676793105476
10.586667738160163
8.660029527285722
8.562762865079398
10.446809770638835
8.159779280574302
13.257940663153718
11.251940234698086
6.548806912511659
9.714877573655944
11.157025340873234
12.332685527816194
9.999275722463551
13.010363462459964
10.844408020901472
13.492904772532025
11.101383105494836
12.832257127073648
10.009823534588303
12.576305584686985
11.921280673203686
15.96655668708442
9.644055800745079
13.606787676024677
12.891097024264896
11.379420476970525
11.233029652597951
14.978273818709516
14.144829244492687
12.093634836004888
16.47852846359034
11.607663635146256
12.454848953685746
14.65475662919528
12.633130510085852
11.767244160822019
12.029275190065148
13.112506079659424
13.127850980238586
10.533320946869479
12.918937891207296
9.535082576954926
10.694281552636863
10.761402275516154
12.596049822145664
12.42922930438045
12.203936760011867
11.03355099503898
10.470749880182396
11.595825489048483
12.89596374906028
8.925749555121547
11.934444933372125
13.460983592027532
10.148891325698997
11.481677768430364
12.4430077028757
8.687385623119134
10.0516848750098
8.011152580692691
9.000728194813384
10.487033174282477
9.882837648850847
8.09325938753036
7.993217019619038
11.117829180871126
7.652449522470578
8.272926010326147
6.73900489825447
2.1507409482202036
7.68413069283326
5.34388551471393
8.146729518253887
5.979888544915579
9.32836570835914
8.470571675068243
11.45380250229813
12.778312450043753
9.711292641825732
10.659950045986283
10.0731462716613
7.333539480909658
11.923940603491838
10.313127117265049
9.72579159624138
10.43360190649953
13.09567589111392
8.136683851804829
11.906840641449502
10.964921679316173
9.44409119933032
10.752469178526159
9.59668136188553
8.169437959954362
9.255429765476272
8.119443111283987
6.093282813654111
9.485879437898042
7.708541232740002
6.466814598895808
1.6168620078452727
8.452529425985308
8.082800362116489
8.60394569363424
7.226869032058987
7.515081919864494
5.339539309625214
1.564622263565485
7.121067272140248
6.877930197168406
6.5191497716041455
2.3134151876196096
7.278530418638588
2.0200728534345647
6.924235956211487
7.874338137104473
9.277062416479378
7.412690435611314
7.524754701588373
7.463148591170789
5.599186271648945
1.7988437060590217
5.7144740099638325
4.914406669678746
6.483998067351438
5.544239080049782
6.770131937346532
5.32320260546938
7.610276485136806
6.6551263459772185
7.877803499886378
7.609699668006119
10.589269029677373
14.356726489097658
13.010750551249053
9.704188017309686
13.372242604358123
13.36975109862441
15.479252894711324
10.412628981079704
11.189473380056052
10.9145106180577
10.50642962653193
10.756143007097876
11.38956760918661
10.75900841456483
10.202484768993264
11.591460785970959
12.969053397244924
9.74631301635716
7.3417957669114156
9.29368989470355
10.544545087350471
11.64383796546928
12.124173759311587
12.731496082896937
8.923717468499804
8.654830009518024
10.07093135410238
6.2928757348313455
7.526011026073129
8.367734386324756
6.771973952183199
7.347719250164477
6.357315568518443
7.34052918818492
6.740405257002485
9.098486055953918
6.84014630781638
1.844646327260265
7.367222134767019
5.368582279769847
1.6158275869544736
5.244464075165982
7.0852065765448415
1.1417926574230202
6.69208599347271
6.966944834878171
6.26792950849253
6.676812853978231
7.35947251692125
5.0936533856820425
9.092329019731814
7.416634942369438
5.7506126776780055
9.313795549873106
8.699074399521797
7.160399191945353
6.7565004716182315
3.057560965939766
7.852160403746243
2.4603050909376476
5.904801538919001
5.680047155004418
7.764780898448231
6.234540239970822
1.3942087011829196
5.1337235649370605
2.23505118453851
7.956433485339022
9.176066543910546
8.727696444196472
8.707817049728735
9.407809955474358
10.220852264319644
9.306035490703989
5.678473052264005
10.30687751892988
13.30208365249754
11.200220782655395
12.56112396075262
13.341273534067394
11.745860962317073
13.351345816658121
13.398453879931738
13.461089576895647
10.737365086147257
8.896381309099032
13.857553387734606
9.50287967218746
8.81924846024546
10.68357626524796
11.448830861214146
12.483105150797055
12.786449679332101
9.948346420616977
11.718537491298598
12.24001917388297
10.56779801806886
11.121705170030756
14.364160307078311
13.747911607164086
15.103916482513554
15.67904216534003
11.096713099589085
15.660085364266456
13.93312689258544
18.19795017995655
17.205988855796043
11.747217577269414
15.791970206541615
10.768152497175842
18.29573370803366
13.036809944393045
19.04403697723108
17.310050348467094
15.563341962996619
14.669156909405128
14.456321755549606
12.489496698712564
14.912298520596876
12.248859425561118
14.685004709762799
13.649502794943407
14.496481039293851
13.99972330141347
12.851724864584588
14.540556647650545
12.41699800142456
12.54204923357899
14.801063144115714
10.933685184528972
13.653299790056828
11.290058305757519
11.658673204789807
10.08786008564123
11.580400332697108
11.09649903295415
11.691931035474362
7.408411302322683
5.940723972944669
2.245187365056819
9.715470053205667
8.96469616720675
8.383752953776973
8.516150263351339
6.685958091569149
7.590370385725784
7.657628530170473
8.319290341369442
7.034709885437574
6.47311140765293
7.700355749847055
7.9604100935721585
11.150147459586565
9.309631759191777
9.217626653282405
8.7281081989299
7.030046641610781
7.032868497843994
7.975190337881929
9.404811314390566
7.456603349018725
9.016633653859337
10.565319933385759
10.456994574964776
9.661939517317224
15.133907154438635
13.838759377409172
12.66648876362683
14.39424375134761
12.056466382110663
11.379185288365518
9.564250329321728
13.713046071369765
8.304326915116755
8.233510682495202
7.461776774184513
6.436871060632372
6.215198712093475
2.2135897833610145
7.276328506975014
5.74660158649399
1.6891282935343983
5.592532554407698
8.340925316751662
9.59152417235579
9.209181795928165
10.851019062571044
9.63717970230887
8.360584941300667
10.43894853340869
9.965998982711495
6.446374102064605
6.322066994690271
1.3195812358535413
8.061662293811896
7.844862127675098
5.613117623915384
2.7052799027555237
9.276369374479867
8.16827964828875
8.912589235903111
9.476906905397694
9.541937874426981
7.825968669808115
11.950682221905014
10.782858562089324
9.72803842234713
9.409097814191515
12.636496878647261
11.366156835765267
12.789569611109947
11.467206486434899
12.314884612076103
10.318849740259758
11.676829093789777
12.432757575532737
14.001682182379376
8.750884641769083
9.601974552106206
12.409915990944791
12.894695311563623
10.457775012567422
13.059092336943698
17.784193091953124
13.175562664657646
14.703423868299472
11.900140751205987
13.48462385836891
12.420569260647268
12.516507183302762
10.508797271707714
10.948637807466843
14.38201367461046
14.166259587264959
12.86657948502106
11.453509690129728
12.895725346657635
12.645365896692034
11.416879922933152
10.952715270888945
10.53271612914691
12.206258333872547
8.273415104240078
7.637785216471405
13.575539545261536
11.006991959191362
10.437301780218322
12.404677403734526
9.770448521986623
12.228351969331273
12.570806606824613
12.938721494046048
17.28979442063651
15.392697333379266
15.792718446373032
16.681361733393807
18.46773453743423
17.868928109798873
16.49080505340713
20.821730409072718
16.271610562995367
15.62604251533145
13.29362446549819
15.507995823352362
13.418763699036548
14.08135002178088
12.405697966698819
9.423953007239538
14.81438215889074
12.990485074433696
15.17588525825101
15.509287420413957
15.197661824599715
16.035140256036925
16.018283866066625
14.575523868399923
12.258151925515644
14.224622405231862
15.898169151344447
13.20196390137611
16.94004945571589
12.407547634319615
13.280040787607867
15.41897972305316
9.887005596521693
14.155173501603636
14.744844884244111
13.545855301659781
12.910050871110837
13.809084326170218
14.608908411095989
15.230122865473128
17.74276776036008
10.624467937870525
12.76762010861833
12.26247508701316
14.238346061790978
14.382253848299547
12.827791496670732
16.61513203212745
9.142849215088106
11.248093142545299
15.091090113943352
11.063720484923357
12.191107396367224
9.982411453933926
12.163642767205161
14.668216852540215
12.766018285066668
10.327844733998724
14.172972722076048
12.652592871398683
12.564255356613542
12.344499529855307
10.09380577444419
11.312745271657796
11.438144495528201
12.497906823585225
8.845094260148654
9.672271666365575
8.764040603283943
9.38030279839533
9.210727164747283
9.696676386811403
9.983090988535919
9.293714779608404
11.174240016189696
8.72015265419371
11.859596207426208
9.81381781858922
11.273815393851418
10.650270484215307
6.749846843285033
9.69570106056069
9.572930154792415
8.148195844720474
7.14017018687633
8.05990885807647
1.9978224214484692
7.0316321799809005
9.97623038465705
5.760236146973185
1.7712778351598186
7.23756356972873
6.108639732212694
7.832012107527857
9.657674149432136
2.696227714841499
4.263778406312385
1.6476394989835792
6.208114334446561
1.923323963923758
6.048832692808637
10.466896606776084
7.190226635460781
6.222943675978387
7.999749315009059
7.316489262805202
1.692051935987249
7.844779057546041
9.440855635306635
8.763663245159597
10.556167857417737
12.472273980543719
10.756388010608863
9.385394753243698
10.108866397563999
10.565437042761225
6.970791175108422
9.917590830796692
7.757680479900306
9.990960713123329
10.473847050584423
12.66314482488946
11.351496633064261
9.696892662033756
11.488786120903823
7.432785679680845
11.421642156022076
10.948391248757579
10.617993853137275
10.284073185808897
12.601505467943603
9.805910762468304
11.333405303279559
10.877886140022705
10.201139695950213
11.881074729008796
12.983988753441647
12.596836804685735
9.37515276132089
13.590659680733959
12.405665567459321
13.71851717590075
12.775593843236692
13.68458929248708
9.830990774516845
13.836509082634858
9.867046980808379
9.991865145371383
10.75233426150024
10.45304304145885
12.559807145255508
11.688529299685289
11.725164562205025
12.537425407761697
10.145760466351826
10.034579834381582
9.836773081423305
11.718020234976626
10.288103067133699
10.504137928963297
9.282934887550974
7.2536899338028915
7.267478604212337
8.685841356593048
8.837016284402425
9.819476926754001
7.233647656460703
7.548537053033451
10.399683231359194
8.540415248822416
8.461676143614401
8.146889011161406
9.21071420802513
9.22455778858687
6.961888236782464
10.324660784212101
7.136125205563853
9.660262669170786
10.045123045636402
7.7258461849386535
14.470590138577373
12.081674207180708
11.0095060397427
10.365351134515496
12.102949828796989
10.56644094665495
12.119287761994249
9.313044149931798
12.58167476353743
11.41357105914164
10.411434346658417
11.698233592931434
10.152023730348013
11.077783620605622
11.433197273215583
12.344626086718748
14.013155022764874
12.874879068530827
11.940505715566593
10.16790715849253
14.523117287081167
11.386768209236877
12.892017580183477
14.418261276054972
15.188169755429549
11.414094625243534
9.507589638405088
10.440554360975893
12.163018959613522
9.460643252519258
11.36643911890587
10.749990977651255
12.253151377091902
8.485312366104623
11.53000811657332
12.223753280398906
14.482860820348929
13.037363135763465
13.015350632075716
16.072873865187443
14.55535905126816
11.62965046707667
14.312488661960625
13.927328200675031
13.432113898260086
15.07861063992893
12.648182499353688
12.131255360109066
9.515286435891886
12.974375713665236
11.45145480481116
11.68346811117678
10.570103555277294
13.570606737993508
13.557219960540085
10.847145740035131
8.889396854237402
9.649737226764577
10.22918152572043
9.764990080813778
7.021005093210781
9.7049460297153
12.216567889297323
10.507052504638384
11.49683554636892
11.531873336217295
13.401325845097853
12.367960670590433
13.751148717366728
16.2547305047734
15.07432759860469
13.718032662421502
14.415001575353338
15.707938933213466
14.796024228145704
12.753469545031376
12.067986441270282
15.922869058996296
12.485647020460576
14.924046730589078
13.269338038698226
15.502048959448857
13.357545767839099
13.3144835139063
14.542855258574196
16.780138364305746
19.449164420657294
17.36595258129769
17.038097442645054
16.79352165715216
16.199103524367818
15.845782619484245
19.65878185611829
20.11478708657076
22.7915155919671
21.19338146222683
16.292362916434982
14.067639855042374
18.530548406986487
16.39712863640073
17.956708200255648
17.095976685101487
19.316852863355315
20.332503738513402
17.536818654617562
16.838982931734954
17.900833927069517
16.60533749202014
18.546576401268347
17.081714365935817
17.544935609305572
16.71989850551304
17.965791244041114
15.556601956956126
15.87704352920925
18.078526100410006
17.13080300206171
13.704679346494952
18.56926442298364
20.684739530725814
17.546370613790742
16.70996366474783
15.090802003729072
18.373989863643732
17.775299637781636
13.999416348895545
16.252859723160945
15.122786431243536
15.221613389402323
13.465060818192436
15.058304082175518
13.38980154212765
17.72704869961027
13.892042715136276
17.303951633864486
13.353178883381414
18.540711409933653
16.291718205178555
18.21657714497134
18.042160196264717
20.548455329917925
19.54294357975677
19.427856032756424
16.170141227114602
16.4562426010688
17.556824984411744
17.926356539410406
15.688610041854735
16.239342391803405
16.55160750906893
18.16089985369943
14.832614779178432
16.80134898079732
15.69362901874618
20.72256738459688
14.235311441769362
16.705401238485752
13.942770000358465
16.294363578174973
18.248875906584292
15.666128339657853
16.159561536943073
13.795625909937602
14.590167482513264
20.579237164863336
20.72242098794591
18.46855707716439
15.289645738618843
20.580554173949878
20.686798562967653
17.02822414982278
18.943416296990474
19.990878012319886
20.779060359759857
17.24217255282145
21.22487506296269
19.187602982028928
19.578065339922023
22.18562816732013
20.664329661618275
19.006228334053727
21.31774070102333
17.858006335785717
19.327352910091488
17.678365210985216
20.314656911065097
19.84451455565186
19.823642052926772
18.99887582211349
22.79774805099097
19.356618893287035
21.982674995283567
20.880721905842936
21.650105778550625
20.117817723359934
20.06729872617261
18.008131735007243
23.44096874398659
20.358883385310293
15.711409710421783
19.494128358570485
20.799730499231092
20.280195886947524
20.006521110527174
24.982322318847263
21.838834879984518
18.74121769859537
21.378312924746915
22.565087514480695
20.899045904253555
25.098657521785633
20.471600572957286
25.741874503801995
18.628977646075594
23.353388917538204
22.162650207604866
20.574012975594943
20.386714786211947
19.61432057299347
23.781794591519407
25.0665217456484
21.726517370588788
21.096460769606697
18.968484024538004
19.952968542694087
19.039584721054663
20.040601227035175
21.371695832591648
21.07548548970967
19.614881945019743
20.03042385121602
19.446765943026264
19.195426251021704
22.05593111157001
21.083732139876734
20.803244302950738
21.72583042754591
21.125080321230552
21.33426391946978
19.56400257047773
22.395151287502152
21.71737121010882
22.954831592068444
22.77952237802504
19.776935353659677
22.139041433630833
19.893917189927425
18.210415971435346
22.5619511208609
22.38356426198007
20.72960457976674
21.795519734937113
23.082860172876458
23.85085895919779
22.514284947811166
22.58381341791061
19.608217602990866
19.496290248331952
23.281028766450635
19.930786158247045
27.22743158240604
20.752750657923418
22.03242888812288
22.215214095014172
18.328658462711292
20.963608907064426
19.357809671687143
22.852375007397452
19.908756016344295
19.96625056823911
22.721246033710305
20.95503620406043
20.020083706081312
22.993956293340904
19.78561094556826
25.369221437640967
23.030780479082274
19.975987918828192
22.28937006617975
17.123542823965277
20.22487000375223
22.786398990080716
20.40042425766641
17.840436204516752
21.114412666339984
17.072780822865646
18.58398345176953
20.277073602012035
18.921424460746376
20.609867533039342
17.25774556122658
24.301656535918056
19.111930986429186
18.888213569826263
21.16676807043927
17.73134817895722
17.09058621555094
16.44534494215044
16.861610228888875
16.092751425566572
17.713504159397903
19.51955104320526
21.300893644846976
18.403004296889446
20.47875830839892
20.083963440609963
22.400259426566613
19.830548212580684
18.560528572085232
18.6508298167558
18.90113328837028
19.65785446972968
18.485512880324084
23.639962517236643
17.71751300948942
19.99066869347804
19.444858494523128
20.612289642320626
20.822037560592307
21.182807309561237
19.009441455373604
20.315176352114012
15.507052518276465
20.18055239558452
21.99952079521867
16.210361250886393
22.193791939697658
20.511121587783723
17.967322432421863
22.80080244404839
18.32976968379314
17.989997648989625
21.798898534055976
19.674508182161752
17.24100573592819
20.90674009297413
20.3755600167984
20.106304896214123
21.101959106984385
17.4293416373272
17.382295718820682
19.925527082643853
19.695176041989654
18.02867617753665
20.390266537698448
18.173907617708096
17.515978665009502
19.15371080392873
17.09922750248812
18.209806490007598
21.368782627410155
19.630730231208002
20.49021226672129
17.401875554696986
17.430988412521366
20.30770769154255
22.403540479294985
21.61728277849285
17.409251385934688
21.24372092257595
19.879510940141994
20.323131223299555
19.397718730031592
21.33193755216973
19.43194582508328
18.645554419525325
19.251116051725013
18.40419639557679
22.63711809669932
18.175031046527657
20.443193843784353
19.505204476711558
18.68079211922072
18.983449038504915
19.8350339108407
19.5668231069963
19.964974907821283
23.30766648479347
19.77737645142314
19.92267408629664
18.250345942981756
19.502793796897446
14.59958015348737
19.641673464531934
19.939274582196695
24.351112656626572
19.437235821666626
14.444955638639387
22.716809148658935
21.19542693492403
20.320325380582744
21.01981778454607
21.862836181832673
21.976565751640347
17.358500725825266
18.09785537307503
22.082534116122677
17.30802528286745
23.939509060040496
19.070610579550134
18.473955691127053
21.104448891085955
20.37635707695646
20.924222682988816
21.404726323388036
17.761269544270505
17.912918841825118
14.513806922279187
23.674968599611464
20.361510764416934
19.25843100753454
18.51171519380683
18.82243359953227
17.565922885371695
16.986912357035116
20.873767330883208
23.427055803458234
19.2621517974295
20.141469723590447
21.74751872263156
17.574199444925146
19.760869633602148
20.860622736587846
19.693111060569905
18.982081858234164
18.643912337188596
15.89412632423076
18.300937609046457
21.836969070395487
17.840569025996864
23.147834907423317
18.6160133090748
19.633699964497353
23.775873623041054
18.247419762433797
18.726196893487728
19.84720848430055
21.56556764443797
20.953154198293355
21.086960653170294
20.70684202946272
21.61954060581562
19.681706785684554
19.913369500155717
18.21321177872328
17.958287033452724
17.004404143295723
19.260100500239552
21.244712936097404
18.540825532501273
22.310809486663562
16.90121744818199
15.86608610797615
16.87578417670097
18.71834960786955
17.02423124514273
15.62182851120608
17.10582610031445
19.569001841208898
16.96595042529415
13.576107346107337
18.06772153166064
14.355728483205501
16.04238402154315
15.020848267317346
16.906918230569687
15.101694459403953
15.489894533642593
16.57198367997093
13.682574372314232
18.9670443165684
15.611197476413201
14.84902194588604
20.108573958084456
16.523740774836515
16.26589630046478
12.867440162495873
14.505177221569731
14.258074819674965
13.993385436826562
12.612140020709598
14.469024829268202
13.810586584278184
11.104084823735857
14.561688049696647
12.6061917925418
11.957599619126547
12.871473482316384
13.937294464427127
14.479779516635316
11.422182402276318
12.65408771837368
10.946283543632555
11.253435543720657
9.032683296343293
10.62161882065988
12.439602273317746
12.550921469286575
11.64212531898387
8.873134016115682
10.519701752049576
9.301153477030674
9.75291195699475
10.78453936761235
7.709867176328208
9.812561153340152
8.674482252575595
8.495135313491334
9.046108103948164
9.476228733167979
10.861134781439052
13.458260442294092
10.917852194732793
10.746282219285405
10.603719826394991
9.62264269447258
8.351146195693754
11.43567610973116
11.201176910789137
9.880848758179045
11.465641667696348
8.60910415293365
10.958227346871306
10.791865752896728
10.365433161972463
12.54031416918229
9.314564892138257
7.871859235378551
11.066326377026291
9.073314625956334
9.617229528485575
13.500018979774195
10.779791357838453
11.011460194634855
11.691812406050806
12.225623004659951
13.975912059672396
12.730030425934698
11.909724265317221
13.126883455162421
13.873358507255483
11.648936141744729
9.515918064645827
10.943119461973597
10.324790472266208
11.630213900407636
10.457852002268758
13.184605759698162
13.299444884539884
10.52388853032965
11.650322551468722
8.722581803797453
10.749093030542515
11.304597600951633
10.823805961833076
11.498977673845259
10.382796302319438
9.203553875887634
15.127403975435223
12.194506264223467
12.343912771562973
12.922491291191484
10.166434810389012
9.60448770200792
6.845740781846292
9.630004457909877
10.02896287486677
10.35868181991269
10.769839059056551
7.776020953832738
8.321068769293586
7.44042807084277
8.373832583695993
5.723316140982757
1.8927654836674634
5.291325403632087
8.84179957702717
9.102060947195273
9.841555966828384
10.412842765847156
12.66148596084645
8.818784310566247
10.526058656665809
12.459951771622542
10.181322323131365
14.404054859103454
12.250014977745536
13.281362343399088
13.359561443804434
12.56625811131021
11.71103042813857
12.830316228542426
13.898849475651597
13.142855258557129
14.001496832222145
15.372174674341755
13.578359363882939
15.571972200642968
14.772920032360865
13.88575508698608
12.348270668183629
10.566274839111488
15.899296674034268
13.97247737191041
14.62075906076839
13.556901789913372
13.113127722456698
12.977383316623705
10.041191032097732
11.091740664697907
15.723226726082315
12.763583308860317
9.73862105294643
12.630811867379887
9.558711957566118
10.133015345207417
8.385345244736852
10.397243413226542
7.539462622214881
2.5679419621365525
8.425802122752897
8.280081477301
8.045568895665937
1.5024804857545595
7.116525880012986
7.008147634795245
8.942699796492697
8.01945667882612
8.7347511402583
9.947108889517718
8.94975416919542
9.259484407335927
8.179733532575657
7.926014874425144
9.945406496319412
8.090452614023604
6.920698475997118
6.6850748029094795
2.1376725254916638
8.860475677468603
12.3147920258557
10.932473494495255
8.877127436042905
8.022382747796447
11.251078843199224
11.633986364273873
10.963343857313381
10.47418893162185
9.990256988939478
11.155092129048638
10.583891146644907
9.630208274317322
11.36219643552987
8.38478434512087
9.63634122950193
8.57265405832818
8.501904738963413
7.121068939656807
8.123819451956095
7.976919226125003
9.549867714461364
12.198564449651508
8.850679769715711
13.284039552042488
10.446249265683633
16.141525170943204
11.765767889529538
14.33162837383864
13.54948805134773
14.764965733189296
16.0659789497395
11.767562104289336
15.109643954003461
14.330093109035245
14.081022595799244
13.849712159897603
14.618282734509908
13.713813731712062
12.525430792862664
15.520431082997055
15.920571872460552
14.896816907139486
15.287430635509937
17.038181577520454
16.886796297381142
15.303851788395358
14.768424267949937
19.15572040827894
16.762053686564883
15.951706764365776
16.659537086047077
14.569423064867186
16.824505108974897
20.409660647157757
17.458161559699548
20.412680085747045
15.511446349262027
16.217951235720797
14.338127429920384
13.627400646992944
13.04681657199708
12.867117302982653
13.792578670185591
12.541988954641205
12.056605818281346
13.631291692682975
12.306086490459357
10.849689138746001
10.321422893361518
12.112299502377997
11.886191480554857
10.376371246051583
11.614103221850074
8.077313040417167
13.845992329040634
11.334248304409844
13.86494656727212
11.675687682023735
10.830211208672186
10.95672079640426
11.585391318681626
12.233533505389092
10.944354333399648
10.628831631672064
10.405113972785312
7.848290949984633
7.51472622837529
9.709790844969628
9.321195976161146
7.596326347295866
7.102035743929844
6.804679358860878
1.6217168318893291
9.147754603669211
7.95203217595469
3.919360383085071
2.266227140289491
5.831968316257993
7.3313217259076895
9.979733315979946
8.495301678506717
9.77153423641642
10.294763928004507
9.047031436342635
9.227245450463297
8.945398160349924
8.590156574637566
9.714690280918887
10.029499678176492
10.96436273897309
6.777545267763399
9.669082887542494
9.74284731991101
10.072901023205466
12.522954409566813
11.20080191971202
9.701051244929822
7.285824920259222
7.131632448499544
2.377372404515833
6.100902092594908
4.618972203753206
0.8437612846422351
11.629076879288029
9.52603945722387
8.772923320496583
7.950066549358568
8.421051832591521
5.066141851533574
2.1751315548932415
8.500253500592086
9.642016966591218
8.751757938030723
9.11417073015082
7.678572815109062
9.601379805458969
9.238886474616212
12.219698721471495
12.33834009602841
11.550066143644132
13.050227572373545
12.022512775488227
10.624889418683784
13.139201701156093
11.16608603085907
12.582640005599371
14.02672921007617
11.24247943160229
9.228775708274428
12.738599543065408
12.974064240346863
10.918180041676832
10.780400757847463
10.53377247967264
10.022611428672871
10.200686620888602
12.989635580809118
9.610989801663896
8.767281236259146
11.664953987449096
12.476890626677061
12.354077516077664
11.758176048541767
13.352798889658239
11.225912613124091
11.712087686016242
13.219458416296929
10.96471690526146
13.328528635127553
13.217370227597058
14.133585013529652
11.172161018401503
11.689941405635324
8.969041328249663
12.837996372473272
11.977827594998425
9.57391512420785
9.396823168527256
9.074216361640651
10.651338959057403
8.626769766904518
8.498275940121548
8.53214197672593
5.509867758521539
1.1414328886762122
6.21652546144193
1.7203123007513055
6.649197380528404
6.268481874050659
7.652921079047698
5.741816292651294
1.8859087701734754
6.717803426662109
6.406996483547723
2.2199780994891034
9.77050576856777
9.521078410638493
9.047525072875708
7.9692489476710495
7.9210213352472785
5.790229274147665
8.697362295528063
9.00412457202057
8.412219873147524
7.186302816872013
9.054183112202587
9.379925650148598
7.757424523471342
8.138389904170348
5.726280163904516
1.937165723328894
10.666635429749068
5.911468960182869
9.106173984336962
9.462952842125997
9.349470533085487
6.147794945455357
6.572344424668976
2.672702554575036
8.053573919997046
8.961936255549618
5.962645412850052
2.5725745360793004
10.389895679553538
6.537228135040845
9.518286325528308
8.011825115614434
7.296963933266061
7.86673845107995
8.66282962984099
8.467389059347695
11.05814357118974
9.964152068031193
12.295351401361765
14.84225271010082
12.777435159741788
12.67212709296114
13.546931226784661
9.720565508037087
12.710035933677677
10.320551011196462
9.684094483822832
11.722441886981526
9.194502939718053
11.78344611687996
12.232742812823737
9.994209339765975
12.943081420700084
10.842875758297335
12.090068685410147
15.777926686841841
14.93013465404043
11.97604158151216
11.834425379051304
14.109949205136665
9.364403878059807
10.891892543937404
11.612066945808824
11.979256969793157
10.691669623870741
9.761558655081089
9.937323820573482
7.74218767267143
12.178390318426654
12.211114801119471
11.852346104238334
13.518283022462226
10.389820671771144
13.298906109683534
11.286926702290184
13.762379071733106
11.997808403273531
12.985992946632837
14.012645241595349
10.197548788924191
9.737304152152342
8.785724712912863
10.55896454742139
11.911430779357515
11.868066599616554
10.27650540804632
7.832265359134145
9.094811560118472
9.347809578112434
10.153628666224012
10.328263889967436
7.800510267640341
6.072021287433913
6.4637096703804575
5.149842986040184
6.341650026167631
8.509288633913108
8.27618749925534
9.410052088537304
6.768779938352771
10.269636349751362
9.69164953675991
9.873963791200131
8.491334923451264
7.5830331324295175
5.752111769907255
2.0794567950464464
6.9446947823447065
8.82842845117351
5.758609427315477
1.1719148646659443
9.435323773621743
7.285097975475413
9.851503010388
8.37597129975357
9.412976583672446
7.5045911715611
8.148821475584192
7.36104601147705
7.849869004127833
6.370534757734187
2.2365693929680206
8.893399884778203
7.148825649970663
8.051474738722838
4.871101627117213
1.8560126467681761
7.319006615468901
8.308928930122782
7.194286308363455
8.09717051897186
9.225295259186389
7.77342496674751
8.939861888619063
8.21390969234059
8.960827416879233
8.261108587994503
11.442938930986468
11.906306177426888
11.120442456252151
8.781129911938933
12.205941659917734
15.36787618050369
11.983101496803409
12.646255089605585
11.706985738705342
14.011598999066601
9.429138622536323
9.801149836867044
10.83604153379869
9.974034919489652
11.646657505531753
12.061565699076661
8.000445835095704
8.318903317907317
10.970661222424468
12.636611473821
11.751265666359679
10.287496041318612
8.212275460892645
12.08876063108005
12.14932719590653
11.105962545967486
12.09572851470419
9.58562913710975
13.242549859232618
14.20273423054246
14.687672482468887
16.0068569969775
12.27008434717916
13.47888983279827
15.188438351457812
12.09144578917194
12.823529278005978
15.828101193700338
14.101510585049281
14.915488230779943
15.428197821916404
13.992404680435921
15.811395995496328
16.931953233452024
14.577257882712463
14.249243607933737
14.396000193866564
16.505657386838646
14.627907446569898
14.197254569758233
16.21241617338952
16.149181967612996
14.247413709793669
15.27885562011651
15.019682247062027
16.23337877324498
17.654101569861595
15.710944574803708
16.265212450590735
13.93812787804243
15.378508165243222
14.16832004216279
14.580572299637069
17.70086218758961
16.19854632577932
16.831947801636346
14.54844563964923
12.659423988661356
16.859611363266154
17.527814666813295
15.262063612821281
16.411621233414564
16.400677194273538
17.794120324234555
12.780736756538117
15.025275297767042
14.752207055898834
14.286462156621933
12.823417502898495
15.728799890891178
16.996893799820118
18.412908728821904
16.310576311731324
13.742407107004013
18.92260149179498
16.811468619694057
20.023704757810798
14.19820170467052
16.04962415972503
20.53602097189639
15.192993477706729
15.034264356872933
18.05348314186049
16.738517846894563
18.0119362282508
20.139797546301242
18.171488085894023
20.06282130747299
21.90549352306989
17.907368043059872
15.92099341715753
18.597194094586694
16.767846820382005
15.686991139976776
18.80830944287751
22.240385239512825
19.50910729371824
19.90370135348757
19.787141090440173
19.378786124458767
21.1132906980939
17.49353735837758
17.384070828679747
17.931437154416127
19.70991469208419
21.54665414572746
20.622253516923358
20.348815702290324
17.61927685015311
21.59519213761664
23.196749057452898
17.811592279688032
19.938773273697773
20.08510245003235
18.48593681758222
19.574424219647337
21.19016577183818
19.636857885774095
18.625841184546577
19.210187414800583
20.22198256559033
14.690162788329072
17.908671552267904
20.379910452746923
14.34522067174066
18.001731927309358
19.83855981980412
17.47181923871099
21.289425964504172
18.2988858433304
16.2444239041467
20.052650257760664
16.686955589959403
21.586152826712613
20.342773691602225
18.689560572025123
15.935298457701455
18.48869179718753
20.558862402490043
16.258435361498073
23.30495366959682
16.559258437295938
19.677960894596822
20.040892577758814
17.344567638118804
19.240163878566232
16.373069532643083
14.898017111702458
19.279430309415382
19.440414510335025
20.78724765114753
19.92718721346789
17.647655168697064
16.994556467208472
15.123233806970891
18.68628318125364
17.398808878462642
12.570308488532353
18.241289245402903
17.757147317026103
18.09430110300112
17.059926589850164
14.759749776083988
16.220359327263512
14.808207325483185
15.59285737343526
15.702194981673422
15.659913753154534
17.361221317688734
18.340617776219972
14.341829087765767
14.747891765175176
14.805457770911625
14.483732161685397
15.013312073300199
17.47991108259755
10.446237232235793
13.60094601430406
13.624863403844135
14.315993946021438
10.821972605226977
14.823417065278415
14.345863028874765
14.528754698086134
9.457024608414136
13.855792890234177
12.895364515204378
13.571031714812312
14.405667273560125
13.402255656639625
15.527055586339939
13.007278083212235
12.225890254740094
12.224254752885502
14.137075283660423
12.01426609949998
12.743049624195615
11.783585895566313
16.306935746949193
15.372976856730197
12.963294960104598
10.676764989025715
12.687141889834386
14.398706674018433
17.45208792684199
11.698536077966253
12.91369753607776
11.152201532050949
11.419693910677232
12.949859699260207
12.484782011317588
13.573797684480034
12.619943639865353
12.241964927091107
14.357684076122455
14.049025338327748
15.48925868187657
13.52408118140603
11.247762414872184
15.105015300942323
15.323646243400567
13.160280408079181
12.62349650980623
10.681918976326616
11.857965911254173
12.89155589035602
11.449958136412022
14.598471637230197
15.6546756078579
11.869479397402447
15.074768160956149
14.819185320650389
14.133141517313533
13.8971331053307
15.696422256192628
11.670236367097786
10.106635366129568
11.050090578853327
11.45428601215244
10.619415804060356
11.791240928850234
11.844427746313547
12.548553951480537
10.678948880588234
11.525578080925259
10.965564913069889
11.645060402113497
8.666253462117469
9.122151443112685
9.832635637871496
10.393552198342668
7.174537111089075
7.5454252116842735
10.257695741540537
11.366420654306797
10.976084949265054
10.421702914409538
12.377303865269454
10.870402622818416
13.094391102094265
12.42604843275134
11.100588407238455
11.821706554987209
9.96472689021685
11.275263134613024
8.837363822043722
6.826927280285566
7.823365352844632
10.268060731689141
9.701503047425353
10.657497147778994
12.617811389112132
8.371762114214416
10.370199901184844
11.349379100942846
9.616699108545104
10.619864788944295
11.246803605519107
11.728607351742845
13.55452333037898
10.772730046135303
10.482495023286376
10.209489150479648
12.327226906020238
9.782192345415291
9.511048319354224
11.165911594777686
10.772488770846152
10.285509207370342
10.330491731725246
8.470103176493838
9.506050981319675
9.078472968666679
7.372732882670849
7.632446371836664
8.674830796676556
7.350516796236566
8.651211197502203
10.614441343624302
8.667888627711417
9.543239358966312
9.621744920548842
7.3686634239414905
8.224831563757498
1.0964410094419792
9.547028887130477
10.30100285018483
10.546699696798617
13.676977057163683
12.204954266536596
12.072944513270578
13.296456033051918
13.961294887208545
14.882127839523514
14.363283311101908
15.915664422463033
13.442773680431637
13.78471855035017
12.691112129468126
11.000795437194535
10.99395617351036
10.00847539000379
12.416103715668815
11.28721590820134
8.135203783903192
8.169540648471528
10.429073512286402
12.119878713681565
10.886566611272828
8.691249152059125
10.0097084936185
9.040437248378828
11.111465913192239
9.63171215806199
9.576871439016161
9.283863675599486
10.652311997035717
9.790688429084469
10.495982937789115
10.431544965634707
11.094881082268447
10.702945133573767
10.691656849289139
8.940531265246554
11.258116781109525
10.16099403030243
9.680334002360818
9.715484987313534
12.261880364265819
10.117560438274817
6.144381858089485
7.595807809317586
6.912292061529521
6.921628448334376
10.457837402902511
9.130584069536747
9.015158904586407
8.863084390516265
8.904686816340039
10.607181180350851
9.772993588926914
12.405173332996716
10.474582861660215
8.953127950745413
11.996388203670211
11.991315859421475
11.577811296840105
16.148716983622407
12.00212248481032
16.82679768264535
12.735347301227767
16.49205847471701
12.514931991739656
14.15377070067057
15.849848206170645
15.513529513949877
11.909720504597779
13.164616126793034
19.045812235837218
18.102713004324787
16.50644700587397
20.33996466275303
15.171925491990851
14.524891756895578
12.589173807726688
14.297206693384569
15.100214317185758
14.060344361905582
11.184824848034037
11.506371334092862
10.591126766359933
11.805810929536685
10.465535212427724
12.34579032065532
10.21111223877792
9.01148047233436
9.21124032970032
9.444787992469557
8.196019629587486
6.213518960805025
11.774816740139752
10.869465430749667
8.039250694942774
9.485129404090314
8.098869088423218
6.45689841261878
6.3614970775252795
5.039048407248954
1.7958064161686782
7.870086502925905
9.842469154101762
8.125270298910223
8.611348360131505
12.740171964349583
7.621220783069623
10.9031089219092
13.007708874796762
13.674919354565903
9.853797604110433
9.07689622845322
9.234062698234156
11.889246787346595
9.204590763975958
8.176879692596478
9.773784646832594
6.777680439716002
6.218158486668749
9.069273833515615
7.449766750928011
1.9649674084645525
9.141913006747394
5.721119673228478
7.261409654059456
9.48757985417669
10.237039415109418
9.186342361698633
12.027725249923545
10.90290343730562
14.732991273260417
10.700680440795894
15.833136165534047
14.42194673352007
12.697819216874503
11.742953830311105
14.763770820216823
14.92998884500891
14.019629863987356
16.7591547352577
12.878603595712535
11.661007536655294
13.393854461468477
16.821335832978978
12.99206575460006
17.263966850200323
16.765278029327792
15.4146218256227
13.539124202406336
11.482731713363318
15.814202091738826
17.32692509713901
16.036422243637702
10.858633304377857
17.074226147189503
18.97186886598946
16.204940758965957
15.635315519355126
15.19935594483274
17.12469772152311
12.200304064803904
13.596679646195437
13.860355812047628
13.549607448609846
16.683288063443868
14.12735598130582
18.16047315692455
15.630358859682156
14.616495501946751
15.277909027964284
17.129326043028406
14.461790688751755
10.382191154649826
15.25391625401607
12.777630958780458
13.223121894802736
12.697469674411959
11.455083328870368
11.413831567701138
13.139592730225187
17.838775390726827
14.038245275373951
12.323901128034493
11.477721620977098
12.532300159256748
11.738987078907435
10.270477300826052
10.937474236028477
11.265977606529601
12.471505067769542
13.069638713633246
10.935980668209565
12.871028062063077
11.523442336465285
10.861469140589877
11.32302378962949
10.56842889012674
10.062605378785259
10.102668715920014
7.909684288872533
6.139728964503189
5.354706303450939
2.0359221015857094
6.7181758696004845
8.946590179472938
8.090885935142312
8.091569425466869
8.487818606173322
7.396042713639793
7.160047840275576
1.5230185025799536
7.695319880166514
9.874059074074266
11.27916807605189
8.005090558938603
8.293977603855494
9.8795507217577
10.884488784941608
7.309822721796293
9.124569575155446
10.008052815090398
11.01962307209
13.093012200152126
12.831681304838744
12.825750919415976
13.131218650559079
9.709729204108518
11.971357350472484
13.542028158405879
13.27782640880839
12.168800043644103
14.420417424185194
17.443304499093355
14.260074018338301
12.758397074767197
14.935167708088215
12.879029107307835
13.621134767896901
16.318943246756298
16.244890014545366
13.212160921670607
14.414393153514196
16.05541253203636
16.79227859979203
15.184764521719222
15.383418583527522
18.06802880692265
13.613536928953627
16.44441929639478
18.962412475973576
16.723431533181977
12.807963485623924
11.920406300372616
12.571083310940399
13.253868722988237
17.89202222709847
14.618825924462666
17.26455337042374
16.82785696290498
16.77420468646517
17.37906537726713
19.891035545976408
16.47621203925101
17.674657440244825
17.78640946958096
17.342166073657463
16.679831770340247
16.22495414832519
16.469858531897486
15.701513422192606
17.754117597988028
18.37705432089107
17.07343919753985
18.49240328728477
16.167076155477762
17.18460349430691
15.85044223884157
19.33347369391278
16.59051317592369
17.264326657554065
17.55033264590671
14.860960607155638
14.948292334665126
15.941881342533593
14.291351814302377
11.700339253938923
12.56201007142624
14.771015274803379
13.390009495974793
12.19459029518584
11.70654140525124
12.343295224321034
13.66284858545251
12.022259243318215
10.653073239271889
10.311660970668369
8.493468475749895
11.424684086077026
10.443881619709316
10.792053867590562
9.583641864135831
6.930458960473941
8.023066797979327
9.796580138481675
9.369926508856123
10.201719195246792
10.173853233741731
9.731751356666699
10.72188678445042
11.943953415596779
10.27140218142011
9.567505880188518
11.184889335942858
9.694471862988221
10.871773943155393
10.421322203922369
11.656989060691815
10.3201862263234
9.913561570528264
7.913701330411827
8.456048200032097
7.385962391484369
8.74107959237878
7.940568461938455
8.044693713003715
8.37433644327467
8.59266020758945
8.990304713932087
8.094956953372694
9.03973879138242
9.032927476361284
10.184789613572853
10.052846656412596
9.258602654763816
9.376317196741487
8.435835723381508
9.357020030475365
11.032371738303901
12.591390895482434
10.406819621808888
11.43797517520115
12.366107977073058
11.551441633369937
12.34881727727015
9.972467656335427
10.6901122706369
10.158275780529893
11.31004749874363
9.127631082082765
10.177507910865634
11.14555356996069
12.701941506431327
13.591638791499912
15.919458948247442
12.677111160618882
12.589836389593199
15.75173148937289
12.637565465409928
11.781280847945943
8.471445871539737
13.422801908077407
10.33079921611336
11.294391324564575
13.848666408695417
11.307369415335488
13.924882425589198
15.013955328259991
12.186122018594716
14.265413001096562
16.712318309831996
15.689912111080053
18.568404602500983
13.201251253683102
14.098079394046874
13.35951993032701
13.445531245269825
13.247096428657702
15.885673871231287
11.308387996556824
12.79225264137242
13.521362374662449
11.792105154744835
12.614478926700082
11.384475694287296
10.989895984868271
11.546699190100211
12.675417206162933
13.455332839232268
7.657166240276224
9.925174028449916
8.784661210741339
9.880407101787739
10.60947409015198
8.995174395282909
10.398471539201658
8.365866261235828
12.944254061744953
9.81431039316283
11.53434696838434
10.182527388382214
9.30304492531775
7.144516209199569
7.458919339251999
5.804941217331091
2.1308677855657723
9.486979322876868
11.073550701043366
9.532314332700606
8.0077333443483
11.055243682076831
7.664092528209118
5.851644216783822
1.982710161832552
5.874211369000573
1.9381160807718598
8.251098177513564
9.016970325496754
8.003809430126244
7.040304516445028
1.8067409075597334
8.138640693355853
7.631706078297874
6.060773528155636
0.9382146443753503
9.401478605237589
7.545698600904014
7.799105151970566
7.383514808583492
7.7138269951056015
10.744171539603405
10.059333967541749
10.505792413224055
11.07286913089006
11.071418828044266
13.66477178906785
13.537260594346789
11.862461582966766
14.307669420459023
13.714867928957196
15.689477115393233
12.051410640157277
9.547624380060938
10.473113353828014
11.467934619729087
10.678448205405212
11.630435514751376
13.595312404789967
13.722669630972469
12.324818161682476
11.571541718113345
13.328205731151343
17.440477829789245
15.545776104031699
15.982501462299522
14.15461838512538
14.80278550486911
15.426486049156438
16.083106121993758
14.101156869623543
11.165058779603015
16.385679465729286
17.633851880529253
19.87494985757528
15.644541642803306
16.796913724172096
17.329331092754554
18.86179606234551
19.051117998277633
14.861205930913606
17.55718106129466
18.22309045611133
17.322700622678628
18.02279853484193
21.337322965889214
17.962198110242763
17.78139368761317
19.509209743019607
15.60733825768411
16.35549700901586
13.823624037325727
13.436086525212751
15.605295460123791
16.1432085106326
12.253619807171916
14.267814072544205
15.25718878662124
16.270892944976193
19.5212743047705
15.617733633737778
14.841984494541748
15.317545221866965
15.467661998052664
20.59400685083127
20.537139419291588
17.91934796837366
20.71966146551884
19.386106198943114
20.91426656290356
21.00136113742174
19.00470225059982
19.24234780590685
19.279651293406047
18.230292244391773
17.464373552746185
13.675945533366116
18.940218787465348
16.840997967394614
17.008390115028927
16.267442669142678
18.08134005259683
18.001142740581606
17.339749685117777
20.575735447255276
16.332404096335072
14.017400507141925
16.63311532152661
17.419609096768554
13.350668405914236
17.72646029545442
13.49609596783672
17.72428559199981
16.827003925858545
17.97940674946223
17.784957959697824
15.475400795701148
14.28481503731882
14.86761548142912
13.303585152684203
15.057528603373509
15.236850751775505
11.891947705485844
11.787580678912665
13.674094437789007
11.55743450028097
12.61814238860154
15.270761958313562
14.433988604398769
13.6225546945102
14.975924376459247
15.081864975372122
15.83657186767895
16.852998333129744
11.425438380087813
13.42984202239785
14.044183583822138
11.939998372061208
12.312485021415323
11.221406211155605
13.689797262817898
13.564011292116362
10.467235818944932
12.179431012464121
14.294826046908582
12.604016799750456
12.16398505540996
10.966467628766564
13.663104558194389
13.6446090161718
16.193169584687745
14.627008992238578
15.055918033724906
10.491154498715149
12.02773564479156
15.542956223164007
13.083277229964002
12.397418358948752
14.252583269195634
13.2313245405046
15.535421097726928
12.211461522209529
9.507529251312471
11.936849232681665
12.638862603616118
14.291623044521575
12.892671669751559
15.002792074378712
12.011405432679215
14.325737282068399
14.606570236196292
13.130416290886368
13.206926746546412
14.323034269977054
12.57362165682772
11.128375058157793
13.001151880436284
12.331336546453258
15.069123150487728
12.476124384043768
14.876563394333985
13.111071243079591
12.789395149496064
12.67771449263002
12.401472326914908
10.520542200982435
13.964864403299181
15.00397929566942
13.020399465030353
13.5377944093013
11.858939995979107
14.13913206799966
12.118378334565955
11.730661417762533
15.385934945772357
12.182421130869855
15.376719556053054
13.01197390832841
13.528723002844915
13.227725803179641
16.995441667948636
12.298176282881649
11.924252706177516
12.389063382512958
14.80247311472543
13.438053180729604
15.154422934894074
16.032819080591164
15.833546282835602
15.988793640491775
16.898485776193823
16.5794485879948
15.541667972052133
20.24443707266715
20.33259650606752
18.4929049079991
19.31404206075391
17.247251643578426
20.951455529205493
17.268927573682326
14.393000930246437
17.43392660135771
18.875779903589567
18.453218292121527
17.165442154404182
21.5723509323211
19.635544234186867
18.751810745365255
20.738846182430215
23.404447339721482
19.59056979498371
18.73920433642932
19.977137561919484
21.03238229398098
19.968395623808767
17.266711321634745
19.20258066745216
17.750579546803376
19.295607023935247
20.15085515154883
18.32743654352855
19.02896742886948
20.804354808600866
22.943794698897705
21.216453388717923
20.35963586801204
15.481404947928917
18.370532724352486
19.41407399262671
20.632642372130157
20.142942569322667
19.69456758511079
21.057005940698723
19.468278994039753
18.902940029172026
19.85753758508158
20.39777830484662
23.807114350866907
20.42119653684587
20.075714480917156
19.7214225873198
18.60587346005766
21.988460499613197
18.63733291934917
21.671061087844254
18.38500107495635
18.107129238116453
20.504884013107993
20.114944991840076
17.628665923525023
21.454427095315072
22.36191023160044
21.3013560371546
19.511908981311926
20.932776518676246
20.13871911069251
22.962004666101425
20.178697773787878
23.698865077431954
21.634908628410386
20.169099799668324
17.412474623303478
18.789538104162272
20.162990565127522
19.811307895598727
21.47335464941953
20.80776120379599
18.149559369889595
22.23564941263187
19.62105844208876
19.329706572300925
19.272769698973647
19.58930461796231
19.364316503173143
18.89583753898159
22.11136436682147
21.505288383807283
19.79882057715205
19.940016510196628
22.711676458750453
20.522254147415
21.505334320869235
18.097952299861753
22.001893546836882
20.03972251424461
18.464285298365922
18.639059684002532
16.576679843856446
17.223691233796046
18.429255751568178
20.644523835643383
19.324071209216378
17.976249436366796
19.849727276158056
20.05657080502475
15.940026948451758
17.395365033325234
18.581590044466978
16.822903437392377
19.620152965374935
17.397625657721832
20.253988671097925
17.876942557455983
14.432556158939416
19.35166201443569
16.51951093909099
17.936779692440805
17.988497318606417
15.599698137777308
19.821247412517838
17.470342247393276
16.582653651587016
16.535887740157655
15.257970334437609
11.867663790901677
12.727844988586854
16.45406646032338
12.500050091655014
14.039463381581871
11.994767205374966
9.799588777525575
12.616297802150612
15.131923167127436
14.49168251512897
15.409805501871839
12.244787323774917
11.46452354089507
9.96834678863104
9.016803599196372
9.02334603179417
10.112224874977263
10.36966694082959
9.872714817365756
12.388377245571931
9.894522402582506
12.032117705780825
9.110176152808966
11.526247806108774
10.851719409604202
10.719881652692434
12.468032284158248
10.607707600557404
11.96104098211693
11.561616380309486
13.072538071987758
14.11134896511804
9.915464295176427
14.742929411761414
15.418011797019348
15.767379074573846
15.362723514526971
13.486463729157501
13.808838537353992
14.846617942408615
13.951453188538594
11.489294970893953
13.187320469614685
12.535728492983408
12.859616288757378
8.358009365271347
8.697393865183505
9.990771622865092
9.530834385802246
11.31118691364758
10.692032328635152
9.122612170356868
8.460612342490109
10.392889600101242
9.514147900776969
7.295792845263306
7.813820270180392
7.700270233657414
1.1251719791990114
8.712798539425716
9.248947864295536
8.162857924319843
6.275440155687646
7.286200529582842
1.3725705261619021
7.0710633249735615
1.9710274956272338
12.062222276737
6.335035936358254
11.254530865557056
10.08528833189285
8.011402769565677
8.109958693536916
5.316148087572458
7.717287822357471
9.684879322827477
7.214630451956735
1.8937106701641926
8.233337598028507
6.222151036357939
2.2726240980230514
9.124952516570547
8.571742255514586
6.88422169032465
2.4761580092566273
8.466042273755066
8.005931742490327
5.366882570869372
2.0219320845962256
6.915673373587643
8.967289911183922
9.726631013632467
8.77627432951464
9.134826930383088
10.74758321347233
10.61918413708942
10.717557118491767
10.139989037709217
11.620831627111267
10.153598140580684
9.055185435357316
10.48314462819633
9.731068802415445
11.232407864538574
10.543056032058225
9.438973898451072
13.788562894976746
10.758389837681767
10.918327189434894
12.713176536764239
12.070488742226441
8.92893869373917
8.777168840523878
11.124568267951595
12.152965264552337
9.563296047403261
11.112723416534449
12.292191673868249
10.078335637976652
10.643709799496774
9.857949478033479
9.790080918748279
9.552955456448625
6.767978357825343
2.1344484796580145
8.999053614065822
10.00898226778981
10.027620384223194
8.691849026078597
7.929035178759788
9.421196953918882
9.657684134822333
9.257833225666667
8.99524510739275
10.229455839148704
8.832177197814056
8.018976243784444
4.201757334065961
10.05006727686483
7.297664161159423
9.214784085866523
9.989087338426765
10.814992853859621
10.251350121097794
8.289040523770751
9.822286085941164
10.188245142075804
12.591572005199916
12.684429601809924
12.906945252761654
11.831991958329002
11.362887398999884
13.184835419942111
10.521338508586839
9.192038217190834
7.580005080082428
6.507103799462879
1.7450510628324456
8.740539700692715
10.330000296127722
9.567800795162501
6.743753094987931
9.017049759373709
10.694160716363806
9.262597955833218
7.707638651502992
7.831809702270132
6.516119947271147
2.123316854674677
8.378697006629627
10.201354458583323
10.207133511484876
10.555861515289054
10.762473067912023
10.829289392611525
9.765723126840857
10.614774046751103
9.476265000653491
8.469990984297914
9.823099570070408
6.680529294053381
10.959647895776612
10.418036541081687
9.039358005880883
7.197206535901313
9.780498186374984
8.672002900483987
12.101452484664547
8.94733506297534
9.085175365990366
9.259269865341746
7.223536342343559
8.589572816510156
7.472258030088552
1.982135304421084
8.7062340919562
8.229409940422121
9.739612409140976
9.702578240624485
10.511262248046593
8.656562326418896
8.349249956946183
8.807457640480358
7.887564411066073
8.560084354949995
6.66150276008066
1.8956734589891018
6.794505960696401
7.394448780952508
6.804522475715421
5.170437497086128
1.4572995139432265
8.545109194622533
9.151087549665299
9.587206883193973
6.920252221262501
4.444693288816066
1.851676242832456
7.8055230120694095
6.792407095670647
10.110386900142672
9.591140877740019
10.004613506579885
13.376286399096223
9.639449830041402
10.165260751614346
11.436803865602164
9.643468030080632
12.991147027626782
9.831331285842326
12.475298273286866
12.978927542299774
9.880663502795407
7.54434174900556
9.516220637242583
6.641929694473368
7.020116481362029
1.6750291424355919
7.213125924993973
7.399266141736623
5.886903407241046
2.1292282784373073
8.32079836904476
9.162589277931037
7.331419722576831
8.513863116426046
8.676172842714992
5.751792288436497
8.243949653028002
6.343533711653484
1.9660905066916312
6.076653701490785
2.5126875011890037
7.6604974828125085
7.198775694014269
7.9543264882635425
5.971720347437205
1.903021828008333
10.222827139885688
13.589943953663939
9.22310722207833
9.835190916840986
12.320894328941755
11.721880439254534
8.285673247079925
8.511726898391423
7.991620830873377
9.543233476808885
10.52555213532017
10.149831463845798
7.216774129956275
9.931763656132597
7.7875296299965395
7.8263420524973615
6.49302602278024
9.132390376455886
7.310451180980814
7.002408990357309
7.931108582208181
8.681368259333851
8.291830261038669
10.907023371740305
9.261750924049858
10.064394416050146
7.767179013474173
9.333526036194433
8.52445604279548
7.494419899998843
8.719720908019069
6.74700162668535
6.710904577254075
7.845355287659033
7.586326025407986
7.134974212682822
9.612449953214323
8.992800311335278
6.4695484979189235
1.9845960328017385
10.832186942482656
11.366012272438311
11.432626468733313
9.958396778792606
8.83315430379248
8.44740849322407
10.743574791220045
12.249358925440916
8.497168961099174
11.158769083861381
10.070028033357406
9.503937392571785
8.716632549846945
8.258331263916403
10.97373590247421
12.601402011891981
11.26430307658508
10.970554034389403
10.450092403871704
11.506762880588784
10.999652222803068
10.363413296860188
10.630475910467997
10.174050561838676
10.390660615760634
9.741105509035178
9.475140006673618
8.873544739889493
9.608342190523901
10.174678800601258
11.48767027590583
6.497976890872598
10.112667653339496
9.587400503080003
8.814563826732886
8.98944487389666
8.07215651066431
8.48120285540764
7.198636439114675
9.81738812265383
8.34324728413607
8.996026693618301
11.081068640109974
11.148605362684469
10.191594053397322
10.169548278770991
8.648445319186003
7.611171420050593
10.103595405520599
5.1005319107362626
2.479590462483955
9.716945413448308
10.93355292262637
12.636988112732588
14.970473382544771
12.82421211747891
12.158536679506293
15.38328370225364
13.37623633236996
14.65050996889415
14.031850861734638
13.021046206611558
11.329424742642654
13.082191416175178
8.85554894837748
10.264568523290032
6.66378002852499
6.914602529358
10.84678254812382
11.532022046279476
8.039568393574775
9.189303677506155
9.751081810329293
10.089482724982746
8.72370070937833
9.978926183159182
10.660841559739858
8.860349685076313
8.786124857518164
7.394037741436702
8.082270103341122
8.203598323219607
6.535274686441732
7.460978947574622
7.9495040616014085
8.751580340570987
7.2221758033953956
9.317332136698578
7.429648469274451
1.734676178462738
10.727252830827497
11.400531925389732
10.70627857773817
10.944585562405978
9.409590522974888
11.405983395002439
13.649092888810008
11.639141249843561
16.58453680119501
12.498485299101976
13.063852675158646
11.555416652776541
9.284390258543114
10.039249155623788
10.41586811529434
8.931908582339629
11.264871930778558
13.2152122163176
10.745879548554694
13.11821210848654
12.355190509305405
10.45670816940377
12.059352786987205
10.878319028774019
11.815228576950576
14.463164692692827
14.388898984022962
13.986707272123597
15.502010521824879
14.68775059971896
16.375640356908693
14.27329434482088
11.43081999819907
10.257413409755442
9.959847089640057
12.413189802069606
9.867241069929007
12.93878340034309
10.69460436468327
9.406918781570843
9.87250339797562
12.824955567112161
12.426368279817487
11.57220438586365
14.882468923164028
17.423264945098058
15.942898835808217
14.699446018008354
18.19768486432045
15.981257563147292
14.806482513568604
15.995939659234969
17.551060365731573
15.967723473213992
16.24187307988139
17.349488692440175
17.347299638820125
17.677347043400903
16.024049609521054
17.611079362519067
17.726562068838145
18.55682042849035
21.133045442101285
18.61140390948845
21.539428268898764
18.43668298820543
20.69733790319285
17.623594423060258
17.350008742347967
22.20292816343164
23.143103518049802
20.45500308349704
21.195374523040194
20.89823117379409
20.783446943018152
20.054323890203335
21.462336017719533
18.829682290772567
21.581952163320747
19.411942679102054
19.159996929639004
19.767827096015225
18.215721606527
19.52577179718247
20.742500680947636
19.353245797088242
17.450153065299066
19.40618499210857
19.97618696805025
21.96904418471665
20.610836171036052
19.999446373290084
22.431514678356084
21.744207871554188
19.651463841683512
20.7166072685121
20.06576582919393
20.646827979774237
20.730931971272756
20.645859262424747
19.052104844830417
20.832176237667746
21.84042967093794
21.756801544795824
21.64504919767296
18.92123125479192
21.115876001554238
20.17542428705735
19.131535929113998
19.00848087488223
20.85849191211169
22.9361290516821
18.981238216632192
19.43289777243388
19.822314257453574
19.169998802814913
21.0853526896469
20.856770569971236
18.524153539394362
24.715537058990517
18.826144697204313
22.48650227286785
21.42274364974945
19.646249914084425
19.981225644156005
21.956650261006438
20.730283426810626
19.475644550497215
20.824403372381774
18.87972017746277
19.755412609714167
20.009599197018225
18.917295468820353
19.458924165670616
16.44944459808741
19.756040069085827
20.645136739004162
21.6952625106821
20.6540737510566
21.269689339188744
21.43008000628914
18.312634917414083
18.85673970347223
17.634441041123853
21.84391727494996
20.586168550474316
20.5143738326834
21.44770959401023
20.85050238642662
17.848604696048394
21.62162756990625
19.03189557989469
22.42406618233878
19.350999742195082
19.073565096697013
18.570040108787417
22.124103046766383
21.955109627517007
20.02838814672166
18.387712251224233
19.798139000414995
18.948260727177377
18.716117990868945
20.58448837147134
19.454572969987105
18.260239200824383
18.412980951881224
18.110438942307557
21.122036682951634
17.951306747811763
17.812212675355966
17.89052616260217
19.31922261296029
19.59159410353164
19.2575729195812
19.22374580325174
20.692053643894408
18.02674759726778
20.95344697852858
21.479510496214807
20.568523841850638
18.51118223288812
19.83816701442636
19.529949110803535
21.75709092605721
21.36038240835674
21.292972740919225
21.192191579610206
19.442718452425947
18.758450160712602
22.829193840121796
19.321242561383226
19.43366483530661
18.029354514261495
19.50427728003228
19.889228584955763
19.904278892953496
18.065561503404215
22.075464274183716
20.679330520731682
17.874353210156325
20.79045656608034
21.234029755959586
19.97516003276129
20.72881958712209
20.18953257293241
15.42891673724266
22.294545367533008
18.498118293983996
20.14950829460686
19.214836733709724
21.433116427400037
21.327001512516933
17.597661561818185
21.069190222464606
20.2340892841493
21.487234983684026
18.733747541381955
18.38445808062137
19.093557850157204
17.987960734388317
20.26099426967991
19.379543182685776
21.23447625412788
21.974110054885553
20.868549805333423
19.473151670704148
21.88481025174262
21.056774285857188
19.116008846753154
18.88398499591887
19.552301889249364
19.558301781069012
20.793991615370583
19.668607076718086
19.32404707241574
19.12785365084405
19.50546044818975
21.78669327690419
18.346355172325048
18.961918691931402
19.55521949277242
17.856251768395545
22.103275426987008
20.18241005610333
19.507240685560117
17.706110734408185
16.749445412203197
20.434470575732337
22.61510695069248
20.157684960444673
19.427751759428183
21.000634530155754
20.22542324656497
17.91812427981786
19.99405439607595
19.942609951713948
21.511302169518082
20.954190860473744
19.236582513293044
20.07464054869912
20.628434444316017
18.40258927412752
19.538538784653607
20.894992645814632
20.22190785811797
18.55350908271874
21.025071880745696
21.729808147677044
20.90630531626109
20.661962115961693
22.296989163924252
19.29922854270644
18.37597343556579
20.020092901854564
19.52130676549967
21.786430711404016
18.840163729765464
21.0323923990094
18.28150434207883
21.589962503166646
21.65432072569181
23.82191644376278
24.711852346862976
24.37609508287417
18.031976205692846
21.45373391191621
19.87748405628127
20.406929378124904
20.32559505390845
18.9657125395465
19.145002551351737
19.865589427881794
18.958006644916896
22.423186330611752
21.216496305060975
21.033961399966696
20.25757154926302
20.278860855808663
20.98433404655311
21.30267137556533
23.922075602413415
22.106427504407566
23.701664297885422
20.798117286075012
20.01483141222211
19.949196557456233
19.206058453009412
25.234712310600734
21.095547855928615
23.49985940835078
24.772403191153828
22.732981841580184
20.833348268884432
20.04953116785066
20.29082650437903
21.112913657339444
20.43586748263614
18.263875712844136
19.112115031048443
22.98382094027176
24.634281905911166
21.38042145710719
22.44538887753878
22.41753464383323
20.688566947278705
19.221704222367084
21.27187325676676
19.023786791646753
21.4060390896232
19.141104421480772
19.32972988808176
19.96083281247825
21.91476506315028
21.471450758941348
22.885969870951975
19.21283935201368
20.658773680559374
19.270093575596103
20.555578410525186
21.472589852461407
20.57575223471229
21.402128838764224
21.466334028086383
21.823701515978936
22.82031979843525
22.157456094672273
25.42323919616246
24.164025699685883
24.47554231388557
22.30021016679717
20.4508862279238
19.865078005081365
22.415292086848872
20.12094374125643
23.122358959318912
21.650418223768707
20.379640501675446
19.70772220216421
18.834744966267387
21.81387643774196
23.520729884881323
20.69922655508885
22.58051628883812
21.714600196567556
21.72506506906463
21.338188558244692
20.623710452320385
20.931103237554545
20.332405137877586
20.59459364633058
22.72792527173255
19.905281282091007
22.993761009484153
20.339571615056023
20.651083652680832
23.35095916469327
22.246474594034872
20.364434219837428
19.120525426888925
21.50921976143631
20.548220639326427
21.24601991519814
25.029014604116956
24.50265017054507
25.461294604279157
22.916945860833042
22.582376380937554
21.925732067017105
21.271703621650705
19.485379035409306
24.562723199515702
22.649794987799677
21.076788787056373
21.881063683867083
21.750452120433632
25.338299548907926
21.940656106416967
20.7801654148895
18.888352320263206
20.067534257241093
19.968265778030943
22.813495234978273
22.276530194047403
21.28162176655921
20.306394627900836
22.50762966458609
22.42774432454735
21.522099370715928
20.312480000178514
19.110389569577734
20.911725358159735
24.245210389021942
22.049747884117878
21.755127725955603
19.600495361675648
19.250258898425177
20.02792771140563
22.521506446124146
20.493374323862174
18.88661801788902
17.726338970942386
20.270259156112136
21.348839992941954
20.670379359218302
17.413665447925926
17.94820842355852
18.6697100278065
18.851616682988983
18.468056256815167
18.654659009714344
19.866763036334813
20.617830542994376
21.892614039174155
22.81319416408765
19.079170122923564
19.067678463343363
19.13973764777581
23.256955388912754
22.438608426979897
18.55058967245365
18.142913313353887
19.677605860578577
20.657885240404998
21.899861595148156
19.34853710245664
22.445717356577664
20.24967069081957
20.479690139763797
21.66442390748703
19.652357669193762
20.730305969267697
21.175566545561445
21.801758367182313
26.660119507873528
22.655253502923557
23.74965682043928
19.88759908810402
19.133041189867505
21.388534734862876
22.176953629011212
24.438218749980745
21.88863117314424
21.953116028682516
20.773503058554983
23.763271888468594
25.158110937758583
18.566176296438528
21.107948676345362
18.023167661304132
24.283913827440372
21.514830324181748
23.258614904852333
23.717368030716152
22.556736735224938
20.349679657945032
22.13690427382003
20.61552465257389
23.118068158100687
21.42908832483321
24.357529432764245
21.968969107533482
23.251317440672636
21.751063117044232
23.176154105811953
19.433452210659517
18.482783230621816
22.751858617679876
21.71256823469621
20.098683504752284
22.958805068935433
22.627799666961078
20.835510433862403
24.563503478096187
24.916880641682056
21.967710948431808
24.70729146241483
22.599894188653142
20.54433980031413
21.646049427241742
23.246060732545384
19.524016111002673
23.16357932501411
21.102908209222388
24.33133135980139
22.868440255125314
21.253547991366315
21.788003345555058
23.671336573521334
20.278175662629128
22.893401425164832
22.418872428597844
22.68812157326528
21.32567576083107
25.913339719761215
19.952755328968827
22.67333165616199
21.51749838056183
21.911112183354852
22.314267872145162
19.414965329786057
22.96848063804028
23.337702139122143
21.733695412592017
18.52537485653291
19.923049393527712
22.630456751862265
23.013628766027416
23.474699521924997
25.00581111020542
21.351300850092347
22.29811756048384
21.361126514735524
20.68805859710788
21.417204991134383
24.36600117273423
20.80164727446324
19.228838651532662
19.860565300795614
19.61906421784092
19.955830420578764
21.141220656843863
22.020826154329306
20.885631386013014
20.111259744179407
18.471964608290946
20.281014298919505
20.835140147920608
22.66326654774657
21.027633361259547
21.551695019947875
19.906998716721183
20.004954982836452
19.58464935711108
18.6581351808225
18.139968724848824
18.704814441153893
21.126582101310124
20.537584849270054
18.005073316099008
17.702010685166808
16.631937682540492
18.06347056223443
19.129369103299503
21.02278894580467
18.41891918067238
18.526158087384875
19.358119492330637
17.797368106337146
18.74342236086734
17.06716639312941
17.585441392789498
15.931832724522785
17.12078840402667
21.99823154209277
17.15937588070992
21.08205606373123
20.748372484480317
18.799370162489677
17.186617776298668
18.585087428723938
18.391464872947697
18.301310142719977
18.715649529137554
18.893633163788802
23.075717119282466
18.86846163914268
17.081454929730405
23.008396272913785
17.64126240191917
18.03163409197013
17.489255848060207
17.280914416714097
15.882390425971373
20.13199526974089
19.4533557120392
18.567866303809048
17.12192255194156
17.459009867320773
18.70730203229357
19.13776310639256
18.234725469880424
19.75906571231041
18.255315996821594
19.410816063277483
19.39000728046094
17.301907327006592
18.733768678367046
16.78272713199738
16.189945947639963
18.694122614777246
19.950655993705965
18.675864328795324
19.95061238612758
16.822810929754933
20.114907114584003
21.750961591283794
15.347461201639161
18.609574701737067
16.531094947927215
18.45611964077954
17.426609652869022
18.803061063214955
20.191899715842297
15.907707091658311
18.981754506266338
20.488633301837403
18.384175749412254
17.037167166174225
19.04767850995815
18.326949480098467
20.31041850559911
17.89941225391439
17.383959165482953
16.474306559608905
21.507232065844285
18.95902583036903
18.00539919944926
17.96163056020387
18.689822381791924
20.446178482440942
17.608399872044863
18.710090174867865
18.937107705430407
18.26767175813503
17.38932475264724
18.18925336845789
20.596643111201807
19.230862864722308
22.003442082999204
19.251023887024797
19.781337272188814
17.758505136738147
15.843579385229202
17.940572720593195
17.833936781226793
19.78458222381543
19.95220270822881
17.775458533535897
19.241406149059184
18.785043999374537
18.661585399261543
20.05224518736499
18.24889366304346
20.61030375342526
19.111941642657868
21.441622206819492
17.765108227346214
19.437681917472347
22.268254653443993
17.41673418797474
17.21571717590407
19.068521387613202
18.208897686741935
18.636410267333034
19.967946882692235
19.83092228282247
20.040798013453333
21.492089094772616
15.410986024108585
20.99729184925425
21.84917446549827
21.292988540034507
17.036148746405757
20.315785204350764
21.37730820302635
18.65564118815308
16.94738495585026
21.875420897848755
18.83874394312004
19.55521831856926
18.197782552254765
18.95730755217237
19.935005994945847
21.208397424399337
16.607789027282415
20.096062403462607
19.825966544142968
20.568974244750926
17.976219507111757
17.217210368331273
18.05288551979382
20.684282516087357
21.214492811889485
20.83522449061531
21.270875945579686
18.21187239817863
22.08736795821277
19.781358016874723
20.0057251657708
17.256665120141452
21.60856194221748
19.53102648535814
19.06944185475023
17.934462119916354
20.84162758355569
22.18470088908083
17.703944997060713
18.89898500307487
19.183010758250017
18.061057558894696
19.763030796071803
19.137212567826086
17.64171830190492
19.754516771009897
19.937013058590285
19.401410304038663
20.696991983595183
22.61047100112555
22.100975589602417
22.444745193948282
20.680526510474557
19.947907523042932
19.144140407131353
22.106693974200613
24.069170586287218
21.168634601764243
22.55164499104079
20.2681784873516
18.01098494967453
27.885797429072753
21.033535671372793
20.522300325984137
23.376316472764508
22.299838509226863
19.483296585027297
22.409674811219716
20.549881275878747
21.319803801352734
20.368151543655614
22.505690517362513
21.40432472598747
21.372066733184287
24.233250193433886
24.84456418134146
19.73726756595511
13.607187544066207
20.156143477431833
21.25730351949101
21.47800383721591
22.01428178919449
20.49489779059375
21.77640459483151
20.240499658819747
20.968163613493868
22.541575062746386
20.45104046243309
22.9215521947186
20.01839755738698
19.91034608002756
21.00789678504044
23.775142160180067
22.088330933508182
20.60649440669282
23.015622262546458
19.981024970852957
20.472879273983473
17.512642705409423
19.430122982793705
18.868140828585823
21.54736744345388
23.325172127212955
20.958999471075316
19.61829041614803
18.183350873421386
23.126677367408586
26.149845052314618
21.89800055086672
24.000875609582103
21.550691515761727
21.4425634446292
22.431869872252705
21.00410450740871
22.17517803604147
17.490760000574944
20.364501194557043
23.060504665105032
20.377109771712778
25.235221971312363
19.751459117759985
22.981043601929937
21.53563774202679
19.108937989636512
22.97619248886923
20.804787776921316
21.827277068667335
19.847998078619625
20.92616933039893
21.658711897290413
21.226052285911905
21.177980271494068
18.494033571589828
22.736988968151202
19.891027078106415
20.29263353284921
20.748625380635236
20.94105539860678
21.88884024282537
20.927295161301313
21.536770545829725
21.70732379629819
20.159273245061556
20.9956334385881
20.54526157016459
21.339212101587695
24.9415830282821
22.156459164533764
19.831279659611408
23.342329835332404
19.941445059617273
20.702118212404077
21.855794032637288
20.58528957618184
21.002567364629048
17.79470208356701
18.340750966709738
18.329781582874595
19.862089208275677
23.50233736008819
20.83358650738359
21.790945861179644
20.28265817651705
20.0576538157586
19.18833788193921
21.706800536954315
21.187214780261947
22.588001722052425
18.543687679608013
19.989127786946227
21.82650528316249
22.4441573724172
23.082410440453884
23.70651591597073
20.592681205944356
20.067357329148557
20.146877065334984
20.826912442815004
19.60346958999251
22.510577408438525
19.83845901535383
18.27957166004858
21.730276060608137
20.95400095575116
19.363451767098507
20.715746944161516
20.842657007155154
21.962406032128037
18.939389944565395
21.037811488352894
21.343488210136258
22.28213027378061
19.75767161736077
21.554228538274458
21.586037359279644
21.46619275120318
21.07243731849468
18.262446887319356
20.620561146662578
20.548528323126945
22.077724064888447
21.089589612491707
23.682614254626927
21.064992401039053
25.677391535089217
20.97352015794081
19.624434247180595
21.02154020809754
17.615352742251623
20.912252708867822
21.027606166506747
20.942094527473948
21.446134957832914
17.011067289261316
16.597058926432155
22.409014815978296
18.973608117659854
20.982984746672344
16.72737538994613
17.38814824638183
20.389664334687346
20.270139432030728
18.90974227083398
20.538492616831842
21.176959227221346
20.061640089048684
18.48899652650754
19.016764021750838
20.91468676057473
15.99713862987456
23.388838057500188
19.51944369534116
21.421987918756038
18.85956025513369
22.726830471991725
21.6672305619888
20.97953029682601
21.210431168676198
21.42327204748494
19.980451412965714
20.62703864499951
20.578748571572476
20.497112317406337
18.574017789616775
15.094569180489687
15.974221354753833
23.78306680817364
16.280047700839113
16.092345796260474
16.872895318929984
15.483237212858935
16.639321860373467
20.176380100151842
18.06426176433555
18.07024643894203
17.425639044134318
21.998832903771028
17.98585565705865
15.678770497236677
12.864264993033625
15.69440133621119
13.010024879557527
16.73481575929826
14.28874440321944
15.588397837229945
13.645519081412909
13.079543514948991
17.889621394830108
15.587784884475
11.273424508063684
13.054286401333039
16.648124084328284
14.134155086554953
16.35060780379218
16.333724019159988
14.127240867419403
16.956234420730773
12.068031146137592
17.109567133805587
19.327561162126322
17.88252064938428
13.122948932424196
18.93186894638291
15.650066403168395
14.729541475933226
15.824098437132974
18.265165871452968
14.722804207546847
18.902451597000606
18.782393621800757
17.548658513445563
14.682598501785696
13.05628558025741
17.421465205651945
17.69212101240005
16.242699237100435
18.906393989429404
16.304340789924854
17.80961387839322
19.99859360863851
17.74088556448381
21.221021983851617
18.247669741020765
18.134511313680033
16.131398870074648
20.431000452568657
16.108080207847028
20.73856252688413
18.852540629336282
17.218292640315948
16.753309238402206
16.307114302949106
19.191530456873192
15.572267779366074
18.732044033205877
17.925105875958
14.301543222393882
17.11555768750266
15.992320677419556
16.880549394333382
17.060564214134494
19.661331049977203
17.920710778332523
20.601180957847486
18.94869288362759
16.21692898008288
18.283279367078006
19.499289589723993
17.67485059165803
14.693742569360477
13.175483851390432
17.624286990026214
19.200882376216057
15.121494567882323
12.87613079159257
16.343833179692425
15.717178378645942
20.270908737650707
18.33527939264109
20.473744975570796
9.356674116818253
17.348453677481263
13.609153232142328
12.255016958620931
14.03187715416125
14.504570806810044
13.950948461794988
13.216367339874367
12.241529450643803
14.273891002338631
15.642766896277873
13.410538115938763
10.621663736450365
14.803051672947229
10.783975719312316
14.263619843407906
12.972356232694544
13.108930367684792
12.670981828232867
14.736311293498328
14.099378075605161
13.61395267342647
12.175304484743753
13.125243090016296
13.075224360399655
12.511939668880082
12.901131492962822
10.790730112049292
10.184503530464891
12.28649614481043
10.084642355127565
7.872558795729763
6.860538210355326
9.44168348931739
10.389278558655482
8.239245218821312
10.396400907600725
8.067450540437395
12.813570093136978
12.056816492956267
11.535589665684304
14.769620733800162
12.19667976002661
13.032739395131053
10.693191368519662
15.982573582473902
14.141843132686585
16.093750523211526
18.367382320692375
14.221736300202808
12.18917644556648
16.608158078423976
14.896771794504273
15.224044293138506
10.729386496109145
14.55840531383935
14.269164409453893
10.806312237608562
14.144700622970088
14.035610313112006
13.840822607374562
12.49432041387542
13.715866884690666
15.432083084743251
12.916663188074635
16.707010323324873
12.647600745374959
15.412013262189802
13.153724166086887
11.74617922396728
11.883987514098651
13.521313259977754
11.510610619179017
8.981430680507776
10.144575837115626
6.990184663838849
11.094572370413465
10.90140644039543
8.351172954472379
10.737134214266522
13.059727415722556
14.355500687447202
13.860649448470628
13.70394556516924
10.394157588316565
10.92538745250544
10.571653133346127
12.18027083775199
12.36937075972918
11.0238355466616
13.572661314061364
14.560987060062091
11.339781956547924
11.5262910947993
10.030079383534346
10.50425677606432
8.84516863872571
6.423264683348433
10.765579302994606
2.014851065393991
7.808157395089819
8.739857819580367
11.32140451857375
8.364341412258424
11.28531135308428
7.4920928932531465
10.31275206074259
8.597174716989013
11.101739139773962
7.903565952212956
7.624885912164665
10.833078795755569
9.860341478098919
13.083360895165633
14.374769104402647
13.860405659435438
15.3348976318647
14.752547162943266
13.616764311057263
17.012176696497484
14.265630834049205
13.488872557410032
10.171430758335932
8.643637844113664
9.108562449758484
12.691255010428666
10.533701311821178
13.436416592968024
12.629704456781182
12.796646332275921
11.62316338872429
12.399348952371192
11.703222897349328
10.157544395587468
11.170238980477473
10.304958432266798
10.663900241633307
8.644175167046544
9.392038644464838
10.79240058577606
12.139426375672503
11.717195161348595
9.928142831255318
9.37219029777482
12.331843246312381
13.973609341503147
14.45137824185965
11.22575819716365
12.399853220675523
9.199000244324184
14.59848890645823
12.859759290460339
11.632519014405865
11.535237510630354
10.53232607355796
14.61422418204706
14.371500256432782
16.63541940154656
15.566287947964883
13.006279535658694
17.381591176268223
15.197039185862923
15.101797067153242
15.46889679982847
11.283201776755956
12.083415174645957
10.386281508549052
11.687906539010068
14.490957668870443
14.209156825900278
12.751445566683188
10.479045844549777
12.887178405299133
14.533081661010453
13.832735461824681
11.208708719461812
13.689459767057581
11.428363773776885
14.057369806088378
19.256933300933113
16.46866890313547
18.771460626037538
13.141265155569773
11.510580631458563
16.998181380219684
15.243693059631767
15.910890508866416
17.952575135208875
17.805145285918556
15.370155277634977
13.387632179423093
13.709795625247674
17.033810052370853
14.304759135043543
15.435625496547274
15.290573329321486
21.92003822642985
18.932318155000246
16.843662733076766
15.980322312683526
17.126894951759287
16.817325991580393
16.49491571596428
20.513636221437253
14.694099953556268
23.844280212105215
19.40241390415089
19.35368999469923
20.567375516760745
17.72304358223265
17.18228184345669
20.72220992882626
20.320871267516033
18.42972966390358
21.13282995475058
19.03470905318878
17.588986590826266
19.14760546988496
19.737917307144485
20.141622486320973
20.261127310169957
15.494206216556876
22.03654068226484
19.235684535430625
18.576154964030795
19.21529167227465
21.808632186120743
20.59948349969706
22.980323281049927
19.695250525236137
23.228342401781678
19.29069488052026
18.125024984810782
21.403867600578256
20.99939615057763
18.041533341875102
19.30986614684926
15.409565649117607
18.605369762775304
21.67641400255963
18.07411694056495
20.986190016656494
19.2976178404948
21.586549712212975
19.538284306591926
22.219788213902923
17.335592717550238
21.252399883795984
19.566323751474215
21.795841249679942
19.057875735693397
20.919283541573183
18.17824695484787
21.265744681152995
18.93537180730367
21.03913634073445
19.696738351492883
21.56013448995323
17.88053167801629
15.883679559625534
17.78879808401525
19.22011764338323
18.976547144180348
20.497058128235086
18.838957300625836
21.008390422740703
16.217955596554187
21.01374448688641
18.11436472791003
18.51637933388778
16.895267708537606
20.914478847623545
15.18124673977835
19.29967419040628
18.00235493282355
16.774672940611588
15.261463242696909
17.831108848686966
17.396489508333296
20.103457805576383
17.555036130745272
13.308924250640606
15.862048809428844
15.266399804321575
18.191728984601195
16.878481019939947
20.997067098710733
16.157881544218508
18.687932845054025
19.011035454953188
15.914336914461543
20.112795968197034
19.33517235937229
17.14210057202937
16.69425431829533
14.546282912251305
20.721857379025085
15.01617833129613
15.713807230172398
21.201530433699446
16.947376094401296
18.646688356642972
19.926479670943987
19.06931248412208
15.790683161301835
16.907913563094173
15.783020834338265
17.619295635303015
14.661337618754974
16.841734858806788
17.0883221605788
15.314842498659532
17.548568985901866
19.002492961938895
16.42900011662185
16.896222572396887
12.662671387387183
15.455955991582456
13.898579356424243
14.771101429654472
14.128237849817772
13.877248609357009
15.864796533331464
15.105487266999882
14.137761725134796
15.799434977300807
16.95511853668748
13.81698254540637
14.321543884217993
13.153806078802292
13.563766709195638
15.62591057641215
16.227853772454583
13.95113794858606
13.252350818148848
12.27591889550749
12.648061938103762
13.17789038696826
13.976830633908975
16.351066458942793
11.78624798845631
13.515280425887921
10.862818799858148
10.21420668992713
12.296347346277932
11.17301035070101
15.133840038720141
12.06811916868136
11.953762612527736
12.737259501083207
9.028236658614883
10.294905324553486
8.937926469181285
6.2421658036553005
7.074130124138616
8.468847502670016
7.833058184794202
7.603096276559977
7.510387549347145
10.771471710997949
10.628761094076843
7.761250597560815
12.804516337094375
11.936700845899248
12.62667976976471
10.403932311802961
12.255138875323865
9.33151597652594
9.08317173184808
12.093224126426355
11.21773871857436
12.970027676750517
10.975052406006569
11.533961773961797
9.497383187956643
11.493873546744753
10.908584535760253
11.684795933279986
11.589255676915794
12.516152135932257
10.915695904439186
13.075426231841966
12.632045302301075
13.550565220592038
16.500565866795245
17.829864934950788
18.031473444023458
16.967465110899855
15.727709982515949
17.669102968219004
16.422558386839142
15.403402716654274
14.789478527276264
13.473647453605755
15.506071449331179
11.733463875529004
14.259854436654665
11.497822570549642
13.199767283351072
11.515343228078128
13.872064682706002
14.228794561587218
11.991206934926812
11.323863383229465
10.585090756043954
11.70263886130845
14.805349206151796
13.772909973737253
12.411226009255714
11.22072483186421
11.251020232070964
14.685517242208464
11.970033167199954
14.714803411936169
14.372771901244214
15.669632720375478
14.605281046689884
15.251766873719621
14.685768638638097
15.110487134484746
15.644414922563806
15.44619516843186
15.876217392628323
19.149830753069367
17.387541935585233
13.357451975878757
15.096669984190735
14.729959042143639
15.641459719433044
16.750431576198338
17.322108927923615
16.305302219463893
17.608236832336715
17.844034108588588
19.502809566226162
20.211599805942665
19.44739149145101
15.948818325433146
19.08060870880851
13.20401278981433
16.385233322113788
14.432193092936215
17.077577234368906
16.110945434612166
15.390018498991378
15.64129173990253
12.640859621320176
15.165697129806157
15.832219234433385
16.073766964894272
15.428202574932152
17.85417979885041
15.207949347733795
16.05043500091795
16.083527306550266
14.417494052866289
12.92525893819407
15.975737621714192
18.00059187513418
14.349235312848755
15.11538418697223
13.984781012899099
14.731934827539503
15.531233578824853
14.189109952519836
15.731804504479571
11.837929005822811
13.839307223153527
12.021393812407487
10.911260811645839
13.418806348004383
12.00984814858232
12.925428891541973
10.776386834990157
12.715459323521204
11.075073602384762
10.842760923314986
16.197516339897064
12.514609187819188
12.37669219600992
10.965225621941327
16.228784011146022
13.838087377670286
11.278260833203083
13.608191182972922
13.625022000895243
15.216888288665366
13.63845315005919
11.756125916270804
16.91331708439395
17.116350866763355
18.17154560727698
16.901532014698297
16.958319758589326
18.962943198863332
19.57353785043069
19.02263909305777
18.196446924456353
16.958591581501345
20.341381536661025
15.912155840365946
18.0820310730404
17.3195445469881
15.644806248853907
18.013829746529915
15.33380884968167
15.404487279984677
14.595363887140024
15.369043261821638
13.604719149027801
11.846385707775843
17.186588606258912
15.08964606201682
12.730323245086584
19.15340523601131
15.577912361899738
13.88408498271306
15.454909471508287
17.016335421184483
15.082565967448167
15.582591838999424
16.46023071647236
18.55581611906875
19.54397777253821
15.744949424171104
13.70323313726994
13.233480583137947
16.4597992774187
14.570684018758941
13.951031882753202
16.727588273782334
14.388053621810863
16.55084105580024
15.900054676332408
16.001738999875233
15.557177755595735
17.644684897597777
18.349379282444016
20.00506860732891
19.35442970009689
18.752192831467795
16.695497427553196
13.657131252184003
17.125475901197905
16.91791825260339
15.094137956335114
14.076598000484546
10.647175056837463
16.472814302033992
15.439216379375647
13.30636077295261
13.55649113516158
11.459775607776628
12.7004306273079
13.515134319874642
11.631641722441685
11.156733718960023
12.632010916657004
11.761421860747504
14.937291470293356
12.295103170842793
10.344344448526744
12.064674978249615
12.495570106833176
11.365201555010158
9.768744299014147
12.508218272322464
12.734836136217302
10.109381963887671
12.202865227492188
13.029077136113333
8.989135659423493
12.630868250758237
11.403503683696421
12.519332625017967
9.746699010519583
13.443193608598776
16.153249499339015
15.446320477468287
11.106721150461073
15.831488493215941
17.78703298587955
14.991941002749526
14.518421481012538
17.194720461360237
16.971931322964764
15.845584054648047
16.498247054209813
17.31574689205855
14.049874841757568
12.590444275296841
13.827509314492351
12.548029825022265
15.577848958703033
17.142067890275147
13.678283791551099
17.43802532507438
13.58484743209278
15.541069120647842
15.704135967666916
13.850329336242071
13.753427263756842
12.433026070512668
14.160552538067273
14.758650693317499
12.661391016063968
14.446657449846958
17.049465618735404
16.815364253263013
16.69511956675653
16.250516701173638
17.243307826071124
14.398136608842048
17.864941271007304
13.556036899262503
15.646079425828987
16.905910375077973
17.960912344123148
17.92548785055476
14.706153969156032
15.164484687848201
15.33183554267708
16.874861222286334
14.368070734592255
14.538047648085943
11.621819790624228
10.41051956291534
12.659372353038066
13.685466384726462
15.46248608561304
15.009329726708403
12.727558668848323
11.291541647262456
15.670823133479216
12.702542296074007
14.426544062764918
14.357523989598207
12.422586804421346
11.389714971368582
10.969520605424593
10.200355737070215
10.115703522270326
9.840557040660055
9.6183079698195
9.859832651540875
10.52951507042296
10.661291608018251
10.530903853278629
12.656487448343459
13.190750503948799
11.785513113888602
13.06576090863596
13.4882888462515
13.078504258183996
10.82166036231715
13.321521654487645
14.102197991837354
12.943390571657352
14.298069392382573
10.094747798092012
15.625384948976816
12.898319878542654
13.780231248965656
15.51002247880306
13.047328556834684
16.36129449248972
16.207171507576213
18.065600851100978
17.019906440615113
15.719892696907227
19.5298174808162
17.964484443023352
19.96228263578178
18.211234138927765
22.750163744336316
16.32987678358321
20.793749835243062
19.39544463108463
15.786098015680443
19.16720222120014
18.814267418368544
17.113660979370227
16.737446126698366
17.776713503618385
20.23239193205948
18.68141773876382
19.502503200042057
16.494460622831316
15.944168477991004
13.78993635695849
14.929021473324822
14.6543679948944
16.936321758218696
16.049049508047425
14.627243131430344
16.005331622077275
17.467007779723957
16.871484638390438
15.452651173688974
17.54635213106722
16.942601559502602
16.233570534501943
15.584869158407283
16.64188781982288
20.771446485908662
21.27690072791109
22.39299148194835
16.318588284568033
15.788629266864818
14.954603085694412
13.413342685550015
13.538691086853095
16.271189686995232
14.986618571564053
14.821831862724395
16.392831429628707
13.784215661721914
11.30320028026501
16.016533684287797
12.00154850200313
13.88235954469553
14.101417679037821
13.214816036684134
10.989757392501765
12.062946812122714
12.842589123381366
10.604102766084813
12.373068129752383
11.265664097788587
12.06591036043555
9.844772976241604
9.843985928562853
9.681377382824845
10.847689373052624
10.274814901586264
13.032507662924582
13.552395311478831
14.122654766398385
14.95152334256719
13.31168033866652
14.412964825858072
13.013360585492638
11.569721076982367
14.321525750101342
17.453755050632655
14.463288910845845
15.220956412881785
17.306769688051467
12.228659531301025
12.760757538015511
13.941912695745797
14.166788291568405
13.264346999568696
11.423713372431434
9.756744327003398
14.004562638696468
13.22349823170318
12.62668231042823
13.74674615777244
12.59601043869092
14.393720151465528
13.43228074266109
14.489929239339885
16.510703039260935
19.513105253941468
17.109436856779045
19.21201182715402
17.286450413041376
23.04759778113695
14.977121039263547
16.77891080014113
22.10864788677052
18.597526057398433
15.423196560797813
19.356605047254686
14.15376268639725
19.259358751915066
15.731897125889155
20.432988785398912
18.848992455646584
17.0961509466194
19.50114486310366
17.722844395499582
18.050553560838726
16.071226565894165
17.06012204359769
17.050890085076528
15.879429807143408
14.856434708042952
15.11801969078162
15.956768959909237
16.323760935018974
15.896355860495905
15.156497866995542
16.482771857936385
15.580493100535197
17.283841098198394
15.101399612962377
17.644307203406314
16.2176132113416
16.1739239297176
17.521216993333137
15.736700143276128
15.685265303089313
20.444428081687384
19.20360481684201
15.16396893610811
14.63981907713065
15.16657345054539
17.517526911867204
13.437549946493668
16.818692066842114
13.921173678526056
13.106523003705778
17.922974144088588
16.951171369575476
15.244982840834808
14.395212798572661
14.73702122614895
15.872775837909831
16.198414804824587
18.1551741366009
17.28199372975681
14.660346352078198
19.839824577988185
18.690852301523442
18.504419855372138
19.091881199809574
18.266584215355596
19.778013193625732
19.51990209530526
16.844474731770514
16.483866513643957
14.624837579988608
15.654353688504486
15.275315832738693
17.94611329202379
16.136645337973814
16.29089398982355
18.25309401770018
16.13540210655292
13.933443924399969
18.36470367492661
13.928478174926225
16.99043573131075
14.054413055985533
13.51439790409085
16.074583641903196
15.332151553993388
15.127069897200457
15.509292152868483
15.675141080099241
14.736401768783324
13.627033291787919
13.13424079848756
13.492008814523764
13.684035626397586
13.214328458607708
15.433984684228726
11.0486926932783
16.63081373751111
16.346225387672508
11.698774441702685
12.605474712892445
12.322280548569509
15.307096861277442
12.806947613847186
18.211521847822915
12.952216848747382
15.956719798284405
15.052012539250148
11.666004399887086
14.358831379444188
17.308445595159238
19.82348143419376
13.0834494373342
15.759050075931967
14.517315499082471
14.973606258818645
11.94263673292565
14.726145673396559
11.618358240993857
14.861246173723332
13.10031085205633
14.863861841219789
15.53858373321769
14.53903025606446
15.863703886499879
16.959300686229046
15.064411675055915
13.856191074464812
16.990217155097817
17.09213033719751
16.016021332194686
13.416552727991311
17.49907556258163
16.159265205965877
13.31433569779827
16.573603612883712
13.776902190927638
18.444100770261965
16.199353331552896
15.014960120070814
12.540213802106129
10.997705397631567
14.603436314044266
12.373386306545891
15.572442917355959
17.697425164121363
12.642450821055295
13.083835997400787
14.959248364053419
12.774207186669491
12.220836542035729
12.375294749374548
11.261454515641946
12.815846670718324
12.126212425278666
12.610797371219961
9.787019924013512
15.12451765082032
11.036994111217352
11.592305203999716
12.043129857182734
11.464429918327868
11.013885130706484
13.14082594200265
15.018920121244907
11.855066776684376
13.540478080111972
13.799531223116933
10.583025048943234
11.299345816556684
11.836614041183239
10.957901107365323
12.850242069035012
12.917769576100858
12.463404999142785
12.366708964521852
13.638639221371664
17.69595674319944
14.735186635076268
12.606134478178435
13.489288089323857
13.195868913025393
14.4844847479258
13.269566533949437
13.054492971616389
11.091396559640069
15.494190309135105
12.596457091325377
14.910199569960968
13.804733514784603
14.467136591175583
12.25944943151114
13.99422437035213
14.285863858687781
13.081285032480993
13.244274442883755
11.259149493882166
9.842434779157008
9.935529441051498
11.381739855628256
9.236380641389125
9.619425589214174
8.775312318844529
10.248359042103104
8.28550989338156
8.82747180476318
8.041185776079265
12.44788233932923
8.695177739755215
11.733518585539203
12.498936582574313
11.511492346815016
10.35095304808039
8.596659611769898
7.196427200378061
11.091402638410196
9.361749917531146
12.887747356992554
11.395102678922218
10.537237508260162
8.464141316758187
9.7277981771602
9.693625180924212
12.42449684105136
10.17363890571869
8.859220823389128
10.16491630263102
10.396610571606644
10.405360526193661
9.236922169380295
11.091898161181726
7.946636687669005
12.026488184284105
9.246289701908438
9.052396726632184
8.004993735200616
8.695089018496983
8.065981518338925
8.262740412119552
8.69281374008815
7.79606198008586
8.993720898175122
7.12830773892615
8.312260367863471
5.911470232499283
2.440278211959658
8.601393278684368
7.491753140945706
8.860810760861204
11.532526595012266
13.66618058651567
11.249309757554704
11.499634431012186
9.261297493439043
9.764476610414055
10.72184201972243
12.40414462181138
12.657362925686131
12.477547607858945
13.17378413123943
14.227775643594054
15.590717943986391
14.111406142317618
13.403038415023143
8.98872374029424
12.08171875266408
10.124528419707255
12.144492496200996
8.75429815947036
11.097966854299205
10.725314835022544
11.173052047041375
14.311768360146004
13.46987112098143
13.786573063750039
12.525333356733835
11.983354075998212
13.008284341526814
14.98289380275731
14.456944399906758
13.490824439896949
13.709164646524444
12.345637521449424
15.015597901274848
13.150363530820073
14.48410620268476
12.48302359135117
10.366928252282932
10.469371390213059
8.490858558244982
7.89583226892049
10.496499298094237
9.082585091078512
9.14711966866965
11.363670918721182
10.132620540724867
10.990142513207823
11.528333215663034
11.612448189775355
15.829476539787297
14.522749461168862
13.373498168995473
13.334436943319472
10.698980655104187
15.33932212871431
15.511783034958588
14.713940309031802
13.258773117063887
19.75812085332393
17.26085058338197
20.093502712092928
16.448739753462984
15.282051336327948
16.700965008628657
14.698040509886438
15.175654815902586
17.107976294836067
15.529295942267826
17.702135495006235
16.588971611378916
16.789238352085263
18.110894865400066
15.006875241942723
15.627033561905744
12.170117471188032
13.941151664151334
13.680261425282001
14.873320748948812
13.938524712320188
13.133548828584345
11.359472656233685
12.141518547832106
9.469172996746728
8.778655416033077
14.139041628042547
15.205462453831444
11.147294354917893
10.636878618480397
11.621136363803318
11.404540738854639
12.602834453672832
10.736325314971676
10.271207411969103
9.236315218910642
10.960364377212839
10.67492156577208
9.752857054417202
11.32335566422349
13.034075079579026
8.261170370709163
10.500876817758122
11.607820232566784
8.996681463422119
7.349230785136916
5.425087888371379
2.0764109009455107
7.092342705174169
10.110002192496042
9.004969149456269
7.023139008166561
8.3630421160024
7.232927990668941
7.1126135737730145
6.706764553796064
7.564321996707287
8.877223418177586
9.762736600147141
6.41441596254976
8.766754010096566
7.184000152688824
8.060071715052898
8.379360530014555
6.970547137599927
9.19681621252201
10.456779132092189
7.299936480370549
10.562355753472426
9.57089856420244
9.386262161356818
10.550295175835355
9.930532998838132
6.670788907750149
7.067542120136248
1.7235462733040894
6.7909307845801195
9.03679932789344
7.610177165825929
8.281791039798378
7.3386634488677025
7.571864723702943
9.373331239419606
10.734635141140679
11.470927471032741
8.944056925148939
8.755098351897509
12.731613392902009
12.26117126259425
12.76055048937992
16.73873815285422
13.101399031201717
12.999893508510253
13.401666950908105
10.882429174767653
10.841125950495593
7.954870928866305
9.279531085120418
8.626247197495921
13.303709619298711
8.65143384703001
8.20848455527545
9.562164823810619
9.555010414289782
8.268618420068073
10.405269369072201
6.523400182725232
5.863502923424484
1.197927876280342
4.53082882509954
1.4035648676022447
8.80387543041112
8.777037042680082
6.2390920637427145
2.125312595287285
9.788231588876448
10.335234054349261
13.935646276982332
15.239058926917455
14.222209255262262
13.121529319439414
13.808041326910644
12.686891442188767
14.689778364404328
14.689256113674459
12.845521743241555
12.59166264556445
19.165573694726238
14.375292573748194
14.296175198719316
14.877589021849428
15.840774410324558
12.847947010863557
14.034707978564553
13.961523834586863
17.297453673939966
14.874846759605358
14.35860504778606
14.90792336089477
14.151637208139546
12.287776215997383
12.01483499253872
14.293948541502006
15.688646028199067
16.472002928755526
14.616010137762718
17.93474130756909
16.66760389150843
17.724797632231766
14.80636973870138
16.3744265349469
17.456307310789708
17.184542793239856
17.679588742019607
19.58169466404841
17.300078054926466
17.606797789425116
15.86886345982299
18.53195533618995
14.736303428037976
15.15870996509466
16.066676678428877
14.24080055364176
17.42949193588785
17.40378116996288
18.48070295182935
15.128658394587568
13.861119648158162
17.536218455241965
15.75725552928967
14.673884564545116
16.885254226324
15.48723510382175
12.13051876123636
16.56640557503976
17.087605008396686
13.390981460022502
15.047308853470916
15.519002634369311
16.965911516999178
14.818763407753385
14.670746974122357
13.825517788499168
13.67003609324672
13.366815928692873
12.139572147757505
9.090067189985804
16.464680846800256
11.479335755927812
15.739314945918446
13.790708145719101
16.904938512597578
15.261684115682444
13.502879795014259
12.892110388862214
12.955253529040283
11.346390332727212
11.277878517726537
9.764299251845262
10.428810723679383
12.14893942895821
9.522830448926129
9.528949466293025
7.842839905537949
11.681658962491099
10.181022884308854
10.119603486555429
11.405563685303957
11.991057154434724
12.870587443087977
10.136604026188344
15.26404594166462
15.364707783261741
13.74888469041326
13.331647027187838
12.043752531042385
12.83241703178059
11.51396526672905
11.017667638268207
12.462773913242337
13.008906175748015
11.914933705587142
11.784758278594918
12.008734628983664
13.165540566402292
12.62958891480665
12.149457046715993
11.602579900376314
10.45285849245182
9.115953571191621
6.880962536648492
8.627692827226237
7.188672523778486
9.063364380288274
9.899291097709336
7.764777432663853
6.503016020802987
2.0071853132266173
7.0603569384298055
6.80641895840213
7.031990665873231
2.2041889577474065
7.443799151066105
8.727106605675568
6.859636921104668
1.8260891965020623
7.287974344852341
11.946609704652603
8.299976602801133
9.409897370436703
9.403211243310682
8.960813958975002
10.181235770241068
8.389865737010611
6.216415040448527
9.8872640660936
8.702215250719979
10.516732328730324
8.483397835598266
6.640654750917037
7.18030326374973
1.3622509932721703
9.015302406468027
8.707855733937924
7.467233709214142
8.786173768283126
9.10301049549517
13.094926283967457
8.774210004825651
11.859283685600081
10.908042884408438
9.35925415221444
9.2205398880466
8.421423318356922
7.549868633531145
10.22432693978437
8.974932083000928
11.15041619869464
13.261077513437666
9.768061235564927
11.761792881555287
12.911428617011083
12.350057402693206
12.873244623336637
14.727382761669483
13.94044907471247
11.445348409194619
14.972389145607679
15.30750406488209
16.152214874802688
14.218042863912379
17.24880003350082
17.914428277314514
15.6307524677557
14.975642426006429
13.908966098011199
18.318981405696942
17.064429211668134
14.697459613527379
16.082047785012303
12.211699345318893
15.580086420247287
14.080387555731303
12.547964470140503
14.67534499694097
15.36093406861091
14.334640114456723
17.002498727353263
16.335831658347566
20.28781929799602
20.724195897075713
17.74533876577812
13.585856005099277
12.665140299456954
12.720613828440952
13.766971297021804
14.847405514830418
15.803220832626002
15.83361284196302
14.841217008421976
16.846115157744514
17.506580417707276
13.46638003130094
18.31312027882672
16.72446039313908
13.518771132278783
14.133631297391531
15.888900767145632
19.889170344573404
20.408173224667046
18.98081156886806
15.973691241905374
18.429369829859983
14.92066819644172
18.510725169784077
16.57570083951497
18.167767470126048
14.506099772061257
16.29593725069848
16.131389412287305
17.540438048516982
22.029458563239213
17.325220656976295
17.38258844716591
20.30083133576154
19.20454382066901
19.46161803518974
17.45081407141121
21.060139370040346
20.627353564658268
18.82121112945822
19.02811285190132
19.50801626381456
16.814502113993075
18.085801813843446
20.10993019663423
21.64918632436783
20.69976497972503
16.280689046155295
17.528105470558714
18.08969331399105
14.658169504446947
19.7947476013424
19.28000314066412
16.489260089313145
18.154302259811978
16.19420191788236
15.761611353287513
13.595285162349922
17.424358369383476
15.903082671904468
17.57783236356819
18.747467086681308
19.344495874093944
18.59136009512037
16.739383238331566
20.95827014336657
20.407688144608215
21.09308512306317
19.83624631688185
17.95464501147471
20.707741363430596
18.395988117719256
18.644148821385265
17.754028167071553
14.71826485926436
17.684399402735075
15.476245171820961
18.547409490805425
16.43350021741713
20.579142364969503
19.284324026273914
19.374348455020296
17.742070115104056
14.268798067104074
13.764236140872352
13.380734657705105
16.022395835247856
16.709350060526173
14.580145762948169
15.976924725811104
16.487606113470452
14.442354911724081
17.715483684221372
18.02342818915477
15.785902325649857
17.607034709823317
19.916083256463715
15.766107277417165
17.251062398805725
16.36386824925977
14.702232743073793
17.823291509062464
18.844867112290313
18.41746642417217
21.209836791979367
20.028325139787928
21.309471459929
17.084724553730606
19.527069091408357
20.241867132081964
20.906391120971264
16.849071738422793
18.313852945390924
16.420595474475185
18.02266486464054
16.82240774955691
17.64514507899614
16.470460901056125
17.85783116781699
20.801697548205365
17.95066256743517
18.861971526208272
16.66988655433252
15.877730037499234
19.51688520468043
18.44948129335968
21.915334103297326
14.282721926318624
17.522298182701785
16.769852102019687
17.661549166541107
14.907327052564847
15.787555558980458
19.556710826727087
21.453318970587087
16.47675613536002
15.702883975629842
19.761714419630177
14.162058078619275
16.359077751434842
14.7202596467675
17.13925431597995
18.418340436968986
14.04045760786448
21.37515668029873
18.23380896541515
15.666260397011614
16.536133270435094
13.314287748343217
17.434820806554324
15.55569041533095
15.998655099051998
17.264900012630537
14.638127184421304
15.72097639560001
15.182490745051183
15.559609508975125
11.36436982929923
14.815178639615025
16.411748430080465
14.13037472255687
15.398169182029285
17.842945926857457
14.385472505893542
15.843335243280471
15.621231278083146
16.647860850197876
15.773180412173362
12.919572462620698
14.928820471845016
17.28783459427734
15.449619481638843
11.712675594995119
12.931325340341399
9.552710762995403
14.700088032426608
12.553247269627132
11.753196969216718
12.451236883353731
13.028494172460736
15.183604162051633
14.690026571529765
15.556445692324143
17.069116929866073
13.46527939749838
11.141121155972716
13.745030336260102
11.681420070440462
13.410392469048142
13.031791829713624
15.926019706785866
12.582239652847283
14.632794988532602
11.46558675089861
12.966642718326717
13.322125031655432
15.223171276178057
15.523124260104773
11.453862886549528
16.258107893996524
15.509622670038057
13.40188943313069
12.292632607448223
12.276039672559666
10.148089322081882
13.704841250114244
11.487930101962224
14.364716492580332
8.515665281688593
15.126241094649647
14.151999460954434
13.437080712132191
11.064019086551303
15.82906150721362
12.751378959430482
14.676667459294618
12.657960976738272
12.326773055250502
13.612320009006758
14.392778130004501
13.06311799059856
14.135427198098666
12.671815071961392
16.268485263703127
13.053431435754316
15.651127175527163
14.8655976136353
15.594203213020114
16.77075278925224
18.684852209061418
17.95412454893604
20.512883763917575
17.247809277094557
18.498899847481376
16.968656256213727
16.282388820185943
15.69491378510531
15.168419881372728
15.788758564717739
14.390014179549487
16.185447348778055
12.113076022471637
12.683783824865213
12.44054517416005
14.888215580174936
16.10590200143683
13.321425601104362
16.121992586397425
15.270920246172478
13.597875730823821
17.964631943687817
13.793303469063936
17.91732324733322
14.590121095385387
17.15817715147144
17.80713616962854
17.56702934289226
13.57414601116269
14.724359510374939
16.208573732388686
11.142844757002731
15.320903456179034
12.382628495608863
13.056150037624382
11.133819058328957
14.289099047438361
12.631583278803484
15.004699440142149
12.094686835167938
13.698202294417012
11.028337843331448
13.997415681276049
14.602976897148546
12.045834203116465
15.798297194853992
14.235503243037222
12.779183389374028
11.494585944303518
13.038853248833254
10.593341874261638
13.493670132425539
9.740035260664847
7.856360819582759
11.524934575645094
11.206905954247349
12.315206522052488
9.924540270500017
10.245535217032264
9.941452992272696
8.048347858955935
5.798218260973479
5.63644351145735
2.0054714518879417
9.468942916401467
6.080067569842409
7.096513416639451
5.974376393017723
1.7718695937754148
9.298096417670088
10.265011100279176
10.507192141934006
10.507283363825026
9.017456350305288
7.75076978172856
8.153120788922378
5.834889825399067
6.305315742086872
2.365850661314366
9.21969060381791
7.465381571900834
6.576194357293076
7.867657991560836
7.812147061656242
5.679067011557765
1.0913959534173754
9.488481644299135
9.569048983186274
12.329090264991654
10.341001697243627
13.1979192074006
11.983444027889231
12.213008072192372
11.135234905831123
12.618156733467513
14.504640941833594
13.968432818492733
14.475888714320783
10.376329134581423
15.742488073945959
13.019526465666749
11.758721100256913
9.552225897284748
9.125873453116942
9.82761695462454
11.587441321772195
12.483258940071128
13.034321120865608
13.025960046081359
13.232206220222897
12.247722459016734
15.149617881631254
13.14382304882117
14.435249864149569
13.317772808448426
13.976411458761175
10.930846450275563
14.146342757066899
12.240987544059788
15.392338211722045
17.133886944558416
15.661889534898508
19.367478103931337
19.847280026760252
17.91809675838329
16.852470611634995
18.540610181271646
17.05861372008875
14.606128557202224
17.515296517909814
14.992404968035988
13.54386667340361
18.374986290430247
15.483039953654728
14.43984463160177
13.410359642264972
17.014116113043205
14.328409818097374
12.643284073028246
12.602721377155202
14.138118543121227
15.770444417981395
18.253946817706215
20.28980935155637
16.42528036546357
16.835335670850824
20.184441600787764
16.24555788463556
17.12608822771636
17.863975433575902
18.800956481872007
19.250018123831907
19.776169369418437
18.56671417889178
20.065532217737662
20.667152330389275
15.399324059882524
22.011765875794197
18.31055814810258
24.671745605855765
21.563623489056333
21.202193303306636
22.52390165232415
18.762643901795172
20.780441573953535
22.949313408702615
21.22945694399556
22.595037321167723
20.60887256696413
21.419027658528663
25.802292519183933
18.267162419237117
18.01678543846741
22.154434042457577
20.698870182226994
19.96819209278337
21.42041071711582
23.212225360196186
20.896164393910162
23.473245642838958
22.252735955015794
21.75592090877654
18.53163689478109
21.090315421194173
24.55075045689159
19.2211153362408
21.42997708570631
20.398995596348023
19.12695213475699
23.18058112887566
18.837048230196825
25.32316517779204
19.28388863867102
17.546796505697163
16.111238558631385
16.783056468578547
18.15096767328502
16.813496701920247
13.131514616131668
19.22452370728653
18.20313804219268
17.01346870436632
17.24592563366189
20.211348955233362
16.047486161717778
15.757100878703142
15.510964701838354
17.228630658186162
14.909320124814206
15.679658467060868
15.514445460203433
18.474843284819332
12.41488997983986
17.26470475647994
16.062403074249403
13.08669294163204
16.36779957378936
11.624156254575423
15.625331857220408
11.216676041037925
11.68500724893232
14.874969996077452
15.025028678033749
12.386000631117346
12.251053594098465
12.085986616203435
15.034254317583715
13.779264096345106
17.271112707686548
15.204603142178565
14.261250896383563
14.506284450974613
13.451241953552731
13.380581497701174
12.07704791577217
11.072340605855528
9.774508471155539
11.891574024978059
12.210484273911469
11.135042724697396
14.686141275529724
14.71155849960181
16.60590021998331
16.31554420478253
15.451738700929912
16.786842239423056
8.723116483064146
17.20638328388504
15.743437133776919
19.43994155285061
16.52496090628708
16.99550331716375
16.655675257112964
16.38550019032629
16.705417126623693
14.126192137681466
15.126837174889545
17.14982850134346
17.565192221808903
20.771823476615722
17.52967394416695
16.91223408451907
15.623458724929176
17.76580234191754
15.344108297974582
14.273222223451203
15.625573785432403
16.26595480976294
15.525283023696957
15.774619423810837
18.98445003670514
16.549585782550874
15.655642660716735
17.82689397805871
14.114387399268733
19.866436403403668
19.332635043092164
20.558903131799106
16.26357341561333
18.810193961918785
16.960834804103527
20.153743710386063
19.71558983316117
20.138550825695635
19.23782261632316
22.372580498523735
20.3204780179677
21.43178734003862
18.94447716552892
19.833581568503725
18.753735776935162
21.908260589176813
21.81380806881922
21.057231576516642
21.064786578990002
17.143954227081718
18.964106572370397
20.75164067827616
20.969310210358692
17.737933959490572
20.408957526257584
20.95596168267231
19.064004505754554
19.92142273705801
19.56656218944019
19.783452446262668
17.107928072972317
21.17993479873342
20.244824992534603
19.16103467466764
21.53260102674218
19.145871224124612
20.557858652248335
19.009603699467533
22.015535739015174
18.913929082215965
18.25839575437358
19.27193439498373
18.467944357994583
20.88592831373669
22.582237938182836
17.568700200987287
20.270663902337628
17.071627128561655
20.458574983357913
19.489474873236343
18.966495877469463
18.827840777613737
21.174843394066276
19.149663838848497
21.87029330810419
19.605060824353526
18.325292947966908
16.926646207798775
19.932999243010816
19.59429038791345
19.242319112024827
20.940444802079234
20.410285159848314
17.378003007315044
22.256884564566256
19.514802780012694
22.36838184989265
17.809902664729133
19.89797482451456
17.015134653748575
22.238603204024088
19.13319230451083
20.602403853408738
22.13686763076292
18.51893093453256
17.37592471380885
21.570099581498095
18.586583582830823
19.316524099871515
21.689212858587084
19.635039095161794
19.543368288565475
21.745501190483463
20.832849649242878
21.322515194806364
18.171659345236797
20.976753824801904
20.152042738195725
22.95242738357632
19.52426127823476
21.94177876285401
20.627340949232817
21.57261715788355
21.740169423890126
20.714210224903496
20.418108880115035
21.49653634435943
19.625784828842594
19.17743277124368
22.229544165849532
18.31365701581993
20.734340726022825
22.08337310634922
21.398621411555418
20.069263717335023
20.348298522855202
18.30866392625243
17.507113893146265
19.003308222943463
17.15179058698088
20.067608555266283
15.84914382292742
15.172195951508984
16.02820001360337
18.79236213281185
18.50060879781781
17.90614095191617
21.528734802306538
18.43853079716686
17.309813438280795
19.487565194557515
20.233118155110745
19.52123593576101
16.65162888731324
18.829504230626103
15.271445144995326
16.586338133982036
13.020493344428422
14.605796522476584
11.967254362536773
14.799817312945335
13.994612568392146
16.618494030986234
12.62798832464642
15.494688744751347
18.748169136991397
17.170442621077598
15.89484735648762
14.392774233061354
16.122411744694546
18.23588790011802
17.52920716171104
13.513614158516361
16.34341606882218
13.721058683928115
17.041767164582993
16.15813885705284
20.301245573102495
19.51090123964306
17.232648985271194
21.35071806158989
13.562274800954894
18.333993596449833
21.210835518071658
15.866300823670972
17.32423644788279
18.53635868923521
16.576549869834103
19.250299352871338
15.15672656488434
20.14736558835026
13.688666112274833
17.89069922870391
17.48146702092571
15.784572455295436
20.867480524523884
16.271473094872206
20.280706196550533
18.13345152733027
15.146420725641347
16.905544836205205
14.187629488508135
18.181779222289112
15.527297503431566
14.53168902184746
15.600149170915321
15.901008321612547
18.30303435966073
17.890946159579745
17.55562848530368
17.04941530177621
16.687041873132955
13.070733681711568
14.389888099650385
16.43253779973202
16.47947089629401
19.901331393690146
19.395532148850524
16.60102675974462
16.722600760872375
17.80409828199615
18.80599990193206
17.229826445680565
15.962364415882877
14.145589725759134
18.525705750214755
15.187936804749329
17.9261739509126
18.86104161193076
14.702614941949854
11.08237087305937
15.371211451936274
16.564428504641654
18.524479923811178
18.045348386777746
17.94707379421965
16.848158142672848
13.680379847268782
15.480520041105876
18.951280993755397
16.77004085695074
16.635290539914422
19.886569730754562
14.479136429557695
16.599166313047434
15.73078604766202
16.82975090030767
15.846514458203014
21.180524302492202
19.76255819411638
16.07866802013006
18.507253413602857
20.585685020562803
20.15945923712963
18.665738755754337
19.79760272199328
18.044968572058
16.78474082780399
21.73708575556608
18.9958255825091
22.08781015799314
18.598777133899432
17.776345419696366
20.915812726925203
21.874337507229637
20.19897059508967
14.336510827389207
20.27694606325596
20.568839751983806
15.896779110769108
22.584173810705266
17.273484563766544
20.601750327267673
19.704979975166516
18.638083906478474
15.153047832021528
19.074961882005272
18.46558204453081
17.843366482928445
16.824213169198877
21.36523530849506
19.71278200254083
21.536616518360173
20.10406345897025
16.17423765602298
20.390223030818888
14.360242479591655
20.241713294314913
22.03425839773344
19.348782820443272
17.12917827444648
17.95354211675413
20.792145257305133
23.209439064304078
15.986833214468191
23.076326228904815
20.010144041500094
20.250057350874926
14.910314003008914
19.315416732166025
21.03639174320865
22.299456276253544
21.453573029495043
22.02208247243405
20.56480792430998
16.524480845917946
14.353559507263778
15.963021642847071
21.395036405129215
21.028391789252925
19.444975255417976
20.21073128803366
18.93287661142689
19.293114402568445
18.947502695077986
20.791923026962532
21.431065734414407
20.646403753536113
19.09259032566751
20.41140228609895
25.098300360852175
19.41288207696236
19.703656890635656
22.429057404053005
19.300789117140702
22.002687209378763
19.653460104797883
18.305996454737056
22.705311327335075
16.864729167778854
19.421769052632975
21.156902918240096
20.961652367602138
21.291828824663543
17.46815678528855
18.7201863603146
21.179152063931575
21.27835983053776
19.724726998876243
18.80615812014331
22.984643706623416
17.904651954666974
21.276048123689066
20.52454882441143
20.605284598742575
21.79814654948357
19.665261898349268
20.812967551959545
20.565840410543363
20.045105924210585
19.342278692124076
23.073388725301136
22.167455048845095
23.315709032318317
21.834556824446203
22.425761047189468
20.13798028335331
24.382423771061212
22.244330375532954
19.25047889492388
22.19076057249141
20.85058902391063
22.05902424250101
20.874879924767967
21.92540014453931
24.700424737446063
18.38814672344569
22.193025896472427
22.066366915718763
23.68221855680339
22.235509332704662
21.63969683212597
21.490921728569234
21.75621484605246
20.230997430661514
21.12263805238545
21.35711368552642
21.300766796241504
21.716171887744895
20.69357973782026
20.995911666605178
19.718238855746844
23.012660613765355
21.78097450222614
20.109637153851903
25.610388886844984
14.851472424549511
20.268837236847354
21.06352544793971
20.540940473317313
17.83184452953304
19.957701556424627
20.688861837975786
20.264679647439873
22.096327764249004
20.890528577741378
19.539028573458797
19.008519091317982
20.3857127632662
17.3350133973767
17.669942148806523
19.86228698315935
23.658155968483182
20.02715617019956
18.070303604281968
21.18330171708973
16.718646345089343
18.360789478417654
20.606634804806163
18.627928534094693
17.935267807769062
19.66983903410559
16.589494628574567
17.435297429949557
22.3061572958867
20.148345376144746
20.02583102892229
18.804237726468394
23.065023373795025
19.798829118125234
20.12885812400874
18.025061729045547
18.704873719291825
20.626788497441463
23.032062001335085
21.37305052155115
21.61304015923694
21.748381040960478
20.314297460154773
19.978035980815978
18.456346224440054
19.61546055126374
17.588037478442644
17.70564830108907
22.710948658121776
18.151317470056334
22.69744144237656
21.416596240871353
20.929064439652663
18.29249171899554
19.672434223598827
21.488408320901115
20.3170749090936
21.119399522367683
20.63187679699479
19.337299142862225
21.71398502222361
21.213719573510097
25.499909855359515
21.074406237372603
17.233134547450334
20.784946360733446
22.30933132619273
19.11327244836889
19.545667618955715
24.51287295508837
20.087451867855876
21.617198397188385
23.139491565900954
20.856934647617994
24.26921321733656
20.612355850539146
21.158186619109177
20.01862780619883
20.536587505592514
24.35722019120753
20.60437129042581
22.838939628226647
19.846175461396566
18.516368021497662
20.61567473656461
22.038527716959592
21.41580364313828
20.78306319544913
20.185448820622398
22.396445875266487
20.317349880031877
22.46085136981315
18.37339423417285
20.923124330274682
19.08366879023409
20.4977222099549
20.50786092834424
19.021381926657412
20.071205560782836
21.046896541081644
21.865068456572867
19.58474598425395
18.56929254875163
18.27140220166744
21.679704990742845
21.237406957235713
20.895650333164152
21.039618245412544
23.549006644185976
20.977290795360286
22.171929532038213
20.873196266550224
20.21885761654
19.76557022981279
21.554879366220693
23.04450369907793
18.723256954976765
20.99040075966856
19.229548001086005
21.071151658531996
21.259109642628065
20.427018915427997
18.642401084021976
23.65296737533313
19.748294978064063
22.662822378308878
20.42272579258733
21.07833856239895
21.936137551841075
21.227977346277854
18.767634593358764
20.159488442418606
18.10908334956125
20.94994592633159
20.289628098390974
23.267869443002898
21.102216160128663
21.415360575595813
19.55455035307086
18.808120023087806
20.878620601565864
23.664813367286786
21.845850774284514
23.366409582531116
21.094462594756482
18.90142548519024
19.39266965771839
20.276302158541824
21.01731376049324
20.61716744694311
21.589280005263824
20.41413119679789
21.508707503038583
22.42937737410028
19.28061606410031
17.425274285999517
20.211611982784152
17.468184050199664
19.92822589216782
21.17314611999376
18.756736794183578
19.527092024431692
20.95000864915889
19.425505487558507
21.618715159408627
20.189567126476163
22.52094711768981
21.056761867877047
21.59238739802799
21.441361102598158
20.80775638588972
19.972975402930725
20.30052674136615
22.726201418226644
19.423776858361506
21.493692919687327
20.42735313274044
19.743974252938013
19.574983206429927
19.548115307612896
24.419590605210644
20.901234566399225
21.02943103900965
20.433119953302768
20.56256695022205
17.651305267328254
20.149080759748234
21.903773263083405
19.256619645367547
22.833037588634422
21.095150508140634
19.534437437526595
23.505185956693982
22.7094814328151
21.10292162351526
18.03523623602887
19.4741586191063
22.242479211225714
20.36162533976333
20.628926946023356
19.449134574390882
21.254945939052725
20.259502584708656
21.568123833825396
19.1464268013162
20.261527891599798
20.253143876249297
18.588634170148453
20.515827966186404
21.421170264406665
17.35365628985901
21.445129167866185
19.46852434491368
19.69438425319605
17.135886996638863
19.81741600254448
20.32443641230244
22.31239441583096
19.4544335258391
23.13538374340867
21.66797349934266
19.215808948406654
18.00271856916331
18.679878661624254
20.660894862705263
19.499847372269574
21.231663861215473
17.785951858500916
22.066664344853443
19.70920737532413
23.777543915797803
17.645339538026874
18.96710690409432
15.237533211412732
23.085980823928836
14.818043476451813
14.392861651506262
19.23683061236697
15.905271237518953
15.385125600886324
18.163835990487016
15.776178405068336
16.3234760612049
15.64370631079499
16.21848379312536
16.532354212867165
17.782623399160073
18.946788140862832
15.53711781762957
18.1514839141701
17.973630790666693
15.268602583879355
15.647400606786087
18.04942901555203
18.561187628482873
16.697621201543985
14.367358681573565
16.01419792868537
18.206497819701212
17.50301154089688
14.285687004705846
15.463028760404024
18.23140006954506
18.804027906436875
19.098724542029373
17.0024207602157
19.697468517212844
19.508432285215076
17.714331745971553
18.01976452451838
17.301109622500416
18.43081349211822
13.994229133614953
16.890025551231286
17.266357607676625
16.932445652861812
17.038393897770767
18.4726396433833
14.013051944007763
15.835487627027854
11.923813744629998
16.31486911698451
17.92423798442433
17.136906770192905
15.151499807251334
16.588979274020094
14.715084217720436
16.43230531116332
17.223537894469597
15.76528265475773
15.62256810040033
13.864820491227382
14.367261738853383
12.81341540752331
17.450613792283868
14.012364939069816
19.259103078384985
18.26166773097433
16.989984487861175
17.692750623827603
15.072533301956156
17.829277946562033
19.837591413806226
20.239052936497135
18.50415152263761
20.83915181298947
22.27340748714225
19.640360024655827
20.81873790927453
19.299952261725508
22.25445208403136
18.20522905959218
17.399448840527885
18.787564821256485
20.614409206190413
15.723350952922264
16.560599793117127
18.289546441221724
19.43302254239274
17.1136423396199
18.168185596427218
20.88181025167504
18.930118252913875
14.14800080484899
15.441791437890384
15.738170137181417
12.921104441194094
14.85682231914538
17.249124849319497
16.45977222649285
14.582032627703464
14.46383670430419
17.13814322186369
15.965750743560083
12.973788969989197
14.875375521388397
14.008577294907019
13.748645362782913
15.809480004426794
15.441485162387357
12.365363372114158
12.523711255173085
10.952196483295689
12.625039510549923
14.057227494571672
14.221861071636418
12.541878962428962
13.66844939360844
12.02101174443239
10.888363135658818
7.375924697343649
11.310922242381201
13.765402393274925
11.308418178440268
13.997274646453661
12.77497089367027
13.904657475017318
10.66261820728872
13.255899258800806
13.654522480751814
11.507830263170339
13.435614651616559
16.382296727882604
12.621163182012408
16.92987890055748
13.584367869996107
10.36861806407571
11.538370877528374
12.900626557876079
12.445612004862124
11.884716252792565
13.161405304958588
14.11009874844574
14.710161342504005
10.616917842042513
14.202839707786657
13.195558658832404
10.672321287644639
11.155992932475966
16.475720830530637
14.382637798732414
13.791881350992695
14.735031006598629
14.72969190029167
16.426555696625993
15.476783135940256
15.249136301437266
16.4602243160133
13.488376714586165
16.84851916187028
19.31889149618112
15.339229661111807
19.822821589831662
20.18993446142995
20.626117135364918
16.577563282601833
20.516598249190825
21.109326566406185
20.626570387502493
17.94357984598273
18.286450142973116
16.611570061774284
19.674329451529374
19.09443753244471
17.716178462111937
19.27875479227605
20.629423551078357
17.23161051871093
14.512807994606536
20.61098890223418
18.786726585939558
20.372592178462618
20.350844540181672
19.27078392142553
25.279608455356566
22.80783929649516
28.336380775485672
17.745094897625965
23.183400187714046
23.97094836189821
18.139104997707395
22.814905075096956
17.87540430154667
20.18374339378622
22.944428290741218
20.349606065678675
20.915723809852754
25.52746598136077
22.85040650833789
25.441281042569457
22.8536507520976
23.0956295868273
22.456074430610858
19.480107533137886
17.60836552141967
20.916180081886058
23.2500166582134
16.963857783064757
19.680126281167436
21.915583881844466
21.161561093831068
21.9988697885774
19.22383485552189
21.904615028209573
20.817780089694057
21.478549248445706
21.395313367201535
21.844227919886137
18.27735771972988
16.14973973791875
17.957708953013352
17.473659368254214
20.10548006399172
21.22639520718182
16.59910691976462
19.89076322032592
17.227388500006192
15.75806588030607
18.262908807788
18.03345129569948
14.362275663641677
15.893914929804092
17.63148855264188
12.723672871241062
18.450176602764472
17.85431775681907
17.02943154476613
17.502244997980775
13.564650543721942
10.199587655297954
16.102185750612065
18.001595758316416
15.216070364666415
14.795014047692515
18.687254007262975
13.346406409320814
18.536096644917805
15.996833414895326
17.17282637234802
18.873436994277412
19.086617214717137
15.345167493907688
16.721625944603513
15.683935961253063
16.871703442040005
15.693835846744378
13.31943644918235
18.59109127039918
17.2667999363218
17.15022541750361
14.890601516832833
17.08633238401551
13.115891069119487
19.62903612278683
17.71074901079154
18.71345413502868
14.449455228372484
16.625476706459516
14.871995186059385
13.422281336842143
13.165582642210902
15.015499826430322
13.227784218661146
14.078921410967789
10.774734898831886
12.746001855517196
11.209542434574848
16.286836174170347
14.842274846127737
15.27413981792694
15.658463414158792
17.909528385174198
14.500712288057306
18.200573854143983
15.495483066641153
17.265051602945196
21.033614531787826
18.251709184637438
20.13873567089366
17.976548701738917
19.370123864348535
21.654323217627034
20.16556570240623
18.363655688395074
18.54017331182546
16.740054275240922
17.04353733051111
20.081464600525603
21.28699654009618
17.40222919067388
17.81446501641522
16.84347716882098
19.216365494936536
19.216690934841616
21.448942056346727
21.49451344414361
21.719673994901694
18.745801485503037
17.332131950281198
18.56151301459999
23.048776967182405
22.446374147473644
16.75895570578904
22.437881932981462
21.73718886302581
20.835575603337592
20.88278776910648
20.606012543885797
18.063957217692028
20.14216224705084
20.89568233310165
20.8351469101859
18.023617224803388
17.996999799917894
22.238083393824684
21.91764938045192
20.192089496772503
17.17186614091776
18.45297833174892
22.211260035149305
18.62613601051656
22.339029427683656
16.615765778279787
17.628112962790908
19.9010410046472
21.62250476902866
21.61277903812434
19.296313258316136
22.008319494396822
18.161434992957556
21.35015683000062
22.831941602663893
19.660181642439117
19.700990625838436
19.880581586900526
22.8288478479267
20.248154880442904
18.336047406085683
19.418631148031768
20.590835169610852
20.614057148952377
22.579446144032428
19.769618050034506
20.176608266571915
16.7817878841625
19.533347798784142
20.598961901675757
20.833616474021802
19.574306358618404
19.40566708641337
22.15670136337903
17.587150558789205
17.918075819653637
21.330158814862124
20.03068401430393
20.762269786390604
21.448658559284535
21.560931218000587
21.920135890128833
21.898953388824424
21.358355453909354
18.80212934565908
19.85300637537592
24.017258495432074
21.563562952284098
19.28237623490359
16.71113800488116
22.426436386280706
22.618322849109855
25.561659000190787
21.772785836167763
21.17880096250457
18.58442750438839
19.057883479769934
17.499110765845902
20.423691206822973
20.918159502182487
19.623393889925655
20.19399138684399
21.599004433752075
19.568838081649826
20.89331443451775
17.11303517250478
19.623715741267254
18.193147399446126
20.277148422190578
18.77588494797128
18.45178154390009
17.909503863197155
17.83386587150173
23.013361761835313
20.55091308494246
21.288908705449487
20.547063782849563
19.88476841659121
21.417846771513616
20.605593821397168
18.6924432131433
21.40212480857968
23.944369769948114
20.703646826983253
19.51236270363931
19.890510660264283
17.005376996963573
19.300126189247955
18.91096045060316
18.766175861762715
24.560364358727924
18.966355209568352
19.222802277502772
15.027810574858975
20.92467099053758
19.964542342934287
17.518371892585705
21.490663158684537
18.898731357024314
20.9686261639008
19.99845519062571
19.233863688932395
16.801418216327775
18.135656714415713
19.978796452255807
21.421440186970262
19.941856988569143
22.82500511345777
19.728283580625703
17.061781382553672
17.60696379454889
14.693555461159189
17.739310053083088
19.766022134038597
17.410227295601967
20.355147635725412
17.891291357135103
21.132535908963497
16.478478458417385
15.331300035131324
19.033481019975635
16.78582235726457
18.67259319352762
15.89280972476947
18.535782357236492
17.42308926556261
18.012617225843464
13.311130913066561
15.128576351083007
11.921604893880653
13.048082628815054
15.762134720040208
14.707746502676404
15.629089565855457
17.037714535124568
17.120463872266264
15.098613598811891
15.363001533208237
16.2994623975657
16.201176778455196
14.921439526812687
17.228743686858607
19.896123932545443
17.22637000451411
17.639724081367667
21.890072069840325
18.26539420612217
20.619291454361743
18.93050471089454
21.12848029673114
17.08364289548809
20.004378831319748
17.50955815072308
19.085120886271888
18.46012431907659
19.985456041272908
19.471465284913
18.246117572819585
12.928652425225888
16.624834742893153
17.746879244515412
19.071766309428767
17.323437323935426
20.375445788730207
18.49316037757223
22.21663780570297
21.352371012655905
21.038686517831295
20.6784766052901
21.53191060396638
22.178679679024363
21.909717728502585
16.847747998828527
21.798534515141785
20.728568014193726
22.724961283894896
19.905545755670957
20.12750068381829
19.18007049432449
20.84887296641504
19.981521956706136
19.802807444620516
19.359851858228485
22.69128480229241
19.698611408666448
15.832692199792614
16.215946574552277
18.79696688098665
20.602936731354824
19.40968066612473
17.77803003760223
19.968267392893363
17.436419287444142
15.821691266551127
18.783548891374018
19.960842489066355
14.497359245004185
16.81009007660524
16.731534697281738
18.26154250459466
17.99299890733411
11.278189386756484
20.63233422932501
16.79448490030741
18.444196174666786
20.665534688419257
20.61850134075853
18.22345352233345
15.000574265430409
19.70460241366083
19.28549087455171
19.497662544223676
19.770750954131408
17.78854986757365
19.113142630488202
17.544794957538183
21.949498351493343
21.610861105640282
21.272762140144504
19.559479312983484
19.18137258447131
20.54015372635282
16.47715264765005
20.57505364596913
17.467220581122064
16.338743735251185
22.216617172090846
18.53195845715428
16.13627196212393
19.04643593928772
17.02370091982503
15.506584352050357
15.149030777790756
18.344202676614028
16.93182591385156
16.520954594267568
14.967899171996809
16.33989008511273
18.50307448620711
16.503502792374025
15.464519385216086
18.552652067820876
17.56205478263396
18.569457595521964
18.824901513996714
15.450378827123801
21.126893523618648
15.646831218350448
19.40293753009912
20.20748611235513
14.60184127628369
18.055926617704355
16.415810859426323
18.162066322523817
17.461152980733324
17.146687699982046
15.745184736557853
15.673972674769171
10.672445799217934
13.086582631483026
12.148188606092006
12.208652431854533
14.41932716477143
12.885108914019408
10.096580573148003
9.941274638044918
12.236330967860406
9.092610473984156
9.056615084896439
9.831274660804118
8.236241585313877
6.938319277620954
6.447948784754903
2.5645482144435308
8.47752271007591
8.0902561242423
9.689236877564243
8.785826201366953
5.000412325314363
1.3433339801344948
8.062408588939979
9.378356026212666
9.496913777376715
8.265051275323344
8.038999678223202
5.929065283847876
2.5685835682683726
6.623158261431627
6.456916176323926
1.824103994018097
8.174432808832956
10.405673479650778
8.786768164128537
11.302352330800991
10.268113413014502
9.269425534802602
10.233291170396383
6.357362267869463
7.901004146311425
7.11447202720067
10.066566250217342
8.802845647520416
9.082969884249659
7.230548651189117
2.2971377445019945
10.270083231665925
6.190252368585004
7.505131905052547
2.314185340779531
9.55491094858141
9.338575854387281
9.961375779079242
10.261135927231583
11.012655330280179
8.009779879477058
8.446823183082826
10.60667447960468
10.446871212380238
8.806812966811606
9.096707603315046
9.918386755077696
7.928819173125364
6.621388719779092
6.952868901690942
7.533834672063417
7.543194679774287
10.114607213515429
8.435112046172485
11.160825118800098
8.641417544820426
8.68728410737815
9.910041165099368
9.91341925656712
9.262309488513434
12.33580289000667
12.205444978756919
16.431592863362646
13.710346247348328
11.096825316250236
14.2959575868821
12.919253782393177
18.02901983525005
19.111261358278913
17.55474451574889
18.7658305717375
16.789754753035186
15.196545796180642
20.278009569727267
18.312574708817472
20.220939409635555
17.919304131939807
18.66083745036224
18.298151244653212
22.862304757061747
21.005170765383845
21.08150761824995
19.41383776555272
24.548677970521723
20.009322011948445
20.186471854245358
21.79274920494785
19.70681797872487
19.766077278151087
23.475523419284873
18.477493902082283
22.62701251548449
17.149369613083007
26.09659709781792
21.329230714901968
20.67912352680736
18.413557892423224
24.99647529595032
23.16018089371536
21.812650888364626
21.59935825719463
19.43986295266835
20.57963910324864
19.346176077790886
19.859846275414572
20.726777135940008
18.41389404829737
20.324701743313366
16.875033896060987
20.478448647297085
21.18033296853327
19.71253672922231
14.335500306281252
19.227027660362342
18.06938273166655
16.894146911206494
18.324873650850463
17.5762660167014
14.636028283390083
22.530556059408408
13.72732868040348
14.410448881413922
16.8622619645875
16.112153088679072
15.872279300620555
15.850969928992901
16.122272553816043
12.086618132440734
12.994746361514572
13.77184099810426
12.344692686870683
11.499495491161351
14.619260661635284
10.165203851597427
10.895805375568179
11.402420423033176
9.359406508911464
13.065072676577891
11.789726031489463
12.636234045913776
11.355892285238193
11.396024477778925
13.08420007382553
9.500882342577654
13.438720953046063
11.009298972670251
12.473262167941396
11.613217956268118
9.470324129360977
14.703858062789685
12.747364033417997
13.091919040999539
12.612156375543604
14.763178110414326
17.037326062002446
14.56500882396606
13.108315695358982
12.568184621579743
14.057804603131771
12.765750509602679
10.506597000571897
14.803571722653274
14.474591556192136
12.278101386930512
14.565594799437847
11.773271983225147
11.853095593347728
12.5711155305298
12.549687146805855
12.855633267776744
11.927789493764877
12.356171000308859
14.625383595384616
10.61094552101714
12.902641190197828
15.270547839633927
11.3200875283953
12.305145503412904
9.874979593007515
12.707072622298076
11.53543560414013
13.538904012305885
9.475477832040415
10.906911099045667
12.962021416118985
13.589770756992499
16.50995859582875
14.561186762487479
13.622902357976598
18.401141393316784
15.403632048141233
20.68546409479673
15.656476914535359
18.438939383352817
17.239251492120673
16.55557788915513
12.190825675481749
12.485263407463588
14.04947051897185
15.88974156503129
14.377172135350783
13.193229442823093
12.714235465921641
14.657114452800423
13.43354688422508
11.646180516966561
14.43795498994322
14.04040878921894
16.08916038202365
13.765559899578987
12.554349069953197
13.494176981184216
12.066767342032282
12.074314769714876
12.958400267407079
10.79180692701399
9.975511808692806
13.444122091088804
11.209539915356658
6.84800906821765
7.792034908679275
9.537316412620958
8.351729358848555
9.800124092407104
10.188542692411055
9.716509546872935
8.454141782469017
10.062640942879819
9.734163017023135
8.329380901960215
5.916555033203801
1.9193293670844849
8.851227341148274
9.578642815367267
8.421210426514198
6.336999904261844
1.4251259007548902
8.753001831024065
6.97384599172939
2.5136039347993027
7.717124726646849
10.716500532146382
7.9469350454030465
11.933029807282885
10.402226178681763
11.313027679504614
8.99093372578128
9.752203728654532
11.765507354337549
10.37342941078162
11.69037325342884
12.332403165638116
13.235610341425366
13.190734473378841
11.890917395661537
11.388497698120672
10.462565595488103
9.873863398920646
12.615879262147812
15.086579704441652
14.256720413150495
12.454749375082272
11.746534502538257
12.036433372367377
10.732422739667557
12.792800634951895
10.756409779096568
10.70729220071122
11.233006709292228
13.915228393781312
12.809298658707139
13.434296881500556
11.07832707370222
14.502518013102257
19.80110350555687
15.738824426225303
13.799876720656853
14.183402249103395
11.900889994604853
10.889520671014592
10.575485318698846
9.67985780088366
13.01855824301095
11.073248833847877
9.709720966151602
7.81210510747003
6.810243719863583
8.7315651937613
6.63082962886112
10.227267108456008
8.350916292777413
8.058461635940123
7.449036097031449
8.403933045447161
9.331171037080082
8.282519182963137
6.14864221622614
5.161096236970893
2.1070800287975495
8.011303087688663
7.178098233808244
1.4385845184946942
8.565034243392034
8.670721096273628
6.5271604783222035
7.985520204808943
4.4754380512532
2.1115341195806816
7.34237692284031
2.1952736525573444
10.85275868695632
10.802334316741371
8.9784618676418
8.770875074232647
7.477934096920654
6.627809926082859
2.079361285858739
10.629240332558048
9.24519603922812
8.679528619449695
9.167119745803873
12.31138568070224
11.499609527882487
7.32218710960681
7.585483645317559
2.5121869185269183
7.930644413741706
6.600869570995426
1.5650734335427612
8.750755731531065
6.636640674964831
2.0639452576090744
7.258386646635789
6.870856395750685
1.8757743857692037
8.982127384087885
10.648681802903337
10.487351771468088
10.015704806323095
11.008549888598047
11.423083029670005
11.293203118662465
13.555066055685808
12.979104417329848
9.777019627415022
13.864579736550768
13.529375240950394
12.120422821879862
11.415719655833957
13.015394600111252
10.035601230250995
9.159993026207113
11.318937420132109
12.576713962655845
12.423966378000685
11.167668622368904
15.138321400243502
12.573717102922956
13.776431998783735
12.20592655897936
17.023840155583777
15.122934477297694
14.699086043972935
13.9573820394851
12.595166731290576
13.131903394179952
12.829478973564235
11.100591968440705
13.292172999872854
14.369735889583529
12.3896285864531
14.670787515665312
13.148836619534505
12.25525105145165
10.130359079370919
10.509166478915485
11.886703711468714
13.167203325817525
13.844628501981736
12.646464081231658
12.044974717473707
12.514641973128622
13.207109951944007
12.60828462265797
12.066523282467408
10.459515851712814
13.75111515756286
13.357742381256479
14.837333519862288
13.78082157566429
15.817309884473344
13.98977014997143
16.938931679434994
19.722703821338694
16.644560479470126
17.028162187381973
18.91650448056264
21.65130848804429
19.478286960620398
16.991828568352147
15.048872597407238
12.85388857503273
14.151015478223067
16.001699186642462
15.671469629713336
13.041799664545078
16.6836013432985
13.392722127678237
14.825405623680743
15.881648258399364
17.791871444175225
15.295595412399388
19.324593141210354
15.172331743996855
15.36176141549553
15.545456048629346
17.550716520312736
19.16654448825954
20.732258967642775
18.694463365926268
18.608133804292276
20.648026503159606
19.19452628392263
21.158461552788296
18.463162614971797
22.42106115858976
19.910244928658937
18.318492646845343
19.284260966395035
21.402629837165406
18.28221417143719
19.98894713869906
18.16849880403716
20.14243623065078
20.513773556961347
17.383867993981713
17.98513315273019
18.7472359347179
20.097400330834425
17.848009618169982
16.601186737097535
18.241543305803944
17.113765962779866
21.020399568357
14.68653436108397
19.299352890156733
18.249915313910332
22.086685668503495
17.96554806573903
17.446675896690437
19.11400764400752
17.174628921596167
15.849211320668765
15.856062264590877
16.043690639573565
16.17548768293477
14.003671295372278
14.985099239146194
11.502441921418509
17.503860930869326
15.376681038395668
13.009690901553576
15.486533526602974
14.26447696250752
16.943884660962826
18.034910761773506
16.808826941986204
18.79403406417921
16.8077050562389
16.699340787319727
16.489297926329137
18.42584588923046
16.41834093613285
14.302561512898771
13.927029478617376
15.856535575884637
13.804320447463466
17.942894453438466
13.716868234537902
14.664543026412852
15.410523648946972
18.184795223298295
12.76079929944432
16.817923607238455
17.374397962443588
15.412108057645264
16.028360743248662
14.753766185531752
16.716359837950804
18.06049482355608
20.04824717024891
18.063665942831875
18.00374243995169
17.865668806406177
17.728963427349147
17.508469167499772
14.825622709135644
20.918395981990184
18.294975870500473
16.085229734711138
17.33607086738705
16.660852637885707
17.246033152528152
14.205431398961103
14.637535762180807
15.156458952514509
13.38269951722019
15.157896110067671
14.596336893677032
16.320505142448248
14.864185482616708
15.782242790632479
15.830618453678165
13.122106982269973
15.710499696990869
16.999886049144393
14.673842361945102
15.559849055571707
16.085701866906163
12.011764782315371
11.42056742807333
12.5030162526441
12.378175276925308
12.881426782305436
9.830507234269241
10.432837947885227
9.408205097034687
10.429761126570117
9.684867740603183
8.470784757083566
7.069131510247831
9.119516432099267
10.23553745433518
11.417205442195128
11.276753455808837
8.999378225919164
8.726177886285058
8.616342345453129
7.158760944419961
7.656775185744008
5.714187973883538
1.8398703336294064
6.97145309211063
2.163652481959282
9.481491774127733
9.127031650199152
7.339013291814252
10.308827378353772
10.20900935209459
10.675783542295104
10.840728368141196
10.025930959621755
8.75479580788881
7.812064512216095
8.450373344015002
8.40945741501939
8.440497094618054
8.716885449581977
7.500819284680526
10.890154678370465
12.251221364295018
11.379839194966117
11.27249681125195
11.154874690154362
13.568167289089418
14.34558061533845
10.562719346191667
15.435803818858066
15.808138384110457
14.163966374282694
19.229113469251732
16.98964784034207
18.148886503380652
15.178311228539084
19.00957177647066
18.20136561059513
15.697499396215562
11.672444163949214
14.253219584676598
15.16655673772955
16.90341395529967
14.1431371266285
19.115554904957076
13.74037849353605
15.589111254702626
17.548128927901075
15.30718961271304
16.675794850170945
15.856733445194834
17.783774078641038
15.72027863660228
17.795733064754646
15.856073001233797
13.054603164930164
15.450482750267374
15.653221234450003
16.860874746849994
15.708412159733552
17.804205495480506
15.972513804944406
14.952659629869943
17.32234997122958
16.50919068072533
16.232152404343676
17.492859667411196
16.737028998997747
16.935328224964984
19.00226349711117
18.774412056475747
19.13621681713493
13.160127824701858
14.149673298412111
15.996187172657635
15.496447644991484
15.020061703611349
21.812105615883542
17.766742643468234
19.107058178160486
18.629534592220935
20.04246110566278
20.22068710980048
19.587150271671128
20.31091618101032
21.16456422402311
19.59920386008984
19.015964767165485
20.933196368159788
18.667266133652987
19.496566733922798
18.761784560072392
19.927448763177278
21.16347258497683
18.982579809868305
18.32987113046458
22.535908028964396
18.87659277188963
21.547243829187945
18.715359166252796
18.499035334500608
18.141710162821518
18.001141744680048
20.7730540040637
20.79618786613047
19.01653312424353
20.213835962393034
21.07791012087445
18.650560034325782
18.121332331114804
19.745161428013784
21.110978232934443
21.29996949033414
23.27796540014637
16.261245573905775
19.772035746588266
21.56342094438864
15.391791774629189
17.879079575267767
24.08433459508141
19.83096936494708
18.385014754986052
21.303307741674814
19.92829662536932
20.15697610187796
22.139407540210545
21.414501517788935
20.809046224704275
21.316727304967625
19.777343856842354
19.630920331785315
21.87178922018363
22.192928902440013
22.41396644907135
21.813583466284303
20.368869231731903
23.35987446228637
20.42110293523433
21.24937356546256
22.081373916972712
19.04872285897644
21.629471936357763
21.0278845356421
19.000212376503146
21.092284563381508
19.494267760961318
18.646581684560665
18.985907802421877
16.81817403771859
20.906601311431565
18.207318758151185
19.142452915763013
20.884261180698914
18.73294979117265
20.139677616279975
19.47102281982553
19.277140537406087
16.62676714331252
16.622402275515455
16.705985222652547
21.487413466469853
19.222565301565833
20.085625507693003
16.65585884439513
15.918559504843277
18.49229915809388
19.92674771613427
18.590833303537117
15.63082466700744
17.552692325406433
18.078312553322576
19.048100480578892
19.63688937112028
19.313547311791403
18.012147538135583
21.071807849608966
16.822433755366685
20.507967438276708
19.69526415768485
18.219904369739773
20.08360785519986
18.23310566414958
18.992815586755043
19.337125184538525
16.375809072368202
19.629058347603326
20.97556790871318
19.744051728910943
17.46955736687669
15.409617797881586
19.941885058540247
17.772471069228857
16.34196099051457
14.800401772631895
15.866264968910757
16.555547856624724
12.674786172366153
12.08625557524994
13.005571096937581
13.981034766994393
14.012576996755605
13.68509886716532
13.310574627666632
14.021378124060982
13.27516164821826
11.168966427098207
13.784337197837731
14.863066370869777
13.543059190893302
14.963133044599717
15.021120417634465
15.399717269058108
16.968740038401275
17.03065566817183
14.91591182770714
15.024419469099838
12.944760802589382
12.782213269864922
13.742266066413505
11.14198966886811
12.421398364159092
14.68972351185073
15.189743605511584
17.715145913328286
11.494955738245622
12.814956926370195
13.451276470036827
14.980220736151136
13.06419272113718
15.798904959863686
16.79995536878972
16.93195234081485
14.402621017295536
16.265353469171494
16.713658407279027
14.624508563859653
13.510088849474426
14.135463498187693
9.343307830832602
11.734602004714768
11.235569677848082
10.331341568165954
12.568035044001899
12.191138551432287
12.239452570526575
10.610281861969225
12.085307289636255
12.379581545227403
13.790362218272294
11.253148145867591
11.782925283774922
12.040283100154037
12.630476159434028
13.373623544144685
11.151854355361786
12.755954028812248
11.911970094316743
12.913823417735262
11.946312853960125
13.346346043648891
11.390827799245622
10.520080731834518
11.755329355808739
13.576924875585954
13.729707317290456
9.99746891170366
11.34710213210718
11.279749324114382
14.12218911382612
11.559982538471395
10.029648060032416
7.807942136793816
10.801573193855887
9.926731724887878
10.078350861863822
11.183748161731113
9.82485187279912
8.524986608458816
5.603564006718755
8.9600467989978
9.393275610848898
9.325495801930096
10.830888862024754
11.047102017203137
11.285936942247695
9.20914717220265
8.866956840101984
9.93087453363082
8.443855640239354
7.397578914318068
6.2874068318343985
2.164611401355368
10.004866750748322
12.526539889969873
12.175634003757015
13.176903809867047
12.320575590994487
12.864522680163546
12.310722350670265
10.503611727117747
12.868867880283393
10.067329208197112
10.723875171289615
9.008828160038773
9.382623880352588
8.37740106836581
11.80302178918096
12.15936404461917
13.178672023504731
12.982589364734586
11.713259890467807
10.310963730412139
8.673024581105222
11.003207365353308
12.206148796029256
11.05075552454262
11.54407589765061
12.812087211130153
11.441928887901042
12.683937344892708
11.410222231592973
13.631516743773483
13.694218010912998
14.165693801014717
14.482985092288157
15.761606212860134
16.838425697950186
13.760189071900239
14.026411395453879
15.613313334513913
14.559083068969045
15.675857173787804
13.027950792258672
13.594854009096679
11.424876768141118
14.729342642683376
18.10336259386832
16.021079754873565
18.12647284982496
15.911336036013454
16.316676031164675
17.2410531750626
15.986995960621297
16.520230003757618
17.405154340393832
21.15428958066957
20.145544017434332
14.793853618982082
17.338286017325434
18.7491780845717
17.586421424136287
20.118373000469578
17.445462067112043
21.451283589316798
20.70992619925135
19.44066557293508
20.50005407553212
21.728373159997176
18.599822271033677
23.732754147830956
21.629422325313584
21.718048136496275
19.783183515486655
18.66353656791022
18.626924022895377
18.626847229254437
21.002285152919892
18.783648877445184
19.44651404799236
19.433811712048946
16.392558565327413
20.825678854443087
20.028122810780637
16.7220032398219
19.819151599136347
20.2312579887481
19.414785447297525
14.024844325965072
19.396295410230984
17.953013473563622
17.92817942165524
16.458775691951523
16.138796279530638
15.946026402542099
15.805195031868193
16.19794986305805
15.343174209843777
19.878677665815673
20.744485991009586
20.67630412788418
19.52320797548644
16.176366501557567
21.746921811314287
18.769812314833576
19.438248661454637
21.100789098397307
19.81185780282716
21.528333897458886
18.512323404258563
23.06333172708831
21.521339134794125
20.26417920186208
23.548209378749913
20.556502340378767
18.73695118951089
18.486160197402583
18.98560808860261
19.79270210418068
20.709473984635025
20.099979728674594
17.869541973207095
20.464587480415187
19.552099282165056
19.06545455705674
20.90577627864688
20.40485588039195
17.22753631199345
22.298137473037976
18.909684623386287
13.806802273388897
17.310662551645024
18.997164687998556
20.422862214398933
20.334328166498107
18.9357160586547
20.453464769871047
20.663033632915326
17.668732511579822
19.5624214180811
19.624417147877743
17.978814594927726
19.45416012224556
20.385087616612093
19.41740763196335
19.71064272921041
18.197596016150797
14.253800095856255
19.847401520812074
16.92400450474009
14.907622061820337
14.993686163727512
16.94077794415978
13.260065234315222
14.649459097455251
18.455499926355504
12.918414476899517
12.04448682728787
14.622477123505897
15.323490626842755
15.327279038111124
14.75592875119649
12.646664224736622
16.413087302867964
17.847440922003468
16.746245938893622
17.158055569012095
16.32720599301165
17.177041452601994
18.110199142968746
17.324288167240812
17.87546192935337
16.962828279758856
16.567571306559753
18.05695808169609
13.678392405175579
16.90259689478161
17.48547318507418
17.21925768315021
21.14375291476442
18.48139553783278
20.416192775877946
20.041400694349264
17.248194809179658
17.818278543963732
17.898005461423093
20.250977110369067
12.455694723345553
21.850838031488077
19.778747126069085
17.573545700874845
15.732116747626872
21.73808716948763
19.23171551884287
15.536777215570465
21.786508170812255
17.738175545373508
18.7431918391575
19.99057318710488
20.769769347709573
19.813996806067728
16.794953152279028
20.570722678824733
16.700666646616163
20.970614265632715
16.969410712861645
18.915430118958874
16.891888331686012
18.451490186206392
20.68484255583472
15.935281803219592
16.974493109611505
17.080753451654495
21.428944952708214
15.103093231852391
16.512978817584923
16.89037037917494
14.365592644251642
14.055964512423785
13.91680649074125
17.682839396207726
18.344093261698564
17.442140406454595
13.501217834400327
16.509713404226673
15.823734504120988
15.39335207780776
15.010438852947413
16.449741984736754
16.78044172719828
15.168480532116119
16.318586685896012
13.77207733871656
14.105522123325212
14.788085537418153
15.065176687443325
16.52189625161691
13.874527083221944
17.23845227533284
13.022203794395535
18.343313295497495
16.044617980143705
18.58070454287643
12.564346051166865
15.59921370911433
12.64319360638409
18.270083708285092
15.702861792299242
14.82711106018601
17.714520518307175
15.86463477294633
17.503279048017912
13.507649426257313
17.37213519654906
12.59973000037281
14.874791952840427
14.359251690052636
16.53974387586362
12.43065012864597
13.505319213927097
16.814084655040045
16.406360759679647
19.23314289609335
16.10534860669846
20.661348618226835
18.273329006065943
16.890012425445743
18.26083699668659
15.177855482139814
14.043811184567861
13.282926435867635
15.380837128926677
18.36581082831224
16.10927022985475
16.248978458108393
17.753144710998928
17.5697241891554
18.377250641494918
16.59221880116524
19.56422757739513
19.564179416973026
18.201571419092815
18.322302551175216
19.108668114142773
18.97042423884226
21.810740726122354
16.715137004324184
19.18005247313093
16.232976335425334
15.39307414617293
16.673287324166477
19.643143179206675
16.606606628977403
18.46672474215134
18.14462177381971
20.288126297119128
19.577761655572516
18.669783678148118
18.91500774444153
21.00781743468043
18.957036216038528
20.11231511890212
14.764565716428018
15.721639813199646
17.626067963455885
15.784995672706684
17.20520536960446
17.17437668385983
22.202450941856878
18.72485310154486
18.625801522848363
17.00659368185408
18.686516101564816
18.680296789705075
17.698836067833852
18.26138963009552
18.295378608420183
15.994283430874733
16.661056979595518
15.990163447321674
18.360610442336206
15.48644118866135
14.85483255344259
17.55490976632087
16.552264612525025
14.625788675437617
17.442781367706893
15.523656008072464
19.427784324922644
17.59370542836078
17.330160853272897
17.211359567995217
12.556906942294141
16.46209518481955
18.44594393211883
16.69300936037101
16.25591968439335
16.517823168011834
15.993128616198014
14.710215086674646
19.335582163430537
19.832383694723017
18.165940052657056
15.43578487763219
15.868282578474004
19.92812169414345
14.402387716481396
13.423321151508976
17.660305663550105
14.534692195847144
14.65391413769878
16.336312932555924
16.026648799194973
11.432943898286057
15.40548835253904
13.88070112719041
13.309634541284481
14.855231408127906
12.527228733854855
12.603578106717766
12.180976091981135
13.913274265622618
13.693873001224699
11.853042413062651
11.285882683829547
10.916919087293818
11.871723572987738
10.668446932899357
9.895550762096976
13.665688002102675
14.160985022225324
13.404966780600263
9.220096729991202
9.852441753388955
9.787714171590695
9.781149765575815
9.50971280450106
11.790699917210842
10.11111734547109
9.521129482788734
11.087065667348956
9.04020136581542
8.92499167093855
13.120798392608961
12.495717667557424
13.223253972853485
9.64800970022583
9.808308809870253
9.436081768238868
10.125479186440664
8.574579204887383
8.692012041946507
9.278142621738652
8.071867682485426
5.888261091633641
1.4075410481036814
8.025341953367638
10.238809497247924
7.2917468464936
7.959177531525028
10.987696754194701
8.926868403289633
11.20431512310493
10.912011636713693
11.974943020958623
12.370613133339953
8.826182178481911
11.852280109132499
12.476902107707494
10.841262691364536
11.796895059446495
11.41914269423068
10.778929620569187
11.916699437084917
12.258898396914333
11.3846438491227
11.117560304728915
8.230710761067948
6.4630562650872
2.057429254987193
7.424883683359945
7.97690959430079
9.235458814538159
11.493368176533787
9.087483612167867
8.586586772869799
9.074509662221363
9.539825988942203
9.14470291475921
9.330732573123694
11.803786244254315
11.487909974314995
11.344265856240359
12.165851815249919
12.334438411496455
11.169293162617198
9.474819520477196
10.62926863867127
11.795113484562544
9.645070515345408
11.46262976943338
10.566635199251735
10.419825800094669
13.872176819847612
13.001122690676517
10.112648816388313
11.670357817822287
11.25426672447005
17.093145677116347
13.59892615284182
11.200474889120876
9.305173423747117
7.088007295269193
6.042191716885774
1.7238747698013106
8.338274870611897
7.5486903997315515
6.88546703567256
8.606746456239975
7.291976728800844
0.960466924675238
8.485514013691903
8.611645582936482
9.036397518773994
6.7848653923281175
2.087575250675781
11.016326978082416
8.73040259573441
9.60948575069841
10.725026201204706
13.969960792414566
14.369493608926884
17.08576915656406
12.180231505827118
14.850721714024973
16.77509439337001
16.44373691928043
14.188097870889628
16.4154259031112
14.762869931705431
16.139961020281334
14.896160988782265
15.511830498540034
18.57563070159606
18.886358517833877
14.439593397199307
16.802704540567813
14.615660512475456
15.43764560394992
15.19138715762187
18.204252078263846
12.697268684248785
17.272322762029752
14.785503639581822
14.684384437235977
13.704862599700402
14.6655579102985
14.84411913839288
14.447060101500044
13.663827022929167
13.861740465259881
14.294064859303306
18.259133623274668
16.100021090626736
18.26135705704399
19.2566326524075
19.56928168676799
18.28218269474541
15.95108026661094
18.67960951508398
16.76989971770084
17.577259892467072
18.91727151445526
21.26259610695931
16.45196938639065
17.635692211421443
14.26375311335609
22.1463186968572
20.013918655981687
18.062162783954793
16.939964235077692
20.51699317599543
18.312643313768138
17.760584293425065
17.483174301301695
17.151063896881613
16.826363044939484
15.464563737165218
14.559646205930049
15.507449106495873
14.707308486449316
16.591354231154597
18.19647941191126
15.859689197329333
15.795391687094337
17.214665044530268
13.967484872397902
11.475601850446743
12.319875374508003
15.157232933538591
12.164461265973017
13.59771208850425
13.036534177990369
13.557027759342212
12.622623356621547
16.193363189410555
13.624629035798977
12.746573337051384
14.785782276080313
14.876490695332242
14.69027494771097
15.835654982770217
11.94686696259369
11.203376334751361
10.06241736427812
10.423498764496777
11.119367821250622
8.348091323709758
10.02042937839978
12.269281746467584
9.406907333104643
11.23795230825916
12.063903528099697
10.389243102371289
11.492112046454004
8.405184560165134
12.267384480651955
10.588122917065574
11.044546105460562
11.762668203302566
11.02766863589398
9.665478933981534
9.241274532980714
6.72537704399678
1.7240236806167895
7.750218551029931
6.747924375533824
2.3939841151315084
8.402985747287982
11.83861324656364
12.849687228765267
10.010426739421566
11.74102992228858
13.268088697964634
13.124852466710578
14.588479046115575
12.74919215914264
14.08831525145294
16.179884711868876
17.146554591343605
15.734175593894923
11.515186020174164
12.312711869148407
13.3158063456261
11.475919746639928
14.590595405334776
13.496078641214048
12.992395093595606
11.80839655798946
12.195145099236914
11.929342510647201
15.612789867610259
13.24140603176809
11.64533774661987
12.945780684410567
11.360980575313404
13.694144519865711
14.667489971796432
14.812495777796103
15.317417751904202
13.119579782438306
14.189258001735347
13.656618172613024
12.022839530036418
11.564492241781366
13.252028688316527
15.551007223192746
17.336325100889976
16.99267241994025
18.83929937884098
17.14256443061806
15.543416606389602
24.006657533192683
16.797204745879952
15.362057882722342
15.940706344539521
16.314869796956348
18.942947459494604
18.34722075883626
21.413854694151027
19.150240899615298
19.369007761315107
16.701721491840594
18.07591596779895
19.65151014349935
20.51671429723577
20.588564472161618
18.802495993527703
15.374397656621072
21.121498257889066
18.555135479174048
17.243820164065387
17.368815269102612
14.788669736659546
14.650860192146833
13.349323742315915
14.50873018149787
14.953186122667942
11.745438690608788
13.262975215311112
13.946490018080684
13.14442821883499
14.080590293335327
13.553320962448486
16.158284380768716
16.82443675377306
13.481516947052363
13.607854008684395
17.46845306282433
12.988059797513706
14.993253065478777
18.746319690410715
15.279503004769435
16.61040097450528
13.564069435043088
18.4964092457655
17.163402010282077
17.672356095889498
14.823026792286079
16.9387201084629
13.952886724541493
14.783226513798445
12.172923343303143
13.070865002583933
16.143852884709176
15.360353038754386
15.844568008995903
15.37016302626214
12.983850355606993
11.14087341893634
13.07460915206171
10.395736801743894
9.09350841291596
10.653141791747874
8.614854159574538
8.715872584048007
7.712423212860508
1.1623615138032974
8.385333757052086
10.774073868884221
9.435573608914503
8.445821063096886
6.239344898322116
1.6460726749104753
5.5812612439200695
2.81254059185614
8.384247036044087
8.497632852286891
8.49401561478417
7.2859508225296326
8.250640405824356
9.852095610878568
9.455199295381526
9.85201128916748
9.77608602660638
9.600152374949392
10.050786771377922
10.474414408739515
9.239470022274036
9.479840396173303
10.18061813752063
10.903275470972924
8.291668481687703
8.754698626840128
9.046788496756523
9.7618932041809
11.429688249764904
15.054177589551605
15.177073330732254
14.793582547480423
14.32940050883655
15.130508129408184
14.49192104304262
14.984756712704034
16.448362093585462
15.869735722501366
18.630945111174363
19.96177685038519
15.720461616962243
16.968767890221688
12.41906945650743
14.508028070746573
13.58589210070086
12.884978994847762
13.608572214487564
11.540510394416563
8.01341985309704
13.398627179691346
13.150456626484873
11.520051745893886
12.329523857462702
14.561418579540888
13.872821013814853
14.451339902121536
14.841621811059657
12.331994569562672
10.997944822117853
9.785997991077181
10.982826431756742
8.944640714358174
8.595322842776113
8.665317058723511
9.451800515423068
10.062543867799539
9.203840355267857
9.227585303581856
8.855366411628884
7.237638786239621
6.770541712008865
2.082340389633784
10.032983755105457
9.358027021646144
9.303057760248844
8.438689006028138
8.700685102354107
9.226842322055692
10.791534654672072
7.911324268075501
8.203446104992846
10.375080651558612
9.71615189024235
10.798222940394467
11.68162976943696
12.536012625960893
12.56903324957177
13.480050635100213
13.34591874492931
8.742481568870433
10.898001010085023
10.404399767611517
7.236206253859269
8.236339224021515
8.275540514168362
8.284395273656116
9.531942763753747
8.699855335130218
7.699563274179508
7.8316607436530035
7.44242279140655
5.767125203819769
2.1978286493035557
8.95111491871699
8.576368614261453
6.905097842663651
1.8363734496234074
6.6371747045083165
7.402549345457647
7.809138396683896
9.718225228351617
9.423365339405835
9.905153477149625
9.023226451303463
8.646725068937611
7.024192208765048
8.185914111528165
6.370945617124776
7.990395157638066
10.771482332952898
7.98974047857235
7.502412801310591
7.2085856054216375
4.380251597120867
1.6966082593442027
8.718386440154138
6.933991962422408
8.420022260873216
8.621367294623699
10.247961094884399
10.503017103455466
9.331964481186592
12.179760570508467
10.312013391899029
10.818522050970657
11.999857615440634
10.915641729011496
10.253280293307908
11.718697879180365
12.652643435235916
11.47422018502907
11.492253388715813
14.186159637443447
12.826378885373186
14.186517532489946
10.817126493931926
13.761447147060471
14.943282471412417
14.36101480523866
13.883859230926017
13.368934718228942
11.078894917010087
14.702038833152228
11.224942124000094
14.699452670302602
13.488993773584774
16.766735732212624
11.344713044914105
15.310434536150703
15.924110694248496
13.400706915821294
13.534361246604178
15.34009248654515
14.855250087769612
12.981973312435457
14.22273440016266
17.34172673949161
15.0665138334184
15.284822348027042
14.502755086092428
13.098129021346384
11.231291862994956
12.87261223611639
12.225305244129622
12.981579232034658
14.585826568081583
12.452415536344631
11.948328532804721
14.296680894084531
14.94204499261854
14.387770207463891
14.13075133398376
15.288353604853254
16.849903251067396
12.99151234227292
15.209006734034734
14.195546882968811
16.951675844313556
17.23485430348431
17.14760575227247
17.25434335430333
19.820904728035607
18.39652996659479
20.143547048793675
18.677285047653047
14.199617662846228
13.617983998518527
14.971719020232815
16.986798154490643
16.737448317842485
18.331684622614443
14.38743783513646
16.04698555597863
16.61042286088915
18.115257103959387
14.957459317460108
15.191923244096031
14.602385628151527
15.069012529407953
13.633824038899762
19.94913682845043
16.516182406496423
18.759063620690213
15.415743677887015
14.494700601244153
11.323653793135305
13.986383796891323
16.49745345037093
12.681788170463697
17.990967863085203
15.881396087172183
13.096546434868989
17.986913328473026
16.049618173662797
18.031530609865587
15.921163047609735
16.518477337772687
18.72417789947341
17.61607628318325
20.908604880119825
17.791066293011134
18.47368375262197
14.239409828454356
18.291159305967795
18.11296482836916
20.628274463550145
17.432782460755092
17.61356141991168
19.12269415424489
15.549535671712114
14.24061349513617
17.208457792003617
18.838361536013913
20.839938753734273
18.808088830250554
18.978467936521163
16.399809349737758
18.546131850972834
16.26345452735376
16.379222772528735
16.72254225166894
18.151049816924086
16.608979537728057
18.24414192657022
18.55873357247702
18.564769628444445
15.84715418895712
19.69044110202217
20.429761560647123
18.209290872090822
19.846600636410823
19.957345991768246
21.9651068712495
17.81356018920186
18.6593579337023
16.904069084554504
21.124765098483813
19.580156775004195
20.339979552737407
16.361890563088792
15.658091298461633
17.98329627050152
17.762052635220428
17.673464489971533
17.846240476450223
18.429079172966514
19.05258809810931
16.38461217345601
20.664796573055405
17.35868059128625
20.7636648604705
20.507875095020037
20.480268293682037
20.327435815255264
17.127527571541727
20.505147055988637
21.244934927644863
21.794044446561607
19.75316190958347
16.522666231909213
20.086933315516056
17.593900945210265
21.427081429344234
18.2656004228611
19.185653098831345
18.052329167437687
18.526020199860707
16.623538658328965
16.839593273229518
15.167365519864264
17.214194388359353
17.853530058894037
18.364259663419105
16.026609783037422
18.077297559881202
17.31630330513064
16.992532162793683
15.985118060780792
18.999347265036516
15.423329956158268
15.80467217155953
15.73779295120498
14.00196807798327
15.219210490149186
16.74584089335396
15.939925859201171
13.842616242178059
17.055606525034065
14.550018049706617
16.196855844267432
17.99038174526542
17.23339309525393
17.49323484819558
17.774966321487454
15.830957811546986
17.668144766553553
17.240438234998436
13.689573049888768
14.645516760525494
14.726068682467078
15.513983808389797
12.671856514358625
13.707519534699584
12.845304801441497
13.450697876602375
11.732599425358561
10.500725130234066
11.253759433360175
12.571398925657528
14.70495417345223
11.415647157077226
15.396143677925691
12.162335059113438
13.99598892245163
13.776376387943468
14.47670269850469
12.354807731241609
11.834699217280168
14.382000857797745
12.02950349804436
13.562122535769422
14.565888292883248
10.943703087128918
12.888758643091391
13.090372117860987
11.395975671915252
12.78779489144668
12.776151022804992
14.596539689953016
14.622164493249205
14.193430890495549
15.303719240914653
14.286239659788029
12.916799695037044
11.31368223235164
12.486851644969603
12.58852709714644
13.821941396877534
13.890533989146538
11.389763253936174
11.959742958902881
13.128184463301324
14.47173466382857
14.531217242788346
11.129663351559964
15.823196113492553
13.101399236979118
15.924024306659213
14.659511316310386
13.654180940498051
13.255391107000305
13.634053526336979
14.479031937379116
11.75974701786315
10.876932089857405
9.403395842816993
10.52485561343187
9.681917609893803
11.678867492216796
11.780380011458332
12.335468492244637
14.085061271459743
10.71304386565311
11.150064674370642
10.34299445562586
12.13793445526957
14.249840225814358
14.02065894093018
15.99502965758936
16.529234103922477
15.34304688238677
11.58878854495702
12.412935687171654
18.666745165170212
15.465176639781491
20.061844932046174
16.822984365927397
16.86801604361769
19.452276542551044
16.692712707672523
18.11416731307888
15.019297206078882
17.41576386678332
17.35384741587753
19.146384355831913
15.260684544115824
14.781339876888278
14.345236863755378
13.176449559765121
15.188860011959369
16.99294575561536
16.243805088058732
17.744734890677112
18.801734395251156
19.289579138498336
18.489447624716156
20.313393604706558
15.39299547083271
19.44641732716655
18.54166041901811
19.188179771838342
17.485052156337346
18.51998445434375
17.40003724119202
16.995004880632976
16.564571166550646
15.129403687506676
16.871728293416634
18.640212810983446
13.195839592613002
14.997015929462812
12.900718017072785
14.341791218683053
16.865481335717355
14.280299115568228
12.353076192381039
11.991694831524294
16.817770148851796
16.29476989321015
15.19817858700891
13.089949512151069
15.565527533556098
16.70006226753758
16.14850898486758
17.684396644934697
14.803097349385533
15.224060614224443
16.147677801932637
16.11602241306847
17.60850496290564
17.18950337092469
13.938180781061384
19.0514715579669
20.730106436127112
16.60277293397258
15.851329729456912
19.209656668237276
15.601904766808637
18.595503603758175
21.27617022969405
14.715820417272885
17.026606923960482
18.17717637162995
17.198252774571852
19.98199954750379
15.941380905362857
19.360621459359294
17.49592515324397
19.995857774795255
18.948516208990842
20.745760028155495
18.55853056348296
20.106738989847983
22.24754160217196
20.60064040268311
20.68122632250436
19.705609156675703
18.764381454873497
17.84129981050638
16.38581125314674
18.983420992820047
19.053392582863246
19.437652577250837
19.724226217516133
16.97512721700761
17.747954599912532
15.638832880563347
21.720421121052013
15.985765014338966
18.545017585121503
16.054260784449873
17.810253727320298
19.77114414800311
20.114535209560735
17.731643896481952
21.168422644006057
19.711955189054635
17.484637759718993
16.50851235442843
17.2456895927402
17.32715779404124
17.302171600092972
15.503719993243188
16.36023349689872
14.379971037805507
15.755714835840108
16.099054261947668
16.847479976809584
16.409543433696594
13.431938188808253
12.158386215083901
14.31695873876318
14.736759700496341
14.736514761509387
18.238846213009676
16.53270603860838
15.969863259809381
17.556143373935168
18.607315566338976
17.238839013089667
18.15180169562154
16.06865758925256
18.128769513854007
19.235348726566748
19.983331824523745
18.5517096024426
18.034113175118172
17.85648538220722
15.091173898888712
14.699758519616594
18.197517013393057
19.085894801030243
20.62804744338263
19.620427783173817
17.847168316390942
16.14318163523538
18.05009035811776
15.598603201471445
18.77486875063199
17.87499731855599
21.626153295446606
21.70885668104995
18.07120597802834
18.73748830984349
14.482009115638016
15.294404724943364
15.541301641799878
18.256610279450385
16.336095039083794
16.43728041611119
18.33136763624726
21.552749074452965
17.23949856399777
16.931455563514035
14.825239081355985
17.49419025560178
17.342345459316256
14.72334934807542
17.48232965927068
12.636314770143567
18.467042488626515
17.112585667344177
12.922101907097488
12.351209755022262
11.950772139163465
12.11453966620116
12.769058354802018
10.276487089457625
10.025032675678336
9.606667069317213
7.380399445286905
5.491879223833836
1.4971131966336793
9.918697366553308
6.539983599844183
6.962181337882114
8.313594522066428
8.51370854850033
12.957991536879732
11.597690957350833
11.181015451295998
13.344308044496687
11.23487526738305
11.265396469549547
9.591911556815928
10.258502801526891
9.984890993203525
7.614904367494249
9.722232809526705
9.347607467170647
8.180870476038011
7.673847805754467
6.4398641075807985
2.0220909104945233
7.37983779291905
7.80142281939021
7.720981617973758
6.023113091834145
2.214343132132628
8.26931984647194
7.414659446128178
6.575459183715006
8.558456854592993
8.000258556663816
4.989659513360714
2.2995433821409628
7.382320445692673
8.166139647124158
9.020214705565744
10.156069008709613
11.056807987189204
11.300644567268577
11.124943075476464
10.909792004874737
11.442513892206279
12.922606112573613
10.950161998970797
10.660182138968999
9.34379740305352
8.198298527503427
9.462640550128075
8.244235830979372
7.804402226484131
6.064665491653572
2.0032977982457068
8.417319714311553
7.416370855115946
6.777191859137915
7.11009996655107
6.142827445466848
2.023434469773779
8.127673266981978
5.564246342282254
1.8107355417411055
9.316483813561089
9.464674440191077
9.917103199237674
9.479052355214902
9.435929208426545
9.170319961722038
8.093995833747684
6.414550973200358
9.697365695309147
8.159211813871208
8.09868254913419
10.212799076124117
12.18058574320826
13.219791960242103
12.52904336808302
12.527488495724556
13.152265322119511
12.627957549915774
13.516119502454716
11.634604971575918
15.117381415549318
12.058074503254534
12.51913534959005
13.342311739243495
9.62836637370901
10.149753374899806
9.293041433273249
13.500824027676117
13.008437875263061
15.378938792325723
12.750213150381029
15.691651788913815
13.15577158251925
16.2961625159664
15.716989735207221
14.505322562557378
13.994364595728065
14.256898905656465
14.802374432002404
13.223538037142895
11.213425884971779
15.990684288618638
14.378588559061672
11.518760792073701
16.452416251961367
13.22840306860422
13.459116542320922
13.162236122179452
13.609633647008659
13.204076753552831
17.633855171378595
13.200709316326948
13.784710477255125
14.12564748172871
13.24337764437969
11.616597595136973
11.086655687818556
12.938576644954395
13.581670601837828
13.22754162983254
13.085611512210013
10.389801251728603
10.793245530432538
9.821301842626674
9.922616796922963
9.806966370038218
8.833228430966908
10.227214254191301
9.252386107012343
8.018322480100313
7.8369213908934405
6.089918385149843
4.367493645961722
2.0257569884992077
5.012151971295509
2.1531311874886265
5.521651329447892
2.181439950705909
7.853311200910135
5.948943661787835
2.2978690351256397
7.7007592622248495
6.76496996768234
2.0618636398648795
7.623645097586495
7.402958390037169
7.426827900271789
7.499142456071849
6.3533454765366555
1.9687821256021152
6.285019635944519
2.377602214969821
7.303215026949769
2.1073304375725197
8.014687352101939
9.06620708350969
7.5987490363242625
7.39812807438367
8.054050262413792
8.45663398575891
8.68755344370199
8.076886441093896
8.726597052405136
5.744239026502819
8.666958516425568
11.767889021558412
10.3620269098607
11.09682751716471
9.0061771912939
7.12963979213224
5.794384556964636
6.205056214033034
1.654724660605939
8.690346597285489
7.831287296435082
8.296518546782481
8.75217535823494
9.969304905812079
11.161685360162624
11.422050865671833
9.52826330378777
8.60556054390982
9.99881682109314
9.731985335072363
10.33762311784265
10.85403344108019
9.794096264020226
10.927809397884982
11.073680089196436
10.697654862343828
10.438769190194803
10.718546088356474
9.671115457277482
9.523331020803896
9.994887275870166
10.691205092403942
8.21763221787783
7.641502739030983
8.270416673560353
8.325224406886768
8.393050258003695
6.795014464618675
2.067477398073985
9.813493582154306
8.699244853615392
9.034616008915888
7.963571425277327
9.024362572954656
5.220401844009547
1.9575038072128796
8.402172667679139
7.483987613465561
9.224279159506972
9.511469790664698
7.29498158786048
7.3812066476051
8.639566303373025
4.97950164374157
1.5924641454831203
8.748506365294325
6.928395116602011
6.6481972442848605
1.5406336756300139
6.260607570581536
2.107647019339526
8.01880760433326
12.631864463783167
10.530639749500533
12.172332240188812
12.244573240011377
12.311785836414577
14.512221182279538
13.878386653510375
14.877334758394046
15.095800325131444
13.873569417938983
14.813643810368374
16.421062360292126
15.784480595802174
15.145774585910633
15.970141563129301
11.422229842210735
12.776406717685132
10.827997102450345
9.883214995366133
12.217268916829196
13.126245572959283
11.621802442135177
12.298346141573498
11.818657543188102
13.717484352656939
15.08769924338375
12.731902607582661
13.434445943678664
14.249982857851622
15.601072367411435
18.052743791151457
17.75653183068186
17.02178065870474
17.950320634801294
20.059014319111252
18.948162854156124
16.52458085915164
19.729904292126285
16.920537469943927
17.091692226222552
20.307813732734605
15.367432566314237
12.495302522434677
14.328523553972163
12.807385691950888
14.777502978476473
14.383601742679597
11.636358194912646
14.43530236393263
14.520312110910266
11.945192953027778
12.854008527623028
17.138939102302018
15.51614091463015
19.98586508078271
14.214996923604014
11.844259229218164
12.276121030016526
10.82055621566356
9.705525371863
9.825318960156565
11.493829783359232
11.718588547235232
11.802264057380084
11.365493611102094
10.308811896905318
13.590080272661172
10.997535836722442
11.864473721994704
10.326388362361493
9.975161421101614
11.031247391095096
10.819296398753236
9.13432266031596
10.590038144561385
9.904356176853893
8.276220791794117
8.337478358921182
10.081187400982147
10.159232027191033
10.126756140000714
9.949503023562643
6.550809570438208
7.021635736575879
8.912289187854862
8.535870737571216
7.493931961285364
7.024335955055306
1.8977279147534771
12.278192137470157
8.5483023804218
9.200382019778202
6.8611498249352385
8.438307004901825
8.757611947173537
8.264158164078006
5.818092731614327
1.896287256348058
8.458151843171144
7.133950316632629
9.106770086630707
9.442871094282607
11.850811496856403
10.008856649567583
10.608108582311273
12.879208243849504
10.311651780951893
12.150018809216146
12.459629038431387
10.02150832052241
11.411126807427394
9.186006347561538
11.093344364329287
11.050255198811927
11.326545545058503
9.237908264375662
9.469788029448653
11.126832604119505
9.190649575820553
11.102114032440905
9.770413039903461
8.766461153414735
8.550068621556324
9.156227669321893
8.694790669970848
8.96965419120366
9.953630437167407
9.698245994006552
12.104245349188183
11.401390820039843
12.925010524146543
11.416437069558798
11.492830506529172
10.477312094934241
10.023387217340401
8.016205223345747
7.723082567805596
7.984217087083099
9.835811144331704
8.613344130226594
9.071604902300711
11.983590682338965
11.876428852768724
10.58621565953787
10.641613518399172
11.658400733966717
11.31753238032902
10.053560355672237
11.395258350085044
11.935327105542214
12.077609494264664
13.12459824808925
12.265474087773557
12.933668938764264
12.121500977657272
17.0208043479961
16.24617391173161
13.951336279486824
11.30145434684731
17.383543543431585
16.943938011515957
15.940021727959923
16.79002080048562
14.199112408356616
15.208526755792338
12.260884222311923
12.808793320151942
13.375504890123272
12.366617516509974
13.038748100627517
15.705599996202444
12.57661149875242
13.54197779004126
15.31942738123429
13.053416772627827
12.101237123370996
14.767496869536028
16.013946941168292
17.2019118723047
14.92164435308257
15.892661949665321
14.711369849094398
12.996971448857282
13.07488975963213
15.428492836434508
16.443796853907905
13.220082747482952
14.646527135554269
13.47706390116388
11.269023352926933
16.873506734892498
15.631093561743937
16.147426547736014
13.87400425783488
11.482622362862534
12.781323745500819
13.564215334747212
15.480358380295485
13.52918216373758
16.20676434513772
12.599551789551999
13.710024241923977
16.123301619744495
14.667203611430342
17.771279799740462
12.334886152915264
14.141075971934528
15.0080556270193
13.170298943876396
17.479323971359268
11.360361834911771
12.57564236256314
12.40853277179227
12.41695514297079
9.224142768577838
7.606672269192092
7.973588560755032
10.462065952661062
13.359805461037915
12.191431765126332
10.641750419790107
12.925286253578127
16.104268263601327
13.95971810616153
14.121644998274103
14.865190755748838
12.98409638525193
12.446911463968744
12.302442908984334
15.164527424769298
12.578580721757879
12.708265138474069
13.08228624595932
12.54407819653412
10.763032717515316
10.30278695920069
11.509628394893205
13.151204979312093
13.149110692372318
9.943635601400283
10.4854553233731
10.615736370103344
9.001790319855546
9.222090999018564
9.557175758095404
11.101334033528435
10.426113470582855
13.916539060596238
14.383084435657693
9.883028922993951
14.274446420289125
16.6822960829797
13.8824419076456
13.620949525946893
12.280537349668373
14.133697555369734
15.973150761907496
14.645781495963684
14.088744693962784
13.836056381720928
13.569353879660946
10.41053855647871
12.171039854768807
11.19163862288642
11.69476775512461
12.19138411060766
13.550641980755739
11.701179845856396
11.808335240557515
11.99700629896167
14.337454041131837
10.02796863030678
12.728937997317717
13.173066435004182
15.654365506521916
12.998380196445412
14.053313774041438
13.417565737552652
14.83589158289101
15.002633645289256
12.455538858673709
12.239706640881382
14.117104699128008
12.882526492886457
17.910175270448573
17.442047424837135
16.975699460692578
18.4465160322568
17.953094901751964
14.502740923190416
16.967830492951563
15.766232114084119
18.749120325564775
17.212199437588687
15.586651138380542
15.451969352655368
13.9761873357648
13.18136650200369
13.699775027361548
13.274505350520425
13.106642411356406
14.80433014825538
16.6000898556787
17.07595105421555
15.930413557788631
15.659493765593252
15.090760799193282
17.543815177275132
16.271170917607492
16.739294551453252
13.123644510500654
17.666951250088857
19.068596118192545
16.98063656371601
15.594131543760229
18.181216767650806
20.71381486596181
20.093855315204742
16.802287963365625
19.342831046508334
17.597399575227
18.021809987910096
23.39279382775299
17.240841589925083
17.065239492765045
18.834495994599376
19.20494494363788
16.51352844701998
15.318766711897492
14.776284323902248
17.73250543758826
17.81214731700682
15.869570966336461
18.131969705099642
17.79328677255925
16.88246705057005
17.525242681983038
18.84626828165584
13.775846722261484
20.472347029176333
20.177476420407686
13.015366691385548
20.29378856481549
20.101704060149356
18.85939875100137
17.962378693304096
17.888887539390485
15.80708110456529
19.44531095948939
18.804540552211847
19.014360578829443
19.85982893634875
17.036210173073837
15.153228775708058
18.90258790854613
16.959326090121166
18.49770675708348
17.820711254252558
16.52143182242252
18.76564929832845
19.190785290212325
17.61862358082356
15.193708742560872
17.628957834758747
17.989408176359806
15.21359197194592
15.828987542803997
16.703189400511114
17.88615049963024
17.5707610015807
15.86309333173822
18.54014786181732
16.326442996722008
18.7076386880311
20.52172759516744
17.22616396988972
17.73667080533113
16.110494988816026
16.937825994923994
17.49144354491549
14.882554239661964
15.187637368595082
17.637949855418164
16.02146957880566
19.830042287880424
17.833232036279973
19.158814166396198
17.982635610754116
21.16288467316832
17.91018780328639
18.74177479177
18.213135206806708
18.35686621191685
17.38539308183695
16.70824140150692
18.684577202488022
14.231266497419123
18.461982013323713
18.4898344444548
19.13376252961866
20.07857421108612
16.786149312483804
14.272220798183499
16.165410923277786
17.817812377490963
19.228103664702257
18.26399462120271
20.82986960745654
20.445111434826618
20.06642534585785
19.231231328369326
17.45071491240687
19.47794048371971
19.356612057780772
18.710740384410936
18.86078423645415
20.556650581013432
21.005089589899278
20.407863152592988
20.248447331035564
18.87862782447244
20.767808025432593
22.391212194423716
20.12425129174685
22.5612101069201
22.326937490729957
20.308775409581383
21.09417193637898
21.11496684427084
23.129781764236103
22.074915880800358
21.079007577142388
20.934797703509396
23.868655086864386
21.22594054186728
20.235552059235093
21.209870012563943
19.997394092420045
19.54696476996197
19.967860346268854
22.651493265361243
20.519950687573303
19.69702402876812
20.082445978059148
21.41454266072155
21.872913466574555
20.529341372771068
21.730931557254305
19.7680517244318
20.060316016548942
21.068949922155557
21.81150829006815
18.80495838752856
21.30537901918532
19.233077800386308
21.06171327680072
20.745435053023378
20.125525750035184
19.457961191738313
21.981329400698424
19.695344080087075
20.03585431263694
20.041653044502503
21.915818441469952
20.8609430308631
19.47203889031223
20.90454736076408
17.707124261095327
19.747441388903784
19.323978741884098
20.551256213612106
20.06085031638055
20.131309932704603
20.821703053626702
19.93684381894375
19.02239203195778
20.91305765452224
17.54572606413315
21.447375894953765
18.679131856101975
19.041487195945898
18.65839164086864
20.341584228984274
20.03338484857906
21.304440757114776
18.505762691858376
21.22227907012167
18.66174998457302
19.248147867562277
19.667916519462672
18.158914541463243
21.752833241588213
20.287314855774465
19.265545716642457
21.048092606734755
21.041159184188835
20.077600239604173
17.742539637537796
22.09618689098232
17.80937961185043
21.013419393332374
18.489487490302405
19.79676169321877
20.977155343589565
20.805193350661305
20.753700993056764
19.06645243346128
17.869151686659478
19.380168232308332
19.563251498217266
20.070237136661337
20.96825036976443
17.786219108606424
19.331711968928264
20.452008292788758
20.754468394826876
19.196789672888862
20.7666932769847
19.565530804243267
17.735353456523104
17.467530830614734
18.919302104777984
19.158165839409406
20.32289091451667
18.50206865957679
19.04497880533557
19.463439834141393
19.751517443537097
20.667294231757214
21.326444432746097
19.130844131490896
19.309144287173837
21.353405136012537
19.53243926208558
18.300347085857478
19.160877486764896
19.93201404566066
20.77259892273181
17.081815992804962
20.203921742863386
19.326657179565824
22.544423024880896
19.280342070985924
19.676982283830334
19.684312358171123
20.024726911191422
19.85220128954492
22.5050717060428
20.334626541154762
19.08029306897153
19.912576401782548
18.954778021091887
18.583997432567962
24.098699303962196
21.834531263320144
22.491533589291087
21.68937742841096
20.938911769617604
20.71428366192483
20.11150687973371
21.205397841317758
20.833848329743667
20.03044709037174
21.55708169658708
21.922690274465953
21.422740878422797
22.190202382246873
23.38688766472906
21.55988597856963
19.509570905625278
21.996232216663348
24.593357904078736
22.389855526383776
22.5518913048738
22.86228029257646
22.551989234247557
24.039543413739892
21.259003519036384
21.04392686665455
22.131060635369217
23.963136364854865
20.780607110141556
18.483358624218944
20.61912198144502
22.4419051705882
21.782329727521255
21.720056463442088
22.709510914705135
21.025503362012063
23.41984731005726
22.82259511822718
23.89754613613448
21.522190599388896
23.773682921838628
22.773517863188612
19.860794934641756
22.02963401554802
21.59369544197546
22.388882577974616
20.132479836247395
20.912804601146235
19.031703105709305
21.47774101635978
20.06474607171234
20.54622703289192
18.785727840526082
20.057772553481456
19.769502488714778
19.71669122274679
20.289743568458576
20.419622717057017
20.82870425234292
20.78954402751799
21.02946938102696
17.611429533287232
19.690070750670056
19.66354524355552
20.676399687489848
19.944580592324694
23.105552551764234
20.66510897201526
18.95640626269506
20.7454443892229
19.40116068979344
20.708501486358482
21.645189005446504
21.979925824195803
22.4599547518222
19.735785157319306
17.991564963404066
18.92132075075189
17.565176382111005
20.150552348446077
19.855362766167406
21.410593520436187
18.774379254118077
20.598823567237176
18.180681980923165
19.43482675284175
19.961814172629204
20.641951489345185
21.203195127734503
18.914643325706926
20.653765190100074
19.363130970490783
21.375262838608602
18.481752817987054
20.157577905747498
20.867700539018998
19.1147801306201
21.338566185437166
21.96336396956508
21.6801508422254
19.02850190232286
21.110864096420116
21.814649391413948
20.697858233081536
22.570202527910414
21.226483566362443
19.599660776688193
21.56085955143583
20.136399768905342
20.911511568795586
23.322539945745724
20.062537245052653
20.786325850668874
19.47090597123667
21.082684005862014
20.32726864370642
20.182155784516254
20.467417249056556
20.081985979832016
21.77334496137728
18.20665188074909
21.394587664421927
20.945145960414955
24.322361117231438
22.403765832373345
22.16311864246814
23.255483023492552
20.97550808765832
22.115779931064964
20.464438272952318
21.227294293775138
21.318444972868722
21.2935233410772
21.303823506955524
21.400025658743147
20.22321851256418
19.103327353842772
20.920167453922392
20.223144427708995
19.860820798843605
20.240053336479335
20.549078451469594
21.269104693664723
20.963826421217835
21.90335937377749
19.717065330249017
20.16488280867268
20.753826363357526
23.723701902228832
22.745551407680402
21.770666561898548
23.216704279241213
22.307892437553097
20.12214069796014
19.79481615660278
22.00160258566881
17.92958612275385
20.450901052431337
21.06154576425761
20.38413497743654
25.08905855654721
23.5014205457733
22.5193949801927
22.763976604721346
21.014458908686116
21.863805101304624
21.490426450486446
21.009920377018634
22.636398165605343
23.64992892186538
22.797484352866583
21.649441730858275
22.743817716917476
22.87059713412722
23.55716070976283
21.476671335942143
21.139022598806157
21.121232932354868
20.955659239541344
21.34712650903843
19.795529870933688
20.9116767601123
21.135850614784918
22.1714113826934
23.01065892481943
21.819555984831414
20.97494719800942
21.418940799937793
23.884940135070757
22.89264544198359
19.44750683709233
21.419184385467645
21.569299444785813
23.422395114456926
19.832168114585016
20.504547414851142
22.72557158326457
20.034772472253024
22.382090400169993
20.30037215610727
19.605740983309722
20.830616081438514
19.11888427662254
19.52835391290853
20.114579819831377
24.740215792844477
23.33532377871578
22.633405215593097
20.777668114420923
19.68148473452665
22.272996358571547
22.82245717142594
23.366245157854184
24.307919651726145
26.20413987400646
21.92248139462654
20.926585528776535
19.68215180905235
23.875697500021015
23.31661835614919
23.32839096498435
22.009478738756883
22.522298684908375
20.26205234234344
21.468238480820578
22.985907827988118
23.561664246152695
20.206970551510917
21.47183251161897
20.931156382085774
20.362400289025775
22.413620226046916
23.333016721498034
21.037123639980628
21.582585022019874
21.929821170458244
21.773716019914634
22.944651060603913
22.813654123999775
22.912651025938917
22.525245804241905
23.433054771581574
19.8465632624657
22.015965779776224
23.644883872954782
21.81127235134259
22.496540228540347
24.86380307157832
21.45268978077013
23.17948226893806
21.666334291067766
21.685705070149922
22.42372412702089
20.962428886253043
21.211923816762596
21.80729394519912
22.4589888387929
24.130281386100997
23.215617730441085
22.247420339353404
20.5613787010942
23.74189284345073
22.460886368563447
20.95370333981769
22.357417904860643
21.414268485897306
21.393744023906095
21.135803760044226
23.940426313809866
21.663868050925004
19.458245254332095
22.358022196177313
22.788139617166543
19.28913484463506
21.156335381848013
21.471454690371363
20.04115444002868
18.986430484180925
20.181611775833044
23.942064731238357
19.78700795077179
22.64241659229627
23.707968871089037
22.7762652643515
23.49671269247387
24.11164851290871
20.388103021966575
24.14851212395517
22.360506731749688
20.73596723713222
19.6337464659782
19.57383996753002
20.325442764425244
22.85447577640403
21.496112179485845
19.16821084773241
20.03461976653701
21.33767844789538
21.132547245005707
21.709226460471466
20.7564036712724
20.650854685091552
20.184105787168747
21.022107253574756
19.499172724196598
21.92415054605089
21.91195789421711
20.104078477597415
20.471840585326888
21.654914016896175
23.083931478939608
24.237991943166747
22.66632735928859
21.505597879474845
23.16077137883184
20.157127920440157
20.820145513576925
19.607576599847626
23.689395116925663
20.819626809831618
20.977311110033455
20.341809267163633
23.112502488013494
19.944791054602657
21.925920127930137
20.488016179387763
22.670010721798636
23.520244480336544
24.51641944777156
23.104617002591286
23.64991097039161
24.484936610799696
25.948185780066108
22.54812848502901
22.71728719290447
21.59854055325084
22.746404848113954
20.193235987994655
21.84236957138874
20.349318958118083
22.149919945174233
20.119657678002866
23.355245795588107
23.73547442357902
23.338454925062464
24.690904601621533
24.31688578432932
19.31500765395209
18.947134384100362
23.77578149304815
20.857156705155674
22.963522700570522
21.862316859815085
22.448357196786347
21.672026286260284
20.007918000715218
20.754424284198443
21.13800113257344
21.847550823237167
20.305547913037667
21.51029439943479
20.22018864168309
23.78826822496642
22.18619545740016
21.932893518524324
20.605765105912774
18.143967350378393
19.529569275274675
23.179357550491158
20.202358467248587
19.96347719948431
24.110101393846158
20.747040981922268
20.803194396004944
21.45500602367137
19.108378649055833
19.946474441910695
19.67444662978061
21.960261748903033
22.409272839263366
20.98112520833368
22.072571331118358
21.030929393546728
19.217971780277473
23.341141501709266
22.4706505766841
23.300927271970078
23.26117186084421
23.181404572916005
22.479971065152885
21.252245763160772
22.83444044884007
20.04840412948563
21.21663586169
22.891158485821233
21.2022078847179
20.584848595924544
19.536666414281957
20.64878408663711
21.153045361967845
20.103946234492984
21.380364678370675
21.21031713110914
20.778379160971546
21.341203143870295
22.877871800161067
18.714809665966943
19.14103587420506
24.287891321502507
23.161669047427775
21.136670856262718
18.862645105773492
21.9245673934749
22.538841007461738
22.56425036304067
22.802854094722388
22.634040583634462
22.975861472311568
22.87394186124929
23.56775546632436
21.68731539151695
21.077667308582374
24.062046865311167
18.64187895602315
22.129889745642263
19.414885858643064
20.18984629007756
22.76861784114828
18.853683670737176
22.417196059812753
23.166811770206504
19.91310750482577
21.206603804976627
21.24241202916562
22.716592302756
20.785317958927003
22.696630351624435
22.568379828580188
21.091048865275013
21.678993687159377
21.042272164532662
19.85430608798944
20.58815000073476
19.017083834552853
19.38402589040475
17.866026650100554
17.99770921111402
20.626582620827254
20.77253300694803
19.32825456795116
19.428018616517747
19.495630426225112
18.692056982115282
19.968888856922128
22.262384310004418
19.571350271254104
19.272151799708112
20.143143539176577
19.822594921279894
17.81065469441621
20.34944178884482
21.40624880700613
16.423869758046152
17.88765811355497
18.49381182311809
19.637209701561044
19.71930675748388
22.318064479343636
21.870962427134273
21.62944710098264
20.753478086155667
19.418830340922007
16.476637138851192
18.221925988379372
19.81157273066676
20.629712472846673
17.85854463051386
22.157664956085338
18.88687353945191
19.24358722731928
22.708399747233017
20.620006377154194
20.075323661592705
21.837482128913354
18.956393991590897
18.926289953089665
21.14328980249421
20.941140573748292
19.89420517987545
21.014511582801322
21.941497430265205
18.51129196343692
19.28775756272267
21.307804746325363
23.89157867915953
18.73104029572425
21.22588027941107
21.389636382407275
20.832415169381104
19.386218255704495
19.12757763010687
20.732874638564986
19.459102720008254
22.68911741916614
18.75889557045944
22.689005207633553
21.279890172811836
25.132172467684462
22.69525048664422
19.710426987429184
20.75115598814965
19.1725367606046
20.853840205866863
20.594109304239666
19.989712738713745
18.6428550155909
21.940616574363816
23.724799348498063
21.289179925314464
19.717746284056194
21.798732123550614
21.190050114523512
21.082585876523183
24.649185475055805
20.435244912363125
21.683816421997683
21.76861110666748
21.51761696554316
17.347145070673477
22.25534821921955
22.885307523103698
19.38739247387389
21.061988404743843
19.97048975213019
19.582859860627572
20.88561055795639
17.83360863538667
20.906466088577854
24.68695855887836
27.882444214722284
19.638819217499915
23.330805256510963
18.425437496052528
19.81997595397946
21.06514260418442
20.04249260398672
22.11260340329061
19.39075901532551
22.219400667409047
21.201873584712434
17.704989206228294
18.415699292114486
19.367324661848766
20.55956111676498
23.00663282334707
19.179538408006948
19.966995309405057
21.554157377629576
21.526604107859715
20.040963215985723
19.9017766825521
23.408265359158275
22.291855468728034
23.38635592823244
21.3019131065997
20.606243543821467
21.484002969420832
23.451352178017693
21.28723615322007
19.413327993582797
20.23307435221988
19.830872058276107
20.5775489198486
21.422381979128467
19.59079945827989
21.731487972023626
20.003123905477228
19.01851047059892
20.49731169197137
21.701851089565327
20.144277113688858
20.378796756045674
22.080476416284206
20.070792986988582
20.95286338027103
19.37174210539513
20.00919583060181
18.36845927262949
20.166093089146784
18.651958650184902
22.083138546362225
19.017309022706147
19.615087234852197
19.019564610071008
25.254364560144175
23.216927102567382
22.051683818635766
21.803566355230338
20.943751608444845
21.23196185650398
18.2600970458844
19.18421981851292
19.99075589442388
21.637605231399842
19.823917538659344
22.200903327424324
23.154944436063182
22.722419992476794
22.344271958854762
23.51642245909039
23.33064741666196
23.15857201867145
24.107438335422952
20.276993863074505
21.14920463629016
19.474717639110892
21.795618733186036
26.253882817704863
18.9870968936429
19.41359976487155
19.035462122002098
22.68207638235397
22.435622651697887
23.114555956608484
20.86781520271009
16.32654741138645
21.101670456448154
23.980944325455717
21.389006352023255
23.49365021562839
18.466955175722365
20.95750368578516
23.402174497975448
20.51260987816685
20.514786959798293
20.350958322994284
22.91715086533231
20.286997338009385
22.18006728091478
22.44191282369122
21.803599089067585
20.831384747141335
21.53862273548987
21.524474950188058
20.98114963019347
19.75945081413881
18.59991163420175
19.86466276247933
19.698909935424247
22.324139896968855
22.92134212578997
21.68569332806376
20.996270330046173
21.70785694651129
20.682587521359522
19.74512043853338
24.76699906993012
18.052312380154355
21.39173106445398
18.702078072949703
18.78080023240919
20.92748861057489
21.701510075793735
20.24572406042185
19.273783024697607
21.759652675261588
19.345724964591415
18.92355292577291
22.861786400414758
21.31400155836153
22.814347457142212
21.085845563281254
21.641207201007514
18.782583836914153
19.801225533363876
21.33924504734723
19.173856877954492
18.426212900712855
21.845833813923534
18.711601786945536
20.816324320554287
19.45903310799899
20.65705365229262
20.998417178109463
23.90015228342435
24.897267842030686
23.309444342561267
21.691395294175965
22.445529643489305
22.023687263548723
23.438081285898033
20.002479040959845
21.459111482010773
18.866162660430245
22.459737299412875
17.397334678420265
20.602276912413664
21.017427808297054
23.057820106108576
20.983346656028274
23.106827554547177
20.159598260043254
19.42844021119981
22.48529993924343
22.063024549836882
20.313588673494152
21.750144501971118
21.872748540277968
22.39414634099545
20.841687050412876
19.742328626734608
18.70646601014627
18.897063014063356
22.508615009417145
22.884460291805905
22.87891538923508
18.785355970350647
17.69051398130499
20.788853593619965
21.389645451509832
21.06421963528486
20.35560168357793
20.553384777948096
19.257984426111523
24.348467539667688
19.1061755888917
20.192899638711467
19.519440341006575
18.911380705848313
17.463710886974717
20.733057000812334
18.979656226685925
19.162457335335848
20.887364322290004
24.240126566583953
21.371847162696767
21.087670900364166
18.707383543567467
18.983998798406077
18.786469494285747
20.28899094023214
18.8681022169736
19.087454145442507
18.497841057308563
20.847534874880644
23.99465374529377
19.586558096011522
19.14582156964945
17.991117985536025
18.28714233421486
17.8659887412216
22.39864287419311
21.721881044957364
17.85011854607559
18.3529648537059
17.8360168552038
22.376219911039602
19.380680113861864
20.289859800953174
20.42636881433858
23.214752766321773
20.607046193533964
21.25604558248143
18.341753685026596
19.847693604714877
20.11358695744742
17.965374012624544
20.768184022399822
19.796471612993685
22.809416637945187
19.323675715877098
20.884593830767297
19.739851561839338
20.88990486602141
18.733099844722798
19.203713016999224
19.01197603769347
19.370886670633038
20.314736541693613
17.07346108683517
18.681084912313825
19.827993214707906
18.740330032078692
18.35585306467166
21.33295561215874
19.97444121121009
21.679300802913758
18.533402031726713
21.7553881444236
19.427930667660625
18.1880741091779
16.414405070618187
19.450510585123173
16.87856182341102
19.42488918012393
19.512443298004154
18.301170294050166
20.073829794634047
16.342068549590355
17.77269245580933
18.387535349531095
18.841123140215956
18.918005147987873
20.361762463682155
17.528628367437218
19.820261187678955
19.34032152765124
21.14863815843771
20.481062195435523
20.36431636148023
19.822707712427842
19.667008772297464
18.612219609896467
20.92900832251518
21.023493300376362
17.03478270889418
20.937278700959464
18.866141742923876
19.160380843201697
19.84960784971344
20.322281428575963
17.612137098220842
16.77465175578046
17.028494803115212
20.021245887233896
18.470108648761283
20.292606339241377
18.857165082854067
16.999802509229927
22.800603987637523
18.96773845626192
19.864840438907688
22.62145730262166
19.591978292896872
21.57093296221012
20.86394475754912
18.66265268125095
16.889454401811367
18.99601978379264
16.172688295800743
17.434734624383072
19.71347350239951
17.814251789999656
18.19884495279139
20.942907165770453
23.462154376368275
19.691236750172763
19.973115421079335
22.259869932075315
20.649305013977344
18.095325177450786
20.191182500880615
19.578364230768074
21.505927334010735
21.563041033004165
20.92564169508601
21.161429527350826
20.212369717006194
17.811048557990183
20.602888709776575
19.069385091202278
18.51640311489071
16.433058496877447
19.31021474303427
17.652793797935153
22.10430349359713
19.82344544888323
19.188216400469628
20.491582174513642
20.103169214719156
20.543593639875635
16.6677308830784
17.13746706411937
20.9265536722035
19.469613986001278
23.38085232995689
21.80848225749798
20.376928005776247
19.206187591443154
22.04618787976826
21.65564893590325
20.24805027567514
21.416984495596463
16.947890214210886
22.496125142966488
20.643830762276743
19.86122908436352
21.61771195573926
17.62263238380048
22.47436508236894
20.29652296047229
22.445638263894327
20.464519698832042
19.420800761619
21.090682144634048
19.38638961385861
19.995425866272203
24.850710932408337
21.06908925713893
20.37517676270603
20.130712348675615
21.343356052589304
19.128769701005307
21.209301989206004
17.996266909503575
17.704743324203516
22.19486444580318
18.81413942564876
17.82298287454632
23.042492161438947
18.884979024329002
22.848120734225454
19.13967883887553
19.299657966742156
19.554673807147477
21.236411086400672
20.25651256071106
20.9904293902448
20.965458378153937
21.13647425764638
17.694213251144383
22.745495497412794
18.862335279942627
18.963461495600512
19.880283042343272
20.34523147128609
18.310669184804542
17.49352831721613
18.93974210885787
16.597432068038987
17.48823695956575
19.077112428306854
18.03401227002279
19.16762303988746
20.10787088840397
19.047096071979073
20.234677216387304
17.21278604883174
16.45844725488447
18.635873851780932
23.26551223599992
16.947580963928754
19.577896465724027
19.012957118141685
22.542200319465174
17.16377514291009
18.105077205977114
19.065434713307756
18.104379377408005
18.5489791033446
19.064554642178248
18.670059203172755
18.629938200189542
17.69341989393569
18.824059464964165
19.22090195718886
15.462631842061105
17.763451606268756
18.43960613963337
14.77316896052673
16.752546181832635
17.80949879620672
16.056593944598383
15.055691312616306
13.542930718995486
17.742823872149366
17.20818513203868
17.702176324398305
19.17951601125979
20.682471483529675
18.22827628230124
16.66581533017927
16.92632032249518
15.499512719384647
17.267696161193104
18.44279168362953
18.205112965855783
21.80842487619189
17.408775189240377
14.391155413242206
17.585112423270598
20.474650198717935
15.667028414287325
15.599025896952
13.115933651312085
17.829723098348143
18.465158284535065
19.257473200044856
15.268512784926425
16.157912982728217
20.21459947453695
17.297848276700385
14.988599320846063
18.717671636665273
15.948803608354606
16.937912166777387
19.56602910565155
21.398006170294362
16.689476778377337
15.723089041615529
15.427114054799047
18.649949156072196
16.546567603228176
18.015814549967942
15.378910467460816
14.47462946509805
14.122063820380601
17.547378992745706
17.21148449761149
15.286211948803066
18.104596431395823
16.640538665683042
14.392516019806926
16.64957632201757
17.218662168902767
14.59858990011633
15.83558579350437
11.492917121918135
9.969234913034745
14.430084908378777
12.859597309872449
14.406538153172686
14.19507983981555
12.329241999391327
14.786809265860274
17.860068805082047
13.323595690850189
16.843640819908906
15.349358527250544
15.230294680128143
13.063304453492249
15.771311262493963
18.752188506802042
13.461542511085526
15.098031103505237
17.305224095983995
13.42077821345056
16.16840119859968
17.026902677924237
13.295212737221467
14.700990571182492
15.751668011244474
14.307823814080653
15.039422436816455
14.121506481091306
12.900553429821722
12.797304080246652
11.93038903344348
12.806083550989468
16.233095829051003
14.897250826543731
17.2052104216505
14.48161882550826
16.979559269102733
11.884204052012302
13.858859373337332
16.4674713251802
14.80180561061072
15.6464545433429
14.75849937477286
14.542315425651383
13.585169217511217
12.735573610639666
13.365375077413036
12.813824225276244
13.183320190772319
16.363699366524187
14.663478360573485
11.439048227570945
17.00485004256127
13.021400581730443
13.91708963336764
15.423624072053657
15.028570391390874
16.923555255441627
15.610781767141727
13.317020917338473
15.031790195737855
15.517938261058536
17.75982189038866
17.864390505397257
14.700201006139713
16.517338828081034
17.870150154808943
15.046701114474818
17.924142866490996
13.039583449408264
16.43019397281487
13.462732237827044
14.584884978450084
14.425906827666564
17.290934606887028
14.434789001286008
16.086209762405304
14.637274295376889
12.908506569346352
16.491876401517032
15.279803271120763
13.081308116303145
16.56205722946805
14.507042884509353
16.18141745413557
17.431030020715742
15.593146980965766
17.72665287358857
18.023834785713237
18.879194395535293
14.359944940851113
15.486957341473744
14.27743011123344
15.45743192796478
16.87865462679149
15.489752138410658
14.359900769937138
17.188553544756303
18.183563418781723
15.854211228971835
17.96975617822813
15.70308282059565
13.792395457567144
11.70734493299099
13.988592859659649
17.908280686706302
14.328173313521972
16.025703389672696
15.093381485687026
17.359587160543725
15.239701325194742
12.670275063042016
14.960218091337529
15.660298455004908
14.76717806899458
17.174881854570348
15.842039502622443
18.622662569720596
15.411482654713899
14.642478663593858
16.17075372374437
14.672958653035472
15.607877820818242
13.178116022634887
14.253409700935938
14.954976168111283
16.934293100112285
12.723335290268482
15.89334567496364
15.681390950376676
13.966264420168548
13.418570081770033
16.329570347164214
15.25052726723958
14.69584274229536
15.77046669191737
14.866216463204399
12.160150178517926
17.8459655137201
17.19451528037558
11.238008901323825
12.731151346950458
16.684839316151354
14.497479912647776
12.668672795555954
9.355870282759579
11.137575897530079
11.130729736946467
10.938386569227017
8.052536984854347
8.84550273509044
8.643506439381714
8.785491998967206
9.143491388155399
8.01719137134247
7.84579923211833
8.20389594090706
9.410923404853998
7.215832036167011
6.156874762386602
2.5557011274744723
9.588868668102435
8.061453075837667
9.34461369752075
9.209888011999093
9.841753942609985
6.257520927543891
8.308242857536179
8.446151571088574
10.417750195443556
10.084504584951834
9.448548290451333
9.939347337360026
12.829415212904438
10.140193339123293
11.154046195048176
9.639873000890399
9.598666882905505
13.542141386712126
14.144353788558238
7.852532810011175
9.887160865299416
9.682654530698704
11.621573873077692
10.140610178376395
7.0155812812478935
5.857036337371072
2.0093697068672753
9.626254622207169
9.674841370898925
9.595385219384548
10.731040347336664
10.728864524033
10.84075532000842
8.933271748384561
8.88700481443368
6.935062069252794
7.866874996937495
7.6931146974703175
8.455275929918448
8.570737540064782
8.501075297657925
7.293637563938026
2.5426564737166113
8.179060779028122
7.873311204340036
6.927868205638028
10.371689136226003
10.10387594113194
8.195984813127756
10.0201853446687
9.814914911764612
8.516636198039432
9.970894799270871
8.408992285401801
8.997623198352127
8.165049321229702
8.612535688608746
8.774408507395735
7.66836682923876
6.121255979298626
6.3730529639953435
2.3114090193156387
9.749584838733943
9.160986962273443
8.384141588954481
9.815677336681457
8.622977307133601
8.461921570489283
10.40196725886038
9.319530727937712
10.885451609922521
11.294649516946835
9.100351769193232
9.16718968545617
10.787671206593007
9.992900962829099
8.830851911833939
9.754339342945746
9.413943098679821
8.937097205171025
9.744913291425789
8.459123186615374
12.496947816803559
9.42954350630659
9.356059484455859
11.218198728472856
8.551407535035377
12.857052095615614
8.676373605587024
9.887589938807963
9.718500257795881
9.61284501278849
6.566028812032865
8.266347950765173
9.039868039730791
9.946947029783232
9.361610276382963
10.086503513003583
11.232527486071573
9.757057903876728
8.804427323416403
7.716565491646843
9.784877363229285
10.13602251263332
8.78763734956174
9.103729735418254
8.89166908761462
11.89518554339414
9.558798503473044
7.536356576731713
6.99064798551857
7.7338675006296596
6.048904333667104
8.1706878677618
7.657690948072798
7.345406795505003
8.944666362797577
8.011724377509546
9.103153821122854
7.771781075025462
8.387671705189481
6.850464217682029
7.317247803360338
7.7140049240185125
6.639899879614374
2.3448619427518613
5.843666744573084
2.52415460124418
7.593782465372307
2.110728574566458
9.340554438551381
8.965248665534988
8.2476593133125
11.490758491223023
9.25355643908951
10.053624782329909
8.435589048412027
15.068997217953179
13.645874282656198
13.597956186354374
12.911936523941417
13.076366107491028
16.73890695802511
14.137060540779853
17.323459487706398
14.868768143303422
13.862566003890773
14.425723309994828
10.347759238728353
14.422852624108074
10.359195615722598
17.712096311286935
13.710781441934602
15.7483721714184
15.546616386047578
14.64560478218404
11.15570817091112
12.76780249096916
13.700198971037281
13.842578711246906
17.31106775960897
14.952028514464148
12.312802282606143
13.504215431838553
14.375535459798419
17.069523832601675
16.217440802503624
14.255920314235162
16.379672118606333
15.959634635409557
16.41673457637926
16.429809258200844
16.315399327518506
18.29000732817134
18.378967512028872
19.57912373435337
20.581561894971674
19.431553704313444
17.893700317485216
18.42243388379583
19.39304833258989
20.534895197083845
21.48722069708365
17.554878790992095
19.04494630002175
19.910313443931337
18.132988710398692
19.724069251944986
18.468870608164252
15.801774405438143
20.433773525362092
21.782666254588293
18.07972713398846
20.47742118706899
18.763203070968903
16.29103924944747
20.62733420376888
23.20079747003043
21.988312615280044
20.713480488904978
19.761565145445207
17.7861426522794
19.531882119797356
18.701195437235693
21.074505489942002
18.131609270141215
18.138049886430572
20.65155159152035
18.283490246475246
20.51481791996036
16.450600341129224
17.997014511662446
19.119804313775493
18.69892096599018
17.845230300624173
15.882641021941295
19.95423497924123
19.47041769276192
19.58427137518705
19.949063033784512
17.570750425261725
18.815936063355537
19.811336780643856
19.906846326600633
17.853589914889696
20.552612055687938
19.343190333481942
19.353977216542532
17.425974095509243
18.790845211869282
19.028434185360442
20.281409772029797
19.500033395207222
16.89811781865556
22.28744918829778
14.455416247886536
19.366420398402138
16.838749159008984
19.878382355027732
20.65039426419322
17.64768843471862
22.539047259842548
20.251589326939587
19.760988563831916
20.653589170098144
20.408111240024688
19.54574131191832
18.207390734686893
20.55850696424633
19.764950763972642
19.826948526948108
20.892467903747796
21.67485725176637
20.8613588847815
18.38879067253455
21.46349357246865
21.86439913171415
21.776028002695977
22.225834271459963
19.964209733200125
21.883498187496848
20.131413877789193
22.827835541244824
20.803264192451987
19.379688167250244
19.61321324363932
21.004611665432726
19.635525994854905
20.53330211190337
22.52603832120388
18.62713670693413
15.864645016002216
19.702490425073858
20.891232161511738
18.289272245430272
20.382077117889217
19.419013369264253
21.26294140727014
18.88617466998384
19.092577813220615
21.044514610714838
18.060299213049454
17.837388580024076
19.19216457759114
17.644748940779262
18.371189862969977
19.864624238639184
18.734323884023134
20.572260892727634
19.1926948763669
20.9276033759897
17.825403078862873
21.4162592412306
20.574307168066877
18.419372442461185
18.83893096980659
19.173424431281507
17.96804883657113
21.00928898061645
20.737325258259087
19.749550161779894
19.908507661359227
18.998916817007352
20.714201998489752
19.52180745986507
18.110206227929577
18.32936900017267
18.368441140278524
17.743930785915996
18.96333905244156
17.850741385250064
17.142586683930105
19.883520496311558
22.619090826176734
19.906214108156608
17.96184461218399
18.75740648595972
21.233890578973135
19.157715222486736
18.62231281677268
21.128240082090183
19.664159915343397
19.510783464315036
17.91582376766208
20.057484910924682
23.95001341667591
18.836170607909295
17.27405694549734
20.520199758558245
20.45533721317367
18.979446017230494
19.76289159319245
21.25651237507076
19.270941805309345
18.725937989898767
19.1254950495197
19.671559779135706
17.484548703828086
21.014511042768063
20.65892968074902
23.543524032302702
22.084625040966586
19.028347540029316
19.68044242274939
19.773340088003767
19.161593825928506
22.963409355943547
18.069130057654256
22.789549032351882
18.168665856125067
19.324346221694174
20.613209570046138
22.259618696708408
21.149938852378057
21.39826750634566
19.165026297217455
17.922356138550615
19.212268210144547
20.081837936637974
23.092360755655143
19.892616316339947
21.812274347345163
18.215195894666003
19.62632219288726
20.405471131381738
20.4060310463942
18.514545310529442
19.880668542555856
18.89562543627427
17.74362233140081
17.468035459604035
17.950915167524386
18.467122802414913
19.278602156603494
23.812927946405438
18.452557320740883
20.946506978689616
20.10603334804603
18.806962318843976
17.702992196828554
19.32591527980615
22.48633040894883
19.43822922832473
17.141666365201353
14.209735109011103
18.37293494646199
19.381382698238895
18.491146168543903
19.626886766156996
20.531799950080764
21.66320195436409
16.88161546760622
18.808794749703473
20.837186020426778
17.986101303598087
18.318108546616152
18.265277582191118
18.403146547203427
18.673693272706622
18.33384434964646
18.947295324655094
17.371190303911924
18.31639384329793
18.455706170008764
20.013640351418793
19.33988377490243
19.273307825479616
18.60023564739555
18.751452504905753
21.9069350970131
20.931891611705094
18.19656317370731
18.32569473882141
19.75364885735438
20.299835021074536
17.967673867777005
19.17937677474115
17.219561530532516
19.525996511241313
19.76513934763738
20.689446483931842
19.55322239352365
19.42749144739993
17.20108988796053
17.86530682783109
20.57386657450295
16.530249504690307
17.778576383137562
17.516535301478058
19.302005676481393
21.458391511381027
19.673667338555152
20.35316966191788
20.829201102627906
19.46954753743359
21.290836410758732
18.844759573869393
17.491846192048126
18.756020849054917
20.597260821734526
17.814934472711304
21.80524959685695
16.73193202351335
18.679747441945977
20.483383776876853
19.738197672951507
19.072519696219338
19.37547001482096
19.032228550284096
19.39744215051655
18.86571988697896
21.153563187678422
17.813113674585342
21.84434012919429
19.123417083518966
18.50120270586236
19.20861186435721
20.087508266453256
18.723911795005044
21.64972457818387
19.617711041815355
18.397122519612072
19.269825792819326
17.04045251985247
18.50967080701492
23.17001958456393
21.580659035749896
23.085624247113564
18.48605437691755
19.138757254425617
18.869959551374844
19.70336234739062
18.0345594122887
18.922517403618468
19.10283831603602
17.65533038636404
18.77997032980383
17.83201880280909
17.038371849927106
18.91635231825124
19.499096915002532
21.87860725535836
21.19263076234752
18.938436938508648
22.1372964872518
21.298712623158806
20.19533433761754
19.65735484586782
18.528466785003264
19.49620761971534
17.180454860902717
18.780660876978743
18.79782786490345
20.706382675427914
19.375580460063063
20.516961829488775
20.72321959635449
20.06809716968856
16.969352998157657
19.952026936395395
19.771732547476034
20.6429664669426
20.801693801853766
17.108552473603442
19.027402151909403
18.99421639610948
19.75214251489703
19.44350149774356
20.154659990823394
17.876354262659575
19.235138530771675
17.005896163465362
17.025725001791617
21.221492129618888
17.96680977400716
16.60520406429711
19.673175017828434
15.010588193258618
16.178451144686424
18.731795744066822
16.207753028534352
17.253210826479272
17.38097183284498
18.06320041504417
17.022963306727746
17.623985276739347
19.201900076119728
16.123555583685953
20.193601126714448
18.311297617735235
18.53450982677456
18.071782016566846
17.06380635317857
19.764048172496985
18.13686987004395
14.978481447589319
17.03123315483903
17.824560009464243
19.556720291149468
18.963109575788188
18.14460121184393
15.105045822866341
17.46124219402464
14.729385624216814
15.537189545765216
16.41839872223591
15.228239734435421
16.457038799213397
14.736718861521378
11.878303944946165
14.239347949842696
11.04566616071145
15.700891480808114
13.051422826045988
9.436512377289871
11.761771411514552
13.627675312170382
11.62855819569272
11.304130635487915
12.647629291257136
11.582839546995267
11.470684186995696
11.958914006068365
9.492342102374872
13.20282896524353
12.433754100039064
12.877057511170051
14.367998295989544
11.260067323845371
10.439951907022834
11.5218601008459
12.106114377213837
10.432883413591737
14.18609456301823
14.689837953205041
12.141662091222901
10.146873583416184
12.856198898513618
8.866622666498412
12.440623682291905
10.9299297335091
11.961591101187484
12.42681567683227
10.583088754432028
10.033420770939065
10.730726996212171
10.407087005361518
12.804208910530837
12.80486393527275
15.125582391208583
16.033032505793432
14.16175478091627
11.578941742484075
12.908975437628913
14.948401246652162
15.094336836881034
16.434434431808253
18.765562213409705
15.101217798501857
17.079815658781072
14.081524247441182
17.211580627341068
18.7487968958042
17.87601331706733
13.325316401004795
17.362486734571398
18.891577358346353
18.94477615606905
14.276302658198002
17.243644944063977
15.546049292672093
17.85257498475345
17.624348293295107
17.735538726352246
19.117546107114375
15.972996270828334
18.130240769379355
15.276836248628394
17.674771552861788
14.835548204080313
15.216856450079339
18.471184419857185
16.450909524254136
19.762344379969612
18.467684987729324
20.207135372960067
17.914949538999586
19.99799898678628
20.08051430675964
16.80273232097534
19.688610860499384
21.009178957969638
20.56281888028968
19.388216857772385
19.586584377462515
19.366046304548593
21.20529093328905
21.328460215387523
19.090372439384126
22.143001907560507
20.97208822880859
20.579428852963115
19.32761241189579
16.349890481168774
15.225071463072261
13.190943493804411
19.07999344966191
17.674138881547222
17.406529596296966
18.81127194043138
18.35031310400288
17.53191118916645
19.39517670267038
18.875818077569907
15.977956071991397
18.128138208642103
19.458420113613844
18.602447921712717
18.223645115245237
20.675594645584642
21.133088051297406
18.81503208963247
15.662059183502203
17.86776405816295
13.428790703901088
21.345437540083118
17.843728693909362
19.0080654165247
20.183035894436173
17.928364443801936
17.36309973840808
18.082099188274412
17.33936160786691
20.145662050699944
19.718938244547996
17.555841071541643
18.126663225626174
15.816850656690816
15.972580059979796
19.630777965880664
17.279591671677736
19.511958929789234
18.453361321662737
19.038587015200164
18.11946792839507
18.682997583546115
19.78737040387929
19.992348748791418
16.83762359387236
17.846680038699276
17.056473845538456
18.327190482206557
18.571246563584392
16.493817937613695
13.506183757552229
14.720002143505162
15.753581926748637
19.154180181357617
15.20254488540781
13.995267737691501
11.866179658411324
12.054223837541414
12.560599584508436
11.491877227757827
9.260124149885378
9.17168729281575
7.520852736584079
13.026752884971181
7.937913768444885
8.344749342301771
8.685905159642811
7.018191831791697
7.016687021547774
5.435577467003164
1.9339066758661982
7.144064287459426
8.054574395869087
6.082647588264466
2.2595947268514673
8.028645245752466
6.410764360143604
7.162521629077578
8.108519812404625
5.385547495185035
6.603704459104994
2.1238029889746817
9.364176857633412
9.363441678513627
8.311984377382766
10.97330961147502
10.539973533112226
9.376184238299746
10.968207213794038
10.959805609157907
11.892039741455699
12.012233980590008
13.400405074887324
11.816249760492802
10.328353800570053
7.181983714017117
10.333287284409899
11.145581524282484
11.959736834677614
7.90256281130486
10.215589970925055
9.490210956569122
11.836960147634775
12.328835998465518
8.285481021159736
12.348215235820277
12.105794094375335
13.981778416354746
10.71866064799565
11.909440264073371
15.250801581275466
14.85908093126271
12.52787508910241
13.265103005288816
12.976538296758452
14.288149981387804
13.268105115316422
15.457704043373697
15.317511477490857
14.114465098298943
13.577392544074014
15.35796803533864
15.196505808344693
12.74479596255674
11.683056403172193
12.642516501197182
10.79180342806551
13.862675177788086
14.001764655181136
16.54665551989292
18.142281635867864
15.07554003882632
14.53546622920725
16.090165407250037
15.669173182317433
16.973535977864792
13.691037969774984
13.150389668913206
15.939226000436795
16.566050626827717
15.836610475271378
18.48575573442214
18.5427751408013
17.71575871544848
18.75826618991857
16.195712473275773
18.009105531071086
14.510177437405083
17.634805318500295
14.302339063130033
17.57088089130693
15.451676981681185
13.49585834113942
13.307527634002804
15.414837590460058
16.46732772013638
15.20880957997805
16.47096015854207
13.512318591053345
17.775502020890237
16.892517178264832
17.420400494276304
15.261645789474416
20.405830199475567
14.755786586844835
15.295765033951255
18.087959063513544
19.1109029238086
15.80768811282543
19.138895726777726
14.952213429058194
14.82261029034266
19.57334446026912
16.709015007178085
17.513327253424265
16.444879946606765
15.23465957071256
17.153808501459753
16.816749123072764
19.423601584811777
15.265569118665335
17.182994476439216
15.957959027100634
16.18413456104121
14.663764947979452
14.699387066159098
16.44292907893382
12.750733888026389
14.3154292961768
15.13468618845419
14.059020172479368
10.731534469570475
16.351223411002373
16.203379929944983
17.055397937298515
15.096289630882076
13.681633098195437
17.52151504357726
14.599532398804653
14.477309345566052
18.200092147390286
14.79876401378247
16.06086641427916
16.62877012548932
16.172946377479043
14.026665191327245
16.21222123741141
17.50567354470634
16.483206288591802
17.350232313615802
15.995713167401574
18.025435754927337
16.786136757070093
19.279714353744684
17.78033228349952
18.829498005472374
18.86539970335511
16.138148405064214
17.907171328886495
20.50808335619708
14.311015789468868
19.050484929903888
20.20277257859955
15.314601719479441
19.134985058299407
16.440562522232092
15.949829813824195
15.777929093688087
19.200959724809575
20.26337019747535
15.94709653920984
22.11474421089574
22.831941034404824
18.549244322610864
21.001591614075537
20.299180485456528
21.334474351676015
15.875654113836022
21.36374711253521
18.64106217390823
18.588867443377968
22.663505727450627
21.779611204699087
14.473391247516536
18.53796303562188
18.527352237575954
14.79130038496437
18.60298673634625
16.228632753399683
16.30289245914812
15.266810891455947
18.730348258292825
15.417848490447906
18.191455940505495
14.365198615481486
17.14995857390672
16.394862499806774
17.837726124721115
20.022422368855615
16.848548736962144
20.395269133109803
19.44854897017159
15.755517768039379
16.00728420991497
18.021672806224405
20.009387032489784
17.25673898118162
18.450780528544154
19.063760040150875
15.920811694847842
18.589475348242715
19.463694627028335
19.96445171831908
17.30578040871482
19.801679464803204
18.372552345509476
20.870275883531008
21.571669703382014
21.904550943921418
22.3659951651528
18.156089092537666
19.109287973308707
20.041715601028216
19.730593899710822
19.547573336600024
19.122879040513073
20.49227956029035
22.50774034058982
21.233623744546826
23.093595139928563
19.36125957005142
20.61129809452593
15.425129697298155
18.362576310615804
18.40581042540792
17.036282635714556
17.980641986239398
19.43565309877033
19.593355561402817
17.587235070930504
16.120395103983483
16.845551002441606
19.575297692434642
18.644803641154873
16.685696081155637
17.78016664220032
15.505610498433127
15.515712881399848
15.293571031791378
17.18166526080507
18.044417885069947
11.895864105868418
16.33399901819549
15.183958017504903
15.726933015324201
20.529618278999678
18.153898920346446
15.040900626465564
15.099806772588174
18.839069594108484
17.852795057415268
15.873233981891207
16.51726406726408
10.549065222184849
12.686613132181755
12.938842360873553
13.91444015835966
13.968373099806863
12.833390624631107
11.421940211404031
14.754499939909605
14.378122389302831
13.149981735381715
14.420908141819119
11.958828723786773
15.377772085769491
10.91320974951764
14.771945105737595
17.715471258978386
18.0562782799099
14.361259674080854
15.787694938987803
13.731844210287967
17.28877821062985
14.671347887685215
14.31634431935957
15.974301452097489
9.308571017601595
14.002227379493878
11.468628760633482
18.826123131023675
11.663370727834035
14.381792459525217
16.007610784587683
17.17175131414094
12.902868666396646
14.408664631881187
21.797506508038822
19.55902097891228
13.350859525801337
12.859390424527883
13.867456512708712
13.077739579709473
16.2934159659465
14.646354228681583
15.872596275498971
14.965110683854004
14.707275806833659
18.85854632147491
17.39467599245613
15.466621188499278
19.213351022380774
16.523798541846624
20.188640825004075
19.051940049362255
17.422928489984916
18.240710957162207
16.372483579084413
16.834939478979464
15.900772760701996
17.277404620280986
18.820394412684628
20.46693716421437
16.93655672233982
18.294103688445457
13.954224225508012
15.809020484657921
15.498934970589854
15.342051077769154
15.835912430672046
14.059437435241627
14.64340679587638
16.063361009430174
18.014187530063182
14.267689604227863
17.927775907512363
17.32729674416733
19.759506283278075
16.028518207820785
20.364433133116616
18.108156893783953
18.374131926083596
17.293486641718157
20.10558809080942
19.485378896580595
23.279708375229518
23.35101723716527
22.273740595529162
23.17228845799919
20.82028677787546
17.481888618938587
18.740571393652708
26.4195266477453
18.480976414672188
21.71541299838628
19.164998348674086
20.192818929080214
20.99644270807959
19.66984918131027
22.80561566170492
19.633711222039896
18.573301774054
20.54845886047879
18.486824572275143
20.844500833377232
19.559002034994514
21.986733585665835
20.042557264159427
18.04145736146379
21.70903174478723
16.563067007915084
20.188678730723417
21.016284146068834
18.56808357483121
17.811490454149567
17.289353231174353
17.392315107479963
17.022486608048016
19.882497516735324
17.62605312444063
18.81028234201463
19.439732668669127
17.788901627361355
18.55517808319739
16.710657575961164
15.995561431586665
16.67885745061355
16.729696915258724
18.07824510520673
15.281765464569107
18.314430284944976
17.36837519217954
14.789923395880821
19.21829443237333
19.041882513556352
16.978527530304753
22.48887154760061
15.739471417450062
19.32640537106675
21.163725732388645
16.762013800595813
15.248289597362017
17.27610144261377
20.10440465418051
14.31582946282876
15.797582933900237
18.639968364347297
14.734211436653222
16.574853554802004
14.88675866824476
18.25218873454415
15.717282239949924
18.381724216583738
17.879254695045216
15.217689687685867
19.21831204898696
16.656220277561108
18.238463942291588
17.565830086542803
14.789799503775788
18.16906126501828
20.251605842904148
12.161328520760595
18.056792505587666
17.916826773693703
18.131508012381072
18.591972295827517
19.55483954996661
12.474270560247556
12.86813929280691
13.529438230053703
12.404773040945212
12.217054269790468
16.48643431731766
16.001800665332684
12.904118104126248
15.96089298288411
14.44844762528896
12.375189640292787
13.477644800522787
12.035656791674391
11.288389972744838
10.97239116119386
6.685783333291895
9.057616266870394
9.727639540688768
10.64431768144421
9.072012299909108
10.134739714093945
10.12098471688867
9.781284874975858
10.247921605332714
11.181747419206237
11.61124135511307
11.480277751233885
9.006813926254663
11.41203215432789
9.52110500413179
8.477036057349167
12.460730407476381
12.104432055345997
10.84909658237142
14.508768285005674
11.040923764398077
11.56927760183558
9.415516776251895
10.690006549837188
10.339111093773166
11.683033204103658
10.785884240089192
7.242366713599806
11.298533349228922
11.11490993560859
10.205163861075107
9.411878162129456
8.866071017463756
10.276168413728248
9.981568800618062
10.154328719783502
8.871088971905744
9.626459855887017
9.594688450293578
9.465400384238514
8.079978126843889
7.634922266703917
6.776131918628666
1.8783171740757643
7.46511627035448
5.005006830909009
6.982656048542467
7.189640289749345
8.4212040364455
8.093218158640015
7.219858097824204
6.987959861882006
1.8274157200150616
8.375131697849632
5.811218917082922
2.7311732711770564
11.253435379048037
5.146867580259917
7.125793765809288
6.154247992060225
2.0761363579641294
9.408387310666287
7.966067262659355
8.357557412179787
7.4068881470626735
7.275276464392794
2.5477134532350254
7.6408066331791815
10.01054103168869
10.098627476536494
8.311243556638374
10.35795918636306
9.66836062137269
10.224015286815396
10.593734310907402
9.287683348480495
10.001857541738854
12.599425066576144
14.073344349588458
10.164682350819376
13.958841187198285
13.303582718706865
15.115781587208884
17.998632461580673
14.021543161058952
14.005586477853253
11.73947464493983
16.970110616744034
16.274348087247702
15.329919101473395
12.313077784325602
14.093816663140203
14.685444033561051
16.832364253620355
14.054123862403678
13.962104327098317
14.30033800072909
16.71120081196609
18.36433175101358
14.981734715486015
12.531661348182809
13.516489140573638
14.637063142001493
13.653028327134049
16.713000240693212
17.15395452669083
18.56722137670431
16.800552377742317
17.55438012597703
18.749359585842463
17.822077451013005
21.103611780328407
20.743785218385355
13.946346825190107
22.267362686963818
16.670435341427027
18.016113720205116
17.354954448377786
20.860382316690217
15.370257742104577
18.022707186318254
18.320195710752838
16.611120077868502
17.876745012689167
15.712059607244772
16.89011263190013
18.75756744603014
15.611370439984354
16.248883717065954
18.70936130393037
14.436471384454265
14.82778076930991
16.18426233031229
16.492772116630004
14.821835775481691
15.758059885783329
16.789201024476352
12.084363757830943
16.830296155456143
17.978137725495667
12.959809000881236
17.269133650814055
17.08811276162326
17.448592051930643
14.878009756141278
17.52513254378592
15.868245369974774
12.063887786967268
13.315200510246338
16.900379827982295
12.41056538573906
16.672978107278045
14.716817514649128
11.441699737728404
15.785888569792906
12.63999431518679
16.20300982060405
15.257171253784785
15.143167620044174
11.602100688412376
12.45020623763053
10.746245953375135
13.839428986044618
14.528736420931585
12.680471421599337
12.581069257793626
14.216648944809394
13.171871735581547
12.998534165419628
12.081774221055674
14.332700914382968
12.5729886184075
12.614680846096405
13.034439979407797
12.575881144683873
11.503646717136833
10.9590904840451
9.112810823947157
11.870878114152708
8.709863913766895
10.591873517052
8.009904426394362
10.249801698360862
9.50722731532311
10.605260788143163
12.976181962949072
12.356077490234025
9.895630071427759
9.98678478152812
12.763692864644327
14.018565149939903
10.772458991205752
10.635968879187276
12.465519619220526
15.166188177979956
12.189175949584289
11.618878965195071
11.28318421257874
10.964092464621908
10.569194694925761
11.525646648552847
10.224739469223298
10.592614953432099
11.394640784026604
13.381144399867727
14.516024346458916
13.849391659269083
12.153696352911748
12.502169510063167
13.625339645195682
14.62977412161163
15.159543178745924
15.61274833753407
15.919752355944713
17.45842827349258
16.415936258785763
19.801728386700503
17.639106192081577
16.72787838801175
20.52586023937189
16.842758937954013
18.005339962864564
13.284394945780155
17.0145226728018
15.777780163581829
14.490855369219254
15.486155646805711
14.728482060925991
9.925065130351761
12.481170836737228
9.795480535766018
9.745405705488283
11.336183774230854
12.975764386631576
12.204473056991997
10.835940712568377
11.659089304000128
9.187069074381041
9.879114259383924
11.503138335992439
9.947915812898586
8.410490044804218
9.772305122910838
9.189088054232931
7.419061719197865
7.492801945151641
6.89075086764555
9.2113797354359
6.91771050199495
2.160221587227468
8.469845357800883
7.873722379968265
7.418759516504587
7.835905879148054
7.278103174993603
5.738986277186001
1.6140564309967278
10.907827789443154
9.372505441078347
10.513982461080507
11.599479479218306
12.566733430555347
9.959842016791097
11.028618908017842
11.056732964423913
12.308805677020578
10.487399188148826
16.331791809545482
10.37080364220485
13.095161444837752
12.900240467789986
13.89690410618298
12.801596151038561
13.071434872386481
13.17872844179709
12.969590841647786
13.318504984060276
16.384126990233433
17.391601627913307
15.966790046685407
13.864036830235618
14.322211427768833
12.030560712862473
13.257532684263957
11.311583033329258
12.138008719991316
11.748205096034745
11.576195046588671
10.611450037032286
11.447090152982899
14.58282297403621
13.183886659121296
12.555106991742274
10.792734020526256
11.237565100775566
12.741810141372756
11.602209450020666
13.304932787161935
15.894279892638778
14.249162994920027
18.768205922937774
15.549574979028163
13.424441203010364
14.195337485414695
13.952591626546472
13.422076406320425
14.379177120577383
13.478242416272348
15.68388129271105
12.941770550387547
14.21244609097661
13.640814667761301
13.348630557331973
16.011590264640272
14.612898895968307
18.00785954999416
14.729494444730333
13.957493240125679
17.358110353117517
15.593179213814208
16.87797636634704
18.6530061260615
15.93457104301791
15.45684652316695
15.281589139801973
15.407494906450278
18.223597575252978
11.080539878120335
15.71443738676616
14.744745302376813
15.255167754404372
14.017078995153089
15.302576635736232
12.188150828435885
16.764396871245694
14.992894594022301
14.86539416349931
14.257099855159133
16.418911391769207
14.639236423019305
15.350251162670116
13.38244372374845
13.239566575402591
12.771961169798974
17.115972691272958
12.13362696759594
14.35353769529204
14.538331441821455
14.976657582397975
13.333903589203555
13.650733740257404
15.604476219093518
16.65265493847113
15.195576852134993
13.12535710385454
14.367781995507958
13.01675985311756
13.009454161418349
12.0852880240489
14.986899228865134
14.664783364469482
14.253729097437322
12.384236197114816
13.782852759439024
13.809976718475356
13.825649281529772
14.466059245745056
12.579785307654687
11.805444152434683
14.733945056029253
12.720430895172303
12.404082757635951
14.871678047184119
11.623365975811552
12.188472566532349
12.322891263907573
11.319780404011345
10.90050781391389
14.092988695341745
11.746057921959206
15.150645008259353
14.451090817019839
14.028431730300362
15.314283134476774
13.936507411746259
14.906673987490391
13.292036010175572
12.658110720540828
16.677103626985065
17.50728332510821
17.40652198341536
14.504139157261081
16.60634675435476
18.550307196971865
19.094133003126817
16.89212525285233
14.99419468214128
13.601494642382365
13.557943144899209
17.07075482241831
17.12197340373885
17.478350948660502
14.375631309562706
18.01584599544303
15.629628148441464
16.00555577098285
16.45937876968184
15.94056810866767
19.22204337080331
22.251288381258394
21.699593190289445
15.776042780458694
16.56474922258415
15.155444603912017
17.55464540844964
22.838821529009742
19.51789258876221
21.780993857718194
19.863748565966258
20.31412954513912
19.13398016807596
17.945639243270907
17.16093293913667
15.993299029421202
20.37887772328004
17.649750861625805
17.528749574300733
16.832788836310616
15.170758467134299
16.522900457650422
15.913923242339454
21.294265555648412
18.473896170956696
18.419644063879208
18.403456493412463
19.288167259112008
17.612489698193453
18.747196407261026
17.54921886780953
15.464755391426383
15.417390841496617
18.129606052787448
17.719757243845617
19.50806148923484
21.731136892066765
21.242800098927567
17.584135964235397
19.030612293738905
18.073546673374082
18.846814618159232
19.9299011982411
17.417070180993882
20.67928509904043
19.737643331133217
17.905738752248638
19.922851681507517
19.21361490862881
19.79090478050823
17.990128015694385
17.332492911424666
22.007116196459844
17.530854290192934
20.902623060752376
14.938024356003668
16.246833661228496
15.445814202073915
18.90002059900528
20.067428248856004
17.408062321380264
18.199563065033495
18.299473845664185
16.6051196113617
14.134810448556376
16.576113080032933
16.140249587143117
13.615355283410924
11.31274434876487
11.793271036042048
13.991329378556152
14.496417856914826
11.561178457939727
13.853344807673206
15.020100819544291
15.893369539619789
13.085695384796846
15.578047403527712
13.444352765946915
15.977465741576646
18.74559253327641
17.96049291194878
12.405640024756858
15.251080289494269
15.900270902352322
14.895726787766673
17.68257537887599
15.395563105689895
12.302808755808337
15.269137828918456
18.062871182642933
16.44918020445627
15.746863077421853
16.895059189645302
15.413947729809895
14.47837666062164
13.503677269954732
17.14377097271812
19.53975072565472
15.721922186487237
17.936078406406917
11.938776217672988
19.30641430110552
21.3995242032337
16.21094197467611
18.947603586632475
14.172532187674877
16.197858599301618
17.312654515632804
15.71648711610884
17.1882092345556
18.562643469026092
13.327996757812935
16.55077217425901
15.157664555429413
15.433876637985534
15.399806332926397
15.422059648757923
15.71164727612931
19.289954461936738
14.021593603334036
17.833466916049876
13.389127311030306
14.102162771071644
10.323815420334913
14.328321772333087
9.53252739550656
9.171793587524155
9.831115500285028
9.697630900860124
10.410676201246146
11.565001803756555
13.405501758095527
11.096375966314469
10.119215112600614
8.877821993200447
8.01711690862475
8.15723631389406
6.916479341586436
1.721985076275553
7.614112308896629
5.34291433047283
2.3601117595099215
9.918820463985874
9.555764021937916
8.95766657494507
6.7262295716523965
6.819213764524523
9.146462628212443
5.439324016119517
1.1938380355870089
7.0195607297241835
8.791562208580613
5.78882115580854
1.9337359186931888
8.530032317301995
6.14252197633812
2.395914872998288
9.661873178675588
9.486775418420502
6.37399315231048
10.557206144444377
8.233252233705917
10.586272632356735
9.421008382635701
7.377099866838408
9.007574625918569
6.298315314423478
9.494640555245464
10.128177257405842
10.470467172730473
8.012556965966926
10.165579662127811
8.66804479381214
11.97573024896795
11.122855338104458
9.569329460731742
13.776093008066292
14.844200136851013
13.637609272821049
13.708124964567872
12.18216394693688
14.901972918863663
14.595704980977068
14.406384667415997
12.462159369274968
14.36721912349044
12.988593910849564
10.516415482743678
11.978422765187238
10.669770937388009
11.914644074245755
13.340608339771329
11.250765306498176
9.284280907602895
11.708799113128551
13.074170957145377
10.356296874375197
9.57843139047521
8.501554571468999
9.28717479335572
6.700172098267086
6.418415916476383
7.829020660896761
7.150997932734429
6.501456161812768
7.001500819474904
1.206264213608362
8.319566153020535
11.977752392958166
11.36216009971141
12.653998050964558
10.68515382972597
11.452735970957411
12.292462672997301
10.413113171940218
12.3989152274646
10.47537897401991
9.647869974279061
10.824830859345253
7.798531460836498
12.374830868061583
11.56224480551137
13.629939174504887
10.8259557833918
13.70514802011247
12.697227798170736
12.854886122045814
12.75284839653367
12.424627985540402
10.878412618839308
11.860249607928655
11.336734781061056
10.74718026509605
7.222536695076824
9.814462235795864
11.49112426893893
10.04417256607431
10.111533598071354
9.514102307536195
8.360667421843093
8.69524582011117
8.840366644024535
7.9136673442066545
10.548034964017436
11.458849479601291
10.027246438045987
10.197223616420805
9.304570410645209
7.549072213514929
7.506169531882971
7.9457768920334795
8.473249104873094
7.376873560759665
8.668177101858266
7.580237497302214
9.255117732607587
9.566432751042644
8.331815217568078
9.106537193760706
10.872695487431802
10.80135591794094
11.85278525879171
11.167883190435237
11.051586718685293
11.091571008469256
9.105712260454553
12.080769537211872
11.261362912919719
11.567024033718383
10.593297594177878
11.754048518239342
11.378106112024584
9.36319865621088
10.042547256034878
10.186893739957613
11.092379097167141
9.452319726423497
9.638494891281022
7.132242857872572
6.920200109629652
1.8204880985106777
8.267574080504009
5.110723193513744
1.564078660793871
7.295282285244435
7.595644769882756
9.5008060969017
9.038214646210097
9.471797416209254
11.441596329419431
9.298978366325446
10.418055689760562
10.132111733092772
10.008337832299526
6.571398752565095
8.656997036940044
7.3982611462436045
6.339492042394455
2.360954057236198
11.579305702426876
13.506495125625227
10.78268717119158
11.204105356545158
10.813022072423344
9.807820538551024
10.409722146371589
11.236940593903364
10.98087462205477
13.842543864402632
11.477594333992709
11.405814946579554
11.111543413465666
13.481699017194682
9.801808746588264
11.186618639134448
9.042749438148405
9.402276708399615
8.4233889238706
9.966110971986675
10.188501071615361
12.076768604493559
9.80754928581782
11.728569253874735
13.427760348699232
10.6668646360867
9.25338173543469
8.665474191412969
7.296402309588028
8.891007308701735
7.719500316073424
5.818340349336156
1.9282313642584408
6.7782549947008235
7.417615421175537
8.048532142695038
9.640259375698916
6.119510002611074
5.880312994716821
2.0670657002485955
6.262901008066034
2.5600518446146685
7.694569458954831
5.49202685133296
2.3638454509808224
8.269517836510914
5.802225455332144
2.25050549380681
6.4896679117633
4.8198888663909925
1.9714301982898983
6.861943222478581
6.081096860822314
1.3823085031472655
10.001877250284478
8.561182127103494
9.070461563545242
6.64649783573617
5.674361873698944
1.4038309347305626
8.084769881887775
6.591439384015946
1.4808928236291878
10.237532581517092
11.695982174025433
10.760831860721133
7.288364323810554
8.126683080514125
8.057618897253834
10.205376734744943
10.686502943887161
11.168430688456336
12.071284852421403
9.373952916369753
11.27375414694636
11.068641049435762
7.878511567449827
10.222061262616153
10.882515905912996
11.748003378328406
10.928248557944165
12.306886684058009
13.710746764023687
9.168531559139756
12.749936611050533
12.932357222669099
13.360792668635927
12.998881649418768
10.38826158153892
12.297065741275654
13.963505906777884
13.827050563540293
13.233348010798482
13.48907445602919
12.837408963360792
11.3320212749312
11.314050646094769
13.329400117838043
10.629967682824297
14.270276231602532
13.912919747633746
12.016691510905176
13.631645810719597
12.989963115501567
14.641736447854038
15.298220620136302
14.43788064989751
12.96422634949216
16.20603246882019
12.189524539609229
16.07880356392591
16.39972863177485
13.42497172030732
16.54420861212902
14.755492485638136
14.863244008982777
13.935629984286171
16.750451578159733
17.0428402186891
14.165730957927272
17.66303844558371
19.45295979239645
13.59313730032967
17.60173344595545
16.04910371428303
17.304609199340753
18.78071754301744
17.184313195777108
20.817428391316017
19.849090812831953
19.88039456597437
17.01537932627896
19.44029299293963
21.343524809429244
17.378937258977658
20.00386889765072
18.642240153092796
16.642746299603065
16.908546289336442
17.066426189388142
14.48586572641143
15.378777410732775
18.017348847782504
16.836591956408004
15.778732276314733
15.963381215151488
15.262520252085126
15.538178005814007
13.926784399198779
12.906466887126854
15.162831038875474
15.330570110424485
19.790194785991723
19.696740652340132
20.014196869100736
18.401921215840535
16.730310987286778
18.191248243897086
18.378872757086203
16.512414264078405
19.047508755610252
15.817333166413253
18.127664774311903
17.645750375655606
15.600937241486339
17.17994753118215
17.781573308409715
18.666371877041097
16.995099796046365
17.6394231052185
21.00709087126278
17.951373084764878
14.936491790994692
16.89828961598398
16.611199612708525
15.61527280890189
15.679520516237567
14.571551890838506
13.877331237377144
11.714987361378666
11.816317962291325
9.587229164675993
12.378378194266634
12.932592342754747
12.609014817373964
10.397238771391905
14.073482525926485
12.877930468132622
12.684150367543838
13.627578810075418
12.567752276498977
12.663590916600509
11.564068100661393
12.257714836792589
11.256984375522707
12.704947131522488
11.257077791225216
12.985888506526807
15.177568925515287
15.233558671927108
15.308988450543104
10.715166027467742
13.47053493105363
14.273369889265178
15.277423443386017
12.944444187352726
14.362610776501244
14.397673378228811
10.329826861866696
14.997482310604282
10.718981263365709
12.659124202048615
15.80154262601394
16.809897020390164
17.563579769912074
16.641535437425155
19.11585498146055
14.738515964900682
18.237278370150587
12.90893776561446
16.737360838731743
13.884081257302942
15.52145012746345
17.593682819183087
16.845884094769428
14.32602982041723
13.984929035077212
14.069307868649156
14.293333864546689
13.504042660414685
15.404792412672093
9.869827603421342
17.427545072091444
16.09536069397228
15.210603647684128
15.586478668401831
15.394198095862631
16.13161465745957
19.86737100684251
16.98090630845824
17.92259615378087
15.928133454338656
18.635630755822266
14.846147892584165
17.42651572619695
18.963391647798904
16.68793125334145
19.7170278764826
17.573048097407614
17.16773877628065
20.045376556636345
18.713302939855566
18.830791997739137
15.316883390215015
18.13276621726904
17.219015046818644
20.46120512181512
18.304237709960507
16.632736355413492
17.172563352950377
18.03894066320297
19.36025387902367
18.95059536033266
16.996581409004218
16.79055890157171
19.424366487569426
15.82975492501414
19.218073116556106
14.97825064769069
16.828357703795675
19.65666409318729
15.118898385556694
20.679906641574107
23.317390678101283
20.142972636956884
20.491510880548045
17.17894461893502
20.290954196983108
22.595888414527828
20.077014758944767
21.067997706673363
18.14397365898185
16.719171682077206
19.71441126412681
18.590970530299565
17.553037567657842
19.859106687014755
22.637852502296376
19.770347277645737
20.69055218529499
15.872675021672817
21.00914970807584
19.848286164776642
18.261075091552687
18.11552149091585
21.1168135439348
17.193261968415783
18.717328893044996
18.752601762858735
16.488475850536826
17.801381870566328
19.293633497293456
16.81819532659836
16.971251745039638
17.252718699950634
16.379589954945715
16.261619637198276
16.141878637900053
15.407342062338664
15.863707009881088
17.03223359262677
16.93036202869671
17.025109090361255
16.85569937172616
13.460867000835595
14.107403059450098
12.647004089535315
18.04488092630122
14.073809056911568
15.637223237291861
12.215171465982538
14.476563793672273
10.914247381456967
10.730659850185372
15.575065773900102
14.17462296183101
16.415650742310604
14.214136244011321
14.994761021408454
13.060254348990046
14.99189216427093
11.702675081889993
12.937041757980543
13.179599403509382
12.875390718454879
14.692189440793554
13.162541688214482
14.04249263560258
14.303535023128017
17.14715293104807
14.26903245544198
18.29830887616941
14.756478505714073
15.868689515831393
14.976285349504016
17.634353835088298
15.937604949849783
14.526619394252695
17.314385242603453
15.9865847980596
15.892886242018818
16.938842229249687
16.155838000185888
13.808184600579803
13.121085337020173
15.174152265587693
15.297750158678747
15.86168740285687
14.421928536740184
13.65014004042625
16.96957911456976
14.631797830281755
18.14704363153119
15.128409367596602
16.907237864582054
16.486657836877885
14.119048309937194
15.622012645697511
14.66021365023093
14.775359255436324
13.70056334526902
11.677686742415094
14.977425082112541
13.908497237508675
15.455839117594342
15.712236058528417
15.456361264497586
16.61550267320203
17.47902602149865
17.984761864380783
16.770619921065776
17.634641660371784
19.169129698887254
19.445251367446943
19.172187634433534
16.681253897676203
17.013897923784544
18.54282875737964
18.066718797161094
17.171841680798423
18.383603311123714
19.096171055912222
18.547517505047548
17.94674797442759
21.772354397016922
19.982870057203023
16.980149756053923
17.76951160936991
20.336997474916593
17.03961043484782
17.954252071732807
17.457609752875037
19.083074293689094
19.753192639536866
18.25203733540866
19.422391714979284
14.828663589087574
18.019562612996417
15.698957386246825
15.8355756803694
23.332086256146404
15.702693307813783
19.42793298215631
19.79035583661324
18.022183221964934
17.3825031797366
14.700354172122548
20.150934632381773
20.061263382017145
18.906190415429926
18.062543332951922
18.677126870340892
15.60895190131846
16.88150921386787
19.798088142160733
15.915024113115056
18.09766712074228
17.028391694794106
15.32239953752334
12.732711466867684
16.847594223113916
15.582124778761978
15.482187669201995
17.98693376584446
18.080545549975014
17.93926363184431
18.159198375304744
14.548155271387515
19.45574689796362
13.986501727665663
17.300497887399224
20.392482787380054
16.25146732468929
16.86017849165129
15.95694731804792
15.608978610587727
19.796219365990527
18.667887166589658
18.043457583621645
21.28008650291444
19.13459250911986
16.25987785886453
17.20529961205112
19.420737927407647
17.333208416489352
18.857595746594132
18.966462378570515
14.76640670641775
17.027942953263388
17.853403110073195
15.705924298200863
16.116809167985835
17.406960085084513
16.687147037319193
14.715005949026933
16.082646859086225
17.717438267144924
15.135665101838903
15.482650938435977
16.44050919876595
17.180947721681154
13.124371895010558
17.17252625558449
17.192712645412985
18.28411072497617
19.832251660166055
18.689945826837814
16.82652713529746
20.89667547662581
18.894587558247
17.844504402423137
20.75809331491723
22.266193052277572
20.304076240931696
19.83928750871242
17.993101355854957
17.038475680985812
20.233554484579802
21.165698822850334
18.378248607282625
18.398887987504366
18.303403779389797
17.78115848875429
21.0181821556989
16.997656383436972
19.616848822533495
18.650132606841233
19.321765061901225
19.7646607775565
20.634909451616195
19.673714891265032
22.75123606955133
23.76457846637427
16.938753809777804
18.37837549554152
21.211878602945635
14.546838348361794
20.198694295561697
16.79149612125028
18.65363684929274
19.71820291249595
20.70760009049202
21.93228699888705
23.17565661921287
17.978527920513162
17.981789517893308
20.52064654019052
20.120994214179234
17.904607622250367
18.94728282795634
20.508534633230166
18.778871405039542
20.364391830106985
21.61527741305311
21.881870464679952
17.552400905493478
21.174118540174774
21.753225879353153
18.35744873683921
18.981341882227944
20.020143113141653
20.222705882459707
21.460415879838965
20.33260296597874
21.40383713298541
20.509765156416574
22.083693963548892
22.28109095926629
18.7985788689452
23.560123395491843
21.33832927627905
19.316822123129093
22.176220562487483
20.04146305599679
19.81748707280131
20.237421315932266
19.248425999058686
21.003760536582842
18.240473134862487
22.06615795943244
20.12233102615587
20.939174603125267
22.026849274975408
20.00266134872328
18.523242954585772
20.726932985485742
21.534859632264283
21.370235883421383
21.029985515442554
21.06904879066716
21.7564172374269
21.086654605981078
19.161794000148248
21.077247380281392
20.426022185297775
22.72220748191575
22.50275379915435
20.755643698758306
21.640326715689397
21.3848674418464
20.52492853848015
21.374729665150145
21.17334618563014
19.044560194180246
21.630209723651795
23.32483389299506
25.38803596186915
22.174273686913143
21.964852898347065
20.398768571465585
22.101523049442033
21.293682206315026
20.648691616271627
21.222623457193723
23.336411830824666
21.875156233326553
19.44517249771172
20.88512123971747
18.7713073245261
20.869031066525135
22.800885865513315
18.52241417117704
21.237092742082044
21.665685268253277
19.230110781603248
20.9154667736114
21.163628803715035
20.54193722044325
21.08131487104673
19.33610442364143
19.45051002818715
18.840836941773446
20.005663920620055
20.929397474899663
20.192789583942012
22.43613621488531
21.384743339927272
23.16436620917318
21.364482209408003
19.976623332122653
20.23891125711035
19.915212841567257
20.371478162163584
21.27738512642429
18.6039690298937
19.670659859042125
19.519932974475086
19.89326612203782
20.461436661386852
17.05537311479344
19.968978662545865
22.444804640021616
20.725593789906565
19.552728783176722
19.809737359370647
20.95712108422199
19.264357535172824
18.618922839770082
17.347797280952506
17.1177611695748
21.416059570184096
19.608341409403327
16.98228421767015
20.151166728124007
21.19278407912438
22.032187061681785
18.34580487112041
18.801610168222084
19.51282329774501
19.395221912766836
20.768681818188682
20.854676318433476
22.1515713776022
22.201361315799243
21.559223298458296
21.338595679156178
21.14032917085611
22.694580910968536
21.885750253753265
20.408461845280133
21.39177866020106
21.687526915042735
19.2312251832408
22.177536207903923
21.99069017467523
21.093518104410027
18.962789089462717
23.22913666261121
18.29669056804662
21.484103526334064
21.12456077955432
19.37503622826677
24.756455437864467
17.50534763829014
20.53621791531158
21.671166531205646
18.560308555501013
18.487852934062303
21.39375316290765
19.166276459560315
17.935236610256165
18.673044808314103
17.819255455424184
19.944050185976614
17.19119811391994
17.301913926423847
18.80440229273975
20.30906043497949
20.060864470903805
19.611780647973415
20.087239233911436
18.327851106049785
17.526082886229158
20.33785391751724
20.96358189981333
18.08242521289104
19.994366209396365
20.963670961869862
20.217509337031014
20.962821369126722
22.04850847252344
21.889665984985996
19.39562239288121
19.04691799800929
18.777195393481836
20.768338315605646
21.18178778440936
21.237918915184064
19.208737042660157
20.3275355826279
21.724392263746232
21.496192500027167
20.752159232567468
20.070433568454774
21.323605208758224
22.95354638438843
21.385399228829655
23.07144016770857
21.315648054204935
22.902272689859934
20.417564362934833
19.946552597001563
22.437119323800257
17.71654828296168
22.272110356224236
20.64773022858842
20.992106244922766
22.178355951116185
21.91780781303797
18.535267657873444
21.34646534703958
21.066827623308157
19.159337531484212
20.546330664655517
18.900249156620458
22.5728541435937
18.762556415679708
20.61199880360159
19.45900115913488
17.91042596425771
20.07021487003123
18.87286764296099
19.936001792384562
19.53912261309145
20.579667718118724
19.933954404439092
18.993588120014945
18.526979425989197
22.55541493401712
21.359870601869144
18.849201245260286
19.981964761241322
17.631617240304273
20.01342856204984
20.925982434674715
21.691193223957004
20.94439849891516
20.540962649280413
21.817720896395304
21.10425856469413
20.477612208317872
20.549401122078272
17.04859917475075
20.946844018828635
19.7693153314293
19.315696951005073
20.41134621883528
23.932550366053285
22.17628490368325
19.99990391032247
22.17698906461974
21.780032981287643
18.34857969126771
19.855387666784523
21.130496290335138
22.41854898350847
22.92285680600438
18.41496165756538
20.618880954922542
18.714737738310184
21.403636661517368
21.300594081643588
22.697919454220415
21.859448369394904
19.6462313547227
18.25061497973627
22.132500358148818
23.427531567173205
21.03785154549823
18.380980482833625
22.03125268134611
18.82610748894153
23.564912773667423
20.686506029821956
21.019413068256476
20.622675542343355
21.251110334674728
24.257130511268812
19.862814310374098
20.137889063637136
17.677772630977017
17.79463284347334
20.45852488253437
17.30122955463822
15.245276015505576
14.908327728603444
13.613630719562673
18.474589788439268
17.025089296745094
18.490201404045752
16.60877255871334
18.25608763734401
14.760370917961476
13.669894523238979
15.197734714455923
16.203626867482523
16.108470912715994
16.09454306008486
14.31248589472123
16.142449615053465
15.385748707709455
16.897216402049978
14.53636417108995
15.73187402140129
11.754930209612676
12.37871184280981
12.651749321569707
13.782365114932347
14.76755308184243
13.923673304399188
14.334147196204034
15.250578110923398
13.29110688875839
15.163083588770846
15.956897910366845
15.552859926902245
10.280874667530695
13.018945833221863
14.106815630705903
12.633202119030107
15.334067862813715
10.132518838894747
14.48908072740173
14.38401769217125
12.579357507765543
14.774185992055449
14.723375064418267
14.315500185908322
12.771528900949205
14.568971504174495
15.878538484994044
16.362477680975278
12.766844785451541
13.687241221243434
12.88958745029762
13.829706906586761
14.43718131121895
14.434254293493344
17.235976520709052
16.792050891456075
14.372348240624456
13.885631515568043
16.072126851776893
15.895054566390256
13.675754578578795
15.06801286668832
14.77226768169917
16.913089853117302
19.312678020651152
18.09936161735614
16.637706066046352
17.027071525330967
18.85658126760855
19.255881862177052
19.290402434733096
20.408077745638355
19.033828294308687
16.86781915433477
15.348717680003283
13.05832498765248
16.612959265524754
13.60069592291744
12.978317243274002
12.453292153748379
14.192430386015955
10.88932314663783
13.23318372406768
10.839177074068893
13.304885024415093
11.423054792173122
11.68096164626379
9.95992404635335
8.323975864259367
8.616366525522189
9.009209291797523
8.494169299965433
9.43881378285044
9.036150188743285
8.448091703681776
8.136040570140878
9.541762729848658
6.5640713095926415
5.665728343057871
1.5831034695596176
7.542446953444733
7.143336669429624
6.8072763736517325
8.227666781786883
9.641288760648616
8.870365802563711
9.354645570358901
8.21974838822259
7.611267663693276
7.358332525115104
8.708007099058293
6.978576992994938
7.531935038346473
4.069664597254322
2.503338098799077
7.6985239666483105
5.696884908988176
1.8352676861374244
9.035245046803098
9.1780380963002
7.719511804272131
8.49524362547335
6.065308751918117
7.934515561196524
9.068821433224798
8.551913920722788
9.058748089159531
8.111940535197899
8.629845425105046
9.086335733306226
10.991804864472206
12.963748225296094
13.5329097865121
11.699436509613847
13.474213514736089
13.216746410394915
15.794959488402354
16.493057113261955
13.966018581295412
14.733059471997953
12.981995819555785
11.469317701148833
11.871693589191315
9.34997430203762
8.36854322202395
10.033515799783242
14.470864686665017
12.424396072859068
11.48973733894047
9.331305162099232
11.522633925337157
10.171854101321895
10.018688024985199
9.930193541229118
8.422762971609133
7.945265284846503
7.275689517852987
8.088592948157821
8.783727073444306
11.28769953442384
9.104925772813228
7.273031649096123
6.003375043017405
5.527310168359617
8.106249841376572
10.344595711109585
8.174285667849906
10.221884502506247
9.084041397363194
10.53970106688432
10.68614325430949
11.482047622031295
8.744323829354263
9.616168691648827
9.28762250521825
13.34140484746963
11.552999296450553
11.093320361654563
11.626686945627572
13.428732803247875
12.664740662653411
9.921871137514422
11.670136814073775
9.546001921959935
9.323785530237542
10.077565906035872
12.680487228442168
10.554392643442574
10.671483468772152
8.919250133388756
10.92859205740809
10.93744016283026
13.166400681744506
9.994744538847133
11.788700918551028
8.867902351228546
9.836681541303726
11.14242989355809
8.264601214456988
9.134554784487236
10.057015464326398
8.937531426505803
7.557268923347358
5.664688200431371
7.51199877464377
7.827549996624532
6.71075091360453
3.7682384351713387
2.360604731269914
7.447502966805118
8.222991392180752
9.516682237394749
8.563172532580491
9.640237791951856
8.920549639011174
7.181463389962623
8.398434188509658
9.51069238632701
9.523575810321656
9.841608092868618
12.250708426386462
12.399687349942639
11.83769971490701
13.380882901832127
11.097126046855134
13.757619361071361
11.049311532341571
12.815320662345776
14.368040213878924
15.671859763483145
8.946767424699244
13.087966205427279
14.189001342173391
15.41430096736444
13.681103447558346
12.601022683196012
13.00334027577103
10.979615598224205
11.204696001280958
11.585693885297957
12.234856686739583
12.684470020734006
12.65090791011973
13.697762735181016
14.555178575781907
11.422564932425814
12.11578507384919
12.443602632660703
9.371073722545164
11.041689112146138
9.891891178121385
13.059898900662862
10.391240134220602
12.319839426219296
12.677340879702466
11.37720361981741
14.735679354588962
12.811268040865857
12.74149250525499
11.61035201259364
13.902984705517339
10.525235550667974
12.09024576219735
11.455317859917793
10.536217169279272
10.453165649978986
11.064489048897139
10.540877934527632
6.84623309391696
9.888938105634354
8.936343505382878
10.051649418525152
8.266973461430418
10.038346596552081
9.544164367709852
9.444189804190836
10.1041204309458
10.054373341169883
10.375382657586306
10.87450228548829
8.825368072276202
9.45415366639125
12.154899427395891
11.839168823496262
10.622564373131578
10.388815410170299
11.748499914212545
9.039551386268123
11.758956258074951
14.437959378327808
15.401951257484674
15.915862630504574
14.393486011614854
16.810719623994064
16.5472979742651
15.191200309297738
12.968383831329975
9.904392962834233
11.788187962133833
15.761764568304946
12.456803411200962
9.829400081470745
9.70536141120358
10.340241702603354
10.256933745776221
11.796257246684041
10.063777081641224
10.567662420044947
8.377479773135741
8.910193031218977
12.221467484484448
10.010326980556473
10.04651749453596
10.179041162734018
9.350120222088009
7.899488327810994
8.457463634138806
9.826953816103575
10.348382273654002
8.95470508453772
9.337319866347968
9.701773649362044
9.77770966098149
10.370329724913455
7.93009352214179
9.388590847567068
6.975695631699918
7.987547685030979
7.279666366485985
10.177134143087356
9.004509654796363
7.715720733748271
1.7441397936267022
7.750317280533578
6.412209145536357
8.071923968312351
7.652912399879065
7.371907247175299
7.961160476343318
8.797619971399692
10.70336579520546
8.514266698774527
8.146069042189263
7.958743925582301
7.429251901233898
10.717005695338118
9.350379627104703
8.993621015613927
11.246434925842745
11.214764095281543
12.511889733040423
12.994058352093225
13.915460738597451
13.142487342830924
11.702217381439166
10.447807125561203
7.577509745675428
10.383177971382928
8.574411053246397
10.237682309637425
8.608475590171976
8.184247304603764
7.758684310709604
9.059018732880954
8.121046790343295
9.628504952272948
8.74454164997915
11.993068235959258
10.256180034784697
9.791911268551738
10.550152606001674
11.882744172507293
10.621002025735246
10.28259319738012
13.204963324183609
10.62988914874648
11.284662335798354
12.30717660086156
13.296294256663748
16.228275288188033
13.184939906177847
12.971832497092716
13.147116167240704
15.655140497444915
12.820684001831566
12.96236040644739
11.744490668431016
10.276592297398972
12.507093306231575
11.25323643941689
8.584668230825377
8.202613574356764
8.006850932042878
8.042634212901998
8.506538217961905
8.233209620945011
9.473396469441825
11.870149499385136
11.041477357309068
9.896854873192284
11.994256640294944
9.336983122307997
10.334126671863723
10.518391702585257
12.851838330853255
10.676617929937679
11.857406634991424
13.73313202908761
12.254316053067571
11.434373258256844
15.252510998487315
15.059827329408957
17.217910542273927
11.438414951505605
11.29451860273706
10.556825075574103
10.406691303016853
11.271095926012094
12.992571622353164
14.38978980585641
12.037465006184489
10.749152779119841
11.217976674842776
11.683136321340672
12.360951140691677
11.27561503562581
9.565390340503024
7.875519995257821
7.826473106724841
7.799742582110678
7.783595528254242
7.7192177853841795
9.163269613631574
8.771231652439388
10.930999665067151
8.21450500693734
8.255142060634627
7.646847544686428
8.634779096421513
7.948014999932882
8.732909203631342
8.23689776183683
8.637455830987074
6.3533898874382535
4.3610526816689115
1.9388151481705926
5.053869149667479
1.9891187373061072
5.800087478631299
2.1592425941758124
7.985920429814432
5.264665301893703
7.095763985972283
8.141908722110436
6.2426175075450026
2.1179310416851864
6.45939800209498
6.769551281250959
7.799954722422318
2.197269492257022
8.822794685131951
7.989950007442631
9.75100816062413
9.27611755747737
8.388702011000785
11.077966924377613
11.143710391660461
10.630909272857979
11.726752794761138
10.677737079840778
10.914481274132301
10.72446281714408
10.573333726691684
12.598531546563127
11.25956421590364
8.738914947564933
9.95137168410965
8.936312217826913
8.54622481565973
7.173837101044271
10.937182587364369
8.875807004411415
8.245448889531549
10.048429548119069
9.086392991557036
8.26987866706198
9.712357092175196
9.068262482987452
6.9940004049354165
10.153075809899407
6.7166791301260425
9.86476043771337
7.906357208891599
9.63027280594146
9.729896763691833
10.203779328554603
11.446878264428248
8.727741535974777
8.034306946110453
7.98178951775224
7.516978796064858
7.366601041856727
5.474705085352076
5.241926968120207
7.557533560335115
2.156238744046704
10.314722239180993
9.739092947975772
9.417701303244607
6.572214011350992
9.571435558925758
7.81335668110964
9.976186001125527
11.390397764196376
8.877658021454424
5.37051337832607
2.411046556803547
7.546103890208475
7.616175778228226
7.174050203160238
8.181352823685533
4.374748427288425
0.9126120419453204
9.766541285569119
8.41869595878894
11.93851192384998
12.722286155971467
13.256661712882215
11.476874766481853
12.860072939237291
10.730950569052226
13.286724694715167
11.70752167823712
10.000445377648306
13.489676956878544
13.961213383266141
17.014501877983815
10.609353279263665
10.322318706589389
10.929458680430058
8.817053702959798
12.233152512189701
13.570622379511251
9.748368578549497
10.726112660487267
12.324118196999262
13.213225681472588
17.484231347238424
12.439402453016859
13.00432306892619
15.5663525431958
15.628706283884146
15.19370354024811
12.457557267738279
14.650819441055205
11.12243288934758
14.22380691831062
15.379368996683507
17.679813909702354
16.64417148247852
16.15387539493264
17.007249427471177
14.964590145762017
13.203400964523391
14.958684760302196
15.252504959004527
12.967690177755566
16.036640641122183
14.234721135580763
13.288012320932525
15.205398861888101
12.96061736158401
13.635722337534219
13.752989196699822
11.218735519801497
12.842119756506252
11.578453061474134
8.073177623531082
6.926203349015184
1.015488974232992
7.010758675232638
2.909649535060355
7.884882971326752
8.385908529374298
9.305844373039465
11.022178171868859
11.864819543783785
9.929088764535537
11.089239000468709
10.918697955742969
10.02596397378449
9.594210364781697
12.217101167990451
11.310981120174533
10.982957323600841
9.446218786116328
11.736658769918309
11.21130166468039
11.637675222719752
16.880221406574293
13.043516191797801
13.596315438446041
11.991894651230439
14.057788773369603
15.327001276871139
15.847536555928272
12.130383246711153
14.597075687403596
13.08019559542693
10.917462066508339
10.741815838651712
11.480475497182804
14.327250226849923
15.092984763295302
13.978968442139436
13.041444139759216
16.39059598889338
14.432559340002719
13.195816686162983
14.44620686577356
13.646022851196093
13.543150425336155
15.60619285400522
14.837346204754848
18.48407978844626
14.432352650339766
16.36952701446954
16.390267756932015
17.204479082862335
12.919530028716347
14.528307328072954
16.500171162917724
16.083518033719088
15.805409425916071
16.891912179185017
16.253301614069876
15.447570438965855
19.236169242975436
15.50522882257825
12.453091189623454
18.510740400666574
18.551308732886305
15.584637482608432
17.252608382433507
18.967783143958847
17.570349149680776
15.740613546617078
17.4319412887931
18.590445006222716
16.898370367024178
12.621789154923023
13.62346094032153
14.86108184534537
14.912482969223474
18.14705148040779
15.704176260776217
16.90734639646484
16.059925028024328
17.790271395415658
14.325965759468316
18.37124200619205
17.545810518761165
17.765767903816002
16.95290377248668
15.234244434738324
15.506838785077077
18.409752852917734
18.04930449271997
19.613089202044563
15.20822605663808
14.488112893410088
14.822736490724221
17.644839014646095
12.585256554984975
14.22552543268454
16.744384592805982
14.9819608595358
15.913748308038187
17.081252129107124
15.204103334115313
15.18349818180981
15.008344939486829
16.123046137985458
18.1264848924152
17.228910888758783
18.1340458707084
18.215072384245623
16.664062529864587
16.7150864904371
16.547732839958655
17.518773205138594
15.265805824038845
15.738868222057093
17.620137009305722
17.625090871964428
15.059477443633446
16.981451180732797
19.690859699622052
18.944646004583277
18.723834134407827
18.088581327680465
21.166137171426985
20.238116359593434
19.00775037129305
17.94402957227571
21.42190703207888
19.33912864952943
20.11697960263876
20.05610677051071
18.778875287454568
18.807041447346254
20.750714487063256
16.309807075374653
17.398162976333722
18.567018100722645
19.917090978212915
20.30652654295943
18.744116113321745
19.97669667068153
19.99192023363802
20.17144555457697
21.359753776923995
20.37560701455996
19.1520514606768
21.88756973607048
19.65481431518919
20.112848828458816
19.504224639029356
19.008065635661
19.152288377030967
20.894973485632473
17.56009485909151
20.400906986647982
20.712992010004754
20.98869100374337
20.519118961763567
20.33672973994846
19.826781450795313
21.41520546373086
18.123899372533124
19.53729600367954
17.773754485200563
18.970591303124923
19.735698079158873
23.188001771642302
20.81483600412877
18.832340060735444
18.511483236209727
17.878213802293335
19.972100927543654
21.84244144847724
19.3970697693047
19.03601822307201
19.585667197635527
19.93215584032709
17.217377269502727
21.04877819522579
18.36137782425538
17.8872327553373
18.813271684060876
18.724709337986468
17.57718138491196
19.24908954280428
20.669570348061068
19.411777343454737
19.426211072407735
17.37806396646846
19.54188898304456
18.289013795826975
18.50226309666037
17.77994941121204
19.884219721800722
18.65343918829451
17.542045241313488
17.313863653709344
18.836736781825273
19.202188990628844
17.061566848007107
18.953898327975015
19.131232360223557
19.89521253006487
19.981012591827668
18.549442165600535
19.99288555117366
20.88960444343014
18.001570397587326
20.708507153325762
17.540230923745614
19.351681053352326
23.42702317788763
22.441840845254976
18.066435121235955
19.816325571942397
21.695289467608124
19.513895260337343
20.084955295147353
19.830355610976486
20.59302431528174
19.056728931593543
20.35694626577753
20.866831460450253
21.201376733191612
20.048211159127913
18.101128636598794
21.33831992066793
19.566022894502172
19.776060614483466
19.142292385810688
20.000666848640623
20.580430942052537
18.796969269827333
20.749007822583962
20.18051290525969
18.975270563447246
21.714643923373348
18.896378035249956
18.50164818186453
19.47408180576094
19.471704989243833
19.640977723681164
18.94395190982045
21.00258639468347
19.253463599353594
21.612763256916065
21.75034434766999
19.551136979431373
19.443770374578413
19.618099553515492
18.897806436913797
18.69572323424199
19.230780837573437
18.737485548822562
18.8010711827404
20.217633535773665
19.222067344367744
19.485004218575657
18.403538245474063
18.50588783975381
19.103333431428503
17.5861620100581
17.49288957418001
19.999645108739355
18.744158753335082
21.153161083384056
20.88736831833845
19.54192435298576
18.979587249466523
19.58926432347496
20.01279070286481
19.48942957832628
22.426190432122283
20.07230032118617
19.167557376080445
19.21979717545349
18.722471937114246
16.81109128052144
16.614156797753928
16.17165189223783
17.735322750830733
19.43141569821975
18.919151832117233
19.40837737984071
18.227448584386806
18.801294936960975
18.826877228014578
17.95645896063455
18.56123703563193
17.761925741299816
18.673551309052208
18.880319159712613
19.42625617011253
18.462022078006168
17.659825375698887
17.30903348819536
17.09424590277133
18.34640126788441
16.162469841485848
18.659548499630645
18.453370716665816
18.74772877087533
18.23173768636341
20.064612815344407
17.60068932680842
19.145904837210185
18.99292269247205
19.697087924902192
19.538186069299993
20.20522889099636
19.15102399485512
18.72340505646385
19.524287053563864
20.927972773150486
20.09920199278415
17.958618243470987
19.970117809892788
20.324969880447952
17.162769520890652
18.993309831735182
21.13325415511562
21.228382783403006
18.115383529946424
20.388835333648547
18.774563775511083
19.609334055758506
20.033876086581
20.380478992180464
20.584611409278292
21.627756156252122
17.95995288326454
20.04401794146962
18.476080842615914
18.750311224285305
20.498441433544112
19.694451016215172
19.208321072076334
17.961306323653655
18.0729529413408
19.297057223848153
18.27633273158973
19.52713676620633
17.035790670000658
19.31467209636356
20.33533001108084
20.549640294431516
19.703887441710155
21.123489134393974
20.647487486196386
18.09554360356515
18.930039761334495
19.70233557804235
19.848383700574153
18.625979256762555
19.010446840375316
19.89727793043416
20.82813097537776
17.889971700921976
19.044474928016427
19.692778334459092
21.532679061605325
21.194422689850345
19.716714831210094
18.98600138335141
21.274438767333983
19.598895413715596
18.61125148891736
18.656640027158595
20.709413565528664
21.434932392143764
21.80417391723624
20.22635407682003
18.57725470275338
20.323416194504155
17.645897609586353
19.254602775688475
18.477662517847655
18.85370003438422
20.026752098658545
20.0457956565303
20.696576924693915
19.4056934653553
18.00068371498144
18.92334525218571
17.978051021812604
16.69909351827011
22.270479336228338
19.27165324378984
18.5062969355588
19.507133223517002
24.245163285871218
18.480919612710686
19.396977075119864
17.41074583745841
20.20279109270304
19.536436083562318
18.401459902079253
21.614099310285983
18.465224626085615
20.22761615848256
20.09496343150056
18.98250520365647
21.395255540475947
18.166560881550183
21.920942365981873
21.26415527901145
19.715179473699294
18.56003196209406
18.725783585935815
19.612319703183697
20.948683989620058
19.71110804891488
21.569083364714924
20.544459659076278
23.604257014204247
19.885831265781196
19.451536121804555
21.341974896581032
19.45954906792922
17.089163569317048
18.13280298272781
17.351225654833733
18.817572914759555
15.938227696061807
14.999929244758542
16.170910706423058
17.14030233200233
20.197458337995247
17.731414184055545
17.606772163519498
14.638658739776755
16.004977356361394
17.181328685608843
16.935807708305365
20.055675202862187
16.41278443476416
19.4719966758467
16.438375451047936
18.19602236632242
16.358931518300338
17.910848835613336
16.22985359423741
19.51808298322563
16.90352272131312
17.608948681277475
17.454458462545627
20.067376505136508
20.267100145506685
23.138579072019752
20.169097136568073
17.377008634323335
21.905468492365227
20.72611847005212
19.0384821533611
20.416616380769174
16.828539882770965
20.03930103911961
20.19412248950674
18.90433641057333
20.57300600227256
20.909405288893545
19.76943431994417
19.298027599557127
20.244896879013872
20.456858250778236
21.484009536053367
15.667155812887602
17.24197186643958
17.587737902870213
18.56320981714419
17.111148634129215
19.621070561750102
18.745047086751182
14.20198539729529
15.377885592963672
17.316075962745273
16.930971606965095
17.65605982299447
15.941833181310708
19.295136335167317
15.246111830861416
18.106915001832768
17.59422903192227
18.639749298324993
14.626135078546687
13.066880045949734
12.960477530299393
14.007084346818807
13.170370229811294
13.15689666921864
12.258661226604433
13.659378925030135
13.385841249007346
11.576505125500288
11.225160648776455
11.931385617656078
13.833286267812237
11.441968542039444
10.59814399138472
10.905007962256187
9.668042267949438
9.24798763847256
9.529982609704017
9.240795898720267
11.346909739634354
11.696123554328599
10.87486950317715
11.706513391407862
12.525898550795713
9.545772442527099
7.216236915907404
11.421577201782258
9.480074362194264
7.979994249066115
8.84165536605499
7.483811738751126
7.864242395257058
7.722579947308267
8.137674247752738
7.71701963726092
8.054420332186451
8.004583467225041
7.500708863662376
2.097199069497891
8.127531901382243
7.284093386896999
6.691179785256278
9.074993676610564
6.49829164182023
5.001633184229842
1.9207404554928575
5.833590655335819
1.9110290022609977
7.216302162188467
5.82090433812295
0.6131362268502869
6.994091728908411
6.489816779716714
8.002095558036277
5.57216792192161
8.688521053164349
9.224845187657984
8.284390517366656
7.352787326724704
6.855149295868929
6.587955749534296
1.8469297126754318
6.249954864132742
5.145407776433992
2.0928488841083857
6.0901433246588965
6.411776947867429
6.300989270044837
2.0301287583170065
8.39547485867347
11.491875910377573
10.905378936176863
14.496324974230866
14.60243590798456
10.406893313075752
16.31126701882083
12.65316263374319
11.040093106888254
14.429823306680635
13.616832411016059
13.710592203199171
14.73445602639871
12.669563913268766
17.425343203232483
13.69232635670538
16.835884949192124
15.867586887564977
14.395401922405604
16.112755024674527
14.837975559230104
13.102374026690786
18.045631313195106
14.469784987330907
16.476337840884298
13.924664441090586
18.270894174052263
14.882115107108074
17.623959200768624
16.725327252468972
18.80548928083223
16.86437286489895
18.150666931836977
17.75641704738304
15.627696358456223
15.999314894553795
15.316535135893707
15.538218615196438
15.383452040207182
17.83210738578517
13.53766628057825
14.866675817042932
14.355883231798956
11.582470901087788
14.44573478645622
14.897212462752744
15.869744545888333
15.242506348272803
12.611092272126578
12.196597052670041
12.67697904547217
11.852221040532719
13.811880826009185
10.18175890748785
13.770974262078738
15.131968443144613
14.6441626776485
9.857040952358883
11.0014793976971
11.110685603208724
8.818913041356016
13.382367801370853
9.11650746261483
9.838153477114362
11.977883924788134
9.300172514940305
7.88719983344165
8.8441519881673
8.944985806434847
10.299397820534784
7.027236999608042
6.725480137043841
7.718795164776223
6.726534166436037
2.239118275694935
7.85718237412507
7.767014619487383
2.814934273894732
9.637228724311443
8.824833320928938
7.295647230510298
9.655518587097134
9.709679007669608
6.5113378917426035
1.5957382082048426
5.754756801106108
5.7678782999763225
1.5137608565177285
8.687216645873788
7.072926286486385
6.824928242189168
7.109222018819983
8.032533509810737
7.850037020781171
7.940834365533525
10.58473851103443
12.893565124923573
14.431702641388226
11.849321890723338
12.550251231880672
11.806722965080295
14.94574499236772
12.190988658860348
11.245122436090933
16.817170913136927
13.413919344181656
14.293551500071295
13.778201562374651
11.833958323099825
12.702607817675815
17.42794046880379
15.387342579910507
13.869267382933716
13.590771964983563
14.497894812570904
14.468239316573653
12.233600190441239
15.643428636347744
13.024977050229328
16.6463135843619
15.331194169105071
17.721142626262676
16.102408288660367
13.52119647671644
16.485713913366627
14.468260381318773
15.680698915760606
13.006043299492921
16.16864128063642
14.49482839219651
13.348285992126959
19.205118795528147
15.421331547558896
16.87016552131412
17.16893540696213
15.316192590270864
16.1694569706251
15.720150713757338
20.84856092443115
17.28269531668165
14.598282272366777
15.882477604868416
17.32510110430112
16.526789987574077
15.172381650426512
18.024531453112104
16.033271643589934
16.64077296699794
16.943758934256575
21.296049090552817
21.07940131602907
22.24262476683775
21.957051168047325
24.149393234211686
20.900388264395513
21.013194012882852
21.275605589577587
21.356539247401052
21.434561774672964
19.00240858187936
20.301106559197567
23.554294917829218
19.923798915099958
19.758663679810198
20.6025135015478
20.653522368662998
20.656351416653795
19.883612398322374
18.885151952102003
20.976309445110644
21.40761081949451
22.00783581864571
17.380380429011446
19.841809160099857
20.78231495743813
21.211716997613063
21.863137684307887
19.68257366407986
21.199836595109986
20.500182222542954
21.318007539725905
17.552801332898873
21.94712790247002
20.212011043214588
22.620542674304467
21.80805291694757
17.55793121195731
21.758872375265646
19.054335608993288
18.867964363676755
18.827230644523944
20.261045008542453
18.265016106119827
20.815218368895604
16.498335038149374
21.31732193403039
21.16937585475533
20.081600006802606
18.76189426873403
18.949734853245733
20.466160287157514
21.031708484585117
19.960888169171564
19.898254548848712
19.553149337881283
19.049221485379842
20.044084041422078
20.39285910817816
19.816520185776458
20.229379832955498
20.748615427388163
22.003187973523335
20.914758821407474
19.566001331575947
19.715523557174514
19.03882827115419
19.671934561905378
19.757872558070627
19.821825384423125
20.63987861937539
21.074207247837677
19.45550004776796
21.884541066389655
22.385801974032297
20.291438458787145
20.32724345811527
18.55560028937605
19.641365056917124
16.00693191430465
19.010619692537016
21.35408502940675
19.094633877284522
18.362913860123825
19.660881734166402
20.88514846321871
19.961626114154043
17.96960856990659
18.460229193170473
19.535654282686796
19.080186916579066
19.098995636232466
20.18287167174644
19.35100491313102
20.38837609727972
19.63768320851145
21.16931260091845
19.57695619675493
20.338457343385716
22.038170438293623
22.006814538103484
21.343548019271754
20.01641448482516
19.63112187379914
22.702061927507877
18.2538496558148
19.460635161077516
22.595680039437987
18.243779328096302
17.279778455476233
20.312425526652177
19.193375152336436
19.878662962104453
16.617982812086257
16.304624961031916
15.01347545784834
18.953560482386195
18.649817429134334
20.88500548088337
16.660975092865414
19.315443696862854
20.314438951616854
19.004839497544236
16.737295414907575
18.2319293645655
17.741874543147283
21.4034147106539
16.585125035309954
16.943134388026724
16.65838061829874
18.572525287478697
15.7483973491729
18.90767470203571
17.433034954155936
16.67064880604781
18.749851162309113
16.485928909130166
16.153623025159625
17.85768179743571
16.868090843705176
21.08205422352788
20.428069485126752
18.669068067563526
19.551918490673177
21.447887020508052
19.16765035347553
18.752367308621732
22.689131032212416
19.375887112926804
22.816468390824504
19.65590601047667
20.27699300834845
20.124559725052283
19.756484732086232
22.944811507134126
18.85652848032836
17.990642494686206
20.65007848514348
21.743600598415945
20.845295021884088
21.747618601650604
22.080644839171416
19.314561352228527
19.620731759149887
20.440590456375013
21.660871664013726
20.772243143300418
21.161806460769284
23.347337194722122
21.913241481912266
19.89595669527716
20.381862708872518
19.952795369422983
20.702027548169884
20.96823362364364
21.241187743763373
20.380189730372287
19.523641651428136
21.693271933784985
18.604110676800843
20.331638500026788
19.0192758859889
19.19147909255507
16.986912620705755
20.13964967184702
20.067661219782202
19.973570130109827
20.477249727203855
20.2269024944433
19.870380717127464
19.179442455227708
17.379754908648096
19.273538525695596
16.247365206655626
19.378109533693546
21.02648855692596
19.08825105189666
19.29571265555388
18.171234125746473
19.798368453361405
17.941944773467206
19.761968934859407
17.822591399076398
19.065162195889393
18.838406350371905
19.78678179338438
17.577223269685273
17.703326969852956
15.52269189999399
19.914450804128393
16.958429818276354
17.66367661379044
20.262966417052738
21.014105277955206
17.98047534309522
18.904411692220506
21.634361143272223
19.524498389507407
18.250017102304735
18.99716584845606
17.22433331468438
18.491587536967707
17.357454097883906
17.704608295607823
17.33230035094633
20.47341281638479
20.831400078582465
17.824281408071062
16.26248671704335
18.15125869561617
16.805958955752907
18.448056774262092
17.6885232473128
20.667245199953214
19.443133951046946
19.498492000080752
18.970771216394745
19.60886323489941
22.01251502998669
19.22172326259721
20.11035863615246
20.74905701222267
19.59408767983737
19.04208737485418
20.27370152556382
21.249098524655068
18.37114026819362
20.336150220897718
19.658222462187975
21.230842161328344
18.74152522599395
19.350249863649452
19.555985861809347
18.62403360309621
20.18973135881793
19.19975907333721
19.425868552624387
17.824021155272174
18.402593818757758
18.370311796427174
19.543836055702762
20.677164738091882
18.569571673990147
19.570187302301726
20.23424105597784
19.698183907816606
20.053853095020205
19.16290012070929
19.59771573285684
22.906266439429043
21.37025134372669
23.389602856519023
20.910314810455024
20.878867778796362
18.686690110431908
20.664910089441847
20.56417454797441
20.059659115769975
20.858580040950436
21.431714106551016
20.563642556777744
20.7486527346494
19.809051404890308
18.726141005167353
21.924016668071868
19.822097806595945
19.443527012952195
19.33097985302834
19.608113230468405
19.226609246444387
20.164345547706745
18.118947203047853
18.881009736597147
19.02644817055624
19.931364341216117
20.37587416828785
19.88386467750129
19.499724178673915
18.65387410521432
18.783920389973584
17.41270686964328
18.188777013636432
18.833579388221946
18.91928044168209
17.779582066401005
17.794310013460183
18.66408769192792
16.453393134070552
18.865506995139395
18.965243818893835
19.262828599649275
20.022445170793635
22.22828389676658
21.252572452380246
18.62907723660033
20.069541224154506
19.697586581682877
19.771154892108633
20.44972332394793
20.361449667367413
20.041791960101957
19.848515634064157
20.401243717184567
21.217647952576268
19.65764261560944
20.294328591032247
21.90302594655785
19.414420596639122
19.980510306208302
18.98466317090798
20.402550840678416
17.74060724737066
20.08176239765022
21.809157872039346
19.64921622641174
20.341276352280552
18.158409017386962
19.297836573460977
20.088336614599655
19.380034903344104
17.979224636132752
17.389039180269695
20.038586040638695
20.894072237650384
19.99735670073886
21.17143699345532
22.555351395919406
23.621335070172336
22.654190572820855
20.86293858862076
21.971205869683423
21.01137696268369
21.705593661289868
22.542176712931873
23.458366676050556
18.254667503150845
21.464073907330658
19.845475812219018
21.96689751269664
22.599520486544215
26.024395207092564
22.52612816153883
22.45330583996354
20.10418612911038
21.384572326633087
20.34345773270742
22.402508790711487
21.98479965713656
22.084762885138307
22.60568115141608
21.101027744616946
21.96817294313277
21.431277263978142
21.622944652705804
20.8798045059678
19.630653542187897
21.792217635761006
20.449380384986316
20.088547560669625
21.13657308259708
19.953075301686745
19.55646925019459
20.279530965820168
21.142142523173344
21.738315718984328
21.482931703095865
20.943270921205745
21.295590168828554
23.56099914418147
18.32552201332663
21.83925391920154
19.57925397944809
21.002276961144904
19.69868503080387
22.60544942423982
21.355220579684776
22.09774073878885
24.44512772103509
20.894019074264023
21.499510957090234
19.27362331560069
19.3360494111471
19.418056836365615
18.919171772715117
20.225608997847324
19.892270219712824
20.93378004590293
20.197701228807798
19.45405532625658
20.970658782927472
17.873047635992798
22.38139301134327
18.445851275798564
17.873113217113104
20.61404941377191
21.09773944949045
19.243210392262046
20.664224799097138
20.04687862777029
23.24940403978467
18.412732606920496
21.767119359672368
20.00999734094058
21.376992014068104
21.584617424009675
23.85784861159504
22.63260149847789
23.232815365623242
22.500195824727268
21.753325281525335
21.90837901394161
21.482172898300874
21.110783673326324
18.88545818252961
18.362385547459397
21.384569295037434
18.79033644970074
20.72882874272922
20.512052229266143
19.471690478792492
18.81987986333514
21.5290090538134
17.67316607968273
19.29148331735972
20.764611149191076
20.1222612589936
21.693594100760393
21.049612340267128
21.2399277785154
19.589474497969643
19.35424685728405
18.67165230847438
18.950653477473104
19.349209295328098
20.566131204498145
18.436545092093404
19.872416083088762
19.885361208704907
19.852118379383715
17.638778843304287
18.87826744614541
18.160070585237378
18.49208653397204
18.241043530776118
18.666806939360985
14.974029590055217
16.259457943409465
17.772763860941737
15.555203871310653
16.005950559377176
17.250556738729326
15.060508937081595
16.401246427425615
17.162760338037803
18.200476415075972
17.29722010510332
18.960954315713995
16.772284218585522
17.240416766826314
16.2670310850991
19.55714360004134
18.205802227723964
21.530025321322796
18.440548880093
19.207257602777926
20.06729020363695
20.783620743983732
21.06045519386636
20.054731627594048
17.44977402786271
18.558935196795012
20.615556135570156
18.780074154528442
17.92016745766366
17.205289511817845
17.84750706005218
14.002944808248403
15.958196937292792
17.087959134812802
14.921980877175658
15.88979591665575
13.162710426753197
12.193280675344425
12.789068854687843
10.939662076524861
14.80594390422794
15.30422072705699
16.821717598647805
14.606603616958731
12.7921848807496
12.878399110676149
13.83174563063276
12.153726635469523
9.408898645570174
8.059550121548364
11.131573995785207
9.43015808179355
10.923368821003702
8.777329229639435
9.98230593717012
8.840741614161827
5.855285828452459
5.16931219741146
2.27314972595924
9.710715314588565
7.869830309256766
8.61657190264217
8.51071533397538
8.693633057103888
7.60188851382248
5.985319981024117
7.723733755388591
7.893243832129206
7.478103256715608
7.7299535354342845
10.46213877802547
9.155208614472867
8.26407662324588
7.205885596058163
6.53097780625397
8.107881838413645
8.199944884165326
6.7794609501719805
9.131259069274947
8.150189435242586
7.039535603529521
8.583752611168443
7.874928872189692
7.217920374509643
7.39888812566991
6.196520263518184
8.234013999304896
6.319991556686708
6.6502248046027574
3.033298308407091
7.1082374968392354
6.945636956255515
5.644237845089722
9.391854073005161
7.17403771046506
8.241681654107428
9.417877649421623
8.310894747977331
8.527295355015788
7.38358573412773
7.659231134444532
10.391246707260859
8.67278877675347
7.177130463270469
10.38897624189106
9.215683311729599
7.722025733478711
8.49377616704974
8.984236823625475
8.427677404101951
11.67756658979561
13.151193238497628
13.875299073866074
13.06188087744162
11.193773764238468
13.370580941509855
9.523358528147895
9.723991964248848
13.246124012098099
10.525279579052784
11.357405685552289
11.596290506709474
11.26863495201318
10.30409332803384
10.35846704236221
10.419365126253512
10.499592865279592
11.097739693582273
9.716702311364822
7.798668278014236
8.614209384129538
7.521334028531505
4.794019758999196
1.8056558676987595
9.873011801014655
9.451306650421467
7.469687369746769
9.675922990276034
10.49402932821519
11.279905961118835
10.535689428605338
10.454244614725033
10.768831011791772
12.274013844492334
12.281961879803314
9.179832906236685
9.306915636609778
8.650329259410775
8.16575106117309
10.460499251473806
10.944642071115693
7.595494881904434
11.653824548698777
10.161857517424739
11.873936136793144
11.156491094413186
11.589981215327429
11.92377444968455
12.764539408169703
14.669856572525088
11.720647498222807
14.816747993602247
17.96145703552878
16.810707293686917
16.74527487057676
17.295347369721224
20.07554656424738
16.400358916567683
18.417350337749905
17.254388507763544
18.40824144468397
16.371505836033585
17.476786727543455
16.25487569958884
19.617833498048462
21.513866890109014
19.781537279645537
18.084197343260566
17.70749374064288
16.095581583842648
15.888710268661768
17.114600700794735
16.70126833019133
16.33140292432788
13.645946547584618
16.446042632522225
12.848559627725177
16.704976662321997
13.789513295297104
11.78630590485037
12.280169930586714
13.798712312810675
13.776063095294509
13.478805338744639
15.41527189994975
15.567667881584466
15.115024289011762
17.664712364703547
18.16198291154186
21.09290271733748
19.24629852426933
18.920988842286505
20.42060439667078
20.586887589563936
21.7608817744444
19.76668635025828
19.684257428610113
22.26797469375613
21.260325753444178
19.421621846025516
18.03914587696936
20.345395149736817
21.62018139098889
19.14685205918516
23.365224315480308
19.14515851432496
20.663111527262227
18.65725476385874
20.612974480004173
19.91780418676592
19.97590013705258
18.83353450791826
20.78709965944261
22.222885929411397
18.605490320913628
20.738010968662408
19.04849039710162
20.25283255087986
17.201930313663723
19.31609518433366
16.15765524167307
20.81219348617241
20.768285919989456
19.936778642905406
21.300997232069175
20.246959743083842
22.291957022394126
20.264660421878176
21.71851240615858
19.63372459132698
19.458750416176585
21.769209104756793
18.148059815827597
19.806184846446246
19.093178682350597
16.005931488462384
21.679894348376195
20.67111261858646
21.24469650010492
21.881075588891907
19.331175156213643
19.043709158145838
20.52993055265509
20.02295317866727
21.92765483051259
21.49270482679022
21.463940325083367
22.69140999291584
20.859483680315176
21.665194181228774
21.87294137860922
20.904695401002083
21.42427586347746
22.84671958551017
20.264042810312702
19.523544975172115
19.96377926605604
18.99667747339099
19.124472666005694
19.007142330749875
15.600247642903092
18.406736311655433
17.713042672395698
18.431273636085887
17.310659698403768
16.307351200505877
18.56474351256526
18.40021709272382
18.635207363095347
16.903238014551377
17.13082575857826
14.269676412468865
12.602925532358885
11.915129573656865
15.201655782047576
11.619405403293474
13.48912232377281
12.711026540492623
12.704234907048102
10.7393299444291
8.402477400952556
7.028745850027153
7.688991115214067
9.207653079465812
9.80689247963556
8.501721296841469
8.11507656295962
5.683918474036681
1.9966300917835569
9.907573467033462
9.736813317098738
9.536378533341177
9.97473683610422
7.100052787010155
9.031277171385305
6.168971670079658
1.986940628796507
9.378897109928932
8.93710991824278
11.053543349936932
11.779086878172714
11.47313969851356
12.344774324591866
12.319959441782462
14.167997289382313
11.632916322518826
12.677956648975789
10.153494259583475
11.882555479929364
10.467865780750442
12.922817499142718
15.229462371098917
12.245855568403451
10.721197031150501
15.20709071164963
11.385707339614946
12.782396896365402
13.74566177209087
13.711499118320937
13.798265384049808
17.369594737238852
15.787971723272328
16.8088339784394
13.817070331032486
13.72495062415304
15.675916785242297
14.018402541331499
14.19973755350183
10.961986536008009
10.48943457454539
10.947084245223285
12.86122563795647
10.42218417441696
13.0497389953066
14.223117537540162
12.414411302556742
9.848914035753545
9.027448661753438
7.601862871665149
10.076291134677394
10.434373030620979
5.608918776063104
7.974118549473341
8.112747530439696
8.253827773174217
7.352017526370187
6.545639521247475
9.276281385333633
8.078228624180941
10.386619319375159
9.494711566963353
10.961637106646702
13.471118798600042
12.001978957951792
16.549618330987695
13.561856658643189
13.33553492480778
13.806397597709987
15.407982286052155
16.019190381508462
15.904557923699308
15.78205773771121
17.78616319890995
17.646943757790172
17.638134529120386
17.134883411578738
17.693260918486423
18.873119910419458
17.33833536248414
14.520495926509597
12.585966349440945
13.873943678208043
15.065300275641745
14.312134397924947
16.514496927239886
14.027735277847492
14.955952622126235
15.278226288444618
16.451339664292046
16.449187383500643
16.908894918704277
13.80102490050699
12.31930274419804
11.008269340872685
13.375552934640373
14.329880900417166
13.075366624173217
16.479306232137862
15.543416644781269
12.975930025025614
17.064036369380865
14.895147114683873
15.287130899213583
14.61753135851104
15.85379443928695
14.262336210415041
15.184891757727991
14.143730150166135
13.427916501452952
14.129039371554525
15.248363493398
16.656011323040133
19.369547956542164
16.13145090569243
14.58056951346923
14.514630250644325
12.044092308497095
12.455334209408516
10.71463078566852
15.496315902837807
12.318007415306273
11.336322162520316
13.410780495294977
11.176997475223281
10.072852653597032
8.9237620667773
10.554442918241431
10.910415595903093
13.128659814003274
13.373726349511541
12.136950903316539
13.81770304438289
9.492236035842982
13.546234145274575
13.171806682536367
10.498894777562414
11.886351799845988
12.6768053915545
9.791659898090805
10.273106076647045
9.129187929060324
11.529380208792077
12.654818131919976
12.92474103576603
13.438529151735855
10.197354205333731
12.155677001511641
10.894757237598261
14.617622675435884
13.048847119269968
12.696908561789233
10.86432014748407
10.192439374092148
9.860533551925334
11.880212323367346
10.268264335502192
7.861905469085153
8.589849499806634
11.129711772536456
8.108741285973542
13.331555070710838
10.945858256101838
11.519837345795723
11.631724466615873
11.159677295395225
9.432407237862881
10.505412607382787
8.824568635857638
8.282576708550543
7.74495914215184
8.979160558883017
8.685837908566642
8.98986165997141
10.43999742080427
13.03070408913576
7.398041278418699
10.754484981547543
11.103481249428544
8.815333407764431
6.883658280586863
7.830248218498791
7.746166718200517
7.66678518774229
10.613599893786013
7.407420914258081
10.834595883786344
9.363959128383776
9.849992009635443
10.688459996366939
9.954645101402473
8.371816492220702
11.135540735471045
9.574209373976
8.732116226112351
7.34547951193915
8.648643613668513
7.456954583622397
9.333781799305338
9.246277947133397
5.892088596606432
6.42909768071681
2.0626915554159746
7.248782929145377
10.017706906944829
7.0810619037202205
7.978026902526741
8.939652487284723
6.311604976267813
8.69547247719305
8.606029129347913
7.021269115589871
6.826659354402874
5.566437445246046
1.2364001628108214
10.545261754686225
10.378435783244635
6.9793236503568945
9.392120619347219
7.742921874886681
11.177835069329102
10.110151265837978
9.04496630413914
7.784705678358453
7.0839132648623115
6.415823631387979
1.768727384615918
8.180036448400012
7.708322127288537
2.7063468449142256
7.7145838900555725
7.308610592921872
10.885245517421772
9.361887425602069
11.761973367972622
9.283319966145948
7.767272163910008
9.933101148955897
10.837187031664344
9.106418023769876
13.320831161879177
10.567971409230914
12.254835597937555
13.271228282847314
12.253151965944797
13.403152439559678
11.969828389974678
16.062503138264777
13.353169315318079
11.203770267549398
14.441005745594001
15.241087562244864
12.615711569234412
11.80043591858064
12.98576960641796
13.796805188333863
14.959454866879609
13.93071860456202
15.796289226906817
14.479377120116043
14.273510036083334
15.01121832332679
14.907064616918293
12.700300118083131
12.17138741047583
11.615299617725807
11.65238778915558
13.001944151352111
16.997363597095003
12.901818255340105
11.920053130411647
14.457832281845612
13.970975826312573
14.017014384506865
15.654191533503434
14.239127405926645
13.31469640303083
13.477811277090852
13.396720193328195
11.36443481994349
11.745660037114224
12.494525692305372
11.000695719497664
10.74762140521625
8.838462011832288
8.320733771113762
7.285479027926884
5.839496077498732
2.22868680080263
7.678217753387083
9.569752123496157
12.402159319476652
10.364034197047404
9.055874015663882
8.52370324458032
10.52061567349576
11.625800101636386
9.271793064447321
11.78251086815645
11.574203233700942
12.469399761173449
13.917891269533488
14.147274741784432
10.991007898457816
11.923901616401366
13.1616651512603
14.054149728826218
12.908313637260754
10.984491734710886
13.624898154605942
10.26468520008868
9.952478150132896
11.95312967325658
13.553279919912287
8.465778827405869
10.995505907218364
9.110141433851307
9.00959041433411
9.005901689761068
9.080258042313314
9.438430773951792
8.895673813310772
12.183119881164597
9.955521913494364
11.479797094953687
11.51321113183449
11.218895025314843
12.334933435470264
13.78330282511129
14.277100580607893
14.371308575861695
12.998396919763929
11.066006909678169
12.414010852341228
11.6038965123109
13.281951857363342
14.536121291198139
13.082127887102352
12.156575303024116
11.637044496829198
12.628902494065201
13.068434402790395
11.879078950437657
14.416281726756642
10.649797113727132
11.429616719252865
12.853544987754896
11.724736607701846
10.723820494916247
10.338703958565324
10.501447265332919
11.790438027508976
11.880961088649043
13.177188203529003
9.454363831164581
10.850514365474265
11.11777623714235
9.309650149827135
8.820914050985346
9.906428866980916
9.869087223903666
9.197022364470469
11.689192939896298
14.369531418736004
12.86961702082441
15.04988476740396
14.133692571955526
14.116638733585187
16.026325322881
15.47947217802585
14.81552940286093
12.73864574506638
11.423414605277658
13.197073010065667
12.056534030341728
12.691343630685337
12.014424623504624
11.704280562012181
10.581540895927294
13.334383661847767
11.164646025704377
11.968508978765854
11.029185610005024
9.675178631470343
12.209391325095233
12.493573594844976
10.457554542000464
11.747933724190883
10.58300271262914
11.577247850167124
12.616137964752882
10.815422374322209
12.371916852771857
12.372033549456562
11.665798801116878
10.502403253649678
10.349149270226924
9.269230912382467
11.590113589644652
12.169201047792466
12.382071260021085
11.48933219258065
7.856351008984291
8.118053742775926
7.343133954007094
7.356885269281152
1.2915836617167693
10.131176718642006
8.876316973189542
7.5016817600782115
5.921744268933699
2.39319468092265
9.448595633750896
8.521690155233669
7.7703156623658165
6.394327115753729
8.780296921601519
9.868439480710062
8.831148162594758
5.095043815295031
2.1342214247285947
5.50957957028554
1.632411456889996
6.22215379919598
1.4544691958411153
7.673271560954444
7.5395646438587125
7.240162020024868
6.264514802751934
1.7982134921103619
7.439216443533891
6.431706264128626
1.9216902201762904
9.714251329843666
10.063443427839536
12.66353192016858
11.01466665029026
10.68678558796958
8.994190676326646
8.774773135323617
7.8510777327157975
7.481269294403371
8.871447175789905
7.99034928696127
7.962013312479303
5.643545319260675
2.0101730364633172
7.8726717496223255
8.933289096716885
6.495778650183325
5.602642402640191
6.639346100070136
2.2526485076043308
9.690597998685533
10.00145735619438
9.76121577762358
9.506061814580647
7.707822126102065
9.398191420099035
8.049913657721149
8.58795271386926
6.651666803897943
5.720946550360674
2.4146955971324164
9.681643800384487
10.377023762545518
11.71627994349791
10.95325577443895
8.891939569157845
9.181953886804003
9.775016922275904
10.059682265652382
9.176783811188148
12.44670431122989
13.747647020656771
15.966400654355363
13.419009461646665
19.06710791337843
14.221911290876605
16.22964048075628
16.454174884655032
13.005058117062378
14.411802887023782
14.748419732874632
12.201277742319876
13.175796498711435
16.57577966170543
15.18178117381549
17.11065044516767
16.284993561558366
16.14905248191048
13.756163434389618
15.54923776514373
17.727492866622086
16.697298867722097
13.73693096354141
16.237744352177337
16.769174898862413
16.73684319486179
14.49089531031279
12.908297149833963
13.70824023303466
18.072292713011013
19.20339309673316
14.985834915620815
14.767402528766613
17.307669686014616
14.835155508457886
17.113906501361946
18.378725832869293
15.672773714670114
14.43229959944569
18.087933157121434
15.471743194220938
17.988256485771778
20.23995211493169
20.430707226804667
18.939837169787648
13.927608086809206
15.348286812748517
16.738446843624587
17.58755959686779
18.04394732127153
15.902213730939499
13.387776282408653
14.813913143197057
16.45771365446668
17.56999619482278
15.403237248675286
15.55806932040313
14.855208014492645
17.368748286456075
16.20530425349354
13.737645246808146
16.997516275035437
16.073616693761924
13.618232029769699
13.89814465717796
13.463893215515744
11.227710520332312
12.037919271937326
14.747180303667607
14.543009281254358
15.288132381391014
12.223911426843054
12.987721092650858
12.000452464311183
10.860224632906311
13.04716076540514
14.34957029242196
13.393713095928609
16.113068784838767
11.82592149912022
15.014543331495258
17.9064359819944
17.789057518610967
18.534921247072983
17.28951421317102
14.708621485604812
17.255107936201746
17.501109186693014
16.737768331154687
15.979605310615527
13.85939679362228
16.377091287342942
15.762517168877874
17.559192504178952
16.80266078562965
17.838233157558204
17.365287165896966
20.858847549867573
18.458873962794513
18.38401299343028
20.121437970480464
16.123123089295557
20.66819987873995
17.99029511344452
16.828150426932186
18.110544811319482
16.644795169312005
15.991325050875545
16.594069026481613
14.958701055592154
16.21166770126577
15.485280655371655
16.960919338148898
16.654426543096953
16.79635615751192
15.98142578110387
16.69264387398203
16.79959934984695
18.30818309592519
17.936534030164378
17.919232345389865
17.206384572571046
14.26698299394939
17.87482086956946
14.905128867521375
15.117587794062755
19.438233773372186
16.9327501772387
17.889017967418777
18.21421462081872
16.073658683746096
18.431813816195643
15.931198282365905
14.627802315020555
17.347572079987156
16.37947280193906
14.593056847791743
13.827932906577834
13.327760054738931
12.70409430529501
11.020480099923057
10.279778208504734
6.878496488959174
8.66353542758025
10.904684279305604
13.09332626294638
8.962725657074188
9.68091369223186
10.737307136267772
9.748723860091305
9.245325485387575
11.350433603006167
10.106724270521296
7.717933875346294
8.8340012545503
9.528083168601707
10.623361083141662
8.31591515075977
7.368271111500063
7.43106279171219
8.132140005048008
9.208543105381974
8.713547566734114
7.2850510318993695
8.417418786292668
7.833995225539794
2.072382151633886
9.937588551698012
11.827414004828603
11.461183673899354
10.35233390883943
10.601420138552651
13.156113832519232
10.598517966155178
11.331964706591007
11.898572444856674
11.124632849116235
12.631018820714742
13.10133297593536
12.509755682894044
12.755599708296769
11.067543851331068
11.338265493686
11.436467699764954
12.091492323290327
13.479061195428445
13.958725635451461
12.998834316460298
13.169908038836958
13.756827656219015
14.234232044225955
13.945903477448942
14.78013943636677
14.280479781913954
13.144500463286843
14.910353789944118
11.695411629851167
15.231191687068904
15.46727208589409
17.922774859438853
18.366728239925195
15.181831595235256
16.287238118680108
17.196904404785872
15.7251840025659
12.906138599473977
14.330543293673273
13.433659305119905
13.873501842359818
16.914433344072318
14.908858569358555
12.811531778953958
18.230155627192943
15.669144810863681
16.563460174118312
17.843178489157808
15.190891219600369
13.499490935843541
13.504438643193895
18.223974699321488
16.175602748066023
14.713449938896245
14.077561459111308
12.034004661640465
12.39326983718546
12.11141702632886
13.655722562775752
15.87947798425802
16.70101531706414
16.130387458455218
17.836814927511984
18.739580112552602
20.091964301479134
18.024047903344396
17.292519595824352
16.82126528029891
16.42766222961767
19.471933315404687
17.766817173329425
16.080802677668405
19.71084899841681
16.946856410966213
19.486292419436737
17.17061131567218
18.42411627186356
17.92232525548972
17.776117744686207
19.08550275062221
19.265635247779628
18.755970308350545
19.548605127485523
16.04735955649466
19.482934948391748
18.46423139041926
19.635646351237252
15.219598510122056
17.818512443567904
18.871124125879838
21.49545816859446
21.548419701685386
21.333377308243907
22.419492233598433
20.008975117872467
20.27124745262207
19.283522782163573
22.919792258853906
22.017389895701175
19.790654679799015
19.372032526542153
21.873251334481154
19.450367565233957
19.05246151175188
19.817845131257485
19.27703806646383
19.905804713541198
22.088368666898383
19.876989320246945
19.113235941557296
19.807761957921556
19.218369782000075
20.55854391892509
20.23564543194583
19.485932830982204
19.744370363886635
20.079964477348803
18.73389519970232
19.14404340318622
20.522285318738795
22.435811527005946
20.560321515277604
20.829078495629496
20.551984341901157
19.158609313354145
19.7953642461208
19.646544636594445
21.650330458375233
23.766153288463205
21.70669421492955
23.530751627051472
21.08650550357165
18.792257972212905
20.865460084636922
22.010872191743786
20.589594356214825
21.28652177478195
18.94557590664871
22.379618311088056
21.34785200098249
19.629214355690465
20.163455282768016
20.18433712742386
19.054923765114054
20.670128160972013
21.47244565144867
20.488802192011658
20.089776727721727
19.756990847615903
18.69381278139984
20.39213289628896
21.813798127030594
18.93174866777362
21.195590697790156
19.695730645215942
20.23642997500944
21.909554026344107
21.254241984233264
17.240796713974365
19.265319694236812
20.232123989478072
19.079271955180328
20.13192669834781
18.141310566192143
21.489080082521923
19.533490341720366
19.35214116076089
20.630820339786837
19.346437131322926
18.723271708863265
22.486247032692283
21.132837848802904
20.24807461747142
17.781501589682257
18.636221206284127
15.483479343234215
21.083631402943713
16.947045082000837
22.24327020039197
20.338896336523728
22.308698633977972
19.889164159173458
21.34305145046122
19.995041586686703
20.086273983482634
18.557724271784156
16.673843570460782
19.370913590337295
17.9495042060874
18.68886261751972
18.686296438779745
17.699094493325752
19.92925172794041
18.570807117470345
19.305629570814514
18.222301340241145
19.393129281410673
19.518427214778967
16.90032529695812
19.229064248982827
17.877406255412822
18.863212140972156
20.008133048937992
18.455208297689076
17.036790700059644
15.05498514447531
17.22890571560457
13.986334785477794
16.596111176336954
14.573145983799462
18.332279162471007
13.302400244269787
13.69083242665648
14.877663733677693
14.16502233338948
14.594096281211424
13.06313271060162
13.438340235658409
16.18354882468002
17.0995720129251
15.265050217960386
17.13418449227577
15.981678218316512
16.89230729016281
15.39054394444236
16.09780153889262
16.559177590624497
15.077057498324796
16.584869053862832
17.920574839753918
17.053416638046954
16.569388278295584
16.95873943403486
19.194504099403296
24.347775960753008
19.52047646055466
17.970621086770915
22.51993194874473
20.528138076573374
18.86587000594551
21.379859228915752
21.71849773596162
20.615897208133877
21.119709754693904
19.753489275986016
18.440365603470973
15.724600052420358
17.850476990765273
17.85216451296366
18.67589522465426
15.971756703705578
16.282611323961156
14.85742158673019
16.220585208951583
15.302664310068062
19.34008233184331
16.150250674923313
16.687863880062437
18.68718281395211
18.808900606996396
15.09821777533639
20.352422799238575
18.174524259832452
21.7693253071523
21.98421340153622
18.44229983282396
18.670629737387962
16.400940082490603
18.10206934779079
19.200437561950878
18.52241156016189
15.336255674691094
18.322536305654545
21.60750175865231
19.037839709538677
19.823074547036256
18.79164844580383
17.320445502966187
17.342685022642566
19.895456524954124
19.67853472910714
16.835709792389974
15.776864311206495
21.27539629599826
15.837635248212916
17.772570302124297
14.4432825937042
15.311806210252154
16.99773837560841
14.157244815650634
17.760465551536782
17.20102713418448
19.512886956997352
18.4538315460288
15.399424986191264
15.811604932292038
18.28548003049364
17.395526541006042
17.112552507909275
14.921918211869984
16.286563892671335
13.587163451304493
13.316334309738014
12.560202614647029
13.251914061684156
11.234761820007783
12.440257175900092
15.833595850246727
16.007820168753177
15.141088061953957
14.05815321735506
14.857076409209014
14.765005520789018
14.496899812031653
12.921690047193906
15.520410062381695
11.956821614145557
13.233236293420681
12.546399162243725
12.455244545769283
13.253994875237439
11.983292593210837
9.717282533818103
11.34627315928902
11.341706241810881
12.501299473396621
11.12291741470886
11.921525838656612
12.881979715287686
12.284830185054751
11.810713798953113
12.669256253558205
12.12095319597473
9.90511389655835
10.177690192182226
13.084495873076722
11.15453793362051
11.630852464812182
13.15358258305208
12.291617449021542
12.373506106264655
14.635968851717323
13.127767973997333
11.304454894872407
14.430962039508305
15.909581552151689
13.226887930235916
11.69730243776457
15.02146528005294
14.754074724943507
13.155871658732174
11.806152947843197
12.762808695563592
16.93148075314366
14.070883518485125
14.81782791552033
14.614370063615207
17.179103884844018
14.668148481411258
16.720092187010547
16.93155407556538
13.643382399301377
13.385698283099359
11.80110889466155
16.25305912050457
11.011199643900639
14.734482220714414
16.317366232385115
18.159406561210414
15.731052971340409
16.73143578264361
17.940430623809505
19.864702980146358
17.63466162819186
15.677261472712944
18.120976515717988
18.15178321858778
18.985376199741225
16.870211555821264
17.25542949888909
17.814420242653014
15.382206640138355
11.35637882620805
14.756525715554291
13.679192013669578
11.993868350242272
11.720670465717744
9.469085023641789
10.65410743298025
12.555471920985594
10.336383086888112
13.86378882696721
10.976702718823374
9.917643311310862
12.391344784241163
13.507856130899826
13.231629904302062
13.846700127486713
14.165350925783198
12.01416341596533
12.98247946006726
11.931823411332259
14.815927168416799
17.4078003352386
14.49077964643869
14.477338443770018
13.30708535681838
15.178545312580749
12.56491069308634
16.71467056562537
17.547904667733135
17.889706407299297
14.404597454676455
18.78584329082069
16.999762502064172
17.38047027446596
17.58425765652994
14.161060000236139
14.179191268262024
14.006106828138883
13.964062207762884
15.835989327779266
16.219943741002673
15.222183912948818
14.687714539803032
13.676222805423992
14.289758277891632
14.14169866218242
16.25390706859135
13.648302853004399
14.715937695156263
18.109396019172152
18.01182514996434
15.575080531393446
18.617082991633694
16.465610469762183
14.809016414183073
14.694740505396572
12.515899841528048
12.767246731801748
13.641380731540655
12.949225005579668
14.781672447543274
10.678255484803527
12.320468296615374
15.870438608208989
13.175472754881005
12.547937918014695
14.784429842108272
12.486029651602104
13.100084318861107
12.988464906616743
13.619611812883356
9.932285482277713
12.329364981759214
10.432699931390976
11.149460172144682
11.689383173751946
14.791944606068371
15.121953191301532
11.837454633359119
11.177082460226057
9.320929098771343
10.142706409046827
12.07664766129961
11.173491195812526
10.50955877354032
9.269801464254444
8.320427320576556
8.622044829892472
7.554691800834542
7.546606085838595
11.3185120598133
10.602377922354234
10.493624162549432
12.37137102679158
11.263952357925719
11.606641517294179
8.584613885903762
6.842141388303717
7.532475567011009
2.265061115950549
8.78528922331113
9.03588381539122
8.035186547621235
8.766093883309795
9.197749627857908
10.638680149381912
10.960292633851122
9.541841089963128
7.705966312409342
8.706260134973936
8.928934296682703
7.289311699752097
7.4088876794968055
1.8777771186775685
7.913871475556888
6.200787296115478
2.16849215934782
8.074462727543837
6.385871465707817
1.9485644004625824
7.127187568906496
2.412704774242016
8.436945195937533
6.530442444358218
2.110735617814966
6.923567288762971
2.2506039326024805
10.429465772995977
10.51483776745962
9.311516483645368
11.547602727653828
11.595746023498464
9.65128670076236
10.182870048468379
10.013460093351968
9.861341101244767
10.134635690223318
12.090373526284441
9.397557312249548
11.429412405997216
11.391102655894631
13.064055595612315
13.773889636204396
14.070563769846872
12.566862464789427
15.537152395264012
17.77514454616148
15.772895631884202
14.064874810604323
16.26701572546594
15.128775678713467
14.991228847046997
14.89247382468569
16.56998469611722
18.69705674509512
20.288613042594232
20.51004214701377
18.86493157585277
18.558577267983246
20.033322310773414
18.763977984358377
19.04309466866482
17.85303585743464
21.642102747507405
16.599647864587293
19.88673705841575
19.610991377743098
18.527440786627764
19.971567679002657
21.317736179890375
21.857334551377278
18.9509362587701
18.42059550812442
17.48014335463376
15.966769812941855
15.684749468946475
16.106955006239694
16.177262029513063
19.884400059708092
17.237862031732465
18.515816894493028
15.978003928804387
16.995493187915475
18.735018681051358
18.92245019398565
19.792977389504284
16.950246658238243
18.494498043631094
17.59452286259921
18.281978637426686
14.945130143261009
15.228854399186604
19.98896361623866
20.658306339528174
20.377687276992035
20.760626003815048
18.195198394190896
20.83539064321663
18.63783633513783
16.75466985213152
17.87012900837656
15.910517423152138
18.08608546803957
18.505206101254426
22.894209532193504
17.97552962758741
20.165524803194145
19.39448767403506
20.988069616731174
18.45343034147836
17.88476202974032
20.9269120676656
20.515655053005542
19.485335336241224
19.61842313028445
18.86943073595312
21.765047911254836
20.797995010014997
19.627078272062462
21.711914155995874
20.512948376070167
20.010250797800726
20.855921233113815
20.349268535658375
21.035367940941946
19.510609060892364
21.446587345515336
19.232548248961685
22.160640149850554
20.018555965054098
20.595097206433046
19.18923000770009
19.117630261937446
21.019205972008507
19.649092495187364
20.218248439813582
20.98524234590105
20.018946926276918
19.843890938074153
20.823320610735422
20.019690466310184
19.77880053594299
19.671882683131102
21.147226970570802
19.021463343519784
21.086759944406296
21.10683560837549
18.961368594126125
18.903015407645587
20.420231328167617
18.902646627040156
19.40418639556934
18.48569145930067
18.936652232566207
21.233018756861938
19.499390842427026
20.712872400375176
19.00695473221968
20.278087946945334
21.319869954368674
19.493898792209624
20.859103354666992
19.87450900444859
20.83359646559376
20.973074251372452
20.806345788602712
20.01615018773103
18.86183045766579
21.456174065733133
20.26237896439447
19.259028434681476
20.808847463703497
21.03517370889556
20.901568845202963
20.42331553720215
19.755798346201875
19.838054648743835
20.97622805162604
19.158228091228796
19.853367286651636
20.345954685133545
19.37847303283338
21.975722981047973
21.062272550053823
18.275694585833275
21.078202765790962
20.864369470959055
20.70309892776822
20.120887493283572
19.30088348007194
23.194589430244207
18.67203987039484
21.7844950604389
20.840977762121693
20.60954581109984
21.40527007326074
21.31865571699577
20.29737858005291
21.636150503695024
20.93810673586606
21.990169988028725
23.327669293130608
19.97164513558446
19.688238084272612
20.24304685231398
19.658516166573506
19.942079033490085
19.879729721790785
21.602836394394252
19.331031765265895
21.03573892661172
21.576686749461334
19.644381200256454
19.982198841038034
20.976590950164162
19.434361273210076
19.49283477343432
17.93315697593011
21.831362834123627
19.684140234717304
21.81944436310121
19.60148241440832
19.26384830963582
22.385952681705813
20.61005944137342
20.87539166806963
19.883319200903102
20.45196757658497
19.405197836867156
19.79867699408593
20.717136262500567
19.903620965226626
17.966218518148384
18.225108314154127
18.517478685799052
18.83722767944916
19.839380302557036
19.646080997304384
18.407655843466507
17.152395539868362
19.56451544100293
20.141456141721342
18.879103681175128
19.447599602401844
19.389700432705563
20.371303912875646
20.194370887783574
21.725737986576295
20.591915333172985
18.90819356772762
20.69139866819842
19.605633270990754
19.744580526224023
21.112304002874275
19.113340965952823
17.699409137450306
19.3839825863873
19.66896406810246
17.75236746910719
17.50488664860138
16.44144029056325
18.900421592067218
18.701892134901833
18.014016836206515
18.727558459471723
19.034966792223205
20.149425866952676
18.898640128417828
20.353419606537145
18.35878666972014
19.49340569482528
19.06435238916221
19.954770496108928
20.114453263328965
19.359631896893767
20.941780413926516
20.60201480763339
19.16167441868169
22.204380091297008
19.472071343955026
21.688459780161864
19.4651617088287
19.610738430444822
22.936606849839333
17.58687507418008
15.247200646429475
19.003020733745345
16.13157930191599
19.16627808628802
16.83549036380095
16.133347491477554
14.733594063064714
15.656735039770965
15.528640466175629
15.925726291995687
15.276836300115274
16.837251315351697
17.124653945347397
15.381202506454379
11.809482330991079
14.682722222492503
14.33290164624673
14.277915286417846
13.762136999807568
12.827585168429165
14.854275743398722
12.21438535984132
17.812022300651257
17.01945098984846
17.335361350602295
11.197008092134704
16.36068225795571
16.793990365744424
15.59255898342706
16.638228145736885
14.342986799003498
15.62374553977578
15.832252544039097
17.221889032028034
16.415223617638677
19.689028579359817
17.36314833454298
18.2363581177292
17.760886988572835
14.508722014199058
13.005034808697959
16.94227252766491
15.824340173466664
16.953328158909077
18.49740166196971
16.187138842294956
15.936915346914585
16.76017454497495
17.230214672073277
14.74678793825987
13.02453846377016
15.670619453114073
14.60379791457942
13.915610419270333
13.723960501539509
13.593580852144601
12.45773827840504
11.721395052323135
8.074520659542213
10.819686394508407
10.882093653549305
12.101458138345627
12.71373289806051
9.405978151662204
12.164622546554233
14.37775737681855
13.56969164875422
12.240172446882756
12.387919892240122
9.663318611179182
8.663115607128454
9.37346984463534
10.769680939529614
10.83160645519424
8.404492158968035
13.095128781692821
12.71281696949054
10.33614340558188
10.726856128394497
9.77723773654035
11.66057978490041
8.630992771827916
10.384833781319454
10.932432933468437
9.426298680915258
11.415336123651771
11.424554390729291
11.136080661677866
10.335612649894209
9.67041703371582
10.42238302798519
9.454136015182847
11.695658129414674
12.377950286477214
11.627960679140413
12.634370959941593
10.971155533958628
11.480691722888979
10.11316188410809
11.995236997513997
11.36561026668273
13.16276621103357
9.922181208103233
9.160744928663837
10.055123337415411
9.623416397243853
10.51577123137454
11.958305053023329
11.691846173395625
12.68039259267838
9.604012226230632
9.445433336153991
8.253983233750743
10.209658263244682
10.87526216271072
9.236998249316219
10.803344313379366
12.532396786621325
12.755651052647286
10.901815522686622
14.203894367758668
14.038642584643917
13.700660087071817
14.906344353239858
16.98757361770789
14.00592447286075
18.050948462850442
16.82230837057306
18.4863640335828
19.397554175534903
19.371754069110217
18.287777198735757
20.068452772293448
20.173937400325165
16.334549522581618
16.97446066911124
16.118438372643396
14.913447136082235
17.1003552287956
14.111010547319506
18.16429662466567
15.89516597332442
14.607316365909863
14.664583427303834
15.63629788843575
12.097330738147889
12.786661257620633
16.604141554674655
14.807153329036831
12.83448726890697
12.766371474900701
13.281150594904206
11.845365880542312
14.91562872761002
16.574391338319284
13.627444642103013
11.48766607861725
13.446159490310748
9.070898757439432
13.146155298242448
12.714577455548735
13.076873804488148
11.345653494869751
12.938711849749827
14.162468211826747
13.000619604609323
13.262682913463678
11.91250664147734
11.662054752404202
9.830414670967812
11.022999280069211
10.638401218230456
8.367479273581974
7.526024894367672
7.11144719684139
2.5436908957623245
8.81184263937463
10.109608110110068
10.669186600201005
9.307665529317326
8.011984307994835
9.639900119613179
9.677526269919477
12.066609557484723
10.548225803621337
9.409990100414122
9.562300688403232
8.253920167385827
7.3625725422242425
8.041534236903837
9.096200523764775
8.735836298126907
10.785328405103963
8.90724886153264
7.649165287111861
9.760865433317866
7.649021509720781
8.231788462350774
8.181319739011116
8.123359913893655
8.31721374677796
5.554187108620538
1.9464341258378268
8.219432447588439
6.488369313553795
2.0611094576509403
8.004638483253784
7.209434507778698
2.0834413262730522
10.839912869929604
11.00996718534541
11.934469768969779
11.575328527108113
9.593987143973177
12.320963744507653
10.70086430453987
12.31337182345384
12.363342744947493
11.787082855041831
11.418552151643476
9.736587204844309
9.979413982564965
9.442933332866733
7.917894848315919
8.446480662573741
11.593438201376962
10.087657817920622
10.616409057784672
12.12146565259071
12.821803945276203
12.736779544336873
13.308839615122467
11.65560387235666
12.13137716208072
10.713535604426227
13.761264602035979
13.860368098121473
16.110985824036884
14.86165182673888
13.55595461427441
15.052722194851452
16.262864709275817
15.1855298651218
13.92460992461441
12.865238455965045
13.887293904606139
13.998277916359394
15.086231301002282
13.331629609992698
12.100140126988116
11.245254576506007
8.804971020075493
8.91808444318026
8.11635318443398
8.709540706664862
9.304281778761773
9.850111060979971
11.26023737965223
8.848389424023829
7.704599418838771
6.776844229286993
6.063628395134726
1.91859760722862
9.764142569554492
11.5989527980184
12.123568799722367
12.558084223072566
12.69900520969353
10.792347202499666
11.120623078194502
10.647733949861117
10.780396300521915
9.497176371145136
7.806831251229355
8.951198077743006
9.363792590676429
10.452688328863507
9.826702285809821
8.207576202306663
7.23928763123724
1.7552083036019022
6.513667860932108
1.9844468421057617
7.456741281546766
7.660780351235802
6.591736363872284
1.1486519481183564
9.029339045666084
6.9981854056653745
2.2946190949252867
10.600388017487452
9.010404979383752
8.778304091005474
6.616118516993648
1.6280397184631727
8.68798602981431
7.811178119561973
8.190458386533944
7.082378131721286
1.9868484370480481
8.423701067680897
8.14104158360411
8.323540858049773
10.22744425073546
11.901997248226886
10.488475655504555
11.231472732296243
12.270947600148265
9.859130458699985
10.116744825397236
11.14980272427877
10.54455694411583
8.34357064449432
9.647802240345952
7.71291489392199
5.891669601755061
2.194854502764016
7.39054815442775
7.8034763587050655
9.495683019893457
8.304493724044615
8.343312958185573
7.9885939167422775
9.1853766591355
7.413114183701703
7.995812465530875
2.26219229893066
10.118057234140277
9.240691333954006
10.769723485396538
11.187856544839667
8.709263708607045
8.803562074683512
8.579592084804721
9.36441937324546
8.83936199183751
9.12897310182193
8.846750621041393
9.07350661138494
8.139816071808424
7.538410551541414
7.170153038508159
2.0377843433523943
9.755195419669247
9.283859950209324
8.906698390818775
8.052593133152875
9.42807518709223
8.891584108208827
8.684832574729304
7.677123937660173
8.303611422106368
9.071114339637651
6.723193980469879
6.428871335995341
1.9410701364018024
7.6587995976922265
9.888010517427084
9.41987604745725
9.311074553571176
9.87512575300282
11.82593820472266
13.326506917552855
10.95971164779232
9.3442897985603
8.678870864472962
6.4292222203428855
8.571564234136648
8.159580371262955
9.13074679698835
7.487568288801334
8.515421524049955
7.994252764139342
1.772772259719126
7.17223798602432
6.195787613908857
1.7400501264631791
6.892377759768123
8.97350478299569
7.002237159715671
6.770406625112196
6.614746194848064
2.2722343605834574
10.672194518906034
10.564127017555032
7.794276436501217
8.044294007958241
7.9084173871860735
2.203254221054073
9.193063865693754
10.351538214108944
8.558769277254012
9.810458215835403
8.480694333172918
7.743781258258789
7.534533929824935
6.238356426493782
1.6693993661153632
6.112812107972063
2.048873217783591
5.696975088272461
2.212491430843128
8.215737051528016
8.959067270846708
8.22774074948763
8.446359583078378
6.616784161105118
10.405272446593322
7.110650511195648
7.975710038614243
6.986006498913968
7.550920455456434
7.453317941763029
7.046401353389302
6.433305748190271
2.3180875223780877
8.022330777997725
7.139703982069759
2.1352278947552303
7.660529309589359
6.047555679167837
1.8574295769607798
7.151897833014207
8.437871277103362
7.947337287755217
8.496824763151421
8.891170599539224
9.43095877976781
10.351648125716874
11.991625027286517
10.512423234769106
10.404770108019019
8.608783623330988
9.709130588098233
11.273321858679155
12.17587967485852
10.658457899054344
9.717665994137437
10.398617862861542
10.140510127408861
10.402737288053919
10.112667664233665
9.437826954909935
7.91882573795155
9.581360941956804
10.865912821793248
12.117802809796414
9.691964556774714
9.00376176881061
5.418728922030821
2.43569615532248
9.01097489892058
9.061431740178387
7.657421233865381
7.2051023935781515
2.0841764009954344
10.159805895418264
10.66352162457682
12.788874331993998
10.13044814770743
10.192874039458264
8.241102766216006
9.175524857267416
9.348656269917882
10.254183742700747
7.429292341521657
9.944942221113036
9.546765074996697
7.8878710087854405
7.487150556363758
7.143474350319751
8.487062977297265
7.5916258700894454
7.243307445604152
1.9275400120668074
8.728813474211357
9.296014430176953
6.9925792692528494
9.160020102811872
9.774062298138954
6.72374701276747
1.7996372983415014
10.192552004094452
9.183575345574427
9.468728582170238
9.041304327919326
9.408809730516188
6.364835451629008
2.6176212252225017
7.617980807647984
8.946809616062023
9.170235769389762
6.9081480022727195
5.635711348413525
2.1410653376942026
7.363915725772911
7.876408728491237
5.606109056600956
2.0172971931669688
7.847575739745834
8.243024766702563
6.6789624443665065
2.124226263927623
7.668261231240842
8.09773097377893
8.98971978986679
8.980228472102583
8.860770856801016
10.85495688048781
8.099302013900875
10.863052486963975
9.714210799122954
10.215003825546317
12.134199147708737
12.543425401797402
11.606136728883754
14.13624799120654
13.193964744543344
12.52099664953956
12.967520702943236
14.735912428182244
12.635296833156207
15.050669775839419
14.5140030668893
15.635974370489288
12.219966800897195
17.979973599553492
20.14923368316843
19.057564336001896
19.01551036681736
19.971264530272627
17.015191733985336
19.093874483354053
18.682042562004376
19.500093580821943
15.432106852884797
17.487994632459326
18.62145557610924
15.790450724515054
16.45422392211446
18.19891494975366
17.763308091635174
16.367843358567892
16.804273626564523
15.421399991002026
14.155564864708571
17.358666613899718
15.147991305677277
17.65887016635755
17.042030219279837
15.095045097359836
16.937717773355466
16.300691059983144
16.70272166028377
19.014208986922064
16.924389684084403
16.24973325712633
15.286032887989291
18.035898272295395
17.770817544545487
15.688013192002288
16.423502803947358
13.570209510953003
14.528530745021763
14.957790147953903
15.621965585771765
17.281911737809345
14.29927224431463
16.77174591796483
17.363715377971683
15.12398874031941
14.982680887956974
16.083160935909273
15.516410333799804
18.728790042121627
20.702777398655126
18.990322876631843
17.409428399381408
15.962861379785428
14.148984735022236
17.215331018821633
16.426905229482724
16.90945805778402
15.914367494682876
17.3723818599974
17.57162648935133
15.876989471643139
15.433561443726733
16.409165832959125
15.614468469955936
15.595645715433541
15.448954431718262
11.52025205479862
13.35548325826376
8.757798939230815
10.247934664840528
13.924614987192088
12.089296915943084
11.431175876811581
11.951758988100991
11.387442990444548
9.453330806168179
11.812560258289054
11.419461543838969
14.435853888321528
14.572076999740204
16.816296971789004
16.333908754481588
18.164196490912104
14.551818356953708
16.340073726515154
15.152125512740993
15.896012495820843
15.866792149119872
13.900659632200592
14.902910496825976
13.31929624894668
14.052232463593713
12.305438610095798
12.249597046211449
13.6598597434172
15.024845051670724
14.265767786872814
12.440618243614047
11.805581836815882
11.321321514237075
13.293781793586755
13.67691209028948
13.504228711509969
10.999016491758614
13.838385270299113
12.414203068206819
13.550485979716477
10.770835655021845
9.889025576715541
10.143661525214434
9.769920232113945
9.489571436718155
9.986217700972558
8.1386468395221
7.809603362867671
7.405521812014911
6.325478796701391
2.3203881698607325
9.330990726297237
7.805143483207853
7.371991480937922
9.379376459125035
10.527597914242563
9.792079483780824
10.04831570062351
10.175781075992763
10.407449070125928
10.111914253436396
11.61832291219675
8.288480053278944
9.874336468710412
11.628015316275528
10.408021992730742
10.87415517103849
12.966689682061762
12.580948169458642
13.752881003585962
11.68949537676253
11.298885591744433
16.443812985216447
13.872742403119325
12.334132779368
13.711244152016896
13.587677138311465
12.587491937289625
12.416481665387218
14.594966771897436
16.268074364180777
18.611192640148452
18.52689097523516
18.76193297655245
16.235623105068438
12.609886003824144
17.347215270824783
15.895869056858109
16.400575483328783
18.471645757598846
15.436150025212003
17.338932439202726
15.455223105906047
18.09681093658765
16.13323565375394
15.825552160552416
14.459955405244134
14.512333684584105
10.841164339672307
9.253533722907822
11.512283894811764
12.020370994970808
11.439342250750181
8.852308046616827
9.83966756398621
9.937276831858261
12.367882789693184
13.089635773406343
11.059496065234265
12.763052592842168
12.45092064733222
11.753084870319723
11.658423882795699
11.255861669727635
7.924929742591453
11.060111603902298
11.196783291593261
11.364008498814922
13.013014115570304
9.7056983641206
10.598928999729683
10.515113102683628
10.450308093860528
8.737843062385034
7.702236154182329
10.027444926407279
8.32034897034653
8.460621603485631
8.765082471572038
9.85070938265957
9.837438046425406
11.341188111584522
10.684960272608198
10.660975655590626
11.588088516049405
10.355666602065295
11.227555388667945
9.412329569964536
11.934972085451024
12.619208749246946
12.133290748432813
14.854752241723029
13.42013971362694
15.855006751184531
15.6153538482069
15.359924384967284
15.681687227965075
15.255705672672248
13.032582178158506
13.410038189905174
11.273884526356067
10.75902353767777
10.525955796422211
9.530638590601857
9.663805641924347
7.504339923095932
10.432995190569907
7.59106678160623
11.926908243624883
11.621648967605557
9.38166350637286
9.769631943048413
11.643965300765798
11.504674643305371
13.88673829617335
15.233046186968034
12.67761898419004
15.363862821679067
12.801695329548869
13.862883684894928
17.055077132053967
12.998945240902847
12.147851627641007
11.73934750637074
10.129748590826404
9.665949943046966
8.733073155160396
8.545700642861819
6.504440886911201
2.2395925251111177
9.100581159449245
10.088286621805679
9.61958112284815
9.61623126117908
8.921879570229361
7.208279099582684
2.122452103243865
9.433549179700771
6.838487620875553
1.8383548798400255
7.310424773499071
1.7346639429778672
8.101774144416176
9.83317403369119
7.255094680388024
5.7538870064634855
1.876543691747737
8.936814341524368
9.306065019833826
9.171879513044763
9.469538591615184
8.354178265815294
10.274826023148844
10.443674884697584
10.60804512905986
13.842979585883953
11.240983281587798
15.025387640064086
12.78273871603151
12.868584148490848
13.153715664159014
10.120440614306554
10.845664584164046
9.788464210908904
10.484263369721006
8.494065181794948
6.907622738535488
8.681840619028163
10.89678090184753
10.199825817414244
8.791830563241241
10.515294621707286
11.18252070435845
12.393268159609612
14.150769991530069
15.319259554914682
14.297982242797877
13.502366259161727
13.618512650426636
12.1361515166556
11.717016364191387
13.031924530693452
11.247694213292766
10.3785589133972
11.235140399796476
10.530431423428572
9.992332459869072
10.047927720834766
10.821607919476332
10.630511432033396
8.563498783100492
7.717838869228607
9.13399526364286
8.057620320460703
8.146976161203577
8.082906888486782
9.306740149378806
9.588085958961134
7.443937891401024
8.951458228442325
8.878998112165513
7.398707096160261
7.085836992674308
6.973713918579877
6.272027837807618
2.7819043700460333
8.702718015042791
6.631558492103348
6.823974720937541
2.0978467003155608
9.923838496741748
10.615357243003697
10.83034357316021
10.420036088008455
11.563632456541828
9.765092750930808
10.22817000916984
10.853290153551567
7.890895373353015
7.5790989493416925
7.704915198483528
7.759927392737976
6.406764934822894
1.8702678234286387
7.36745606178519
2.1328709147367633
10.08591198065771
11.133475644717906
10.797414416215958
10.68531104593804
9.284072349381185
9.814365234243175
9.503411839931621
10.036140129792685
8.738424643814536
9.86427436960487
9.018111920661912
10.914914659710815
9.644511719552634
10.677124664374018
8.127265536864401
7.699627320692031
7.99081731818501
6.049379673035038
2.242711027114323
7.904899006206985
7.483305083190867
7.638829227104007
6.500367430531411
6.936144765270864
7.880881595841236
6.942909889570849
2.0502108378437613
8.823810505386994
9.662247525891637
9.420181756253072
8.025994786636685
6.6648872291324
7.798311107254791
2.2817317269692072
6.76799995775457
2.1290326822604446
9.583767429824304
9.517044718668274
11.353818650393832
10.299981067910464
10.720494880563992
10.324359745221985
9.562979758427092
10.51492167616516
10.560205785321218
9.616850029802833
12.405357745529567
11.708626333446215
9.244714826571311
8.628555485808914
9.588838026857337
9.255578419857732
8.531771535708511
9.98346758792438
9.559122316023231
9.218707665903025
9.580031087063034
8.922546457922536
8.40708401006108
9.163373961395774
8.406671799580437
11.26892415081822
12.171809777545816
11.392611237411629
12.585946123038434
11.805053746903154
14.248437375565643
12.340639996355844
14.066674614847157
13.83914757073325
14.648908533208326
15.609578083885285
13.703665445033492
17.584978801175332
16.04521060172084
16.408142721171387
12.90868411026823
13.458754493797123
12.675542585967124
12.060321686630713
9.765847509837243
10.985241104196845
11.78362013966426
11.568668121459101
12.022467863149302
10.93536733743611
9.86064215264468
7.432013378234237
9.365407540778918
8.678263750102856
10.25877824116515
9.647126346690804
12.23133710471356
10.685841142897011
11.855387978192057
12.363705461072662
12.498616642722437
12.848534762316287
10.53944354648657
11.465180482974759
11.224259078709148
12.888187792758634
12.238291731492597
14.316551772809172
13.189306410226251
17.291042405022264
14.028117294695875
16.529804530885414
15.862382901329342
15.239747008186983
15.979025684173571
18.235808826860147
17.27991950945229
15.53177520750645
14.896348922291295
14.449188865280737
15.942003807051012
12.81213758542516
15.781716537536854
11.527741054686112
12.803203313024367
11.504890478574872
13.076718524822718
12.808681646212436
15.377603876931925
14.33441342645537
12.086288553773084
12.0131129060402
11.645589012348506
12.766508747765556
9.947514160485921
12.75890164711707
14.059645119946826
11.7791122022912
13.652975617081815
10.75793111056878
12.822410515626734
12.835072766312075
14.11592129695484
14.332315832655953
12.381193522154758
11.862614964926722
11.229138895848811
10.665910249687307
11.073479400578675
12.0078587630837
9.981112664625234
10.340745277827764
12.124701501519231
16.21181788520338
14.235051986805276
13.476763271659035
13.519654200286636
15.536601128820548
14.75029555242794
17.16160188551662
14.884061099013072
15.353710680220034
15.640523325937693
14.948422151203577
17.802998200060692
14.135797629374828
14.673787020124491
15.499069777934317
16.83409564801909
17.512629547229597
17.587845182023127
16.340709268999618
15.612890895555422
17.280935368130553
12.665206100469183
15.950215597847414
15.685221489311015
13.924431624127548
11.788065262964928
10.498120189576069
8.633685121004826
11.264604699528828
10.591620694481334
9.749831485458055
11.489656818201603
11.149366970034082
8.865003459008669
9.343734921770507
9.620936444063691
11.94582384697866
8.787149844005214
10.958807049833759
10.98022896679986
10.103241724542892
9.289045239964956
8.60165758332621
8.005956871077444
8.310384669732287
6.807067158943672
2.3086926488781803
10.934062850386377
10.679003951027589
11.3566470929179
12.372559640426132
12.860076919183706
11.859340538748933
12.910606045841835
13.136409136980992
12.018390130083382
13.156346181565844
13.74850044125496
15.090963020212804
17.07201354566118
17.650910598221476
16.388344715925495
13.707768523940276
15.662638877635073
17.424487852470765
17.402705204428194
14.775252564800162
15.530803644362464
14.954270834545376
15.315441532034296
13.551969082306915
13.586363771700206
15.749597601784526
12.782258363608463
14.000551961674587
14.127960789153429
12.791999675046481
13.743585000130482
12.07102597126352
13.632329644140984
13.061372299270909
13.434421618270216
13.252715456722868
13.157338869785185
12.761580497360557
12.262063150468256
12.44724310807405
12.516835698936074
14.062258381377227
12.429116244420662
10.266656247672293
10.201350535737033
9.871276474882233
12.201589031175672
11.444293359657074
12.775622925370037
11.824196439556854
12.552189498466774
11.414015658256348
9.694681398761519
7.6600860441802805
9.532462661484026
7.3077883373713055
8.656525964928251
8.004001621992575
9.775805593448267
8.63608197995889
10.912659068527805
8.09105148274509
9.044449373860544
9.969603586719824
7.576637386969672
7.656512537991904
7.887581454211624
6.960648051816171
8.2506265930356
7.147386186516647
8.328976633745684
6.902306735497407
6.416893764338726
2.3878338762146423
8.8990613291785
7.645103174847232
8.310906996755762
9.010938325964766
11.340479511430914
9.373587016347793
7.150140418206343
9.225050621730263
10.248225514377213
12.007057353886388
12.056231300970397
13.110418854318487
12.208983969685418
14.188477245894415
15.319130734272587
12.73743525896115
11.380351816709648
11.54357324203454
11.60693134915602
12.099151827382851
11.707268417817344
12.406039868320013
12.759706206736043
15.84890533148769
13.49805745781728
12.335918241012907
12.91174225470663
13.228921363322629
14.477116710993986
14.798916614926927
12.184468516789384
11.51427325672652
10.693198344928211
10.854857229675705
10.911638838931596
12.692598746293205
12.89757496569609
11.9361400893581
11.931432480435294
12.317538184893692
11.628159978617958
11.167180188155765
8.709466811738913
11.810329697285592
12.330478530430735
14.354571148235204
13.173208210121796
14.427380383914024
11.781665090232778
12.504212744112454
14.547344414472454
12.654553684534296
12.578085914918116
11.989109951786046
11.699860270548779
9.277842108565316
10.953999726407725
10.74044413299839
12.52825554523062
13.52494939548998
11.93066888331869
10.679115577481829
14.169315553372673
13.953545663707189
13.54544940539415
11.803223396223258
10.92287256890434
11.96512645709377
11.81690325982185
11.572108471756058
11.399319895115502
10.06961858516337
10.342582387996089
13.646261442069717
12.292287329691813
11.113612541825034
12.592625454426543
13.499847115933838
10.450621884922636
8.89302391047836
9.838905013726484
10.399680390208726
13.583538788854371
11.476014114240767
13.131426207250163
11.781677827733834
9.769843703623948
9.915215117852853
8.726426359494813
8.764700355617801
9.794114692764088
10.449387092862043
9.761335205067065
8.724872477178833
5.261501981957393
9.826218031821536
11.955755375946405
11.287238046824884
12.416943377360752
13.05328991689172
14.46935721429984
16.425284516629077
15.772078806318715
15.952067531190027
10.853735828491592
15.30797426961832
14.09373889134434
13.972564467087645
15.042894715983135
15.19844050274672
14.670536162463929
16.777165462903124
15.375571588902586
15.354946661620582
18.56244555464399
17.094356291152014
14.651955753733937
16.56894498684349
16.546718182295677
19.009202397526902
19.603431099943204
20.583969931238236
17.77830226908183
17.254477717997496
18.005094731083876
18.610231401743544
18.48996453272677
17.389667211588637
16.472836512623505
17.42691335740422
18.852812343824475
21.658420524513676
17.268187133130326
18.611699307042073
20.515428269243053
19.51352292275937
18.45802033770119
19.032637880153928
17.452743236164494
17.54063870628647
18.94671674926862
16.950808334131036
17.725556698378213
17.37669008179581
17.125459667139005
19.50925358439539
16.177805665744106
15.60101018406691
16.76340168704636
16.041193619367533
14.357241403451354
18.89737838642229
19.77269423842396
19.013776576910573
19.140453540673644
18.569238222559363
20.639778071716336
20.49670541425669
19.46972756297752
19.48581631743844
18.344430221032162
20.49130970730552
19.645179725868843
20.185170225936172
19.93886526148342
19.418808480505636
20.906154060798634
18.570097006166932
19.89709080382262
19.385292090018925
20.121380623079983
20.311066377042366
21.171308103310906
18.31146310598796
19.002823424733
19.577873663248383
21.568712306981098
20.518181918207873
20.06598754584493
20.225833488907956
17.789841967967316
20.219712850473847
19.816647627975797
17.24637921473736
19.104201395918707
20.033384406738875
19.641804618320467
17.488237911395498
19.363477158090234
18.154901352575877
19.66458639559985
19.096643672368856
17.127206720543246
17.508962338241233
14.570615993258022
15.265599443708775
13.446952167831617
13.868257208234287
13.74887261479657
14.431590551424794
15.71743337042137
13.068673376851692
15.23126542885719
13.702348074436223
14.936333964163824
14.628548448915225
15.6962762944756
17.988494288985354
15.303182960719985
18.346649686292487
19.759771263380433
16.203282900563867
20.99675860295415
19.428832855977245
19.975063650805993
20.838146028355396
20.4516069179443
17.089244853512184
19.77344930073067
18.81216489104394
15.327723830281395
17.433591232406275
13.385987358817593
14.729609230029372
15.297227970898078
15.516180111221857
15.307608142990663
16.300739009619218
16.454285116658212
16.771796059921623
16.890419542488324
17.728860842125084
14.430844989121784
15.96755414450223
16.032142397247956
16.513039349072706
13.873392425931412
16.561318880239863
14.405256116434535
15.873014517903751
15.526455872009684
14.860335985627831
15.264693586247263
18.346160750525875
17.494890379847224
16.549573169812774
18.850757952758507
16.34952392277886
18.90244750171268
16.106206014418596
17.42254916684775
19.04768469499421
18.73413451772128
19.08018451624416
19.801913067491057
20.837743540767644
16.522485808523783
18.537178755303376
11.455504679090604
16.199849540525747
15.194548972931816
17.90235803671214
13.476224389953382
20.92302550575261
19.21846494076689
21.13712147954674
19.03865106576258
22.102788583430478
21.989784603369507
19.35752828487449
21.239673408067812
20.085213035221443
21.53683375401171
22.293095473601877
22.538526697660075
21.814334964590657
23.271331501823504
20.514987998050188
20.94690284571295
22.022828686816442
20.247371444971442
20.081882025653154
23.179994587258296
22.19112229190642
20.80854617001552
19.803394319778967
20.948407413387983
20.017732857063685
18.360926245314914
17.761739971369014
20.600085540506914
20.236836778471233
23.746780029100506
20.600358235245036
19.036105549409918
20.73982621472262
22.039886695380066
22.072740292459436
21.34704428337973
21.49566325007278
20.207999031308706
20.28263172876602
20.12885720690634
20.488374065321427
20.027304210997524
18.729113059268943
19.890830338957016
20.3939697282325
21.755153883986726
20.005038474016903
21.336554470786343
20.78687197231387
20.627534349299722
22.93817858507278
21.20445095836791
21.758330478016532
20.595511429909042
20.972922442122538
18.207862452467023
19.633462857502167
18.60914318755189
19.944919476715757
18.978325162421218
19.67967467944355
18.782107300896097
20.416704337604756
21.05932905777482
20.66589471512145
20.27596689048204
20.591285422286976
20.516151698336675
20.16964613336421
19.228463276300158
20.06354404018653
20.277986422075045
19.300452432552174
19.18846793420135
17.259230035652248
17.664926866667194
17.40006098939732
15.08398940294114
16.351096726673763
14.697421558662514
15.628168315595909
14.026599363841042
17.125585308722176
13.782577909976172
17.452389265935615
13.86722416016588
16.53798283346247
17.781814970738377
15.518916076701089
18.27501214471012
18.262490132246924
19.96262612875553
14.783388780463318
15.294016413092047
15.414442958958928
17.056669456359202
15.943792926444665
15.763654001381742
18.106483257267904
16.264471261135714
15.57000676990408
16.806446877463976
16.532789869024498
14.25946366498014
17.79804866053791
17.718602709422836
18.01982550268262
17.224271167817726
18.050694193690493
18.04653536628054
14.582970255653938
13.55872738912527
15.428460225899604
13.596657622107134
15.084041386410675
12.58812611300341
13.365613102679818
11.4020062852773
11.551301190814238
10.955247018531589
12.884962155217886
12.742682071172364
13.981647894930047
13.105757108659935
13.731934609404052
14.14654923762885
15.389662265662382
16.197011368325075
16.37806734324201
18.093534839244064
15.519957270696203
17.83894177412284
16.44926198942265
17.858675386167718
20.17201972481735
18.21121038535082
15.454738192745742
17.996299341782645
18.042524898151584
15.203832232795067
17.536364966862546
18.893719847474973
14.721677835268531
17.44903981295419
16.077031297771942
16.31881427795726
16.397490334529728
14.752916712008581
14.016577862953973
12.420025460389127
14.139703727315004
13.311141614800007
13.42713549814242
14.951276593315693
11.37670066548411
13.552570295184823
14.595668494961636
15.045733698040895
14.08321910071237
14.723527237596667
15.707126868875397
15.27568273608971
17.18089692767079
18.658983393866432
17.18655188683953
13.419329994903986
15.585798361052053
14.932044694785471
12.059459942277512
10.405745798267631
10.784693329058701
10.70963466240859
11.721409810719859
12.489307653519354
11.387897327831993
13.952425440665532
13.027787198558547
12.853924187400281
11.891019167508372
12.120201629272083
10.883014226288463
10.29172092564395
10.593920458909976
9.400471494599634
8.08169572265649
8.2361960492348
6.7568194565790956
6.650847350560167
2.1138076747187466
5.6955614647726724
2.1715167483966895
7.996662289379047
6.7414714112091545
1.8383721535670883
9.77185781338478
7.980868584081419
7.286925264958553
6.75733492360912
1.9110534578176561
8.200884769048692
7.681758357234712
6.911594210591631
2.222995365733781
10.527916159988743
11.355427144715291
11.750625301828178
12.76230450514932
11.58662652759453
11.080407174370844
12.39542265159045
11.323994688574764
13.591529324409551
14.715954772326326
11.811055891862964
12.620121503818222
13.90826083739939
14.043885932448436
10.991412858191238
10.523527377560855
12.353237603973147
13.270437219854786
12.733107654667037
12.071936776417433
12.198269573036676
11.811257643379415
13.737848454798472
14.842543672032244
13.948089328459965
15.014748545569063
14.09896512253215
13.503022878676816
13.689972034757043
14.069171799026101
12.482732555394913
11.045104488878057
10.223608080348203
12.550516727916225
11.33014578976521
10.82184267357756
11.217867299915198
11.454759778671242
11.147236621056342
13.488303450770415
13.438248700565506
13.695953967602154
15.841204270862205
13.04395613556548
16.565441240733442
18.01798406309136
17.301340844133787
18.5612194545985
15.662382172625309
21.37485612627251
22.55307126267667
19.65473740842848
19.32285342056277
18.50120002653853
15.174002541204416
18.432940930049202
15.304135381539242
15.921720962279696
16.468155927573093
18.288836283162905
18.901344908092376
18.671660782269612
22.031077831672423
20.768296758152268
18.675098638434967
18.509731121736955
17.6100025318685
21.06584711486553
17.269215627789134
17.946350782367265
20.449143349777774
19.027764638408055
21.565594821135374
21.62390449583779
22.47354843600437
21.337468720297906
22.016871143793917
20.175587037712457
20.29709917612655
21.38273407235061
18.922988793984103
18.05387960394791
18.705752283082134
17.91317671549133
19.68462003980065
19.796101483014798
22.485610806720043
17.618469573333865
21.942018501551004
19.87863361557856
19.75286538219475
20.53298205434137
19.121629329020834
18.61130934043744
19.845484174152727
16.683923631314418
17.908512837816495
19.202295680931616
20.82460800451848
19.422454104628933
20.707574330309505
20.034061818584195
18.110207122303052
21.9054997173086
20.313546158893544
21.008201979369247
20.666572490967912
21.53536487414546
21.085762952183668
21.437419260809673
21.24490015387503
19.78020485363178
20.373207809787285
21.734455975455088
20.871909657358987
22.466167965396085
21.546509282213094
20.0925174990844
18.56882714636322
20.652623898903986
21.087686822671085
18.245463582996138
20.36093920592953
20.743953333673122
21.083693402387
22.210740543521933
22.727795839606824
20.482945347710576
20.890513366124694
22.55727000397714
21.333190120240456
20.160571394546974
20.67479804766997
21.934607611514586
20.6314331742978
19.43968175908908
21.64956324714509
22.442419877405996
20.431115494277847
18.327158459665867
20.70131832232109
19.666661045529725
19.72648613258549
20.37489571349232
20.050010415380864
18.391853581915843
18.220173053609614
19.79257291433049
18.772553842528406
18.925677432668618
20.607273336541045
18.926787097215467
17.842689455048447
20.038069083043112
22.02222594355643
21.332769976150747
19.720700281068865
19.56608346607318
20.029624462828707
19.603568335287072
19.16597511409576
21.424241759189133
21.711309528336592
21.43241399588712
18.888838609705967
19.17862223104159
19.48934594937348
19.967076139450654
22.169980199201913
18.776863829093372
21.349931373494382
20.44547933684667
19.475164781607415
18.57609056536733
20.928024887000618
20.781985045359715
19.23910640558179
19.442403809641725
21.125354476100217
21.018456890405243
18.99489666832211
20.25056193675488
21.03719162807081
21.30202284615106
19.78311021554474
20.31428302838347
21.294514922292393
19.75295286117129
20.62357395417395
19.947554691927724
18.99731995390514
20.23766874792023
23.40497419560111
20.0976438925614
19.228987606505317
19.107129163293354
19.87712245834738
21.13593717072122
22.307870632432913
20.203968322422288
19.08263391627182
19.234566332040426
19.582162480816127
18.893525811216417
20.268693176627046
20.479090884840094
21.595041804908515
19.81485928857827
19.24167508260709
20.926660710266344
20.14180239934574
20.431351953023064
20.97746355498552
21.338237556059095
19.819811806037706
19.90688047691358
21.2357476945385
20.37577357470595
20.810871568598653
19.920596587929033
21.557210302299758
19.834503639332556
20.469384268810703
20.378747110087083
20.568520191483362
22.733554095707262
20.99249449295204
21.37721153037998
19.515701901869136
22.33715737136047
20.449808268842954
21.819266747156334
22.326430009627682
21.822189124288403
21.590000087987033
21.226765359625404
20.36292743897837
21.504472003434095
22.273808473867692
20.933969977368385
20.909022157924067
23.51627401056864
20.161067892456995
19.769490855601102
20.49643688573485
22.179093958179664
20.711616388972715
20.72490527880189
21.49822808200143
21.1726847379382
19.265339232837434
22.683693811306433
19.410439140014823
20.47391298934121
23.057795390534576
21.207387985843663
20.751894948372723
20.593066451539123
20.886993385055007
17.796352458068448
20.045195398324697
19.56343789805981
19.305614006297198
20.21240689676644
23.86036945155369
20.849659483795108
19.808222385110895
19.24266668144609
22.657272805272314
18.988300060948937
22.405517720021212
23.494844177406026
19.536385005037495
22.577839008534863
17.539165339286477
20.711770926297678
22.13769438432608
19.141764960924267
20.11630235689185
18.656766491548833
16.979452907571403
18.526880880334243
17.888469344314924
17.340916239083707
18.683694569680444
16.923938368214085
17.857581269986262
17.850195456747233
19.42316412863217
16.532990783878542
16.190794902320015
20.324255388991812
19.662438234794283
19.387008701251226
16.446650163040623
18.288497195560794
17.274069531480272
20.601443766102793
18.3861951808466
19.53541772734351
22.23198161537623
19.699212337316514
18.08203382230312
23.178017644158
16.015368882487333
17.420108243698976
19.436179300791924
16.476014038862406
18.690912001316498
15.242209969603868
17.13138055643884
16.882398123255793
16.73266051569886
20.337559367370197
19.269199721542037
20.12759071662138
18.019380169614596
18.923908965316897
19.13132523431597
19.239327779889944
19.49339793162999
18.168734685238157
17.90296205866982
18.215435026439838
16.5650594699474
14.028894556878184
17.999369190917353
15.69952027069925
16.59249765337578
19.34868984517242
15.767432006298298
18.830903339535308
15.77251493078085
18.632914184591126
16.26158950730148
17.053483004079766
14.94971789956702
13.855823194712228
13.203532299385248
15.390764398718932
14.424939915066327
11.836847410570064
12.02183446242024
13.341611824654315
14.902819846578664
13.230245574564314
12.423944148454954
12.502093126718776
12.012109272601238
12.546737689427918
10.474069901363698
10.543022038820666
10.75423698675031
10.479979068582828
12.321424944509257
14.733217564262054
15.024674286466967
16.54129244728966
17.055755579110084
16.304458033177767
17.805524318441222
17.80770735104904
16.014641343436043
14.021492011734033
13.925457556679758
15.202385634838977
15.599872964287254
15.036253476298697
11.550830671395685
13.592596395928444
13.892886892757591
15.772663941999397
14.448705317747674
14.423971539191411
16.307673947014614
17.8095686520066
18.877202151843402
18.552975067336565
18.236962744958507
19.895885938483303
19.349149034924658
17.19948285523292
18.045006620196414
18.467936379893054
16.264533805160223
21.42361731120436
19.92194264790529
16.64465770802253
19.766241451973663
19.307840175743465
15.117396147254794
18.222982361090743
19.50283993537603
19.242439914943592
18.56381894323635
17.07265226292466
15.904217674226546
17.47471118387282
14.780334244947664
19.90700481188154
18.68831001579277
17.04057194470583
17.33065241950524
14.87804991497393
18.32379542080785
18.410575375430437
17.243850869813627
13.545466339816391
13.331953732814965
13.393828967544493
14.181991336923437
14.859750741339946
10.969507820460919
14.478413797446034
14.700108482787773
13.805142759889243
15.035525948592571
17.13542451900169
17.63018685964656
14.262926217933575
16.29956799118823
16.70259085710722
15.947304801376863
12.700704839619306
14.08618980228955
14.095873216419625
13.640067029891371
13.456892893931942
14.88092586729353
13.570609988086625
15.097039217287689
14.07620281181016
14.87996690388075
13.541024460478281
12.129723504320529
11.138730288026437
11.941212179034082
14.921730742353985
13.838872939417449
11.918521006797928
13.441707531607038
9.919645754431045
12.244394896726513
13.885216697373089
13.202704415321914
16.213677316789155
15.26310073248101
14.579237851123846
13.921009000570407
15.202001104957317
16.592751627143073
15.963030694026864
16.150750263493347
18.349713251885646
16.858882625812328
17.187066620136513
19.75776830644382
17.247202300121714
17.60959415364456
18.167055244943153
19.00471823811165
15.429109786850427
15.474382328332734
17.682606176820368
15.153853561262235
16.698745579649064
16.427642495493046
15.8598779315001
16.689103007102418
17.567800717580173
14.656103598444819
17.337903824781932
14.90333649781131
14.640217228400097
13.60093568880656
13.167365801108708
13.222750613184413
11.535621539305504
13.231042173102324
9.381217670537941
10.240578641224431
8.794140641823537
11.854927886028932
11.339060405449281
9.845857503853443
8.028970955652584
8.045394372913172
10.483138405172387
9.7270351902891
9.84800760098112
9.36493523421969
10.348679442453918
9.971884948274852
9.39398199600977
9.486389826116866
8.807762757846866
8.039008335589484
6.7738598786494
6.159930904998725
8.590251288450945
10.907762147776666
8.773889966809937
11.734997071490776
9.591669049351612
12.091783119005372
12.641717409991967
11.03622685758288
11.01538218336883
8.822424938967107
9.008457408353523
8.279497006186967
6.867476399731167
1.7974833172180509
6.925029480774431
2.0269765701545084
9.699286254311039
9.160303255736403
8.958021157524678
10.466387809239652
9.633591812279194
9.106056417694441
10.472443199525284
9.977220652646267
8.623026519827153
9.984645532253346
9.654647467216975
9.76439397600296
8.948775435115067
10.032032079348175
8.376003711073906
5.9483139175649065
1.8207383039587304
7.19022153856028
9.114383555165972
7.313869996210903
6.779069105585816
6.908550116000897
2.097779845814286
9.066901964295434
8.854405823223935
9.191376403009908
11.487383315872052
10.157315489314803
7.0406001153484015
2.4353033065912544
8.774567087586027
6.52464524872612
6.386560431999073
2.2258654134404914
6.17884634188435
2.4081585269183354
8.609644806862168
7.519492532484963
1.8447018527129964
10.575965319672786
10.694607726038655
10.539360144835182
10.279292570073979
10.194551762470736
9.963671611923594
8.94407864093218
9.784480755983896
11.16648784066815
8.79569571994556
9.80268486452118
6.9871263108014166
8.14750826669165
6.9704540475875785
1.9780613548537178
8.786561506895307
8.877670564545193
8.512217029656796
9.260081126545309
8.70212347175592
7.418676774422767
8.257205176280069
5.952112389964333
1.5870687134648715
8.433445266770978
8.93906615482069
10.285908683660415
8.116699548819698
8.67238668747273
9.605064666355899
10.64452019798628
12.674835055412757
12.003674782223948
10.684805335893838
10.349169061156692
9.659930124579061
9.409995811449534
8.977023268411989
8.603742033996333
11.37388514130061
11.56149959690213
12.824892090610792
14.22122076256535
13.360637330673967
13.472071031269804
16.88268740651716
17.22645853904887
16.840653558138076
19.314328139381082
19.93283614879577
18.765871982181633
16.895408933653826
17.669005432973144
18.30057293558037
19.295544935233384
16.2163154314921
18.884426863695467
19.762856101139768
19.462365089458725
17.411767767714053
15.765123214004895
16.655779214815105
18.989749080504698
18.555713921544253
21.36564322885569
19.665064579244124
18.007483391587904
19.469149187499404
19.388841861500207
18.728529403951732
18.23743664682051
19.739963647294328
19.855776174662207
20.593331031843377
19.28908667253042
19.54572064927867
19.80040884679963
20.118606729621444
20.126364714203856
17.799030449944386
19.60056355934401
20.023784789260233
18.038772518430097
21.809571711892197
19.95374296251224
19.961299407511213
21.05199616841515
21.021537910144577
21.440077499659278
20.4835045559837
22.470656686536554
18.984672525886456
21.43037112347833
19.100985835895518
19.96488419703663
18.605842869378662
20.37534603234441
19.57345935813397
21.583255483741556
19.46687982964518
22.201145876013992
19.946689810936476
20.957724662720363
21.122697637778536
19.328320643711987
19.734143912745694
19.906616709355774
20.998065832677632
19.404928819405114
19.880671846350385
19.830362191838045
18.826235668339876
17.363867844455125
20.401962776115386
21.59911338823256
19.998777959678492
18.787261948310217
19.636546531273645
19.099183245146904
19.071495565340506
17.90821547370573
18.410802180133786
21.034030797188446
20.09889751444051
20.80233842110596
16.931261655847674
20.114711456940697
18.67344376454074
18.93392594656254
19.84947111217597
17.977212774209807
17.334827344936706
16.527740564823468
18.431200272997003
17.66474573352405
16.658364752807508
20.562237989610715
20.305292391319195
18.34075549767057
20.058361594877336
21.720596466399073
19.568988959504974
19.269291659603752
19.421252908378676
19.483381948009537
18.500199388583034
18.250090336896555
19.43937001473246
19.246437509323286
19.596361396888327
22.006816981597638
22.080266422056173
20.918583441300935
19.331584337094313
16.953901155984358
20.385891540022723
22.373468966149694
20.490595483922696
21.60358148591429
20.47601139175244
19.555994469545627
21.579366070018764
21.902562002858815
21.480564817674942
20.266747123330283
21.901846504594563
20.53128460009297
20.383167780730236
20.349519479598232
21.965850428601186
20.938504851881348
22.037748199597054
21.92439545328104
21.009996084187996
19.197874619480817
22.000078009128732
20.323418558087386
20.945475357220616
20.990235657548556
17.6900294210259
19.693626447875342
22.044060499443745
20.363711677156797
21.119301879678535
20.570369999275222
20.823567504516543
21.06401674118464
20.54542560423868
19.499958469081864
20.525347599935433
20.261651217869677
18.177800891333952
17.850437344287066
17.292839963758947
19.535916548905018
16.54827336086599
17.7535805313393
17.316105791804446
19.697719777522703
17.25972405937982
14.93941375272422
16.30220030763703
14.809417864838792
16.304624761099735
15.130547562140688
13.53351057736336
15.48836547188724
16.462613606526983
15.74784853978693
16.060061307391756
16.70221435037318
16.357251893602797
16.121447983740516
18.085360838427057
17.319412406954164
16.53675367583884
13.17378623964528
14.052355251304883
16.637605350153347
13.64122065336905
12.735958883949884
10.448070269954083
9.228746886737099
10.10859097383139
8.376854074896723
8.831100305906714
9.563244214312542
9.191891299914063
8.983835942026136
7.970935542816552
7.460707056691554
5.1258889487447465
1.8726389103181649
5.876084395155339
1.7756786840350585
7.729604411870711
9.454117880204095
8.199255673485313
9.120296512558669
8.071802844691778
7.701304696530977
8.746067559651785
6.3610635704150855
2.3165745555791513
8.562920728429738
9.291667082531731
7.719919686644133
6.679685569873902
6.31152009752877
1.8814749191407767
10.828899124687494
9.21678237217122
8.036555473726978
7.213235183110527
8.449229601605584
8.249655384252488
10.892612118381125
8.714477534897078
9.413169166497692
10.73952728620806
9.435690457228016
10.791012471725912
11.010045479729936
11.485369306874421
11.87573101873052
10.74669656766049
11.401387813668343
12.778460477853233
11.290632634088798
10.551276087105187
8.214054401773522
8.215857257465375
10.831792919208524
10.832291192938733
11.346874897640639
12.559045140486216
13.785666942567794
13.800771305349453
13.81823360804377
12.928466280845129
12.114484358721054
11.20122665731307
9.267004045997368
7.7393220938804586
9.980132417533662
6.243757947048502
6.079672562640361
2.1160001712921543
8.591797536168972
7.3923578965626975
8.256938793287132
8.467135075432456
7.11474180976033
9.078829060164951
9.175496509146884
9.205677757410012
10.456286388496396
11.369085275798831
9.868448166456911
8.338251435256641
7.05463498000174
6.732483393795241
7.5152532324963275
6.492607492990463
2.1143562689416306
7.4451969695474425
6.275404399679239
1.746959330712472
9.846695293511791
9.278588883454814
8.144154170150037
7.689406204871206
7.9033271849669084
8.397830180822066
8.146176193651513
7.201934556070907
10.687306046285212
8.039764091282809
9.49051152715193
7.977723832847071
8.008321412080628
10.341191470156962
8.402691628703261
7.515559804927354
7.452598460360763
1.7584183358703949
9.169716495268204
9.78331070637731
10.115870442309015
8.372842356696067
8.47035624057781
9.194415056817133
7.595843079287147
6.730979389436247
1.832621333580216
8.100930570853034
9.447087072748623
10.28161765618583
10.107358698858723
8.831510732599323
11.059925195010042
9.001270691087784
11.761786685551051
9.712174637080546
9.514190022365952
9.74935568541872
10.327229300431876
10.720676721828015
10.713521259827774
11.16298708397105
7.315946068020178
6.386971505567832
1.9611564951473266
9.329843727368285
7.6813227114372555
7.669637838496767
6.557516058794155
2.0583026437334
7.680345405951829
6.323835038324143
1.7421395983488983
11.10824571364524
11.999156627330665
11.377454040410127
12.093780690878297
11.245668883664052
11.290691916963011
12.161082930938935
13.577584638747677
15.365453640918846
13.967630711182252
15.817733266226327
15.094144617870471
15.407009536937599
13.517376527771694
15.524861851790027
13.62727642367772
14.793057227059796
12.79792741713707
10.966483328423642
11.366706250128955
11.875489073165244
10.407631914398843
10.455676691290746
10.222837280631515
10.159142942424205
8.467366949233456
10.191333734790042
9.1993124841515
9.270761899737268
10.65282018424945
8.764219532576698
6.903352405363877
8.261328620596906
7.53081561593027
9.020222842870655
8.63099501871371
10.286358803770662
9.556976277437174
9.885674146986224
10.009157089668335
12.357521849754168
9.717093833243029
11.760047072442958
9.557619870483265
9.642799393312535
11.052435654195119
11.135317319455213
12.433722430525759
11.111072616931356
12.808956018766876
10.396866969779248
8.592999544702534
7.50845280609197
1.89151145541774
9.192194255594112
8.720898423142804
9.142721246171552
8.528532634699875
5.323424627905503
1.9433295390999112
9.162681438167315
10.4883442071932
9.955693988208054
8.148123393609202
10.251286426750129
8.89343152823516
7.5325351662429405
1.7952186977173492
9.84205350462781
9.482060946442436
7.548388390229652
8.447007626155406
8.403145333620257
7.760493735814799
10.364899640621907
6.717540054718639
7.8939573467451565
8.551772025968546
9.08422297381841
9.557972696496048
9.632264122569472
8.659040839291707
9.978558925094847
9.737791720905852
11.638038021150626
12.98608945454352
14.148829661060192
14.81751232281383
13.293666195560938
14.945741635510018
13.344757737935815
13.809634554377928
11.226410963432016
10.813115011401946
11.47927001981886
11.559244623027524
10.910945149841572
8.266690832300148
7.483153978940927
8.794983124623695
7.636869419675824
1.6892615381267715
9.255634136834672
9.543773354815873
7.991148233117333
9.92432226212513
8.507018957038289
9.181937187063
12.285352799076456
13.269461417667436
12.551069238904104
12.77940809094141
12.663526166408435
14.060691962462796
15.334913070237858
15.887885682162977
15.066832613352332
15.399201172762998
15.577686291209254
17.01153764239509
17.547399500758296
15.753981910605415
14.329022195951108
16.035669171415552
15.652785983587522
14.313361570635603
13.502160088873705
13.886192730176596
16.963873089038643
16.01646086236449
14.574911956387727
14.788405269444556
14.348629479925183
12.313537728993715
12.286975022941263
15.329164715334036
14.243971861853701
12.566104901796127
13.794312528991581
14.741259966923893
14.548288308721588
12.946449554781395
13.407097904528936
14.527451239459369
15.744410836376513
17.24092630830485
15.166766341007865
12.303924793462736
13.736947546182183
13.667249043431806
16.692731336344426
15.432467696396992
17.76588934098379
15.369188005882556
16.635137862562143
18.04788748432661
13.256010732414536
11.493375625327538
10.951492431832987
10.249409862815519
12.937549456679754
11.821843866528456
12.486027944648265
11.014491439055657
11.284101986383899
11.40674549451509
10.337270903346809
11.14526196482422
10.966027173206191
12.419150668858613
12.454795828981682
11.616202164460756
10.391107876994635
7.6650603331528115
9.11068277522255
7.664692322002752
7.849266123372709
8.50902501340503
10.464008934323125
11.164782222122014
11.977682209314876
11.02903317710015
12.433032026280456
11.496457031614472
11.242569194679259
11.75085723398866
10.986065973508778
6.867329005386138
7.8980734735322695
8.229510191867153
5.790363925311886
2.0430128096233884
7.666699715814737
9.619042595633434
8.889639131316516
11.496735788186287
11.570409705823154
10.032965804839236
9.478615542855106
8.97241684717433
9.948571185365356
11.578732167413303
11.22669170756212
12.757364617803926
13.805436591490485
12.499093900824443
12.911718113860099
13.572641484372362
13.761062428361013
14.184433496812753
12.622893766013313
12.903261516347785
11.498106505237546
12.238788160146639
11.874134960279573
8.783046478038615
10.83972269327075
11.410895610641935
10.391464027228096
9.62137722225318
10.930658655720176
12.424775072500237
10.42665334183012
10.577448278891806
10.178691930509512
9.155642480610943
10.049769442337494
9.749606607339226
8.335100925748181
11.43696405651208
11.05248725404487
10.37823075496981
9.761108991702958
9.775969158589188
10.357042244291002
12.516968476618302
11.317432656213489
13.804994024000322
15.094656438342554
14.625163205637048
15.520298964073048
15.280667650179087
14.327477438898583
12.667212801992969
15.167033216623151
13.182940566682381
12.328900019981768
12.052371344297843
14.532057382048052
14.258777500313588
13.146782567290662
12.673969572383559
13.757023002270678
14.918640370289713
15.270185380471737
14.467923438273964
13.423022742040434
13.478540597535993
11.11513142092714
13.192496369597198
13.025240764728075
12.905189408551276
13.164535009675001
14.16319225226509
11.907031304978789
11.696179672499932
10.927147002455872
9.773690960120803
8.869084942515649
6.5473349503793825
2.486062936489766
7.391085010503134
6.99263170210507
2.2264215230792432
9.702098680085367
8.703455507046588
9.1451063616988
9.847934913550285
8.392443959845632
7.695405564300459
7.96501581784678
10.198577179537637
10.28813088630903
9.73908167126782
9.45014369056271
9.260336782873987
7.859917068956078
8.842440260966905
8.90756747616302
8.608932726784868
10.611632721437571
9.299250108863356
9.099349356399813
9.343257675689962
9.086884410755445
10.265630166754754
11.479989077222555
10.107045075893065
9.291912187943993
11.339952655223223
8.489736378941183
10.472072155931075
12.076582971743623
10.327023155300491
13.696521569669695
13.777777324247962
10.43434856306063
14.436882512143864
13.285495345952297
16.675608197792247
15.265750089553721
17.391979363997994
18.466075126941917
17.011846727169104
16.92101467236644
18.609535738334074
19.011068563798467
20.551267668753262
21.97370613560082
18.994183554420303
19.944646556386566
17.737608543499892
18.41669216824649
19.814992815448367
18.862084523075602
19.966228411304435
17.64803759683079
18.942287206969922
17.04970588093531
19.39694295283113
17.178588681987485
15.825275978517906
14.385895571858761
13.583019231440703
13.877543920842578
15.151421209556222
14.300518079762451
15.380750196429494
15.761828068118996
13.8558648276843
14.778627203326412
12.319683049604016
12.87945878183884
11.172360462216831
12.413588601083237
11.036437871293419
10.661829875798528
9.26750775787637
8.726659030269506
8.920713504410802
9.854943981167724
8.329872200102184
4.866526552242613
2.0536533376473765
9.396907836621148
10.006060498688745
11.374427328534683
11.52660519749608
11.787356829182809
10.087871693771255
9.952901482172887
10.34678155211455
11.786450074110606
11.735572384079017
12.247350641568172
11.503338523013928
11.869068885860525
13.696947675266872
13.230527951968257
13.535163379943969
11.335272276457225
13.582052691445492
13.254492080236185
12.887067123338312
12.70214839309594
10.825154532556349
8.687158795086061
8.864267263988193
8.723092492863122
8.652438813366414
7.598854161295975
2.0658815589508537
8.750967421751898
7.243483744080997
2.1027410376795874
8.489325084205372
8.1114220994915
8.041650916058803
8.214544340158122
7.878889446297912
7.961249603513244
7.078398644966409
6.881392197592548
6.6619114426970585
2.0195736080680047
6.668029381207341
9.486192789145463
8.982875151283842
7.6005619295908
8.53005773004248
6.950218291980598
2.0709616425569695
7.460923385155783
2.627051553078434
11.338199288381567
11.015371368600857
10.516552343077311
9.614891876924816
9.689138084275408
12.142843564260888
10.451120529184658
13.165806278275046
12.306921283647048
9.859208483146785
9.616181700738581
9.987514082720905
10.03658661486365
9.609900418144196
11.803947039732968
12.989529696522025
13.24501864095149
10.962830222179164
11.012409221211449
9.743550250490951
11.190877357993854
10.085945252447939
10.55562820405455
10.16667243251572
10.806415578130617
9.815948041341123
10.699880647432657
8.826885022443797
8.625927551630022
8.501398914344332
9.486146145464215
8.733897102711165
7.747572278454976
7.866489035978535
9.571852647091863
8.754175330768442
7.960686676784918
4.75305773775875
2.0838095815036572
8.835844858764494
7.209933007206165
2.1538700225808993
10.986593113407572
9.575970567229502
10.152019803314504
9.265518457452792
9.969058144797591
9.652909144791904
11.236586099461062
8.065842666029388
9.96455913233908
11.986077973451534
11.137324982180939
8.647013542804395
8.597113204603666
11.322092274840067
9.724584764800117
9.054795680011452
6.556469685904091
1.6825638206572728
10.066494175548131
11.270808914704983
11.999382621538595
11.02113535527308
10.897646306416728
9.426494611382866
10.410597719745251
9.568324539563537
11.443236493350874
10.313682411092895
7.885455644738409
7.19351681838189
10.493446345900105
13.317346778631261
10.815516623347252
11.373567058437603
14.346525893090089
11.522970915984413
9.912732096108481
9.409211996328185
9.46957709818127
9.247657251022334
6.508116049815957
2.7557811062804065
10.377672895802903
11.26018759279661
10.7749810469562
10.826066747255831
8.45097907802493
8.486886333723483
6.69906455035711
2.34752677379011
8.534863776591822
9.703521060447331
7.9892048876294295
6.366726367842313
1.5110168265253545
8.347556068314924
7.18089387480673
2.0636472252450693
9.689148260147572
10.579177964763549
11.150837228305559
10.321187800484157
10.61014458920198
10.51840546510778
11.930731018549071
12.441739654167637
10.632896372074217
13.123254533559834
10.370257343727701
12.469553644837308
13.550041012335027
11.678604663590425
10.0305374156139
8.00932333722513
7.619659413262883
6.78869897900998
8.569118181475034
7.326945643608323
7.943123172737455
6.044862118940938
2.332623022174179
9.571823804371649
7.272211489369836
6.370260658690493
1.8984061932585985
7.960460263134727
10.084462415538361
7.533924715193676
9.177180805899168
11.58460934702505
10.354671902778621
10.95923891962138
11.992483089426706
13.10887469977445
16.005559858981275
15.239326975673698
13.700672540273052
16.833678243054877
14.640031076096754
14.559285956895042
16.517332983419955
14.555513314871593
15.130570388954302
17.18585906209756
16.66224136475706
18.45546801285579
19.773465142867572
22.226580687183905
22.50609989552403
19.009100379210096
20.169073550147676
20.867526836434553
21.086379589442785
20.351597039823172
20.541202212608287
19.987052440577184
20.63387759347681
20.815844526893773
21.4917164443694
22.87136063157172
22.997087492908815
21.89877664994618
20.644263821307046
21.607207365306813
20.155724490448073
20.12067905113123
20.892441047571147
18.81470420395405
19.82837633756037
17.985770752625058
18.26988112542148
15.903239289630347
15.507409373848754
17.184110472071314
16.531133102041697
16.151784835048566
16.03760535535598
16.843145329736092
14.558878333699283
16.475992703362365
14.68798062038316
14.665296746554167
13.751023741837411
10.48862325181851
9.584959780992408
9.23236767050756
11.466666490701744
11.837211053785483
11.818374355961504
10.146205634046543
11.690342895795943
11.517267661874927
11.90351284559376
10.57385528912578
9.667894199142342
8.961722108552063
6.424124627685526
2.285172947206038
7.122952457071392
2.4538870621241453
8.987346250417072
9.336031726916623
9.71752138683451
9.190076013501498
8.750301248176738
11.258319612261511
9.494621800276347
8.972381847371336
9.470384820859188
11.262167228559848
9.368143837022327
11.108269282021086
10.09023163863965
10.392641827257664
10.300933618556765
11.182552795078388
8.595069373564074
10.50395075235796
9.894061601270382
12.013213806598767
12.569872114308517
13.126538820643495
13.739350621508438
12.55150919590248
12.082605476999253
12.33155625196532
9.195575603975096
10.108562075745606
12.190216084477969
13.018325265631827
13.28480546946599
13.332748724730646
15.504288521976527
12.586821428567433
15.388160271162665
14.528396579965035
13.87196311690167
14.052852857248253
14.082957670969503
13.561037218823975
12.4460182639872
10.3997944503786
12.348090367196015
11.271222458812055
11.80931083461235
13.383006985957577
12.683749020861457
12.454085157908171
14.382398103667184
17.033722415594205
17.659644295499522
17.92621327918943
18.11377533577511
17.23682342145217
16.43970550045255
19.185990723748
18.134581330304897
18.524195372456106
20.7159069320168
18.653385373410565
17.406033055290425
17.958841177070674
17.536300681089035
16.799109777799195
15.813572269516477
15.14574260807019
16.611532214298244
14.878997631876151
12.17268165443658
13.75619400893606
16.736308146464392
15.014328775098381
12.217160481795018
12.482837665948399
13.509999977111024
14.797357778695707
13.45150925575201
14.999794641924733
12.816041308658217
14.677471255408161
11.860352507756758
13.687439274007694
11.507268413206791
12.752705067827103
11.217040935290218
14.532043559674904
13.420168275985336
12.555538241188188
10.81775808006222
9.423178899032573
9.891166836049335
11.515046911516409
8.813733024151926
9.29740550416992
10.016263370087415
7.992823388580594
9.382604483354225
11.066914758661424
12.876278009832586
11.8788606071858
13.601304976111438
11.015318088613434
12.723796017875376
14.028659722511007
10.438542275043227
11.632621751915435
12.266753493693619
14.509402971314488
12.474011818947293
13.670836497669372
16.07895864885121
17.633323277231725
16.306543408148055
20.3730617701418
19.50974041428866
18.935862705303133
18.741953392848338
18.93185192712877
17.566569106683712
16.345250326402482
17.212819729154944
19.91920409144365
19.127692246465585
18.60000192948786
18.313614571322606
19.20841544094134
19.863321751837734
20.43387302945056
20.63209598726137
20.67942807902902
19.40704545434529
19.668423068525392
20.408289607598498
20.952388985816537
20.679973699561373
20.53128862030465
19.43902234559524
21.805817065883875
21.740665335334864
19.236050635531164
20.397464353360377
19.89710703212205
21.740298493425335
20.538579839058603
18.669299113818695
20.62384243531297
20.584752150703824
21.21013471453757
20.523647935804828
21.574209782200857
20.460473982393406
21.495459748745727
21.13647631570628
22.177687694825256
20.2109145699881
21.211595315610605
22.552118921495456
19.591728646783412
21.217150583137755
21.211665995348568
20.967167199367868
21.857247005793813
20.95346705053218
20.254942822301867
20.530149338227282
20.406662153616445
20.20338991756427
20.05733576728207
19.234852863382255
20.329713062435616
19.800204607723067
19.202398542679752
20.53809058829482
20.727882513001152
19.437649395660785
20.708586510983007
21.43296012140251
21.374646638216
21.027859072200975
16.629909080124012
20.581915252543407
21.18561286701946
20.093820676189264
22.534092188755004
21.072644653663897
21.341711782977594
19.574468330419123
19.176799192151567
19.473948337492793
20.329832284806017
20.346551814412543
20.305490999412868
19.585759048775298
19.453485958945066
18.260756067598106
16.78295168423994
18.57142753290544
16.683145640572057
15.545658002602698
14.357103861552128
14.470592924819101
13.959117069675477
14.224764571616037
14.890413537657619
15.682297365099167
14.192615661800751
14.837697797105996
13.162586506206182
13.561998741874769
14.016212342726483
12.7548978818646
14.781946985678525
12.628598125745148
12.03787561975833
9.620253008548858
10.804224653617226
11.533567741926573
10.606104623520048
12.486781510376964
13.278745988827408
11.773927241400788
12.787252401187558
14.288613321742067
14.775341482926667
15.686114070942649
16.19434209436541
18.961330959873226
20.734207383828526
17.884646368417624
19.6926197405223
19.406916864204952
15.69915310152183
17.42877667655559
17.547382046933258
16.892590716619697
16.77833054846354
18.312228702794172
17.95088984879003
16.28631301324218
16.69821903227504
15.778272141132824
14.043577373183448
15.479061427198495
16.856590131342244
16.06082877032049
17.38657968002881
15.984718513265747
17.063714019882884
15.587151729900047
14.133172096056615
14.334351387365546
15.211257235162119
13.716705784917885
10.75381864020201
12.974849830742578
13.495310701127579
12.643859323120987
12.131523781626733
9.893387711782545
12.566801988959678
10.980146808410282
9.677291490621034
11.762827919552103
12.151335771681008
11.368933096134459
14.265657449168089
11.463672527065171
10.721874980966566
10.796670007772413
9.666732882979591
10.620667389578605
10.50002475605519
12.223577253504114
11.604533228246988
12.826360456766318
14.297649849831984
13.834541771382064
14.33672044370559
15.526616160291567
15.409393141895999
17.418952027502584
18.91814450697913
18.51488912771995
19.25517833661136
22.17604823543053
21.423727515539824
21.23721493841806
21.703341097405733
21.365781057935937
24.164766186084393
21.71836368255081
21.79001471598254
21.05273568944685
21.94108748853894
21.48038328913868
20.6910293623532
20.199831837238705
22.066772315513365
21.059350859111632
17.96602911490317
20.3801733833075
21.871856084293434
21.865440032995682
22.465134162016792
18.001887974844216
18.609422177159477
23.008095797099887
20.454589563104943
18.884214320104277
21.002496698211885
19.49555702973695
21.721008132056706
22.909891677805955
19.25855568411926
19.771514034577162
19.26370696692882
16.60068198098849
19.979260293514002
17.734651872669883
18.504067123059617
17.836692808036087
19.715245946529713
19.559782076079852
19.037681325478392
18.5517177316054
19.65428509490187
21.39101724007573
22.289445002388483
22.329094243078725
23.014259486727795
23.256826209147615
24.57003791524231
20.62036346009552
22.01987153205525
21.366795183584195
19.707093345003386
21.10870430360546
20.868475102175328
20.062863683204643
20.97501098101208
21.12427560354714
20.892700768112892
21.103304560171598
21.47028733289603
20.414774007008337
21.030759956193464
20.878169048143103
19.20199869170637
20.073950034817713
19.580997289321527
19.894286586979348
20.397717650736112
19.863997238348894
20.161605010787333
20.7768677498972
19.720384520264275
19.45161662263775
20.25881245500705
20.308549916436963
17.510369403457673
19.548148274679253
19.87595977681425
19.5143257873243
17.725295035625425
19.67533566052271
19.15288723138886
19.39863096963751
20.58694500676849
18.56749313300385
21.35427356447945
19.036498779888035
20.346186841168162
18.401918400814868
19.80532120371739
18.8835983506693
20.859410611388604
20.646851342117547
18.33426845865164
18.977642009447752
18.637486820319292
19.54644537536663
18.481158565150558
17.881968738900422
17.434533959405634
18.909553198133235
17.595861998359496
16.92232193318715
18.793576902874943
17.8552227551409
19.064568816108114
18.408355317364684
18.402432709378612
19.22515279544519
20.348064888885276
19.439013323909375
18.2285877008998
19.036146956465608
19.255921857746355
19.202241054228406
18.572393439039544
18.106025241820102
18.986048257691206
20.443379714832837
19.101195407697606
19.301915196471242
18.527487774222877
19.285942571189306
20.475463649790044
20.500794416446585
19.87565245586373
18.773856314740886
21.24269475509649
19.02190860330632
19.449249348636265
20.862245971008804
19.61530367765772
21.546576139433032
22.866682960545635
19.76280403240678
21.748016313693626
19.541199458075873
18.27867355063085
19.30473945531008
20.123954708634475
18.057058453073914
19.08997291447984
19.91038183793737
21.87545409758283
22.672985223225005
21.06170285000134
20.861201831850174
20.949833230249947
19.70544398101928
19.316178564754544
20.420435436103176
19.82451007260104
20.19080947167827
20.81517034395351
20.200478151753284
22.187750540907754
21.877240992595002
21.085775405036703
20.013781558659083
20.4820642187636
22.2014031764987
21.79795650249461
22.465860342324056
19.582778548204264
21.748797441594057
20.982256433109864
21.249696998038015
21.397897273181954
20.31398669767342
20.797371756888626
20.034634444266196
19.351038151693345
18.99429421677069
19.941648698924098
20.570132230061905
21.817946785106486
21.25580221491007
20.282895521351836
20.072391932005708
19.914845690252122
20.832297826214667
18.898177389285408
21.42611012301145
20.571665910251497
19.436378164386333
21.45156069116631
21.99571604727369
20.820395699948396
20.725340242967484
19.153164414937404
18.243414059644454
19.321511355569573
20.23428822675777
18.357917276185198
19.541769350828638
19.116144091028477
19.255468558570815
23.23166014675455
19.64022692088203
20.50416345078015
20.682696562710202
21.502589935858428
20.079999311780846
19.83320065462086
19.156292864305833
19.838118139626655
20.29366788120865
21.230890022481805
20.20926953723485
20.574669472199826
20.359933249107428
19.707826269042354
20.00699600719988
19.988814804214336
21.91934674252658
19.29560571431498
20.250174674766292
21.745976412557052
19.788215493772956
20.76227807701856
20.17375161331401
20.102648143945164
19.91296978218954
20.069381928600478
18.68852047341293
19.567978854392965
18.329585500834618
18.45437801872251
21.03841521346821
20.245966796306043
19.937494292939203
18.572108371353664
20.507832158452985
19.42543174961195
19.42345277970949
19.871689520153407
20.07562445294945
19.425108456928626
20.046954783974712
19.666205665868862
19.21538933240753
18.641191972391624
19.927410530329446
19.493570848676082
20.44856528398461
19.75993523338096
18.7441387302876
19.93611642980666
19.59514543129669
19.630028450722257
19.8498122628423
18.038480209644987
20.00012057800318
18.577639720217363
19.020863890847657
18.411342623982865
20.8099769038417
18.767981644056423
20.35192367612955
18.638657197606783
20.019069562157423
22.35072087348214
19.988847272377985
18.444370014332243
20.35264245472208
21.249949536648316
19.424516415674866
19.725557881279315
19.787827710954694
20.517549129937695
19.931288088178167
18.887014866520413
19.535849415737996
19.226181054783968
18.887643150201214
19.17481149106116
19.78951213124585
18.812097553756036
18.399836052358555
17.11686566976399
19.15643378320418
19.79727420125721
18.066330371795097
20.360923153517376
18.612197202770165
19.657428631243064
17.35088084827962
18.047090877597483
19.53051074140265
19.98901713174923
19.178434492949755
19.041968769997272
19.058765049954918
17.105254297453648
18.626191146346233
18.240397616057745
20.476525459983446
21.071050173329738
20.680579847028135
20.05439531344461
20.43730376657001
21.22784224601272
19.06348926174086
21.258195741229663
20.227057577505054
18.974768372191257
22.022159116653498
21.067013790861637
21.60824071239843
22.079467051418167
21.150121749075485
20.93207856328161
20.37103727576224
20.920943161844644
18.736571778637067
20.495954737628164
19.68737464903993
20.710968791518102
19.7977201625839
21.97963462490078
20.255367452851388
20.751427308008385
21.57373766191839
20.798143737551985
19.644315169395018
20.879399364191613
21.528464845835817
19.944544180520392
21.188228413451217
22.041630296546643
20.71109856696988
21.685148441360315
22.295189521836555
21.484686885815478
20.2448068814622
21.4241174594356
23.182884139964056
20.10002287960058
19.518626660498683
20.76546144459235
21.257884970741372
19.760591730394417
20.926179574219773
21.046665039916995
20.696727883660987
21.101270171796052
21.534841804343387
19.907094000376052
21.96439357200764
22.89235595758768
22.634793160744152
21.24092498669434
18.926399796140736
23.11673357917317
21.039540856637363
20.01274051480735
22.67649896388429
22.286940400719335
21.53841414409701
18.69993970013494
20.786677332125265
20.345312837537023
20.66341575242064
18.808513077096336
20.299224688251932
19.600933479651413
21.43258393283497
20.777369602986212
20.0143886961837
20.161052951745546
20.749713258608484
20.62758641514938
18.601669260645632
19.224199965574023
19.354696755597182
18.557955176380357
20.478501110508937
19.625123783970245
20.496285487690347
19.006666217808533
20.221204612613867
20.01287492507687
21.1375217778906
20.209081146061717
20.310934992908308
20.64312618525988
20.437561160694653
20.995396010523905
20.508131701514955
21.562531697705648
21.354187274227538
21.06204491888378
21.829954315282947
22.81555818455115
20.96412117529985
20.300405208346007
21.073750674150183
19.55846103629019
21.911426318657053
18.512773071666548
20.740332614924963
20.461054007051835
19.941865997112785
21.792123665533765
21.014621407463576
21.737466685882634
21.12716832195678
20.444239669187024
20.314797642803416
20.772356644159217
19.222774592248598
20.7035377275022
21.79291333959718
22.27070532282061
21.11254583621127
20.267806727543228
19.121251653738113
20.264300955290217
20.493156227593495
19.65499775332151
20.37243860067237
21.750547187494313
20.840021184672775
19.814545235754267
19.710788360523047
19.8665720653296
18.585054489766225
21.655490407072964
19.45457471355981
20.054562416042025
20.455727265505573
21.871357079870002
20.276091449096153
19.58960389575088
19.46481625967866
21.01291335798094
20.015184290712764
20.524497906985992
20.339567345299965
19.31379052161622
20.742177800701008
19.991712325599263
20.07663977406239
18.592190961696165
20.043688192770635
20.16037083045221
19.614621335972345
17.650001283917497
20.23278107011181
19.852027144065442
18.108194522224373
19.296672154163332
19.05561771700025
19.694771707225513
19.679785880900617
18.389142598572427
18.417895007164464
18.153019245340236
19.27711045244718
18.982037682971345
18.740625624363553
20.153826847463037
20.91604921686933
19.066574171736132
17.771765850891267
18.753042051364393
19.517855969302513
18.22361354322397
16.539304431377712
18.174669716450172
19.123186213509708
19.699328306555632
19.54987723081258
19.328879802656502
20.411329263405
18.468164119898848
22.115767821808447
19.874823915890026
20.50789538351563
18.421910641377483
18.3446693345252
19.7383263098175
19.811827866524776
20.055275756291927
20.475058561977402
21.082361778860108
20.39050364985227
20.723939835587945
21.55020912924392
21.768074072645316
21.670043890211023
18.391571286911283
21.040761012499257
22.377236568225843
21.458631427575963
20.289567779020263
21.144570263384622
22.96559783603927
19.947833631606265
21.07711585161533
21.502450795383222
20.666945917706496
21.948457171242772
21.23006953285351
22.60314130691913
21.5894021706514
21.200906066665116
20.311322542996866
20.423016235196442
20.93868826366607
19.124532374428842
21.38369058597913
20.631814147056964
20.76863765000008
21.103719468581446
21.51497571967431
21.25496202943732
18.62382513211012
21.25444808299327
19.072335924251753
17.498008296310452
18.029247584929458
19.050760372311707
17.380889654886968
17.436229738379726
19.177033911045626
15.597768983070088
17.2461233705124
18.849936500001203
17.885793925897993
17.891054714121598
15.1268614468897
16.5422364533057
15.737060008342272
17.83745864141011
19.802856151626777
18.225736376226344
17.619563314339437
16.182045458572066
17.96552248604393
17.645603144387596
17.73129579084779
15.593620304430702
16.857491371654756
16.56292087266647
13.942062263327047
14.786516475371128
13.109634321758032
15.049513188557189
17.317083360431624
15.365110481839983
15.585365460264802
15.157201958786558
15.505101788963016
15.252432311003789
12.996646896646025
14.45196311327677
14.884356981652058
14.948931110731735
17.136615494261513
16.81959449851448
14.894814952981129
12.761324766438303
12.090004548917817
12.225934678983291
11.852580235064282
11.403390030064019
11.560396954373008
11.617204179134214
11.943644108952991
10.843445391952061
12.477195585689
11.637784075960907
11.756645524037529
13.254148822631837
12.076972458426102
12.158824797328174
9.4301024144088
13.441702380483399
13.599826845320047
12.20405936440612
15.062924229777781
15.37239428413712
12.248050686502975
12.261400716274187
13.280423291731402
14.351872055424172
13.04243994358079
13.05302498970728
12.803106604763961
12.67897748297061
10.263697432061667
10.234687985511902
9.097472483255649
8.601619660888929
10.741523309918088
10.760265312200353
12.250975257291671
17.111622498794983
13.42073319780051
13.20771344927902
14.087056157960824
11.891720060691002
13.451858853954887
13.221232534952389
15.900698398889935
15.813885070700541
13.249649578779888
11.987064805333489
11.203273235839262
15.532185872437987
13.92889939028589
12.67727992667827
10.998434145644731
10.560842582384023
10.532734588897165
12.240868278680654
14.554041885003226
11.288473906268633
10.983716489422475
9.778431545173927
10.210508397542835
7.104971285312235
6.879795753239339
1.2272463318385562
8.252127995499544
8.716646971680055
9.975005458382846
10.041364249409162
8.939727686502023
10.066445673870074
10.682152783145597
10.304531696191443
9.991033497133929
11.34931647761969
10.576416382859588
8.319233100665514
9.694003384434032
9.590354137070346
11.79158053601195
9.094206745746591
10.64063081185232
11.686640560952295
10.088458166224692
10.94354475177764
11.406269826457589
10.7318372654141
11.337694962663427
8.462488812135128
7.236208478082934
8.484929633244002
10.556000068557989
9.967112140623234
8.235688174227368
8.76982292070377
7.587155001388333
8.198403349956811
7.127051695764642
2.554910522877067
7.541328275158976
6.630555908528175
2.3499934008473926
7.379132461231478
6.286393643577869
2.042059651362587
9.79301435060676
8.028875034765342
8.649313388136008
8.585487048061765
9.06225514921215
8.384349326739708
9.344421255572188
10.318907975062334
10.180773814665443
8.80903452850001
9.207470128149872
8.124494898989095
7.094057444365894
9.001423550978423
8.253797413285671
8.969748018656457
8.205771373150702
6.839219055269391
1.8961568762762173
8.344886038788276
7.598968381403518
7.855697307877793
9.34563412234525
12.994159828775858
8.799957281253658
10.047598102652533
9.31398766782636
11.249308054780697
9.552717465681098
8.274139804653153
7.569193658102683
1.8514759296759862
9.01901315482237
7.382492743039847
8.506070586114154
1.421369901457819
8.77323921243929
8.353612405077383
1.7400426134466889
9.824766135011814
11.75982644516315
11.366620912727422
10.945917050644812
11.616048095649088
10.256926144911116
11.003273389432882
11.850179654114763
11.190006232444912
7.837872797827042
6.752864638926433
2.176841259503807
7.6844243618526225
6.396895409338043
2.3164918823507525
8.73216046022459
9.487982280232432
6.826355180051194
7.101471291992291
5.876362491848054
2.0017480398981675
10.012240603847795
11.168724690851688
8.949542661088348
8.094383752770547
7.490015035047396
6.16561421518969
2.368761188930355
10.67221973651963
10.638647583631865
11.546942610179196
12.349342869380799
10.360648178824366
9.695262308556028
8.387000670625097
10.760971916016546
9.632293944368573
10.411439252231927
10.436176923822114
8.845765904098224
10.202470723317075
12.031549812905123
13.42741629340067
12.627561551454383
10.259458656006009
10.719210420330683
12.689071810321524
11.245795834075919
11.66146788325627
10.53583724015785
12.69175122017307
12.445683106021566
11.544132325003428
11.51292801969055
8.3781843433737
8.532471266829562
6.799452986602438
1.8873436183473191
8.887837676369369
7.304925289357051
11.004274130872856
11.014982022725397
9.872917905152615
10.587943606102812
10.48484590268877
10.7877972644726
10.866083279644116
12.446775791593337
11.648781986180166
12.190792251306487
14.867259944878288
13.371732745098502
14.84552381643406
17.10734892964782
16.199621405666733
16.041493089741806
15.415965556286555
14.422730671529127
13.67111586561506
14.098180099633788
14.001800917264795
12.565109955168095
15.078680299762329
16.956349941432993
14.558713389510583
15.544742662577217
16.320469785776815
18.10493284307842
20.165771676729634
17.86819574211067
17.03572914688104
15.702974172174798
15.47917461510484
16.491772235233082
16.623441126416253
15.587631365661268
14.414774368846464
14.909654812014457
14.162687037470675
11.83313729330131
14.988906130917954
15.530793686451467
16.939564140197035
16.256543635333227
14.403523725154617
12.81930184166821
13.755460266429228
13.29412139413978
13.592432994731553
11.84305733272678
11.60219918077215
11.234659382096186
11.6526351071619
13.665977573943834
14.182547696192357
15.396613858400821
15.433241392339394
16.64162461773014
16.327916838510127
14.940997458706596
17.066293731097147
16.61664280330554
15.772408118220314
17.914532045847775
16.8596280232981
15.817468477481352
14.696818313425878
12.659157236111051
12.343952488639511
10.836375352047419
11.65410776380279
9.358709642427273
10.236146283240958
8.576933946882606
7.181435069687687
9.346375186647919
9.885670353401677
10.517422648594021
12.252681170174782
12.37659950913
12.85514598247831
10.05896078915447
12.563523788196134
11.767022016566798
14.317675307435968
14.765624912014484
16.282113944308456
17.33914243008572
16.82752451726825
17.829206869513936
21.24154495848458
20.49315730827069
20.69180243848659
20.24131427910261
18.985224379258153
19.370310868928264
19.395939325909275
15.84361381168487
18.09645897573035
15.308830694495036
16.925268712445934
20.127108592885616
19.211026569457573
18.940631434869076
17.50401783134047
17.606010363480365
19.281377933937275
16.59583115888001
19.033782092879356
18.011773072304663
18.43933829618364
18.065592919968577
18.05996355819331
14.712091467324113
14.85071343666671
16.892104272803415
17.066660225126213
17.06763728855487
14.511714794416411
17.244412785600897
16.090599575804475
14.075584659061013
15.348210639187055
13.501034405495984
12.204400049620842
11.95776515359588
9.965720216486696
8.40472732464134
10.511986100188352
12.11390301086419
11.675270293419475
12.33462876221782
12.873182446635425
13.337662885818592
14.20021245866462
15.427248712089824
15.16756790820416
13.886084493677757
13.970778482353344
12.683676864582734
15.321227965197622
12.778761329112788
14.190133669453008
14.005027374420896
15.08309263362324
11.649836239959885
10.676207131562169
11.58190546705413
11.931029295436026
12.26406368844838
9.334467071392604
12.060694719664866
11.465564898281974
13.940920071695936
13.502187109362032
15.310824686439073
15.069814942586902
15.670289036777524
15.413135525718157
15.741837779786609
14.678325129100044
14.316261549727912
15.045990316683806
16.526746213341248
17.040430102251396
19.97236626806445
18.202659336044324
18.90949179215614
18.87279576569113
20.891159799369706
18.06360764730318
19.239758435588957
19.996278402410905
19.846203723739837
20.779079871701818
19.76558148290495
20.25253260267437
20.19282161668974
19.738361678371508
20.74148708510724
18.21818130624953
20.726694077952963
17.731986729274812
14.926722332158699
16.30973245259104
14.578768640163034
16.590930431137764
15.0779155956811
16.11782044783767
18.04220286648674
15.976809893732755
16.16645910363427
18.031863661675146
17.11133398011003
19.25242838160955
20.89552898773649
17.915372697556283
18.916376445104145
16.05295333986458
14.532447878643518
14.194794572913713
13.415886039046764
11.305872022787351
14.282146867456138
15.216989955726024
14.922344127251822
15.17475337842122
15.17770161438968
14.4909858097649
13.360378763317257
13.043562619449576
14.228715369040936
11.360135112983683
12.485667999278565
12.001296592441868
13.307303046252455
12.942580530443214
12.2790838801723
12.1568342891333
12.542571833488443
14.12279618748978
11.55895292524517
12.15237556487978
9.680764617804495
8.328307439939767
8.59652291854524
8.872922867905283
7.912556187605036
6.4618027215382146
2.4078755675596737
7.696369262792074
8.763647580711918
9.699234122749631
10.295620603962703
9.243839217964009
9.136377396233092
9.371496037808916
6.649251392962873
2.0190278662013013
8.581529669408503
8.649101756487676
10.076402270784078
9.263745943592802
7.127453688384014
2.0149367878496376
10.334862114123723
10.946225192621096
11.501963114213929
12.098327504853144
12.603849993896505
15.520264751765215
14.246984542695149
13.653981522409808
16.180691057374855
14.386353878621003
13.722296459753968
14.45101834882904
13.501281494270293
12.385840915053572
10.722451113329614
11.161418689550299
13.026271134889855
13.728658565002778
12.503553539878515
13.905979200362161
11.658583323040064
11.427024245374959
10.589542772952532
9.481686596764463
9.23748904577232
11.495365283253491
9.137096465121646
8.59810432451361
9.499761775502634
9.470372708647249
9.023842986134524
11.288404577955767
11.903122826382491
13.42355322743799
11.767754233203657
11.191972191396639
12.106144549314081
13.404846460742592
13.903839409973207
13.2220983183903
10.87460664069857
13.001264235479178
12.560114893724128
11.269423178451476
10.737252330919391
11.154256387348969
11.926513643023316
10.842465789358583
10.544777607109125
10.764316347027089
9.737226485684028
7.887857140635384
10.021588516746695
9.052174092379415
8.863292661416555
11.435244272707227
10.306231181098251
8.509384943598233
6.6666318671555995
2.3388256570810624
8.160353651411203
9.057404593784561
9.794699227895277
8.860346214926057
8.743759232869628
9.116979384487124
7.830011022903972
7.226404462497652
2.524634198993833
9.694562555508789
8.898169653100272
7.677532762449839
2.092421609741961
10.179342071577006
10.137171448267495
9.806942949172015
9.831458818530626
12.463726525424956
10.70077455248965
10.305445940596138
12.231241339856908
11.778709477764151
11.929208572630383
10.439000863882756
9.350370234561792
8.932086402369322
9.589393671711925
9.789237125763597
10.39389707035022
8.42888903185596
9.000159071896203
8.29628509644473
7.808574307407299
7.694333935790847
7.236310556543905
2.0702724398101946
8.613382888602859
7.858365631813462
11.790886449801881
11.846070100989277
9.905960391482157
11.009324161999116
10.362242364603368
10.75019293076917
13.16200316633476
12.587037046687563
11.574992011836038
9.838606648765644
9.38291783733937
9.977021026866577
9.64113544713716
7.545465560563341
9.213412786340358
9.598249391587165
9.653338105285677
10.055686682488135
7.301453165419049
8.010072272826593
8.46649709093035
9.118050848867744
8.758034845046105
9.084888336361798
9.633960013573537
8.210594517312137
7.572470583576507
5.662691503816146
1.7656158888336382
7.961947478420771
6.331393679559256
2.0513214255140264
7.608534969318156
9.207094338290236
9.806516479199173
9.582749216197625
10.395443792423634
9.390459367796366
11.786802400828218
14.01178807804245
12.993071178361598
11.771424825447067
12.275000646044912
12.915924050115839
11.65017907523867
11.62830312376959
11.135345172296484
11.22922982571361
11.191597277535113
9.689494039518996
8.906974154181242
7.83662951720762
1.8206223133008923
7.710973482970281
7.283192852434745
7.584214035686123
7.135195794033251
5.465090981379277
2.6728413308630605
6.532828903310844
6.862077048551305
7.252676679548136
8.130205537700247
7.848181646729867
8.002986472425839
6.332857570998291
7.502336439095562
7.468963816422493
6.318624950808738
7.954588636023146
7.261634846924906
6.768986374660162
1.3458369312955423
8.53218090426837
8.896200220160027
9.147546210054626
8.319762674402519
12.108718266863143
12.496570203474018
11.72768410519203
13.106615357683161
10.915671536237822
12.391858743516174
13.469509921242704
14.117224895944336
11.736292591013376
14.456413554054707
11.725454236023566
9.591275518726407
10.681338138738639
10.166091675061454
10.544129946653708
12.320998643818276
14.125087552051536
14.439357721392387
12.413617402597437
11.082409073262337
10.393266141925324
9.649209821207176
11.751919947625192
10.49243301583124
10.053428294736399
10.894386110336962
8.112809261803019
10.535736576033784
7.3736300194787585
8.669341546274879
6.7932889800296445
7.594167078865688
1.732469708721864
7.445682371257923
5.178619241213232
1.6790289388354425
7.805217056884668
8.104936237270419
7.412736116436804
7.763201349838604
6.69844197766192
1.683780581028234
7.229758616423202
7.880209197548763
5.6908939341799005
1.7570784027153712
6.870843264414019
5.48113758208123
2.0668661506827055
9.396769340055835
9.02728623109571
12.413604747815807
13.356566716591052
12.572106060254043
13.093343406483925
13.59163332837994
12.182441966995098
11.624408985539517
13.20186527518206
13.805688986359742
13.404527501695169
13.175742395973744
13.07736816821541
11.70568907995598
13.593172274507452
13.025183756614876
12.593400888933244
13.253527569164426
12.710219278604294
13.318999361243618
12.97163767230756
13.578420323783678
12.658578540409854
13.532060230881866
12.404490539915644
13.708379700003464
13.612241954043649
12.450788985636263
12.230170904111992
11.712792745289843
12.70577511788435
14.507550601508044
14.784091131032017
14.30099794551672
13.722843917032563
13.648680553381906
15.034152199228968
16.454934562339666
15.043020446898867
17.5594738463165
17.596026296647242
15.239453514214073
16.20965233597164
13.548701548078721
13.184538654552561
12.52625746591896
10.821890313310398
11.094814400310673
10.535814075790325
10.21162755053055
11.01843725843133
10.186345613291968
9.547270453043136
9.650921714309229
9.289198896474204
12.692021281502708
9.862609554823281
10.884035625340912
11.99720379412068
11.650754923538544
10.238906952608692
8.491343123944997
8.63927531290071
8.740881321270834
10.455133066767553
9.723665519815702
12.43127873019749
9.164282231822725
12.065093856096127
11.746084639765993
12.500599079536405
12.288438532579871
14.476182292125895
13.243410549809987
14.496181840003121
13.991052307572234
14.451645117309539
16.8620426026472
15.810293062823085
16.811739578193503
13.033713646258496
13.826691383533957
15.419605292849367
11.77767683607428
11.877610994128425
11.96974955344358
11.110177912119285
11.414577255087993
9.140185583547437
9.450373338122285
10.637471285787859
10.504011747199764
10.710946711922595
8.128863918952531
8.485441849961346
8.70512805188956
8.086030340605632
8.793066405766842
9.55190788574531
11.453472919599704
8.79564160077203
9.766834936480121
11.496719992362918
9.421475126816011
10.294002127018722
10.576243014060614
9.557152272130248
11.56110011811183
8.541330610375065
8.935243391459773
10.692876326548891
8.943737212080721
9.243812794481927
9.029936031875895
9.11244587187581
7.407728187936948
7.302512714097702
8.604540238246749
9.582087975471454
7.882259816616943
8.151374898431992
10.173047050516868
8.130957629414603
9.092985117522149
8.201644954147786
8.946863773133778
10.026922953677706
11.971946185826447
12.859180842859153
12.717485373561212
14.019852282634549
14.19388662320998
12.699345194408403
14.813908897054615
14.393289442606042
14.95036603517
14.516721736475889
14.522763235978772
12.350552968850119
13.742067708087871
16.35224045261706
15.363887747330132
13.680290330587367
13.595529604311048
11.526990852693194
11.880985597197846
13.295378818519781
13.161149274303467
16.14511685816885
16.794448386333208
16.151330280820083
18.316782031913377
17.380479259405316
16.259124803801424
14.631852434710762
16.404976698445182
17.20614745446608
14.950309274063676
14.265650253239972
16.994898158489164
17.371908649933324
15.982383254246109
14.146635123734315
14.566090307157717
14.621908768614098
16.003450741173097
15.762212317993944
13.691863783763438
14.297377567537389
13.46531472310856
15.506377674131159
14.021487939335515
13.887580136695368
13.825085124460776
13.442042159228246
9.832691232201036
12.650971338724435
12.477924960654141
13.481903522359314
13.844738867051552
11.73943944798014
14.532146725106552
13.676797422646079
12.802239153813522
11.32465989611642
11.342094619414214
12.055524699958214
11.743906570593813
12.952685090142761
11.304439917772694
13.19530987227073
15.166397265810494
15.21546614785147
14.921908504726238
13.908805380026088
13.565308731920833
13.56222991677416
12.449271640098681
12.481433795268089
12.700428017617039
13.173069511409018
13.268310204318489
13.385823057695324
13.866158219766863
14.658995964485921
12.506086084992827
11.915083059372295
12.230233920530772
9.97638299444943
11.173804363694563
10.045447897875789
9.471310831728799
11.086715824394389
12.380904479682327
13.406301309543158
11.776557466148928
12.652671778357856
13.866964527885122
12.709386985981771
15.169099520660522
12.94163124519103
13.113378128766048
12.147369960470908
12.483043163695886
11.016850616694196
9.276267850176868
10.425612043989323
11.000465865673805
11.53187027538816
12.374802401130923
13.408886737675958
13.662805815193234
11.154104950815881
12.06585532488979
12.311599020079552
12.456331723197817
11.708054940047141
9.10294853309164
9.281989727144573
8.340205491130279
7.567493667270578
6.738837677438715
8.938288842947896
9.924787349708367
11.704670713904694
10.448849139378241
11.187712789250515
13.560732147308483
14.045053994674507
13.932305045409219
14.445088779066456
14.018764236252768
13.805523317418885
11.794400752847487
13.39631256838109
13.071750679173746
12.921739424876261
13.445531585082563
14.799411405071947
12.215861111061638
13.399521847872338
12.940807073040457
12.686445994324837
14.81373304522031
12.747977118314415
13.7152958204373
12.8120613190694
11.552790683879591
11.974098009214918
10.448418307085491
11.282428590972145
8.707458524472976
9.845324349863596
10.433814932060354
9.825598273298716
11.188406506267185
10.119649573580453
13.072748941670959
11.91086342313968
10.366445338314403
11.318086187484933
11.350361979864054
9.14314808907008
7.021498947175902
8.126543776875204
7.07770266511608
2.0996206457731192
10.93329266678755
8.175249329231105
7.230043941815058
6.89536672778761
2.293893000030197
10.108388040429793
9.817230426756309
8.592609899550792
7.702846321143687
6.898283727641636
1.850023775517653
7.872296854938444
7.271113875940928
9.260573992141088
9.476960548556566
7.778146475869916
7.8616043146977255
6.773824556865272
6.097988474848725
2.0878458185072395
8.321663323039276
7.5471225062492415
6.9485062331125
2.113304632748799
7.166310515021378
2.565569905104671
10.370696246451525
11.435746926623228
13.788039412964864
13.820494121873324
13.842066525945805
14.608435886532357
13.673169084997367
12.572455751499268
15.550922444913791
14.676972450031775
11.325464858154861
11.481460032709881
10.173984819571437
11.123863783985236
11.51048869114816
11.25132518442962
11.468479667970398
10.057569797915598
9.524054035475965
8.558602057106015
9.668720001831767
8.392376939935179
8.092532631332423
8.71932706332976
7.906540558004591
8.542419124887388
11.492413645950366
9.161270167610596
7.6182966795633416
8.204767897732102
9.188014316707886
11.512147614009143
10.195314910979091
10.208417802562272
9.468278327001753
7.710723572932597
9.127591367205659
9.097096002554482
9.44519301513941
10.136511471657922
10.629637323062356
9.688715870409872
11.268210427737458
11.828270991212051
10.375382506015109
11.273300059010253
13.103443211698748
13.549434657693473
12.60897935171924
11.013034947103222
12.652696526254912
13.269017343158543
11.877351401101258
10.091778873566298
10.341816002682313
11.32784391406349
9.683305198772592
9.704364710338888
11.594756352691482
13.312210398059484
12.241177923671028
13.42824314806709
11.886351639851679
10.666248974109797
7.758053553398557
11.368961906263683
11.913495532330009
14.889103852156328
14.378043102482334
13.801307021094596
14.341455551896974
14.99172843688965
13.162325815982232
12.641329925192794
12.655439819181613
10.187071353662631
12.292974138352601
11.950138216762358
9.785823883270663
11.714351781875436
12.670562252737119
12.738992185011327
10.63894767366669
11.802773967039972
10.250526936237362
10.780770214297378
6.8860409743418325
8.273439725145176
8.20221707326687
7.754616639401096
9.599738493846036
8.47933228360119
6.176888256983002
2.2935789299305727
8.482278321734345
10.024571381600413
7.555243163469384
9.090588666003066
8.803994806506747
8.28244794330317
10.865057713219171
9.357548970927883
9.29006186015836
10.886506711362554
11.976891942103107
10.266178208825403
13.248999819919753
9.449384759722411
10.81373818496352
13.40867314321914
12.715221480591397
12.07553737791565
10.085359425354257
8.598387364059503
9.25808761776659
8.798413526195477
8.513841763112701
8.467973386377526
8.519241649914807
8.55863633282836
8.464749762208726
9.297843465702774
7.546892709750561
6.131979286640403
2.508748149296853
11.17726207098372
8.497886238330809
9.968452566398614
12.828699660976053
11.584534146008018
9.663467081668982
9.149527703332915
7.493067771951947
6.487611585601429
2.4113527845842695
8.530926949922172
9.944576021732079
8.846870460874447
6.3377888661291335
2.4167559074137257
8.732788167208762
8.731618530286147
8.903863145414384
10.944189191971887
10.722514027160392
7.681739523184674
8.709675321621008
8.96067928706233
9.095845934713838
9.463043918165223
9.012772303129118
9.802022938704127
9.797915776607711
10.409559286098922
10.876914769230327
8.58632898264037
9.625850745734953
9.540505365665538
9.662897652532656
11.690424572576886
9.399660816542958
9.743135172840761
10.942322968787376
11.847329076330473
12.381197787041991
10.793698231991025
10.537812247149247
11.6734266908476
12.982822923283992
13.8095100066789
15.96184933505586
12.979475563654464
11.99909519311454
14.572309323151215
12.92765230815047
14.549175653401763
15.983617216833622
14.004330582288265
12.499734992613618
12.934820968857828
13.777052752683103
15.264376714789183
14.755888904335231
12.278140742166636
13.991998882557121
13.47438346157022
13.352986972762222
14.385612677808664
13.681244885577136
13.502519196807445
12.698773789646978
13.47980974375899
11.842342321269596
14.211179319136384
13.201170484148964
12.868591993965588
14.080102754823509
11.634570114139335
12.042148035430936
12.418939150595767
11.988107455898112
11.759744180009601
9.566455494160039
10.320370353316832
9.103189711200534
9.189215309147887
8.136190230470126
9.128524112957138
7.799907637434734
7.456710119623813
7.223054167824353
8.483608172233357
6.154458062876068
1.9738236449626716
8.718785508308285
10.35388367209985
9.411701176310414
11.433444863015792
11.943836223962307
13.252165356480795
12.75852402093181
13.265353075620624
10.466214189488358
10.806059248531273
11.692638504977998
9.968701620044037
7.306600939708097
8.788703968643045
6.097776399333824
6.53549151696284
1.6993186622433676
8.282063831371483
7.353515369194357
8.964547974904855
7.073726722810349
5.447091860505193
2.273415679372649
8.362294944095865
7.980005084747312
7.601620167075218
7.438500926487744
7.675105081971137
8.038864880585384
7.085896255669918
2.136173184008019
10.518181078518502
10.644768769309689
9.199076945109375
9.135204871651615
8.303793143545997
7.544747404328087
6.966706964642071
6.1729854295137665
6.736125316615911
5.496713369677909
2.095582826336556
6.429613321427525
2.2924405504011163
9.720982960864548
9.222647462185941
9.25681927410787
10.540150655940188
10.335982013347419
11.966570076003755
13.602481245748285
13.249813362950055
14.73892381737612
16.431366206157772
11.60226975323981
12.265382921406307
16.222687325706147
13.07454955988083
16.5190630503694
10.870461865891464
11.18948590181268
13.623197244307935
13.63408770933455
14.846879245008777
15.145336232649596
14.29382062169818
13.764205507593934
15.20643898798251
14.2542219524096
19.011584091389086
19.46317197771826
17.32784396892715
17.743372730118566
15.411862081510474
17.706981598801963
18.809162167772495
19.83859141823642
20.522329321798928
17.433801258906048
17.97146376408872
21.993069889321035
18.645921775500682
21.122422968258654
19.301445385220354
17.51015594126155
17.52650343764274
18.569142176024158
17.46317843839585
19.62478340183784
18.096101345826938
18.472212708564296
17.100139822097788
18.471423798194
15.237870938580366
18.123307037897185
15.433184668468579
18.646946247510712
17.924626819162732
15.292101807460474
18.208543054850594
19.317549816910894
16.692122468178514
17.879678988702963
19.292517454088514
17.072398929580068
15.962193176995838
17.232815005660846
12.975406639368611
14.590280275712244
14.488361440200707
14.42611472962943
14.34704910118079
16.869317509915216
16.690321427298784
14.402874893048235
15.81910441286031
14.185806896702704
16.206944501273433
14.861491182402068
13.615490063656114
16.10218805489844
17.435514673992117
14.517718553915355
16.89585555965948
17.359006947735896
16.78969987328528
15.000733981000957
13.70877423414739
16.326278120159273
16.850420106393926
17.195036060945665
17.641679808459312
14.628699352592575
13.344927352155802
13.50338937607244
13.77649514935918
11.22006199855702
11.890580515808539
11.73867972210496
9.998680251629906
11.053148442557289
10.114193656553528
9.859461326835605
11.104667942647769
11.311443710192247
11.350994705917111
9.685611986147547
9.366064164552295
8.103019888848129
4.57157090669803
2.0588764184757204
7.743179455220675
7.230411279866608
8.143350881877272
6.862833270507418
9.056289173496342
8.645821681202252
9.388906695433196
9.178251310796295
9.66216136697987
11.58976351015815
10.721267423559166
9.07182476651883
8.692582635415144
9.183444553174233
6.1746932036907145
6.902941103942139
6.184024794932079
2.0043310952259086
9.674866273197406
7.858813804502521
8.741747614352152
10.69084677222097
13.184778219163782
10.368685369441192
12.61363729336843
13.679778910699502
13.268590565537792
14.565760626265366
14.110227593340895
15.159805475420262
16.480827862368525
16.575964313237247
16.122639611963567
13.044256535202507
13.855827913638434
16.517050670034777
18.039541333986335
18.144608000605505
20.37517302719429
19.223695905172285
19.22481921251759
15.056123174274573
18.11129686469536
16.66292465744461
17.070467040661484
16.537384553261205
15.280259440619412
16.832886742391313
14.801379517801797
16.10858790436987
18.617731548531868
15.947289657213606
16.195271980948466
18.38859668003657
15.959858599108054
18.027575244883593
18.309633480144605
16.439629129190056
18.117993081719668
17.802856519257286
20.745365995462993
19.07372753824014
19.417885327255902
21.331319758851116
19.05114766484985
19.48950995180304
17.907313084413925
18.76997137622518
16.15966712043209
17.237897354523195
15.78076672180192
15.963329984990256
14.261071616582992
17.383043891343668
17.008774542868913
17.040342519630663
14.145469514244391
15.279386047322022
15.594981899961482
18.157265857119537
19.50425745362066
19.14454766568498
19.467583107427625
18.39337560194337
16.985980511503847
18.656875784044026
21.238791534260972
19.755941723504268
20.999921872469116
20.546180574585204
20.79417292323846
20.735346845954968
21.87393064238934
20.181176341608545
21.092671333985454
20.974290311905918
21.522364954963184
18.972980104591937
21.82282515373479
19.240165511217768
17.465266823035922
19.540658583818836
17.269063854418423
19.273118832849388
18.08435961232082
18.40604405029736
19.053033137322526
20.388326905841957
18.581645752789075
18.74608908796671
15.98882770889669
15.841524667319716
16.51103701592448
17.458083185837268
16.3840766011474
16.21405044567347
15.898056864939575
15.934778199341695
15.293903515623484
16.624006978770648
14.551025080392098
17.938905273448373
15.383558897109353
16.05401777141898
15.306752821380634
15.58683573153253
14.11190619755849
14.197714274863102
11.668698505950776
12.065298073810837
12.61052020655968
13.81802250872179
14.401126048867253
15.093434686087676
13.713260656863364
13.65097798048741
13.26960146308794
13.931132410111115
13.48581228012293
15.156189161882706
15.194547101994369
16.39672336262699
14.32278321649488
14.484981677974304
13.113083972789648
13.564024830654589
12.040053632801687
8.727819214864887
12.488909963296198
9.793870486913972
9.058571943854314
8.643303493262696
8.262393574621003
8.790780645956978
7.588817999173498
1.908091184975415
8.536529638137857
8.744023165799486
10.067796382804628
7.719223658750246
7.1896574041553265
1.47155676822352
9.222115190705123
9.000472525316157
9.588726393347482
10.499831339684384
10.017457017653832
10.80548511008339
11.953968714574028
11.28948662891683
11.566105852739476
11.780665293480375
12.605559454257868
12.074247261969411
14.338075691024502
12.973632804082964
13.151629768767467
13.650200410622785
11.755705753327636
12.282665292625364
13.679012785196004
13.505967715322134
15.160174873538741
13.02200745627123
14.52594533310404
12.150173678781655
14.493461468183254
11.838888159496534
10.3418688150666
9.512618103610295
10.010104208501556
8.487306047222313
8.817193684730372
7.938323760792478
5.876898757078116
2.51698913883195
9.161123026699777
8.489431934604653
7.49382884658269
6.833626606117512
2.0326970905941737
7.735725201706452
7.302004120362495
8.029217425949499
7.3530844574163
1.4843151383287099
7.3126768060683975
7.823075155100615
8.58022571839382
8.793266615764436
9.113869937862681
9.97989294614421
9.62990527805861
9.02217619839277
9.058536542980285
10.94070316444308
11.028316574723993
10.51619988987418
9.20498703260919
10.298470754663764
10.236499600321132
10.112851376309676
8.788177764442338
5.60525371880587
7.317133523798042
2.472528346751313
8.047106246859862
7.7637272475298
6.856517637855382
6.242978265749578
1.853487428550098
9.922911951010136
9.088424608960272
9.435214347406902
10.00925694094982
8.887870131717667
10.374476669798783
11.402263377957125
11.050191173227295
12.61803224095536
13.525134887668969
16.23211242190616
14.405576570049238
16.608859559696167
14.621993419054029
14.597833507914693
15.401553108568399
15.924152772159962
15.285507798181746
19.386147104380083
14.787891567093943
18.780435893040746
17.590914410327926
17.22577912815954
19.550628932789344
19.49036339873679
18.526927219869837
18.059259670810114
18.172374423044015
19.591397142766482
17.472621219590735
20.104153484737992
18.665791115053647
17.604405644445222
18.754560300171
19.100017220319845
17.53068966494958
17.07793471289141
15.670870624752427
18.046397697174395
15.578541231864143
18.802228359842154
16.366975243526138
15.378580679645216
16.3327069862256
17.441239077124674
16.433228444494922
15.183781615486806
14.159698635840783
15.948748207543677
13.882151783821778
13.622445836696084
13.997766555923077
14.767553099837041
12.483231667671113
13.242867524659827
10.985695409510585
15.413253182626748
14.10029801250312
14.775150708761883
14.50284689422934
13.122572473220243
12.809182462859347
11.15805589442128
11.803072868000756
13.097682245995784
10.438143989373398
9.50604339011042
10.357626309421978
11.13827834412855
11.417079733632129
11.976871590698469
10.8367561065089
11.908643655592405
11.103037018420594
13.033725969652068
12.080012416559219
13.624860046318073
11.550299107803427
12.513856942992339
11.548912011082113
10.067968377870319
8.581391975902696
9.567477580696274
10.241905316926303
10.593276852582347
12.214177748832222
12.40896151824286
11.83868208431023
10.336250209023456
10.298973343556563
11.019690284944899
11.195501510297985
12.79448603904505
12.063525144616975
10.783300985271513
10.067584437732052
8.817243074690175
9.674957929978431
7.360870471437082
8.215431988162116
6.87224273634368
7.6569095256810265
8.873067236155412
8.145146699767956
8.81171340178292
10.276303953351842
9.24342610020401
10.775250019104414
11.071670146363605
12.674899467379767
11.276364086789458
13.897591160617043
11.155030488182692
9.702522076206122
13.30088097302303
13.544013336253629
12.56960755319814
13.924381311509734
12.279574794177966
12.655831061756206
12.228879094729612
11.807454387574094
13.144641398213475
10.807876236546743
11.689535267475197
11.895109789403126
10.696531197653249
14.973096469627892
12.918631179824986
13.514748904188359
12.682760473916154
13.89079636630517
12.80024318574405
14.956364249514035
13.8769402084231
13.867559484296313
14.505476838777426
13.513869018193839
13.448471228932556
10.482963878279232
11.03526728557038
10.528257493947685
10.69752648849786
13.078668583370236
13.481500577363331
12.273720529743352
11.035566008834316
12.86633597725481
11.462845268631003
10.230884423594773
11.718913274009461
10.601351362152258
11.149335822764499
11.791961614590464
11.973081092389489
11.75272682189011
9.901048025571543
13.046144794594328
13.686233725300658
14.248415690086778
14.440190838613447
16.49119166981388
16.84383388442189
16.539066884459633
14.593923316267384
13.505913736135728
11.48324239051225
11.856715167426314
11.25482817878518
12.394932252455046
12.707121078276833
11.629861644336659
11.980182677754502
14.419656211274255
14.28042774589476
16.560429077883803
14.743170437039144
14.456308856207725
15.207686952569357
15.051769886114752
15.199244511499215
15.945822932610907
14.190367695615546
14.552396229781484
15.914533641145091
13.467437376009974
13.812200247507935
13.758378701889145
16.274344523567756
16.938007187366225
13.629172479566048
16.566249834490733
15.773668010713914
15.790016658307197
13.792280411709028
17.85872643736768
15.008682783118827
17.04439665465405
18.174556124714528
20.26232439208047
19.84106756578774
18.556997736768174
19.70350242438821
19.883201531573782
19.13578203780422
19.20782190030751
16.01185559763084
18.073546625981038
19.073080182617275
19.285845224087993
18.406698688260207
18.288853624911184
18.48702447742967
19.2542330366149
17.116588936373283
18.60132966223854
18.80373178323006
15.43926737071717
17.013766405230044
19.088008848617395
19.079961908300138
20.02203757847048
20.378776379925057
17.206425763640134
18.332493062210588
18.297651921718888
19.27111671972193
16.670385998539974
17.72233020811855
18.138867446998084
19.297951804416034
17.4073193717045
18.12698285539641
18.862445995772585
18.30194231665363
18.28346337001512
17.701263146205573
17.871452923493926
17.741742185527954
17.47533672449273
16.82851188632181
17.455185782770183
19.343461919381372
15.281934523569355
17.851686601817054
19.347387232075935
18.898719325064796
18.12259955487585
18.215017588086663
19.966769906816385
19.42099078789623
18.063963747328355
19.265761669113132
20.2829026966799
18.27207928994049
19.286904015768677
17.48564172732704
17.43443817913272
19.134134173805556
17.83219640196014
19.971390301324917
18.766027484106328
20.107313837835186
18.294194416142552
18.540227827411197
18.853979282935086
19.29941323653105
19.88053670669358
19.706342816906833
18.956168956600322
19.858819547141398
20.45295057090304
20.664684555502078
20.51129634352063
19.083233454686468
19.78859991204892
18.774482765771513
19.227764263504504
17.396243699001808
18.513743058162785
18.27977207414518
17.69845146433819
19.078330926711637
19.093457053821016
14.916852764388848
14.883349752341514
14.195531086029293
15.145567037519267
16.44555919999262
17.809278458338483
19.550297887466296
19.97265013352997
17.15912325955901
18.218996272164873
18.334777829661448
17.46234035832547
15.536671605356156
13.998597074311908
14.515991338976136
15.919040664398569
13.514819782809418
15.028799185437222
15.256915214016155
17.979967078494752
16.576105948229674
17.571703253784502
16.55411428970571
18.472417380441566
19.79483838950246
17.755780346483046
16.551838610427442
19.43446776836573
18.583176229297766
18.247413371167408
16.158299183136283
19.3435083554869
18.11111608922157
15.617895105553558
15.478180755367626
11.666422227751994
15.800547975615762
15.406944371778994
15.04395646876818
13.841114091212633
15.137961314191724
13.846814695248876
13.454383957462218
13.549755817456727
11.358868649562982
13.223711936154796
12.946557190898472
14.64040084880982
13.464891424705428
13.310044268141073
15.655991485983623
14.532924682390162
15.569729561271354
15.695919474793808
14.069504151458437
14.742752422699905
13.1842872590137
10.42786218995123
11.46689846295006
10.697180507140184
9.034223179491194
9.190307682026287
10.341842402401335
9.144614142985576
8.808659504479065
9.139703232641866
7.579595910953671
2.4246975638945267
8.100980778673954
6.356309064083684
2.0957982588820814
8.006872243784645
8.717065195569742
9.449011373276827
8.32496892295442
9.539337004394586
6.189750743344038
8.305178173895376
8.488337412754626
7.18974799206804
2.0735042672662036
9.454660385746994
8.352594235248711
9.702036540811257
8.24074345199914
9.81639839720261
10.798461366256124
11.180808063235768
10.55586396934339
11.958155450484158
12.406861433102703
11.679173558105598
11.027785984560863
10.619124203321736
9.839198003156342
8.020701002138628
7.252876137715163
1.514802065088352
10.023523761353289
11.699759276085054
11.115265517938663
11.142415656601145
12.174858407186637
11.215045691579242
9.931183394448139
9.138816233191275
8.732482518606615
8.694637218774297
10.045402957529793
7.850950796300222
8.759993532045222
6.297841797791292
0.8325805396307646
9.831960517051904
10.532117538318996
8.750648888693721
9.128631978272274
8.414628963082905
8.97772958377915
7.524073995087313
7.22034102583846
1.9890065488309083
9.808331984369614
11.615467855390197
12.864415664516953
13.40192924895195
11.905116119267758
10.45492889708115
11.510132202840047
10.706201987370616
9.32420088065795
10.954310627631846
10.581297702910911
11.659233351109947
11.876617140218945
12.721973968891337
9.908225542012984
11.096019142448467
11.755619479742867
12.366345055805443
12.131916270912487
13.938732091327324
12.72153677457269
10.625851784538861
12.183409884326622
11.353271936044113
14.180178815071136
10.66165230546875
9.704438404040854
10.946858499270483
14.075012094638574
14.693484763221036
15.08471666608365
15.532598568696455
13.770859157802553
16.282306921718636
14.438666272540933
17.289652598380695
15.632690504960348
15.094751482096566
17.07696067512563
15.692709611239543
14.16315787627078
12.440887203234308
16.27937484989012
15.968778408359476
16.375273918278673
18.03717449023576
19.295299440828988
15.040166439104583
18.78665120959482
17.882810755918676
19.7729625614873
17.865718756528814
18.993215906643915
17.487659356100917
15.586108121501544
17.11215057827954
15.608189596760287
14.138749345646502
15.261402842098999
16.10148259505852
14.95603042061306
14.745930006571179
14.697457072270943
14.022883756842951
11.697911255691036
13.197481465661701
12.7870522662753
12.188840758462982
12.877451812576838
11.92400975875296
11.891853265407265
13.152969558673561
15.587619433307728
13.84322156187869
13.896353091922382
14.691802930844748
18.249574181425483
16.805981711775335
14.847372338385306
15.722590578979805
14.01007052139059
12.379355727019503
13.651234001115897
13.083416605650172
13.487131045344364
13.861186855117733
16.55335684303937
15.249698412355972
15.908385488964953
15.818496951651904
15.483427392022119
14.476033305077143
13.299920040305071
16.859834235171853
16.312257416310707
17.12156983933925
16.589372171052382
17.991587206712232
17.941021411888087
16.442884988411997
19.056372811541788
17.8146806505572
18.4155165661326
15.364592081812084
15.579402262582523
16.99729907148033
16.60847573230448
14.262406798347897
12.949679000913596
14.694555225410031
14.078169191307728
14.91369783282479
14.846876874106336
13.195469396519501
12.510229897011932
9.689297795675369
11.314019623364294
12.283489696392223
11.648391615137584
11.2749561250317
13.024867112099244
10.270061262157457
11.561124532386668
13.635476121431159
12.352274047315303
12.449055126196095
10.280225086766777
10.564964137658478
9.283700636506078
10.324523316763512
10.092279198806722
10.879806629545953
11.491171896229355
11.605509715326626
12.145176289930928
10.633320054718348
8.778759913024548
11.072459484781268
10.20924237252172
13.479291548423086
13.676536745405174
11.929925408848806
12.24375519896325
10.705461476298119
10.961763716646315
12.147272863783934
13.13670889388293
9.777410607847889
10.010399510354869
13.43524599578187
11.072053394972242
10.211475932455745
13.85420722703556
11.061401936976075
11.68926341598705
11.441293485232652
12.935504359352633
12.832253821246415
13.259132919200148
12.756584060619717
14.009371344592576
14.634513399741476
13.909540954199247
12.23272908973845
15.200740731833273
15.958034836936267
16.75053273179004
15.01293814797616
14.123853028865925
16.94166509490262
16.986906458677925
16.972936650653335
13.404678101900512
14.38994252628126
13.584369054780263
13.102958989905455
11.140789759846438
13.56811989922843
12.405519809530901
8.4993818532088
11.947449950715432
13.314646560532772
11.332551942620384
16.79581596998819
12.11651830538151
14.748655446770115
14.648225762641262
15.021123376027692
12.912432368137033
13.229779664734556
10.900990285908646
12.592643033655111
15.084767026017389
14.550132016073356
15.68470368855052
14.026558437363352
13.453049191467302
14.70342455604249
12.091525178788094
12.828028484444241
13.772567048442932
13.83201029606082
13.499957284673844
16.478702849706963
14.130311419112314
14.131128478662388
13.627579564271993
14.28105705235853
13.035684204290227
13.632969296738718
12.20025050210417
13.41790382863367
12.064115463707132
14.92906975922315
14.163796801678327
12.390868295110728
9.912439434610333
11.207838659462624
9.405571412395608
8.906916060202217
8.977661591205909
8.96647096918345
8.214417712066036
7.896227346566572
5.875881600323137
2.0529244641626425
7.901005551411872
9.322474573308659
8.206609449171275
8.767896566969302
8.024705401679356
6.005542036790826
1.9903043447780169
7.044979412880393
8.468994423156063
9.93166731947558
11.020617728085488
12.426582554632004
11.193876959079574
9.355914960626908
10.678042589590717
11.23634188063104
9.675435870790068
10.779304108457232
10.400220840466949
10.523046489402992
10.05687722872744
9.863699486030589
9.292762463260685
6.902469630384944
5.426363907689723
2.127795171397816
7.552407265725753
7.311843817088571
6.42103242702844
2.2013388679926016
8.638713319826781
6.375348572851297
2.0834651968818356
6.5092800109060365
2.2581338907695305
6.804842262928012
2.001491253420418
10.227176917112626
7.966572606112718
8.6589978423217
7.563721777378591
7.794805515249982
8.696223641224908
7.7749718781109465
6.789853267897079
2.062420582960308
9.39559278961028
12.09642329263447
12.505600124335794
11.628900411578304
11.175232252753156
11.974956268502009
11.658309062239924
12.130762275808337
9.579645393195648
11.063041125857973
11.650987994294512
12.528290112074156
9.346191208267717
9.299803362279011
9.264185938954299
11.25115378910137
10.782352364980886
9.691249500714411
7.229288450384345
5.665754037224183
1.8440231251822643
7.651349931799561
7.518833474555173
6.130247861695591
2.2566270576816665
8.907390265176245
9.555833550577164
11.098338587413924
10.2330724134276
10.148097427495907
10.192749586499964
11.743444910352736
11.551863736818856
13.261248138904243
13.847966305106286
12.88803920526167
16.4662927547362
14.792779182162633
14.225499550334526
13.939490384807513
12.889206827365456
13.819109198672162
12.223649397136057
13.659318722800434
12.988417592989588
12.669367412455202
10.986314505389622
11.82051850736698
14.126534219361961
13.389185072353307
13.040702692513712
13.647847151582543
12.476553452002927
10.457500057877132
10.684575184328946
10.310911641989858
10.738784701925113
10.667320830340769
9.921920995259917
13.232346188550483
11.539319201210402
10.420835254703393
11.584080641375667
12.94831854825044
12.761633379799695
11.490788247101591
11.748414320771278
13.106747279302656
9.354333120065291
7.9831029949336685
9.979604291879324
9.886978344306122
11.42647838920814
11.284843576827534
12.940633103017685
10.84482287675817
9.391677894070247
9.310758795382977
11.698701471714667
8.945044208819253
9.201268512037688
9.047569613445491
10.159344555939711
9.973711076813254
9.071650273999252
7.085437100233655
2.312662148306675
9.101753218091543
8.022051279807636
9.361628373781006
7.658487221746347
9.813845023229373
11.440182138067533
10.756795479605703
12.614752048615966
10.955314580187261
11.780917283060685
9.580472027607795
9.476913688292477
12.022609167114728
12.731971505245838
15.265008094521535
13.776452254366518
13.993439494664967
13.294589808763194
11.686887804099939
12.602173014481787
11.853255336135152
11.758321810506306
12.683790345831751
14.810147579378013
15.854576519569155
16.183759191709814
15.08649411686117
15.44575801352095
14.087497249123203
15.967783762066912
12.865491171368856
14.082556277353941
12.46306108325288
17.632113674696612
16.87679928638625
14.331409963759612
15.030917079247851
11.635050518162304
16.115592489872007
13.751483384408095
13.213732086992676
10.682238868106516
12.911329669737889
13.061563870844656
10.807654222556186
11.980905538519323
12.368339045596137
11.114980953787112
11.298008851506173
10.678818514206181
12.337381931039282
12.688564929086196
12.830847319619359
11.728618041805332
11.602604043614177
11.277662487521598
10.513313218229941
10.448990449739217
11.304778812672286
11.80414862687702
12.514698192191766
14.464359635309673
14.851369233520048
15.088321783604975
12.54834688842061
14.620732428893152
12.743349391584772
14.008380466414849
11.231460131327728
11.960817722633678
11.840708400812288
12.151166028088447
13.541614377713138
14.19779792009863
13.014976578382552
13.606642211616432
14.292308545000537
11.961342022747553
11.895368475873385
11.907066847707656
13.280319027656596
12.799105986877354
14.230052043408019
14.212671792717684
12.441331211428373
14.677444503430332
17.26361966322978
15.232934734793814
15.695743263920422
15.913739697176673
17.160487316391187
16.517594947276322
14.491617251158882
15.56632548630871
15.57719605088726
14.29616166428335
12.956259765385397
14.394047754865985
15.099051666899198
14.41623628697837
13.63604341269531
11.731147175060707
10.593081575818795
9.465753542966276
11.302779964826229
9.200448727279252
8.054830360161578
8.052130449722227
7.137944337078578
2.510520983676436
8.286759461314366
7.188164874872874
10.292199133214142
9.299364537447936
10.693261180851794
11.71562879607348
10.182868607377062
8.771701860939299
9.520715792742315
10.649778834229414
8.279377770914257
9.769505437924261
9.24577040812276
8.635799588444725
6.090020198926124
1.7882276684741312
7.915229609609643
7.719938367815612
6.519541076647056
2.6116730358962004
6.81584778698465
6.261504485108981
2.291650899437494
8.65989888313996
9.301735368019715
6.345082935160661
1.8870408288323643
9.069146072501654
7.195702880948667
6.920913233612234
5.610387424139431
2.201244314119032
9.414380141777281
8.511248080931468
9.819719582246139
8.730419834754086
9.096161480582502
8.962732585404927
8.217913560206439
11.586696119097745
9.666323571379667
9.763545763036094
12.179351123071463
8.814528569672145
6.910677327054895
6.558072192328349
6.81363055355116
2.437334779129841
8.42291205787318
6.729951240492687
2.1171440495115723
9.874271110049749
9.435594211646068
6.268860551113146
7.432288918281536
7.7812746785488605
8.35410954659605
9.063153203627564
9.58642521650092
9.545689455659822
11.779114897198754
10.63788297184403
10.060151550865788
8.337979231421894
11.307708012676933
13.052718554681658
9.671196815911296
11.760701203587676
10.959402592894476
11.806557598750723
12.413638623146465
12.829905855722572
15.12232698816817
15.747850236993232
16.931379859507935
15.363921457332237
16.675748299001917
16.535525871665893
15.96971290989651
15.499976283250147
14.83185171183281
16.65464190920309
15.685011701386031
16.52291962499382
16.502654121251638
18.826443911164915
16.519505181230382
18.21904850286989
16.389249088958124
18.34921289533785
18.20820425339386
18.650356387461198
19.16749395050967
16.12438386349185
16.951882150783426
16.404565376146234
17.795696040682937
16.483749685488355
17.969214290676383
19.22765709897493
15.80822106800826
14.069378149082503
14.795926753919712
14.875795688958982
12.005753894704512
12.25259540378774
13.304461777827479
13.42069479102746
14.293318344156681
16.030355002792245
14.505019187029744
14.044989570741784
15.268498639548957
15.028354766888881
15.578144419111796
14.981266873067396
13.747340074243857
11.959637589015115
14.641254300596133
13.871379440164187
15.038069687747786
14.667756380885091
11.79417468851339
12.957324855791787
11.476028496939982
13.860200973480154
11.873087900100208
14.054230747024409
14.560994516395386
11.009496948467142
15.825142841313303
17.95280253310008
15.155142730781252
13.922994258082385
18.498281201133704
16.88391017889456
16.291976051216047
17.439708165645683
16.649128818793745
17.54529128797263
16.309352468240355
16.38860610072918
16.79508859748164
19.435881701054956
15.861507640462445
18.38289761894793
16.058721259607072
17.648523304575875
17.290018624473998
18.359345929817696
18.810818718604864
18.94698556745568
19.021954278208344
16.329120250470773
18.548218262049495
15.901131191497775
19.8168758178731
16.240545567970948
15.220506575565226
15.583971519813868
16.53301937805351
15.996020365546693
15.460589131262035
14.373645367578689
15.821886479044734
15.230022317006663
15.34224581259442
15.800956359545472
17.42411138726527
16.685871190353513
18.25133304652189
17.76468612019389
16.292551575012016
17.588659686614378
17.644336571045898
15.79295172071797
15.36672564265029
14.2312864188428
13.65328494316785
12.619659803445074
12.353774189291538
11.059413256223857
11.735952248622157
11.930782531087655
12.035309391795128
11.850188494340314
12.047654883853049
13.518524221977433
13.098319767131084
13.64259273049146
15.278388169903401
16.65887916546924
18.42073561872986
15.953427307080375
12.970958047008898
16.421168036782603
17.5752400071997
18.96628838157925
20.524690475639353
19.179657693450178
19.384630099046383
20.15791511470974
19.678368726190772
18.257325111679293
18.793400697620868
18.441380422060693
21.31067165432824
19.58106492816815
19.568109569317258
17.121587860678325
21.047580186691757
19.778242022327692
20.61283369207137
20.63470266812491
19.46544506164565
18.855095451102187
20.893175181603922
19.94410192106582
20.041904723998307
21.02462269146859
17.70682838710094
21.201299304497685
19.857591376367967
17.15148844322273
17.090473055969895
19.084321231072455
20.08675942471366
19.50815085662981
22.444780776992708
17.991541821048564
19.352182613294914
19.868598593763966
18.633798256509717
19.72954925911037
20.158202223375632
17.195393559208664
20.010276838782925
18.16581618407179
20.86393031578812
20.92926221521068
18.854230244923126
18.431699510080993
21.999254452053343
19.82820408240783
19.962932922501064
21.797305631374137
20.07095278463654
19.358039037092656
20.106325682802595
19.20569412805596
19.93917049101786
16.554986819972566
16.770530921013275
21.16564689327644
17.556917967310437
22.83338681532415
21.1385333499618
20.29229373748924
17.412497247639752
20.649135835621877
20.70561439698038
20.910674655764023
19.809926110476137
17.2657202361405
20.17328059573067
19.552840620735488
21.63689518426934
21.6878383999297
19.627321108677144
20.95891640443936
16.55473945090341
20.136292735599884
22.36387037198371
18.880894147005847
19.521476581937375
21.60869596700996
18.397401731303958
19.11008511942483
19.09781030041268
20.780247286525665
20.706743564143586
15.820054013042645
19.16791736272538
18.530343378790256
19.807772822290154
20.552988819883616
21.0932660058975
19.630750198538447
21.57914023790785
20.700475162114135
19.345484984989607
20.41134091311482
18.29495681615277
20.77221959441924
18.088923293555006
17.669903244034995
16.497371533334938
13.270082203829677
15.249406808686917
16.548015578122197
14.632124590013387
15.553489871268185
16.757643810531057
16.48533834911448
15.775704356172579
15.499409430886288
14.307612722016941
14.547787332693899
14.107612663913857
13.567046272519267
13.272341678880759
15.85179679208932
17.412950034457705
15.34739026833387
13.516358607952458
12.871897797156029
15.109281827241517
15.31242927144743
16.053972674037556
15.882051056879487
16.165164710124795
14.72164811607892
14.799816591419455
15.03415621221855
17.565434010309467
12.990602968409284
14.83671966853845
17.28186987836951
17.1785256724091
15.541070696107665
17.385921303716245
16.907960640359207
12.299513699119675
13.322861814890796
12.014979573444924
13.805573099372513
14.195606427730347
13.237778048284238
13.73820687493204
14.38998466665995
13.095946222523809
13.189236756317328
13.649653096238117
12.177266212582394
12.625925368810265
12.380854314603816
15.404410852325459
16.18286906675301
15.657029168448046
16.104263594634972
15.846024592318075
16.733010825784575
16.97615689692554
16.50096642706919
20.688693575988466
16.03906552474871
19.206578478723273
19.76379528702371
19.911323717695446
19.261894954648493
19.202884340855626
18.519671155211082
17.400039547984118
19.91557115397172
18.03296545712513
19.334796935522718
20.476453981720553
20.29729253950883
19.350523615871808
20.39832355065302
20.042236790486907
18.53162453953404
18.182673431953976
20.122835216433067
20.84844293151803
18.899451677731015
20.085324775631825
18.15297078467564
17.60735539496397
19.27182613939475
17.81533133265833
18.956935255115376
17.36016608189683
17.580396223465677
18.54274601764168
17.15968779830084
18.34842649382445
18.514422413303954
15.038473932595092
19.910229444334817
18.976905766693076
19.18877855684692
21.314766544224966
20.169421763295258
20.043768562727237
18.67132335578082
19.080732807023093
19.029991589307965
17.472990424260075
19.842150337829764
19.067294531298195
20.535793349774476
20.12304986625638
19.15260751509992
20.346506311556123
20.39538262275009
18.25514503885324
18.53785966354295
18.07592942814908
17.32766513432701
18.326463993067673
17.503293327504977
17.638613481144034
17.93975532401275
17.998694528440947
17.64258272384288
18.285599435123938
17.723292066678464
18.0080881237385
19.535887478974047
18.622146304296912
18.816765569629396
18.38488544652016
18.21340658788468
17.54625035547609
17.202170739309757
18.413413277618226
18.493178107247857
18.989615369321278
18.84633561758126
19.836523986453003
19.46976971201488
18.570276163444966
20.64029870717542
19.85017925084656
18.65745427451871
17.750529900300723
19.845003326715872
19.077366218306857
19.68640204839667
17.831979955925476
17.541814259122525
16.78377875356997
18.47077702543487
18.093482479034748
16.211377476454857
17.35107877176129
16.91341033880728
18.78219918582134
17.354132802910804
16.87088338364278
16.469640957189828
17.414698340435816
17.010127179614045
17.767172144073097
18.53409374430629
17.932797515818923
18.817257149224158
17.8434748980179
17.228367369672938
17.653382737549713
18.162189963618303
17.33864424256429
17.65534756804755
17.804751462632723
17.9264830805377
18.88559447678282
18.878804530827672
17.402062721490537
18.036481845558832
17.956886215312128
18.360648053304296
17.948667180129807
18.621396200768178
18.95509895644381
18.394229878301207
17.179605722745833
18.295041662729083
20.206993984762576
19.188712606011322
18.6580622382424
18.915348614742808
20.579565586626412
18.829246518491647
18.24079085606829
17.519656952795426
19.07087420579609
19.053322500271133
19.045297315128877
19.404148712907908
18.9177710625206
19.257526454157098
20.168925888018954
18.92969738965167
18.634452232138763
20.83883637124934
18.799161626433413
18.468755221630953
20.643920457405777
19.017728882051497
18.6291487381374
19.645475384646005
18.790575022028758
19.03505980215088
19.01371135819805
19.748633876921314
19.017648418253966
20.10893884468596
18.517733722347888
20.128102874222325
19.60513967272872
19.84803841936731
19.23920323779526
20.001986764741734
20.73469516404882
19.581753235376713
20.200128099292858
20.10538515070011
20.54604234202007
19.58040059415466
18.55167064788674
20.44244219477639
19.936754083466248
19.898899836283675
19.693822476485757
21.488877228116127
20.586633395265768
18.01873444115008
20.62984109990738
22.61934178908276
20.41713796742769
20.23570149919249
21.164702402453432
20.562434543398403
21.388678830203133
20.353170484242884
20.71905069151142
20.851359200818933
21.047645773594166
20.870884411090664
19.87709316243517
20.342376055351707
19.68701768181756
20.71056901055029
21.75286254634207
20.97514889587592
21.433206623516707
19.26182111714904
19.448197235583553
20.23830274804161
19.531109992824067
18.219934366104827
18.497451054042884
15.713784461286028
17.915599151472275
18.463517315755162
17.83526976952468
17.02248252860659
14.574533055729358
15.719655228422644
13.355005714080349
12.376391500937876
14.263400773610748
12.196209448851025
12.061247580973939
10.204994230358889
9.389275263966251
10.39051275426956
8.78731318942409
10.535945826524719
9.327846423434906
9.54703954774689
9.69442791033145
6.927983227683427
7.107632366996922
8.324548209355402
8.874179357908547
9.42960791936551
9.60581187203956
9.95642353990895
11.88339739025401
10.757786416422006
11.698040673610258
13.405326408293629
11.335285432045431
13.205514257974833
12.189787268379842
13.984813269100288
12.153108742462935
16.029908697960316
17.148785589003328
15.761555434377383
17.47445562819709
17.26477629287802
17.082564322056573
18.66728660477581
17.957267814652205
19.20332539063272
17.37391679322238
17.479687944267926
17.212773492377273
16.297582672691306
15.789414100994845
15.252173437158795
14.959124895165829
12.329940937375445
15.712585807384697
14.35183744083892
12.364675976816258
13.181351122410325
12.150321258847079
12.048995166162584
11.320541696225568
10.872395217122762
9.916597472482948
9.567550273332044
9.768216752738228
9.112229004770816
10.107094880455069
10.055399855045382
10.506552741538306
11.189428306284247
11.474301336945548
11.294758172825745
12.069409353666705
13.49237909023866
12.642938138611122
11.331896754267394
10.631380124439904
8.99501296628882
10.147843736516222
10.35872079676844
10.448416266672583
9.197019082368959
11.727744474217877
9.469418965551313
7.7234123781512345
7.950656130746168
9.083298614346251
6.8131481068336095
6.7952744777220655
2.193722998162159
7.381258087493457
9.495678545838794
11.531899451287655
11.338706018399572
8.927675186809145
7.781838195639865
8.848912804165176
8.568653941042577
6.60397907251481
6.7862270526379715
2.477534916868583
9.53746100102827
9.535725876718544
9.323082355530053
8.75884082603481
10.460259658997888
11.18474109132582
10.16832923137828
9.430917188187566
9.720030599253578
10.29834650298732
10.570182092851908
10.976502587746486
13.03154876590922
12.182714667274848
9.515755064245445
9.953960461906394
12.231899315173065
11.313134329710754
10.955244216461601
10.570515435796901
9.432326384067583
9.424404952125956
8.249903398578942
9.975093163071096
11.666329602130649
10.074039518433016
11.283588373880171
11.091457056190778
12.335251781943501
8.932284300338647
12.018569078396506
12.579839095646745
10.407366894277137
7.601958695207122
9.440816306448628
10.816024565522369
10.85311102027593
9.332381739259086
7.18325468137488
2.5576711471030507
8.3425445492205
7.303157386854227
7.8899381262672525
6.561851788156971
2.1916516817452507
9.306167849497193
7.036597859604577
6.280605927656752
1.8510444460465323
8.628504519284611
9.64104521673173
8.980486139798245
9.307123071116163
9.833752984108047
8.738672084587176
9.610529351444942
9.874141610940766
8.831244271120134
7.582911422681461
7.683852381156132
7.362117142133295
7.728551387677472
6.332447335035959
7.89898248606135
8.674822627864499
7.205971064023418
8.266800367788214
6.7735319120794495
1.7997826773968024
7.192899921628864
6.7160165577591275
2.239747403848761
9.761385734894363
9.569707992323968
10.810094055343754
10.359627233185117
13.899188460644778
10.879929799912079
10.350956709569232
11.665850692305565
13.49723152159998
14.611561342402082
14.511454180852219
12.863492754106435
13.924925653733409
13.576363739556625
13.59804712380756
10.613354232502326
14.527998478595146
16.644423088836945
13.376948526556829
12.12973098790909
14.028770984546888
15.379736308598554
14.404113268225345
15.557830284505046
16.398189954472166
17.32679594038399
16.078850387118298
16.198023818165613
13.987928913304708
17.353757713383068
18.547226021903942
20.232006545945055
20.04675965931685
22.332237009215017
21.2613613576424
18.76794547371063
18.886489807531802
21.517958918887373
20.42122735836111
19.752283032516015
18.367049954361722
15.935187898036608
20.540269320298876
19.723818236845887
19.303501924596468
16.700477313987836
15.935752296129394
19.948440032550618
17.96831504079037
20.237996927010546
18.264222242601132
19.16455291133572
18.513040974820743
18.172874467738396
18.50693122316172
17.403653775855204
18.502770161595848
18.45229758195713
17.399257336120936
17.046562775849917
15.334472428234463
17.3007647906223
16.203309551082956
17.228405527745053
19.181129182605172
20.424835009958638
17.317610369050417
20.722044741695093
20.879157094244917
20.332629233693027
21.66696645466928
21.991717837166473
19.080215003021284
20.54108516647533
20.372161487889382
19.959961662271507
20.172263614478023
19.87889788786199
20.285389865198184
20.239361411180585
19.958814128702492
20.000600591877244
20.432546584989154
19.354684416774784
20.806435031708716
21.109878227169506
21.194418560778878
19.77592557109473
20.81910450637177
20.265447637627993
20.150127960183465
20.167947362438486
19.71858793924822
19.733216678239952
19.885193758055863
20.9697775981924
17.758215995894787
19.04395459399935
21.375681442027396
19.071173281500403
20.11414779905851
21.4863894313241
20.312534640439853
20.09597857811094
17.93512559527054
18.996368385498997
19.36299911693808
20.454764933360767
19.193091920434068
19.518632427928132
17.799737538280446
17.322766704289677
17.881081223669305
19.55082329689502
19.197812425034073
19.775606360461236
19.992834451573543
19.576157680165878
19.740560555101716
20.292969757249452
20.01499286473893
19.6704649176734
21.696703298679125
18.897496462550905
20.92995068588136
20.02672896158888
19.94493348229283
20.82470343045789
20.597943515136333
20.664613364706018
20.058045108999863
18.713869229568
19.81373327482163
17.591742080146044
19.382677582176928
20.289004543506167
21.62465456542178
18.681855379504036
19.707393423887186
20.391462619219066
18.781927225828873
19.640257481456253
18.929118476159246
19.34903516367313
19.600586253535806
18.789421767768452
21.9704115304546
17.783146335520506
20.874269759184255
18.491223688961227
20.41575723432292
20.863073506912766
20.531000641801576
18.622330145605947
19.950947041348222
20.09982567058773
20.369135338641673
19.184759002170583
19.94572364507802
20.043976410893908
19.090427909952837
19.998447572414037
19.493357397696663
20.48477792934608
19.708927750968453
19.406337577704544
19.3400831476457
20.2499488583382
20.23973796976099
21.18432783962116
19.425932297224797
21.531336574718928
20.263922105180033
18.91191107367378
20.31303443539099
20.776361207413355
20.699834814379532
20.548258919387788
20.26888576693415
19.760213865224213
19.877282949478257
20.512078371985105
18.716993739064556
18.948437123564826
18.648523719085492
19.889493625878053
19.21071521437902
21.042998541447794
19.69794065083928
18.74572198139647
19.90757609502268
18.791076487663283
19.55244592207665
19.65766910534878
19.844120016372397
19.996182641327746
20.56906377124207
19.892218511276372
20.804570473770134
19.565636691224732
20.563206529182104
19.80312699312168
19.71278727971281
19.600198772647055
18.735108005101004
19.931771102065927
19.95318014402357
20.344377462483507
18.992851723422103
18.89793957255045
19.15711780254418
18.777817580981253
18.910021541472346
18.640858408465995
18.868374454869322
19.495040428824073
20.584568417420265
19.575886211048335
20.181109841619325
19.52879329663905
19.796921057005974
22.058428038249513
19.647939699540498
21.479077857090527
20.75526833056814
19.852904434280706
19.779248932136717
20.651653881019918
20.191678532513194
21.884797762095047
20.484376198227984
19.063837490542657
19.451344015035147
20.01033264349732
19.910047150752394
19.483377331604505
19.209754321444336
19.829294979348592
19.31829473015989
19.82064856374451
19.58688623966514
21.236424226239006
18.01620841486464
20.548735342678338
18.978743573991927
19.079120149691168
19.705153054322192
20.0235879730579
20.259121428508124
19.27760811872619
19.358238586403736
19.286346368335373
19.954599198754366
20.2854234902427
18.952981620977045
17.697862430898333
19.045434315393003
20.179465184584153
19.40332855465277
19.127606183004445
18.60712742881268
18.75083731434951
19.33393856924594
20.147675464088973
18.771650450815812
19.98146667125529
19.04372161383997
19.625795602038203
19.444895476376054
18.855077920525773
17.97411839676305
16.966797075233345
17.7020227727577
17.748634452011043
17.77498877599377
16.54709999558399
17.95382173307252
17.975900820209425
17.962451766833947
17.27807689344702
18.216122655185355
19.24344714336152
20.121186802893032
18.017210590208247
17.607541769645856
17.99137038742095
18.475910733760557
17.636098792204592
19.368561705333967
19.724877889301432
18.498974035868745
19.463476337940524
20.379822345718093
18.363576299433426
19.841532380514135
18.892467211276212
20.087999491581034
19.870910313429004
20.207075018110533
18.9677424977535
18.69700286615032
18.73264796760208
17.773418230511986
19.673604221066682
19.470472976927038
18.339042898060708
18.234323381138623
17.35497323909529
18.456508025999018
16.897049450463513
17.889906925855346
19.96951834069787
18.81548594645622
19.785056030687386
20.014202537723914
20.977036669004818
20.077079548235343
18.493128815626893
17.386800529415375
20.336491836066582
17.602956825818673
19.75241130819145
20.215034019896283
18.248509413869346
19.821025863207932
18.441868335159352
19.16264735749396
20.750413042462966
20.35113996683815
18.03165835027197
17.914908071307256
18.73943396957385
19.32199376999626
18.003221216961254
19.875187360144263
19.101609703900593
19.599877488610787
17.55314545914768
18.936931496961506
18.71904892015657
19.154213239920338
20.655906959092192
19.875237742419852
20.47847418710503
20.0451967230999
18.58588075516944
18.274123283698852
19.25867461408124
19.277674928808246
19.189743149445587
18.623791161936296
19.242330697225302
18.196611381897828
18.167490052057822
18.898614016676525
18.687750847411966
18.906739397798606
17.14398890047312
17.03265711800294
18.100978510504113
19.974371378485177
18.68297546532501
18.3090777600596
19.141384448485482
18.5270200661165
18.89564751847793
20.104041566369382
19.51228376427136
18.783275387307174
22.491744434798324
18.826504085241393
18.592326446844588
20.590242752176216
19.697856830767897
20.806738639246085
20.39738839599304
18.894909583568182
20.30290852993413
19.639719178165084
21.682191986296036
20.051704942218578
20.571091191048126
19.99668010292004
19.68803724011842
18.215928997300985
19.384669209570326
20.744645570710475
19.52119142215928
19.63888572678236
19.36159312000894
19.90894567970949
20.07801756596075
19.769297745345888
21.021159204249205
20.04135094237157
20.703334332525415
19.396608159246618
19.183562518736718
18.85677879886846
19.055932609374345
17.806653346452983
19.166737774545883
20.396304652112992
19.53672749442009
18.90609796209114
19.676878247955514
18.2058201443724
19.911282566240278
18.776042531061528
19.080067541056568
19.284323013401902
19.038612451692444
19.196310176501427
20.51230006040431
18.242774969680248
20.145168975488
19.515061390471942
18.440353168955337
19.05326514404403
18.180596427038314
17.773667664006812
17.31017267001426
17.293228883641852
17.306063566904037
17.851609644665782
18.157111084441286
17.79333400764267
18.03253594785852
18.871946506594764
20.198082804598933
18.51475621211533
18.939164587711325
17.532645645932885
19.652954155646672
20.598569147161164
19.94611721361852
18.34367246733959
18.781720279703244
19.630109463572968
18.512245024901762
18.72552016418176
17.38066110563174
17.24175520643342
17.40327995905213
19.26360712225333
19.028855808703007
17.8717114493338
17.895079302466662
18.3186821244752
18.227630598546778
18.83170400143905
17.779039061827067
19.600783263705857
19.394058619541347
19.198818887136937
18.306231196169087
19.809033814594397
19.44271605702391
20.041811241109436
20.5746975132427
19.923798916065117
20.278108508022868
19.350757494340428
19.70469519475207
19.41952553529911
19.2882205740442
18.148917444901702
18.504167225146436
18.5554405781259
19.709127715560445
19.628307672601338
19.947531748855077
20.90536044185088
18.919886032104323
19.996710035273214
19.30816932567372
18.282606274990812
19.25543304535015
19.792773041272426
18.688853196405688
18.37072401430551
19.756873679284006
20.780700759092696
20.177922166790303
18.847767125623005
20.681577298936634
21.299057656055805
19.295186264087366
20.332689768135854
19.804613370508818
19.58056519827513
19.966688592576936
19.895635669302035
18.585784827280413
19.13474026824062
20.832898386686704
19.220465587844206
19.330111515560052
20.218360623662655
20.334678188397714
20.531855149081224
21.146408528250067
17.81860064329202
18.860139879477924
19.397610692515478
18.069379477888692
19.812085527036466
16.589563818888557
19.54537652163217
18.816711530203882
20.546021400208105
22.406143450449868
19.226068210670242
21.205240334991522
19.831992538181833
21.007701516411938
15.899706548260854
21.380623974953185
19.879734243928564
18.87191079141951
18.197360522548887
18.584282851306565
19.158256406332427
18.984549344543016
18.77513736548134
18.76078459274695
18.905541958733323
20.283207451819315
18.898963123060643
18.735625679097883
18.268112958667945
19.781874511214227
18.00261474471327
17.007562791006123
19.97632728845635
18.563810750738188
18.91189551638522
18.638582018583268
19.482330946083263
18.479179833254417
16.75041303858525
15.40035808811127
17.944547835225507
19.506592911084024
15.51107223213513
14.459584429822614
13.34439182611704
13.041093338713248
13.14170014941693
12.588211196293708
12.386069614389228
13.143913160580924
11.567665929371648
11.926598434433973
11.105265934618329
13.179856972775523
10.99550193312663
9.30087595914357
9.08277572418333
9.933963304548081
9.332750865719753
8.712147755599549
10.828923493249082
10.099633510221409
10.846758780525215
11.28655314888507
10.205215555253622
9.573869357578277
11.669205982857598
11.17403871072903
12.360333755837246
12.575102690864227
13.488681468652544
13.847111819141665
14.707416822634764
13.96237137430502
14.040694805181147
16.29504548368802
17.852140099235786
19.30550858204402
20.40552261316393
16.87749899462272
15.335337254718402
16.183708098995904
13.884343083947778
14.935571636342912
16.030231086317116
16.401678198262772
15.774217000337753
13.824502026623243
15.572701872531805
12.213776598409098
12.394060925459867
12.280709413562855
13.037856453686496
11.3145273473322
10.215911541438448
11.195350354544027
9.916353102981745
11.608027827843856
14.025563430949493
11.895029606310022
9.338248972702782
9.771004112664684
10.691149203059402
10.926219439382725
9.541383922221465
8.899877741336686
7.967266715772477
7.819966218693844
6.322453765055728
1.7495844714110957
7.165597707814649
1.6241630264193776
7.642716785439455
5.507943705609298
1.7009940813539137
6.843995524465357
2.4065831338831174
11.400211627135786
9.113535101158
8.405568423517877
8.485982470804753
8.2236257436768
9.225796796649043
6.832591057984724
9.831797934412096
9.11874355898165
10.498473588576235
11.58168202319455
10.123141744066904
9.595787576573565
9.010536579415891
10.512548164599348
10.34360355576817
8.762785492733352
8.108258524592218
7.852713159974692
8.556851154612158
7.591335561488344
7.003540383863967
2.07462926091575
10.678036007956113
9.98186880621664
7.641691596016602
9.764072401880929
9.552047886119054
7.061351643976719
8.191114547490645
6.455359416085517
6.981061327614417
7.573262010904619
8.140437192079588
7.102602944175083
8.955387718776889
9.101264513815709
6.76338079782556
7.219693054433883
7.250089854641154
8.245543059619255
7.303022729375641
4.8003146978004985
1.8586489009465321
5.7997883572641005
2.148471862684741
7.582504777925505
7.378155875210872
6.14351357833675
7.632647425009587
8.88037649831609
7.3379607862280825
6.983840187308924
7.829161401366202
9.459004081354065
9.380848787065837
7.995652643063283
8.081369438637383
6.23290455580876
2.272562879324659
10.1020693763916
7.3251181467297135
7.937440601168832
8.96197074386736
9.243754738130882
6.977337865871598
7.8276084890904825
7.9926731739826815
7.946460562112123
7.383575379212784
8.132824976548854
8.129037387114016
7.798220725987303
8.701661078092359
10.26644740376186
9.347998103332003
9.025860129221037
9.482900485954202
9.15103777498693
10.067808318587057
10.083039108750127
11.148241929701848
10.209446529181536
8.874084129936744
12.140841162870373
10.791809567998516
11.174147161630927
9.698650748598254
9.754652615754582
6.332186433404926
9.275899807654064
10.98058595656282
12.344180479007298
12.274567073761235
13.18361423638693
11.575318284192429
14.007444067522329
14.52876039274511
16.138146552393128
15.9647935511849
15.700592269483337
15.038306372186124
12.759905589294958
16.144246183814165
18.633417746938296
19.391470429544764
17.255204560112112
17.474124552147995
16.815532624314116
15.5020733027063
17.46632146014978
15.98174786510939
13.367214732505229
20.007452759551363
15.763155188174858
16.51289362102471
17.48736975157916
15.925098530109288
14.506669757973732
15.618545740697623
13.7059025908664
14.021430972373235
11.889880508107971
10.075150415820856
9.999882726575287
9.169941553124467
9.218658574862182
9.872210432903845
9.812805270706601
8.465293386050304
8.853273475761657
8.727837727487167
10.626173323476552
11.092940190773993
10.057056842852543
10.5264528639171
10.826258534753874
12.478196970023308
9.243559751264804
8.677602558174536
7.515187618431532
9.086748418875048
8.50207790141291
7.112354963055525
6.491221981929279
2.346995473186843
10.825077484332194
9.30172822916448
8.611656219986372
8.93360398670603
7.217390258167955
9.098594208120353
9.315481740119768
10.457251543592104
10.329226998556678
12.02808133335874
9.79709207959248
9.503300010994268
7.1905044266624065
1.9445100217784572
10.539806624650545
10.858846798469129
10.053381570155578
9.375695805689094
8.567148760609237
9.519523597245412
8.853760095260958
10.91766308287478
12.198216473461393
12.039102210683208
13.178577099880622
12.840591329243288
12.522011345494743
11.346749713518125
8.952716461997376
11.128636438604456
11.192810601624334
9.981131034466012
10.719507231623162
13.881996573738823
13.415772909184035
12.464154837319636
11.800033965302767
11.891061140341266
11.605577194957732
10.443550427910525
11.415717035594321
11.681909769772858
10.89556841609502
10.115418357110858
9.63444271080541
9.982983832256615
10.177668786152305
10.32041512743652
11.246706911502342
10.180090721233398
8.30985781398898
8.752546485306747
8.09824123873209
7.56704154374913
2.1023409263204766
8.085934434265411
7.065376947817309
8.681086661112849
9.472748023518607
6.804587214389773
8.387850140046691
7.512374753052294
6.315638333765097
1.665938399744166
9.153162701937609
9.518953432832616
6.6471463231486565
2.236422312572182
8.971557530674433
8.021031195747579
9.59160929585979
9.095519839846098
9.901564729462127
10.65403478153905
11.927718943377426
9.431135702818498
10.803700199519506
10.234790659735916
10.462099091884257
10.536475618319288
9.259968468886052
11.769572992779596
11.849555485075204
12.061756327821971
9.167005828372602
10.961456614227869
10.537091978037893
10.134352770669441
10.09396787446968
8.358655217289897
9.460820955946552
8.244017111935651
6.474108349414439
2.218979134248635
8.177419876340203
7.92114695271903
6.94665012287039
6.865212245114831
1.7726640136570946
7.451377842115569
10.003194897191527
9.405236421670127
10.92160878308118
8.485043890480748
9.362834749930904
11.017900810577705
9.148802885324173
10.341468955561698
10.289999408433392
9.650226483056343
7.619010497706532
9.302305578124823
6.161696481394869
2.2596514170351742
9.277256400520464
9.653353488570941
8.45052856444569
6.20370886089345
1.8563598919488
6.730733502589036
1.8001991280462113
8.754880397284804
8.636863887478157
7.017079154353011
7.255628225197203
6.580098840814024
2.081103007482285
8.603844160539197
9.90921733202348
8.826587884847045
10.113447168695725
10.357407674171695
11.559611368027557
14.322952335065454
11.741027194957535
11.394877300945213
11.419010621032333
13.498975277931365
10.144201078184327
12.286832054116461
9.758581284439927
8.232556449033865
7.418038106789254
10.12803862943238
10.434890857000788
11.087443899710268
11.777219967942267
12.797588263812042
13.190127849007858
12.016055958741736
13.26512385487212
13.102497053332728
13.958070048980387
12.055258256721395
12.102149180552267
14.202903039228048
14.002362509152974
13.928475303947383
15.766733684955332
11.041515707330781
12.634753962084769
15.854906817082561
13.488431717329133
12.521659023503982
17.196782025605412
15.835141849714256
15.726847665146158
13.518114545316006
15.09242024237691
14.743183951147726
14.765855653620926
14.159684254439451
14.965820030433486
13.110803238357375
14.753585752759575
11.808092296340066
10.077716805370857
9.562621681625101
10.22190893621524
12.900024902586516
14.157944017192895
14.938527053033397
15.409067702095731
15.42971440982458
14.651868644644413
13.564991720072662
16.613633647231225
16.109018312824166
14.952827085428359
14.719088940971519
11.975432503000258
10.37651881978069
11.239696371361644
11.16729553391746
10.302226275240795
10.726703807429036
7.7908684690088625
5.885138377680498
1.8518186691305667
8.588133951911688
7.140041632329699
2.2861246009910743
8.41670074881242
8.348581145150389
6.8351886353603115
2.049673377360281
8.179584675332425
9.573289897763829
9.176033636873658
9.052324958068791
10.865348621134558
9.712536367836517
11.144941707789272
11.968651039978582
14.731498835840414
12.646276345687033
14.667772819154367
12.209484508329647
13.560400114864716
12.744976500537016
12.187177709339373
12.176094298226115
11.0361821749715
9.577421943514473
9.891299400082607
10.206562502781605
10.913189440250267
12.239515887012322
10.95013269674427
9.017773197646372
11.031253851587996
9.909266790122507
8.296267979904929
7.3299170273020815
5.54813600024722
1.7851056819545836
7.036998517635548
5.517670530011207
2.0467304243844784
6.738525661033512
6.407892244724175
1.9973330671441034
6.173534592869803
2.0362725206035064
6.883580057367674
2.788032670446747
10.166219762317045
10.36287540220814
11.826258984531423
9.768916320552586
9.808216429807347
9.423162968548903
11.659776254276913
11.87786833580034
13.362872606992632
13.090788043277328
10.18851207845785
10.321174864070347
10.517878115547894
12.129499501385958
12.048175546826572
12.284891731111196
14.982876655233893
15.736958701617908
13.4074619571612
13.766621725155026
15.546835037163564
15.834151978849459
14.229810291375749
15.243881576386418
15.816109344097445
16.17366421070792
16.13458807938818
16.801088719412164
16.353632371831612
13.509991199289434
12.326869312519452
14.481777385889538
15.099030992471993
17.5914326207331
18.313736852435962
17.02246684356703
18.5036266455384
19.17200625716371
17.300285555568344
19.17304777060097
18.001266763022862
18.26213913387518
20.013364182256808
20.325502722116763
19.363318277580746
20.212071996483644
21.25817678751148
20.306804548311113
19.757545864099573
19.2118258111401
18.89064014285995
18.102131453960293
20.210783872630966
18.375712619070086
17.237744837042214
17.715532352780453
17.951168280325028
19.04443423343306
17.84415514715085
16.12138498636502
18.261490225083843
19.419367886243176
16.798112423756802
15.567808865816977
19.57815863806329
16.478887746600208
17.048557592014646
17.45884337068468
17.276797695679843
15.515444660976524
15.51259188256381
19.613633476778517
20.274022929906263
20.050396617990728
19.206184745578494
18.594939626733368
17.098885226792756
19.264275179909134
19.84332830030666
21.39942615041294
20.887549297133564
18.24144912860722
18.5550003530427
