44.279245291229245
29.961977946019516
23.478361067544952
39.482108185104615
27.22967987622113
32.70496496546052
46.67875419010449
25.702097449268077
38.366482909241284
25.05419519835478
21.001931529598462
20.85248800043566
30.39864964937585
20.826236137722603
25.103900526523283
20.82872764937526
39.99594740688575
32.87310369216527
22.954293951225534
17.297127087343952
34.14665975033666
16.426395500057197
14.412456150884918
27.400041420542156
34.81663701953964
29.77621626964516
23.572447247020897
29.945484067082553
20.424257578513483
21.770317395116916
26.539715428051522
45.89946776309845
18.674086825216595
27.48152530237712
40.21463028104965
38.74302711778041
26.601561224905986
30.198833748160553
28.85395361217353
40.438952896339096
26.512394381027644
31.000450305772738
23.082119433352126
38.82788368068036
15.966208941356147
54.987825662285225
37.152849435188195
30.820958915599014
33.03036318557363
36.57037717967986
45.34873348987053
27.698026905765808
35.64091568095838
27.75430320892189
36.59186801466633
21.146097793729048
40.967704507168015
50.04401692597095
33.57057348178084
22.80653304877092
31.386322797469774
26.61243066047117
33.95952079227037
37.594051468397694
47.59746932504657
33.84586485213081
45.90767754634646
25.29124877983381
38.58330718267295
28.801969749612567
45.41008295576164
41.43193225568868
46.612399821950135
52.96156741665493
47.82571445935188
45.510496350047696
64.35666899071906
27.058284730620063
28.405673566391314
39.890121629689254
33.47407303728191
40.558987286984646
52.29153369339946
45.64400053505839
46.75454256661968
44.96661429850243
46.56362279474983
50.55897316005245
45.08532737826146
49.665617185888124
49.752187702345054
43.10019149249207
26.50960933030227
37.1885697459952
40.58271435785706
43.97021103088417
40.03824038201448
34.25031043088248
46.448309214348804
45.69014223191003
36.76575893197767
46.47394479455618
34.83810620467089
25.387661686583726
47.722348880899645
44.87046182649367
48.88163992124172
46.340134633977534
27.022581563215038
41.02721882951972
34.60139220720816
41.319618641436264
33.08616562765494
42.07398583992794
23.950238944051822
28.9680279509644
40.70894090786049
56.437835034156116
30.683208684736158
45.11735708798625
56.51515739404809
39.05195930781745
22.38053737357655
47.203354180664434
25.427571940873413
30.540535196325706
51.935553308527524
46.18468910350443
41.74549534012759
62.75601513506556
26.839755682979213
36.271225032652055
49.267884220093364
36.54851542206086
25.140977524526967
36.69622378767786
53.80684337413484
34.135355348282275
29.27966985866159
27.381060220916172
50.9972758193016
24.486993633800466
41.17641055796134
45.761262384599014
44.70251241372505
53.190741772840006
37.45931562336885
44.7456916719215
38.204679599358215
48.406193141448696
45.304044697124105
40.987214256360076
39.36905584493014
34.001198906157576
40.4257264818487
24.59320369276912
42.92972758300466
20.210061183476114
46.713394153743764
48.01974083007541
21.55576461490869
29.093505599300492
36.723530165018936
30.99886845640174
27.7489093812573
35.28000557870656
43.909115430736854
41.597633025727234
61.1430959474313
38.30479355100855
30.470608382279508
43.243151684668724
47.06334136055192
49.145436855792305
31.60881926010239
28.25166506567816
33.88235029198242
23.683194707432797
47.447940243553944
32.96800391514111
29.920595661789946
41.18049316719567
26.90996866234673
31.057022488228814
34.711376038651004
32.18059012741497
29.560581036806006
50.0340372316642
48.61003281176038
38.01322798097596
26.82771506059079
32.515231551656484
36.5117746227207
36.392355922069726
44.146637961062794
38.080974733753514
63.59469941104241
41.67374748189541
36.73826194273081
38.295965991592325
38.88710368998704
46.65395242474539
34.508301390530335
40.3841277534455
44.71247358737249
47.09895035657689
37.99496677935868
55.049645736695844
38.70318728558602
57.21091877974173
50.87243498638538
45.45538143730398
35.39376150644484
44.79129338453521
46.05096222820361
45.36765334886707
33.782849525329105
26.64071946834709
49.05588730904969
52.17125666005762
43.96546613261529
62.87338421605873
43.45543536273725
36.29369099574128
28.903581879559024
48.45364723480076
48.63784919737529
36.41950506227829
46.57464253503624
62.89159359765896
36.570120484413934
38.12693337448316
45.97036491601821
49.98757495342445
40.9874652125909
44.587337385122446
42.612500681317
23.102016585203575
50.83460250810982
68.69408200469155
55.89486816679511
55.512719827640886
48.178195996092576
28.435729309258623
77.29754637359734
64.13495370185058
44.24623492030113
45.48130218117352
53.822702109265066
49.784067885741884
40.33644176443909
53.82568034958757
48.17600450298322
53.09220271167207
47.9415770579092
49.12966118961499
66.78269742504162
52.26968918417214
67.47379985798925
53.98689004354921
33.439501177148784
42.17866002188276
58.18520284939447
62.18944304208179
34.593948650067304
74.83645746126278
62.760006758363986
42.48750254152701
39.02404478571784
59.094130563133206
48.99675955069099
49.19237558297126
43.73392312795268
61.26309126295017
33.679267052804455
44.394948106015775
49.901088788440155
45.75966327535547
49.0565280147614
54.32359569428914
44.34346221955919
22.64318524800929
53.233647947247555
38.296487745836785
28.20177237991606
39.88738273803977
42.84046670481348
44.884607070761746
43.49477738778339
41.430369923518484
33.710077612529965
52.50230260576859
45.98564996348319
49.86327334954038
32.431665870346094
41.43061015960926
24.418557333418192
56.688721806614474
47.30659782090896
52.407163546130725
30.253372397025515
72.81097565179557
53.045122835197766
29.453552408246974
46.34296484862867
53.997139970168256
24.31511940204056
39.932699564036454
30.418215627015925
40.986527777603335
43.94115574682304
60.706417550531256
57.01419393922538
62.65127481064856
60.1405962566232
43.05466110125675
57.07947611711903
43.5546690068414
68.42718075758981
56.7148065611661
70.51588572766791
75.64193918108626
37.608455977496874
71.01615031384482
46.83839997841561
46.94535093042629
46.56056891917627
46.53725586676725
63.78757437543377
49.05936282181726
58.212465102254455
50.59323463772493
40.811832420866985
40.779352347207414
44.99350340625372
47.37612132999337
42.998685622754195
57.061138607399094
52.45365643363876
55.646143431816725
31.941770160170282
57.011781718079796
54.959538691994304
28.261551120931145
67.17307393310207
40.08669709885798
49.28093296109827
45.040490697294125
49.08069329410165
59.11836022597775
38.35638315236251
66.88050492945936
53.0335286143091
59.15540055603681
60.26347881669858
59.00006450234768
55.68142922354188
53.38907045250273
80.84697931616954
57.94105976755193
60.19003713340303
36.8117657658011
69.30288625572042
41.088122019018776
53.56504152740369
60.856860619334796
72.04732434479011
73.1541132560786
38.93699270232543
54.786369397276566
69.37048552636804
38.463767852404274
68.62775310324521
66.13033677608081
62.265294899681436
74.58482701404465
56.749135592633
57.84241491023356
51.3463965516571
51.65470666606244
57.26923648510622
56.31350248195327
52.858318641372136
57.48132930188312
54.01361470158439
72.09670705959891
67.69218408631843
37.43488002283894
65.92836106066844
56.2444027594064
45.86590202977558
41.62839540454254
57.776685054344355
70.24857873463354
65.56017908273942
46.893153915058974
87.66999542245226
65.15042360303165
52.5339324128146
51.78188876023268
37.14901377447498
46.9821896880654
62.95146132421833
40.06177951751185
59.55246476995364
44.290785187681266
58.67999147255564
52.84628871039755
47.89123589502639
33.910590136109626
60.295742262984
62.57657990945218
49.196697841226324
59.87167266095506
67.59382688791986
85.2897516805557
32.33877091419873
64.42325819275662
56.915380544104885
56.10005422804742
38.580809532896055
44.719383000304155
56.15392922297279
58.71647937906103
36.49667962771253
50.717090278893004
26.499025898085392
43.487534229947364
28.204797392501295
25.91051606979193
56.33849365045736
44.931100092906235
35.967693822830846
56.47430525760355
44.54921935473334
55.849187662528934
54.64137802464127
33.13412897103976
51.566026612437355
47.105064548437554
46.77686013214211
55.25065383183445
53.28506856600306
48.89895406447639
58.97940354837058
54.16352593165064
39.59689367936068
51.75905729599596
52.72575303511365
46.48818845548042
40.93381171373707
37.53708724498563
40.672943156070644
58.45045597570379
44.20587863675716
39.624438607935915
41.70094012393381
43.921358126129725
37.23423486009888
42.08677657949721
25.631591919704725
34.408911943338516
46.179296329467405
53.49882152780686
36.9661260330915
47.38214601415817
37.168790256867055
47.6650930551118
57.074465975153224
35.557278673926604
50.712293935860274
40.71992610749304
44.83581689172218
41.53593338623687
27.18525125052438
20.097072303747403
31.748645143437006
42.77289734339862
47.94174682280781
32.52622506519694
33.13680081271457
53.284115567575384
43.35350446051599
38.606089629574406
31.405062007260824
29.560368281606692
30.914215410781363
36.7680365003599
35.00663822243865
31.310006117348617
44.963730700955
49.74310848349012
59.36316493839165
42.10844967530744
35.61949678672954
40.548458644521396
35.25916843757304
22.442087468620226
25.929651595316557
34.14495995016801
39.45399542789123
49.106766879200165
35.42655566380499
49.3636547184256
56.06155209664912
33.55055647113135
59.404401459983944
33.29362520565553
48.817100948328715
49.02398776531979
49.853511331622094
54.28763726108276
52.98231564728164
45.54596602307123
34.722204378470586
45.37702240228348
66.21555391231429
38.1159242920395
46.43829572925411
56.703263705524435
53.06750368747137
62.425835918788465
29.67202410533647
35.589790749736764
34.32496056531591
53.92416209790262
28.112374559659195
56.384160066287414
40.65842425810182
57.889160494551035
52.727258895871294
46.534982255785685
56.408916976918604
42.815586927494536
43.37150434034889
51.299523257594664
44.51079938381624
40.06160233584843
43.23282308863549
66.92920319192505
28.806670076125002
46.651609726343416
56.1190992900702
60.613952696707685
47.58144948533052
33.9019170322849
47.682238391114836
67.56544991863299
52.10544421049307
56.432925439460135
65.21357342876475
38.789606340776324
40.67581549475133
57.260361353664635
42.40498802750997
40.23121779765027
41.59704715523079
41.3214063285821
42.74366417294876
49.196760852913236
87.52827038908167
43.171343828432725
59.76352593507922
54.05723341885948
40.41317035242553
47.369019412244015
64.4281484267035
58.10393458812406
49.61597898239756
75.0444865437121
68.70174758225053
46.44275513918588
66.9801130309354
47.43412387372392
50.195595840733375
59.185210775558296
44.67354142299766
38.949851086394695
47.289819026036994
42.62376574356553
55.2123797588357
26.657323571958017
42.23921654959031
27.31069204379672
45.169479853305745
36.286093051114136
39.70492117086233
48.70326787859529
25.089840218326575
47.33112613770785
29.07949761882114
44.73974364934135
44.18417742790459
43.595293257297136
38.02346273147982
64.21521403777201
44.49035030305855
45.18744635222928
45.75031043164527
38.958116965287566
58.769077251416185
40.08950320873639
54.21751053763469
42.325409065092416
57.96144118426385
56.72601450187065
41.28067628486517
32.225315509034054
63.98397117061048
47.603605804529
48.967982368839436
48.546675356889025
35.11842021129922
47.01173027862655
56.44727064879163
41.77504922891669
51.010502134104286
41.4147434276678
35.032345490352974
40.39557225488251
49.39704845284503
42.056640391829156
42.89965775161761
32.908300090580134
55.5671206343238
50.10882787956361
46.06133221143419
47.169935594289875
51.831154752682906
37.3864793461514
67.31910287675633
68.45170564371315
34.98388282065896
40.39773702184015
32.339009321235515
52.21980982462932
38.996119294215774
45.16894574006052
59.50056904403061
40.75886155112611
47.945112296834765
48.80364215425792
40.77601557719759
57.38920960415876
60.63005919449898
54.49891628658835
55.46334357303664
40.419481611000826
41.978148501173415
38.75190763533706
53.04288083746462
41.68581044221653
58.25351300572702
35.43080598123754
51.63588225336341
59.72980012752537
52.50874486267496
58.57834692089541
31.537608178956916
62.58177261788183
37.55108862936482
43.04969188099939
38.41160506722784
38.977274622195196
37.375819771066105
37.10812050310254
40.74278293835864
42.4144986343201
43.263896083108186
24.623460112381224
51.50800692181843
36.33047796958509
42.65935648574196
44.49721227677587
29.67931288470222
37.85251325507318
33.22566001143092
21.443033201278887
34.270917788614895
46.25532255579509
36.81219341117496
33.15046334561073
34.12194117352733
38.49555298284067
42.72620718168082
22.533890375824594
19.88979817606932
29.087617685762353
37.0984896376903
35.49676062041311
23.50946805367699
48.15377150598008
42.8685357563666
34.76035645615403
29.637023240261055
29.651014093032842
34.944261913607335
18.623131711228186
42.48270153848361
42.317257128627155
41.38468552328447
35.46295024046987
31.370704742232824
29.002103791878817
33.45061298329528
54.45110031263043
31.74875643864877
45.44231555216766
35.801420557891184
48.25115529566252
30.381259250169833
39.973116841339
39.67581017012699
39.84085091858243
36.07702667260108
42.35751498020047
50.864449043873535
41.47660862917386
41.744342039738214
38.06253283333534
42.86627545823934
48.72902736198581
39.963562343343995
39.372224679675966
24.057833917657472
25.993866329077647
23.953431905115494
23.98421064441418
37.55195124732399
34.911216596634986
27.25605519263664
29.23780864170993
32.5960996094442
40.237258031308755
33.03336198799636
36.64863351777842
31.817135026784438
35.186660251771954
34.62113915057781
41.91670063855363
45.50601057921952
24.030555627012586
33.99865905371154
49.688897803407045
26.88349857759124
37.51433782007159
35.67482663030419
46.73912413802364
50.41219231941731
57.45903406013894
38.90519528292434
54.84546559139338
50.55131861395778
50.2768341095009
52.55531402046043
40.16520901059599
37.59992110685816
44.93956446978907
46.44785276319601
44.50017965511975
40.25167202510073
46.328910250018566
45.7611567527307
53.4424599291583
43.101143079389395
45.016272702605065
49.459913941517904
65.32335007531958
55.60653369618081
41.372798143829534
34.2042545479908
85.44133702235126
56.139613159195655
78.94646725583436
64.35238023124057
41.75141962430564
66.34982762314975
48.688184765628996
54.20453106836864
43.140297148706985
36.73527742844145
71.70418705910315
48.04587857216006
52.12105728832519
40.944662809920544
46.45988344531676
43.47632611536508
54.181317605861885
55.1849968510307
50.72341859826752
71.36096890843567
30.399075795879977
41.25639343674787
60.02895130422453
69.00022737593558
78.80120207560685
73.60359818672222
60.879241122268034
55.060591676630814
67.82951331827223
65.85983263765843
77.10275460030283
81.19784334515774
58.294256516081646
68.88256941404401
73.91379295896475
65.63629274118303
82.44557566056108
61.92198696361746
73.06943994405165
67.72803411058712
70.38828141383127
54.94818191563354
65.79402406406577
54.29310054793325
80.64752123279337
60.10600177543818
54.92809913236775
44.3156296937288
50.52924998669534
51.83913160673154
37.92598460419648
36.14473495631597
44.69148254534934
42.86029029451365
47.422844608077426
83.30905501722205
40.260698170899815
54.12697063045335
44.900602137125254
59.7389150220954
40.17364012068934
60.939166850156795
58.21084262285577
36.51718229059955
55.889462944899996
58.28799124014285
48.23152424030827
76.06946177308909
54.898481711012906
51.03721192186806
60.818510561698204
55.66441104307876
52.03229561359897
43.23580642514679
55.90327611830337
83.55089179982805
70.3645321012655
53.95452099693488
58.84284810251517
55.07521573779577
47.28219771683697
47.896332031858186
68.63418391898881
70.03723529461895
48.909290869127524
61.535752558072694
42.697501668563596
39.938316782980564
78.04214114904815
76.56574204907727
49.578527441951366
61.87284003782678
68.63522304306588
69.07096277879612
74.74058995936862
60.557292894161264
65.94169577870346
49.18202283240142
63.4883176186325
64.82384883017546
74.16370156060937
50.30545301015707
51.968683701884174
58.55066320898112
58.832989731494635
70.9120076599306
52.28317991916314
75.21319319230086
58.393114406789735
41.37529258125304
44.26725182402943
62.71172158195809
45.71562500068909
87.1071295941241
67.32939271569188
59.711433929253914
75.55334557157832
29.47202772152722
84.33676613089303
42.60787387841576
57.21026390088042
60.177604681406045
53.94573106489907
75.14284534899346
58.49459403249405
56.26698646256732
63.50255171809567
71.5352448183637
57.758152970387854
57.10242731031816
62.319818893624216
57.98866399843389
60.02642059362844
45.45893298069001
38.427087644398334
46.774223842618504
65.98877903270703
44.20664881574265
37.37174905494719
49.52611465850902
57.936670951453046
39.10910196621241
46.27748145101789
36.78825528539608
45.85860865837969
56.48134132456486
44.16901279664958
45.64780128283127
34.373049753811536
64.78258955762868
36.366271276465476
51.377656014078276
56.22444750424849
40.178103802824566
54.04911837237785
50.12906866047266
37.36093278414054
59.421526417829334
63.29870623839903
38.36200004296193
68.84547888630648
53.79990320265868
44.68823416596711
56.77436780923621
52.06673993738752
57.37278104250192
56.705327144025425
74.72178280575422
55.4770061341421
42.97895213270853
52.654185348196194
46.12138787123206
50.21277079734554
50.25486538130259
28.576960792110828
35.59112881387676
43.24941063188758
51.9121718728868
46.96436544688512
64.35285142788102
60.17886803526052
64.27053443500941
54.59460908612093
69.424786403716
57.929658219661135
54.72387275889358
48.11540328184171
71.74909332087812
55.89847764336398
57.46247997219329
49.22511983543576
68.72696136170991
78.04550732001195
45.233522858169984
48.01792772211613
79.82748425788061
83.00425653091052
57.59132741841733
63.75034742100225
62.8407199475963
60.47348106360197
57.23968378106329
65.95997946909546
45.41590966456701
67.30789524470009
73.7435776832579
78.03423863104531
59.7660638779376
68.92514761870262
63.522821845144385
60.114476335026275
33.45468341913449
67.95024469969243
45.45472825776388
68.18241048047841
65.13622394661982
61.41936864400765
61.4281694137912
39.465588583116116
65.76902618859333
69.99853281707883
45.583826264279736
60.68818658301523
54.96981502476899
47.157561787571915
53.97214465082859
54.19609475119823
35.890678076548234
41.178296690230084
41.84389518978658
35.84545473074355
28.982134064852183
54.43701459941105
50.27520822435672
46.210859198584856
36.820387644975746
56.39817233284206
43.67619967714351
56.945318435926886
52.891691518763764
56.216574435221744
55.42406269820073
76.45531851930238
68.70494185288244
51.708622327431954
57.01270759200218
51.92778459249434
57.38425555341529
53.44298863804454
49.522701792165094
50.405191500051565
46.66892979656982
51.76541936739831
53.65699732380591
69.40006248521455
61.6703496455928
49.39059392286903
64.73084102366387
48.75004068364353
70.55570767229321
85.94199664452503
35.59975427953753
71.0226021190977
34.030746824536635
59.70964749154472
54.74830359969296
63.50484941309456
48.08116915033143
67.72498307170761
77.16005456100054
75.13768586277982
66.1884975863709
60.92424694479748
83.9421847368647
53.64710706070272
69.67145304377394
53.869774767347366
67.3359871820521
73.2111082332784
57.39612487560589
71.99524269139667
58.797941790112056
94.24727460833418
57.174186465333015
72.21762485027295
83.18635632071114
84.85327517166543
66.69723341589233
80.86330481002616
86.39561828838171
93.85641654323604
103.61261664303498
62.4855691314499
75.58810802647315
33.95495974791099
95.2890508637107
71.68954057457752
83.13153141590244
59.60645140718471
70.45707052242682
53.1136112050038
50.545355706184864
57.17436623819724
64.64723359398697
63.570145354053665
59.22831206055506
58.07530850254284
60.17779042185424
67.1029304380084
68.19556446918976
75.51284105695335
59.07067677229875
60.954783207025045
50.00722314517609
55.1396008668781
56.739823441659496
45.837630751475444
68.49466040615135
56.19262707382214
58.66805234732931
59.28123694783689
57.22992675906452
53.45483896036585
54.47520449506108
72.80932799484884
63.07873086994536
77.0626797905233
59.492439861027236
63.8879736489437
76.28227633576118
67.95884377956538
59.63619845103232
71.29759382500662
56.99101693925328
67.40746952357826
49.264182120571476
70.547367070181
74.58947069409228
66.31246889117229
57.49988696233999
58.779232202121804
67.50914866156087
65.44617614701993
64.23189162656318
57.42050539559284
61.32095051685148
65.07331023580241
47.68335999029552
62.442868887730896
53.14621390033741
57.26756547631786
67.06520846158863
51.31157014997981
49.93335759260072
61.81603913556914
55.09427804012819
45.24751309852001
42.2252473965212
31.9921564510547
40.727720108583206
51.95144160444591
52.791680062615846
46.51602232669998
32.69126806685021
74.20045839511944
51.14392256417886
59.97954627665785
43.839986784393304
63.16383087939515
48.92196813719319
60.01547374720329
70.22538585252676
53.331536256832564
70.74035163842909
72.35927982686634
84.1919525560389
47.48853050525105
62.36354086075017
48.53066124220011
73.20286589983037
75.20641659737142
58.285677867549055
53.78149840147749
52.580837454537686
61.732845772074285
57.132047351687866
70.6780689297154
54.40987431174344
50.79759522513138
45.63584892690014
73.92622493733286
44.55913798421877
62.43213157208944
57.08310441924346
75.07124378002227
61.36478695008325
63.40511068034412
69.73272489630446
59.21537835921436
68.23430892130364
56.14271561624418
85.52642234394602
54.34207189531131
66.87852720000554
63.136452106388035
76.43127416989948
71.11944654108352
57.034212834280254
62.26195919101638
58.10366451540027
55.855377072786496
68.99017155827443
36.33274301894341
61.062633779527644
71.34856019867989
57.38506269783537
59.80806645088775
57.55473957925054
53.98768842197932
66.55757296852185
57.738772358621375
52.39685338617891
64.4736419151923
52.448699940966556
44.3265220348987
43.92507193801435
71.60499981194394
50.56905230467754
66.69855542294806
67.61778241532983
59.695362540415
83.61256264049979
61.72310349815989
50.48787253535777
64.13508397053528
61.54626822789563
77.84219689438154
58.904469837411895
52.17587695749258
67.36118588321142
59.24673046692155
68.02851980278294
63.04136562603253
62.27898745213538
66.44519806100031
41.15223060235562
58.19870209121224
51.39281168204564
42.5929747839543
58.61224795818559
66.92877188586394
66.77399120091951
50.54796887681127
75.7303242756521
50.873290117394234
71.2401630009258
52.800219112862855
85.95873480042896
90.19406844652157
65.00777395837261
68.87571607545378
60.04533560088113
75.81668939522095
58.90488260808815
56.40247153817174
84.77504846191836
54.63922217133568
45.04308676449343
68.68318120667617
74.6278597546233
38.15889614281561
58.403071169849454
71.77285432402113
66.26818739924917
63.02764141273381
64.88658993741039
63.184681356783145
37.35442855842899
62.16810242447454
73.88001173696684
60.74707906284116
57.3142121664175
59.574479889702154
52.252533351407706
63.62379082040755
61.44584604583584
60.933103683793796
49.95231592977995
48.005199066385416
42.80318866925002
33.22304771631009
34.18409512829903
43.889900687551396
39.54747200072131
41.02364324679221
30.56326485967583
33.10401681679877
38.029415966102704
47.62191322391602
24.848561318766684
30.209612296404053
42.768364731147294
26.76279769209235
38.55751189238086
24.23830146003037
45.035800840706194
62.34294864072446
52.652802306574316
59.870421821846186
48.43842122654543
50.24111594100138
52.83988663793358
60.6406780242908
50.750453562971636
49.39958549317504
62.18565921522948
52.80572642834309
44.737011862539575
73.57981395562112
68.139660689774
41.73546241144675
69.29366361486552
50.28364670448362
68.73789680444128
45.673229909588194
49.343554296724406
47.006759595972014
51.442203137082124
38.29125687094851
54.31415014555037
51.49265597577441
32.46179695801197
42.870406018149005
52.583744798313006
34.00306404993723
51.102924400317136
47.19647872933518
44.91643569235494
55.246081658651
40.84743470840996
28.648991227591846
43.49438725982356
44.729051981852066
55.30568455915408
47.93043799002185
37.71250725801095
45.63944030855459
54.04842969909778
51.60637890451493
61.09591875548808
43.196932947526335
69.51063616719547
57.27032310980385
39.097694921198894
57.988312160504144
56.98663676057033
45.80397256340769
58.04365349659117
63.7193184248355
57.829077188222485
45.03131058423284
60.39568718222413
42.48009001395369
44.761445358278465
64.21482247211796
49.01596558767657
70.09598889567872
63.70312495500872
53.18232606434596
57.70090447466135
53.47414691276153
52.22250602933028
69.77272442561785
67.54160062063599
56.026435786474345
41.88505866946947
58.853634692200025
71.71463456139458
59.474733698553074
64.74194557227639
61.168436803326706
55.24513777871614
53.64657419522302
59.56987475544386
46.62651719555743
45.73011769343006
55.23608067978378
44.41516854403575
40.006609282937944
59.46878082268569
43.56684253395393
61.511197615190504
44.63997759502068
70.42877494357624
37.122750045241084
55.98596654036393
93.25464196891531
73.83963660225183
70.58560745488097
77.06295380532475
53.08422446302188
57.47230304942644
89.72386841293745
73.79730873623355
90.67960672966224
80.20217289400668
91.05365178588693
81.73371131180456
82.77231122142767
74.16717907012338
91.51470752673873
79.6441743021928
86.76029261641457
93.08120020116759
91.18106914460382
86.05913157760403
78.1621853557095
88.42285672888646
93.22059623243378
85.31925367746281
79.09129167074691
70.7070463741621
92.70620139374097
101.48645564054056
93.70643450943494
89.36744408785037
57.016068704761
90.8280423223453
82.20238028645235
81.82570094125506
93.0285417429181
88.82267083733193
82.72818311661484
82.56408361107852
80.83350831248774
77.31646454290849
101.17423862116614
87.45733908788262
102.76097511183536
80.93492950543558
62.071190945426984
81.97876267944658
87.04579863806019
101.29342245244086
79.10645563529549
100.44872073240123
82.31942539555644
92.80254890129487
96.44229533469407
85.14640120014414
84.9621063949008
106.57184961847314
99.90976509834566
78.07580513979971
72.12615229338195
80.90128110085038
86.60008385157
82.7300699765692
67.16241120247193
70.72310505805395
60.317903574884824
78.8387601433276
59.77709938330298
92.02521854241284
66.7861770911999
88.79371169220961
66.46248881752399
91.66482123965937
52.202756300654485
89.23534342252329
58.817526232908264
83.13619965589916
62.03061360756679
71.58328963210748
65.46405982217642
75.16754409306915
63.37322676172728
95.70122040844815
86.00244486279021
80.20990046468881
66.30372430086328
65.06080234565776
65.98936151995358
71.40891585452972
84.58514399842771
86.79744956568612
90.88877757883257
88.819734406645
87.07786747949798
88.86444624321514
95.42266161495901
78.96800514560218
89.23431339291241
74.99288229697794
94.59520106021503
87.12772334396446
82.06316077515021
73.11014622898342
70.86609923796777
94.06977392388679
65.39246032849373
104.77244857053532
79.12431142574069
100.97294695391277
79.26178014169562
60.57435152238314
75.74423168842071
50.05694503962778
58.783369466641034
71.93033145712027
70.47831055312705
66.14864852258226
72.89021007853206
48.62202857424536
76.308634439316
69.3022464747125
83.53604331667464
52.582856061686016
90.24608862094358
92.84733792405966
88.18510665007231
85.68892930333372
75.48854893703117
75.0400860395866
70.44476763506867
74.17054902058833
96.17033313580825
92.65496283773722
78.52275690430942
88.80557377422389
83.05940299491795
81.8442053056239
68.31783391667285
77.67966213561805
71.24335426987923
71.06774394695428
74.43355842285094
95.09738297736283
100.04620879576464
92.36569452857378
101.118289955036
81.93065580291727
74.49127079297709
85.82876869017095
97.24053981791809
83.72722684545884
107.94252556264661
97.46713479048668
88.40908093850055
87.0916711772687
102.91628361957468
109.67269517811116
97.12448782349314
86.52279075388003
69.1982074193386
111.36605354485953
102.8076173226938
87.42678898683316
76.40089847066061
106.18117828050795
95.55142877075947
82.64957854346002
73.80968982284757
67.48684786460078
91.49001474544934
87.14165032904577
73.67731377577756
73.40637497898139
87.1747956266382
94.79801302149802
78.22192734359218
76.1141585594814
100.8982450970354
83.39379326611049
104.20974409348499
83.46602330456425
89.76676689318221
98.77094674228437
85.03461638944557
65.5949095084701
97.01772072268544
85.89530296967258
86.70165502595052
64.95001410592333
70.99370494694496
82.4319198234737
53.39104315521188
95.50028168137352
64.47562744788486
83.22745105681122
71.30461040619612
98.69295536794158
87.36176945617578
82.33440594077699
77.9712492179602
84.57559173296302
94.45283883970029
89.11246536014939
88.94570701037605
100.72287945816525
75.68757808563316
80.86712037304662
99.82576871563099
107.35090699569763
92.93190384609245
99.0288396294924
103.22961704991313
100.77871051591106
88.28376065842573
95.28027570360516
98.7521088609315
82.54937182505034
92.87624011000524
92.36599370622051
80.18183651069549
94.0025947589566
89.8965192386795
58.98875608922696
87.3678805078029
91.7477715890241
64.33380130367878
97.51919673754347
105.69904534346317
88.92865469180487
97.36121977788021
91.61166953584024
113.22220610580369
88.27625806036362
104.39431252130484
97.23157201918625
107.73480791000658
108.48055112435772
98.35694225712022
100.31308509922863
106.0900023388983
99.55637787633582
108.1117491839417
93.43650129692942
92.66690552496485
106.48696226569093
98.44280188617357
123.78183130869607
97.97675534927922
84.20136798325242
101.5631876208812
94.97008538590057
97.72108031358813
106.79530499653612
93.59540709922469
92.58278527149105
104.35691121472276
87.04470605084212
83.52523396202399
90.17499459709953
100.9067963691438
99.00055049527795
118.14264409581045
98.54888882861111
94.80815961938058
127.71120593406887
134.10689240607118
128.50954950084272
103.87873744164524
99.9181759654844
94.33521659029685
103.50127194250545
108.26144915774483
90.47499670879942
114.8185293188171
107.20272652582041
105.02008412710647
91.14495556828854
89.55544845096311
94.60533469892997
104.65775510946585
100.65065143303615
75.86325112021001
113.3817781236931
96.56543478917901
80.58487647276188
102.45968944279555
75.64042623804903
103.57278095928558
88.07511819594674
91.21592156471556
82.41022243531698
81.55194856760721
91.49301578989939
55.06102940160312
71.4389272038762
80.4637183460759
73.54472629189515
93.60677406297258
95.26921759113573
123.68883296421873
99.30252089414698
90.41163663062301
111.0031540024383
88.25611092039063
70.45805841022383
96.84145385003693
106.07432787406172
114.15116174273146
75.63530152962001
75.32842626875303
72.26910057095446
111.80297978125796
64.31152780271228
83.04229711275909
70.53193195168969
97.03951672505099
90.01639191331236
83.70624252974957
66.17166057389359
85.06204946007801
76.9400456089473
57.11037548555939
84.68148713138974
71.40128639048943
76.809186864427
51.524119084764656
74.39563403016439
68.05670905663693
80.30586911224309
69.7654656418991
76.58215739414119
92.20214580586297
96.91006167970446
60.70580553610534
73.71718556042782
65.79071615279994
81.7954241927276
83.01937355544604
84.48477112311555
88.68595355670892
92.8276860684791
103.34277260704737
87.09100674247382
66.37115184666996
101.8298145572436
90.7555254160713
84.28105281080245
86.81307253067575
73.85023122589472
100.03273193699232
96.76685214271436
102.23094619054413
70.95796182478374
104.11599297276393
57.01248040413028
87.85421860357869
100.82549292230462
97.2705005209553
94.13328150933633
78.36969230732936
90.75009402434253
79.97765661365975
85.78840321495456
97.98301008561603
102.61629906927614
78.08933658880197
101.16515656812265
73.45190044710361
81.60470919359736
69.82486411272016
89.81246710130871
78.42025260239573
87.29643416067405
69.93076837632358
85.56347432930644
83.8786624066546
70.14430517523462
67.53955431993239
61.4145964821477
70.71095070681498
75.04419421316857
79.3447129462808
74.24222787800038
75.51625707199943
70.18117645007648
89.22051830154093
83.41922128165453
47.90571096456397
63.71612766845989
58.15817459516878
68.08115533537604
60.67991802421152
85.12347427098601
68.54804833195075
67.76870590694953
77.63554709018797
57.202492234294574
70.39455971408451
65.26656630915821
59.15023423915121
63.782409023998724
58.29187144768037
69.76111180743966
77.45982991748365
81.62854829989337
81.55499946906849
82.39264604965686
71.27754394708822
70.76315870460317
82.19252339890566
77.50856297189509
84.57505601571077
60.95266274978084
81.17626193504671
96.05522659029981
80.75512943167125
60.8567507224749
73.81986181631177
65.58439325634336
56.439149770997986
56.785519873520805
51.83218274252544
50.25502437274419
62.75476832753265
61.27250117379691
37.204607255205886
59.911417712509845
48.02754217284911
48.99688803697519
50.26422285467098
65.43708446964499
51.1832589006738
58.6730060075031
50.3771578612156
57.3292422702712
52.06067184067082
67.76527266959354
58.5869656143429
54.725611205523954
66.54913814010577
64.63178850355172
59.207449001132275
54.36888654177824
61.964132516007794
46.503258810232516
55.00514268850674
49.39701777898953
40.00944200618795
28.562042308049733
47.6552294047607
43.53404451659571
54.27193118233172
48.124037405694445
60.59269049418208
51.283891721085546
69.13636816323574
52.04888972990791
58.96042608231515
47.5610543020409
48.653608785327314
42.59569583223108
60.26412114060267
51.01509870113367
45.17417098606294
40.077312528407255
41.88660740102169
51.14500743108927
61.96411802739371
43.50784997342822
33.06562732226563
48.20162192068178
32.60643763487552
34.35874635429063
28.211324316384776
35.638486214031104
58.301066935500984
36.49569109359789
49.17343778079133
62.44855542662955
60.49634870770564
73.62675479778794
59.40607872983311
62.104203839492655
64.24849585259255
72.56130070772359
74.24992281938411
73.56405145405336
85.42993595891066
67.58568796278266
78.41507838064753
86.10894010891614
80.83130588846181
89.35487323360961
88.9774074084501
70.33269276527481
79.76056861448055
60.23936757554688
74.69592737287655
81.33863178773046
79.72209026042214
62.82835672296681
81.14876112593778
73.62439705385474
91.71115815937382
58.050406671706796
76.49509976726242
76.09875072012183
80.79985144122978
82.61328439781094
82.97136222274709
104.03145628445343
85.9685965850827
101.31716828815217
101.72746328589812
77.63356010336632
78.50782149702012
79.5227494985681
79.77981082026044
78.77253034402489
73.6496596263645
75.076494978414
79.58322100078168
75.09351193419575
70.97238326157147
80.19278003780539
75.46184669240228
61.81012811892046
76.79059327119357
68.17298806350567
75.77533202251607
61.49512444781566
75.11496416944806
65.9584027210078
52.70735125086493
77.9893229468815
78.35851016662961
91.82910711436249
76.58889584625611
77.45922192957906
68.3665715820281
71.68885378374974
69.72871256698484
77.62152434689851
65.38650129588713
71.03034139546635
61.04522135131228
68.89665294758855
63.924140443313476
62.81818306153872
63.50159439202121
74.48341413669175
77.08687625742603
63.05716275482083
63.89015544184999
73.01608340960055
67.69512672946918
76.10066004121941
70.29452824563089
85.14878927662075
90.45969195166742
92.34000372223329
82.59160945708295
65.82069085997192
86.69482313282633
70.73551077569068
76.52609463588455
74.01538882991841
91.12530821053107
76.69519680627133
71.75002361730489
85.9738039381188
86.91566492214594
70.48727683081988
86.8143876601485
56.02352376014678
86.73315436964877
103.54146032021272
88.5120344066155
80.79326165333025
75.6119518955223
67.00548239027871
78.80667497001579
72.44849454652368
62.631692686343484
82.36909682998821
67.38133108428065
82.24648542559679
71.19678571373798
69.41062610258807
71.33028651527218
85.78162639373937
58.6730879819702
65.01308841385374
68.32019966528637
49.73292537123874
65.91185043680078
56.009598861354746
67.68820191174291
51.71822680301847
53.704455610991104
62.33879365713717
70.57452621025229
54.02604983312156
40.13939166571213
72.16511882029985
65.41608320685579
64.38117311061674
75.04336630666123
70.91967504801097
84.94960233389922
65.24591269750508
71.69387225201129
64.67484387703917
61.25119420384462
74.58765418100165
51.860403674804274
69.8907107986085
70.13188469282277
72.72242349522011
75.18587693931461
63.344764123940905
65.71900604597313
70.5066728068214
77.07149377122052
80.25760463102287
73.82508714893127
60.2700866625236
58.431496752924964
68.37661989927382
64.20493057513835
73.32011645676067
82.79960177828883
69.77296802524455
79.37774037292213
82.0602850400862
75.79010879458716
53.889582331158515
66.05106422507929
56.22374201385466
59.77381980307531
57.772089650900845
68.05625133832395
56.83535733442967
58.15976847881414
61.94434060125234
64.32098927176038
63.64591931274574
79.49809147117195
54.886213310362045
67.32378324337529
71.76770770081559
78.34961587150819
81.75979421743322
101.35104082495403
85.88993302365687
69.47783177783464
89.0180824463142
74.34863290919131
85.70830326949978
90.29925528254307
58.52469486853136
79.97378012634532
59.11013015174437
86.39678310759514
89.1204147036436
95.38782871493474
86.76713940918692
93.79115450182017
84.43063879319888
73.221836293319
77.81590847945168
67.80237194849859
83.71304585002675
74.26215766505906
72.08167371953678
82.34321829106055
90.02413349687953
90.46349952993941
83.49333301833438
79.34105049190144
88.61697394317488
70.20057438820896
82.81618917749411
68.15456596570887
72.31617181360558
90.64888016763587
81.78647246666742
105.28002282060825
79.29807463898796
91.2375967781534
90.15411380752847
76.7969432199512
81.51041397833663
86.62444833510615
77.70184500767505
103.25837135714785
95.94215892408282
71.04169160141336
97.0984158657526
117.3715775116476
108.08896712793195
96.03598455089619
91.91176473767698
116.57646186253386
81.960483032284
113.92560626938545
87.3637710483548
91.01057151317377
102.32061749552524
84.53336094754853
109.66035403523337
88.62948729899857
88.77121058002487
80.10715996093816
82.6679893782462
99.86055926463115
86.43265991664025
75.76429403152555
74.54074000149134
73.57961720044926
78.63073664132247
66.59118077358691
73.16504333159168
58.47732691555203
72.04828919525781
71.41102930870673
81.15461053849116
40.45768038537329
51.750090753692334
90.29233236308254
73.04096397952546
71.97580425385542
83.06458062104991
76.87580276077941
74.7545903437934
50.83380991748724
86.40289301962345
58.49792361690787
63.00131786094412
58.77774745527523
62.34012009129499
49.87150098305094
50.7871660930517
37.802068005861045
35.70283211730605
63.70247246813938
49.1089290026478
46.50296680601278
37.8453164420542
27.761638465924623
40.99432379056019
49.05910676783378
39.068321956572696
51.16402856975533
34.85580299402226
41.19752301243236
38.76831156735383
35.79630577971192
38.13308130191775
43.614141359188544
30.404846370426878
26.10564115683381
34.55832593353289
46.35606240153058
39.28830240324976
43.9609248036309
39.058831480482944
48.95606887711621
41.775618399074645
41.9381217679471
49.81253028809572
44.56051595462729
46.447429519121286
46.51023430357521
49.6132311425551
41.61737657594208
45.58946882095382
39.88859473039228
34.55075990047042
34.20130655670933
26.33512761095517
22.673865262324156
36.84276879113795
32.397192664346534
35.23372752542487
34.932600645460504
33.128454916166895
26.54754651055568
25.123195000647662
15.052582267275554
39.55405781274904
30.588794518947484
19.31595588353798
36.312424733516316
31.798238520810365
35.13440671237382
42.69991625127469
44.5554539168949
33.33267847683095
10.961557095498947
32.27802573407212
31.973300859226576
24.543068259319345
25.351371023255076
24.626268317318758
13.268347634116491
38.84115027617452
44.0496338630967
45.296353948325134
29.141661887860018
36.25516627037062
26.256423365247866
20.856296485453566
4.219555055264966
29.334241131564816
22.448178599035455
11.990509660236201
39.90293289846174
36.66846288080219
14.084005932315263
11.554613720808351
18.676234775782902
13.027237670382185
12.064006391839106
7.713004846864701
5.88642124036596
19.74387011458892
17.15748101617243
4.448448954455002
13.09329055320531
3.7368546498480324
9.445821157155766
18.987955379905046
6.772297222795805
45.09037137156759
26.450862116748933
28.149488774459478
34.85098391851007
39.001433130245864
27.91833148140004
34.97640516450038
32.22489939367098
31.11271802758572
37.60248536658325
33.7186495196812
43.08786074961346
36.6584895986584
18.840708405837596
10.364471259117012
35.92584593005265
48.069981299112406
43.084802721462204
54.682728410978704
35.67709839987194
31.659302569621676
32.15345001568007
31.802397073263172
36.965403868900346
47.66304790263896
34.58840922829588
29.13318176438365
36.06030720617891
33.488600117459285
44.90632859118833
29.37898673596208
19.575784564492963
24.707681405282486
17.78937922020896
4.173734314137865
7.556300269143286
6.892123941319191
15.125107558895088
7.397632283929532
14.516714949322903
25.616634814315933
24.824505588208233
18.50030954831359
30.80040656836178
30.09324193411809
31.883557954856908
41.12984922913937
26.097205547808684
17.65675424013497
26.93103672887119
23.89188948597136
34.044313158744835
35.70129187979865
38.42568062070119
28.27716272881572
35.65450591596339
38.83905795690782
55.26005531587875
55.7205397996029
55.22919667952689
59.60206204499364
59.10708705793378
55.539905546148155
71.15670648869647
70.28874554379047
63.076823393988796
55.269927314272806
61.32108827287867
56.168951644062794
56.55913783662084
60.46032438215291
69.27046953538364
63.700155788078646
55.689313906943205
49.65862259755191
71.20959567360487
90.03191090421117
61.805228549590424
76.11121789500974
68.82131709067747
82.61313885594492
75.02252343914611
66.68563159821059
69.65366502790033
75.8881631476101
46.070558195079215
85.09585080490474
76.32978103737193
49.77634650272331
77.10973561049235
60.623883409152896
60.56621784528825
63.35673415070149
65.88661778963096
61.33323773403523
54.528258572316226
73.1705605275064
48.0445896942123
52.79888518756157
32.733701158027934
39.71545636511101
38.52134722991902
34.09734920905606
51.83153024612751
56.42998949635873
58.869999662110274
52.99914108745334
62.04540964196792
44.68006946462831
78.72576292150423
69.38696336796504
58.45053352540581
57.60162235123376
32.90715628383561
60.093615973346836
58.61853337541878
49.79280888406973
57.85800860491303
61.45788128442907
55.25657825841963
63.74279948590649
69.73505234024884
69.57606563953281
72.12263956955819
58.842397873045826
80.11836353598154
61.66381824380014
61.28615608222104
58.51620752881869
53.511340215426905
57.81611633626632
71.06715371657518
56.988367596471335
60.90091854993482
54.32784558486308
60.31818116639342
59.1526954326436
61.73107670771146
86.70412082881955
73.45720541041392
77.62550027786968
83.49815446897871
79.13926862453721
90.39035396203961
70.55921724084597
82.55574112826088
75.00770388677343
86.88930245856288
93.66829868090035
75.68864077203675
94.07755300139954
70.92801473771075
100.49332567321903
88.15590880243734
96.80391235778679
99.0833796242563
93.98365052351599
88.09795461293804
107.4616962746839
104.95828605722278
102.08239200805497
93.97847772152052
119.05583418428907
107.26253017246486
82.64046702103835
101.35297082949238
99.8378233669419
85.04188663010375
90.31514751845164
88.80516995681707
97.55888181017664
79.45819780620499
77.33772365604624
77.64631678486077
79.96296909709775
93.22909971008343
100.93281102820454
97.39466852700163
96.68049383030508
80.95187755051684
81.01350452750734
76.18727429997479
99.64807734729351
107.69736486618942
106.93039368814182
101.36460619009236
94.86618861301845
87.2723390564156
101.34214284845609
90.78975897835724
107.97217026409574
94.05912079392925
89.71620320239411
76.68438110500675
91.03417929117458
94.9549160890926
77.49644139460358
94.57601885147884
77.24041678198232
83.30713925928602
83.08314275517823
103.59010069622916
91.26601268008463
92.28972244973146
85.68363003637431
95.5261073884462
81.80269373697651
66.06688964980245
108.43849117764196
64.83166158035147
84.48620224364575
81.84121546250961
70.86782075644672
67.58579629125015
98.90350552389933
82.04787992852887
85.28181752840187
86.20076966624082
77.55992991410281
105.51442687260767
89.07973629161481
85.4406062650491
83.66637468442711
109.28300442248356
92.47426794394299
86.48610632780984
100.56628512394917
85.81019657631272
76.71632618852428
94.86894177688768
90.89909858177167
102.36534045902673
88.37591941622715
96.77455680360748
94.63143121606845
97.6235229113823
100.62500886034316
103.22337725455544
95.7222204970862
108.27532490758927
107.66087832535325
103.25361126279338
112.59052988401734
96.01646161388045
113.84020498564259
108.23201814524276
91.61356434025376
108.98374903781578
97.86723168204071
84.15486782537747
95.60324862944955
92.62689493323354
88.17875059076329
83.91826466167703
86.07472773670709
89.19968945099632
78.89147265407992
68.67987162141206
90.03544337896874
78.47856311097095
80.60306024955942
80.25399848663244
71.03848886274997
75.70755900028206
79.1062995886323
75.56202111165265
71.66033637994822
65.71983192061339
84.20684426263001
55.00065652997096
83.17602660617537
73.23379839394362
83.10285761265749
60.222395652098854
91.16095937500393
75.25733290790693
82.52290952230162
82.50722082981426
80.47457973292296
79.1839140929672
70.52910572350561
37.438524072294264
59.72051711967132
60.82017035209242
49.05630658375708
70.66009960836942
51.475224849248626
41.7778277011548
46.34145876141358
51.88370363685499
66.0335470829737
50.172336945540145
39.51513089110953
47.627561446068505
57.21631532240357
66.49405915109301
61.140781961960606
56.295680418975145
65.46455041995918
53.80569645795197
52.39574406718801
46.74038311013929
52.767801087933975
55.5652711896788
56.106474217642116
64.27076278860197
63.413430918336786
54.87314298949794
66.17936783309948
72.72351472709529
67.85527089816486
69.28179343242503
63.990735792661695
55.2297733194081
75.3632550117203
50.69020639603221
52.65177506582994
75.43072485841874
53.84288344175196
50.364637416927835
62.235954795854724
58.50398247491225
61.02400799063996
56.786834413126954
56.91044660968732
54.391099734000974
68.54038930289117
52.532691226304536
51.3445083665237
58.79171314743826
64.65119700444473
77.96589697314666
51.29904767903524
44.2489998544261
44.224800112903615
60.82640890413032
57.02283831948549
42.55951166032161
52.64903426523123
38.84650520949981
44.213300347144404
37.235607050676016
34.75932693756182
48.0454620935955
49.54889490360158
50.23763152168548
42.34117192087452
41.31456341514837
37.69243460123039
31.828664555284874
45.74822570521582
34.09707875919691
36.97561234714055
37.9310050069031
35.88627461777282
38.35112354353383
42.62364804282957
50.01944606716976
64.20817485094561
60.64417333543198
51.51098528752195
66.16723994216595
76.10046070147332
68.13681296932495
67.08715421317441
53.88417983673163
54.91597927291009
70.90719757504138
56.663392113986944
52.09852467833287
46.73595871505105
40.53803900689642
54.301811312413115
49.654745334437855
52.86853236533546
41.297772177514986
40.10330788803802
39.53424744362286
37.350769565226194
46.723475464369955
47.131635415980675
35.23483918380872
25.503879995260846
31.68300025436087
37.20838410373172
40.6848050203999
36.24009216833155
34.00834157285546
51.30956341675965
34.73949359718214
46.73396965227083
40.80790586766322
34.33194624774476
25.714219284726575
26.192818228098467
30.034360201923647
36.267834388298795
29.65293396920324
40.281718372039684
33.5884442387196
54.02830313423363
51.30441774679915
57.18896978103323
45.11408461740549
44.091365634720255
57.25077242586086
49.60110852645008
44.65946367213391
35.85575093427269
41.25563048883244
49.52354328221651
45.39990893364926
43.67819580481792
46.89493733285908
33.99548958610655
41.472014438853265
48.567852109367806
39.39321366429805
42.23575063290539
34.320222755981256
50.41582206397989
33.31445735188736
35.60663692531206
28.333164763585216
30.500341098879055
28.759793295256554
38.5794412193043
53.34516616066323
47.08983040459327
55.58503635934707
41.596227404148635
60.2896706647086
65.75873169420413
70.39261263743245
51.14882133852774
48.25995274888693
63.769398490801414
39.73249959841764
43.66636350667953
39.411753250071285
39.19795383264998
35.74945889877671
35.63292256160905
38.18196244936136
24.776315521119546
29.06895599368149
40.92625588867059
47.73175632855825
45.52176159234436
43.557791617105295
57.18976342800598
57.894621931798376
55.749373047829025
61.98157167259367
59.461951943726156
69.27162128273999
67.081744018814
59.01398696201181
65.57942291652381
54.301325010378044
63.820484782779715
54.76900803296508
55.057050373656274
57.98412102023006
50.85241698310315
61.574728528158865
70.87975286094417
56.046237524401946
61.76711996666882
55.652662937227106
52.4606994114414
53.37460415828288
48.81514175360241
50.05591382749915
43.97987770631181
39.15037801534817
31.920534099032192
26.921469054913192
6.989320738998547
31.77623919660412
17.407777005789857
28.94654308371532
24.302601434940346
30.660142613316705
31.509243507095974
31.822487745063654
29.365107926444356
16.7649538824774
18.10932466110021
10.719410962377488
18.81268451661438
22.234697808095568
19.81328242384211
32.12146471908349
35.11381888436019
25.960393163860694
22.0592997312747
19.25978819177524
6.300984306026218
25.433922777317285
26.491297840419936
20.088804239318627
31.605360284329688
13.566877030215938
35.16540558272323
27.660794422342747
27.181185332159025
26.604616750249903
32.793670728458956
23.523578940396863
14.689296467735193
10.044836265295828
18.918137973735877
24.419775623121005
22.082360733386363
39.99126371896623
25.270044450861885
24.450447808575383
28.970558014503702
21.033119106413636
19.294509038455946
10.051629231799453
35.096390712053044
22.725778880723023
19.252232169361406
30.077458200866502
29.53527223800996
40.62150704324015
41.79180309383345
32.78248431955204
36.52664867406787
42.93277309572574
34.28666781552327
26.883140179225204
37.876921219480295
33.85310050721496
36.50916362544796
33.68770186412491
20.414258072332327
8.766604448033622
26.320741471054173
32.89956375043455
23.439590652524522
12.466594428237629
33.84184003483078
18.72872242893603
30.453589763991864
40.20599220521026
45.72300161180393
32.52600788300938
49.85568300343674
44.291943824130875
58.341730518878784
41.79655846623917
46.42088628377301
40.326841837923055
51.400694612236755
54.436590760647256
56.43907991984367
48.36079520046539
50.096075354416655
41.879042058027906
38.06109697389349
61.238821048793916
48.463961640533284
64.97338751858364
59.170227412318354
48.73015110526073
54.00281215336817
58.923394953170764
64.81775398286224
59.980535754331605
44.72227149354872
54.96834786760301
56.24459232190422
31.825656482447094
25.340011097925835
3.5253662971304314
28.502087735721606
29.817437055031498
35.21437862404149
45.118636690529804
38.162964140824876
39.782492497631985
29.96648009794144
32.56868217208905
24.52318386860852
23.91223294430188
13.851155061809727
21.87582281712489
23.481234485918975
17.60916063078658
15.38698434453158
27.231396579524173
30.24765140451719
28.40310906067127
25.90313732823222
24.2060745285321
36.725020289577024
29.83737131655071
23.335854553327295
27.015675735253513
34.205933920916735
50.59868266800445
40.411592184426866
47.11579954554812
44.15621763855304
42.61588793796592
35.73259800043859
46.963010967670925
47.841631972709365
42.7746500161844
32.712779271468726
43.153726614745906
46.77805333388857
40.725799192745605
49.634462501585986
37.87120514141631
44.44903540716218
51.85668508698237
44.54860126179719
43.61642164561106
39.56471809854395
34.33794315864059
54.92754234557792
48.871949540291155
44.425250292228284
39.89000314059288
40.59381079631109
35.141481327007284
46.55596352581039
51.08309006321757
54.60004123079404
49.07371183393584
57.31816736595306
57.03027196429116
65.67993194913878
53.13429126162077
40.546246687812896
53.01705515839863
61.64731898202529
55.10126374943384
62.62544169056669
53.210869703991676
55.16884558733861
60.8094883097101
45.25055474667142
57.87468465286697
58.42744320956855
63.51502204595122
38.36319894897707
69.23260897673077
54.534037783341596
49.50392950846632
67.17080705053914
62.68472944729148
56.815278783969525
65.79770915918732
53.9875958545674
45.36174494870652
63.083429530109946
49.25049259924076
56.7976575503311
52.085320390088214
57.099548668155066
56.30460670576638
51.42845617755385
55.32395368325414
58.69202192239333
47.167018782064886
48.0321159120133
57.92902711900059
40.57280562465326
52.83721492126266
54.76134407361588
56.08989387960007
52.394134951191596
52.32524827921598
48.11980167141016
58.52215067618825
59.55135500157954
47.34648248641922
60.218449882721146
48.35493922548503
49.950058362881684
72.30245156547419
71.87017391986005
78.48733658217114
65.5574108065338
71.56307591325259
72.90415761481559
53.56044397905623
50.034067230985485
63.10345294751918
70.68050435656298
75.57006301261373
68.96850802281276
72.72181029419501
66.19397553465632
65.34805239724915
65.76755357876073
61.340213606441644
63.29353172516804
61.89937351322835
63.62415501300534
71.15541802751173
47.17239160503718
98.23833205301074
64.11608303529746
73.80518774837147
64.60831710013909
83.0208396390053
69.43700032094348
66.38327340633998
74.56785356211078
70.2645583801147
80.08723116028499
67.67335715474272
71.84348810578294
82.08979154897924
77.32983345867272
92.32302479898551
91.87075111857112
56.37450952384342
98.97870586828508
96.48113258055308
100.93520106238003
89.89086402398274
87.94656968259696
90.69188927410883
82.09437298561743
77.51188048483132
93.48699760468452
60.708917258979646
97.2599632029904
61.55202659470015
99.2691647948248
93.05211637834977
114.39716311893349
95.35916635448407
83.96499302054984
105.63880620289187
88.81964854761861
92.72537286090294
102.11111524577963
74.30226023527261
71.6315866007646
83.70089757484469
81.9073752241172
86.02206377269337
72.33768595266035
101.5335350137595
62.50767715250488
86.88360455264265
83.8582401532944
92.5460557293259
108.5433611368855
100.40251259342652
99.30706316092342
77.53391314909466
85.66054839571585
88.567471519377
93.03223317085907
112.83187423202001
96.08880608702142
94.96461845293994
98.38887333783369
81.06945016645375
81.18488768674727
76.04715096801945
88.82364649355941
97.39082701126715
94.545194602434
82.42427873080074
101.46843920033068
86.21425843599985
94.61443672092537
89.02287818399482
94.83444112732492
84.25172900122561
77.24082364699976
69.5255851088376
80.07622730227644
78.68069879307346
92.98227103936289
87.17339909246698
83.92130725939431
92.00644078712226
70.01483757004769
80.24427423176398
83.20203724214414
75.7309126946535
68.97295444705175
79.8042116744339
73.89916711780658
75.66994558661044
68.33356657217894
61.08977910682548
84.1934275189618
85.0163735112029
89.46184000133682
70.0970834104967
57.218558796235286
58.06443867627647
54.16695430475221
55.371528369310425
65.67655064929203
60.166762671844225
63.32818721625108
69.55792863446918
66.22916582244
56.631048743947844
57.694681203870914
63.52457525559229
48.20304969205505
66.57115578237749
51.24360498499583
63.43041236523523
72.12551853576203
56.47338731911443
66.75915471233269
55.55866478272997
50.01985142340335
47.270265462016965
54.07303957150276
69.81110693530417
69.48642750761778
75.35323554554107
69.0713542487115
71.52749470884822
68.82198529537297
73.34214942879528
57.96632850391372
70.61237154652045
62.0957607831636
65.51054333717686
56.45837028169574
59.65401238153371
58.68850073796263
71.12334760294213
63.58283964896924
58.12272406095385
53.145446539369594
61.14897095258757
68.63244412498226
61.11507377701143
62.53693391369772
56.76431631318521
55.38085817979153
72.12785747471823
55.108416204047764
54.329558518165996
51.84812459984758
72.59625740653682
62.09324589803502
62.3556756230331
60.04567769387707
52.84384047547283
63.62642498466201
57.82698746275855
59.830886742249824
49.87354919288991
58.80288967843117
72.12879543988699
57.106332701293894
64.3534948072743
70.13256563740225
68.38046597640967
61.356291400400806
66.56958198274515
70.21793121300769
69.02530658766251
64.03348727074558
77.41977657025836
64.15342368138089
58.706458809761294
78.62322656653276
83.53448088657507
65.93676276150248
64.2131885276973
50.726333414481516
67.43487834518334
61.359073936014546
55.34052074926165
63.1721953741354
48.2216479009552
47.593730538238084
56.52479527155369
57.922886189960956
65.41273226543744
33.06321640444554
26.45848190054216
36.93535861412828
25.862501416242594
39.18188178263006
28.302779407937795
36.90598586267178
36.902141244413244
30.31528287058253
36.57176757584743
49.04294396345945
31.374976062998417
39.435601411410204
36.417770217551514
43.15915502093877
27.111247390709583
39.43024015214532
35.53264042963389
49.67396827394169
53.7179040591297
65.32051973989113
63.20001632897794
48.472790031176864
58.903844372505
49.12449630933861
48.677312866095
55.46752961117655
54.66988242605258
52.19804966741664
65.71447123939224
58.18384023164757
42.56285593195757
73.76352382953306
81.30809120089545
81.8031742691786
71.68999654371993
73.45671233059105
70.03968959247463
64.54590412546185
69.37503092269644
72.26079539319187
76.17107462679832
73.6585122603974
67.65348961398439
86.39574518267888
65.73628643190534
73.93434069911402
99.21104760136006
81.570408762875
86.26746693493311
82.42486836224569
84.76377605863607
83.41374679596849
92.12474387388157
82.45389161695736
88.97266083973255
80.58474808456681
76.11370181008978
96.71269856061987
80.17716777495549
87.68371261666397
97.23494754809663
91.50382963158378
81.51214717354021
91.86744733571848
70.17174640650751
90.89641136484457
99.22696610215517
83.35317688390859
86.25728679261005
73.9125887094477
87.8795425210659
87.83995528778787
87.50160144649469
68.01030032446651
67.0981931409474
73.28874991606638
77.45413751414429
78.15751100687528
85.56399941801257
86.11157216023305
84.72080879957734
107.2754788871321
108.36996414544322
93.4587118303437
92.60025625709332
100.93243347499468
94.47359062906307
83.64776098505615
104.54938348930246
94.43681076215653
97.76641738278124
99.89339260225174
119.91947835708221
103.16250710417435
88.91585951482473
97.65307477316551
95.01777389695187
108.22369876052215
104.84530321754066
105.35457126348545
109.13407428370215
114.34018831219961
96.88812019258826
112.2325452781557
107.71977124808173
85.60956090956394
91.19743673618065
97.53215693561452
87.06959118306878
75.1059640497649
91.57769243292162
92.86360245916703
80.51312695470284
100.15190739004937
97.35114179851483
80.21074741527273
97.77213510552208
96.53914501671284
105.18975862899
101.25639962294167
88.77235383173209
95.55963995550465
117.00661979086102
105.12007872660391
94.26632809889601
92.67647997043997
87.3882473402194
69.91613071618046
76.24670486753261
96.37059012225498
90.61623693037437
78.94035973535256
96.05334423286122
84.91130028790832
86.87141892904471
93.1150720979341
86.09622727868745
63.47040101371389
92.98639690052272
97.62139938488453
82.68060746336577
76.6710067096265
85.51519005450984
76.53514897929294
83.36314116988125
68.69280271099662
70.27837248736073
74.55366574587549
74.08233847837768
65.16061879982955
53.4974635689237
57.61542453331671
66.07269958037767
69.27222128241088
51.53964598961118
60.97958494550884
71.71001606094002
62.847967219251274
75.02880423403359
65.39053325724323
76.11187166163633
82.11371426594344
81.83320368097797
70.34267271063044
83.58253319085532
57.1334607862856
70.80947468444636
89.06211054529304
84.47248352553012
71.6824109985889
90.70797015491912
104.72047302880753
81.68972337961259
70.848811048706
90.61822508073537
69.67499742699516
65.07119013537738
77.81469583508651
84.26129243200121
82.1001817986708
88.97184886915075
93.73044759819214
91.38127662788897
93.23223922529274
100.53817503805395
84.42295617699848
98.53132840287415
97.69499295256824
99.12415274336765
104.59786103949399
86.68205414154
106.98751718430267
103.07129539064907
96.79477674096968
89.07752434250776
92.01437127702962
96.12148063233788
110.26502112621554
104.62496011250774
109.40225240415104
98.31482877581087
92.93534700307782
90.64387998199398
91.10778496703753
88.36243962384711
66.92018506101536
90.4100610954721
84.9306755032226
97.34133148851274
83.28303384218417
97.94962354185934
97.07426187227979
93.89940990616772
75.5389110969156
81.50350219737616
93.00337946447684
104.01458900703862
82.80244411512325
99.57767642754645
102.52674387569137
94.90927908127367
94.43076120345836
109.41027171744844
85.5366937836051
104.6670108330033
119.48616860295996
106.47444876005483
94.82530965111079
103.76600397842958
85.44190225429566
94.76681052256524
87.06741001781984
89.2759990225393
105.93523507465932
88.20574742236445
88.37297089768268
119.50005574948068
112.82186184838696
103.25834041862251
97.22924697260518
104.12460246985553
98.1667572309442
80.65935183671706
98.73773837529725
90.86183834697955
89.42663941177602
67.49584694156458
80.70023953333431
61.80225579271399
73.53080936937663
75.85525615563957
87.45840273729503
77.58062815074146
92.61004384339134
103.42662314400455
105.92990316878395
84.26410216690238
113.74548691561021
101.47971753031395
102.33719235273583
106.26154472980967
85.66639860898583
84.08915731569809
107.66199710400709
92.94008327890897
89.36655427355562
85.59466937533932
86.52729590746537
90.80160983129255
79.67839240615592
95.42911401413959
75.81970789778562
93.45326927883251
72.47803556657719
75.70487572246826
71.54546475129669
80.97720952586934
68.9658721833907
78.7881699081158
86.97457932660458
69.74699996208052
94.09340918315814
84.46140732110253
85.96507937461438
88.2010102483563
85.72853075020662
69.00396077775059
56.7427696922652
83.06116545684125
72.75417065352482
72.80052542950908
80.77552615313428
73.87292877328598
70.9261634717191
74.58348655275891
67.89080176673534
77.8907666175824
59.08786169062444
76.32741803654059
71.49837227088989
92.40381326707113
55.40115611932035
72.07995936198547
96.1672546714437
84.72901241038758
91.59328629744904
89.07605943055997
75.70970223374684
56.24508190465334
81.58225048541091
93.28901436032461
85.32485751815557
101.31577294569274
91.3928387263345
101.46070839276695
78.7294800415298
89.16011999135756
84.0360191150928
89.10010881928265
81.12816572222108
75.53165152130339
89.77200198175808
92.55961949899744
95.11502218314475
87.69801754706216
94.31948467225489
104.1368241251854
100.40479128136054
80.76781871376748
67.71530211982184
54.806671017752954
63.776692494521924
60.62588516596601
46.34831418244981
47.52357207488272
56.88251961337367
59.950880121105484
62.030601685815654
64.68392913784953
74.44169100812186
78.22628524008293
79.90014749867679
74.8753870018032
71.42872655009701
65.10601258131926
65.19630851269382
74.14112324487589
81.46238543284987
46.32885539835199
80.48462623276488
76.9537519378679
86.36550761818128
92.1531847342955
83.01022344252623
90.1367006779317
105.17617942090813
90.16359818685726
106.20874311064635
97.35239796847969
88.23642321174071
101.54446852507644
106.80225040273882
99.28684720333685
96.31904821726036
96.6215126149977
81.70385021800428
85.98974086771193
84.84349333295302
92.89781550571472
80.1028485860858
84.93782495831161
94.29881282560008
97.57613250008092
100.41245280005674
91.43689512677115
82.1424454492921
85.22869901293106
76.06324462434043
76.63951948049164
85.94344336261388
102.51896081783055
72.82746874867921
92.44758934807027
74.6329666426986
100.78433795906041
91.37099339051547
103.79884260447248
74.51168786459696
79.11782217224777
94.40497126898022
97.41968475053308
84.85204745195831
86.56364487277816
76.44937526521863
77.18167795043786
65.26005278381999
70.03838984598362
86.18173005364937
82.95917039657522
69.87000959022475
99.2465150186196
80.37724396828933
76.05368129435874
93.67387333966325
81.57288508400484
88.26178105318331
92.18834480534062
87.99561959297245
102.01495454312986
94.05815682693441
67.18859584378436
92.67956359830029
72.55549369424638
82.28462268248289
73.89410996387123
74.71734554738967
81.91828624604629
79.9714939272523
78.7546423121811
80.12945739699109
75.84892599424907
89.5558058179946
76.58232638785496
73.45704440522937
79.03727036799116
83.99798911261114
76.24972233522881
77.7778932286424
87.25555108368799
78.53199441169112
71.4807885859277
85.64004072253896
83.82045337693955
84.83859908940408
90.18204719684101
79.68992913327503
101.13554180840772
84.88105496506438
114.15998739751919
88.02535739564411
88.37901070256619
93.40667974683761
102.86248366452786
113.41423472368918
100.34565503437015
104.62312302969751
106.66680280966794
93.6572243393483
90.24061624315824
81.72642801932797
106.20214346014865
89.22322849202276
97.55032522104739
82.7518127408501
67.14091007583178
83.93306856469981
88.28586259215449
83.03358609210758
68.41820706091464
97.88877841452057
98.92971714250774
82.66893994864812
79.49933410148745
82.8351083516102
63.035497572208044
79.04386508096079
83.9665174347457
66.81998585316701
86.80218459510932
83.92859968680064
62.66864434431368
74.87818190637859
65.7741921377358
54.017783342446634
62.132179958435415
55.0258421588397
63.227551305682674
55.98522028944934
65.0871358840025
81.782084444078
60.88099837572592
62.37348829266598
79.80818811992064
62.5147498112886
87.16215211496579
74.21562688668344
93.4557530257187
100.00764886619555
98.16899566174475
107.00976157276475
102.26702272260924
114.35864271837195
115.39545150537954
143.89324470321202
149.45330242087408
128.3571510776822
131.77851033363248
133.30253943253942
127.73869044292839
126.17147848720889
131.30286507907778
127.93217414416392
114.6198818551627
107.57224388919866
121.98899083492361
120.98684855182267
113.85133078539414
118.03028167634176
127.67259177798766
112.8209535963098
119.6871264869827
126.38005974159965
102.89410377411235
136.7803230262648
130.30138594822776
118.1325740604428
116.62984511116221
119.41743580871139
134.6304420868862
132.3638207626159
100.16559723945103
120.84771157641785
117.71195099400572
126.77311005380804
126.03644250963711
111.4623627260875
112.29838792621462
108.07887202807117
110.80856493991794
105.90450607459826
102.81009664803267
89.55946592454995
101.84214188108726
103.85576191032294
93.34601468084989
86.10854258267003
102.40595133078806
96.85664156288456
103.1613402360724
89.39678177894525
97.20750610199728
97.0263546002262
110.64772612520909
108.67774576521343
95.67497386536311
82.77303899710557
100.35889020212879
80.98274174960217
100.70826134329519
91.76221440109347
89.56443236561476
99.12668909162448
75.76138218419436
80.17040336501076
84.96251990892124
93.19002968526576
78.54752025341237
90.03000493671854
77.92171689770969
87.33903980692216
85.67720479007082
83.10808472906739
78.34784351711932
88.42425808618171
77.75838011522141
94.66934760179487
88.56951887992817
90.01663130758487
84.8368458371042
81.72050159427114
67.1831189281803
73.46522858170891
78.2962266854964
74.6089260019529
71.91204768073922
78.76648835494022
77.76369160677844
84.75085858212223
83.65573939115139
65.56273703623748
74.38469430366287
90.95079907186454
69.101812989581
63.61788914872807
59.803790063194
74.57023503631682
52.89485626190755
47.45446354167818
60.58324873542696
59.24023007286843
58.31582880125614
54.62499607961167
55.65195893513428
71.1492556219783
45.34263541981479
45.53418492492236
37.144475317794594
45.893581459665754
39.75622338277407
49.38157704390708
51.27360051887135
55.22356872015665
50.662555149082586
45.127848303570474
43.65477569851514
46.81220332173348
40.35944298106458
36.79174618414917
34.95423880346431
45.299206297378404
37.32172149576919
52.89598929986431
38.058830521962456
30.15354099557544
26.541161094908443
11.941536273567175
43.522497732011765
41.586993912812
48.330804276695936
54.96979791168798
54.3473699536614
63.211191202576394
48.34496740999758
42.68122559302666
46.70372936111908
34.700913642924306
26.79550371371165
35.33146600320603
29.21170837582813
26.95845534478687
40.89551972514735
20.81971994675203
26.936168422642506
39.76075897204882
34.73024629511306
33.71493510696591
25.89869800772179
20.42523752031373
28.379035852981822
30.230667552813756
20.32583178809554
18.877180110852233
22.149472805001682
14.516936445102925
14.370940158446807
14.718680216957935
36.170013615043544
46.484379215491856
52.395764587991025
41.171885990770065
39.26110395355143
32.30772326889494
35.20764785568288
42.27285457116043
42.81688609023561
42.81428024970112
49.560144997521256
47.410049658074755
39.98778096203539
51.13312650130962
53.53215614926591
50.29349352649388
55.45943180196205
64.75021679642342
50.66010176054397
40.319604101055724
33.971279965815775
36.67831540581105
32.170172861698504
35.217738835903354
33.151155267284665
42.98539616457876
47.38195238573116
37.89073128849878
42.9613149810375
30.8448459176169
26.562459462529635
29.23701212026222
35.56479734767873
33.46606499762302
31.73481559725413
42.36047278821428
36.63251784963747
33.61918331489153
26.516234659296863
32.33387550459822
38.30780464071546
32.508525011099394
38.731213834493204
46.87953260054643
48.66889413208731
52.62240663718473
53.06263153671678
32.76670055931912
58.57074379158328
32.31197343465593
38.77473503317241
62.23754192875619
42.07821988533326
46.43178634558701
32.14905593274879
49.98467799044218
52.818136841734635
45.20147385374581
49.52692888023701
39.02280265970022
40.65361626906376
58.21792087791855
48.70889337479745
58.93819116086138
55.51580403411711
44.59454957608875
52.607374194785294
66.14069658827007
49.65495800336642
59.46810927672448
44.21806454273233
39.19854801530537
50.07786339329651
38.58110068093546
35.579950591722756
33.162323323788044
38.52341776225157
59.49978600435352
55.783314970832386
54.991211822017846
71.52284795102076
69.87461819721524
83.90828838605213
66.4968743175478
78.88137423599703
63.84198641121571
61.11324376050223
66.87425099513902
59.0509136226937
74.35415463629116
64.60099998685813
55.7367803123957
41.30296310693876
45.296289028648694
42.43577987822097
40.61797098630106
46.30527060333876
48.968959104077825
51.17553936155162
29.414776192304668
30.99756653876735
50.58653144550777
46.909887313179766
33.92658702433696
38.738380505162645
35.366417857525185
34.14873771421915
45.327032358763574
43.130304456149105
48.015215258519376
33.707158581622906
35.74338413286239
48.03832030560605
34.527608546309416
39.694198171248715
35.61071472153722
30.07767419428289
23.550056168528215
21.867597780974606
31.8680072257332
37.91365374528774
37.56716500307224
30.47154658652369
28.285089013264333
29.64756647211831
16.244242167575745
15.018456016785818
40.174730396028224
46.92475080655605
44.39412211172674
29.078644609996363
59.35694587196884
46.700885977692465
54.242274464596086
48.53493185624956
48.85989478751628
58.93734389162729
43.05386910692931
51.85982474256064
44.21767705466664
38.24924045416932
45.03677755069675
41.08326207640459
35.359339944915405
35.871275716914994
30.85033936929576
21.644099086451607
7.21767156714768
28.36268612678942
21.727938207831425
32.88710338716747
23.85539284125438
29.373216245283984
31.229791146042402
40.320801733437364
33.10500474930038
32.2386560400095
34.08174785053342
30.11147911007305
33.34266946052802
33.378020935807626
39.84389855815315
36.19343275244776
46.53155435763025
43.93496397985133
39.90685912341677
30.332714038836144
51.589681453782006
46.31044423084609
52.98140116318814
45.840083779091906
37.81622429846976
44.69360316887519
43.73629394370743
45.61667976443758
48.780708965428964
53.07762285872587
63.92192699537975
60.04844479721426
68.43959029580569
51.16226517265977
46.53127341584401
42.948565205542465
47.489739514991975
50.015428959652766
48.43387401183921
40.93987771016205
47.40801367306079
40.68235185124512
27.53793466844836
25.708126583758258
24.518733808462354
9.783822356473586
18.52083514480442
24.561330735825674
37.21021419134385
40.235243258278715
33.46486132057995
35.044328933579074
17.105645182617653
38.29967194756063
40.78520894000277
34.45306868255808
35.92023303228844
34.70791547192632
28.859828314699044
19.233255499994936
39.236342624829774
29.76367176346437
13.215843644488697
4.24466037607106
33.084967638282244
22.389384491655413
26.59778868361991
14.491489033643791
12.231932287535926
11.72257786766854
15.512774173862008
8.312064041611048
8.060431481634847
9.402845976795351
10.22667843249
25.349486064062756
14.819874446712001
21.52235609297911
27.82449994986422
23.368597825780125
32.91907324203961
50.69729995032011
45.67399899370711
52.92794269538615
45.67437413650662
50.65292767679065
53.255278579197075
48.56706498686321
53.77144138646676
51.138572217464265
61.519371844781816
71.61348898331251
75.69297984640399
72.83465145995609
77.36856708982823
75.35568745497727
74.78362067835728
76.98836672046704
72.36266827084494
67.19018893149894
68.76073017043741
77.47473506857423
72.18620787683474
79.76411183694518
64.32411637612587
61.54592470337449
68.03264000200227
82.92100695685107
72.48953780623674
75.31269443346756
69.26166348318988
42.611389042648284
82.67256490787592
58.91413961805382
63.6503529163245
46.31535890080845
51.92341305936172
82.16296731513582
66.91987648247287
75.35930271053478
59.84864330104827
75.9895968856996
78.43525095023385
67.66777280818117
70.45605197872452
60.626002791416376
58.47823889668911
80.25004038142659
66.81026893227546
77.3617726288018
75.72471708892161
93.80513177213501
87.91182962526955
87.92451854875124
87.8650738832566
77.78210381965793
90.18976147410065
87.54784250764423
78.49862617875048
95.89925746831128
98.27116324585691
90.95812824748809
75.32881751683492
83.93174059207365
90.39076500643598
78.85767727123175
78.81652098479074
75.59697852471955
77.14955723842478
73.03672470294723
71.23737322198329
67.54042090816189
46.28698759731943
66.02148911165756
74.80844815350693
74.81746976886899
69.96532678205573
71.6054194590606
61.08641962097284
81.1921103372889
58.33484261503151
45.4741483598736
56.779255470042855
73.79217903608425
60.9759099799178
55.388340825812335
76.68756805798982
67.14610738168363
78.63515536586515
75.17768195990654
88.28026374577705
63.740772558798795
64.80916240734209
64.512161663872
51.489054864984645
44.00327427405111
38.019008058715116
23.19923329921941
30.829417954834227
31.452391363038956
29.678977502061493
19.035902692158103
24.817821486232436
21.557803654106397
31.740735352821527
25.713776048877744
32.703391757763974
28.894897767352823
35.019745609661925
39.39508809371802
36.56764877063251
32.89063695509792
35.28585459465979
28.63924471171401
17.130573909505035
35.79084994462198
30.536026862154742
34.873146243493125
46.53997480614866
35.87734872161416
25.72519563577839
37.73595332830212
40.481012963350864
38.60232102331695
44.421435420859176
51.34875728233149
52.362717063179645
40.372323387499826
53.06902800246174
54.04697867710524
44.352554665927265
51.33147942350356
49.61271683778692
46.286305965542866
50.830618401727826
48.06175702432093
51.39758612387946
46.738845500968004
34.38327860531695
29.73425511797612
35.5981899080809
31.393606712714686
32.442458700544236
27.512146851133394
24.926021796868806
19.071072402053503
12.018517870532557
25.42445100351526
27.978073037028896
24.88599665016631
29.577673841475665
30.46743411588869
27.162773885048907
9.174244631913695
55.404016721117785
30.002156877388778
35.80277418578503
49.38500014419271
40.53905884349692
38.98489296426663
40.976512139666085
33.24459923199979
23.777332007910523
-5.4355425175646825
35.60468142588971
26.553897497896912
30.80473955754551
32.54773646400051
43.67905317036841
35.82577305433019
40.222498023083816
4.739012879485454
41.16069217412424
47.48499631902609
32.95597190011261
47.56142879122232
35.10847158422221
27.213683278483263
30.524922073728877
32.00456937642578
40.32748963721419
44.9258327802725
22.576522347530926
24.244961728937692
20.68908914456757
17.54727131136013
8.681822881683281
25.325616796233252
20.56429161589457
20.18692364519317
4.300196702933642
7.961175613036583
8.079447576093907
16.729293850076285
22.033744201672402
17.682138419355233
14.108015064309898
7.140848925909373
21.211268088314654
19.53959879174535
17.008031598864633
24.347731754421986
6.203248563561703
19.54702863878309
14.717191821952419
10.297353284035571
16.41766838741059
19.34491626962581
13.75494033667485
22.93180555760897
28.175516066641148
23.40372550436211
29.704497264957137
20.24896581998072
17.63647444670824
19.077473473438992
11.640534906734125
36.33334041068963
24.147731564037578
27.017321112610393
10.262865856498449
29.35452097281227
30.91373936595604
26.83646910794564
11.330917519245679
11.10094409282115
16.552152319702476
12.479320256347137
37.601949680933224
34.997910677861995
27.38759049821921
35.500185175731175
10.72901880266238
29.216047402830025
22.554829825593387
4.561792419171885
31.298684668093323
25.412534815817576
20.01686978150211
9.990720131079643
35.41485499000617
36.11690046943584
36.7502093121372
42.45798390423381
48.236240581819835
37.94115191051061
46.063139913301676
39.15002679635909
26.76456980250169
24.610168875067714
50.82459466480104
32.81747095516105
21.185018376338483
39.04238333732888
29.29038520532769
30.753420608482234
39.76661429528897
50.588683487850055
43.8235394265904
50.30309209829138
31.859445148203946
41.12055220033216
43.88945934509384
48.40113863788743
38.872924788168994
38.11963513723208
40.38934620073487
42.36267883604325
38.5367504843969
47.05755365040961
42.82700088756369
39.808242176321485
39.59494857089887
35.46427687594038
33.476802955886285
41.57452694287057
35.69942888373216
40.80730186036562
43.309641876096165
29.93033808748768
42.350568558730316
38.54244153003965
43.98830828846213
40.0733876509676
46.92574969278935
41.570504767776704
35.08601674584194
54.66561918286419
51.712506263006816
53.774142490258086
50.15789349302338
47.96092880534293
31.434774403173318
38.664642983372055
47.13539101135986
39.02534928602665
53.4479013124851
38.64040589634471
45.302662985533054
52.75363473333047
56.6952672250262
53.790554527643465
37.094134587465796
42.88068239675653
32.487027163928715
39.73262098749073
52.33130571755745
45.302162408952924
38.25115788231434
14.457760041681132
12.470851672151948
31.036985533438777
23.369702924930536
34.974910310237334
4.914696234862001
36.33994545488284
33.12222824898092
19.149969571910063
28.82320917042849
9.212504451299832
24.7516466806759
22.48146045038279
21.02661928289496
25.130016420222507
33.466289058018376
34.10244355111749
32.996683319756606
40.58856704078438
38.888363747745245
40.281331719900166
33.865583595565
36.68476777565388
29.870111379442942
30.060534598199254
26.9190797101946
21.57089726797249
25.421404358004523
29.32508134796737
22.816822331298987
21.356492272880487
25.072317193594046
16.53327589410855
26.071465464747625
34.89738359010273
32.31131962270261
36.87548272167342
32.14859059089355
29.041256761060083
34.769496427663256
33.01144350659455
36.19501467072336
24.493259872528476
19.099499221695446
37.83277208203141
45.18982294109561
33.131690865096104
43.447352796165966
55.19407293542523
50.28122713037125
53.80811246084637
61.425524061280925
41.871241058035615
46.48934224481136
40.6476462385489
42.710013794318385
52.769753814701666
48.08044563647567
43.30998644064068
46.24922055918579
31.385794013467738
28.88281384097827
30.071846650166158
34.29422468690479
51.26827646535858
39.999446035272946
35.052108286173805
41.71232936350663
38.59140769101461
41.67221049728301
21.65417447467781
27.856299216521784
22.37819569839381
27.790083360055654
27.710749006688502
34.20660603990737
36.788117754901116
30.90595224035147
25.234283134253253
38.78941835927234
29.29363317611417
29.961342776614504
39.646770647127695
33.394277522495386
40.955031072495316
37.3066726465942
41.448594296725474
42.854185599357024
42.40543441329415
44.17060795212112
35.55355440603297
43.59562198741618
43.21979835688314
46.52623925796631
52.34202077799378
35.67936246349749
51.93517950663959
39.71646022587778
45.622805945814804
59.587104994094204
56.527854476971235
47.65109920416565
49.20497088323567
50.09207250810981
62.238239997123756
47.79586617492797
43.98970105598315
57.838434141274334
71.75111490373762
65.61288989415912
75.72853691573286
68.93841004922437
67.75264263696398
52.43510719167848
54.49333075755264
51.44723520492708
55.18702460591082
44.245852161290294
45.285546635361484
36.414479837761206
41.453758786102874
46.14479214297404
41.79973615403921
50.3030691980386
42.66083221972798
61.1385223927038
39.04918245112933
73.6095213338273
66.21524887946558
58.494014895819106
67.12505990902268
68.5178313758085
66.55078209488858
58.399725467588
53.771838178910414
65.55918166627455
77.64917825345204
72.88851963351968
67.74014968750775
54.03790735213554
71.01069014063808
63.074312775105334
61.88401586375214
75.4864116184343
58.78280324095117
67.58437176996864
72.48119279162302
67.2811741084883
67.47976640519961
74.2758006530713
62.4695807069698
64.02249421258196
65.29062910304636
59.20129139928652
47.376476637996035
57.154124331789454
71.36976285699244
60.36973724055145
74.00654588008035
84.44140067996055
78.34955855575458
77.27182987429251
69.37350111727358
59.55486566804176
73.23755695049212
59.12925214301151
72.61738006900147
70.64336474343965
56.52020031131728
61.540006138348915
44.67664547638193
62.37743976327402
66.00420803405605
51.65255763536284
73.09673021731521
84.02673556454072
76.86570222117957
73.68896458478092
85.44556479047904
74.6809116545357
73.86176340446234
93.21346998256293
72.88281230374716
79.19129907129074
83.28581171308598
84.22481830129638
81.49839912325906
76.59463723516265
92.51800283301708
91.50537388808448
79.18419194526511
83.01964063010503
82.29549074147356
96.58654302719172
98.71053904540447
93.60407253963704
86.16257117883542
81.39147566483517
92.8777037325183
107.27341787488174
99.1855144668824
62.70242021510986
99.03611601482685
74.68311056122408
95.05303824099195
78.30771085979576
97.19240963752303
80.03525726757876
74.2330125708626
56.12520200381246
76.30837812107555
68.06310426270892
53.88198842161311
65.71310805779639
61.7153631227386
67.6331427639349
73.64855303088304
65.5392969916301
66.64906780464545
75.55744919204707
76.32697415984255
72.91161878574053
72.40194980889258
66.7501983693237
77.23287837479774
86.74613214783858
72.35743228728396
66.6440597938635
64.0857065524474
89.9275117977862
71.25113153717714
79.37344178729383
63.954417554932675
71.95157247552618
76.29605374553243
68.57976810128312
78.02150269455154
72.2626726711681
51.393674230434094
77.79319984355794
58.650443981350975
70.33800968048836
46.69427409266818
60.4647444251344
66.02979541053718
61.621475267778806
70.49894922058134
67.82868042741983
78.72566440472522
86.76967102251334
91.9080548203981
89.71558165040324
71.26795090483283
71.13200371580952
71.70273504166529
64.59134351618343
87.51155652126566
86.35488057052422
86.60538683614992
53.7026121791968
75.03137087360871
93.33454581270708
94.37940803316651
92.50273317287535
96.13508308815481
79.66273476062554
101.62592155774776
87.98825015275712
89.91967968117852
95.8402062121086
96.70984623346307
116.37196354795076
109.57787809393095
115.91323297548344
128.5247555830964
114.25049778491761
116.34624104876201
107.99083544143456
115.41161995655195
105.963636005107
118.11177536624245
100.5343521877363
122.35356612168488
102.17295535203087
116.50923854606272
120.76795207989063
116.02886360400423
119.63293988609333
113.37206600466048
110.09313290920905
107.4512227392118
105.20254501250362
101.48718494359186
115.6652817355671
114.60116139386996
118.34970741386056
116.1265650132639
131.4199635272158
129.64567555978294
125.1335721137566
109.7218732436511
103.17394795243989
129.66602242946206
125.50656646409085
109.66354080858832
92.5183703370626
109.03326275755677
111.4899578411996
121.24272249984227
108.50555697033579
120.49885348242698
114.6708392820144
104.69787400894938
110.5522843465087
112.79724766315603
124.16270256012638
102.55650456299534
103.38514359123123
95.25331395608836
105.17431413376666
94.45847135175879
122.11845895879141
106.6966298174054
122.09730933751017
99.6247437915373
102.19058407202812
120.45577662500413
129.46941216758873
112.07058333021588
123.4721060029929
104.6276972371817
118.19080144094637
106.08659868466408
109.80859485179425
120.88692705924612
103.8859500504968
88.01021839106602
118.78904885464577
107.93822403297457
105.38135572312626
102.02402631483623
113.4883945352346
94.72352881195914
100.5486764900352
107.10483707938857
97.74192754084464
92.19237311026892
104.79637282233729
96.84342054710469
84.04029557463656
82.14229557908493
113.29381779343281
112.40960738863326
96.50201323500414
90.48570397615477
92.32427763825224
96.44969626434923
111.53744643177134
93.82123442079894
94.18860643970272
119.31159187708133
93.8782612522899
109.95921165876389
92.45332926777324
104.70657845587094
98.38646181720546
118.1344344232604
104.1550927555738
105.43687604022116
108.70304678984995
106.50393424602277
112.40409812443299
110.84774474018863
90.2354178483623
101.33796806045203
105.85070715080094
111.90477542219719
101.03031169981871
112.1552251496158
101.15900742701773
109.46010970300891
124.64763389492416
103.88886017732698
106.34209537187107
116.17181336543942
134.36548803797024
107.37268037628827
106.89424812067793
97.75972465106072
84.90326733840902
100.87034581104679
99.00409788786048
102.22524770741893
100.92247733556367
95.19399082198075
89.07689923520981
92.0092147242082
92.91949506156976
112.81853264555879
110.23982528320765
94.87572798311884
110.55587735417464
96.56000261985669
89.68888977633098
89.35424864146489
95.4500606398263
95.75187957784284
87.29254009417436
85.20757002588627
71.6199516731888
70.71708395367864
70.23378777557164
84.4014337870714
71.78825104324042
79.7153907916696
76.88187860705487
85.81183738392667
75.36883466495485
90.47666966281716
67.91737154311562
85.66642216027374
96.08962929856025
91.03029785508535
87.25485578480088
94.27423495435416
97.86037248171039
83.55291515299893
101.72269039138205
90.30682928596464
89.16434898216329
80.05472409943206
102.82393767397332
101.46874680478456
96.97914479660456
89.4010023929486
108.44192710262632
108.93929173486538
97.76803745315928
92.64965280608818
104.35684624179216
119.2907004092414
114.92641134538594
118.756508566045
116.7539137357235
103.24510831384598
104.42293851140609
105.87102512591251
92.13422672282793
101.96921383932654
118.01092971778691
109.81445847242388
106.64973417780536
106.71751881302188
94.0178150349712
123.81032035156863
120.12117754935718
121.92351064724664
106.20118426112023
115.46703454879665
104.29125309122774
91.85866894006617
117.96960886302986
110.40825991036084
116.79331619752242
121.37288947496634
116.05669292624134
134.23415189232696
120.95706217006332
119.66767569523954
124.94927364818864
112.3657205909253
120.49435090980498
107.76006877898732
105.90576987435504
109.41219256779573
113.32318816745021
107.76292736050883
114.97307465148351
98.81459629989988
128.62594503425234
117.76977789243479
106.95065141447348
122.61912571949158
122.8919325033487
112.50136582993319
114.14348657486029
111.05893946856656
123.6680273531804
122.90035631495628
118.62934784564912
117.728153030408
119.17671451600027
116.929536729535
117.62401580650177
119.07019166126135
110.86284159296153
128.65701426526516
106.43557452635328
114.21207082944103
113.87691417497464
119.62579714786646
111.25664985334996
110.97931684992247
113.73350777526215
115.48269072851791
108.91995849152416
104.96705451639708
116.97153668076608
111.57045365691977
102.75955522066398
104.64302906969681
107.29468210492972
104.63332685030178
100.92348447359352
95.47997681818778
113.01811845541062
92.86400031071608
101.64764942536289
103.58709840866948
74.68823394159345
94.51645349200945
86.93643157783579
87.54616983960594
92.95274451754322
85.14796604064921
80.98151194093415
98.56202596368256
91.45038616252367
72.41063725923449
84.48933318152008
74.86043365447216
64.32050889379369
70.97527008522702
87.79544329508671
80.92096808807833
92.3913273846391
67.63612160882295
92.55081750321413
77.68074806671915
85.13294581775955
95.8730720371385
62.468166519099924
87.37464559698611
86.29191056646926
87.6685514974949
84.89553825684673
79.93329178839964
87.92470184858766
85.10127062071203
78.61889649132134
73.7931868989992
84.40842182666464
74.20907519185063
67.34311760432176
84.9248424353726
83.55108270119464
92.54305708310204
96.7321786613637
101.18466344990017
105.33125542548248
99.13217702865877
99.01588475142911
93.69037299561919
85.40435524284204
68.94511506035212
84.67008015002209
77.708291799715
87.08562379193397
85.88649820260588
84.46915214451315
85.3988693217615
83.65821737946321
87.92747973712594
83.28645230641726
87.72525950736984
92.80672003060126
80.21096557312435
86.11992843061586
78.2510232649224
74.97828868215925
80.58613440423063
74.07238648764331
77.47011474839722
76.34753751053341
68.06271596834074
69.54255064527725
85.35964091517052
75.44378978509546
70.1508047724994
76.07929918649151
69.13017110612536
79.51074309418232
93.38992272118858
70.9841486411915
78.41374108063127
93.24532003211137
71.08664601749658
73.90279815140693
86.03361916735098
61.80198639849652
79.90629356477862
81.77071511072728
82.91904931738775
84.12850611089154
95.16406524692584
77.0152861112791
72.64713543137992
85.2409735942128
85.43028627435966
69.56768739193399
85.16771157744996
91.3467574991787
72.69849799089309
72.97868987863728
71.4712053261486
78.52868473875304
68.12950226400613
77.94714068516596
54.632447780306975
80.80215469669423
68.20043214100959
51.434718891677704
84.45025175571111
87.34749964155007
83.21940129820506
88.92448584210156
100.78960141459505
96.91190900290879
80.00043190217643
103.42322993626132
86.51686196844142
115.90397951385677
100.6044309811855
99.29296927848766
111.60665368417865
100.7884823498586
91.121704997986
114.57213765464076
99.32688059351885
111.81308894893891
129.5098242985446
121.62547640696111
105.01923750199589
96.81267506480516
112.81964532855224
114.45249991502533
102.1425104982775
81.46327804238857
76.55446292875992
80.74879199558366
92.06071127807868
70.76712288942883
102.08964013236826
78.00633054832207
97.75098164381683
85.77621642655723
89.28229894342864
83.99789067136822
83.74238245250089
77.35613290718854
82.13413135801659
93.53708118422266
74.02574035873862
79.81639077953223
78.83017612485226
75.22526112379968
83.7698671752607
84.69615757016024
78.43155149073984
87.27799471897062
74.50598327215491
90.15862859199926
69.62593429349434
68.70401121440543
87.7603423935376
86.79712245921723
75.82442088890801
97.8286253611081
90.07432707499399
87.4203287626914
70.23368549794793
84.21306834263528
87.935565030338
93.05637755564018
90.36368702443815
87.24883630577264
86.86264431004929
83.74906096397288
82.42399584551352
91.85482806543645
99.33231346729666
97.63643468580646
95.5807498694902
93.22671413062331
95.4982067948613
93.0103383472671
77.33080970322942
94.13389948898688
68.96636620403645
71.74807484485393
90.54619074136512
79.23756456621791
66.12256791117059
93.30137780309803
87.22687311197343
95.30793986285083
99.70123830500538
97.8852310786359
89.04301799258057
89.29727262045292
86.83316019145197
99.8086707771142
79.51813153649915
102.26441835609704
97.29807280905537
99.8310994496042
106.17407171784401
113.11525592849053
97.34357504879478
105.69652901464387
83.98460418314518
103.30016225283224
114.33746381815592
101.96743782505568
113.62166065179593
91.60701494380795
112.93635542279819
118.81561410480379
85.74766694258452
91.4662824765626
100.7811394568048
107.70809635654055
118.8245630796215
117.47691710142652
120.92501687885913
123.96169635490122
124.30251722491937
115.00295056324434
113.18244543535428
117.0154293454914
136.92772781220629
107.39504316197349
115.78045344085484
118.29881021069764
119.63089009793151
123.37746743145806
115.61906958339009
101.858576638112
118.01864589287995
120.77458937297861
104.2920441942492
119.81967628842263
105.0613371129202
112.76198189549244
108.44566016358993
118.70446716085276
101.15306366038787
109.50998167892871
94.76196226637312
101.0471680773647
112.53329467009573
94.40955571650841
99.48425142704897
92.45233789528177
100.77821490429818
94.65555122096984
91.61756786508683
110.50327108845424
98.53866954140626
82.30985295652165
86.35541245525248
91.62012737956452
69.47744486788913
61.984250214831576
80.06931862772537
65.24133282325505
82.11308245942273
68.45514321844567
83.40570467829657
83.06521154842284
101.66900174609839
95.79996242084403
101.6595145920547
100.36093246411976
93.7536372891705
98.04558853468399
95.97816606840023
82.34796916349256
87.57076230729386
79.97048951078702
105.3308059055408
100.41841081386723
102.48702507771168
97.7547027366598
75.88116663923891
97.65202323786818
78.25214031815288
101.4735832411784
90.2340030091629
89.93300130746412
84.28719286178905
103.16831614086746
93.16655507611841
101.98912944094874
93.95413271670357
88.90459893543348
90.19453773401358
94.70373705744024
86.1921395797566
93.62534591365835
87.54841487707604
81.84177392961077
91.44336131991986
79.87761447330692
91.0462844447024
87.68235637394149
91.32557099640934
82.43106358140447
88.37371799750683
85.71128306765434
65.21032583523115
91.4192310137782
75.06163143307634
58.584376299869156
87.72812710028109
85.07793038822655
82.06152503254404
81.20117258307694
106.34891488389792
103.78371499514587
88.94077019672575
94.4094087942748
76.83634492174167
97.56364401562851
99.95536857817666
79.41167531791837
89.34826918442293
94.80477431599084
79.24638578397588
79.67554118282465
96.27886236687281
90.15428848720627
81.0337522100588
85.0220435610956
112.19601332133936
107.77765348874492
99.05676363831974
102.73326049490679
96.80026281003846
90.17547565707369
101.94979527838089
83.05994138342169
102.38174290107982
106.34718231241632
102.9604517539075
107.50641421643492
82.95279545333013
91.19440431596382
91.89292766299937
81.55541560976066
92.3853087927138
107.05698013427772
93.20657632743615
91.29603399873191
90.36732786349057
77.71767376851788
84.69212369368039
103.19943176589938
84.25224323055646
93.17884632587781
79.42693848759464
93.77822165451602
106.11655207723628
97.16028408904307
109.0546183721599
101.49223278071918
106.79711201101067
102.37417520644114
104.06885044433741
81.39560617108731
109.92319166892193
96.7214020027052
94.09206526391694
105.93237271515659
102.5191945415241
93.4845799211276
96.05600334702423
92.34447761141655
92.03841434709048
107.3078830595304
104.33167928571044
103.59669991967078
106.85872896905904
93.60872195644066
110.66030191815922
75.83390979778831
86.90188947949598
103.59641467070043
86.93691192273916
97.98855634256373
96.52967461786443
108.0920308118116
82.93448471329243
99.38155596253397
79.37171631719389
90.45610402648131
83.9333655215418
82.87045357431619
78.13947857798084
92.27738197435352
88.38122058441857
86.32935359555663
85.40743336125152
86.89526031742369
98.3215784551814
77.04020782371023
87.76727292739571
87.08532702361208
93.39245997843294
96.78578010909925
87.72470693674256
91.41412118970156
84.94535523976982
84.03415185105088
68.15994212920184
67.83645878437578
76.227095015806
52.14300177599472
74.6577715938768
64.64008529500983
71.64217217719349
68.9883968563165
62.96171217896969
74.75607700500308
87.95160787956804
83.67735854491504
83.4862184205737
70.43630238898893
75.27477009034058
86.0203678477431
71.7238162723743
80.11350038230873
58.25705472806452
59.76701130084359
64.72466253800378
61.88487257444341
56.93398162067019
62.37153907810714
38.816146733103594
54.404731839681226
52.90570077641243
56.94882057914585
60.58228732326464
50.679649196327254
48.11260787502208
53.49975247373072
49.32994689716523
52.86824560090472
53.57584168358376
53.043333093639596
59.55599943005439
74.49656010119858
57.19465517637164
79.7184068656879
73.66095456536355
59.35657915589595
70.7616024158164
64.23553665110268
59.69857144410915
52.69329511897602
51.76952414861785
45.762822465499916
52.738035388940865
33.21099181706738
37.86948680284421
45.6276171487508
42.25918359940513
47.54231097408662
60.2750430897183
73.22232818098045
65.94232207542633
41.022590687763795
40.32725765679672
56.74015064572532
39.183812068451715
29.477306931172755
46.652245073176836
51.14651469397383
39.557934444940315
26.997912446121155
37.77795597734117
32.901384994579544
34.50275034401862
31.91232296310698
30.58673785151789
35.07084816631716
39.63923301271397
38.87455886354832
35.27042766659429
38.27843898724335
37.945359347695515
34.94319655109347
30.540471152113543
34.51775866067382
35.249246986354926
39.03598875804977
33.59633622320076
33.64281827889082
31.39616708680233
31.86543807041684
48.195916533771886
37.089346289023055
45.62276299925049
54.12205177125202
59.894352701361456
39.10043610272213
32.38862571072308
28.7668491631643
24.05024963905119
33.57382414443266
39.00052439816492
36.75845938752896
44.366526036554504
54.76583657317548
46.4181549581317
60.07859527979014
48.19373547514959
61.36255879296699
53.728584839575014
57.07750083029906
41.83172275647257
34.54025335535661
53.1700099574757
41.79092644743956
52.3179348130117
37.24905953463202
49.76321294685075
41.47899478066147
49.43305786687619
33.98203558532938
41.98878276336941
50.718554430435034
58.49086001108459
55.70308895404722
61.57976483209382
53.226920793129786
52.609321702765804
50.148822593298256
49.42617178344223
48.688451143513646
60.03838446600382
48.913040028014755
59.0925759277427
49.226616052209025
52.17298394828573
48.88992064706451
36.21419355569766
44.64469787003869
35.229033501567365
41.415619663359685
38.812804981536274
36.49846478946362
33.99347444404523
37.4705844561297
42.728448605459384
43.41592148174726
40.844733595919635
48.38528830995784
45.80246813497322
50.273271647967576
59.29636687561575
48.883549458146184
37.36423913836968
57.90866759346983
69.09327735150251
60.1038628694002
65.21420566101254
57.493785165008745
52.02871186765897
66.77056461881348
74.06005741524629
60.914721057672125
58.455684054701734
50.40618048457678
47.72865200485042
48.713953430329106
52.99680036276281
43.91567618644794
45.01371582827323
53.19452769783841
62.60300625207992
44.14986290408538
49.96409407872645
43.613052848424445
44.474721576590376
55.98606750211953
56.92232257483916
50.53556416471992
47.7533198958261
49.54218886540328
69.44023829016969
74.98614110971103
62.857879730856986
69.72388231875156
49.14930317413299
51.85556934617342
45.037740964499946
51.26023345220141
47.73282566982484
44.24054899027567
51.360720158963666
42.10386401100732
37.41503123058931
34.98234956997006
38.31300734808653
35.387517155642094
42.24637314458252
41.47213289258952
42.543089467488876
36.52872725024706
48.221560113304584
50.51768494149427
50.27741360826558
43.55675943849569
52.079953642628205
47.667826439458665
49.19356750962037
53.50277322633451
48.907659438600724
46.59518958029366
37.934980055189996
44.893445358282044
44.62067962425746
51.19092579033326
50.028983963015875
52.48314797517271
58.960783653988486
39.56778476363967
35.98305238860863
31.76111534675161
28.379448390576638
40.0686957100414
36.74044777749586
27.85802925880229
45.49873501456233
40.688483609721835
27.654257444453094
27.751630022050314
34.68137125744405
41.51676393983875
48.48022385241578
41.2636717878668
44.86394788823376
41.29908157978985
30.64128286582981
26.231484907081043
18.491314663964847
46.02142629421834
34.56348079099037
31.085136325034917
43.49049652247983
40.91824338860263
40.58034771287603
37.12806845284167
49.377157086396565
49.266226253042355
51.598781356163656
37.461570955418566
21.272814676085623
47.937614048477
55.422070341656564
63.603970528112775
63.31534867082634
59.15135929163684
53.03756644242512
66.71818084375354
79.37735036751876
59.542957358343266
83.10170531151977
81.11757868307903
72.56124594402382
74.94296976655446
63.223214000212934
89.31513401109919
98.67078942601631
93.48824554938678
79.29953279893307
93.87932059366511
85.5280547632324
72.94517583172323
96.16722463217441
100.57663419578596
108.8174147965212
104.6117599696718
100.11717505047218
111.95279034175459
107.63941344144047
110.94543259124089
114.65704684118448
103.22826977438163
133.70420242920434
125.48303988960322
116.0435786942926
101.34322893338636
108.45390234688143
97.34694129973228
97.41916621866432
92.56328768647035
89.37840198317228
70.0762005736656
69.46265894698875
76.427042161139
59.58875922597709
46.936164752028354
48.248365331788925
59.06114268868216
56.16830575017106
60.24588770026031
72.4357045224693
60.219599296519526
47.5442183652407
53.26110258044299
53.63839827904105
64.32389526506599
52.41976250281187
48.83997562683089
55.086048835826986
47.475979634905514
57.2010058963931
40.27575471419911
63.83935617118649
54.17114057357412
53.49464636126392
48.57578268430773
63.81653445308665
70.75384413565273
72.83354066528197
62.62225098225608
57.974665005315764
59.1881135658397
62.96181865150529
55.54954284481226
38.45079508537348
54.55703247834603
67.39357614894561
51.20221836776971
61.185815698938875
40.48070281232067
59.02355350191747
45.555098930442924
56.308616022848355
61.98143279425497
54.78995252479677
64.36627748192227
67.17757928021018
67.78234939624112
58.233533354114215
51.792180195654836
51.508225311866035
56.985262766178295
64.79372523105664
58.46896578748139
55.584915448781445
82.44167409467083
64.42573111126858
64.12809487971921
79.48259736688651
76.12490441497926
67.06001965701016
73.15020595736841
65.82707362010927
76.37104658974698
72.42629374404201
83.43170519964704
81.33858153893249
62.676247077915704
66.41096372119681
73.88584207205344
67.63270947439776
74.84273720925722
71.4695150275239
73.8904895864506
66.07322756545507
53.03340992655513
80.68800262558139
72.07252525083973
72.55700213711071
67.57509368934655
64.90908582826661
78.2037921774626
75.07785858165865
54.9760680671061
81.08191951894459
72.9713330732972
88.39142537335687
70.16320622055282
83.46345093145004
96.63543376565676
86.01893367374794
83.8240170204031
79.1090635509958
80.85482300562673
80.00362872055952
90.14713644787972
116.84361360117651
112.78336593200913
120.65459412161253
106.67025135207528
95.72189238800692
85.56153213684163
95.46072089639401
101.93084406226258
103.7942909910517
90.84634394675264
112.95265518720129
101.74503322669672
100.9232893805631
103.96372123993352
101.31260133540954
106.42131798572908
118.96271439469005
123.91509267465781
125.47088645769266
125.80748724895922
123.37827877303314
132.6475977313978
128.3832808737004
121.29841983014357
148.19950065515266
142.6241718219259
133.74428912344607
122.15050830964
121.09678265753232
126.41843093171207
125.60590715409582
122.86493824242261
119.48963839725835
124.58493353522826
134.56206564609738
120.76659034762841
116.18271840575699
110.60585945316953
118.94606341591133
104.46612184672718
117.38192722204394
111.69667351994573
117.79217500195874
119.8946912212458
99.5078415339354
117.45072728771254
114.82612877726838
114.13988996408234
108.53912932995246
130.23048611654414
105.21433180776468
119.76242812894911
125.22484212828897
114.38451190674955
119.62038302731999
105.56884336374888
109.55930114003085
105.3927360617084
116.1171805130558
126.02091693175619
114.23258990673291
118.664117174286
115.99028755571399
123.79091265320541
116.93313875846175
114.68196449390582
128.70508238810797
114.51137208247701
110.80590831626563
106.9717584375775
105.47449309975009
94.94345117417065
108.67665229631417
112.81920135827455
116.80145108501173
113.52923096352185
111.6246895427303
116.49454962600278
121.98006133136032
126.20509192810695
127.91970868521513
121.73651342136102
112.59737068515261
117.58507195124955
104.44400918051406
124.26549331328353
125.12318309748947
135.00408183443488
122.15123541926279
119.39308458203664
120.38936083999344
122.2519387996613
138.88236498276058
119.71724028532489
135.32059710040045
136.73764628292784
123.55886272255356
131.97876277612025
112.68309179210783
119.46561530078502
128.91386667173134
123.82783524065341
128.74942256562503
122.57922306430848
122.1067099814953
122.44969455011065
121.03193194447019
117.4699148052699
113.36704739822275
112.62470070632058
120.52622939669409
122.4599927982324
122.21478757875421
118.75097688223015
115.10620997357296
111.52314791347446
112.50274494122304
109.90878458949955
106.60422977362886
113.10782970431225
105.51259895064844
111.89443456429323
107.42315216533989
109.27503907757242
114.35998179958469
121.63655929768856
101.2887516955782
109.12817002216677
109.58213713908472
113.49740998461145
118.00257021491043
124.51152775137233
120.78968756409844
118.10273555880653
117.08000189009194
119.2720888686712
118.68019034263816
116.94723366345261
127.05876662472286
110.83035396321944
110.8066255800514
117.77735197214525
108.24528659578718
106.03186928450958
106.45201949655956
111.12634398967671
113.14557872299783
113.62057067621883
113.45063148371882
106.30835589278296
109.19765436314906
108.2355026125165
106.19924592352768
105.71904505243145
108.45640676278832
104.60219842469414
117.33232623996395
116.32556572679923
106.54859277493529
103.97228767692062
120.22723014091655
116.33956304218705
118.46104806598906
102.65935465469303
110.31784294720576
110.34840593064081
107.7953307547578
106.51386088009751
103.88298960421265
111.66881378420975
108.78979273807165
117.71735969430983
119.95662300662057
110.92033496733099
114.39820778986117
119.40874336012735
113.62745939941397
108.49474939801253
128.37005981472
115.73955254359646
113.27532191856916
111.95606198921266
111.2962020472602
98.88272150827615
118.60285037540132
114.23042831850486
114.42675337765712
105.13788906944986
109.9176917960173
115.0542459531546
99.28886097381499
107.0888538629298
94.44103330256118
105.70411504767216
97.01688291923624
95.9872638727147
93.2553031425385
109.53586132924774
101.75708056038563
113.22452356804305
110.32722216740947
99.72558373948767
99.72439854264229
102.6745566833951
108.46904850502534
105.91012710749735
106.39112869015761
114.17638100996352
111.9637425316989
118.08970968644057
114.14625488578899
114.05747389580694
118.74734786161886
105.34766707752216
105.16690248909586
124.37954936765328
121.741508167349
132.34590391447966
120.11884385827794
117.88627656528449
121.70108841852418
110.22127569699798
114.72422654122101
110.84676097076354
120.80299031678433
126.63303564359887
123.24209580033578
120.05225290471091
118.35595092862425
116.38840596017977
106.41467339301745
120.26075135191171
103.87449188760456
110.78101228448038
107.63702001707377
118.65089578797303
119.38312328722145
106.63637624483252
115.00846674791752
110.9910034626103
97.18136194785669
111.57430770054135
117.36459305316158
106.96351390426966
119.28089433013312
106.62823495206109
128.92604305106437
120.74834301247975
113.90343191586366
119.79942545302403
128.4816617057579
129.2955912760371
135.14068992784507
122.92671552137888
122.74766127261448
139.41352400613462
131.23422128422223
129.68129043044172
129.18013475515275
126.11659310615431
151.4190924137781
138.152397018902
140.2976521764734
152.71933978833326
136.7925998367556
133.16556135162105
133.97254641494905
132.25369645674553
149.80539804479133
143.33735966989371
133.66449781420968
140.77195605539532
150.1461319150442
140.07135689641032
140.34307245819244
135.14655694190375
144.83248690955722
138.44663517140236
134.82216139365786
138.7975778221577
139.2257719658052
144.1590985842381
145.09199969647318
122.68704648445657
141.31032341159207
127.11909096852132
128.10697438716562
138.9033154067014
140.01462379869378
133.06650839525045
131.70078279464823
141.18113012474882
133.97567868090468
127.60296342369492
129.74856931533
126.67891507900697
134.4924749323025
138.67723641142115
125.70537771838316
132.18837026284803
137.50626544100118
134.4713317126697
123.38064738575244
121.18795969294644
123.364597411569
128.3526930879611
141.15115385330535
138.47751923889402
134.65702935764537
120.49205940618813
143.54194638515412
133.8614154290304
144.9016709179683
141.226833252138
129.60367454461908
130.8863796170491
131.57271248738326
144.50398945009414
129.93565599788883
128.71109834504406
137.49804614375864
134.87136340378797
149.1931426468767
139.53743418357354
130.0421566001339
126.89511589281635
137.06613215161136
132.11287219282744
135.13289705168188
115.90970985864615
137.22686255578108
137.06661248063435
128.39330659218402
126.74349777503683
134.3353585673618
125.10964421756789
133.66251888506702
131.71973155100733
132.93471179325667
135.47474603548483
133.72077810123142
131.1599099346625
125.74979303766746
120.75812692082671
128.11336671545516
131.54019052808033
119.08087886586213
115.13705766009912
113.39253583280775
117.18858045649374
124.76787124031985
132.06986870421355
134.3191930675157
136.7147576857367
136.31492206679692
124.55090939619289
132.03282709309008
134.41008742281784
134.7142995222184
125.00898888247202
129.2618384002691
133.8638983823086
127.62513769650141
130.24921812162827
129.25520541308268
141.0515567570228
133.4951066124509
136.64264193906317
119.87331155510022
144.91321244398867
123.28227606635936
128.37056943420728
136.41285082970205
132.69399943129403
135.18169850926404
129.84073691453733
121.44617719146743
119.42273826348107
126.82173180601171
129.6078313143124
126.36143047699619
137.01860164344447
123.79007684515389
114.47517454390479
121.53439326056794
119.04801999918529
131.4475958845772
144.77650220803176
139.38239070204347
146.46917100035674
138.70299569717545
140.29257398965908
141.604661082799
133.04374078469402
153.07765285937887
144.79162042578682
137.9272909261202
134.2523989520661
139.03423730766724
142.6747104549155
143.94502428097863
152.72961995315663
143.83551622768587
136.90230410082168
147.82458004191696
142.58475511485582
148.8597069524153
133.56198803427986
138.15251473643036
126.72044745543539
129.54209266821474
138.7485893940231
144.1424528911159
136.54724113927628
124.32652409773327
146.25636041917636
134.4447282997232
136.37487852378405
144.85435302699972
140.47803871271535
143.9996107262481
142.1573536833026
134.55468772149382
147.2054592514887
137.6265090592957
128.7877044790088
150.99107651009163
139.4359767854839
136.63058238086595
148.88993879371355
143.78325221354686
149.2908007031943
138.88835545401938
154.72186883563316
150.1173694457952
143.02181226933317
156.805681260465
145.25264218582655
155.2107606657332
145.90667889460053
148.7628896162841
154.15459906778435
145.35942365206068
136.77993375026267
143.204833533004
138.90810171681716
140.25970579430967
135.0777699880972
133.13010488115953
131.9199797028524
125.35868249483327
124.5593801671377
138.31660803220473
157.23319986835483
139.6659770303331
143.7808813307564
128.92013864719146
146.98645165262232
129.77896826464223
143.7058593237608
129.96908050077255
134.90638388497825
129.51942679342605
129.54318479605044
117.99754411502282
121.94809005433513
121.82395853498004
104.57409450974102
123.7540098482423
123.34975741594106
133.82771692586317
116.30852945360304
125.5718871968092
109.96824710408664
120.96788522532815
119.72988346470477
107.53755595765382
117.96062352427694
126.69014456432657
125.58566774662485
121.43280186433462
119.27498715360181
117.23692189494682
125.44293613551734
127.12437813762665
125.04600969429353
129.47878415556053
113.76766830554105
133.52797366106748
123.1670000591147
133.60060328213422
134.5633457109241
128.6583518601997
137.3351712920623
139.63770139420194
147.08626646436957
135.5546149084859
129.5871860167108
140.17775410048006
154.12294959938185
136.18900555358823
129.09814048780387
133.65302214906774
131.35327254166825
136.32894845284966
128.69214195686675
128.13896213870896
148.35125469297975
127.842850592193
124.35739355419093
139.6636034982431
131.0781962778507
133.14558891204015
128.51669102275957
137.35146389864155
143.66119493358042
150.42600377602793
143.57627406242005
137.96906918445862
135.5934068941699
133.64259383990446
150.6298689243291
138.38262933355912
148.6071569163327
135.46537664432313
140.1334450192028
138.1835942387957
126.53979525069512
128.66925734812654
137.99939551323686
142.72801154799174
140.40730145948345
136.177915278762
139.7915719544862
135.98747160838732
120.75587855637752
129.17164371976205
132.37576408015275
140.39193705206785
126.78101938498975
126.69973855189414
133.1233136392527
129.1126533402478
146.9300388344749
124.60729231222282
130.89905636868008
136.43647205113157
128.74549843574792
141.46374560609812
132.2290177640828
136.736762484577
143.08508491331114
144.9479993428263
145.80407209095682
152.19984389484728
150.58592354155488
147.91123410061638
144.49993084591978
157.66156504882122
142.81223298341797
144.0122942446909
137.70801637384315
144.65898879951126
143.87085880131633
142.15053429356388
117.92000184595398
137.07157644495783
135.66329870025638
121.35732161427504
141.59181168557507
144.31556468711182
132.70127966917158
147.25658325509607
152.99924867425628
155.00396029302098
142.26369377351983
142.5519889781188
154.4234684902996
144.17396931498746
138.37399275679456
146.3629525799966
152.07743006866818
147.98738246828688
145.2499825907136
144.00521389685727
149.61267694194444
140.3889037179351
147.99888209564654
137.09699873435156
156.23865547056445
147.23804887516906
154.57472750896773
147.28161836497463
143.92106373492064
144.7583733502273
153.6830655340567
160.91565012765733
144.61186831518575
147.98778216164408
144.7992886764607
149.7962337742364
154.66224671033504
142.33652448036653
146.43183056115626
154.9774078095948
155.51267435825383
151.23968818816803
149.40807010079598
143.70296670652502
142.7784294414442
141.81895264734644
155.28932029579266
151.04881268941162
139.781736813062
148.1822875257887
144.10451412021732
152.33425688632357
147.91646105622286
140.93130411297267
146.65285330857043
154.1164809692151
143.00614418023505
145.4791407685198
150.55654587777025
141.6139015571297
150.5747071722876
155.62702974307595
151.33792269995595
148.07766053601415
154.69487084434482
167.14505110737906
150.41495842983235
150.1402890977628
153.15431029012552
155.46539862081966
156.01937291460456
151.28546444727004
162.39443585824532
145.4193911532505
151.08709224212015
152.36537696137688
151.839143912134
145.42715826787298
149.84301657196437
151.94608076688615
138.43864951220868
151.8004876808079
151.17399996950084
137.41539027701023
131.278550385578
119.31323820822041
108.65964117326851
141.5583077856141
130.97814475669054
133.18928729813663
129.13215457745662
124.79113841409472
121.0351289119691
123.09879010153611
130.79175808848905
122.8492811850539
128.96143192808796
132.6673662411654
121.67768392005918
137.13026944692066
123.42636729789652
123.00767901785632
128.27697598532288
125.50318003261191
128.94050495452467
129.93424008111816
129.88813099801473
129.06024913168196
118.39237964218059
130.95196313852335
125.9667517813165
120.19013387208665
125.68251129375827
121.65391479000668
127.77648654860879
142.8701204037081
140.0511913170603
132.36610203280435
142.28742518866486
133.26902126280956
128.4573830772591
126.93928027043613
123.69346050459221
132.67490063100928
138.74229575870868
126.59006353241024
128.4563584730352
123.95209980444798
119.73714511136752
129.76057587795313
112.77059420869102
121.81936680199924
113.0851577336479
108.26816064655279
113.94130128028459
117.44395745487533
126.23489774588985
121.78711941151354
121.94089137886856
127.83703075554396
124.33191716923699
134.77661825253995
129.33467948913653
123.03955096035642
124.92306535486675
118.4057387208679
130.51239473118437
133.14799080650715
130.38089079136603
146.84767039711036
126.92186623720502
129.4228904653013
113.3899338312441
142.7316118569975
140.4377883650918
130.47033382772932
131.35427022003148
130.4766283443524
111.57643835353335
123.84966724025374
135.17458895045277
125.53315616390874
124.03437091176725
124.8087419579789
129.03476326094182
133.49345296929854
130.98007375794606
129.22879256636338
136.79353271960437
140.97084738939316
139.7086858760162
134.56346183655498
151.20463676666233
142.1957295777246
136.4248909264172
146.4242453956864
146.1253723225614
151.99008623051262
144.54758881635433
140.28234805387405
134.9570258533496
124.17663977181049
140.89541249611443
148.25975877996996
140.37256403080502
136.44136224301846
145.72760797409285
130.53673954645495
138.338656334824
132.11364731803565
138.54986884947246
141.3920676893484
137.11457874376913
130.1285899888434
127.04670554759534
141.24809216557108
139.6330088776034
147.43595415226895
138.36350444939572
134.26090826900136
150.12545116595777
145.53471044843062
148.65000859943768
149.90933091358198
147.51665999901365
140.9760954224588
144.5775374665513
141.51540247225947
145.762962922631
154.12381739493495
138.74577129489737
138.8012016416729
148.00968696410655
153.18966528828525
142.60778080519688
151.7572445845848
144.17534813805915
150.26385114068987
150.1141563522429
147.60440656884893
142.1729900278823
137.44869488690819
130.13485237127333
131.46771716036395
138.79888963567495
124.01181969053567
126.79344063374988
129.3659739760508
127.46902627240368
138.3397661573601
129.64139203571034
137.41108031624168
115.55806568575179
116.26114990249162
130.77271267757604
111.19808026273627
115.94949109744104
118.16036605980752
109.03971476876326
113.62173610868395
106.85912185071494
108.07400374358866
101.79876575248497
108.05514352894085
108.0279088673069
109.7517989037465
95.14349579089605
101.85204255266206
107.45920632451615
94.8827474094614
114.53419061541122
101.43755249334987
102.87759579778616
105.20901771799956
87.71067782855211
100.90458119231289
117.78357415740024
89.2570336080163
119.37086255168275
121.45529795081244
119.89417253928912
115.49905539365011
105.09310776275497
108.99194164722027
109.5330629639928
97.97084540664196
99.61035676574518
100.02762535537887
87.25219901913586
104.57879211382182
105.61641178515086
101.16526065953609
104.94659021453433
108.73480163526872
118.51940088017994
117.55108038462168
115.70604380855904
118.91049715741705
115.00016517265958
115.78142022317982
112.45450266072014
125.45873118319012
122.78095981199785
98.27791878021199
118.26412528050041
114.30768369231208
114.96972874029619
116.89482773358122
113.69107098052334
100.37544233170378
94.48129150768521
99.39378987874474
112.44478792968964
104.22656487464486
99.56509404475254
94.52929067866846
84.96192059713655
106.56352455204878
107.72898267590978
90.72912619947061
88.34099582339208
83.0388577137672
101.31223817598281
100.07289576761289
110.90924703535542
112.72035107279792
99.61584772057677
106.71099743279757
108.97114812841058
98.33226821643804
114.34540530489238
111.05566594773735
103.36022324769561
108.13097598034875
100.26232071272902
110.41798233289083
103.8485783397654
108.59646378974924
96.81685043052158
109.81435717147623
110.37598228652145
108.86966087618238
114.32826011225208
80.9646593586908
102.12127721121351
101.23573444752668
97.53328871005245
112.56368124395597
103.205157113933
108.17677787954948
94.25573496711256
107.46723957397207
108.70132218751363
88.60678100194129
112.56293142351701
93.23532139767276
113.23272292285273
97.79363947499701
116.39069875442195
106.42530036009568
117.6121242719673
119.41346359956883
115.02588258076669
110.29444322580514
109.75449038262843
117.85802515939956
112.6369220698637
114.27982213861353
104.58632569886782
108.34340972527075
106.06247531207502
108.4106073150855
108.60938593194179
100.40359204731863
98.14258412626255
102.44727949409341
112.50601627950776
99.11582780951137
108.55911301470616
111.81654071777795
109.93801844581438
102.68191407194668
99.49198391095295
100.32707077075638
131.59742236403503
112.63072767451168
108.80384258303144
123.1364364694762
117.69598646446448
112.70608663723296
110.4709873512213
118.65337078204276
118.59793212764437
110.34538066210997
105.70818675232528
102.43534744350185
111.84188630918521
108.18407337663523
127.88847481695198
125.35221864913562
125.37500961122956
118.35954051992783
94.90081025801163
92.47194480532767
117.8444225548488
113.42647667458756
101.36446378009714
120.82653367727046
123.69381691533899
105.24322688081209
103.93120984342612
116.44709696490185
94.2038180807151
104.48891631658472
100.00944062720224
105.86724025124535
96.39301595709442
139.45782910799934
107.74916188790657
120.43218638166012
99.04092545624023
109.17033981779483
109.49202210788172
108.80070771126069
106.93961643587008
119.01530767571282
111.98639606072427
106.61904792673674
104.15828022938813
118.72754770651441
125.16752432799808
115.6985122232308
118.50249011146246
114.58327981212115
128.8373861935336
120.55566241665647
124.91721982115337
125.62385981796307
136.78474946659526
127.92249852005243
123.25605912448721
112.22046293513762
79.72142492482484
116.5904153100963
104.1593781088888
115.35844681909869
114.39203572847514
101.87832453174101
106.64816922219495
90.8214837021289
103.24565647656472
106.12339792321917
114.80002081924262
98.11522955468708
86.69313016389354
87.28345499298949
89.58723336577894
88.35160009610922
86.7020429927822
87.17911501963108
75.36171323960289
99.69759674693256
105.38001020610422
113.52525203832239
93.33120537919584
104.27999334945164
96.51285490298439
86.15849822546558
70.64861955576319
99.49724473640644
95.06121913558798
87.98128008256215
101.502804368368
93.98587438351427
89.36716809421512
72.16834996720375
109.06119025240326
105.75144240193528
97.33549636428859
101.45486765354465
90.76928013843126
86.54317861232839
88.58096888025887
103.18903907407812
110.63124187169477
111.21790102628484
113.8940239830452
132.70784860709088
124.07152216054081
125.8751553452132
124.50248703680074
105.26433365611182
146.60147922701103
123.99059192056082
104.95172405724443
130.10490890679552
127.13805673326367
129.92050373279548
112.86569983176801
102.95595745791763
113.27939379451857
125.27455265681652
127.9827154594272
121.09463368362044
129.6118326186589
124.40610054365638
139.65925441144114
134.48506501877682
132.64321353188797
134.3326542097684
129.60427119165942
140.1871279532347
130.87302128940416
122.72674799788531
135.30703099043512
129.7306637396804
134.5549156822356
130.99970570514228
134.33744191160673
132.503243940922
144.91750651953032
133.73819010718717
133.8262539641839
140.47485636865707
137.18645579283293
132.99794408086012
135.6388409372285
132.81272239103643
121.10374289310829
129.37510963922492
120.41856161198291
122.76178537781881
115.98985335268928
126.24514643739676
136.5913360132948
137.838409364325
136.0051476333456
132.55292844303708
120.83652854478636
134.91527253490625
136.82928883890466
123.36337748179032
118.32383541044449
129.3133035113744
129.87690811351248
142.0101924726976
132.06422536632823
123.58086206318559
122.45753726718382
116.03986647157858
120.34060268949057
106.93817426221393
126.76824091951252
125.17032165225177
125.09447740038368
116.11578825476236
120.16867513150271
116.95566901596139
113.22602048127759
106.92252581020651
112.03129950662272
102.65659978230204
101.16343560800246
87.83033242364075
116.39084845688485
91.81871947973806
109.00159189678297
107.97469417401409
102.25352407110357
104.34482867326209
107.3198572704359
112.11287331703562
103.162303291696
107.5703698522895
112.09512535581332
117.56869021531152
112.07576019671187
92.28533153805776
99.43316873724223
92.4462174805763
97.44880180716235
104.26813297490584
97.31637962130144
87.27078342980406
82.33782315666578
103.75130739648732
93.63906055942455
86.86630310518649
85.70671388319808
114.56521232254126
111.39631482983918
90.25201064621386
122.80120164450979
102.1645722608581
98.62325122438644
109.84434891140143
88.21495352537707
92.70906026300335
98.51024731793154
103.65821197267606
114.08733299627818
98.31297740474074
99.55151212046194
106.35406412509822
114.19477186965145
109.41531410067385
98.53997036654783
107.79874903524802
97.59002438317017
113.16264036638512
119.98336985512981
117.07016121093255
104.67004657388425
98.70010434740297
112.33272203141176
90.80668352105464
95.67491474498024
97.20057555569969
113.20557584319039
98.39368457241545
115.57153841738923
104.50671122473473
118.02695572117285
116.45587274769292
103.07514421838171
99.97784479263102
107.38449845281117
110.03282152214827
100.10009054284079
91.75639952228849
112.14786122466671
95.76801405581932
94.13147999891427
107.99269405687195
108.34202412733715
97.50658740329398
111.7121793312061
104.73524226509647
91.45128978063248
98.20869528639682
83.68449116615186
83.02027764979128
85.37142937666384
99.82687487361159
84.60328845280509
81.06828748117266
81.35264512994353
85.18408441057018
92.30917101573596
79.85878577886677
91.24906586966297
87.45303346259018
72.81536850931292
69.10142247328525
90.77064246565065
100.60472656906066
91.39677349089072
96.36956908364849
89.42111539025221
82.94948374235466
78.97543526886926
67.63326768547478
68.41987455860658
69.33205231001673
81.40555818806678
68.78218953256327
74.1030664413786
83.32999790849318
77.42903305764634
71.46985470852756
71.61363528239248
62.65078339875708
62.00669486991743
58.87861207212626
43.76219024102656
67.80854270368575
47.67839903661368
62.01716397648624
42.345249628894734
55.97179015486526
47.94782392583827
51.21263265171678
60.23710083676603
61.485628735384175
62.48612426466571
66.63682382058154
71.30415239944614
40.29874635836111
59.67181193618412
55.172809414326125
61.37446311925766
74.82207282054529
60.914561784759634
63.26511543224521
77.817926521806
74.10772216494593
61.12488713767086
62.85103052127595
64.00778009092721
63.68716453560615
61.65768569534864
70.10965812571766
55.100707129917296
63.50916293091376
42.384186605149154
61.51358972556736
68.1254006966784
69.83353259933209
60.09036858491087
50.214404168834605
49.612094466095805
73.38303837096892
57.947179585820486
43.99785941671185
58.14270143194204
54.90862075983014
44.926738967578025
45.16669647479013
37.31092481868721
51.719480472480214
48.26739063263034
38.26779382859858
53.06990442385516
50.00311105741668
54.74391808985111
38.76943493178813
55.496471209266396
49.797290374488334
61.64803295260545
63.04223043621257
66.37360241461155
81.47297769548287
62.2339241039217
63.17548981392673
55.86178883817346
68.51446623798748
76.80129333171429
69.32803897798453
60.424503547324086
70.56907905487188
71.98840152987728
60.18345055314019
57.81519553746359
56.70195531835612
55.006989295510245
68.3979910180187
79.33818636348914
80.40419363045258
61.09031688711511
66.85314883062277
77.87999482971291
77.48767441004333
68.98992081687628
73.29134700353677
81.83548620739928
76.65277378683415
67.64333762900836
61.84124793693176
45.84796976513953
69.12787301023855
56.66828397843069
58.97837522968564
56.54916097529132
62.50692140546725
67.5049493450869
73.73891006628324
77.64344010204289
52.97816071702062
53.76954561597501
66.82255343898626
50.86564255443575
56.716228226683185
58.92385320679435
62.87762096398399
58.65825025176591
40.115319902495415
33.43944345593156
43.94657276164631
44.99852282444625
44.99798627523141
31.200682838178633
31.922703836174847
24.81415452264106
44.03898819798581
51.11208149570149
51.21222872620744
51.47138364071954
56.386716334724554
42.322803498121345
52.57002256280321
28.65539384851686
42.58247213626834
40.17171120755804
43.5328160057251
51.983683234641774
65.46420069355604
62.56205240705347
60.27859895505159
64.78244304370578
71.13097448645371
72.57701613967095
61.92369238313725
65.8562406950899
55.83600465093745
67.1020525091238
61.85961234105701
69.34310960805247
67.38318545248548
66.00802027781961
52.36332841111436
45.84559090678988
55.36398104112872
49.39031601967885
32.843296831228685
46.11129564956681
50.709998292801615
46.729714714621814
42.90764837958625
42.53536417194698
26.541596579796916
42.8282784422724
39.27095751886772
39.29194536120281
50.32132932844398
56.25616769209371
62.42656049335653
61.88868535291908
61.635647091929066
80.25060488291055
63.15069948945312
56.3268030057852
34.72485557842066
52.25609881178171
51.390978278539066
48.86730527972906
41.10011592138073
41.68464476282149
49.16361173274118
34.84640512139639
31.3727692049447
21.91973156799167
15.672744125914978
25.87743034973316
30.677674313352476
39.712380831141544
58.65316251355227
49.95402119809034
40.730917448454996
38.857769236825405
38.11736505638953
27.668727578513572
27.06235554128991
18.635944954623522
23.320999483534635
24.2985706962447
27.62563838587583
29.375150747702335
22.506942643552577
29.034659865867813
29.379568309687784
29.37869048412151
34.199856630031405
28.826549867502962
47.3788878700291
34.654308675866744
27.788863722164095
29.2786494768635
32.62836287185056
35.931881811228024
31.017669283785096
24.68547220663176
26.778739441717335
33.987245062630045
31.231310929998756
40.3566371514779
31.80036888739447
28.631003538289722
32.939803102217624
22.570554454680288
29.385274582078114
35.04933597988938
27.84321635198697
32.90799370234015
4.359148410010973
19.525234792737333
10.794186771277309
23.91739559317672
1.9902725050705334
30.945903615424815
14.981810867002423
21.346030237689547
7.008273298451556
34.30575390307648
36.657411284568724
30.234194394174565
9.48346955023921
37.27285454778934
33.848659014367016
52.49824626647352
46.50921469891056
38.79336564390864
41.772864795682935
33.293055337191824
42.66892720150474
46.968814103998994
43.68108693320675
28.722244105872456
22.53584260816535
24.479450454437576
40.8422441947756
42.73529411708268
43.776925318317
34.48414057319378
40.24230098047147
32.303736842431114
37.0571541117183
47.22931613230443
38.83779441497312
37.386006739125484
34.54927374320057
38.988638641999955
54.22410131565977
46.92596772112603
38.79591554097128
35.1159389346609
39.81987861608127
39.61458319458784
44.79951101491118
43.174831818079284
27.618000116371743
30.82825474964975
27.208884871164983
31.896062711124376
38.16959330574538
32.13148902740439
32.37738930749611
31.22820946980269
32.646958135117245
32.708859511752934
31.47023720104481
44.46521424488925
54.863215756603736
44.812572690378644
54.45404192461385
54.61985784613739
45.439982962228726
57.113023370115016
42.29061307911745
60.31641954446804
60.85141453047344
58.92480696487323
82.34142754297598
78.17132589331862
61.85779816640934
60.65528236183209
53.07844478340457
42.98326179320818
66.29335242700768
56.38202857611368
61.22775342669588
67.72959840026519
70.52116526849893
76.67298083090462
75.79370721404533
70.40842240869678
50.06790954423273
63.97264415057219
73.11837344611249
72.14933615345046
60.930328485806925
70.72333073142852
61.3519698097851
50.265857277780384
65.62558206777533
66.48921173630582
59.500663729524376
59.28300398188995
49.52531460776034
36.788318253914966
54.97793798988728
52.61170545593215
58.23957321147511
49.157410553178835
60.07674220358513
64.17986883474079
63.33713165937558
49.658796426037945
80.61317686227862
60.13510438744749
68.27429939009038
68.99454591140174
71.88171686024168
61.54326976178753
67.42109306358992
73.96913124340847
59.355169479046424
82.56463988338679
72.03943689806992
72.73111772688137
78.08046735651325
75.06098306966913
91.40847619481764
69.48665890485903
88.28168822152304
83.1296155740767
79.3936932900776
61.66429110075264
82.7162684026157
87.91545660012751
86.77329683677127
90.45292171766489
82.896466313159
60.50618647222121
92.26186900847283
80.34127667928796
94.63468118820374
76.82084863456244
65.34423542421813
87.15977949609726
73.46108117258306
78.91872045790454
69.41342768674974
70.01399259066358
80.69375808830524
69.45752629320151
61.37974512876526
63.083029411374135
69.38451165803215
59.18571343680744
60.84757902202086
58.708313188537325
55.41961756970716
47.16387438670606
47.69876738353807
42.27473862009565
59.847567222837256
43.069627355437966
57.423325977065396
50.12123881475268
50.02467899383551
55.02111872555245
48.50615973974815
51.42608327078719
45.98025013770505
45.77724935288665
47.955597611441455
42.91621983380348
48.13308693791019
51.749061715251365
67.18158388469115
52.006244858463845
65.20102882386804
50.414341476379015
46.182916422993756
44.5889262749875
51.52957466602515
36.67754961836462
47.202939139870914
40.040124176581685
60.11501508579109
51.37140366048793
51.713186750688706
52.353547630556506
52.110402570301815
54.64346241419281
49.435776547045045
41.824246088135624
39.08073100806058
36.00415445072734
29.877743619571547
46.84909091810341
56.097327285283036
38.099987635408496
64.57474750020816
59.049936643948435
56.33804588671235
49.0751121939849
57.61790572067489
57.90221173776404
67.70687601984386
55.6333358426223
54.081764108114875
56.0533368637212
48.926692702596355
49.23351058248147
54.31170788523113
45.21154572357398
46.23346834521807
50.15479654581576
53.85033439373897
62.227690045437065
69.03625170669352
89.52262073075126
75.70543674647766
76.50393398452121
70.27291723275977
66.35074472978029
76.56113490180505
60.81814615070778
60.81126037627512
61.74412786053006
57.51754651012168
67.5387747310171
53.77905251655427
58.57730690455361
69.61064421604866
62.74593043954399
72.10702690334347
61.47869713971889
54.56842464144415
54.65794619876386
43.07308594609995
48.95273572274529
41.304839418193005
44.178896578557755
48.24900514356355
34.32665070339067
36.040765569864355
38.91875574249474
41.898454570565875
25.89780749114723
47.64967439603401
35.6575929303499
34.60347860584647
39.239158610838466
29.289704944664372
24.710976439971358
23.332181234908912
19.679479544659927
31.4532930006444
30.59089773768208
27.06537838689166
20.56756795875935
26.46595727785042
30.284191747224746
45.562555695406594
36.19372091160334
31.39277057408879
21.62156144543711
25.54331589974951
34.78433177694789
21.718936823047112
20.000985508222758
16.287920538612887
34.6888154512869
40.07215769015231
36.76054964673223
38.45207095030245
40.6886888672534
53.86482459170698
48.26024994870608
41.4765084289535
36.37956743567604
49.54549102530803
54.66760308218426
48.34333098522438
42.335682367659686
41.93644191649051
31.1440746412956
26.49434904385971
24.60693671600545
25.101666224949447
22.434710685535215
33.392317024535046
29.733781336215614
28.844780186120463
31.732220734115874
35.581945280651716
33.35389372271885
22.82018250926052
24.485483593299552
19.11592902381881
29.803212794045255
22.66992675071607
38.90375130142044
41.78202615175456
56.04413729272483
49.238962668370554
40.806969979784355
38.427757252286625
51.93213015889746
54.040617196021515
37.681635354756935
36.91632621786918
29.188384899163445
27.91548330614524
43.52318842943798
35.244043159497096
30.425864732271176
32.617430988108524
34.36615523890865
24.464647672865468
3.7000453024457673
23.9700322018496
7.2255376884198395
25.421256765607424
36.398103103540286
28.925219227643506
5.737743296640188
36.512287034056584
44.01364455319114
44.72137457152281
60.00783820299473
73.18271211705571
72.70892672018435
78.23502221866602
62.363401611548255
61.31619732756573
66.9924782677442
50.79458962174223
47.53182566302657
41.55528249494701
49.03660275242199
53.156666045222224
46.39144256896089
59.8647122170193
51.22858990898564
56.94684909129376
59.6407074925629
74.62508345350724
71.51981967837199
72.8771780128251
70.54025089986241
60.271347736946645
54.79310592900707
49.08265748026447
65.73074770489137
50.94518192366039
57.18723873779817
54.548864732099595
48.91082195330712
52.00989560139883
36.62447268380233
30.665373295906342
37.22156821645506
44.69326219618638
34.949914188586185
32.955578123048525
37.33083587336828
37.4613321561247
27.724475370840285
25.555620420251714
25.45221926847707
36.523029140700665
37.24575839157653
26.025059873317584
28.501727935369566
6.071602876379822
33.755013394108694
45.0068943026159
40.814094114530626
43.80375944540402
36.137389488360085
35.64207815885559
34.521332695798414
23.13995103397342
32.99889764701855
22.330548115768345
19.6678321747969
23.43667389176226
18.35769147075779
28.57499151582848
29.879779788995727
2.3036876781667703
22.243364448049668
5.6525929233089425
28.412861917810122
29.72727745365838
21.959566271137174
23.32794134561909
15.74938755050362
30.951381791868688
53.056638639725136
42.32000956430813
36.891988404167236
46.14259209761078
44.81140913153099
49.80817752322446
40.29627168826426
6.5579188025634245
45.969220280549585
43.836409780211945
42.518448856389774
8.905997492939377
38.375069585343944
17.327822411727244
54.9595800783776
44.40444237585404
36.32937775776087
5.7270515432987406
48.302212657357785
47.95490014743031
40.151841319117985
60.23260790150067
57.88295932292217
54.00316408502894
59.24497637438776
49.99994439445134
68.4090124370837
80.91508594560095
57.20480551255354
66.16340145390069
47.32571835091593
63.869894925179885
53.934516093532245
56.55022880228985
62.43881175770784
52.37257377737782
53.53866669884306
50.741887241999166
44.29847427019737
45.05520731296564
43.146853283494245
36.82794324082292
44.6874547567466
39.74262996315862
40.59038584108046
37.10372034121176
15.72971391532267
44.07676399113822
30.28841981727888
43.07325056304485
8.52899821765316
46.14479946158508
43.890124129050534
64.06052423077779
44.92572987149886
43.14878302608578
40.32287650049908
48.84046004612844
53.845272416163354
58.25138621907795
40.5538392744379
36.92320493496424
47.4588666845531
34.31856536988568
48.51322197243511
46.021937954723796
46.01238212029033
54.59766914377656
53.88839471735193
53.254532289936286
70.22563112850335
68.35220689548561
74.13612008293292
55.63042245964047
58.103359949151795
58.74783384977692
69.31059193777506
60.70207213133572
64.06654340691165
74.04432948022301
60.78449087008894
62.70472202598241
69.70314555778114
65.17703337300425
46.27897060204152
46.08763979490673
53.2772600727444
52.354223952614475
71.82529973141067
61.5198590682746
62.18551921767424
51.38309834731231
38.74504476736234
45.55610710289164
51.14494111899276
45.80553694899679
46.40268641762243
66.56146431930686
64.04239655540827
53.01713554628014
55.68516200789602
49.12686990694523
54.53885364734874
61.07112957732628
50.40108837605439
50.673166756315226
24.80322351039897
37.06703787182106
43.897439481252434
39.10680674525108
34.85550924264515
35.51069201391528
40.964245263181816
41.679551369988
51.20555822989752
56.093357492093226
65.95641064155537
50.551981562630985
46.55462140845716
54.32345602077921
60.74040148120944
47.92239045533758
35.48219170074375
42.587204372577574
57.756293862089926
56.698028370418484
38.01828817852881
44.0961050028059
68.05215895883535
61.055084702496764
55.71458549115572
56.972548756751095
58.3089826271563
49.41602368196504
65.307185425975
56.97188802922403
54.653479203579124
57.42076167397593
67.50153740079323
86.04429051026868
81.57820504575135
79.27516243158237
66.35125603615501
75.53042621650415
71.86551901316722
59.08489487528156
52.77247229715683
51.8906572341523
59.5052909509436
41.35267087749665
45.46293186882122
46.15896073795649
46.718549925523696
53.140562383765996
37.01096833576315
37.962308222006406
45.714470816149465
43.16048995128989
39.44705783600794
39.241304331672886
24.192521702371227
20.62624612922694
25.480395871702157
13.38280509826824
9.353889834897098
22.762713161972567
12.250698295244746
8.52703503181695
18.49649365662583
22.18779856949617
24.291431453472004
28.95847206304901
24.48837367265546
34.21286744610988
28.29573488467705
10.68458096975387
44.72750838157968
44.41975570547007
44.781075965100314
48.03421278193887
28.3127367055872
25.672612206453987
49.99253493049791
38.49599599395717
47.42545812244629
41.9292596280126
29.91706408711993
31.387471579907054
37.12850739149617
34.42415722428068
20.565314771597485
3.4912177406541973
39.87502111572998
50.66793104206748
47.359180352938296
40.32589894569376
35.670989677008926
34.034310301963096
38.135095750995546
40.59508656876796
44.63720732236238
33.99017485590336
10.39270242994975
41.77783257358246
40.8919774903941
44.82638032309181
34.12882099246677
45.67236849963615
49.35030056989405
35.339267601998436
27.815514503692757
21.71480520583443
26.74585155214977
37.6979717821579
42.67224924206697
35.12224183825523
41.019332205394754
37.75092187421885
41.420340308413905
59.84806006969865
47.46759439435768
45.41677641168137
46.273293565792855
41.51122994035033
41.952585662590835
36.89222022009112
34.64634461699757
35.67228054151247
39.920070311080295
48.750821112663154
37.04969036984471
39.67252537653225
39.551917389581945
45.78445781598325
39.60937400725163
43.21477323972613
48.67070081976149
52.84226811724718
50.76646678946085
46.39936643777367
60.83698577018865
49.42205809742384
43.846562055063735
53.770151060290274
54.184624873873325
57.482385269982004
62.88175790822915
72.56685107476154
60.62147824865899
61.30855812163422
49.781995549559625
60.9447986075959
49.751185181692385
58.06302300110444
61.43738663851301
58.85308958791857
61.29221752451929
52.98386377784706
46.198480977094455
59.03641321429181
63.289217473763216
51.27905541534623
56.08462670083659
73.19738905218692
70.52028683466155
72.7865692717965
75.06029657447587
66.1955924858763
67.70919534556192
76.28025601907748
72.03700222229872
76.07392554088356
62.53673594648851
77.94055119775942
72.2216099506075
66.69797118086291
66.85811251183219
75.40960368138124
87.645294144944
90.71091884568615
74.42102307919978
78.03945830874413
73.74046354562407
73.26198606697692
64.19174306182542
74.7898403848349
68.69253784674419
55.53682990097607
71.60069843926145
63.0691261713654
72.0457523023288
65.99546600410231
66.0453610045766
52.367071277752785
67.98233098388964
57.3332117970952
56.67824132771344
49.79691140839922
78.21120500894052
77.44494444029354
69.21553865265093
76.16633311539563
74.27785384016103
65.8992199018139
62.891745947403834
66.13002676416393
74.68017591294398
65.7086975970273
62.70515426005579
63.87383034471406
73.4377890075984
69.62058505402189
72.99776230802622
66.7282832686056
66.14539887720235
75.10204680461545
67.92969499689761
77.41715782900907
72.26033528664394
69.172641146025
65.52572160278412
55.228032697349924
56.384761682912604
54.2831375375416
58.20386857342593
58.46645895589268
72.64447107788686
54.89510191739002
64.33686691747737
63.144968704653316
55.533227966455065
50.98969194480614
68.44592449036601
58.66465767519739
69.3073520076724
63.834239782818614
46.578377094092005
75.27628998449408
61.203899946126704
62.49870928527072
58.50944379221565
49.51288875982151
48.60349617515123
63.56372821725125
57.208973909100216
35.718180700866014
37.796287081349504
36.252721285372
42.984694599147886
38.226512627263325
40.74363336219681
44.918145529232376
45.26438014224932
34.33181401917949
33.76151293310002
23.85878111074466
22.77984945515502
31.950589035453124
30.137874452783844
6.878518946327329
25.567800123994736
20.907580919503662
32.82213071062342
21.369206235742208
15.520512507903675
31.736318317703436
27.372038073385646
4.28195557101124
23.924162590959295
37.02610733370091
36.12751898938828
43.75032962183834
27.936067544614186
27.546294972265322
31.236762335783474
12.919054259879296
31.524767153372554
31.785842700967756
44.20867764837711
32.630863461886044
34.83604871832533
40.28549601745215
42.23998813720163
31.629618876026875
46.72541839702268
57.425369974023205
45.245148500309405
36.6492333106105
29.42919493082301
29.396360952121178
22.244237476089804
35.1087302374154
28.48946791888629
34.28492163878027
36.73682277885516
42.298536856448266
53.195498414496505
33.78219966429623
42.36312492532528
45.81052538017524
64.26835825403663
61.813222245218796
53.09820720742883
59.94115626933058
66.47068124242973
58.182516436289255
65.15165666142832
59.66069893901436
71.03221350468196
58.75942319917902
59.40895505144011
77.38793403670915
82.39212014356276
68.15414357690518
67.86151913547317
78.16716304100228
75.57408341057734
76.54352695044737
78.62696638174161
63.57285655615354
64.68952949105622
55.30859801851109
61.57929702239889
54.03207716077137
61.14442303241864
60.70344364701224
62.95087137053492
53.637235695878175
44.82294116546923
43.1910656669372
58.32455423406705
52.471217341489194
58.10285618325917
53.47889960201765
65.03608949141507
49.10630287454585
43.38696666440341
52.03904853656553
49.168772621924745
54.57939060502017
51.712505959939804
51.072235962512856
40.5966796181095
59.62710784440059
40.7649423867266
52.830023391437756
41.545092748299794
38.26034142499861
35.00946755441529
38.5553195601864
45.07187096744276
31.48423920359133
35.52424397902317
36.11730067847464
29.92185703828355
29.41039368140641
28.531054809133757
35.02940511173372
28.75119938368482
35.70693189506079
42.96968958234804
53.185523852699056
41.0870528942101
50.40193585609823
63.99139051633781
40.769406775279
41.04829908170344
30.345314122993788
46.08262501868334
51.73094382971198
37.68264126344586
40.486303833135935
51.22649350160765
58.267455567474805
65.26138268987869
58.89289905258788
59.432310077534396
67.95897411954226
64.06155182423807
60.74383577863535
63.71454132676616
62.67464997747446
66.42673992605201
59.43824311763245
76.87911620316089
63.59178445666002
54.74814507203641
68.60144048612784
59.004038584027626
73.12315973575512
61.0785683067895
82.71700565215262
73.3036189725056
75.45807718600963
62.46716844890142
49.057126473101405
61.498171733799055
63.07483012563346
55.29872135405982
50.7691132070576
51.4799470344917
40.26747140693584
47.988175954513466
37.508591320783694
27.16370200324627
28.85354275592124
24.685209736007092
28.5431524502255
35.50550490980887
23.828140062739596
27.229008676961506
20.57347706663049
27.39059006720066
33.91662016483871
56.38938644578769
41.20955455755361
38.41505980508394
41.35790306329873
33.00315329332835
37.2715259397725
26.318281229820887
28.391433916157887
23.653113069363215
22.32421176761535
15.100799067580152
8.223743688558686
10.20300450831278
20.767976244643155
33.476840532766474
31.885953915395184
32.76440357411794
24.485146874361515
10.623979134174197
38.410418564149744
51.48113025695552
38.0468877369385
37.05991701065463
22.11092119180612
36.43629974059801
35.42266423297768
47.75236124165006
39.02861949882458
37.288412521446446
52.573091136453726
33.393519248652076
28.964820781328203
25.55457734611413
26.973332560658594
24.558136291842573
25.086770678027
17.857685691439855
9.432963741481732
10.366986767390113
21.253497259640778
32.60465413559657
18.849390685986126
27.520799729960082
30.732353532507613
13.53502455799499
35.115667529037076
26.833292788890063
31.165840347846217
25.777927075371796
36.43783757284036
27.421234262547035
21.514185939469595
32.55501205110038
23.07793860393356
32.644394451041414
28.25319085018344
34.72449319134287
25.86565929150105
30.134969499727056
20.869425585698913
6.043535085914227
29.565649908567703
30.232424301341695
18.682896735593918
9.800762045581926
29.561527214912577
26.708874556700763
27.772003123125202
24.995680929017414
31.35596104096573
24.708233300277772
21.20611869639533
43.317435427907895
37.58404807587825
6.663539115751582
49.39669885605697
58.17709801815475
63.96522062463036
73.3127711154097
67.3029664239466
61.369401853833054
68.50239932478667
58.12419558487501
61.426663859209214
60.33054055720791
57.84565968550856
56.89263318447836
56.18907062940718
54.57724114571383
60.1694206390253
60.112236361514235
67.65664931133374
71.57507693563016
56.03868295943133
78.86918021757732
93.17240804726926
90.73833325110934
98.93256229011888
82.07939195932528
70.24907835769677
74.89899390753862
79.86703140926294
63.715284028131386
56.89473186244732
64.78000127734215
52.81172128680021
69.50410194209346
61.27048866112102
67.07081467275707
60.10151297297978
76.40054161057904
61.624911918278414
70.79073071473653
68.0200343148235
65.60488447718595
55.80286252003158
67.41699446583773
74.3814862592804
71.66359703573637
70.50533839090963
70.68218316565164
82.09279806166192
77.86759367861058
67.932280039032
76.6953432076108
80.84574429057267
84.14707997098948
94.82937268953116
86.71628037799668
72.96560035568278
77.56366350593288
62.02387213730714
70.05285241022993
63.77693720759674
67.41746793699839
57.705367949280586
70.83292565389218
64.72658952661156
71.95605307357098
88.45615426325276
89.3597239049474
84.24949679943157
83.04205930254679
73.34582769574045
70.32286613261378
71.07718986737541
74.15886722363054
80.9078346077817
69.98340167435614
70.37154523269427
55.02279368314804
63.12335158067586
57.25824758944831
61.954201318580175
66.28461434169871
67.63880331778286
57.09864906639502
75.31991086895722
62.54711724562493
77.02613052372436
72.37659423365582
72.31266647170926
65.23950292873984
68.53534083153814
74.17683068783249
69.35441753653798
55.725548983836035
77.31651041916055
76.0810111847656
71.0774223416835
65.0277479657338
65.56567371064321
87.49531480184616
70.28091177581247
72.24170179719113
82.82619511851203
79.20960274693086
67.24471481633472
72.87781395211206
66.35082077233692
65.81530547754676
63.829271536194504
59.47768698790952
49.09834496377596
50.676252109283105
52.76571467601597
48.12761534416303
61.61451534952879
51.72108885969021
54.5844426659745
46.443692151266745
52.25173487562047
54.75893898753795
44.95902376254223
32.930794518338544
31.473582890115733
37.95156443087395
44.83305351775245
31.98797880019244
53.00324786413119
27.682579094183374
51.15638027951934
46.50716014874828
41.37811557327069
39.57939537057251
41.227826653185055
28.47288692336484
48.605454276277435
40.957586583995116
48.33127917847062
62.88623516060118
57.37340738915762
49.237135147752646
52.172969422382685
71.92718201913546
58.757724370911745
50.89275310919258
49.04605917225069
55.92292089884731
55.8927708337332
64.6928643908765
66.34015405045184
58.74234263901459
52.702897757218125
59.74106420589452
66.48077467817943
81.72637980166033
63.399358537280065
66.74780437634199
70.13134455878006
66.8534944250729
72.83945402065744
68.68888314860246
75.1753417375529
77.49380281232482
63.84588634620674
67.66028061440765
73.57451064646482
80.5355305180549
71.97660320251511
78.9515852751367
44.40329698791181
63.64704598159352
69.28384253904997
68.82377780599018
65.81327289696097
59.36316973398924
58.036705403490686
41.33171728386437
51.85251409709536
41.93423765802235
39.65702162134853
39.09028636438332
38.540251815267055
31.936063511267196
36.843325812930736
52.337851456603914
38.28041665456982
55.73035969187152
51.588964473300166
46.80113357530812
52.672565214968735
47.692348319063356
53.83178029422932
55.28973211474622
40.237425339168645
55.54342849985302
39.045013719510436
39.90467530757336
34.73966126824037
44.76512498168262
49.64710801854647
38.80402838110306
42.610497761453075
36.570639150239
56.973659465760385
55.768004033846
59.207742495039845
72.32236026927472
65.94464684697398
49.930779237742826
61.26657375451031
57.62849468020999
65.91161022515793
44.488795589234236
47.08465808166949
47.72566559607579
43.12665616221479
43.585437392043744
39.22710312286667
36.839165508496365
28.741485728437368
27.713653741408574
26.31651323821231
19.30477783234869
11.424591161072303
38.90734146029682
31.456842217434424
30.463244622033066
33.827117843744986
41.384470262670945
38.37847942619273
32.77091746184471
25.68348279727134
34.52181850301072
13.80175905997758
24.323997685315227
32.716113103224835
22.19786186126607
16.538794892841768
19.601476226777272
16.61173434743608
9.458627989198005
28.805215452030627
23.012936347478423
7.222269854857425
26.680222660022334
33.119384660358854
29.428705161636195
32.72145088577675
45.494979475116644
47.91220385135448
39.97066233689159
37.49953403918073
25.661568134398568
45.48265946431464
37.65347482283755
46.17324081141355
30.62717344034592
26.37458553467582
23.516418419951254
29.864748536282537
36.77280428274532
41.17052764891918
53.03110624326727
46.270872663561775
42.58621820632495
34.34594950281321
40.1433615337143
32.16017069098421
45.33279765370188
38.24934414790679
42.2277097670206
50.52334767499105
55.56690376538283
51.12949288927752
50.43146234390769
44.172272839700696
66.05539924344902
67.72929162749516
80.7596455412244
71.5982432302048
60.69269071008955
63.8376952232316
78.72497552600628
84.56357754215173
82.18775271553439
66.35468980099779
73.55840319221019
62.926263454771934
68.7426454382636
69.0411872497826
64.73740660326196
64.05955225474571
68.59101416029893
72.34491992925456
74.47000918274966
72.88386251255793
70.57838419766325
81.10604657821219
87.55792651275608
93.05399472873451
98.84505739263476
110.45133194206822
82.41096624557377
97.30464011827719
118.30037936086637
120.31922384936047
105.00063552383855
103.46334604674587
117.61457265049881
90.30555155321426
106.57615245848326
115.73390405254297
121.00510362834706
100.97906245725022
109.72161607549451
102.3607075246798
110.45386798987897
100.73356052111735
119.59046513293283
110.12067899306419
96.88657069156557
104.27125980145297
86.72364257486647
86.54825322945523
91.79438540140467
71.13208930151963
76.30972186612257
78.02519066068105
72.6594916579822
90.64462093175463
89.34694410840903
85.09146878266445
94.30951987778397
105.34818061588575
102.29441293390812
114.10139469960944
123.43848203399212
103.06221332252139
108.91358124927574
95.85149599457452
118.13093732733752
94.3132061360037
109.0750783425492
104.5862877780476
82.64534634735867
85.3794602642568
81.10920772411112
70.13820659601453
70.26344874841173
68.6682165832284
65.03649165159791
62.64775288961913
75.92246669117688
60.90283099265107
54.91534202002436
47.248847658915594
61.44606833552378
60.58144937513526
53.594417280667344
62.38770518788345
67.30770849713906
63.385731192412486
64.60246475388244
57.06867164827264
57.23875348967139
69.21032489690079
84.19108708404573
65.90270443191986
80.72023139409849
77.20052748531587
64.44090506247989
84.4937448763292
76.15844069466057
94.78129909856968
79.5349504199114
86.6956913263634
78.46135177036984
68.3678396010174
87.56808946881918
67.18480396774571
78.47586534203715
91.90528644135983
74.15654458184707
70.614508350833
79.8713334330016
64.61659184838689
74.98151024051563
79.79518549012779
78.45831211600031
98.06531457254374
91.22308562944818
82.16360968078374
82.94557020623263
89.77884110189095
83.75753154539255
75.95915520205153
88.69194502228915
84.42052222224852
77.3646734885996
97.95687782604362
103.37936393038763
99.78056371089669
96.93006511242143
79.43649638137174
76.80580207417913
86.84432775098028
82.64119108901711
70.35896532015242
90.99140730207704
81.14062615119019
72.6117485873998
80.04262384888729
82.90069305628374
91.05948836135313
91.69469726178563
101.70177588127011
81.21846690203282
69.31397888449696
74.47270229743245
60.516094743497256
88.35436628700666
95.27767759859465
75.666054177666
89.5948338922024
74.98607784072662
79.91617430864603
71.06690452912027
81.70744344811682
84.40245029855409
85.21787301962978
89.2029210155545
60.46364972272259
87.55023880509452
68.03797042642958
78.06508333406845
68.95907311077343
56.605331118178206
36.55840159986543
54.711273478262804
56.63892492527308
55.18686460995791
45.52956399040581
45.78516129798835
55.816376461432455
47.861310579021406
66.79053858151188
46.22778717674018
62.51605166636963
52.419285729432495
58.19308167379361
63.21881057280611
70.07681725227668
62.11731849389119
68.83087723428211
69.84791585904598
66.7941916755285
75.02629756405251
64.46604412804126
70.53321812669006
61.828805288425905
68.97964743953841
62.382531818073744
62.9939013281377
65.55471715502732
48.374820616594796
74.71620394803796
51.03521927645856
63.90996108610493
42.819806232016695
71.86486983389307
59.99660603743676
54.761234118693764
74.90687090728176
68.7922403229191
54.07852275324379
61.213135416406566
59.04802776131113
61.53531490796163
67.12354577106917
71.69068561575624
64.56416320774476
59.936254444340605
71.51218334978806
75.12518566716345
62.11573052384572
63.575187976274336
57.26783180469284
67.11577686000504
61.35015228380974
48.641792947544026
55.48399259163838
51.43684822380045
50.71716438390181
44.39671010143401
30.143574563794758
42.06042578097102
50.31477325347026
58.446282637318205
49.724996714869135
58.146269694464586
50.35673228342038
60.939013501736575
71.0100060149579
69.07629086711172
83.50084054810051
77.73663761194248
95.36169243040428
69.60645825085376
54.58806438397792
64.62677289671952
70.04602768547964
57.30414440964599
78.357029400343
67.72329719181195
64.95007756599557
78.40176160627044
74.49717243530444
78.9092314667046
70.41206015581493
52.75841334904245
63.51653891695452
70.8840445530742
67.39085530909335
58.143333124590235
70.52740002507721
81.96567911094928
78.06548984294521
79.88702506996398
78.00062246600794
84.2982469211373
69.65683197949129
82.52397986141233
81.85291320941946
84.19238211021089
75.7993413256872
103.77999346924742
95.71475975315441
87.19004753665783
93.89806231171063
81.97958252466323
68.8980666452403
92.31059596333695
84.3515417183695
88.74922677755546
93.74470346759213
91.61584335768282
96.25740070782265
87.14252073987197
91.13095740707092
74.29670294678772
82.52345307628414
78.39877027981198
79.31112445780012
73.09719691038354
83.22551603057605
69.5415659314239
83.18185567630246
75.9654805262694
97.6649909259253
82.19276904042168
95.64020935145427
74.78318283546972
79.1991184027791
95.6213266771714
75.28569930087949
92.79334289820328
83.90958939927533
90.57753633932616
87.77692965094988
79.45842719591822
87.68759790331589
68.15708977028603
73.2104410144066
69.70692957628509
80.6104378159757
60.31572395691189
80.36799635384604
74.00368376525361
88.6087692648494
66.41081609660579
70.37120403977926
76.73467979005743
69.88303716416338
67.47484900031789
66.6336475762836
82.50808920502078
56.944067492803214
80.05294325941311
90.23510784674298
59.07602910596216
83.44302061562132
49.49113279961036
59.96724757997876
77.61820120962891
83.44539902388627
81.4856693829192
61.789623354083616
81.18186774135089
68.90561362923205
67.2759682458837
81.6943748335739
75.77640314519024
74.57786372189723
89.83681224575385
75.50068007883627
92.82891304350971
82.0068249882113
91.86260738917626
89.9307326114703
90.74241594923302
80.79545300572956
77.68488487370102
81.41414050807589
83.28202189193505
70.87371691701318
87.86625716915196
81.38360799049893
76.39062118479484
95.51169503685655
79.12943498557868
73.7632341418587
80.510229553035
72.96081706124868
62.43528277877187
77.0570708558622
80.32600276150318
81.39344234365038
72.74127991730583
82.79877704537209
77.0053611073524
74.44887360435999
60.90399933581595
76.67268625686776
63.6514925290488
69.69053943044933
36.41777976584536
45.41297121564064
39.4331609528768
49.4319639260653
47.87047112741431
53.95543652165904
65.81864797592304
57.01764671166487
59.49348871215778
65.47779954514444
53.960088294018064
66.64930449236756
50.10746181699928
55.81401323497266
70.8005021348455
77.9374016620336
70.42712924061988
54.654760568960675
47.951531812640866
52.10790595909471
38.898368910921164
56.675624311425665
45.671738831569286
47.41480435517233
43.76675719050941
41.099145273958854
49.678769071438516
44.649743640461175
48.901644167499406
51.29926679922143
48.06354595755056
60.50613855602695
69.18553047777955
61.93128869314684
61.86879610556893
60.37883237566388
61.516965563122895
58.007300652074406
55.59192575287214
44.91333599667602
45.78897852982062
61.915674809790225
69.98164519575059
65.71084906628523
60.715439378264314
53.78894147878617
59.982132945100005
54.66554044794378
74.30050716927273
61.85041740223109
61.10679309878269
55.274639800230865
59.44025844024782
88.91106001078163
79.50641618507937
82.55410528750112
91.54702421916794
83.94315674015823
59.93373052190212
61.90818067987987
61.09924734453616
57.271690414084404
64.06051940026256
62.90670418589259
61.264292664618154
62.694749938006794
78.0839829344405
70.20444920304318
67.9031914079372
63.917178253431295
59.890669486445525
75.022970564261
72.91522537679762
83.62392896666309
72.25147738271785
78.75756929873491
92.9822719570427
93.42754585871702
88.63508435342332
85.09461399417125
79.98449564417382
71.43797427241566
77.63945237896534
85.75407225109025
72.56277005204197
88.16309802809457
80.20357242348804
76.84150610125153
80.28595384096265
82.91083290561704
99.12342503699404
84.26371793770456
97.61949464636162
74.88791472282394
79.4340345812502
100.14322789164171
90.65175376822859
96.91232044215594
94.59968494980183
86.70838746435207
75.39600971213262
111.21999333944458
90.56729910674416
79.72924489387728
105.21537608496247
97.60800310204512
86.00270767545594
104.96313359620372
94.20718032685376
114.39332795093303
91.29031986350522
112.33978457529362
98.34702912271246
117.60222747564002
118.8087268052917
117.04853888617943
116.68068132913577
113.07100146275211
112.14434250435349
113.69179479132757
119.60531397477938
109.41695415171229
118.15697846883715
129.42014075186492
120.14236739781938
126.71026675659306
128.0376526989411
128.23150595316338
130.95196202637544
132.0307724324131
131.6175387476079
118.77526386360046
129.64569661367563
133.392705886309
126.86565052291519
118.7500890341064
121.2867293053628
116.44342752171043
113.78163136764374
125.20183642529273
99.143641782754
96.34137772666588
117.16836436259314
107.87339098156669
106.13927084197701
109.31882669111025
105.91599988414241
113.4425030323519
109.33755018605899
106.16339180096527
114.31564392863346
116.90332586407271
106.73053260397566
105.57807339212097
116.09134620914215
121.88593899043217
124.18936244882458
118.22910425139261
130.32041437090882
121.90664574974133
123.25765158228839
117.73514470932169
113.42465454263896
115.83284048980816
114.87886345388718
108.26460199480985
104.47586977922302
108.17672435264929
115.6843698154046
117.02884184539093
115.73009430497426
106.86358535847438
112.48444385621028
118.95764557991754
121.41005824537405
112.75305726057127
115.1360427948443
124.39227858940579
119.49097654152558
128.53788132571907
122.31666614126408
111.62484824323022
126.98810783755191
125.40629886910052
127.13581452882929
123.68728787175479
121.36510687195845
109.25835543180486
111.9471828695517
121.78101338443675
109.5283606130838
115.93878688767948
113.43917567251206
116.48477668109264
115.7059273591536
104.47637296736701
118.69953920449572
118.82083716705635
117.1569731323788
117.05597087780166
122.2042554273487
132.07236408537113
120.9390245414789
114.14357794795221
123.34393110220697
123.7560481536483
135.28431985641816
127.17268253433282
116.62511314799832
124.39746544180048
133.78885807587437
130.79954685505126
130.897228424333
130.4818608749049
120.58466437428793
137.68542162074266
135.215358584019
133.51516501879266
126.10149707618493
136.08608869214697
135.9244022520586
131.09231679011756
129.88213491847978
133.6621580544918
130.44610542274114
131.9915458745558
141.89371819899796
135.10498491355227
130.95817145602805
133.98378381242452
130.08769896673752
123.23142970227555
118.85672119590649
128.2749975993534
139.01087179349375
133.87648733611033
129.0871997839586
120.72069536925507
131.66492219340176
133.0190025829304
133.87925576732772
140.78174394067636
148.85008113187934
143.03620136578823
139.9270218664197
140.0724720128803
126.10798389429
151.86878597444377
152.6100283320688
141.8900348348319
148.2430819555325
155.96468823892351
157.29897564943403
130.5301066776615
146.23297238343375
124.99828942222102
139.5177292737627
137.2046181502903
139.55197069639104
141.73168702654024
127.52106019327489
134.68864303367934
134.89326351835666
122.79092965886483
125.43797001591473
146.70024593430972
134.47195570319056
139.200303668868
135.8593900723421
138.39825774200915
131.9504542220825
131.92419339546922
124.64334243992965
121.53300103739855
131.85599533806771
132.73256313403166
137.50113304924
124.37436769960884
124.9911636989705
107.80770924824012
116.90153706991477
117.24194827241061
117.28858603197438
104.16670220601293
102.00759160916267
103.68995125449008
105.76479698904447
101.05172651391463
120.20101373041389
107.93839047130456
106.61445665628545
111.08095117203989
132.76588070151442
122.28242749068814
117.63690046329687
115.93733143000763
134.4974013600852
118.68329272124322
123.81974750903761
124.20922668705008
125.50672636093643
132.6925091850984
129.04111593451935
135.9656445144923
126.51648824125614
131.8685725843208
138.7926932282831
134.26370582958305
135.10289045104759
129.4846574179268
138.56424884472156
143.12679409024196
129.39185848336857
140.23787595052607
137.34212947724103
135.4678857302736
140.89430737242725
134.6654442312795
126.68686034846657
119.15697200175785
121.39400510415527
130.31636034067532
133.92273837322819
135.95964937654108
127.3133317227803
126.56035092767573
125.58368310773007
118.85816242276265
126.60919976947963
126.77049659386812
124.77577918009555
123.3043939832088
121.38577782888373
111.21229139785899
120.1470039674019
111.30607763352464
116.66439784202939
114.3691379215652
128.42936276543813
110.05587908416624
120.82035913129155
114.8634597353342
119.21358576452303
116.03619915415376
117.91479602360303
132.4865780381129
128.1951324961999
130.57332127297292
132.9043726430116
125.27659315296792
130.52052838187785
125.42984474461828
128.47757219822185
128.72460591038512
119.54363016764555
124.97013864347392
139.3735887547847
126.66925766771013
135.4333210173567
128.621852316091
128.2061881152242
114.77237794879383
103.59575080736083
121.99672273357547
123.02916808093424
132.4089980324958
117.90062472977161
114.86581080072969
117.31797983734242
118.41257026312891
120.85200713132939
124.07889518912238
116.6586055954249
111.40833400661231
109.9389858688995
119.62804299270347
111.17464413206915
116.61284540327051
112.06617115980329
126.99180189087949
108.84490529288773
114.94505395271518
113.47941248869188
115.31281010898623
123.10109894977607
128.94771653985075
137.11494352512375
130.58317605428013
113.2615403226461
121.86005219919973
127.44939087604817
130.33599832303386
120.88303732583027
147.06331679523814
131.18874437615057
135.21997481276253
124.26393556035748
132.4202560360245
143.68938710153859
139.40275190204866
143.90091767525783
140.4343231264586
141.29240760738168
142.5089451339781
144.2553564057023
137.42685816616915
134.80109613105756
136.3383776298477
142.54109235627854
144.6423664140126
139.87141157506798
142.38224246345217
146.9561099513366
141.37178261826676
132.9676896158237
135.79799618082887
132.18739278557658
133.24873439049867
137.83865132499082
139.45710301690636
131.64331477181452
130.79689292145179
131.1276276777283
130.50545770007764
143.26132664571963
139.1835130775492
138.4446275450735
134.00347714281742
124.92355587734069
138.8616786430029
139.99291312061396
132.34737687064296
135.87090764038768
143.17240751032924
146.0797849341509
138.67547010397433
134.31445737828196
138.16228855689818
136.127268986542
145.67642418406
139.7490256831686
138.59212676397564
131.60039426735852
127.67598034725115
130.61787494860556
128.57736744382225
121.01757389488557
131.28893521408997
134.37597686492103
140.8707917984167
132.66442468299914
127.85103461739381
127.96381173246887
127.93913230971653
139.89948602256823
131.6208000086508
124.51563551791887
141.45722151787243
126.25327440911818
129.0292352184644
132.98090451284602
116.39100004805516
125.90147242066382
120.60309621353423
112.44482469752948
99.59439362031415
106.97651069672334
110.31131397179759
123.66353631463087
125.24719345226735
118.75491571630364
118.27544616614342
125.02744044366133
124.00298660389726
114.46982737723667
107.62633804809873
114.33439267416709
108.36697973702628
116.11804121729715
124.61497008882489
120.20587248141968
135.3670554422082
124.09929932672667
130.55525937469923
131.74240313729257
130.68049779591374
116.4768790440071
134.64845839816803
118.31129875713336
121.28607643240547
113.70383523188447
123.59459026590014
118.39195800963678
125.27545870466778
122.67494146024654
126.52236007498837
116.29548876057008
125.28771160625917
131.33539129638118
131.7080433290759
109.91983810240605
115.77536265809682
112.1641706432282
116.52082610468662
126.12627216263097
120.40049060378959
136.71957229086138
121.97139731695012
131.34007526855376
122.70541180993314
123.8797418278333
118.10980867788733
129.87430694284788
130.13727541594966
118.67890089562441
107.93566956950998
104.02151141848856
134.2580573295549
125.77076289849333
136.0712214700064
128.74530150716467
116.10342051167056
134.5452487158104
123.8725454454802
128.47602028841754
121.34673229769251
118.74548531647119
136.17684780362015
122.10187777439823
112.79729130350924
111.1637616467099
128.28092687533137
123.46164287964595
118.32908538258188
138.51547353766443
129.6650257945746
117.71950063372357
116.6193126852646
128.7544222301079
111.52443839326587
106.69618134797118
127.5315632423483
137.4433348199784
132.87156208864377
125.13107065291649
124.29078608581278
122.32695949962662
133.88473133264768
128.5091527657148
128.32759942772836
136.7804204141713
131.6405307659424
130.42490493844176
121.50058605512197
137.9186023912251
128.33990889419184
130.30672262085284
129.24102996059187
109.46137441271568
113.72300439730046
125.55637620351948
120.00163177424533
105.14829064979708
115.3219697291353
115.28605349638914
107.71085179257734
125.46861764833477
128.36780200252926
123.13229890271437
117.56656100711102
115.61412200749295
112.05874765796545
113.42642251136706
128.06849223613153
124.81048365832392
125.63510657922471
120.48408262125625
121.49981245796424
116.91942878922907
118.84735835080032
117.28389947031935
131.20103832579053
125.21979330782139
122.18353198778661
129.5243426773082
126.6263757286485
125.06161880910913
118.038904639457
140.03882988213138
127.88403581545485
128.9755790422822
114.11130911461213
115.83041785903829
119.00315998643909
115.94087304900467
115.83650210130847
105.88102528235912
121.3428835760007
134.11362838810535
124.60793922296283
125.86434505250855
129.7841243151927
133.39957751933267
130.2879008377226
127.27792185700565
141.14287420337834
138.20787074729438
136.29426273810466
138.52312848140792
129.78818498108413
135.38146231815472
132.52104690168798
137.14028750217923
140.51346497144823
143.87798149692532
145.45986949710166
144.91846795632824
150.4661779722674
144.01992941546237
136.62104606226103
135.2990502039318
135.24469310157386
137.16241876733514
139.89986072150327
136.22729098350058
141.74465909005372
143.1812772159635
136.10016466747416
131.6049265253861
134.9606715306297
133.29955330699275
136.1076944980946
127.14692100997185
125.2649774854147
143.81711850350564
131.66009433580496
122.80109947542894
131.42829644091216
130.9997486167783
133.68122655489057
130.51055874714183
130.38928198392534
126.5053347288478
128.40526698625476
134.97911032854532
130.06133792479127
141.82176519691546
137.1182131161983
137.07621670144675
135.186703570864
130.41869188732596
140.24287471380205
131.33023136267727
145.9579172020281
141.18448230970094
141.14365994001966
124.80958707678896
126.45490530693243
143.60087934775623
132.06703115846452
128.81933858271003
140.9990183033469
121.73994849905377
117.17948989852955
128.43665359420018
132.71794881489137
140.27084399471576
118.12979740970016
130.8572021116881
138.1114408679286
132.6346929094533
135.29521701092185
137.93181675697463
138.6592281878997
147.39723458793577
146.08822932370543
140.8057176816641
132.1727986171593
140.86545933879913
130.7215709811404
116.74393040343216
139.2655786912487
125.38397334166093
124.90416738818509
136.07034101981017
129.80852977443527
129.84619635962702
133.76953978540362
133.45518762077592
128.7486501382904
120.38678974893944
115.61109557924017
119.8483091220543
115.5916759679173
120.30441692624912
118.25144988796427
127.6086492429886
131.52408031955173
145.35148377646954
138.56388679508063
144.1336108318286
130.85412783535992
138.55271186483347
139.7462730939909
127.35337934060625
119.708067117004
103.40642422701586
128.31606318850243
123.1277638676673
121.36163707686076
109.87063066712791
106.1665902779783
127.28634358415219
120.43604670936448
123.4339155448651
122.51305365425664
124.13947043287239
127.41232604475644
135.4410229683729
117.86097161991799
120.11958882401329
122.57730938113943
131.14291620843335
121.18763445343919
120.49001085176117
126.94331683438493
124.23567688035494
112.42313970692942
105.22188544649491
130.0257813656392
125.44666487763071
135.9540153331336
136.1050009807114
140.79116991113074
126.01765048725436
136.84186592982766
132.2699946914607
139.88603202298552
138.34801656021105
127.2618242047852
135.84362981880787
130.19355588050794
123.09077274644403
132.45983985625742
131.43044427136263
139.7189344463872
127.32462881403033
125.6795791943136
142.69430158858722
135.04662164546608
124.28294599831567
119.66588040440027
127.47404084945843
119.43276408158506
128.19513954735797
140.54883561795873
124.04820353438951
125.99151505725762
129.8751369465785
126.52511022604804
121.85238405354403
120.07854879927321
123.96482424474354
122.3644085956191
123.69407034175968
134.95729094615717
124.74509559622886
132.66380778612893
117.45835417005422
130.51555358224238
128.23873758501367
128.74985182324602
128.92102558974173
127.67806922014678
119.18418163908662
143.16758643056366
141.21652189016442
134.8677681151514
132.9296366318017
129.6085379904328
125.25079353809986
127.34628743538947
133.6921443907792
127.04820630110572
127.04972309072578
130.6271748412493
125.98458705462018
134.64878682451922
132.5911228712068
121.57694895135216
127.83922502377246
131.01171259117626
129.0786679065877
140.1074383860611
126.63228728803685
130.2673819728739
135.06278668698135
125.25658313443734
133.83789920411704
123.61551944900795
141.14332470693375
137.51367880194047
140.16808589598384
137.04450020630864
133.67343638372895
124.95552196580998
115.38288959479507
104.41918808971587
130.8366793439147
133.74738335004233
122.11759527704707
129.10843114140582
118.845941450568
130.89874784265353
118.76486648875833
109.78735568203501
129.51686784332577
133.17689130666938
136.7200012437879
127.46501728763208
129.59096073250134
132.37546593934266
138.16231440209182
120.13247530858297
121.64432560232788
123.8327078040753
111.52336227298765
105.27316887935075
103.13792144763246
110.36974184435556
128.05671566178367
132.89679840337277
132.74381660448387
114.62565763624886
120.67785018822056
108.32113430576513
127.11468502333986
118.44377981076079
107.47480424637025
107.11253217806917
99.37417630355395
124.07454444970736
116.5049786342533
122.92904797894052
110.89916889585561
114.79353896334572
110.94664915404417
114.23104997442185
108.65025731766266
104.9425654154829
118.88094145088726
107.16375098379098
106.16819646997455
109.72338240425093
106.05299795472541
99.88110794659784
116.93506077091851
105.2310053451079
112.12301917866377
114.51484717191767
111.5680621872617
111.2764297795172
112.0968911635207
108.94801073257602
106.55786582486665
110.75115581085475
109.19114043323475
115.5866870536854
106.18743835840819
121.19687266309144
90.87243816693106
103.11722992823934
118.27275936234837
111.78798411560894
114.2380905180884
93.68091782842201
93.63440843960386
94.57850021092985
95.05446865373271
103.49149397547194
94.01631254783537
103.78160397399354
96.68739970183839
113.3213399537328
104.6345678919747
109.95518915638922
107.01895170035498
96.78042392058398
96.63415664603778
85.74216312139217
101.24880594364119
96.1255926947516
101.12375750179764
92.5965714681066
93.03571260328403
98.19511787295932
93.32517988752474
94.2008895276194
88.4511278692545
81.34512279896849
84.21009512389718
83.00904400292636
73.99798875566933
64.36825674865214
70.50809176972594
68.39508361774867
62.77953875934688
77.46110393121447
47.31401361833239
54.71630824039817
63.9990936969125
75.71079557087869
53.09147955754267
70.00156785336614
73.20096506096655
60.69138006451986
65.24880171560571
79.02660411216009
80.09856463902354
77.84238795272
67.18519395073417
92.18234923011046
78.83996475991518
80.56663176738535
72.58110288562663
82.44697511149494
71.14885042942556
76.45327746710093
68.49263695262205
65.75252293123384
85.42482488749016
99.90902589874453
99.99976667344337
99.30338340522206
86.89411448117404
98.2164356470164
102.07706374651293
98.46147726374612
102.52158067570907
99.86429044239915
104.2463481213306
94.09801093409459
77.74509120258115
93.20189649596665
97.57417131322951
94.88901911264888
93.86325266690574
101.40690331027724
92.45875961083385
100.74883506281603
96.67459627038454
90.34335722802011
64.85154437649506
91.95702610744483
83.05393387461254
97.21567194024226
104.03097248691205
88.09065450616465
93.9944880537637
96.05006214173886
94.76963665901525
100.47214357416102
94.12133753671789
102.10122035930607
93.52490163375424
101.13853487481214
100.01031941428224
99.97115230075194
101.78571328262662
107.31909358155492
77.60227154673515
104.60897592291889
92.60411407928726
92.14071921284263
88.29313625710036
86.81684763188142
80.13205745799472
88.507336526262
80.31961863860255
91.32791390384739
81.02367356517797
87.21094173442938
77.88083437523838
84.02019914089489
76.41099064392661
85.6612773191195
76.84647821162139
100.54896979388008
96.34918827188889
90.35511474465848
104.36815932778087
93.3624001897558
100.31405630456331
93.58971693965174
92.80457637944738
118.71299778579775
111.0390088393478
101.94346257168871
106.47155709317107
99.96517557970785
122.59748663586424
106.15410326408045
110.8170369770969
102.77261577847742
102.44407337436513
111.99557389776325
116.66179220561585
110.19503174079603
107.41668590269671
119.7284267284476
111.32462980100185
100.33552479712617
121.34594723480501
116.18485409850824
121.69709431568424
131.04798783552624
131.39468856483637
136.79077705053584
139.60481688557493
131.98993634410851
130.04864614366645
131.13220395382595
135.52738900405492
136.28564463935786
136.09585972300192
145.3374718580493
137.69494330921023
131.8150788523929
140.9996574463073
139.18702231867027
143.85121847082854
149.3899098012156
153.407370678585
159.99115457910986
150.9779534857384
150.03848539707346
147.64122190082372
147.1680495697051
144.3974365729149
135.70529018907007
145.376489141968
145.39586464773646
138.72846402166687
153.166040360764
155.08766379821378
150.8816215909316
152.3708848626991
144.71770419039652
154.77251198028338
154.2474895434149
139.53738192194774
146.4698925177437
137.60014704421408
151.54607421473324
156.52743855031466
152.14369456326284
152.75861977718716
155.79212818109804
141.55600985445218
144.75168461161925
146.8751571507394
146.4441476978288
154.32558961146765
162.0007257787665
151.24056380567325
140.7025748918793
129.41633324574843
131.43999428426517
135.9625828613445
135.12494998312116
139.45751348511484
118.52829122928046
121.85276824789608
121.9901095891028
123.79142633291976
114.84246826153783
116.23155709091978
128.9568234777136
112.35260891406625
128.2216830754638
139.48202760173967
129.02064907459925
128.79207089158243
135.30913486780688
120.78444362590989
144.52854287142753
131.41409906278568
134.4097479638244
129.48143557201374
126.4455861304926
120.04224243205645
135.06759446305293
129.79747659817792
123.12856864905838
139.42650345426287
122.89976720982499
129.64384677108333
118.0480756298832
122.6544758902277
125.21032713432889
118.52816838361726
138.23084301530557
125.7433260297408
126.31066949479583
118.0537195936627
120.99375038606728
118.20073263385926
109.10204440834129
127.61951231625221
123.11914432627826
132.39567674677326
126.4474093303106
115.7684835917707
121.74342685933048
122.43698879685647
124.16225545398567
119.85845473124985
116.00339883212129
124.89115216866703
124.4136884991955
148.2360049955028
127.47011388143562
137.63235947959802
136.7092541736795
134.72931796938045
116.00588282374424
136.86652792107952
116.70853080044341
104.84027758892563
112.42411551303259
118.912189881623
125.09587985592755
117.11573592135241
125.0288490529928
132.36558601667332
131.13712692040986
116.47601229376407
102.09414817737586
109.84427657143385
114.6253318781253
113.04817620418478
99.42221823578514
96.5040853428544
99.84150283672307
108.94465823872824
88.84309177559336
99.19520301359167
105.86094040980939
92.50615365028138
101.60060847657068
108.41801927287821
104.45026151978348
95.05362443771995
92.43073403997644
96.6662207298196
110.43382664657398
94.90682790189878
103.55743322812273
112.67543808429318
111.202899970375
110.23676894683992
110.76901873715906
113.04209778874892
104.24230564499823
106.88775949466068
106.55052160325587
102.82606921906259
105.0583591549921
110.33561374180923
86.39093509718433
95.98040840730167
82.72457109375053
88.18933958995814
84.16120421123185
80.63077318589755
89.70990279689462
89.67430271554
102.3402338348181
82.73902197155937
94.75405160156156
92.82515084425353
95.27357086328716
93.37403645892172
93.04414454895841
108.81251019272727
98.26614173842012
105.83704263196339
100.00692269435191
92.90236013526129
89.99777161860885
81.00059649903318
95.25333487602961
99.20703394343988
98.16603308646192
110.00508748352703
102.70016672702968
106.81917531042693
101.34662130333102
96.80652002620403
87.2662463991272
106.456355030902
93.93001298780213
97.6954920927108
91.72454256411451
105.2462093038699
130.3426058716366
114.46334950439434
116.73972252024963
117.3212092355429
105.29505090800471
109.88823055314705
108.21370354080683
112.7524285403962
111.5025678339404
106.59970657713278
100.36278994919734
101.20739262250406
110.32324629740589
104.64695178038092
86.94712972314271
87.03881345720643
85.05213223205507
82.55556306408353
82.31260423576954
108.06781658828677
67.76998352204342
83.74619715714519
82.14591341071973
60.896117289139525
73.89234892989283
82.16172144185416
58.627477021638825
62.19665944685907
43.81687972981689
45.40051036783853
53.3317569163195
45.63302643494635
62.242683300788975
56.56116300597384
40.915198959239746
36.048787876147706
43.96256195822432
31.311276797896532
35.4509121462417
24.93896130780579
40.33702432091454
25.876374925612573
24.229890338760097
26.799192293709226
20.059619772852656
19.628037705636448
17.49406711238178
16.5800592554819
19.979409695952032
25.530946995720818
23.455334004507286
22.995327321247334
29.19758957724868
23.221220754770815
23.92589963105711
25.460253521699325
41.792313631568845
33.47588342335883
35.62889930042314
30.104890865691566
30.010562876844986
26.651080924252938
23.459963964799883
17.740526913033545
14.337477190999191
7.23732607872398
10.812826802244315
22.57664701375478
22.488594775142875
8.717571470535365
22.399089614918495
34.00060764071614
24.513446440146065
26.66045762309404
22.73431017727268
27.958077376865585
27.78771826740623
42.314165357941775
29.58127969860938
22.459126460927585
14.338399400339801
16.19516214304797
20.837297783083976
20.569192769427588
33.18037988070996
46.617353893011924
36.59585820976911
36.34587497257979
41.183187417422225
43.37719289361495
44.0197163619532
52.119558376106504
61.27247733591972
67.45089990857976
66.87038733006229
56.04152391603735
42.6263000335326
30.624034165252557
44.40794300899952
31.689217111793457
44.23850141110008
45.70709789182952
40.96227202955756
38.55480328643815
42.401754733306255
34.843670382568696
41.80732128578914
46.13073003916689
47.49843365762989
53.514700896981175
56.006326899946245
44.41502376911601
54.86103686966798
55.44317420659765
57.50076447990287
44.072759702564
42.38340272232915
62.43279582649833
48.80867182611392
46.31035339224151
62.97167275932892
58.82867193790544
70.15378035496117
62.020031523704056
64.35254633813481
54.44709502846417
57.85669221136737
56.939598878049615
50.027268447841195
46.761013157321486
43.413874998339026
40.199311735213286
53.46992350356276
52.188951055279155
45.00798684183816
52.47373552205392
50.14489966707004
42.531753454141715
47.41842241661671
45.110604629230934
28.81239471348968
28.20497598205121
31.41288173119324
26.213481219236574
34.274394295937256
40.25112807649197
26.521075870660983
35.75877090867164
50.58450692260971
30.217322231313506
39.64375394738569
26.830023241890263
34.11219846645182
27.232354513448705
17.879307478725153
22.964797750471487
34.911975851247085
38.50286467034618
25.21877688502606
37.19578848337005
30.103868872916564
38.16843693547466
48.05581423167679
44.38228523854609
46.15224336073683
39.53045387603461
54.79421896171358
48.92327492690856
48.663406457850215
44.304896311709854
30.04209635963616
27.073739544701137
22.11515224410562
6.781518733717684
30.22902205645796
28.634790343901994
40.10745943555077
42.737726273734836
39.35088989379432
39.77028177477489
42.23973822499235
30.375127071040296
40.9491963334422
29.019103084386103
11.087541618718923
43.86930508577542
37.713417959831474
30.3125998397365
23.288744847239503
22.685621486261383
2.134091991651008
21.685704772854177
20.210174145118547
29.393473695574144
17.255997251440814
25.07211984156952
30.252437365426264
28.178163349563217
38.80697664795558
27.83761204902404
32.016761658221064
30.99619194376222
35.22819043612814
55.380264882444806
38.26194336422544
50.034487232613984
51.4292475192058
57.50945161430632
43.08944783008128
41.293690891135235
42.5613510276804
44.75779893765745
40.86872792473785
43.0531253380183
36.01669698806579
33.50862239753296
34.00714005235332
33.684015035110775
36.151341121592424
38.55961855367749
22.342615656856317
27.290156765121598
23.197747765693098
33.90142975018423
40.51679121450382
29.64197866535248
20.976404429468882
22.63030401131676
22.50315457885585
25.441200782255727
23.332120171062638
27.27623679642505
13.956541502028406
35.560450557521456
39.601503969581074
37.89322747152803
40.270060665707575
42.99167937184908
45.89496778608804
33.69369556650942
40.73290329920826
40.104444639786735
34.47451462694948
60.37830589131219
70.79229345155323
64.24086516455483
62.435925992186526
54.10933803019469
57.31247153572858
64.58591819731033
55.31033199895255
56.77902323905823
56.29571271264506
64.15331498045214
67.44552469991204
55.80788556790042
49.61331428226493
58.93972250204066
58.04658036564329
53.97649433464765
46.79192238624293
58.31982803506376
48.68854587664594
48.94248733802315
52.56211861970523
55.54958680089204
54.688986152471685
58.98853307968733
58.92938722961511
63.97982398703831
66.05020664963028
63.647068641348255
59.83496197164883
64.59161657730992
67.3053398431231
82.379561924597
73.63138000818611
83.2857706497849
77.10970604576877
80.31012067827129
90.60783132024335
75.50088070197164
78.33895949561399
76.00336844261177
79.57492009515009
81.21615640368212
84.65108024420162
77.26579763516963
87.17432323806639
85.07593861505097
71.21836704383104
81.63387099314326
76.0355645009787
69.14104425924997
94.58050259906703
90.2981530803799
89.12409383157157
98.60290212250084
104.83388415392439
103.24456266803233
114.51303480353305
101.51133379555816
105.45038983469271
116.76507850991797
101.44442882898775
101.21077709526533
89.38764983559427
87.07834987711321
74.66829347771392
82.17275117632974
86.82832659121152
83.52829439165305
84.49002259653427
70.8975324261832
86.29813462855633
78.62249606756957
75.75079525376033
91.68150985791719
72.6324044547188
76.68208069181384
85.17051039840938
85.91747566992647
74.79350982218222
70.31580051572024
87.40039571757761
70.30982573386072
89.28235360896592
67.358295575973
63.391162157665335
61.02624850460927
60.308521019934275
69.95129778471083
75.86479489354367
63.008342464795085
86.70346347889023
72.242586116609
78.12653753234787
88.54535874245796
72.9706748039252
74.70001451859214
95.68726689748395
96.03445611603958
102.2947885769311
109.4274457532036
108.12876844233261
116.20126610124991
108.72150253946039
91.20848880359044
105.91519103493607
107.41717782916625
102.73283135794453
87.40641138772168
91.29225453179089
93.36364990166621
104.97993247691501
80.80882354345351
93.13081838738995
88.07315804909116
84.5606403842092
88.28088478093825
98.719707309268
90.6015926056223
103.56393186715371
112.27179775289137
118.24911284519541
103.13115429947293
109.44283196823439
102.88033285263758
100.27937113444506
108.05015593337494
112.93957907329259
108.36363651770253
124.49564607369307
117.62876005796981
129.08814613781433
118.29533777693428
111.38981510850476
112.33126661616096
114.96670795670467
116.30193798938971
100.36710189667785
110.74926136603278
106.74773968738425
101.29698899176816
113.3410332326282
112.48680498059665
112.03879604810938
108.64747872511049
108.74521558868031
108.42104925018218
105.97570467150703
109.91449934309507
123.41462720115874
106.66137823398968
108.16206264927395
95.90252158798401
102.1330031137272
105.58332192574647
100.99009512223174
123.6103329265624
110.54199415382294
113.68343989619949
110.94488901300737
106.10071595682197
109.19302899804677
100.77964433234438
97.14027682309012
100.5460052960505
108.24970737395317
106.49521398984098
109.96280106451592
97.17772992682848
93.09004464763917
84.87071618256371
95.004439765345
88.03276804231044
85.54764624518738
83.09623420614719
72.40904750783503
76.93744757164603
76.351767468076
90.83659486140378
85.25890308798743
68.8298210739371
79.29661417136766
64.51614394117584
81.79314380279517
69.8080630748742
81.24861465118659
67.84292182758975
81.77041801213629
79.44973168842145
74.28761951274721
71.63868763033236
60.86292154277256
72.76712495436333
67.56847327508166
54.947911223116456
64.01193254146519
63.20700412427801
84.25900958809198
80.26865607600183
81.14854320392071
76.05839674872172
97.72472790661126
114.91895333918669
112.45354155263881
106.96293214415296
107.31574880196483
101.3635894436883
94.73924612230218
108.3277804102932
110.4980641451779
105.92614445444158
107.04222588176263
104.65847637722098
104.32316612089845
90.2697967090097
97.25578454733522
91.86445752657681
95.94989038313963
89.06519898469381
86.27201365174591
81.63830349722082
93.49029480620916
93.17378640684299
86.47242995259816
89.05323306132362
88.63573518767338
84.05147170138316
94.05085965179802
75.53827684173254
68.90313501036113
70.39991358384287
73.97553593841442
85.93117885905049
66.34483382320094
80.85294524406429
86.9755025385291
79.17607627504023
82.33181321219979
85.43838844242102
95.96123630661296
97.98847093483619
89.60522464768141
97.61990012813608
79.39197927614136
86.44881552589354
72.91728917804896
86.33920188782562
96.63043608947439
88.21275972951719
95.44041031943814
106.3285653120013
107.73259968833673
97.77507623207164
100.05022543555899
113.39526346048605
102.26956847773933
110.05867231708083
110.33905170464263
120.82864647681095
120.14312884186702
103.16991259868357
102.6921438980271
104.57272338668066
101.56950065669665
85.9176311740344
87.57990866742551
91.0842093827841
80.79287841336142
89.03789352051973
84.28532464754402
89.95673076663583
88.15569271498926
90.14479403305856
75.28843740238881
75.32336455377622
79.86022607434363
76.58738622923917
92.11772580702014
84.42988330831322
77.65454368390535
72.19185856727901
85.84061424085357
82.87010156066353
72.62217484061202
88.93095860467439
87.90082784995576
93.59192139019393
77.45561626911157
80.92585701667355
79.74152985056242
65.17030416627293
69.06646099887551
70.05028394739902
78.2934295288505
58.717764326868895
49.80069177213763
68.86751638962087
53.01410341225168
77.57170854780456
63.37815688249787
54.30867423863994
61.59028964208957
71.40279176569923
67.63293515379992
76.24493120155692
75.78115931980986
73.31912086966632
70.92010715579083
58.307798454700375
65.81747271736978
62.39056192826015
70.95829642336672
56.71998582781286
62.11559309347426
56.53516907992975
54.26330649546917
64.11671362056032
71.87674747952941
63.693290685645636
55.70045371563714
52.950728378587186
45.45954789471772
57.409083614581576
51.330708960231014
40.74473546178553
48.81839900225608
39.00410372931766
53.10309786301247
59.52793817122603
58.5994860975452
69.90593467821212
53.70076578610134
50.32970535492265
66.14199348604177
66.83106608042722
66.76375123651779
96.16552442861948
99.58083548737885
91.09441683749219
93.8559369950504
80.05222412319287
82.21835441880873
79.02325813661895
77.9533982872054
73.89738014301469
71.7382306683165
69.49696904096758
69.67316097100577
80.33547733466588
83.18954475705362
80.52205701016352
78.29489631303865
92.4974860716851
76.28268699690067
58.075074225581794
65.58099147636366
67.70783710092073
65.13304326699424
53.7416934697624
72.83598921335806
75.99579311210718
68.62874868913981
58.76782421908308
63.59567566397887
62.4618287859051
50.961330446538454
65.21779585559779
69.74995283809535
58.9982172974017
55.86625763751642
55.64498554670031
75.61656230792467
65.44419848926714
84.9620973211146
78.38148082528303
65.46094013799109
63.41457391590708
64.51596573955155
59.85010215064457
50.29071349220369
38.751059102684756
39.57818328677644
53.817571409729695
51.28622951953174
67.4976128076923
57.05500661683968
53.29259194915153
55.664273362698246
52.807454058952914
62.60222132028007
65.79571668340164
66.8952343539533
47.073429175701676
47.34920818418474
67.53324444568426
66.96604619559749
49.07116228104144
43.876158258814556
49.275634279330966
51.54579376958739
49.61486315562095
46.39129591983228
59.87570710582189
39.06433679544499
43.66917177499672
44.55811503998889
26.236158669940124
25.234523740798586
23.70581667100313
44.15415440636901
28.09449076774346
25.669853776884015
17.078589988809213
33.55578992701179
36.995032861829465
27.017323941072284
12.177387517241671
34.77784199673449
44.29793447193792
54.662187759979744
43.73843161189447
40.67096193132867
44.541391661743624
44.148696361720376
27.404022502956558
15.736773018320136
24.588779544998786
42.05526460135157
39.13967546126418
43.25327541734435
41.192382507148565
51.36955395676881
46.91238074684081
51.76074401944346
38.42072118201489
39.598303254664906
36.60463024731269
47.05978232212844
61.02280256661445
43.00691410642351
56.89083661156973
61.80168557053045
53.0970479575376
57.22292395977143
69.10104962085875
69.06127046766194
72.67704388879368
81.03903992032642
61.161310557828024
72.25331377492188
67.89931742199025
66.45880387987603
52.82877644491782
49.97804149515841
43.91304304334257
43.36045877665688
31.203450540490152
37.815960328041335
39.591778333046335
46.26260376180617
39.90684329987482
52.10399572997012
30.696823108930065
46.00134816823662
45.313526582197326
37.377841376917466
43.20992322354155
35.434503372332806
51.35384974349217
41.70023088108073
37.222841008288164
40.644453746062254
46.91773933259932
26.275255083425655
15.714097743148974
43.92952776436624
48.45197847121364
36.767615427700456
45.775346550482325
45.43895558809824
45.95973093981466
45.13177486582078
52.168198215946205
47.986958168663776
36.59987446750729
40.95229204460366
34.647268443182554
41.39169894658689
42.13196750665786
31.563651553454623
28.187779931585574
34.275803067892205
39.113801863430226
56.49599815673128
58.598886119705014
48.477455445953986
46.74305925760728
62.90258721238392
55.99250302382828
52.99756413782837
44.36785377512814
38.05174043867116
28.64863868202817
44.71728064097785
37.14342855596137
42.68982258753067
22.948903983660106
19.199528370224076
19.90127399408901
26.050161553549888
17.033179138482627
8.9048306450469
26.930309587993346
32.23134769280733
29.74370700175249
25.41297943510021
22.26771195186375
15.000753758521059
21.030784307884648
23.304682592239317
13.84520863958272
17.228985561448113
12.841635425436161
14.219674628553799
31.347314798757246
36.71599993253227
22.99168528573603
39.02462235493364
40.7850275823064
30.842411344850312
49.820799873880205
51.50934948485544
38.9081386910459
35.19900374240036
28.205227600408694
27.77845899595754
29.296170250290377
24.794707893789774
19.15335165562028
20.12502629784205
22.978792350735024
16.56838185249623
23.445563874853487
24.51044867797889
6.1425746994066355
17.83170576796693
8.883852959482834
9.207732479074263
41.37081161797491
32.19351976807952
33.84248706113956
31.88180760803548
18.01928598349208
33.79793779873118
28.17618617968846
22.94483700180302
36.63460024342116
43.44128229591389
42.59324881076148
47.52674461280017
44.39181248253627
49.96297716301544
49.703412238574124
39.29485737943254
24.259776426846628
6.29482612175638
23.878308735348835
16.65726627664192
39.656178115161794
32.95434446763179
17.980462096752827
35.02150649273164
50.08018091078312
40.71242893957857
52.14671034835357
30.670992228483655
26.06492699374876
23.23859112749455
25.897433082092284
29.686670627891804
16.15736681059199
11.27509455603914
24.804602645341898
21.588823950019524
38.035370213085606
20.85777687486143
23.84210459538974
25.49039910780857
15.59448400773138
17.65185375743427
32.57704201152383
16.051961946004077
9.726986020578593
23.978194127615144
6.041860706577735
44.14105516361815
49.86637347472677
54.85139652444187
72.1673267475691
69.66369909546493
73.45318167059236
69.89681433528747
78.12506508834356
88.06687918576327
90.53433120623596
97.06542023570098
83.43108969164471
91.85852033641142
101.18643863938102
89.76972600870006
87.31028225634705
105.65574492253413
105.01814966352025
112.53097669043382
105.84718622038424
106.24530451498264
98.226351146221
99.55968722739135
105.10484057104742
115.21560957770853
110.35707625664307
105.71517071978857
121.16543295776262
117.44950326203393
118.16892799210764
102.6277658963446
93.42471274097781
90.01853934561277
68.7542020814048
86.01194243258938
93.49885202346658
94.60960331070271
85.77508283672965
75.33440411781632
71.59681192095142
63.11279907406308
61.12773083619153
55.78418260418534
65.81345205488864
57.075289736594534
51.120173778654454
48.424504126657204
46.35442651848499
43.09966980661923
49.23582236437205
54.1052867592734
57.592726250949774
59.317436485626814
64.32782283673001
57.677190377746385
52.734646133209026
61.581088608438925
45.015355148323806
51.718822142434846
51.976494965081386
52.42669887097385
58.82170984684429
48.071372285142715
42.79785822458614
40.45205532986891
55.97438667506408
54.3265895918181
49.63796012734359
46.26243491080518
50.56273945968608
45.26516486424377
50.0129713028039
43.740294534051046
55.940021104070944
59.55667639343599
66.89970458025813
69.54533007245827
66.4510647941988
66.28760274816058
57.743909588944796
58.88158013292221
59.52038706592189
57.354462812298046
38.18521364680517
60.34888664719995
60.1281533352287
50.42449496994258
48.733386161710754
47.379756925592496
65.91441674114108
59.05647473675293
69.63559254479424
57.32988857940634
58.1099133107418
50.09819036122882
46.496201471110744
37.3825323835063
41.755332683126944
37.10959716466338
45.37214103536508
49.21447825187281
47.74025768766245
34.21027301338687
39.90611602286649
50.82442519504121
46.61406084738687
55.76583167411339
40.98757779622345
57.63684928201367
63.22350546673878
45.52417929339747
55.16431507668958
43.05424819487335
37.102792745733026
39.8046879010358
22.662649012757633
23.623994584661922
12.826013775465645
26.253792618580103
21.12042550638727
30.604557777986
30.367422451905576
29.708524348502404
34.03524384923079
43.48976062525171
34.250434175146005
34.815992648465226
27.762701077370924
33.06740699068551
28.481193310800958
28.77184954436666
33.342592885689164
38.20301442150094
35.69239964527681
35.85552109379918
37.41231172961271
41.43398775135855
38.57162674133955
10.685909006878589
43.336276362069576
6.407450318643551
32.56944747981597
41.44447951437186
47.997007747239266
45.04025384129742
43.10104176464788
39.84159587090861
27.85668569865363
44.434475270192735
25.6537995384521
35.54427592863237
33.377185316011726
12.86548271181221
50.99840242261597
43.717374118770756
36.507984732527746
40.907238756231486
46.58018084982083
43.19240283996669
44.80054819062727
26.768188210261417
44.68748251578989
48.88110352725589
42.486630843409074
42.63498435076095
42.05916461552043
37.864841189066425
58.4078661229131
49.74160790800109
55.06576634674074
61.07368078252158
60.22063452076511
74.34891938876733
79.79173167785551
62.605075743457114
57.64775981498168
68.83272129894436
53.60288924309472
54.97523344729404
65.08566671665682
66.08366846461558
56.993153446774805
61.182804617430406
40.42884514373836
55.724998991754994
52.02283669634607
50.33045911618737
56.42996909948731
67.98417390993022
66.94388787994897
66.24206527504302
79.91928907877299
68.84146658196984
57.39846955914931
56.07337919404569
54.12795431565871
70.05209553658679
69.81667511673062
72.31307601296935
70.71145817365047
61.28005295576193
83.32536192384171
62.33212279223101
60.81998229838224
88.21626903557393
76.05407955824826
69.93041114900159
65.91107286724774
82.08834252191679
75.91991287249432
74.18265368511821
70.85699174824785
81.78594946248455
76.67955286268698
72.66279661912496
87.70161518504725
79.35605308861702
72.41328036969261
80.11051258107041
71.36731687890016
75.62408210861732
74.10036578366166
68.3729094570071
79.30114227954282
85.8316382991167
76.18993240504405
76.93373377110599
85.20392523342197
82.68173243109527
71.63765340252736
97.44691319543075
87.17081521827765
84.07823300191738
94.34198307296482
97.92845875642372
89.52364417784067
112.09393806884259
99.44174047706862
92.91371652813059
94.34382820960222
86.1272179433901
103.20725186094235
98.73243229197782
100.97945570058806
99.10213315956061
108.8241220341108
90.43760286932212
98.58922103385
108.79046089906596
110.43100979962567
111.96146909704441
116.58308389410894
108.70820043806636
123.80544162836375
122.06825357394126
92.86670324867463
95.17400540375722
110.93241461328972
103.3452542133733
103.03578529972764
113.90309643371964
103.6909472126911
119.49149121415275
106.4738887702783
109.24006498341637
109.18230829331458
108.61973782170053
110.18606340839462
104.04091774294302
103.15776082475323
107.77178623210494
97.92169251562792
105.01280499695413
99.61384702666906
113.71867582003973
107.80126219672131
104.72678443924191
99.43082349010255
95.891563456837
101.839634251449
120.1632760205933
104.50662424316427
100.04037008339297
94.02359182225554
104.58824333152849
102.55654781423259
105.89160204076046
97.92190603248721
91.60178685738742
99.80995675453977
102.16717805965305
92.26483376826295
107.51885804677485
99.24232162492186
99.05497642006937
85.43570905884002
91.18088587352891
83.8952861341238
84.80828281822724
78.51812855510957
85.93729252932884
84.45244816679539
66.88837004718695
76.9751203330628
70.95174215961188
58.54282108742278
63.49337914834221
60.914404153569556
74.49095378520887
72.39655284738593
68.44204065922497
70.50028765039241
75.58252877861659
55.90085786809263
70.06566449292828
73.5043942305032
68.73590827407952
79.17145250377814
51.21718855854317
71.9101953760259
56.48349816188997
65.03872853646264
57.235544872487125
85.83888201262279
81.53405796074443
79.95270667657678
80.51424025938373
103.59335145029934
95.4094114471398
89.85495968905585
94.00147058803105
88.18507205217264
91.63151521203122
88.26852081554324
85.08658072416425
71.28232994929105
98.43981283579633
89.00268643745564
97.19044364970648
90.13605183397372
99.35493462993193
93.64432691348665
86.63265013023283
84.94652333965435
70.22968578752102
83.0515689176691
74.05874964381252
90.64565614218918
84.15440127559395
86.73311212375877
75.71137125149036
76.29818532637103
49.94228814899106
51.77502566568315
66.92410065613886
75.75232086428089
90.39649763004476
80.22982229107366
73.23738077327403
66.67417917918227
90.12647921437255
66.75592678912918
73.34201207272181
60.86617969352522
71.34646705719597
67.31135484908417
74.25465610638784
62.788203204587944
86.07543353134757
67.76155906212946
72.8375633060035
73.55145960163681
79.89676501483473
81.85582480715932
87.50874155445909
86.78297223773266
80.27968749857064
74.60736088845279
74.4140972550969
71.44744181427731
83.62552727026907
80.1790095054184
75.32123060065183
68.41836971669413
83.80597700122071
77.81200936854485
78.74456596210983
63.497653255315164
73.68553333209077
70.3908849774539
72.03048054485039
66.65919161438408
69.49903458067182
63.10741486484262
75.38126096100069
58.74941242715074
68.52421815824613
66.92037430937013
63.02162192939865
63.00424778795785
70.28863823014663
59.401475936407216
74.39127373152814
52.71141169201636
79.54723688154938
72.38999706369461
58.33903536716786
73.46287024414107
67.42927693852945
66.9188826584054
70.98996941620081
68.20791093000203
63.90795314188642
54.67366368518096
68.14566368602117
57.143876729432826
61.7472455852452
52.079395510281
57.380462848666276
68.65834492983402
60.083850132788655
60.9445056982366
62.72520800314826
55.63311975638008
54.66667302850952
41.92002019294431
50.747290996903864
57.184580852221934
73.94370421865987
73.48055843278762
74.58748654178642
66.58606992677998
83.78193158288052
62.026053914052675
69.63296999534582
84.9225221017378
68.10488073339953
78.46877246882154
64.12418171928977
64.35499310159042
44.408673004718736
43.11851957663942
39.006168243448876
53.07806560228486
44.333062954439235
37.9718663764399
30.37741403803976
51.42218365476782
46.72746704008119
46.140550721284264
45.3875103539687
46.19346083285116
46.400454056132496
44.37365432945354
47.82124005984612
43.65602598006351
57.51783172085143
54.90744783471277
51.05482999053339
44.27809986497537
43.18072257015966
46.58537125631549
30.105403050084043
32.67705449080306
27.264730228824146
34.69759153711392
23.426962994965567
17.767863354196805
10.884081866646492
24.275476919028463
19.6970158641122
6.876382181989385
31.556607845302093
40.79318710818278
47.00827642726866
32.29454068626186
49.547048298457874
42.59078031421033
33.54281623136268
27.42648945555622
7.104345439789231
34.38536017734847
39.19368972251616
29.498401785698686
32.3749113996299
29.001267409801216
28.2837240518259
25.894168276460103
16.724844101459063
7.101761054936189
16.03865554314232
29.425104541073914
22.435665563797734
23.765830596383633
24.73571897681934
32.28734012183058
11.04132097544585
50.31833466880835
44.55806359156341
39.41134038902585
40.03802332383755
34.754192402330624
50.7398056078861
41.6499500845917
41.53284948136786
57.53178360782671
54.55790284545272
55.49960367526356
53.38678842396421
58.537047447091396
54.7701036780511
63.67214814644309
49.19326095091009
47.238858716155875
45.46034689505779
34.185327511174286
28.52048997905475
26.135260049879914
41.0372884168157
38.28564913701937
53.084194611704895
30.52312462389522
29.09461646651928
38.547077016205044
28.241548929407983
40.41839609370067
48.767460597880714
59.96429099916475
45.08161869640503
63.815730602042954
48.18546130764072
56.377181030161445
46.17518077174964
52.005358085192576
51.58677446252831
65.25811162664351
59.50316325095545
55.57392676271806
48.34227439087888
51.51744269581413
44.11004591639775
61.19878155759994
63.738568821326886
44.65016157633698
45.507201963295216
45.62931502606904
51.886194668648635
49.37847153719192
42.879151725994504
40.611735316911115
51.30421874522182
59.296207208953504
62.18136764344591
73.67123211591895
55.46062772192154
60.419224703767085
60.253565387375296
52.298722965783135
61.3543240514616
56.95356023891453
62.94892856654023
50.19223519578441
53.16186577746213
73.24211867336881
66.827679337879
66.04198439257436
65.16118550391977
68.29100815284323
67.01700670004553
57.11239026564832
59.53395295061446
48.49083187869192
54.36531660428042
53.56422781520107
61.84710926493446
60.749497355115665
59.755126864159365
46.26295355344502
57.95285183320047
44.61382855088243
37.19989395590504
49.02010186441395
48.05995301551836
44.57596235158891
45.1914163684776
47.61191323062597
38.72258940294245
53.210725362806414
54.754673235844564
67.17872342664869
55.43627975236959
63.10590741988616
53.378586245018504
68.80010748146965
57.7460243601383
50.087029576488646
36.15334641540587
40.36358144225535
33.99722060350284
22.20272455429056
52.45389446623944
57.734257735187484
66.73746347950919
53.23190333822274
52.184184977635546
37.139385556006154
30.798455478184728
28.68428256314922
27.895734605094916
10.640724457125254
46.916765048864335
45.34537190469681
39.31258890965224
28.852795250433207
24.738892910076878
43.70870890537535
47.546001367414135
37.401453945827626
35.441455036669
30.187324667389277
33.35376792144199
37.2432659806386
39.206478824753276
42.246607494088465
35.47968283085483
48.48266825426021
55.53559482526695
68.02366963466652
58.203606112934864
57.55457726231381
67.4712985285303
66.37162700276617
68.53507747216814
60.92330226622019
63.861611394817146
83.47100284132826
69.42263170504303
78.6714510030583
85.20815120263569
77.81727277065924
80.00573695150406
97.51493424766414
96.04971440960664
93.31941980144758
91.59016466159456
95.93490683325031
87.14289268400135
93.52982130604444
84.55367889511476
98.17106970436427
100.06930125779937
97.6043388731959
94.10714142882625
75.82825297826822
73.89583531948841
69.8282110804919
59.86422108107767
84.31522652902729
82.52437754394724
82.16940082947836
80.92074892583828
97.0563018729937
83.8725125883512
67.93795455570202
75.35882264865441
76.81280347026399
88.37768783876157
81.34496776659672
85.76145260491886
92.09011772736301
88.33591553390355
79.59008957827106
75.21318502409785
76.44462273118762
81.40188566699496
75.84987144338159
78.3056255901411
72.15413522831561
77.71393347469505
74.19324607392393
63.785019261262306
81.09973226269204
83.47898007635725
96.50670419695228
91.20820871523713
93.6114960634503
99.20028910171743
88.40707757062853
83.43607116041125
95.04990779418729
96.46366552024618
93.51066592831889
92.82992398161458
95.12316379434431
105.6499668853738
97.65049240098489
96.94210654856987
95.13028623225087
95.95183008446418
105.20982956598162
98.71855972460162
88.50435912790074
97.72304029318943
101.5877300312663
88.15845728468838
93.67389332612775
86.69421781395394
89.81975613360032
91.77248593134217
98.76905176009097
103.74302877860349
94.40166198052167
93.30368510982052
104.77842323857043
99.81801925360924
109.36420373579
108.21016061472885
119.6784665051771
115.71295783397986
116.3569506088052
125.50436252626534
123.76593892045786
119.24929962308437
116.78856852764555
113.42438724705502
117.099245263216
116.9317045230424
125.24362671194166
114.57085479321549
121.00003473080197
114.97377379496223
116.39748664875809
114.54695295316198
115.25288919187888
126.02271210720855
125.26324387051112
116.83373126170602
123.2911036748088
131.5202976885703
130.77892984793237
127.03617667799153
119.39561679493086
106.88629691551735
116.73134494765804
117.82947049612655
108.82490635195447
101.21527668785188
106.38681059945367
95.89839506536555
80.58852535665426
89.8276452069105
89.0905980273037
76.87814877798017
67.27461586339155
63.63938413412241
58.949207841677044
67.51489455392749
74.46808692389205
77.14258209804791
65.96579669161454
94.80705019586044
73.17426295615435
89.8304380327329
99.58509967411412
106.35075227684884
98.69997345027178
105.86691812121336
107.24092359852285
93.85623759268857
103.09928926362049
106.33496820050915
104.4029736320338
120.2284738826538
108.34502250090009
101.87428832506453
112.67742162502842
103.34312961257497
93.82864895629815
93.27744754149775
93.99959098123027
95.62320842958925
99.54266370066053
101.43240482099355
96.29440088272631
86.35789890243994
104.47560099325092
109.67477849868044
104.13788085569281
99.57032762676174
117.04513865690338
108.83909248208448
97.15769399390989
101.09869240784971
98.18954043746582
95.57733891660271
103.22783854699385
102.73551065647416
92.29044300677525
94.20794717609259
87.44160583361757
93.94495321157338
94.5843964140248
103.03388141794234
86.37367211556966
87.4524263446291
102.29142954159624
89.71061430969439
94.2183293809859
83.97460162241521
89.63769818120018
79.5059585903502
90.28316642482068
96.08941467034651
94.47663421209161
86.25049769157374
95.86414270789797
98.75095550616788
90.51050795902661
95.43535521631439
86.66923428925548
105.89161792166989
99.68581740533195
100.22999404367265
116.25495387678114
94.02424178104043
107.86516812801244
105.65089681621046
100.91810350489003
102.52525073093588
92.41244306070337
96.72434130227452
104.4306450933915
121.48317110566306
109.03118987317126
103.36096799833983
97.46925639823907
110.00010982137745
109.7289445335695
104.64605030974398
102.72385766971054
113.8296769269834
105.85656191310707
101.8367174950604
104.39207812536087
101.49517938328368
96.62934049471215
97.74672132378441
86.72213902644269
100.78101705801312
91.21296896072052
97.30825110963684
101.60057600662444
100.8439907848889
99.36935756754465
106.44065412544941
91.92062158111864
112.31879728649463
107.43087304403242
125.64481792994398
103.63538836906305
111.21910209596979
120.35524480521416
100.8340160942992
110.97651207476856
102.85339691954886
102.98233586603152
109.73736126205941
111.47012161777604
100.50796809644676
121.73842651968477
126.3191437270268
126.42811360431112
123.01577620670024
117.33118223793775
113.20255917724572
118.78159359960341
121.66200699938537
113.14706886028004
107.09875181960582
104.8373594493624
99.5350767153742
105.30782119731258
91.75693010058212
111.43427816804255
110.52113941883943
126.81424577476905
117.91867444141384
112.3947656591337
88.68773667978586
99.58661625602663
96.86623228251229
92.72194564934591
90.93867952292001
75.21384189287447
79.56632031578262
90.80399228076077
103.80290804901925
92.50665568580658
92.52933347085705
104.32223330352562
103.40448726795667
102.49067559475598
109.27643406055057
107.11055872151083
104.5995749927475
86.35531284876248
87.31125816410199
84.63986618546285
77.40335189390139
81.72617677638425
97.78820076414979
91.83327550335527
87.56554824622148
85.19651441736487
88.48513783220719
99.25902108677948
78.4073397974538
76.64931041491232
87.51797033467699
86.86687647409354
98.17779663897534
95.22300592435813
88.4610384704522
95.65829151138098
81.50481472955138
94.99179215563643
108.08916318799923
105.56259625430471
119.28093905036
118.21250634984115
115.55413920768828
110.99953935935483
122.7203317759405
112.82321473340716
118.8710250871932
127.07758931624721
102.96385897858734
111.10274380523532
116.8783791253425
112.74132279046907
107.16512273488011
100.99426064431373
107.21482247538945
107.37172077049692
102.30684951944639
107.25048832658818
110.48073429336038
103.68020637578444
116.76209951016754
107.2548148795866
107.67337531948195
100.62785583239223
118.76043824795391
110.31683935658567
112.10751712197869
133.54654034019651
132.02309974971428
132.79315507412971
144.21163629936308
122.07713300672005
129.6666336219993
116.79992454599208
116.24386454167407
115.1929062878399
130.49881537698946
127.24331802880171
119.0836177608855
126.82663867645383
135.27685851638017
124.99584887745726
116.7231268780765
119.09054699064508
133.34164801843056
114.41205892442716
129.39200797844526
131.25331141607728
121.55704849888244
120.77277496625959
120.42867517282812
109.12720692264035
95.8306596914822
118.31327473675576
122.91324614338605
114.06603759742227
106.20705910397064
105.28166484706215
120.99572186969105
113.12554324853664
110.28293097502862
114.79836379451996
108.79350533333168
103.81291852094931
96.70954346310384
96.12503467800123
115.12164566135075
116.41638201725425
99.34516885764923
101.33278748710933
106.81593604473883
105.27799192998276
113.49590252591072
106.69470832077594
101.94160391840708
96.29981637365591
100.15118053688568
102.10482266298702
113.28501390416193
107.28937724582836
110.7352262168273
100.5010939212916
103.87384889519981
100.5980724500661
112.09644023708957
111.13905721605553
95.37936806961392
108.51327342874086
99.3977948478024
100.9044804577164
96.77100011459608
103.09892107406012
95.66680556088355
99.39938492279728
93.47977410451585
88.25249852580517
94.8300262573768
99.81571494511795
106.49072192209067
110.55978622257928
96.25333356536419
97.46905433155152
85.68666430117966
105.28647256795301
95.61985626685531
96.8736001728839
100.71299572839158
94.32338839738277
79.70450986661022
88.1956015073011
86.01089115312504
93.1126130432805
88.72719135745209
91.47459911032144
66.80765193505184
92.93150852054904
87.94405629538254
92.56539579581451
89.4953537575283
92.36341612803268
87.6678536458531
58.39384942432169
74.25393741348329
84.87805586542537
84.65330957080664
74.6844088838758
80.36323350645543
75.58135479332556
79.12388602008622
65.9043794739737
76.99021721085931
65.73523207579922
60.59553904343058
70.39322414519026
62.05670261611028
63.29324047015183
68.98711102986942
66.77850115703599
55.72229432397209
58.49443795193791
49.34396650911873
49.55005278224171
56.338828264146194
49.89937446324865
58.70106800079201
59.64870427745735
59.53674889604132
59.65774918519706
51.15678859540518
32.86472077872116
32.64779654872059
34.20933510877636
33.28463880227097
9.798750273716443
14.904169449810816
24.68610908569282
10.429530678768511
42.36493524352374
46.83205092107783
42.92657424536951
41.792339571059124
35.36668155069741
37.85647219203346
26.286813261909995
28.16701880851748
36.17241657358536
40.0212144558415
31.058623928329038
31.42765513836406
27.7000571281883
31.66004221777156
31.505254543605943
26.584202299488698
28.18103303761432
29.725462146875916
32.93024476117965
26.59966055820453
23.39817995218137
24.93081134252036
29.633014998256595
21.53360224532031
25.099049057845402
41.12262799129806
49.379126049421274
40.82417080741839
64.48803631292446
59.10195844405226
70.1208321681705
64.31905205501933
58.21030333501909
61.181044811478955
53.85324516373149
57.784322125318134
55.505528318909214
57.01787611590325
52.31119112252145
49.50791166246542
51.1144458839082
54.06769362827525
51.14830375372538
63.59843086897849
54.67090029628873
57.83769707526682
48.60142511800302
44.67451656578343
42.02489514301562
12.80217188215977
63.59771565341171
74.88041191317156
66.05923951264198
52.029299853787556
49.169448390289816
50.98962502285589
49.94810503732446
42.0505313638231
40.744118150593046
31.184179828269322
36.61222755097459
36.66854780803158
30.67056032977597
35.539842855807436
45.41394881530531
47.220709132051894
46.14357106660795
42.55378146401502
35.93586389299783
39.96776505235519
32.7451180010697
34.130507848673545
23.237730631837792
5.4255279040572475
19.928613188571816
10.987118313678415
32.030198962331426
33.6513418354197
47.722527824289784
38.92984895771266
35.46692908242248
30.86563742132235
28.91253112248887
25.143814048408963
18.583007331318694
23.434880593640077
25.595227258658262
31.095702378232115
47.017747898183195
46.26443017867821
40.70193608148598
25.056153314755775
23.552917633480494
27.890752000347195
31.25227308897049
35.40464743336345
31.348181225312064
28.424392201739227
31.373082217174634
40.564734359018836
44.32596664671954
44.55631672268416
36.49333745205801
39.38115912721996
44.819210589707744
41.263517302654506
46.255381580660156
47.902649283610934
39.69470786842278
54.81855137898372
38.18028482649047
40.89116049123278
35.00188028237129
46.95604575864381
39.949435662527534
37.54786493645268
36.708495982714965
34.73809041874285
20.061178380256848
8.180513106501447
28.171673463030235
42.17108785412675
37.725145622839804
28.309739443989226
18.304550383073686
6.733934236154084
22.707221356611473
29.148200670054468
21.518297493847342
30.946389575036708
22.546408298023376
45.88636183528032
48.94542130436269
48.83259162324127
44.776789742142874
43.2000578432387
30.57981713332928
21.759589149601954
17.323614396771166
32.972700958518686
27.39804993478322
27.379884515338354
39.02835091851494
42.422250724201795
36.736025340794455
39.59969137612181
24.662756124638623
39.06955812305037
48.1529553406595
28.622731448961343
47.582584527464405
51.55020836965782
34.39463337835531
28.46519377645803
48.26087126611231
47.47646856953751
51.575909185514384
45.04470292974841
27.768050317214346
27.370290150808117
22.841043089678713
31.233674791823802
37.3304340881299
31.003843208979426
43.17228156901298
57.97011593803219
53.21837285276571
67.67073720073738
67.99080989362213
51.064011692673326
29.538616190852665
45.842334360179336
37.02806482611725
28.990621568078737
18.749461489161718
45.59094317695969
29.720732475406532
7.113556331523794
32.46482041707411
6.569214144264158
31.444494180670418
26.771181252054642
29.95720193914552
42.79101163703543
12.897137929049212
10.549302097028107
32.277172279766646
30.530373770044562
43.49371062795169
47.92003161185666
44.99295363773237
40.44544375902918
39.27426800490814
38.128230200016425
38.28022710615553
46.21378229803464
35.65678120129559
53.61290046454653
37.681620124446084
47.72217255869495
29.81693382312316
26.111644681550917
36.421833842448706
50.57216793343482
53.52350488493198
48.9165242570546
56.48586511846372
57.96272415029088
72.14221830540095
59.114580389490385
58.57078544795185
57.4909153687678
66.89739774847034
60.947339269356036
59.43357037521706
60.97678569211135
63.938664339817514
62.80490538054672
76.0210548909263
83.26556576679697
82.22439266274182
84.19590583526755
91.4845719356733
84.14848545963729
71.59777322750595
71.8984245950517
77.73338141316876
74.56373157947517
79.5795774995834
80.01354721501589
104.14969385709179
82.31226024762721
103.13480441209596
93.40865805336601
94.2671997813459
83.47084628813768
67.67122121206538
96.83077507737946
88.7183629667887
97.77454517052018
114.12195870828063
90.39301069758397
99.42715666696802
101.53505952083327
92.51912892293885
110.02728066638062
92.75895304994357
94.6306954349093
78.40246542718505
73.97617990578328
87.1814813912135
73.03243190747796
75.78370235142393
61.754345369896406
67.22535195161727
75.49372634303793
46.721976071029786
57.395171781540014
69.743272450794
63.592590544427395
49.8901155186785
80.06027918707449
53.00713202506807
68.63045183231588
56.46373775882147
57.14296188607613
53.52482497927507
51.9007400048042
64.09441784454827
60.05077498557314
66.674044345985
61.18859836330221
70.10732529151322
76.39628324774834
73.68596295383085
64.01719335057793
56.164613637260345
60.53605235423982
63.13587772101193
68.37089110581434
64.35560074762564
56.95150328141051
36.452302378590254
30.94359326587145
36.25494241768917
33.07493785008902
35.80064776934638
41.297467644853086
42.45536801388343
44.99839404992789
45.73652085071714
47.32261712797443
46.32601515512614
46.30167025740741
49.16711149901657
59.21919377287161
55.20041509199287
45.53490084525842
34.75601310783011
38.859015903558934
36.22609006803966
40.82805149961803
50.83994747657643
40.332045188169594
45.310506341180506
41.80845374852319
63.11204358944385
39.768312968142574
32.597222801258454
31.73980053169436
38.51918622586881
41.17198133230781
51.86154396738894
56.97137762033049
48.15945724669152
54.823094709885154
68.75164525927597
65.71239115214738
64.21926052476216
60.39016478811537
65.64671010563698
71.13138293672768
65.36779741477923
59.76826683714907
55.510799601250476
50.78639853545273
46.17411027377236
54.124234677135405
42.186775653643146
44.15612016597704
48.948076430709555
42.745214184720076
44.13959098406359
48.73509343125957
43.79302404128682
68.82053987432171
67.9617724942266
62.555670635402834
60.079767716272116
50.934130407869176
38.783294824174966
41.30672431996199
41.31360153594962
41.16672101870455
40.373517142354444
28.069680097220587
47.132710127101525
46.05490240263799
44.39820164862444
32.571634754080556
29.46100245953665
17.844936278960198
23.6797332565139
21.550681814113062
30.401609786706917
23.893277170184536
34.337006363448246
26.612406055201667
25.674759575338456
30.510480598320825
34.930947009656336
36.80236935156957
46.70627578014702
33.81458441918997
36.94143679584862
40.38126301579676
41.81887339994775
29.27504501831308
35.26911346173548
24.037052694583892
32.78508347502021
47.512428889501365
42.90513494595299
62.61214192252289
61.655038526092085
54.54468484326026
58.99460666728087
59.66280664619578
58.557317478532816
58.85372979755158
66.8288981765997
75.17609877560106
77.15329019778925
58.115651858183504
84.9541281327167
79.73043802455521
67.68791931593292
72.55028114862422
72.6794614400241
80.40139171566254
69.94757464121058
80.44981707115882
80.79066578553171
69.82287873423553
66.79004801453063
55.93909113067505
45.84896121776303
71.89621068416263
47.363493366066066
59.77951898940378
63.12649688213604
64.76572107978576
48.10027242757846
53.99685684235198
62.739657805840125
57.968138364095374
53.82082788111198
60.6884342950899
52.43971598208442
45.96974729987234
48.64647315394846
47.91656131040395
51.67281522031583
45.209901366770275
69.14121949215875
59.842606476609205
62.02158485117064
61.696889735955686
48.41040008209425
67.07529558892534
71.219885756336
63.88426722308233
62.90402614601674
68.82912257732264
61.714653180923804
60.123654774641324
60.22424019962827
47.30888528858222
62.05104922828068
48.24838323909806
59.29813942722698
61.500422129219174
70.11100005244523
55.19967922078002
81.55980688905063
71.02876870948693
83.681380025955
64.14239309836563
65.36545036320996
65.35509005799429
65.87128331192311
57.6880341348388
78.55081092435958
80.32931702145841
71.00254596823035
64.7601329438281
94.4305072767962
54.70780932452546
64.99725848211027
46.57043691461121
52.374093478763406
65.91739848269833
53.07368450984523
41.74807541077583
64.51436867388753
60.83665568428688
48.88608617287897
52.43022869370585
57.41878285873772
63.20863713295753
51.56147728512987
55.98701681684389
56.88406556233238
57.5703230719681
71.30370483261683
57.75028780777582
67.57320343254952
41.92838044124746
59.168689061539915
52.310758791814955
46.59547865012169
61.646042643974944
43.72269869455354
55.68805905581247
55.06504565173762
52.57369515494149
52.19283323433923
73.06694821507224
69.49787001801518
75.22600835281001
78.85493583653613
57.946995618378224
80.5720131771538
62.62891630323244
85.76548387920457
64.13856128114641
67.21721920498634
73.40984110762557
71.87784781621451
74.07836978239021
79.12866567401798
64.09403791266135
62.84974415419309
80.85455036079895
69.83727709774433
59.05329544730296
57.06825445589512
69.13100177191842
56.58839102282985
64.82437265484049
53.441296142582225
50.74768709833745
50.80980360832343
53.9497334960304
61.32040115036318
73.3682621322238
60.59805708095472
59.92614094712192
58.41486085599252
75.43425980266548
51.384753646506695
77.14450234498938
55.04703427233499
47.5517681033844
50.53831507464395
65.0050671995975
41.96045849915296
49.269799360587875
42.86268196038963
56.787891360178804
49.1502605420705
41.54993800494181
38.8939025856479
34.98040693892436
43.16997707970519
51.78560136889361
43.29594004867927
46.67549938847669
35.53206830314513
40.4760060495261
37.27084092773354
24.097306024897687
20.45002555039068
25.24964794536331
22.109312471190446
38.924285627712344
42.64567448372684
53.025588603169794
57.91936164055867
54.21578599454979
42.287580755614094
36.58967842976273
37.02479300291372
50.06919810758849
52.091790866420865
35.27613407121065
38.97681919964581
43.300008318488445
54.49717727788451
49.28662536559813
42.89347360015094
66.3405764010431
57.99970521735579
69.76187850538498
68.70421388038405
71.22287252907746
69.71842833978047
67.22304920422242
90.249746516446
71.5329816779399
65.12121932045487
69.12140475464295
69.65827697453594
64.16250938405847
54.96498765632581
54.89849585563525
46.83935883510318
51.73352617267585
51.32663920495808
65.22207904398907
42.691572615647495
51.03431827626541
34.43182648147576
39.54636294758723
38.997794332346025
5.816654520634451
43.79545022774917
41.9737621740833
42.75001337400731
33.37579228694478
39.37154560334456
44.74523576223585
50.75795595216968
46.759625240910395
37.24097333299511
40.60243382296543
30.404156547285567
38.694941830761344
53.65367002207961
57.518493378819976
62.81627619244561
62.347690993084754
52.026924523707066
49.1521312929653
47.05867314877854
55.9467477767487
46.21009795992379
58.98105099217461
53.39715265595835
47.82338338824327
40.68504255046573
47.4289097549242
45.72877276948
41.083218335039575
45.690528672923534
44.52844678522858
44.74470723441457
49.107020291949425
47.734492758703894
44.338159463774424
36.54049406557461
42.6245661742617
42.742126021026834
35.80193787512632
32.9491178164528
35.19418678049021
43.398254182638226
52.50458316447009
61.4789390895586
62.82427116731472
57.38982170688376
58.909104049483055
56.52114195753708
56.24845647123631
53.70231256351812
52.28581887033335
41.38679864706382
43.658100969537244
63.051194708941374
67.50320137843892
56.644337421933315
71.01821153456025
48.534134091819595
44.907260946754526
47.67702692202313
51.284954540175434
64.70199390556387
64.88813669355041
61.73099499245272
48.62791605860744
56.75129994741373
58.762530189812196
49.37012260443197
57.80529772082564
40.039819603204684
67.35409087350926
55.14364051470859
46.668867627215334
41.494650014370045
55.44183375938562
73.59844719169564
81.69158646045037
71.42475691725875
74.58982073933521
77.38340652757161
66.44799454924296
89.03929433006165
91.31845899324392
79.09797447204261
91.8488506653421
89.38137901118606
88.05995473241637
61.93372640366323
64.38068960164448
67.56026110019032
82.01173629062191
66.33234945055821
72.3708138564318
65.35662364169798
73.99505265299521
77.30384434564014
65.34370466135086
74.01557558221484
58.6539204970324
65.80104336317153
75.38648827528361
63.81456999969394
74.09693800358376
56.77486730540145
58.94645056064452
64.92111708065893
60.80646344210964
52.43256285503844
50.580529452611515
44.791915720012696
50.10287926020594
41.93060012452639
39.619416355426424
45.77790219277145
34.472066593053455
40.26093386181812
37.38134617144584
39.76203633578478
46.948059857685394
44.38728734230452
49.980848847638924
62.76219250242448
63.40608957594667
63.49040486245146
42.258949336474444
29.037746962162533
42.09340320939259
49.22053732195903
52.10089668532797
60.791670716167296
52.72274923252734
44.126860886499806
46.10153822398999
40.16478063694129
38.815010382336055
52.03417888267404
36.16796831424683
33.61129670832464
33.87842867810406
36.73979355803831
31.46847693908917
27.580628442209502
27.071454779481066
32.07753957005209
31.36318935921035
44.377841771514845
48.381185047674336
47.08066014767193
48.98697850340276
52.220191153034406
46.533845794180316
38.003939857571574
45.28309147867178
51.226213349192804
31.468957561324668
55.32452637471904
40.27251050811095
50.553473247380694
50.13408767065783
42.74429094109049
42.97746703559602
32.54653207359448
27.952375991383025
19.935114553104395
31.027679445200793
30.462127069125078
41.81810931233399
35.925580281380704
42.07543131910316
43.69676389274875
33.23517501332037
25.248283690646772
25.17291574580978
27.2060320342679
24.224978288273007
30.11737186762811
32.26495903192727
31.407139767673595
35.79940843882656
37.03973666754531
22.439899426664738
33.7906290368691
35.508901492673274
25.040932710034163
30.63976728104981
30.453079183885553
21.04991084093844
27.389447978218914
19.87768868381878
10.094659368306825
11.540903871531338
22.236061908797883
17.053394334147043
12.788631875595998
14.394776693784728
30.12103622795351
30.029803620985064
48.193313653412694
53.279180673391515
48.66475622025575
45.20651318457225
21.468360144453616
46.660558142601396
42.00550048504639
43.78608493409052
32.571728383872745
37.52711862182602
43.247378977600015
37.69550267530349
41.534688902602504
51.70139280769854
56.41358115780273
64.7090420992088
49.55353250116801
54.56997479623942
53.99127487336941
45.669259613965195
60.59315702269367
57.303520404442466
57.02165436123829
68.76707395248651
65.23484010576972
52.47969807321199
52.791412117258986
47.76732751510979
48.48197002048391
38.47605911082288
52.48276111275553
52.000668492249616
41.48342401665413
55.81243490237456
60.54213779450008
60.05820193099674
70.95319825728146
59.66126195817081
64.69144480288975
55.43125690475561
55.71786901130902
50.32487240282192
33.88705933318162
41.935480387103475
42.87757026929759
46.86984310395048
44.47881742055303
35.98415130126438
41.578796263405124
33.816710755510385
25.926295699502276
39.83591830279222
44.30384920522946
52.78789837659779
49.448469737977604
58.20669902535131
45.538253014950534
42.16144733518755
62.65625675857622
53.41209035443349
54.93719547498522
45.6164882047558
54.06571397190621
43.380973371800096
42.742258187544905
32.41873553719342
36.809239641925245
22.784426130537412
31.38582156684361
30.9860263503835
34.54580593220041
26.98142998358993
30.699071928178714
30.002243227041813
34.16587567936011
35.976264571549756
22.708511400213162
24.351988434047556
31.01134902046987
31.141801718344865
20.702894561206417
26.61193600203355
28.344630581805212
43.46176109096165
25.746956575526834
6.886705028208025
22.25318516976641
16.6792394607088
31.66448205411063
9.061578390733537
25.377007415986764
43.719018782475885
21.19161474545317
21.33289694827181
19.81739804690687
32.18922531758062
34.334425873678114
16.07404665003949
33.120596130266044
53.492215450075854
44.75197759042432
35.965525981512144
34.30249714095189
28.527934431203896
34.39412263899917
38.327292508442
34.200557940309025
6.917391761224978
42.742655908991296
46.86996451504255
38.70710046715371
29.351220194405133
27.027815573999344
7.170033786861717
32.428816494673235
28.22119398297817
23.13467497439694
4.482380857027433
37.889510040113976
43.399105759031784
34.30048569941518
6.228980762990522
38.2746352233466
36.69069333562915
37.79521561688652
31.411182341289855
23.084148060027577
34.37519914902028
29.374163393173706
26.121880079171024
25.36748393886522
40.23689990728895
36.31689231220368
48.04128212996457
39.73504530596002
35.64476346049821
42.20317340107546
34.750139615715625
51.571451575927505
43.30331748333177
41.218904409414776
43.116929537255
36.36851909615366
37.86170450646471
35.48990008905015
27.209486375116814
30.291241203400702
38.55463454467005
27.110253455357594
10.860984959633189
6.305624413476431
13.574626689113451
7.677993241806879
15.854573416493656
12.496728869253372
32.41137067265072
26.168318144876512
26.240683029656953
44.17086378702627
51.48946455230114
48.60900733358221
49.869903564502025
44.158406879236054
36.24921536716899
36.87717096996114
36.134702829730806
30.477859045033888
24.501390913934276
22.16446369111841
6.986965309192134
36.60333508850921
33.03313545142696
35.52642088580046
30.105372913194213
42.68116295567821
27.77812614611423
29.90115708770946
28.501758733432446
19.489462353695835
33.46632807194324
37.199624881635735
30.37317724639739
26.507366128594562
34.4067249624992
42.96953414210718
46.220721931689354
41.06261360883585
43.12412772463804
37.83072899526209
35.614365124417965
34.39393458346094
46.25487911714454
42.05214552314554
62.80473177213471
56.83289377797919
55.18898685751215
58.02189929749406
62.521930498293
51.77317008384234
49.415486844665466
55.74678757516407
45.30810536784283
47.76990064448459
55.80637652846505
67.16977913279466
65.43182444304026
53.811117860013255
45.612001759171385
41.37864586259071
35.022691240976194
31.304179807621654
33.06742226947808
40.4363204919351
16.757122020470632
25.41603353066338
24.702427169758053
26.075111625682762
32.968583615737394
30.284615271358355
28.518877956027325
24.204781915195635
25.09515546716157
36.018041190699286
17.042184450266763
16.95150262018293
27.327173287175725
11.330733793663805
25.088032063993822
16.403115439179516
10.96319718114548
24.500306847137523
15.460477564936921
38.88818431624122
32.55018803548345
26.207295464324073
30.730269935330803
25.913349146392548
37.194563826333436
23.661975460924232
25.661172013842002
24.19756119450715
31.6248875208638
36.45003319626377
35.80017173895826
30.427582933888296
15.352241155376078
44.019492172829345
33.27271946208204
4.633195420146355
31.600485006315786
21.931635422154407
21.835281663175238
27.3224926553869
28.22685664979262
33.47778057901777
34.9517605836106
18.21442135322897
11.91034999365072
37.57121861594578
38.82187660709079
40.3722123457915
53.5251254863411
53.295315087878734
37.575368071374356
45.05183194477709
50.68009129561185
47.04462491557237
52.50126737375873
55.981669758165374
66.03921180668904
63.20622739506793
47.528701108773404
40.51076659092912
24.989137887610404
12.69334209868969
32.05850092601384
27.10989243106971
27.876759377896136
14.078947171704929
40.034774029650485
33.89001890908852
27.890792758569493
32.60504075979693
26.165633273057477
21.64159610893635
2.5656825219858344
29.20549918107833
42.097622018158596
39.94545786523667
34.00634694540305
28.526345569727834
43.67101807134668
38.25623847647183
59.44130330874146
44.13195929929641
40.11159744250153
29.09682368474179
44.18047981922023
46.21008137858431
47.0925228968595
51.534428600406095
51.92067163515413
66.92614037170138
47.07443180674586
54.11885920719182
41.67112597820494
39.69310479545986
43.132888162992764
47.66100874938743
37.03421739816063
38.112659406806316
46.98172541428999
40.54122154472041
39.64842336959523
28.708663281273846
41.23288966916919
46.430092265152666
34.71806257672394
43.17080590066821
41.23015907913433
31.729088680283528
33.35979824128293
31.504865835347744
27.81394651014667
27.066099150440028
25.576824678651874
11.339586405142525
18.248074976169647
26.44720966548181
28.90501532680027
27.066806158471348
28.520938838545707
34.068647378863844
41.660121043053024
47.852105425117735
46.14148505332768
38.44106267762038
64.81084584619605
58.28074920195139
61.57226627669737
70.51912219663289
63.47566339083668
55.748307543870126
49.27767443538565
49.172345810827956
50.94912952305894
35.55429565800033
42.706086740027494
37.262474633763226
25.858019402837904
4.163559602081179
36.06896026178154
18.551730963155414
8.619776746406865
22.879369620842116
18.548393773574823
21.73957007854914
15.772411281794792
19.911952725458363
8.048438963839697
19.715258508684226
25.785432690728825
24.000219369069583
18.74505132287684
37.390235686605955
33.56874997425267
19.32827646235771
18.114090376637037
28.658514984949484
30.27989440480773
34.995599431583834
29.463889581547043
22.57801002793695
19.129005345976363
8.690393144679236
22.241740396743097
17.59062735089214
10.962089559919553
28.15517934140957
32.79451031083899
29.368289726628458
34.70775557189333
42.152696780318394
40.096686124036424
42.87982899758904
36.8622836120935
27.550747678117432
31.587597081643946
31.00197891299306
22.466092368138966
43.49621872304234
36.13303686754096
37.866066644645635
39.9148707168806
35.05330520999741
42.54394965161608
39.922737592428355
43.95100074890503
44.48282728262489
31.63702217707718
40.54464828330532
30.359162529176377
10.675250274474413
38.991518941678414
32.2815545727182
34.46678995814588
29.251979678922865
30.27443526153717
28.964036428323055
24.87811599476507
20.559661378749897
9.062534827857755
24.268290799128543
27.41746139282912
7.672237497686638
24.138257164248657
15.720845347260436
10.973828778828612
30.32777614639601
27.167336114686922
18.399190850525496
1.9866252306318901
35.04259835530951
23.25726689507372
21.872031380361072
24.166120618311783
19.510752122181472
22.4828064795443
31.258205327628268
39.513605819359164
27.837368219051264
26.27679245668553
32.72332658012364
40.31683308784143
40.61484969116974
37.01453057985002
35.24915628530808
27.08278669535753
31.910443762112436
34.56574181512684
34.01203693496048
26.6554808320367
29.498099302405667
29.848339612917353
37.94319717021916
27.270416728489067
23.975940408390194
33.884910867913675
38.23649985674992
44.046671397632615
40.89749585176386
34.16187153528722
28.077606522622972
10.873132900071404
43.60902090955439
49.157484160208185
36.42481562349437
44.45316795404553
35.756394611073155
10.372945466723527
47.73417314548288
46.115098010352774
9.060093476003658
69.78854384182576
56.08315764297288
54.11504230491893
49.24312418127557
54.44977161030088
48.52923015961391
38.67464426076145
43.306939035180804
37.58319037562922
35.879777740269695
38.96589823590461
39.48845556685838
39.92388608760633
29.132510003118732
27.937811786548686
26.95283150889095
41.08837866897892
46.64645407234697
49.58030942011389
37.77850442087861
26.356210606071254
42.44554827710551
29.952238665606213
43.13837643850357
22.69342924519733
17.92040683747436
39.411319196587975
28.960420167228897
11.758176671952675
37.513099831747816
48.50603809068541
29.043336706943265
36.24074850021477
41.88532316545644
38.05692169130548
54.477717421119664
44.693088652718025
44.75221853764219
38.625002667130154
45.98433565475952
40.36356019606859
57.44136684549433
51.711318466459666
39.610978678605825
44.94202053547804
31.462790133254604
45.84177671879628
38.88778912510075
37.44683428849118
23.044011036058592
31.92302234992131
27.220942227251538
22.32194385645455
16.380002096938714
12.308743741918315
7.960159822508261
6.2981735995251675
1.8485487322140448
4.493238319016774
25.45608628431321
22.51271404387455
35.930689438911244
26.09164663493741
20.058203097636863
28.873723708681833
24.101316949573622
27.328900397439675
15.467291976100242
32.81481555404354
33.328977676277155
35.65099623740201
36.74804734608674
38.255216945632014
47.13422927672784
40.946363030643994
30.598591421018476
31.06164431316792
16.735025450197476
49.37990614960178
57.808782431295754
65.37476493616383
75.8484228187931
98.53967529018449
82.74886842906983
75.86280328543732
55.81152996099481
53.01560173621103
53.69979225149112
54.944361230471145
60.58798153144916
58.30567668330363
56.02791735512046
56.606681267437
47.81497345181634
43.62525038579207
44.391122998980414
44.9659770285706
45.71514697270759
32.08429602466427
36.832366388758615
48.288864909543264
48.238077149720006
42.04409706289489
44.07095296619853
41.789871425933185
46.891764039433525
40.489114026980445
35.220018437274085
31.63066925795249
31.8851566932821
22.526411129642046
22.687801370040265
18.165926366529586
15.990945578623254
41.125636297644995
26.73945404323439
29.694958800925164
4.6198739280092616
20.958881611107955
19.64815997982283
9.8068032599637
29.035900098843978
31.720337849182282
34.25940011141406
30.65717893705546
27.00328836409212
16.587501020507293
22.4724186619849
25.702164494767988
32.79009971176214
37.55656083789894
39.0840822877827
40.02058679241418
59.96163644676065
44.65936788178322
42.29365876092597
46.482091912726624
54.534009995694646
59.13097570551854
57.94865200747953
65.00868378440167
52.11992108614704
48.08129937030244
48.73998693466835
45.748958283970424
51.152414997792526
54.56027677798153
40.72332185701023
47.68069840222187
55.819197240591656
31.478955545248972
30.46121655602563
27.452841917383076
22.638418909261393
39.16198190744479
25.131173423640412
36.82722910443424
22.260215084442525
17.559036802065037
16.14343976568157
21.07316053738929
37.387183162080355
32.64741992147428
21.498671552943275
15.55889557531327
49.972156717166285
33.189498259934936
38.45952866882755
31.443272252716657
23.181641931568556
30.505270386551295
36.30218528746359
37.96640751409289
39.63095766674081
41.81281835804849
7.190766309003847
36.03269788954782
22.03278526098029
5.401040281298409
32.10139750292966
35.004959546267706
47.575946522362685
38.608091368282125
45.3309489174367
46.431854668914404
34.226811511589474
19.448337657642757
44.182276322127564
37.7447939657396
34.97139287987534
31.4161763530147
26.14475495405391
54.15586531662689
47.248708671557374
28.09666023568286
30.85833119554311
39.876366541854296
20.700431314990396
31.16738882986075
12.883739815425379
39.42975484098574
44.26882021480176
27.79071182687718
33.070747376096904
20.064773636453943
4.250229769375169
25.92047957174122
29.27718707243301
6.95697064425333
43.09103247483986
41.53846989604496
35.66260683115207
51.17189295096067
46.781223389665996
37.8878065841919
47.42991934909744
33.12765703642572
26.573394667996418
37.529801899899255
26.00352811217217
21.9721072712021
31.064084960716702
23.898311453559128
23.19126100735231
27.87404216576815
16.286990647051283
23.077712863389223
16.761635790091713
30.83641188635004
30.8931330997862
34.72065290724306
36.66021408247965
41.236292442891106
26.803794365378195
31.419574625283506
40.78750122420989
40.17479487340166
46.47371771579393
55.06188768765581
46.56941912093645
53.164122476866176
59.362281768028154
58.58085805214618
61.704480412126685
67.0406448416557
66.78268804050713
52.755064543716855
59.60052619582947
67.75823880061725
65.74978766219841
50.2523922581715
59.8653385163941
62.8473556072793
77.48077018889339
72.78469601486587
75.96524258877358
71.27945546142263
54.41669925965006
54.56008309492936
61.19864828515111
50.76181943638697
45.31964627109666
43.991184382406296
46.22028439579074
40.10552535849498
51.277305493257735
49.38037418030927
47.134019288224394
60.820937199023014
59.286483577884134
70.76295871734816
58.69781347751199
69.45593526760592
83.78451665184159
70.9625642419438
68.35784965791369
60.110556747843276
73.11780215649665
61.5737545370252
60.613278780882766
66.94560494709764
64.26388528243454
48.00319208527011
71.10494988090724
68.91360259645452
76.03563468881647
66.61054669922528
57.533659522635844
59.51839941479534
87.51756155201598
79.4905428283272
64.87938593595084
80.24983155231136
82.99524022076056
81.74431698002799
78.62844058213797
96.2868458365685
82.89073594612624
75.52772811050832
92.71425379041558
87.93269086781888
95.02749128163956
93.26023825379575
78.5711783267858
78.84967152124389
84.93045762420292
77.92550349761134
91.50625554581595
86.90420799084372
85.94235763038058
97.14674959449906
99.34215188211991
100.01206331695151
107.68524456170692
104.37272787085655
103.99582328995365
97.63707150204641
99.89191752834562
101.07349730454739
82.20420430023205
84.97244926449267
105.63887667876014
92.51637626561023
65.63875017620802
83.58579120757481
95.8040768472724
75.9251027236705
95.58975579856597
70.28087012856697
85.52363754250791
77.54243918273204
81.41502376561695
73.37378508813622
77.99725155229481
66.6609973796061
66.68348653154877
80.54944267211509
68.18650849125538
81.27117253719939
66.0024425467135
54.65067933397045
57.61628843524016
39.40176833996451
55.12301380401038
62.43002427344789
59.546406245585324
56.53705997903498
49.73552982223099
44.573046385377346
50.538181425767114
40.87847502617083
26.98113581659184
32.02858115782813
36.08830309392332
38.32477520086838
34.37874052654981
34.870709467726165
26.810922732817584
43.38989833027456
30.80328632234791
41.029485597918075
37.547260357243694
32.60269916920252
32.487646025900375
39.68591980392107
43.44712106648689
32.68625119095557
37.50126201182363
38.891677855601245
26.70968779717904
16.07499638241742
35.297904176838074
36.828399426046886
38.72300189941889
11.191931924310417
32.55459809996702
41.31236750801577
40.69144754918259
53.574315674435574
47.919887239891175
35.14598725987486
36.47966235453981
34.82780446988352
40.76282055317571
36.44578138865266
46.89210704310989
33.35218332414532
47.5926482938731
45.197124245707464
33.69288447021769
36.49253201707736
23.987680464363834
31.627233955078925
33.03953433753955
26.86147018771789
25.517344087965377
13.292180960408146
21.430627149607368
23.282829590059652
11.502885845468128
41.61897262613339
29.625334035982924
28.39096894831573
30.428429292044648
27.482387331651175
20.997064114345047
19.577900376881697
15.112186456093877
39.38125447447963
26.77997569597318
41.41580867182362
27.948792260087487
25.165497960331578
18.014875467313715
59.030178228989996
43.70105437019602
38.79542328946177
37.933235719820146
38.48742065671281
27.00242328052585
27.57074453108481
25.251582814184367
33.753032848012886
34.111106324294624
28.939264072047767
19.403962744528776
31.100318425628405
14.218026583871312
15.435731311549763
29.317952889082715
28.761551733392793
31.74430046820761
32.281232889910086
34.66413959352668
47.42787005346506
31.764524290920853
34.45814280424756
27.674391204048316
37.47648154562048
48.18560227348935
37.94063527216587
41.313243820110166
48.68244798420274
26.928825881669567
20.073361576602164
29.08557101249974
30.8289342652299
28.11732132223442
31.158961979438367
24.541429784684652
22.335335976735728
18.21357563031725
15.9247663108249
5.0810734711873495
17.12069314562493
10.65693955816181
18.02706071999508
28.306769207372867
30.33093010240789
23.980958153231885
23.018575298947617
28.12465318737975
30.407982083883212
21.465875993375686
21.912975002519538
46.72166827896248
50.95853340414296
48.77706359096619
39.08083746687737
33.86296054988238
36.84917209822203
39.57239511278617
45.49165253154376
60.623436638517006
48.19943860183933
55.730611373741496
41.26110176965506
56.5479589504088
66.67896653906847
56.37335573846736
54.60358340125646
50.77024347325317
48.39995821825428
59.25958086480474
61.40674328032025
67.62306962750806
64.47805613928811
56.51570315586524
62.606482590073085
72.40473462809456
65.48488693727322
71.48836529794819
55.61650038209123
51.13979008151452
42.286956403983666
54.99646591195421
61.453427626787374
68.91441877775758
57.755878414948015
70.73578842129362
65.88496394297596
65.93711903894246
52.248265307599304
49.09620256146355
50.48875674562234
68.02727238899391
57.46889066108848
52.20241085255079
42.72272946875048
39.81798633071835
34.539657142917086
43.709009056716475
47.08925894123562
53.40118434852135
51.198541386615396
59.522120750431995
71.32407212778935
60.289834255459965
62.98822811661371
64.26593607585126
58.44382922482843
49.314605813332825
34.348533629229074
53.14872444713041
42.81567739961702
49.74960407642774
51.63936288515507
53.47514309604776
58.40200892416007
72.77102205571101
57.83302061612827
58.314409671117076
61.26641399875034
55.07046558424701
48.46872812843925
35.959459405326726
54.82560194120086
47.19117626407371
37.293308646626166
46.15193665869561
45.41414285309486
49.044823753453066
57.863403231080305
59.023881104937196
49.386421020502745
43.352881889040866
61.835451511499585
56.734648549279555
60.22477149417573
59.91166205235016
68.89569319697539
79.19884792129363
58.02516945763638
54.287214137960945
64.58836060473057
68.79123131049735
60.60786645324674
71.79024383022004
70.8634246617038
64.02041574167795
51.7594043097628
55.45192915290466
40.64982028949214
57.55925115381891
43.52898724727191
39.118000412509716
45.32628797151916
35.17885090079642
49.460655974572035
40.21077324848652
31.72396839567216
37.18888710196266
43.125140584247575
48.328773294519316
58.48472254443744
67.37513362456218
65.24920855976183
62.28425964970926
73.60613565743121
61.2366191841414
77.74222167685068
62.32029749024057
82.63209776075355
78.11703227347292
64.48828014096591
64.32959830353317
96.62282201600567
84.21823900511457
93.13963792890796
89.82026617305141
90.8978253298043
90.92213902685815
88.58111896611156
74.85191568650764
82.01499602229367
85.02181396342908
75.18025295788148
79.56113953210557
97.61107210322703
84.03140326185651
100.36723761983528
84.3688140285093
99.1762913727335
96.39276828749573
89.29027070661189
87.88020997572937
87.11683295832734
70.94387469466375
80.06935177884941
62.9023075723904
70.25825787326934
62.84722446661023
65.79584230737103
71.45096866686981
74.59658541106543
67.62883365689584
63.36098665123773
66.20117887784147
55.39696686768839
61.81562437165702
67.3113983080794
43.92031861957247
35.357348010781706
41.89315151064387
48.450062772412636
47.17047075691713
43.27132691178006
53.22324809669604
66.29892975791948
63.69676437112282
71.98552280740005
78.87065623310717
68.24072670803453
57.9223142306688
50.18691044098787
55.00667541972531
60.49377473643031
51.11356814468933
48.39656332911296
49.656465665425756
52.8716399239993
52.36072879435087
53.4178352244154
54.6235677345947
47.718497998311
33.13501167541804
49.53732486712761
43.26441122040685
43.73381018923707
45.995488536300066
30.293769689792487
35.39802021446985
48.74552838124637
40.810875799538415
41.71591301115517
37.40436408403406
47.464782007045855
47.05898595101017
47.159962242332085
56.69041294517779
62.79714152768708
64.2767063195339
51.67781133112946
63.36111908791693
58.01011484695601
55.57648978800648
60.88046597165675
52.45169076693624
45.10933534362415
56.38311154169459
48.482996022046564
50.40836476117707
47.37370860675889
51.19643742085569
58.33051693016328
55.73639264125695
53.01243365856071
61.136692090118686
58.38331884180671
52.4971654039643
50.68921392255579
63.58784351948508
51.54959379673965
39.387291416353584
51.15997293586868
56.243084636455194
45.29770972706079
50.6943668053152
36.38323108451508
49.16518059370251
43.48886648417087
33.004866608658254
33.81392377126557
40.82237723063092
34.21700574383516
20.056686113293203
35.396811661781705
25.218329397204414
35.71448158162176
46.43708265751648
60.12872086548656
62.82734309008495
50.39361609360237
50.461835564172105
40.39890679241239
39.27107029664035
46.62012877626818
38.96548854238411
43.981283656050145
48.18410429316785
43.89102291037181
34.73581212128392
45.05209461394125
31.059529191587597
35.16429014308785
37.12241678202768
41.03886450871732
42.43938848863026
44.21291538075824
50.83473893966614
40.814639475673054
40.609161020771914
31.73919795853574
35.484733665448054
55.15320688028487
42.54988791156293
40.96446672989175
40.12458757986343
50.11781220573918
43.876627516548645
42.00576422533382
50.72385036079483
48.747651298908785
42.44118759315093
39.52107625618767
51.2962320940815
49.30163716411652
65.73273561125163
71.6852587283051
75.57624866385896
73.03814551722516
74.2172126798615
84.5197743156416
85.0619745099798
72.10048186192698
69.77771893409441
80.9308645226473
68.13162291674041
81.98748372419197
85.55644036827441
82.42063804319966
93.51304745480823
75.89141515563021
93.71862821523094
87.4643490029927
93.70726973426197
91.48319599397958
97.64973659362404
88.80868244986516
94.38213155020624
84.59044752609694
73.13958604342199
92.02768896371212
90.46550332818873
92.73670460106656
98.61847630646213
101.05814682246562
99.83509025609979
96.5225413635207
99.15078810624118
102.73764779624771
94.04048720026344
70.13459457837754
102.32007586634342
80.12478086717081
90.93235059626886
93.44956290377053
103.03815196702021
91.71786413047694
92.12700046414074
94.58899280651076
89.16917472100747
68.42904129251225
72.30693123255563
92.03287080063826
85.7911785695821
88.1563276968449
90.33369840639358
94.32991433253602
79.82150051348889
97.57618969482955
99.72596280600115
103.18490459182829
98.60398105985804
84.842867781912
93.18840578441365
84.48339559545462
85.29657079742606
79.65412851696753
87.44149518598644
87.98081879052467
78.2853762054215
83.3867751341559
77.98647598771903
98.0331088849295
74.0015645388544
72.60775456064161
76.34420235380918
70.58437515466115
75.59298048706114
71.30143703152523
71.17968267867421
83.13091899175187
93.66745100517915
83.16955000196295
77.35476301539741
82.88521100463494
83.12952649391792
98.53150900144936
80.13674545835438
104.26073001863251
101.67105169221662
95.93516639997361
103.7938669571939
95.0621487201258
94.15772901995557
82.54368759227931
96.18222740318011
85.65856737486521
87.12177458965394
86.23472594765919
70.6528279417731
91.5875636675313
89.91343247711072
85.24467519154058
97.14758888583894
95.02092446853175
95.72468142959704
94.18785590051127
83.95457863213382
79.04486218956667
82.63826180107553
85.70664675669826
83.31929016413949
79.1665591429469
88.7246175516422
95.54712944699943
86.86958292208132
97.18430394567326
91.61954564395108
91.19768815123638
91.24686195723793
89.9756684160261
90.20245325649245
104.15757554761032
107.19297416935483
110.92734345015585
99.5184336997363
110.32866287970954
105.48928119037332
104.98448795760125
101.3828270902848
109.3741861175139
103.65023246886705
96.63887243976995
116.09698392982595
107.39335017154718
108.43968066115352
98.53195950040838
92.84556463408903
89.24431498234212
110.10420922197288
101.56242135982241
96.19431605730522
88.38269941956281
111.40589977966106
106.58604605949944
107.9364500105462
114.01157815481439
101.1574284028633
101.07334484571794
108.17573440991094
109.97852305273632
107.69802932481379
97.10953249547131
90.47130126164596
88.99886399313574
83.20263127336901
78.0053668415122
96.56940489653222
82.76023737842868
79.17088507899453
89.57753756639413
87.37304683756106
94.45615154421822
88.7433226423614
80.93156916188839
89.8474316001257
92.06480668842386
90.65535100839645
76.94779257434045
81.56575361995878
90.98989315461031
90.88756784795792
81.08505952464823
89.7163959519212
84.3828237058197
88.56948841377465
88.83871034501969
97.22635699286988
98.35074109695725
96.22568902653879
99.78974817309793
86.25597460273109
94.18321450962235
71.79304252443835
86.48593929317357
91.4102582267592
70.28154950669648
82.08104763966855
80.28761373662407
78.03048647036015
68.71893994223767
81.75054036624721
77.62961421997822
66.95104895070142
71.43614755145396
70.74681885357928
63.781169034990825
75.28819301391312
70.08327273668232
71.34066979400528
58.166751258920904
55.54000756470754
61.95760685947726
59.78900337194885
46.358326681860724
58.20760792179933
52.648597485114756
63.777909819664266
59.03277829271477
59.821037758546275
71.88238575494702
65.25696198930999
72.5978585471137
55.662187188962186
59.142509978345004
60.08023972360195
52.94139254356362
65.59301393301816
58.98583870249759
57.590166229246286
54.2324403075214
51.482249562913545
40.38389507914863
53.85478086884795
50.946076806750625
54.265532021115305
51.21544826286137
37.90862304836054
34.37034023682053
38.16505677247085
48.15131297938626
45.61739172728262
45.39887276629758
51.15378425999004
63.543082243349986
67.9306562902765
47.5237787078322
73.30991441285896
51.82376419585303
67.27988478691181
57.576440321592905
70.53261440710568
67.97513461500425
68.28074500167611
60.346101043844726
65.54586247721815
62.117902268330255
63.96378831765395
68.89290044195694
60.84086146462561
60.76310910955632
68.37333040215276
64.9515852008638
67.84259362054551
78.688420577935
68.75177026371517
67.99673457403505
74.42174711197498
101.62107049389476
78.2913419229923
72.93481564313278
83.4575619742974
88.54797652008813
78.55590751596019
103.07557946162277
104.9921237228264
103.82361436097409
102.07031564206224
99.06446037700672
102.64292825679036
114.93617559462591
113.29487514068462
105.49643186228268
110.69039174161674
90.85797620674349
99.77239236294665
110.95216488070591
109.89464108885014
88.24960559663721
109.11048288065237
96.33784299724945
101.91973312250434
99.73129503059592
95.20462406215088
95.89673251028432
95.65079253489976
90.57665013657315
70.80671033024491
80.60097424005107
74.42381392810549
77.9630834893899
77.21278080282248
83.78886185202775
78.86171647646233
80.0592543924859
78.70202870477077
67.21368934254978
64.16851021505721
76.11230723431336
42.09237774443392
68.69731545149148
71.35940064918405
68.75902759456031
69.38198062652249
73.04629421665724
81.28145123997962
82.358406104318
81.89671620036503
85.17848792376914
101.46704582341305
90.12118053578868
75.05378763840532
91.42906187195298
84.73712793035952
58.43616258515134
98.64316977170549
92.43549339990786
95.85808360578005
73.05137905701044
91.91648490167277
76.41643137754802
84.90211729485708
77.15762277791212
89.09565024556969
92.4418034209144
90.85237442900933
98.89615692072623
90.63334683748133
117.56495136845982
106.4108263366686
105.43688318563204
96.86270536693317
123.93570443212258
123.08292142912913
101.2829453145635
101.31079561456787
94.42786342337376
110.9658417034984
107.87886436484553
94.32924441456329
120.23732719167054
111.626729634209
101.34160903176382
81.73676668305683
105.22298348952583
103.75192672012408
106.33122801517953
120.12063549960453
116.02840145024693
112.77814824489066
109.65431155338645
112.02558420555084
108.22629617631029
107.44691169036074
102.5166893406588
107.89174280971879
96.01644958923681
105.5341728816499
118.38917567949929
112.17506959909502
118.82490461979756
106.4748843567751
102.22989636807469
112.46813318564871
106.2146125021739
98.46944343864415
98.23533973757912
83.54588898230054
104.10173275881014
101.20174406414154
103.46139178046218
103.3787479820731
115.56523572326941
119.62643882188671
117.86500765074555
97.53377638261212
116.04412867370549
102.39535084379686
102.85818795638903
117.60248217362285
102.26912557234795
118.10666459099366
106.59913442129309
114.13532537112619
116.29121315355628
112.7328662639821
122.45455611959709
126.62790460322503
121.16310863501094
118.8576632830806
115.42940930435478
108.2841838927257
104.92473136654722
118.57912486895066
125.67294380374925
126.37160771851741
120.04805522268967
117.55130754981023
91.21148601965646
98.13754452699527
105.89789972848936
111.30215909125818
112.78089310144239
119.29370281622035
123.26346692482967
115.97453371686561
111.47282416962591
102.54366734638923
118.03236650694302
125.3932327026148
114.21160936816466
121.20227054425355
115.66705762526891
126.39604877711419
116.25844919064782
127.13862809339166
110.61645933740999
121.1983993457284
118.4435701054304
127.47550924186086
133.89763999584008
119.32630740531683
128.55917681677957
110.22558578288997
112.54536287511964
124.29630310901292
135.01352176002402
136.74087366977795
130.7044077898059
129.08922569780935
128.3213561158965
122.5097840150617
118.05572869860701
116.26170949888943
124.18065059672607
121.671075106948
116.08662498266071
106.23085805056094
122.22766361549384
124.41969869701386
114.59025290022005
109.97065220585989
110.75295878389649
118.0065015546246
107.0212380879555
117.14583515521659
111.42271579953325
100.26918578975662
103.09410592257466
105.40167636173516
95.27423306541995
107.3782980803499
107.9135471162687
99.43451692022802
117.42395106863485
103.93186136576577
101.5005499452688
97.51321385763399
106.8368703121571
100.32226574491906
102.7869496548851
106.45965621294424
96.9707202673699
101.8528703306974
96.3877772594884
91.30226454847191
101.92687730281999
99.21500798944945
99.34266754677486
107.79417293412699
106.10595597422588
101.85081559055713
105.41692736936922
102.08523027142952
106.87855890981187
84.11843897272696
84.76016680948435
83.14233808715204
112.70766219237561
113.86224189880657
95.35549665818164
103.63371803346328
94.1880121975628
99.84670759389631
99.5314531923617
79.18959440607037
82.28722286056266
87.75006889765802
103.79047400374115
101.50251624703822
105.08610487171951
98.25705047366591
101.81257900797662
108.70663367723562
94.40660633114499
110.70525960599196
111.32629595173577
105.87758998128358
108.97498345122933
112.83125305564485
109.81618788728086
95.33836779611472
104.51839345619501
86.57866290366849
100.18212302236249
100.05405418337864
109.34210372728693
100.96907254132103
113.60005437621874
115.80477106358079
108.35376547901134
109.351097665332
91.68721458859942
101.83211577448938
111.48974863199058
68.49267458659628
96.10074029990582
87.061381616784
85.3027409978406
90.97978384432898
101.88455397045843
103.20298011397932
108.15496850826652
100.04793920650278
103.98090488565717
100.68525705667406
82.54721540628246
79.99420805849404
89.79063110240372
81.63019851925287
92.42121246472979
83.55315492689198
86.77195492382492
84.69477541878666
83.81650488631406
82.72492733719064
82.43326300460654
77.66636184876374
95.6872624555617
84.81815323583942
92.47048672795609
98.23535896540886
94.09617547174972
97.0324260697174
80.35549136691513
86.98656689074701
71.22504032277169
91.35933139153897
86.52975002630824
100.32651185086038
98.51773632535632
98.12006760264242
100.04394407831818
109.71234414211659
111.46832679809839
98.11809593047843
114.02079977156538
99.30473571835178
97.2869383636592
97.73043577422179
94.64221585599608
100.5091809355997
102.20011755014897
105.08563580508024
112.18240270037865
99.8661283529573
113.21897572995971
108.42493047201062
106.32181059173321
127.70970720355012
115.83081238750215
104.1851611116502
108.33268870995512
90.26909397525156
99.40039472247693
122.09457134427649
114.16373872470813
106.94086547633215
104.2738905356338
114.91237491413133
113.75460956806069
120.83613383045342
121.49711746878988
121.81114772785969
108.69465199658802
106.94610702887262
107.19967445174792
110.1552440862602
100.9815578025494
112.58722101316329
118.76044994405922
104.35558145653005
92.01130737969392
87.91789142861676
97.77700720640276
98.39697107164974
95.59191053442854
94.64739701064308
92.44878620303385
98.73965894107016
99.77666962801254
97.35974831862927
99.42349477993557
109.54460448556351
96.66830222631346
109.82323360421982
111.13562929265437
105.6281353464108
93.82316713464316
99.95116739264111
94.50171007963999
101.01039071481878
109.04311908233825
100.06383276459597
85.88337714659706
111.19251611436329
102.91992966371335
101.95773907168163
106.10345935421134
115.37621464160043
107.66644426394083
115.72434188441545
105.7922487419349
121.278030592303
115.17659179429911
111.93970994836735
114.36904749375094
114.32678356483598
103.22353828995169
88.99695001005205
110.38508370750726
100.65134844094723
100.32183904885153
101.33232112329779
90.92968579121997
110.04567252475158
79.61331641152796
104.42275711005493
108.65059106554205
93.37347033263313
92.27019130996638
83.97913257943432
102.18621982453259
89.29298854704516
100.95351743018811
97.02452708702512
89.838601394027
94.14041310169237
112.52366545681102
105.65456664366815
95.8072098411965
127.62756827920533
113.70270785059463
94.7655789534566
108.87615086559418
100.8615434158032
96.26870584116799
112.95197667698355
106.30720494409852
102.96179459393309
102.31011668078091
107.81660297448951
113.13733794752382
107.80552240331042
119.61095881986765
114.34970242689846
120.7592760201817
121.66213528438577
106.40466014308875
120.48565280118001
124.46306314069727
113.24536793729794
105.61148050783305
122.69758283939979
114.08146142960557
97.55965580324684
104.47117393544794
104.29588599401733
113.43947100233808
112.51802862124465
121.53026775181107
106.16753456714243
113.64192171510113
93.24908481585736
89.01603880481765
97.71443954346003
101.82671535277795
115.6035653170949
113.91290585026339
103.10408234074497
119.85212180984085
102.46406039413873
116.58245813326585
119.2143098431339
118.83313803547762
114.97757373184322
114.37409042756242
102.7444792335883
103.9932169891413
82.45192096234476
108.37174589026294
99.2200347857854
102.28302461730885
109.361283777377
98.33496854384835
102.53481964721281
99.33371216591628
57.69476526242184
73.53104046928262
84.63276080643081
77.15387555780505
79.48640565994606
90.45417206756107
105.64761386000093
71.36945230938576
101.36884458205776
89.68381433061722
82.80411282433371
74.85748527704709
70.6420365107798
86.1354399155832
89.62585585646663
97.66713046826796
99.69626508830818
80.04036702024746
95.39635834009272
71.04179172029002
71.1428521677856
68.52261440414671
81.98428813921032
83.06424981324331
81.4859740585618
90.04486090726425
82.26509034986358
90.42778513222248
86.73463239058547
81.70472861018838
75.70130155228047
89.353935846054
79.76057373979435
94.17879912307734
102.94259061210992
98.33521186019387
94.27156345558308
102.72262418854834
90.47234896048336
98.89373098527138
96.16155090029416
102.88632846282869
84.49657340118078
106.78119915702896
107.33263633907069
89.20442989641134
89.56198278335475
68.03975273333785
97.08695354908384
95.53285756101151
89.24027907849384
95.56678566821114
105.42364317607706
110.76217885617459
88.65814709587502
106.64749246190024
108.04182693072735
111.92893115489397
90.85806192622836
89.0348814463523
83.17920862834443
76.74946556462541
103.57524432654833
78.43415943716556
80.87905947952041
83.86394202567595
69.72780719811448
68.14711888721577
85.82718744175097
71.07264361738595
66.65364441538298
71.49299700259857
64.35998470504181
69.4325116404585
50.06024540287676
51.5775650516062
57.961002063889026
47.12834797971443
44.61023143148115
56.793980637321226
68.22378500848856
62.040969696540564
59.68683817922842
59.72027231575609
57.82958091008199
55.030909119723404
56.68724411047665
60.005765043992945
71.76999330930944
62.042148998653964
56.52771309037485
61.105941099365026
60.73015467276158
74.36933049262677
61.043622845110534
78.76770133226476
53.89245130445109
73.28719440854546
73.31773807357413
58.17451606666901
78.10358668958801
88.14228565975135
96.02701860485446
88.38200916960642
91.79276306903247
76.50192895217718
91.50931227796659
69.33529624878615
73.22005199301695
53.98024655143106
49.6220144018959
68.66745821023707
63.15458707827043
62.842646612543554
61.76176260704181
63.954671493025
62.000603754898584
53.86170326413033
66.10701664755322
51.578641867549074
43.230446302154505
56.996263788442825
40.83676688852324
36.62721505380375
31.627657072130518
38.43043193384159
31.349366687962785
48.77483747428754
43.829066647009604
28.20618262204363
41.55124232338262
54.70187318347142
47.29531357153701
50.479462844725646
42.042608001147876
34.930550361205945
41.76082689889529
52.97532667477426
60.79878601276619
46.68311030018043
42.83156906995309
39.14117559646053
27.449634789577654
30.77880885939166
49.26654243308663
50.473103582153556
42.55291524902917
43.47245022129529
26.173699666528726
29.25298606490693
21.841988555349914
17.485920634914265
40.63951750438309
31.531908775411182
13.655646272506228
41.439429309100476
56.921245181380264
49.07292875677504
48.415041891141215
47.58524510779696
40.64519772311931
45.74441814928091
42.52986781495649
38.04151568331869
35.16097031138015
48.35213857931035
49.61105396125616
38.20473851411829
54.73700232897955
48.05586759640608
46.28896037904296
44.30495323937139
30.263918331135606
29.384792302009245
10.284399115443927
28.68983596936301
10.87043733804552
34.69167159198033
35.23996829330434
25.94366655241387
20.57529147074341
25.60544214159277
16.865165328466624
18.267417885286246
24.732591943398926
25.645562782485822
21.577537086808377
36.49670498098017
30.533349633728633
26.286101886631407
31.13182274865041
21.675687180214343
21.35816202060879
17.28840731982187
29.038659948653503
16.454347969680015
25.480834262840666
14.941638970283844
22.108264486756084
15.798353675820808
16.15957874389618
17.376284434362052
18.288284271899276
12.964167419393915
16.884732007609095
24.429432936173523
10.783810411217068
25.531632027942777
23.218971583013186
16.029117813194702
48.58198532878293
41.24807299886103
51.12936258048353
47.55780732806284
49.13493922897042
55.24572114488011
56.03384560057722
47.9424706231506
49.08187981648945
57.98810762149282
37.8780134827373
42.35494783135791
51.88445392394892
58.5423538542181
74.62048572844294
66.21241718073101
48.71929205721513
59.66514545302708
60.00615727009081
55.777336497451515
48.772275826808546
55.014399644018056
50.11505614549057
63.10176574879469
55.28235845072665
57.70417586472466
65.75150675167558
61.52968910345737
47.95781124048802
58.86877232690321
63.13352530369182
72.94053231518377
59.00506238456802
58.09946705955649
40.7637695270189
44.007979436626584
35.2326338947134
33.83136683825577
46.37025519207082
48.253375629178485
48.378732050962256
30.2987395981072
34.54404600461555
19.5599599878515
11.098030233021046
30.306111949478623
44.96944086364127
42.79888746460292
36.70472609266244
28.1783430863361
11.80835147083963
39.30787166945385
41.022236376769484
56.11739444186695
34.395910675644
43.42408569060676
38.25475487453999
36.833178639488494
42.53911548587448
29.813354526143495
29.15125562655934
40.141668844528574
41.215747718056065
36.040916004474475
39.186089083224644
17.75185717084829
42.747609983408914
35.66129401225238
31.278079137247314
40.26432621243256
35.22034381293061
29.878842201885426
25.782366296060925
36.72670934721932
36.958641961687285
37.5622675327571
30.691693891669
24.86786814305631
25.903170130579902
34.63717889131536
18.471078458725245
9.404701462264857
30.944552278872724
20.832916830260245
12.72041294618214
25.366222278309706
37.950607627409454
31.143889668946386
31.98235069582105
26.957963141239166
20.350574615329677
44.29568406181189
43.61661714948842
27.920021072941793
17.89685781555318
31.491303984057616
38.93635095069055
43.02305325095257
40.928174966469044
34.34265954438841
42.137926288492025
36.58554966497975
36.57975450809164
11.332517125616173
44.29443068841134
28.833659010485952
15.94545174736056
45.51490612705198
43.33137171353526
33.37513322856837
38.06350896414291
17.004903528047823
68.67773809614468
42.96498452561404
47.273340838758514
42.06549556001875
23.86353058084559
15.64010186397661
37.84734349007908
24.342531998698973
4.65627506768824
37.04193307062125
36.98219936233656
47.87599773285832
41.348445312970824
54.18055053532376
47.826073152122234
44.363812510344474
52.325205615347265
47.56517694890709
43.351342084314226
32.24004498390895
36.67405573610719
35.953135158946345
40.5109814790828
45.63018750222539
56.70858516731234
56.82796695741056
49.992741231852094
49.66633807070703
58.456901243237674
44.1777004931553
37.292674886799254
49.59873958767262
52.50035567615722
52.874655039491785
47.05940438148093
60.644530624995014
53.79700250758228
57.54427377354885
47.38302544746354
38.27843528020856
48.71179272993242
36.21141145777453
31.053231804538296
25.606751120557163
17.97451441348823
45.33818858207539
34.55153938350488
47.87528830763684
37.62601613864018
41.796087544864534
27.499471723494334
37.65445700358456
40.129411114761176
32.480759731985465
45.38970189518772
41.45087653883528
36.770097888634574
36.46317073371552
48.648635387239295
41.92860890828568
37.95146250109771
39.03667527800748
38.11644068142027
42.47537238241242
31.935542089715256
39.10915444384475
39.0829881050722
34.32399372688422
40.306391626719694
26.774175556905043
24.050070162279855
26.960284088891452
37.50308890483528
29.226443994136627
27.20501604367017
27.093344330299267
20.29271695910651
33.43899834994535
46.202808812237954
38.06398198854654
41.938593490798766
44.385161409799736
46.19925055450285
49.74060573193935
45.11253548712144
39.087301521219175
27.69982906092318
50.942785660648966
41.7617103620774
50.714540551975446
52.90666618673489
47.36371139144741
49.80397656084584
46.27952785903021
52.86246602497157
48.16481104290686
47.91696691809105
60.47528399210663
51.3495614519063
49.89017267696656
59.825221282959156
55.390299630748295
50.30664722502314
50.41346758525431
50.55708576521925
56.8898095193167
69.70981665942196
75.39090001900394
58.09196337313402
69.4837546524843
59.746297802340386
64.50856190410514
77.22312655618836
77.78906063811903
82.97628950102742
77.5185060234785
101.3912527004898
76.9415537399606
82.59172106175164
96.52722788768227
91.01334032840134
79.91718087940406
71.40047276439331
62.0719477916761
73.10680589193986
54.053533265670694
71.04350284716415
61.030803844809775
65.41402914528263
64.11442629088202
63.9100436046104
61.121692954186265
74.07632306639523
68.05643172468162
66.96159715857085
61.93900976040032
53.87798579514977
68.2878722394527
60.21412544989428
70.51568933346788
60.42146583023923
71.59904899898913
65.48251778192864
51.03540818554454
57.31801944418865
58.30255449212432
76.67979413225682
67.63428489059623
58.98797102603007
67.86722258952828
61.50254318133912
82.55434067414231
78.11715752361079
69.95752993852496
67.01079624764131
73.58499579284954
51.75994283755891
70.41582351054922
72.13177802431878
81.41620155842436
70.13979790649185
64.9167030715992
73.93558839214111
66.38405891804858
75.39660905728043
86.0528797091429
79.9348364159127
62.655412548792285
81.67744440848729
76.79628661868175
71.47210259737965
73.30789201372492
77.64236590962078
87.15611766090387
80.4338789834071
79.7996563037248
73.38816093679856
79.019091101258
75.81301858085851
67.20172232863194
71.42662169047937
70.18088494640556
60.55871150964264
65.44257146528659
59.70600188364324
62.42462807465127
90.72771239088156
73.54975368419593
83.73710258442675
83.63161260862104
70.78524940602696
67.39403489889708
94.5431321741467
64.2544025189161
88.4141453881285
66.07783786676725
95.10377957620769
76.3802542587993
71.57572273652427
75.21898695503737
76.0754024452628
80.11208629224926
60.63256314452285
62.325958351725674
61.90221497594192
46.30906824457023
62.38287428956636
58.326005484731404
59.41498989959732
57.46355603508529
58.876383548715296
50.55819623708272
60.66550470038753
66.44114030623574
56.432530580425684
50.335233850156946
57.98063348405957
57.876014921267085
36.69919402888577
41.89173243785906
45.73250538808316
57.555305131965184
44.356689925700486
64.93754443633708
57.81691293581037
43.030396022477206
50.5191120617159
44.098418406558125
50.84892883619663
46.39216247813764
46.434033980728806
39.16846605155931
39.74492785372498
58.3352534440963
47.68423527154497
59.05625106773872
56.13524109056025
51.7984632126932
66.99896390921836
54.16251739866603
59.92472837476209
52.62588385344786
63.00188046271623
55.61955873004524
49.243990787958
57.07847501059806
64.91398073267167
63.34634739751749
66.08344712336306
61.358914828531354
38.69453483947447
38.92280738017071
45.66353065388247
38.29280478981721
43.94949249057839
43.65043353241994
36.64580571557727
41.44289861276132
33.55876427553525
31.660293530761823
21.802527666443524
24.428630259190417
37.13179609091151
38.70321721726859
47.31666824103902
36.55177388089314
38.53843234754271
39.9422955963241
35.530959139898485
41.397991175089494
41.73618257001904
63.60802817990528
49.64313262018489
56.066204865902414
48.892294590064736
38.92706455268927
57.23650812728598
63.942861617146505
61.96317161623368
60.31795860612539
66.85551217750877
57.92097017777006
55.480855293079756
61.5691670477691
64.81255915323406
75.73647866515006
60.516022748841316
52.709901596778174
56.1975209094475
46.15343900143146
54.8135665336677
42.30246385576731
42.30594742472977
46.79307299763323
45.62309969445301
49.27406863775951
50.12549298500086
40.743757731936576
39.16532587408135
47.38296973444058
63.419331825977956
38.4355581968714
54.41506611435789
45.01241168090978
46.318573517688236
44.48505564192568
40.826536144425425
53.58398502330274
67.70957076754239
57.813666911771506
36.62221794039702
53.44417908416418
58.092916720272584
45.33091553985598
57.48465033746931
45.24422712709456
41.684621733033396
65.9934614868552
57.83774104391931
49.4876449319991
45.227968571093875
43.029334116516736
49.28774985094831
37.49937814614199
60.952145619778925
36.32542462326022
43.558459466898974
44.58404085364565
42.35102812747091
33.08689842997062
51.03740532124776
47.71136651925594
58.97742908495823
47.65218695414096
72.12745624063466
57.362587542518696
58.222164005682764
53.76500552675909
56.85195218408851
64.7951904139584
61.44643688018496
53.11551993651042
59.36020921771026
66.20290938500722
62.99364421242268
64.22963525363387
81.05273886975372
68.93098223634487
55.68469015385791
74.71322819762432
67.11415235189878
65.67205220007966
72.08919510778827
81.4744549353432
69.94312602440088
58.48892833418547
73.82990786052508
69.1425299827669
56.54399754064162
57.00119618416997
68.32259743334998
60.0171793762629
64.021274603187
63.76833200755827
65.94894204135194
81.59662571036483
82.59292908146018
95.04527832177158
76.55814703968808
69.82360898596224
56.59355613210499
56.819734579338665
63.1267112057703
60.06381969250405
60.51137051211982
71.80270437122691
58.201291151352585
61.73998275823516
63.85272980902058
61.12773687594199
72.75554475385394
76.96485416980254
79.16858638370292
69.18490363779779
73.54553501831334
69.89167014453773
71.35185240466626
64.32548829573356
88.29660296261002
78.19719713457722
68.1381969454788
91.74649540792197
86.47524393655509
67.29062286278571
57.70784087505449
94.06143745178909
79.73908422052853
80.44447446452563
90.30325348070677
92.38131975994536
76.71185865652052
81.5345595701931
86.76472494410505
91.10788151354967
91.00739310910407
86.69966303398513
73.93713547807039
73.12697293111663
75.0269979807716
68.86327812118536
97.14423704073336
90.9964075038363
86.7357129468139
102.52489241317912
97.38145753575034
107.58118844226544
107.9279957062365
85.79582090329043
102.04276926170773
104.10110682456414
89.5519143253956
93.45184075522891
109.78453113570501
104.7676075492162
101.46991079346923
83.48063489666308
103.83828511477309
94.28340465430601
89.6446923667272
86.68068599439654
102.80256545357797
103.30558133412914
99.9000959009527
106.87008185975392
114.99425426958535
106.55745566196703
117.14714292966603
81.41254160237354
94.50852392468452
103.49223164111352
93.18890239508897
93.62493134343931
112.53385219987891
107.66647199245556
108.49660901522715
96.21614864990642
103.2316785715168
106.85616913967561
93.2164995324004
98.68823969432113
98.2366051200122
114.9841570677595
106.77744282805868
100.00937463585525
102.4612067922109
96.79120278366935
97.0157034340734
97.88976775948593
104.04069297328013
88.60606442907734
99.57059805826937
96.8984596367792
93.07315401229889
102.86461457146646
101.1746161367022
96.55731387430473
90.86215542150292
114.69577761795938
102.07614538642329
117.38404331651516
116.98926332736696
97.36061811696584
105.20340980215224
113.49961864337854
126.72832286845079
103.3818141361993
108.19455810742312
108.71782791294254
97.34041838639442
119.07560851570454
111.07570901182343
105.41175050559362
118.24853531894117
119.35107063320166
119.01096550912037
112.49541768290975
127.90725636950755
102.09564186105598
114.58079119550514
107.37779615394057
99.91768912959174
96.56543767237349
127.9635781630281
129.1742559113112
113.74531976064009
119.50818828060227
115.53913003898438
124.71782473468899
116.97374372164902
109.38721152407577
112.42531863403842
97.30410983705326
129.21659526542567
107.58487615464736
103.26898965345222
89.78657525296882
91.02493987546003
112.03100464569434
104.66355748321337
105.61631842222276
95.53736306326968
97.84297625905738
99.02458391139584
109.4000285150806
94.28569134988285
101.85958815984252
100.81752220422865
77.35335133143523
100.80525997600198
107.02575625298368
108.34440203290765
112.70627410680322
87.13062688713532
96.7888231645387
94.19622368132117
99.75412788368496
110.25601433629859
108.53028743603053
107.80222364182907
108.6927250159169
100.5575804881091
105.85394419494885
118.95488088587643
103.90308087045732
105.9274610796177
96.66839711197859
109.30079830317923
111.33022251812132
104.9004152896661
120.95907975818153
99.20449234684094
97.13871042083356
114.09105175368325
104.07471591750014
99.84890454435832
100.94603102161258
90.08122606784447
94.7325893514053
78.09042733542627
76.23756095682862
87.09481956709486
83.11551222704996
106.30814865808415
86.5895068497592
81.0881357080437
94.30009601109613
109.14177110650908
102.35146066823853
99.92556661376963
109.72931117629189
115.26230726592364
104.66576946812371
104.0497711018616
97.59111312443414
100.37496108931037
107.55254518986449
110.71766339079431
103.72516767793601
110.77297626417571
100.69859972330248
110.29701445854795
109.90040782982099
110.57390296125786
105.94555237991264
112.86907522423063
106.62945587285536
111.06504298210291
107.78796322161827
116.65122600853982
114.40991210707676
104.93990881852517
94.53800319344958
102.28249812727088
109.84786738376629
99.99936922544197
97.32167428073309
92.48426678624368
97.39447177384196
71.35770998719018
99.98008820552963
96.75820002782328
97.90103363874884
92.35716209577109
107.71382078149408
101.57931776536118
113.24109791206924
106.17620061986416
109.43471960887312
105.05700342771613
100.14874293402147
92.82089333610423
89.6965699404522
85.90802711780466
107.6065937407759
95.04785876022225
119.74084370155308
105.06424324206415
124.359658843578
97.52060955229764
123.90073309479345
106.61062121849403
113.96272983896009
116.7283616050496
104.00351133914229
120.34320740604088
90.75095745738967
100.09337250504127
101.78774008621352
100.40689854471104
93.77048768780975
77.06352617138633
98.09428797396619
87.83920948597485
81.55489429363539
82.84319668150232
80.23390797690476
87.43609818644327
63.20492955591956
82.44260787659768
80.32124731796378
65.96100306876593
79.59189657884768
73.35351171441634
81.15380769902451
75.46122946254118
86.50380974257996
92.03259370347534
73.23299939324966
93.61303770213894
100.48582515744987
89.61508537536892
86.4314525035884
101.20181845644703
78.71788228918135
90.3041134602805
74.2641806431722
62.26559277626172
89.000711003807
87.40861188461159
70.997712652497
94.24981177449865
89.71799968348073
88.03350978086823
91.74755079227961
84.28998504573777
90.51858130660578
87.86410113985362
85.51005995513891
71.63708292124396
79.88637039725664
79.66749471882012
69.28171913091158
73.03343168160026
84.61942039755107
66.66758067931396
62.95707464289146
85.50848446208319
86.89918790769278
71.78284892732532
92.79377947381839
72.91545281197881
97.89242332627762
93.16478037125769
80.84068619797506
82.98853597362789
95.26460928840206
78.71216761141771
79.79191670049046
87.83231521101209
96.93710616228859
69.2631803163907
73.5783120131564
71.1497797931506
90.109578978887
76.42296823528955
74.93388639810412
60.2087048287996
76.38368933518898
82.08566407114525
66.93831213147891
68.59690556159582
81.95661299515899
67.45487301023287
75.15903118929394
84.45059697366976
81.33097079764869
91.63160293333111
73.75546832824351
85.71232903906464
80.24395238875795
93.61390940793115
68.74143328733476
68.39232752688683
82.54465949126555
77.07234129397413
88.43233526333037
74.27952127565142
94.02439310455078
92.24211480061915
95.67020204186981
86.35995040588595
85.39370150353355
74.33976900633942
88.68623360183726
85.75726138509482
91.64780079364121
86.82130421747416
102.40307388636896
101.4044722628094
104.20329017835583
97.72807141544023
113.31088170922466
105.01458081028385
102.09270833171331
114.96915082047981
111.91885927153473
107.65475747918552
90.19393629355702
118.94681493272756
112.48233560028656
103.39988195811284
93.09118893148636
90.9359996533001
94.89126590436845
95.25674644825872
98.68717856193959
83.91239095910771
85.17177624646004
74.68390582360394
82.3610053802915
91.63189936883882
93.67419169911089
81.76507954507318
86.20850464988963
92.35635366710689
95.7250703907714
90.15703883353915
100.21476633495355
89.82013840482229
70.40297465348587
69.87885265370636
82.36176726101532
103.36922046492708
93.745974780419
93.48170542166169
77.33580243593532
79.9881734725064
84.71029708653761
83.95392191109487
72.51793028233269
102.20960497494104
78.23761488748808
90.88238663483347
78.43468098915456
71.97131910069376
93.29656994177209
86.61477768910437
77.42776996909836
95.53372757117815
93.75874240937002
72.10583367247239
85.89112713917855
89.3547060339467
101.9993758496465
74.1253685766286
80.7419139857733
73.67445673139977
74.9709171163332
77.38719056664554
73.9400902783029
77.66969799929939
75.23352097441118
72.05537142584346
66.53933476274125
66.35939701224822
66.01829484948281
59.382609952733056
80.32980569213868
61.912254123918004
58.475285967803714
56.47664401295228
58.8023807255332
66.42083897547897
62.65079691032427
67.89378745419768
73.94378206216234
72.75359782439203
75.84883803325728
70.2445411577317
76.05703906227401
78.04726210446583
89.8099302254733
98.85430149752177
85.66303056251016
84.94300144891945
85.97139292002686
87.94342183602238
79.05470152492818
90.37701092495816
71.75599945876546
77.99066317444681
58.50976419340723
58.296262145356415
71.01925057049212
79.42186874736387
82.67470655547243
83.46494371402406
70.44961033446107
83.27486059826569
105.50882266938352
99.60007219407824
107.3220393715342
91.49793175043702
111.69649820155628
103.96912849299311
98.32920146136937
112.93859094945945
94.95203801135997
109.30601798152549
84.56901979827464
96.30675345662068
81.00163312853557
96.52021386644016
82.01406989500101
76.79889735846983
96.85829084297391
91.5449317908048
102.8398581324923
105.84063837739176
103.57516364433549
97.03936478887536
99.82430427391486
100.33221584978695
110.28044485854565
102.67671453379901
113.82814011552455
118.18279408154217
108.43895878473307
118.83117775563639
108.61738900412166
109.01599633657207
115.08592199254078
116.1263875990074
121.42928023923008
113.51716495267192
111.2207932877105
122.70334268999582
119.96749472901514
107.42344779804202
98.79754306407732
96.90894226836842
104.3485527925194
98.29463168951196
95.32813049045298
122.56659925651634
109.47749247953021
97.98041515546745
106.69670883872985
117.98974289970587
99.60482185179754
103.12302073138105
111.64126206000682
108.82806082343129
99.46407479814971
96.11007968913604
92.70897416973764
108.13636483589327
98.28469362685081
100.99349004908343
103.19682899680842
98.8781797832232
86.4047539384795
100.91687770374983
115.35640004275365
98.02092411034565
121.87306926346852
115.84223268657432
101.54398200258484
104.19147537678231
106.02388616103235
111.09546734688055
124.90382507781143
112.43228496090924
112.66007758033663
107.96463407600334
101.32579441316598
113.90931231786335
107.88201027469911
107.64926603908059
103.36173137320672
110.88478675461947
110.91112755468326
107.55232887699192
94.65571948344365
99.20151318442504
116.51593359936992
129.3165060559526
115.31798155785557
121.00860220977776
110.87387955604473
125.48610217204967
124.08653973550447
126.70449809690965
96.11369103922803
115.83760461352799
136.77373099998275
137.57946095038474
129.22054135389226
137.1927032433399
122.85739750469843
113.49798400109495
122.66144572019502
133.62225015859315
130.81653492899014
129.1885873549357
139.8735938492033
122.46756795264696
135.34893109195238
115.93105551796812
123.4865680267278
122.20478248658858
131.2187567160121
123.67495990835245
127.67228979907476
126.92469604845618
109.76435019736267
110.70771193715252
120.88361857366381
116.66660567686755
122.60102551609266
124.16927897566889
116.44038329766096
127.56009764087852
120.65571698948595
124.4993062332924
110.67108409618136
111.25303440022984
124.8105581344095
120.62653204172376
114.75344794066855
112.97079849950899
127.71750872359598
134.47456725823648
132.46313251644605
125.69743986098904
113.49159701552041
125.49133122727899
121.89402049960813
111.1566908357829
109.41729038462495
100.11377310089748
134.75894741581865
107.06151126407323
100.27564090148023
116.32882232212573
137.31578386470113
121.31600083577447
109.24250872779947
96.37768345956148
110.51285461300316
106.6553010975654
119.62558480801437
119.76078465437436
122.243173409032
112.58051416039909
116.35713129561155
109.3247181377609
104.88808601402008
96.855554180273
100.86625240477055
96.87627164740225
113.21799341148099
106.78553796741413
109.33023608748101
106.50955659413836
104.57963687471795
108.25179701582753
122.1208578016096
115.0794454495222
110.06388859068743
107.71868984838508
110.73883279496155
90.12665938850532
92.83045513739562
94.00726421259155
117.18859163488652
116.56427489382037
104.1420046267007
96.57986247711028
112.20518931548533
88.23968896472857
92.32514813107451
77.43359838334155
89.13658350983098
107.38797009809166
105.54322825255285
87.49442835745735
105.51858832075702
92.75577867661106
105.24483735890901
102.21336754893242
108.26098398471575
108.77968030687806
117.03441580002684
113.67227874815534
110.13326823276127
114.2415604051416
111.55075510215785
108.3551819393737
115.73473838107672
117.87816025571163
111.032969995368
116.61531253594397
122.54949036169252
109.94542482575656
123.7979862897949
123.48123673537175
114.33276574019794
116.95817749672895
128.7850129230319
124.39313679151881
109.09383530688947
115.99884278757354
115.59490646139984
129.89793587043533
125.1697831882778
111.54220038463924
119.46431555344293
131.0524411475328
107.46194801372016
104.71173377177611
121.33368631245943
112.69385290009909
123.410435676365
122.88982279145615
131.44534761069207
123.05897074702966
122.85889118591994
119.22699406057589
131.07605522197815
125.72219944651843
124.01841428646037
114.8804868904363
117.05826097380574
118.14003275999109
115.67833408376954
111.44487626337225
122.29267365432705
130.30070505426744
103.02037214650854
101.99422020976121
108.65489239813887
116.82951898663583
122.7533698853638
106.10147599646412
119.83739913572147
127.52150654393262
115.94867140661246
100.17849232042045
104.9498326036433
118.83743311082007
117.03412279050421
119.63642573341107
120.42274628736186
105.87645896616907
115.50270925537902
125.78320716154215
102.58368617326012
107.5762844540381
103.34883285049422
97.89800551233078
108.04296777843977
102.74736691130555
92.0017983334151
100.0238158443029
92.74540634538283
77.02963971895065
90.29808760929404
101.2239011275826
107.27983893813787
99.02457272177305
108.77216029032374
82.98568555149251
89.11925338025013
85.26106981264269
68.68566139484015
70.62036478070229
85.42859755144815
86.7216761215584
73.83869348775761
83.98846600906786
81.95264214956805
96.33835087565629
74.70941155047466
79.16408148272512
86.12080097585748
95.41608984973591
79.88427073382402
92.13127191711428
85.49626758166886
89.71625784244175
84.33810374837645
93.06552225258926
79.92868245039338
94.88333928929268
85.76589715800483
89.32543387803476
90.75508037666027
95.92728908927879
101.19533697460228
99.6929039598852
94.81555250312239
107.06332466025482
112.93180711223347
96.98680739982497
103.65218023732577
89.13143526670993
94.28067658737714
106.63657851708385
106.66989248029832
116.4663193970795
102.30578791554079
94.26802732490926
113.35510242480453
99.02667127518251
100.6802724326476
116.87681306580942
100.154773694983
117.42040292078941
115.23487142192788
119.27821017941773
121.8722119606166
113.45400897058049
112.75256189765156
107.98298500002741
109.70136072495022
100.79760754867803
116.2044218558491
108.03378203439603
108.58641561601581
113.93832268275769
122.10296668963834
117.29222593053369
99.45183003740969
110.07930967188207
122.43744364469823
119.83520140468171
123.52972048278986
121.88882238423257
114.78594818050064
102.95618848608656
99.64255163780086
114.86413739779113
138.39985322967766
117.80665189914477
120.37244382609734
137.34895062139407
134.9828132591155
134.59464631853524
137.5869782932852
120.48571045222839
95.8674995159621
90.90218502325934
97.31962980173351
105.63546874627872
131.330259134259
123.39071681898862
109.70303435373623
129.91067447554414
116.15485398477836
110.70142169236887
113.1319278246498
119.12849328164491
124.94394191380731
123.22530658317638
117.7298893275957
120.12676697985046
120.33145807714432
118.46962227669482
117.13589095128152
126.24991726269617
110.51247881529555
121.5513475859138
124.18781803701982
126.86659452131532
119.07349127014565
134.25700723795487
134.66370529426342
125.75421721108138
131.22914807867346
109.19682187397493
131.14259579949615
131.7084631256126
118.44593653239275
130.38224091398806
134.30438227357814
144.4891453701715
145.839237356785
135.1786201248883
134.34797916190627
127.99359252453343
124.3218319891644
122.82495664572555
123.29971980841376
111.25305333092248
127.72782828257371
118.6388963729695
120.05894015246375
102.7152496939477
122.26468480053713
125.2665504023284
113.73891137511363
113.15117174270311
121.7018811546419
118.84094858110277
131.04930193490205
120.14906237346604
109.07261539591707
113.36987815552983
107.92157945781474
122.49636017390904
103.74613698540283
81.90602812663654
124.58730663827754
108.32641643273878
113.1063164087648
102.12788438225994
124.04150447279315
102.48414980980073
119.56446494116685
100.3255597759734
104.70677354167147
103.39063644226393
86.6426220062805
106.65504947557206
111.15331879436428
96.36629553471279
100.39640260859579
102.03151051794214
73.92988487382107
91.45491786937754
83.15518855049429
72.38136427010936
87.88824840385155
85.10447240587817
94.7154359237378
105.94049175074966
117.68389060542715
119.1040150074035
115.84266771680093
112.31299748484695
121.88717638849927
107.3916841383599
100.31123034147912
121.60024684335218
110.97441873424253
115.58194618330533
100.91831030710622
98.49459211844629
119.864628461829
102.0885774036293
77.34827797250088
84.32303541166355
95.72976968234728
109.89234586152179
89.46045827743762
114.40405191420739
98.09883864400206
108.05785532665203
122.23643048238866
109.9356852126835
120.44068674384779
120.97538959923264
109.7540805301225
89.29633624509319
116.49175626955957
101.39434552915196
97.25769343101845
115.51567296210524
111.33867971795627
100.07323923696363
74.85518841185213
105.39679770403549
93.03672578758317
105.11964755599217
94.35856045847103
117.56499705005287
113.20851017669382
99.18387936801315
82.72485066250022
95.232044468476
81.50704611436831
88.17610388245157
93.45135753442312
97.08452689295235
90.15104902917867
94.3004641398816
95.01288928054672
107.19727286844936
97.75541092427932
98.01143145883196
96.80635828345916
108.7022142153004
97.24513613651857
93.87970329269857
108.61713020049774
102.30049166940424
81.40483525287293
88.6581468660885
83.98383507433986
103.51058730249383
88.3540441884281
100.35288231359965
92.80512178765093
90.5185583552593
90.48884960055085
100.7904870059937
120.51547363773334
80.1585421899982
91.57806708695247
82.54931432188452
98.38940252915994
95.0729567174826
96.76535067951622
99.082236567543
102.33451407677333
111.77768836683975
84.66684092187535
100.05542961880612
108.65406163026752
113.06789482496605
89.07106021054858
108.16882925886559
63.036294635257676
100.9247244868005
114.05070636004697
89.86566907616606
102.29093756031355
93.40933568985531
111.56188198846499
89.98022238386558
109.95573856516238
109.63625893698497
103.25767256729462
81.04059706388414
96.72032016489455
67.33693216683082
85.68256124681939
84.16423088825829
63.300324217181036
91.88015269976444
85.81351451800265
86.35428118794749
85.91929636898327
85.06757038897503
64.4272957604912
71.18352277502802
91.50733525526
66.63207198312236
103.75241702836514
81.09877215534725
94.64873126193162
72.16015153412508
73.63929481407541
85.62028024831267
90.20578070529129
80.23894518199685
76.02736718925237
77.3226611560141
84.70891220494273
68.79743647920337
100.08723075810235
71.44742737911464
98.91996669576926
93.47625927291347
84.06710766634302
69.62338784162989
85.70083985179588
86.41618394344974
78.67058082403767
79.84600505122873
81.355305518627
83.55293424896841
95.26915685864772
80.65769539668788
78.99631496431903
80.6551666072329
53.75353819467195
85.76291284498
101.92795125304895
75.87414763319461
78.51612209623957
58.02759297229038
87.23466384312393
89.77816426771292
64.25097440195539
77.90678284123643
57.57625199660221
58.174605013049856
74.05433518554717
69.5876781769414
64.6014165304997
80.39927979869229
87.17925677842996
63.02465159053734
72.30433903928899
69.34160020725771
89.44235472733554
65.82219169027374
106.2743894337851
83.43928694588215
92.90393442140542
69.0874229771154
85.2418910529771
62.56274826065237
77.75044304154439
88.16312069757379
79.36634759218994
67.67883608415788
91.37960396433304
79.71663810448757
67.98215316929986
79.62071249587622
90.90184242396046
83.18866371454797
61.06193596012148
102.64285863249474
67.57748217070991
48.75082678386655
87.65149885959394
82.6933880546637
70.38656649384798
74.67743263661345
60.94432022697605
56.67267294660781
78.30120147955677
75.60179915221144
60.711311425263304
75.92629765018243
84.7347264081785
77.09313984304593
78.63849637941294
71.30570240999663
79.60021736613274
90.9562505714827
87.98554967380156
74.75696796264725
85.48357773568834
76.91974240966604
101.63776363048393
78.08002899510514
62.31313166115813
78.42874058949934
81.32945056600569
81.21536910383301
70.61269924789576
57.020231154455054
67.81835715660503
74.40725785339251
82.62469243730332
69.23278627172573
67.2675049379187
46.31360192483561
67.88170409400134
84.81800275143603
70.98732983641135
76.72160795116089
76.50506859908019
55.891755024764926
89.63526615601857
68.65408543330048
81.36338884420671
75.15000514704991
87.02393880877104
105.2048142570934
69.35300973927363
74.97044969698837
84.27360277793085
66.97685042932044
104.93272152885984
105.70567362199874
78.29011706181278
102.31587514383976
75.37956389249506
93.2359054651371
89.0868523593966
81.76439427722516
58.94626356814412
99.87255658673129
77.53098174003581
65.09224391665546
81.71647856333509
79.66411494350194
73.21137056175388
77.61462593264815
88.82290506003393
73.28266095470144
64.88847242226106
49.204340562499766
88.88393939696402
63.38736791550428
108.09328142943417
90.06498628643271
68.63652446001203
79.62741447181219
97.68872421266477
81.16594015402086
87.57187151685291
97.46896051351347
93.41029140797465
90.65250583131261
77.66111737873558
64.88967422957843
78.08492189646863
85.85488454749922
68.35082156752304
73.58411947097605
88.86348355337755
81.32034098518838
96.5563431851322
90.51676140361405
79.64346457376854
69.18869703250208
67.40944072526102
73.73534669204948
83.25347918531318
85.83201885341825
94.40510779789858
78.83963118450264
78.50706606279864
69.54268480027312
81.58993139246738
53.01800978237027
81.77865189475183
76.6235615822037
86.5472449067893
88.88328650918449
71.12930226696403
83.17539089908944
76.6977489269542
84.1613697800473
80.05618614128332
80.4390741328235
64.53482918112208
70.6321869376733
60.02400405634923
81.04469418369008
65.0888638737837
87.43453597753002
69.42245224238677
86.20293869038422
60.33620120459251
77.99339183022968
66.19778276717
73.02991776933666
85.88386314838479
78.83020266065442
87.68588066799452
88.72632813094697
72.091333539349
54.70624064890432
88.30432217857604
89.09126108792331
96.53430051710892
77.1095881300744
84.4925590243746
63.86223789968488
73.83957066180986
69.45562111930724
96.96683366397535
88.49163986065902
70.51872849694892
86.38640380452239
86.535489822126
72.79791770736674
66.98872517757225
87.96393230975471
81.32415288740586
61.01604531248026
89.307427256022
86.11328395210082
86.07551634494186
69.99124813002064
62.40026204251105
72.72063522796087
78.03996912807418
81.97338624445729
81.73299779974299
72.56827516239461
82.92300748412487
82.97585164370291
67.24591754179704
79.84150131164958
98.11264138190958
59.345620256370516
85.52286455479344
76.69165650204971
65.7230464846022
97.71313444077687
83.90744408331595
74.02691714535935
79.49630059560411
78.27673263171195
90.00194307954229
81.35780007162558
99.36319221962138
62.80767107996765
97.69280661951153
83.39727897040476
79.4918055672755
91.99687941436106
64.12476416297098
104.0298134018869
94.55755197511631
74.76927356667771
98.7576398082453
106.426668525887
95.62927682600407
76.94645100773135
108.86103068418404
80.31551712215403
69.17354511287685
82.40527984620188
96.88874698088505
92.64985103002067
110.14899209621687
100.62110971870841
102.76165076726738
76.80189270849507
62.720908851427964
86.03944707236431
101.23952925131094
100.38873884709297
97.00865933337461
90.07122905303723
82.98448403808248
97.82852017584953
94.49918290573515
92.90459411834772
96.71923576089821
95.53815622021033
102.24624363824975
78.50610103916446
84.49467736373389
83.85133926339876
74.85699759509083
77.58499883888359
82.27995099128454
91.83872119843404
94.33980229328172
67.73438409332077
71.92355686227279
77.0050814195684
117.01732246416829
66.14648239208863
87.1786846004002
75.26277507020087
86.71002559783058
88.20873064872312
74.04214361652859
96.3809493003437
83.36941605477332
86.01805805175086
80.2137311221699
90.78546688065984
80.27587196341331
88.73214289045255
86.96226508487149
110.45396873840588
81.30901118540179
114.46496528663634
96.01620136028177
91.93690213311383
66.73892692949832
97.7321054803149
79.75987775664332
107.5760018473139
88.88002858427978
89.28091959101873
90.35471677845025
89.94664407814433
111.41099388615879
95.70432418074799
87.55834499874375
93.74084297727536
58.369577890332216
86.4439701365146
76.94364754210696
110.95004340708131
82.38338253344004
82.05482677588418
91.56609861639443
129.00812368863515
93.3033042672049
90.27540672438795
86.80383247515485
89.05981849865418
91.62417508940035
93.92620919451643
92.37338852768147
94.58355478740462
86.97452977157576
70.21763934863233
99.36561226805482
109.37116984787663
100.2390212312735
88.85122105215164
87.50320511881178
99.04553986427379
101.54588248993379
85.99075824521366
114.49598868246878
97.22865858553895
82.36362956192555
108.6319731206988
94.40900816707716
104.86182965750423
75.75762187920056
77.94090274610987
116.94307618525711
85.67771066897838
91.01983849265912
94.44184396879396
98.53248119534875
85.33118703432295
97.23870982664745
102.48810612419454
86.5603789588225
97.09008190974808
112.10749843938646
110.81273049487113
78.0963098037125
87.80376374664522
81.5616166627153
85.40109008702228
103.39618777462904
105.40578003751533
103.6038611767223
107.45296370842846
124.5057845220169
128.7562842031234
83.94414949216652
101.65940899740845
83.18818006613971
103.505248521055
75.01108076801977
99.45932851615746
87.74417645957945
85.79299293208497
97.31529233718366
69.15430455257726
86.6111384694222
62.38720331712997
86.99688532751259
77.68654113187857
72.74745767386662
55.62818027235213
71.18440597314587
102.81209195436854
87.48990569556543
101.16560018830386
55.45311453162577
101.92084856459743
73.9579218200572
78.27417154283869
64.52704881237256
85.79088453339894
68.52855248670366
57.92398380540956
71.06099904525708
56.38292679655276
62.8579241894584
75.6498751049489
49.549803212588316
63.884436966027536
72.41247560347576
79.99095649534186
60.86065293361368
63.686155010053106
79.13159569747842
81.19699142448916
76.4984774206464
78.06408809285831
62.65021152265088
63.22416997911158
60.32070779796243
68.55358674207878
72.98019151392356
73.13777496296119
63.314999730868344
88.09100174694139
83.91577771394046
86.07738256371782
94.03434258448286
92.76727580629017
87.72491888439431
79.18066831595202
84.86063839772176
76.78278693237914
79.23267442015239
77.27160080870283
105.34756265469994
85.39650531033489
76.85549449812315
74.44760674758574
95.55250409373923
77.68493050384932
61.123734771303845
101.48841405136014
68.43824986489312
91.84533252045827
96.7605346279083
60.918298478908675
89.16941027121209
84.21046988226053
67.57634517940517
51.738653782323674
71.48384613503879
67.1848447316807
73.00823058148042
62.366896757337315
60.2597973590099
35.2460840459305
74.39620488076122
65.69508480482588
70.3377238405123
78.03078729144082
69.71698169697238
64.44227024771813
80.15507621380677
51.57730101755829
87.54255876400617
61.77380568368007
55.26849080780647
62.43044337056015
85.41188714903865
62.98954974205509
69.43642109881824
62.432059549075035
59.84319362463215
54.27157220891648
59.30138007267015
67.78717095141103
58.577726711345996
61.029630906690656
56.49702171288347
78.49045874266052
68.57766367777114
69.05547099299918
60.105509236600085
42.868709101177004
57.89941804315812
50.180402366054416
67.61446186599241
59.84903994923272
58.96778599588739
57.22221207854344
47.75554764650604
65.82564634551902
58.960723573953636
60.27727236493168
64.2301735037174
74.61228454574055
58.09340450882515
57.981835249604224
54.01017048393061
44.615618876878486
63.78893335866572
66.32623215744371
68.59979061279118
56.297233447497334
68.25351560641856
63.0507285982855
65.96830109819219
80.05042198719032
96.84808198181035
66.33942728656814
88.07384990759009
84.63226391299875
83.67738294255899
79.25610487285218
87.29455593560128
101.41605474651152
79.36181453040594
90.94911570707559
74.10897257069257
55.00508725820062
51.737442776701116
66.77623685258372
85.05154999843953
64.4297244645971
73.16539465664246
73.47765141180844
65.71663058037774
66.69490847859308
86.8798134594171
90.24668230311411
69.98464463422376
68.22357747785242
75.41107462667178
78.26690246153426
85.46883356105238
80.80581168204439
78.98883661838083
79.40663225633962
73.62230803428085
71.41957441186283
66.14825467565755
99.31430697356801
56.154304800409726
73.6526458085142
64.40098876846493
64.65869421673997
76.12300275992575
57.928779709427474
62.082458339786555
60.485192405732114
67.59863601518522
51.38425993589135
35.608048138753944
46.15623145609645
30.70984820624784
54.8668412541857
74.11724416087776
58.04572005219444
67.22967653985671
66.35979854863743
62.56578997972039
61.225367867059504
55.2801298782075
60.12151744881603
61.68377309208578
62.231597281544765
57.62874835890814
64.08643797568485
52.52402277089044
61.82753093442991
54.81438492062534
44.496695363426184
44.09142446708082
36.602154482921
55.158644467134856
30.03163438276009
33.42686226824772
31.12878857984833
27.880718475878187
37.83444032319114
38.95882624091764
48.590795900981114
44.437278826582315
32.43691352355271
35.77704072934962
57.99331366169008
36.035605509241236
45.05001513597735
33.77934806051321
48.200535807251796
42.04936271236665
45.86157060493362
44.59104239051148
26.804811140889576
11.07457923554608
20.831065536736283
4.297058710188715
30.675966365767184
12.709325315484598
7.592841373698882
35.70620055980166
17.632169566365253
34.32794575419772
19.32132609914534
35.02907755323476
28.92523311424944
28.65921011658513
31.274611912525877
42.809507918585325
32.52992663086937
31.321631270537946
27.83651178523902
26.894275021593504
26.229487974651626
22.04881997660663
31.919186615065698
34.66115591653521
29.688798400890875
29.204298261497716
18.09637834414179
37.565157626610755
29.65430310950592
32.43366427445559
21.91231904926763
29.99976021698012
44.02125904475851
29.404229386425428
28.238355964774428
24.342943038094468
15.951669393319088
14.500729844925562
16.55415460165889
19.59578515278682
30.109668736340005
21.7434173009517
20.02412723778676
26.097088611329355
24.37202770826221
19.92975544236869
21.802338362434185
31.811680720852085
30.910991718348274
21.028603376881208
22.214165945980213
18.27509003032106
11.385957988538868
26.047987794644147
27.739707579639656
36.78105933834487
40.47152199462124
35.15968756198724
43.19955143652086
23.176937224346958
38.671280844777165
49.08249017165852
39.59381246506486
39.884698123179554
32.50385144992744
35.82999872862422
38.99942937821745
38.52767952959358
30.61442521612733
22.600548196516545
28.090150122753204
23.75336579518988
22.275821867403888
29.703063755139688
37.93519427225837
35.218920642786415
25.481744626528318
40.25912047085022
33.665325960572204
34.80647899906817
42.845751621352186
27.075877637341094
13.710127393968701
10.9957034844061
21.66450476282037
12.484139853712847
25.163226989164528
17.78774618400593
6.747502063556313
23.81958837076821
40.84422725977188
29.32120390050353
21.717777110078018
18.197484216140204
28.856219090303927
19.982850645491283
24.754262962212128
33.50123636508252
21.83219177262753
41.32949707622735
24.885777184463976
38.9603286914756
19.876346695922837
33.53911119710807
13.564930255275764
20.146904014416684
16.889769904943932
11.770764754879622
19.75313851135153
17.22355421900164
30.18744087290716
10.476179798842818
3.773242852719087
14.629440922171604
6.171726601704999
9.181657982133562
29.560140740769313
24.09929722554848
35.0573215288415
26.685835288886036
27.845097191032544
37.18353084042465
49.21700802092281
44.05076192254653
36.6294507480541
36.25007254855496
31.94191379027677
25.45432154733502
12.151738667849765
18.392878316036462
28.904715008276934
32.60695778042731
41.55995128046332
48.105695217353976
33.5735316997828
41.78355027208292
41.77456658856186
46.489810575499035
42.49114238150942
41.53467424965007
45.12157289495143
47.458236823827704
59.68517499340018
56.764331349438876
40.4624390420707
48.920301347915235
49.694105129673304
51.00296527177515
44.31939583457823
46.741492941965966
37.92297030809415
38.38880751597421
25.65866353462522
37.88020097984764
39.49211191969022
32.22770883559414
23.486169657490926
37.02607887437638
32.94478435342714
36.829627389593654
30.744474214517737
29.076953973890927
20.270369915269082
17.694679806901103
41.65423315226517
28.3148609275059
37.87632149394852
24.364589666443614
17.09170181761963
27.509885633695017
16.636410105042707
21.438824743098728
23.436990738768984
22.837366725291847
22.80701456453953
25.14802686268854
31.73348448482551
20.037155495225715
37.21418600861179
26.285678431460628
26.292203688670064
34.828692175531735
32.72248912077424
26.725546687274804
24.308401612787783
8.3199287721746
20.37387826706761
21.952721868653526
25.64722152588586
11.565707583880624
36.09473210848654
42.58854471234814
43.742230998947306
56.09432828978035
55.67298906255878
53.151436356394
42.85989387462804
26.456641943022035
31.8244191707882
36.80299222562055
37.75648248198892
27.71603221468868
28.627673589536773
25.374878832924495
29.097050230367188
25.131062353004374
20.695114612591134
20.863877375123828
12.27404044603556
36.32982589396345
27.00054621651273
22.88679447757015
31.247865878510783
33.87401878751636
31.973283313059085
21.023989800070943
25.120327970457822
25.199729925052836
9.090284950441935
28.589152693330114
28.47313344353041
31.371698472372994
24.400060168773315
15.433535370719472
36.915441337795194
26.85059983820513
29.87854950133991
34.23177511939468
39.5094408532547
48.13344813641119
20.298517862831012
25.186017090995055
15.779504387401253
16.020903841239072
10.91919499832386
25.90998670149671
18.746160970398332
9.11010506064893
24.045163133643022
27.290141053928046
28.318675803280282
22.06429239994413
22.29990568971142
12.753841120393611
6.219553902152924
22.742871714282064
12.374915148785552
19.080914558957378
19.069543486534336
20.847911766733095
12.79519859065974
14.931598366742534
12.593231026286432
11.520451817646267
16.97621962026644
14.361553289158428
6.233068144204262
26.05365257701856
24.899988039353282
24.237171392523663
24.60664641009213
33.77006100405826
33.929012963263744
30.366449789557162
15.406497882610873
21.91814309379242
26.26946489530708
27.390396577562697
12.19322061547734
14.925099750561742
18.76937010474422
18.88487989126427
15.394232394732786
30.030035183207588
25.211716109339847
30.209990094237565
24.270336919367157
29.790517294161774
37.93562178021973
26.786064162333876
34.11302882132875
25.77790524640941
34.37219667552215
25.177955923882564
33.875586722350086
37.68215412647175
27.55258254753702
31.51502093826295
39.13265542320785
43.50453047433129
42.353578651246146
37.4155432569905
50.326977988327975
53.93727360174911
61.115668894005836
58.40165506178055
52.41169059036719
46.07308766637928
56.82421851402101
64.29417910680749
54.082076885778314
61.44649868004707
42.04017207945538
76.75664736948718
59.498538604997165
82.63874121834884
65.2788836256081
60.77316083359508
54.44658556403048
54.83593378662101
50.31983803633504
54.072265709265494
45.2809223805268
41.103950123220805
47.792846753193444
42.12042817589453
44.11376994377425
54.86499085509989
51.22716970616371
56.196940318480316
61.3820007951481
49.710495042895296
36.85317835509308
46.613240989259964
71.78535655435267
42.3476153134752
40.54187827835747
40.64517573332913
44.51717620268187
52.66995778766914
52.42134662217326
43.3582013250577
48.226103968958085
59.744402162472916
46.876488236694854
53.744164209555024
48.7862186206622
45.85244340311839
34.4412913844528
46.946372537638894
36.79542767708657
39.467160636199345
30.321169720433463
32.204234119661436
38.469232983636445
24.673124142727517
29.40020682256516
31.358445746395006
27.22954531675141
17.70994299003815
37.71377237572652
29.444558660177027
23.721593323902347
47.046751669410824
43.489685617714294
32.79834036137528
16.017612038909014
39.60555570847718
32.178258039624886
44.51611411497273
36.74441711757513
47.13343222736015
38.14748452346925
35.70910357556548
26.62269928361109
33.64092172454187
25.135751110095136
28.24589219371382
36.15313433436671
40.97650096670316
23.6064352780912
35.463520385930984
28.85693076214342
46.228530231483326
19.954405629851113
33.27301542475285
35.30048936480802
34.97152316660353
34.39061461488287
10.846437028863289
35.9849776242479
29.33627528580343
11.164817596137938
17.802580547129956
17.349863300443175
24.6452555578633
26.099831824911565
15.719718887193638
15.938360005890011
23.67323327095983
26.275981949951767
35.37842531702464
28.25247561596409
34.473766813115276
28.96621099804635
32.32958442460793
35.388648925184285
29.583605354763264
32.52165478039854
21.548956540229554
38.91049171456834
28.194444585143682
28.51037405170147
7.670405621838198
38.074217071332505
23.654413726980028
33.314220005049805
36.337039674686714
32.82080516085486
36.54517680621009
26.711690170679404
24.08496949178158
6.38081287417772
30.306427109983296
39.2244241643648
32.992469846860146
39.747062014776006
40.6302760105192
45.48674454518775
25.930653624021083
39.32677247422812
28.741972528966365
31.34182186693028
32.27122637133045
49.78292224095862
40.38039726082523
44.530133509005225
41.67494492909877
34.7138454262413
29.887160977574293
43.66949225360635
25.485284057376237
26.27316680626481
42.275964106356724
44.37505278886854
27.64105530434717
49.23656750350701
42.97303220928712
42.582125315376146
57.54854385680685
35.76393759048237
57.360327933629684
40.10264809977581
50.99377422361693
36.97861871830454
64.3067107609587
46.672126421435564
55.39265592099853
60.93906902632008
54.166084671114945
69.4020979691552
48.775565545061326
40.586260473517655
55.93397399602422
61.47560682903493
42.55889414628717
62.86253359718566
47.23111570769371
56.16015725113796
89.19960394602772
74.49316921905127
77.65533809385518
61.97930170791167
87.45560991476145
65.36609639112014
60.16006327610111
43.36255743297447
34.874571470281765
68.86255832145535
66.98796963452844
85.45936987418492
57.91379821089506
47.726432825848654
62.48409564375412
57.17108082465598
63.67309944844053
58.3189847688874
57.05469327317497
52.58362899061786
39.683985311631076
45.30615347414073
54.523385241195626
47.60187505394407
61.49063100700679
65.07786516124484
67.24210907791479
38.91039963585756
58.183479905217546
56.43636140025894
52.48707675804822
40.543406869783304
52.67144961989859
66.6762562730983
69.95746955223136
45.08289922255185
63.022714577491485
70.45576589777232
74.81673052598795
64.22347222273216
61.06329707198077
59.35371823295548
54.679274432821295
32.67149364944111
52.15181337830448
77.79938037227969
57.64032751395455
53.1616338634394
60.842960531968465
63.3914252450302
61.859077565142265
64.34175419644502
64.50997544930341
71.99084492596698
58.84053070958081
67.49334783869523
56.87514011302056
84.21267199914675
63.660664349797386
67.1992009386543
66.18365653122814
46.37057226223262
63.517721346648415
69.4906225644778
40.04094332028782
60.668509756815766
60.25703289140379
56.95421755000666
63.365781952765296
84.79661255856792
59.86921875041588
51.520254920583874
42.16858668185632
47.65237494222046
57.39845843701369
69.25515682239622
49.309179888388094
49.48142696517651
41.384749771710496
56.64799452357405
50.07947371284764
52.226126625950734
51.26643750371017
61.87250128911971
61.19735605550755
40.8848667480067
57.692201227466356
51.1827651975719
48.606252314453535
49.57226490055285
43.10404344998716
21.147312913498364
48.68139326193234
40.3744457312485
47.395076955013806
42.682425781667
47.96360527144153
50.273498729091095
62.075399529363686
37.42515579708191
23.821233526425864
56.74059242579176
48.50388202789173
37.022572430593485
45.74162220944488
38.24396606370204
53.61970074524399
53.7107387351884
33.25295202936007
39.324347227516384
39.38249812762614
37.3504336636152
29.25941951486735
23.433297594697773
34.646378550381804
48.03972762088078
40.17267239613475
37.55179288095384
33.2173375925949
27.867391025933234
36.411201373157034
44.79654121213113
31.2719475557619
31.960332555254993
38.05901515794075
37.31761015491891
34.49725110822134
31.525490426303314
53.65065476078943
32.154876402447584
36.64843041134705
42.53193255040172
29.4950943210059
32.076627132746836
30.851960471576984
40.16090916556516
45.23568254916937
39.36438697828494
40.88919145861194
47.18435586539102
24.425685298904355
59.45427210101789
40.07930287638212
27.83642334051359
39.29271434667862
30.114586641023493
30.0530361966157
35.71653951770489
37.16359880843086
27.452493566448446
25.906361578125264
41.94117969296968
34.18174815884469
49.22153452914913
34.496267091935074
29.69360482104232
40.899494045428646
45.00007833658086
49.43712965588364
46.893395364106624
50.44868905090574
50.55576516578035
37.32159850919372
45.82390249865707
34.61642748079304
46.89807364920154
44.13034515763048
53.32982838694962
36.78001447407226
41.724335381066
44.84271296308723
34.551159003586555
38.81449423590436
36.39620670744991
40.521266524379755
28.832656537452078
53.94286204448337
56.03813388284363
25.90326239718397
39.81541771060943
32.479318637113884
39.861395356113356
28.16318934822722
21.041782731140792
19.213334737771135
28.969932371713455
34.90154128466475
18.778761262251482
32.863878788653686
39.45409882480436
30.811412657753692
25.276245421441107
45.487439926313165
41.02083997207989
33.45056668036014
43.69453606752796
26.295597279097507
21.64351991776852
41.471998020656244
28.3792022233994
41.120547764394445
32.98934542004757
33.468023947653066
43.06045966447988
33.00833885262937
23.63201240771296
29.5070723995588
26.70266346329297
37.71182465168168
16.731929138770116
32.05931393674224
28.776632963231627
24.13636274101606
36.63502340838378
41.65881511978913
16.542500510277584
29.52021637045466
16.25026815149138
36.26963339200808
21.421627677382396
25.164832942600313
36.30947075394874
18.561999708968298
22.833925750984513
14.972045381242493
11.568230883815493
16.309742180734922
21.34272875805215
3.7184035123416423
35.064902976896136
37.39790778575542
34.92785276371329
28.360830820742443
35.92059767533202
28.42333466471859
35.130023162285546
11.471670366561353
20.358657531294575
14.849746396782589
21.23900721711346
18.891945870674423
25.178141182800605
24.862493377368107
4.389946441266971
6.635079645067722
22.52173578394857
18.38642684965959
13.395686901365764
15.574389347555861
17.026707415814005
10.849877446573135
14.696054758559281
20.713049241192323
22.8950544601051
21.17364244576386
23.542729653199345
14.252139257448455
4.305460508588085
15.559696200547432
14.913672114391947
14.588466382757659
23.77525111762443
17.48140940240779
6.700234439574359
16.17830599617659
16.04673679108356
8.746886663617396
10.869678088479054
15.05484028191008
21.752600557822458
26.03938720939128
22.089082261680314
13.803958985344686
25.222254768868687
14.955104306895205
24.604729881149865
20.03105158909694
19.842109361335112
18.47251867094426
22.117474146992862
32.5362410313132
20.72061250807198
26.935034372570392
13.399263761529937
20.240248205708447
24.923407526909898
19.4326694058211
24.732211644046824
30.955660080689178
34.19004421448528
34.41082637885003
24.85347452357781
38.04480010328226
29.117323576642207
28.84807332197833
30.596833809600646
33.27255042628845
42.17587101769995
31.195948653292973
34.270910973794585
22.325152777040294
35.317935668205706
53.545719523146055
32.35548563673116
41.48297222911333
37.66004412738444
40.801449885072
25.069651698434416
36.386990705438116
47.92275919439826
45.17281648964102
23.327385516219312
25.57492958826376
36.36672054904101
40.67164100758564
39.18836398362452
36.02714049869531
38.28467114766675
44.00823684448517
47.718580022808034
38.886169242475304
33.75648989515342
58.42014265451729
28.233364467397273
33.6569523100687
42.14227824244977
42.05079573508908
34.464749116875886
46.23383063947105
34.42670019528947
33.976913965888805
25.508491014903377
33.59882813078364
36.98418873517908
47.98465772025377
51.40751164130123
39.06911208189646
20.42527074415614
35.530548426345426
39.91995629248437
33.21929092037914
27.663625885287097
30.49004448145512
26.161434770319435
32.98445858586486
38.38002731997085
36.15966257436777
24.20322820134183
48.9935652508685
40.427673232621316
26.26891328060202
25.087514829668805
37.90721139724612
30.73639441246755
23.349825578112338
27.800763371125072
13.8408096163216
15.844754631609678
6.303490350035515
17.534016641733942
17.18950264079362
8.754769924448013
3.8518242082608323
15.445732973447926
21.009839890703255
10.49430113690804
16.94494851885733
11.416882849746596
2.165202528450949
12.489156781692484
16.63252632297386
11.282629879567597
20.441420241511384
22.694756122404435
23.218794237793325
19.214751814466318
21.98971797554989
19.638486433999127
31.464939077745182
24.40890249379398
23.700299059593355
31.507601989591777
25.412315732518934
32.15240760609285
34.87600057386828
30.023751185914747
43.195930101925846
51.35920220925148
32.498848547268814
53.83499412630071
53.31468709236537
54.582537268688306
29.157676938855605
43.21744130500442
36.140380968518016
51.974796987632686
49.843285047377265
45.84210338675884
63.85531449186723
25.329669958431296
58.27960268976067
64.7638390728733
24.777112525255358
14.727180032150073
49.09180765907633
64.10042942876845
60.8979734510655
30.619309812659452
52.59184410715256
42.57474094696825
38.368278700663495
37.17809759828363
43.356204720148554
53.98776759401559
45.473941787849
72.48199389124507
53.22856273159167
69.85664007006525
55.704635619332805
49.22583541125009
59.66186886611448
36.534888588605035
57.62643490228358
50.23306425171434
57.531691994685445
45.96708592159354
61.384285583238594
51.98375334549912
62.78552373414283
41.1072195465041
39.93822656323332
53.0883502679319
36.76501076781544
75.18505520298082
39.434177742028204
36.65708674675339
43.41029045702657
30.6933436196842
50.33513921412707
65.4623181504457
44.79408997173128
35.57582017363967
55.26643911053715
48.0532056444797
40.40057403155145
43.6546486138836
28.376829947416372
47.582287589641524
39.462671601626354
60.37657354491597
56.67956325128903
53.027286453321096
53.52358844140636
28.48881033399571
54.28412820906621
56.87405543621343
40.40699325250739
49.20601792942059
41.73667004844801
54.58051905106855
28.956403030881408
40.90641262735083
43.17557519591882
36.78668231250087
26.769910853016977
41.41220090111829
36.59812940983857
30.234780715442323
39.07206518446743
51.61713900235375
44.2657229142433
56.88589333225847
57.84632118210287
49.619450494268456
54.22859181349161
45.4296298227884
39.99065997736592
30.407044600629014
55.61947653561133
39.65295492050077
45.55801419525463
36.07224517856433
38.66566499179367
39.58927967123894
30.305906455619457
48.412217072981264
36.25380212429151
46.664561308341874
45.82027310878177
46.01928101607053
36.49725792638739
36.308537211322125
46.10880218865784
49.6810187751438
27.042603118588403
38.20892282610724
48.689382118762
38.66702177144986
45.12388924925942
34.03403768719909
43.98674239341087
64.9305081608859
58.36052259052788
37.71736541811434
53.16127959608588
39.941664369563235
65.77197508425124
32.31748981021471
34.467440138912195
37.342220961402155
40.51245399505093
62.06477132268449
37.602636494027465
57.127393838465025
44.016926231966266
55.73848889876812
45.694329190304956
53.40784557276647
50.88608533903521
43.20466396119378
58.043447236930305
55.243957097610995
44.36479633847496
34.02609993440048
45.80225781536245
53.295897371447055
59.59924578161128
44.68375505711746
51.84237427443207
47.907815168795146
52.154328333941585
59.4461563602228
33.86932945549336
32.26162564527203
24.078743050441517
51.195998584203934
48.68792185818816
61.0392251070684
32.63596271850395
46.720796848064644
45.46719911357445
46.90582490618259
46.33389236602806
44.59002809644824
39.728066836887535
66.27701923143115
32.277398617861635
61.69874087907145
54.033681250080896
62.94314391401105
35.34415300873478
43.96924690238054
57.577414713833164
49.02982049663519
54.09212215753847
36.73011349486009
42.88891487403076
61.117112319738695
42.30597616336666
45.283799198823424
44.08601972073457
64.64000255160511
59.137493807571815
56.32899334390735
51.534725761437585
51.00058984111359
44.25894644215501
46.83989468878945
51.918635728738735
65.17282350443838
44.86210804414066
46.173660567046795
42.05347797362158
49.71010611088909
31.079470698932237
51.60339782875903
47.19739767920808
27.857517355606177
65.45700645167409
33.26290511454661
57.260717628496316
61.147323710119515
46.409597531642625
54.96546527471624
48.30337927770999
42.058157537710976
41.18153198310825
39.250969203925955
71.08496278481462
52.744166632140264
65.167027294307
44.88449488592066
46.74588007769589
44.40841708715512
75.73409124528025
57.02043695631289
45.426709349546876
24.22075910054673
58.42563322987721
35.50874075980123
65.10665602989428
52.90512153021575
42.197846479358844
42.91824622417505
40.94759880448712
45.77864496945067
24.552575613249232
34.6164303835599
50.75006357253585
41.44658291504623
42.213632111764234
48.20331973225159
47.73076389332924
30.971875238384023
55.617946637115544
50.13611255485714
62.167572762746914
53.54916321851092
81.77016721503782
50.227455964360765
45.9976078735104
50.33145980935752
56.66539558710599
58.49539747955422
55.87063415884631
73.98644922221419
59.907169538893
45.56605003982195
44.618936634338624
81.08007215499164
64.63311172114393
59.84317050955559
60.777575060789275
36.718496227606416
61.902303616623634
52.31947586005778
50.34826056358457
44.43281618281638
57.872180236128905
65.44655296021057
52.701192519130956
66.77474193950812
56.285635830969845
61.474437957376175
60.601972703135004
54.45315854837877
46.15118299088729
53.38045351040603
57.887152002978866
66.36626626262796
46.53397447155844
58.78694921053276
48.12247372856848
30.44898437252305
35.49266367772776
46.765961674477204
37.46870754970432
38.50009914448602
42.449129179802775
50.29830337092555
30.228277092097073
35.33039406804335
47.86958872602576
40.47722902065713
45.11961018488475
45.45213679569227
31.72193650796563
50.35119455021166
30.421896647466795
37.283229445859945
22.69026990710546
20.597279043106838
22.62018383875322
26.415432775333898
15.07537289784033
27.713918764055293
43.50553040711763
26.399847705767073
33.31098879765607
38.16117437558952
34.07384846990615
46.99633789870193
35.64636560708736
57.3379963649605
27.258965474037375
25.502976801114393
43.360202014234915
37.56097323974699
53.90985202925447
25.374456958947967
54.57796999757776
36.146476157660175
73.81253414467662
54.217205273314136
59.335797854648575
39.68664547577332
48.01790867317038
43.78964566192396
54.042371656094495
53.698167992879945
49.14458807100206
41.05024729063338
46.45770875004119
51.19510755497158
34.44417416104592
40.14223880417501
50.212928062980836
40.787726587894355
22.452329766563526
23.965331443605937
45.06831868014934
34.87210742531189
42.9213153019037
37.1092133190018
33.87120020913759
23.78982459346831
31.123134637262744
19.83736541751032
28.29992053164031
38.88102771471108
35.57635318075258
42.57548030771862
29.353550432727403
33.28351011274916
36.34487179834582
17.21729317467033
33.871060417019486
37.6026451670956
39.10208632555816
27.50847105475992
28.1874616383039
20.3724197174799
31.103936658979627
37.33918595705663
25.793082651825657
30.70059741951971
20.862944779224303
37.95021379544957
30.1043254716983
24.84431556491345
14.460854504332696
20.851116412839733
18.494756966742422
30.52999910855994
33.98434312973298
30.128281517904437
31.490439422128908
39.41098247838411
38.512389458859815
25.541455343094345
43.15034677413334
44.719212554223944
30.85669456685655
25.573125990103843
45.258044368760665
37.2417529201872
34.83436236654111
20.515972912460576
30.185829950540196
26.861706332493632
24.141157672118716
24.382154626018703
31.15628010835149
35.01790740998527
22.66820966599191
25.20470316176751
34.7959092524317
15.75103689711452
38.16242421946255
33.279880793696236
22.95381300881342
32.80588000047995
45.142452713208314
39.56506875899708
39.68629244643832
18.174714840056808
20.242828208367744
15.127219375140914
15.88473162884957
16.617835326535936
25.0358070478972
23.696174389257003
6.397317062160671
22.05500842795172
35.27340649695657
40.34202399295417
29.497218320772745
31.989752325076743
28.48905155516767
33.16053277493839
40.16499075737443
39.4444407732692
21.778003881711072
32.47554509678468
30.91929550680505
33.99254602310042
23.74849186497746
39.38314892613609
47.60822026170106
23.400277125770337
35.11652495594699
50.26672476176675
33.43334074706341
53.26970915683857
36.20016936557617
40.9791111334475
45.507955533838484
55.130902686129765
32.09747152803875
21.330133112110246
47.621396539275494
37.08693879229274
50.18218802307131
37.09701781428159
29.46244393167957
44.19977995284586
31.478418374251905
46.45370045560468
42.088350092513494
38.27905478443446
40.25189707075558
59.36382279280414
66.58370132358405
42.085178659547545
63.36539989139656
65.88500737192793
53.54098047723115
49.368503258352916
36.354199955763676
44.21786103187018
37.79855799895301
40.7349415850355
52.989441085897084
19.222521688111996
41.48298735073965
49.364900935998435
42.76936363535682
47.70585892662716
53.20933037295824
32.82715709629008
47.096817685126084
39.06527369600183
25.392707373544006
35.63165857328624
21.293490620668585
29.540151851743026
40.7590875964754
28.549242221783487
32.71113911354866
29.07376008864051
17.19366800634094
13.817646055703094
31.439319726972276
23.473652484833632
14.725094044434226
15.068760477662467
30.826732386879208
21.18403559322862
12.632588501391375
25.636046142961646
35.2428446385211
21.15968593413759
22.81347544055054
17.999481990497117
15.708164558552065
25.73955006212571
34.64746157110049
26.60980100782228
6.5668681509751625
19.844385812437224
32.640921124807974
34.64773344160024
28.04467311921105
32.531365709428805
8.061323330954824
29.252590897188327
24.84303066129297
16.461462673331795
32.940528178717976
9.732172655204616
38.44599139794105
36.19454974203214
28.151299220544082
28.03215558110301
22.4126110057554
15.518310882564126
4.535479819665578
35.08661857464487
17.591797626981645
12.403217014149371
8.810037898626934
21.351274641251667
14.05114954070283
18.95881494345302
18.885862692044455
21.82957347915701
29.346110626376227
26.502891762656144
21.01306033160642
20.105288541508305
32.51097682003251
27.49199937514109
46.727285970710504
30.868990626245402
24.48857889488344
28.943182561341875
36.44813854141226
38.35053334953726
39.708642854763156
27.66296144136713
33.260607238831994
26.66106738754702
34.763882941809165
12.793466581992236
25.91984513348334
29.04916013143592
20.50152672514228
17.712604204275838
25.107199579870333
23.633642251201216
22.53703742993862
10.011053680293788
20.243250329035234
25.360243763780538
20.206885539570127
14.445377843182364
28.756311685439126
29.550912583916354
20.088399240241664
24.105446690534812
27.966736512513492
25.489481044950704
30.595617784208653
20.199375175483095
11.96625359544381
31.943166177636897
25.29953763777903
29.823169320159185
20.082811231145534
17.36925748256304
13.002879553125602
40.18431898219839
23.99508571249907
22.547084877474365
24.20099453138218
34.19338300979777
26.188535363443144
6.6769334353085315
16.750355227113985
7.481022156610223
23.473791255525825
21.93995803307475
26.587343189051772
31.086747245996413
28.32862933418386
21.537137001459456
19.074747608488078
4.347335085024693
25.024612354393618
26.319828697784978
26.073372854799185
1.7311143057495908
24.944493432683927
6.052078275413477
25.350558325073827
20.68110538567975
6.793531667315593
22.108776045750012
35.746117783389074
29.85387653565738
28.6353834453386
31.965288384447792
37.156401781529354
19.449516303734683
35.88706233548718
35.61397503984907
27.417985169520886
22.010152797344453
18.76665001398733
11.98557940110924
42.90964344099951
45.15415608208132
30.282612288137447
45.11613122918153
27.987605254031056
26.802646923250485
28.651392693253136
30.33712524176415
23.12174582926111
8.628236766818546
3.8915565371842575
24.74128881950564
17.06288541269469
4.027331081357085
13.560134311764877
29.92457955232584
16.034973573807786
5.229244065968674
19.755000398554635
19.185756911711646
11.503284024115658
29.87166515269419
21.710855852074133
32.69211369329249
44.296912512733684
28.487157282243707
26.465561871304764
36.160443858948256
28.054048820116012
38.504230259074106
25.18005831561484
30.040053340582055
15.966828465885817
38.03410772692283
29.70129246729764
32.74329940937736
53.551589050413085
42.60145874031401
50.96578910151682
35.231494704962635
38.61372168651174
43.19309983729822
40.264975647663526
31.98113479205414
22.84191188313605
33.37360695807187
34.85541526397911
23.163561964736708
46.51976893241328
35.90669127640883
50.046774662930446
44.61096251231639
40.52749065570658
15.587622893896445
37.06573789955905
36.14948539770887
19.736524489088723
26.979471717152027
24.854105872289527
29.469163344869923
24.102671619158222
26.991282287958043
23.146156338362477
36.661066871996354
24.221286967879543
22.499388848309202
41.25269599845234
29.333287321763077
26.6460901420171
40.75831618331954
47.33024136071735
46.95885316489831
37.616031302028404
27.40962062712445
54.019236553847065
22.74006188251903
48.2515688020181
41.26792652187273
45.24548324252543
51.69287508602581
15.918860151125923
43.03723788527664
28.365996794344937
42.481223461261216
32.44948435203294
48.657245461809744
28.1670267300753
40.57691681582716
29.257248497196212
37.31806366476093
36.051493650423666
39.63405354427192
64.87210481984037
54.830182824602645
41.44866912155947
39.48984485330603
50.34189533052397
63.546600097225536
52.434324148344665
52.74699917233103
39.29201194838484
31.337836682270076
47.33058264448781
37.22981379958815
50.69505752684634
44.29820987353756
22.15683691204599
55.40440860462199
45.99333602186198
36.37890895989377
44.11929826234899
57.66080524173325
45.59448928607883
36.425129914110855
29.60036894165695
34.80763855165632
48.701620393385504
43.9884359128758
46.09447888327207
55.55658346444813
55.124223508495994
50.40861694357322
36.884860836756104
65.75990157141763
31.893469629889097
44.682400118314476
38.18597923384195
47.57203022256661
52.75611309897406
48.70735641196736
55.2067450073625
47.935836217863475
41.21407093140495
42.8751926891989
31.859387659131396
41.008344756732335
36.23940234571593
65.14937645571932
50.666655074325895
39.25245974399747
48.129251079165634
43.8200545919321
35.5163473471197
46.84015184913952
42.368576248782425
43.883286869532846
53.04718061833522
46.34180202771037
53.352444777589724
41.910541435181315
25.65251302641471
31.810252297800115
37.853402475157324
30.123724680607552
44.98444002525315
45.49679458589396
32.220623222827136
15.659929086622352
26.580616811992932
41.41816407768481
18.54714736669071
29.83911160059602
47.96087005754785
25.279654398510694
32.889528604826566
30.16079307820548
37.52157207060362
23.215932364293543
37.364826568135996
39.98041776936899
27.729077666381993
18.537112154514706
33.87373921929722
28.693055063589394
24.941688128616246
32.553155870840385
31.822761304083098
37.620637162299026
37.24558055498446
35.5661690004674
42.86815186969499
33.978106203450494
40.720003322814705
27.68927729194819
24.168293786197204
36.89363725458389
34.468532656186085
33.64582174602657
52.96101421224687
41.13327560522775
40.785907415388714
39.17307136244673
22.882676583780206
40.51021405205316
37.4829013238904
35.8875866635703
55.0057020940537
31.124555779753493
25.206172277961024
41.722834449364846
37.671259954315424
43.730860493420806
20.0925630241885
24.05773227798031
28.032722570615825
31.933663763010465
15.972605401384937
36.88280801807615
35.48383910841498
24.056982588562164
34.49103511792411
18.61181290616989
22.968155575426174
35.002174662879376
27.566764208866445
35.039323527732925
21.279847182527973
8.369547579855599
24.4537028505208
9.974932887356502
6.124488976220052
10.524635981977891
19.91960652972954
27.24292924809831
20.337900932149978
29.0800159326158
21.976572893176286
45.38147196565471
29.88319030030665
23.34091505620293
21.979000806093538
18.31086875120691
24.333698511185563
30.349731492909505
49.979587337610546
20.105832051143548
40.67970858373894
22.64860320075106
41.635358030808256
38.242982442424946
38.563055496301025
33.52368802974279
26.480330766426313
28.77733024443191
14.617056418264475
26.498583933378917
26.857353494814117
27.204732810996752
19.067625738429406
0.0
20.716334437587186
18.776119136497748
15.459794578018602
31.604821651227013
24.56089238478349
23.15779649188534
0.6989546955013424
28.354772424087738
33.13557974953632
23.795450458673745
26.37814280961095
12.736844601261293
16.86695200292367
17.4250807400589
11.762185029287071
28.207599010135628
46.67907369340363
22.677455191993072
26.061114954225513
19.611567903096788
17.80536742905753
24.721514182402252
21.210051234468867
20.61540053407247
1.6047186990950528
17.757327982152525
14.065946306765458
13.335991014851881
3.593467960353493
28.27409808171351
34.58538485497135
25.607825954536267
6.392049877854619
27.459002658865703
20.111489188373795
22.654386560120606
46.11908830697493
36.04326423237847
32.91737498184122
35.35756670490576
43.174884686446006
54.36280704767832
36.014144901617044
33.15148290625944
29.690649928351437
34.56163217421751
28.383133582398855
28.38086997057199
19.938762354846485
16.983319763458205
31.388691690474275
26.93911866139471
26.96401142434327
24.348998269536853
26.18681854298996
19.146085316505026
39.56137394399994
37.839372261049824
28.171147083300266
18.39507883760756
42.84613608518349
40.17831714793473
32.24056021654375
36.56098014284483
38.842131736096036
43.0822361509635
39.130215368814476
31.282163342079123
27.47796418009859
36.11367167145493
49.181136592801515
24.157610612337372
32.20566832046148
28.63423731949637
46.39568501701771
29.47251243084772
58.0775797931488
29.881773356358625
52.339124231039314
33.29210097125804
38.0345734090124
46.9857213009237
38.31705605918141
55.83320851763841
50.17139463575763
41.87649979445448
36.90813951905501
51.49907965102867
39.614374142217024
19.0181768250673
33.66772471527105
37.36506396957028
43.93801895560921
47.17363767498445
41.44434457393027
36.306376369417016
45.62984926418229
22.466368443845337
31.01684793969337
32.526226617508144
33.10718484922363
26.821606804281416
29.870809616973286
35.470064444285086
20.66686631784761
52.328320009735215
46.89218890268468
30.696418658962557
38.34481042860844
38.48063423950243
20.455474914560018
28.094815834689847
36.87624775224323
35.01530882695495
41.60140884646572
37.73438418047455
29.43750368337422
40.4168518353258
32.420282685225814
31.539976617464813
23.948306127434464
23.213777356928205
29.57296935088754
25.33283852604655
17.795738360517394
31.920531870395397
22.080842912755614
18.624159857516243
23.59367109676873
26.415052809452646
28.874670350813233
16.571375489394775
15.944123097101583
3.855850737784655
18.426998909310285
14.92920540630704
21.756800987565747
13.347007111349477
3.7626273422836434
15.729507855857452
13.845945587053295
10.631082395834056
4.531074948402095
12.64522553082126
13.17468876850261
8.99834439217157
15.93853359981626
6.998007412644063
33.00483828004987
27.490629667917354
37.46709658678286
26.52677386028557
32.39849294822994
37.87023257927821
23.860292739291996
25.271356258917393
17.899153734492934
21.429088114905475
11.703923351970163
19.49121568590446
20.675894212241623
21.845596484827443
27.39788251156224
15.983344878196332
11.317290876892555
7.310814530111197
25.819562957161715
16.946234330765154
15.362980894712855
19.911773448462412
22.542933814137363
19.65253397905939
12.170709060180355
11.72824167988652
20.323195705975873
18.492732823840186
17.841548640472094
8.394967707276173
20.06920186401932
10.312386398128867
27.96378288671514
3.753951968207008
28.608090082906614
11.659280040574128
30.563938634447737
33.49416438318417
33.82120574185125
23.109676127194405
31.228793236214575
40.285641066091394
30.4912100900042
44.36320651993235
44.70761732651409
37.44920778137636
48.082881314184775
42.59144181972487
39.12728039794984
63.868181783352426
33.619085263403484
31.452093338892173
46.90711271212315
40.297009390345345
37.90707349673524
20.890978162731233
21.110670749777153
31.57762537674515
49.72179813463282
20.190042834807326
24.175161794627737
27.065713146183967
20.8951497265941
25.10334735889611
35.466815273739186
33.84056845434077
49.355028576687346
42.06512861924287
35.704204031730555
39.067964049031794
24.234455453548694
42.29319566013308
39.64015011475619
35.89236002648595
27.78778417959488
32.75883392365546
37.652513813725726
23.640062939194483
17.368378521602647
46.35340983393478
29.813903367278144
43.26832028377427
26.49047788770396
37.25428067455784
19.46964301916668
35.8726992912583
15.472332959571716
34.565219073346384
24.987000356354024
23.147138711663715
30.570098475741577
27.58714209901132
32.29381901048113
30.87769408186388
26.049832791233875
20.259734207682776
35.1176782567644
24.36627419535357
17.748916025136857
19.62029233297881
28.111039313474812
20.688538583403286
27.86734140105287
17.04984240006565
13.145096795007642
3.413128939999938
34.26733804971166
32.98393371344444
26.25514054686188
21.48482681672995
28.57090144411731
19.118658563157894
19.952033806435516
11.323133056403861
17.855308106962376
21.56334820848145
4.154152314292589
23.78927729141627
16.53350125740862
21.07997496365941
14.357876554406493
7.818609402497071
38.34056978582801
31.801468746224682
21.476366139861543
15.481737094012285
25.99331750038235
28.04066901347069
30.296466245877088
19.517130878858808
26.244383246590246
18.198962758004857
16.703602371845665
20.614186097061967
17.467801380962825
15.733060979563271
7.1069294901866655
9.35107789676236
9.615672996485026
12.555623932936793
2.838962378718687
9.785816763041126
10.371295092818723
16.79534820280979
22.648425502588687
11.265550687514642
26.65654772564379
17.347336075906433
21.58948547010601
34.27692083688157
53.40186897730815
33.2772067559777
47.8595862739893
28.89334090585313
57.6092365797986
79.65260211729735
60.54429553225384
25.377530989931397
50.34797427466974
40.052624423205536
45.21770661113481
40.06179246341321
52.88440088045321
53.102358274281706
33.832157094251265
52.79142062939373
42.08413990454995
56.49541408583456
31.947244442570998
48.843618622292006
66.72653545716734
34.25515176537918
62.978624470332356
72.09335863782364
50.382492197976084
55.36558292683833
52.860640850630006
52.844306040846234
47.401736398228614
67.21295874568058
56.569702081993086
57.33291602486888
53.20368878507744
59.515018403896335
57.20573799028524
58.458415956017
63.01283513000932
60.59132653220748
44.378609311883054
56.59359131081702
39.84911978941061
61.59650390568872
66.68481005089272
68.568168560121
34.64884080297547
38.26663352778001
70.17121070699329
58.90608026269144
56.61395117653148
39.486333733708676
44.38365073453416
57.020692621589134
27.885629135522954
51.94646379994393
55.185496782586156
53.9861070286825
51.85606946097654
40.16265952237412
66.91596011518125
67.23671446472541
76.8646828802301
50.56672774490708
54.850409975116314
43.29954870236533
43.8534191155794
63.710737891534606
44.55555419760085
49.08045921714503
51.54115427014799
41.87802894111209
63.986276288760784
57.64866260091621
49.99025911626979
48.58353414177377
64.80509180924219
48.84539855449643
46.71277801041337
42.20290810092271
60.65678490903781
61.088666099178326
56.47224779615362
75.56101441434724
52.638577656260665
47.413678097624846
65.78798155741701
70.6224398535251
61.02249513054024
60.60044105173219
61.125206421365576
71.4744839539716
59.1037441583505
63.4249400700655
56.71224223758749
31.944897461629616
50.89141620774568
54.473138537576006
68.56743209376039
58.41496426177342
51.503899361120254
53.61045952436547
61.36341228966656
30.11105010908354
53.71441604708633
47.44824557670968
41.96232896305763
59.44320511236195
48.62112784737958
42.921053841287495
41.17639052971731
47.23408664697113
50.43268122852104
52.44920379089418
38.927096926830636
38.46394723355364
68.87383649820393
38.035684495987404
64.09457554590848
46.73319804506207
68.27657195901241
45.19657150498743
50.63743485878888
81.7130786337835
25.382194205162797
65.95886857278758
45.090550773272724
50.92578688058006
41.61716177595075
65.50751884685744
54.51538470942317
40.30634770217431
66.67268728173387
72.59041851351404
58.28419561594579
64.33874960293458
59.05225185056266
39.59728680526308
52.537722208844556
43.473422126193725
42.66087179689695
49.968116033287735
52.903567746642246
56.79105119989067
43.44124970263501
56.00569291201968
53.64470234563056
46.272778488820165
52.88629220382961
39.632535733965064
49.88797713615856
30.74546790512446
58.74433099087823
51.701895936263085
64.33914478181552
30.863257536792513
42.66748808591025
37.522132697830266
45.80776973475439
63.2182830563016
52.09567728823518
39.125734760944674
39.15340258532717
48.05314761790978
39.932026407652636
57.43748058722919
36.95811752165479
37.42982769169137
59.08265764173591
41.0368990404396
42.86658266882523
51.47986494934277
46.07317649023729
45.776833926298764
63.00837476864874
50.1171155196354
59.66253764981848
70.55206761569627
73.18510529491755
40.13199925578105
29.998678739211787
74.11132382466256
28.126381992962052
47.55890524315369
56.010128397800315
38.96060153306015
48.68178127602893
49.90494630395328
48.05669608256121
57.25492245393845
51.88101999844378
47.25279616938558
46.75151458623321
44.03380134536646
60.41727990334982
78.65964505862846
57.65145653091642
48.481538660900085
50.40795555109705
57.20035670908592
50.387828099350806
35.144500286769095
42.884783120265986
38.154590565425636
47.54162144984665
66.18933130681586
62.03117965189375
43.86295865911073
36.0923487013179
53.96107738653366
41.0655895500878
54.95533962147378
36.77009151380399
42.070763681002745
62.729831988630735
58.80798951721033
50.403953557665005
62.22275558138597
61.35221807474694
55.516705065638696
48.52393630196818
55.39304598482625
53.62382567005556
55.50750334872949
50.700440458671004
62.044969053406085
42.19547925043588
70.09434921463546
39.797719564273436
63.00399092040025
44.23315981984999
85.75527929697876
54.388929337147545
64.95677031654584
68.17432594923687
63.09465878209256
49.61539220996038
58.058183786834256
65.48322433653854
65.96393763570478
66.70375690520113
70.81951818651328
55.970181203005744
69.17666981426567
62.65796003871444
79.26497032949446
44.63434353604837
64.59331261217113
55.14309711525906
49.68852930225358
49.53750286274278
51.341923272905376
66.88415256889687
57.591657577446206
66.93034126335041
51.82375514407354
37.04009172926243
64.89510535564203
47.803604233376056
65.08320426199899
66.77033919209727
56.43741989778265
57.16274497524314
65.61875690847201
60.58264516058694
46.84565308044556
49.70444854652141
51.686881512362035
77.6338660404217
70.40077241964377
31.112621490363377
77.67009929066771
39.70895437861168
77.86410216878281
44.39503210762197
52.52656082950771
43.85438897281474
62.61678601750152
58.448766687533244
59.33462867565845
54.355690475262094
57.35988749769197
41.51593846288049
49.293378530607185
67.7812602817015
50.93654111222972
63.591862514987156
40.5587121296486
58.08157915219052
58.74491451857688
58.076940945863015
39.761239885297634
59.307985644225916
50.54567916729882
48.65376352303855
64.1254216701085
41.24141835653381
41.44054305642333
40.96436734775248
54.514350097442474
50.08707780242033
53.74303535430859
42.03317113854728
38.11219886276765
44.327756728350145
43.32133886754366
69.92339137116348
56.268838019905395
67.04852937885806
40.51299553705981
59.86344770708298
50.703658552554046
56.08455142266018
42.476411240612364
39.23004542995122
50.86965864749462
54.219959999041386
60.852722229347904
46.97333279988793
54.553848663204434
55.10237916197872
53.15338242127172
33.68187206724706
60.86766843089247
59.27221026383828
67.86522892648041
47.22382422333558
50.03442804252372
56.78218748422528
66.4779828909924
36.30785853918967
68.28285617906613
48.53053196346147
38.880605831657405
69.3259409658644
26.719055139719952
48.59178744908024
47.21744025946276
49.09772104553809
56.233051944257184
50.67936878282749
42.2050503330961
28.243586187927644
38.341842908161496
59.98275219029321
50.615125996838046
70.83565543765795
45.088317833131875
50.45259722183755
43.46563457497648
50.858138985087976
37.16124855303624
54.39148832337931
43.82874764082488
52.74296511530381
77.86553797289416
57.86468493410894
60.94186059735395
67.52641989190451
64.36965705422274
87.23229885185611
47.77737049480423
51.816545249763244
53.70981527488639
28.058794730702353
47.60829736720505
57.885212597836826
48.674125890776125
52.63132136462326
47.81225616519792
38.40898584188181
43.59786649760721
56.44317882018665
68.02841238546888
43.33928973429402
61.48532187161415
43.54151587998844
50.443155812027676
25.452475720639022
56.4811355520639
47.73087268385657
51.592430194145024
70.34934978522104
47.2964004129879
59.04703172979359
57.08431499063557
55.0662990014483
60.65282716517143
37.42572143057423
53.6293296448303
62.48233515424621
36.15646296598112
48.14325936401066
36.16920455052318
50.56491451417931
25.13392254840616
43.44096772281806
46.15344136969011
49.82816069532197
42.60275857982297
35.94266396931526
41.241916564838455
54.32914062676775
38.14946025947804
33.68223976322489
45.74734973431764
44.91428063264253
30.97699559810703
35.27452636178401
26.47733707739157
31.66523374476726
38.64247272963303
28.535841098540217
36.17404089571095
47.03376433204515
28.251915319908218
48.68626839436904
38.548901744719394
43.2067027444388
26.039709803545072
49.08664271217506
29.17412798256556
32.23412840515123
28.428024938059078
45.8451147207242
28.084651960288053
20.763259155930943
30.114747292715208
18.599636646404484
36.66742074763989
19.467768280606045
34.311795539933435
20.29256238677729
19.744454846797314
4.835753504100213
23.557398971139285
1.9088995819870214
26.847332467223886
36.927418703451885
11.694220602850354
46.10737111693276
29.796976863330265
26.886332346860137
36.59178069794807
40.382802140087875
19.277376022066733
35.07159177389612
38.71964621689479
31.895407567676944
40.496474653513054
36.31349879830179
30.377515943702246
39.87679019326936
43.8926958542775
31.06050764814102
44.35542483803239
37.83601207938939
25.250635127315288
22.050857860932204
33.89922308400014
30.66746200263722
39.28837273508398
32.53787520299973
31.938676972788215
30.339231546074014
43.638580820083426
31.34331486127997
45.17778963149681
28.56979270714372
45.14760681781323
54.01185385279302
36.55427887410819
39.97217476802161
40.098593509116355
39.92283372060485
40.692470276718936
62.28831974070346
37.86155958939719
36.07989888142948
57.030789440538385
47.81688471919026
35.62273999751302
34.595096330433165
45.66249009548138
25.342577374981516
34.938859535621965
24.995428314159465
28.024326732391415
30.990600490048315
32.24050873183525
42.58107397207263
22.00147930843089
40.56743833787005
24.24977927830747
30.449879427922518
47.93068935504563
43.72524722166108
36.570806750666435
40.12560561455849
42.59839866473137
44.35255430422556
25.67499727373799
27.612895418075098
39.972545386677204
47.297460553706216
50.80938635974647
40.99466855818554
33.74874396917193
36.86031536357528
52.07795042250398
30.27891771673841
45.41157184425553
41.86769016325421
44.317681340202995
38.05797087258333
44.35350726260658
36.35755356871697
34.83031723861671
52.68216615860915
36.256728590393294
40.53354508088684
40.354702050989815
43.52495166480038
42.88235757021117
30.14193123466475
57.72382438378011
31.46274645038203
73.7995983122614
43.41618543286813
29.86121866818829
49.228084757391635
55.519431153808235
60.71154410063397
51.226753140541135
53.5740803791617
47.23797048524179
42.45685790557444
43.18685678054915
49.790943972021516
56.386223577979955
56.64519722107082
48.15964318670763
58.09807468295895
49.0835271017198
45.73160361366959
51.776471391114484
32.77940312972221
56.558170577165704
55.16875513768039
57.55354187738095
56.038235296811294
47.445978936462225
67.43410417934605
46.96509064110336
70.28698242502867
48.16223493999711
39.80414087027574
70.8405444862032
33.003650125615195
85.94914501704655
68.4340395955402
72.66409646964368
55.450818171377
62.29178619573948
59.3963519225258
74.32428777157381
73.1618680940193
60.54202697289412
57.541891000945114
58.814068538066486
69.00613120205384
61.85130749384054
59.99491587341142
73.56106362752521
58.18216190262244
68.14358962355708
71.56104831763405
61.79492506692387
54.7580303004162
62.88253409040796
58.69997090183989
55.43988315280481
79.09432925917046
49.09032618243499
97.82046366972341
58.221614534959635
99.62334663384036
70.64317147482701
69.63677343260228
50.49143105098791
72.6266550676957
58.61871368572628
75.1864746411175
73.06243146798931
90.3200954967048
87.74332227832812
85.08346816994394
62.58539891066022
77.89859895986913
61.86327615648937
84.2387999752368
57.161159994326184
62.055973624469495
110.27442348037083
77.98275796036677
62.359589845021866
65.23683731617707
51.92491759829904
56.06148669243027
62.45186973653596
57.61313222232724
76.87036430646947
64.59342484593095
77.74687113923493
80.68753877212671
70.3304913492496
70.86394863367798
79.71621836998071
42.63194426425127
60.45997241510327
53.218726772670784
82.85410357651264
52.726565607017484
64.73155442326421
51.4420078029841
45.41156135473556
60.20824559878781
70.28104449403823
52.87421272909924
58.17269854857032
77.36337747458077
55.59053525965237
32.585918988092324
46.95339407699735
68.18560852673085
47.523972012555376
44.32287702749266
42.18025269636554
36.20814478801126
43.11929991446078
40.417298676077884
54.46805001654722
31.688721303331484
46.0172738716228
48.43797354098143
55.631041237085405
64.43117352899615
65.43390833939156
49.297644990308655
37.10910415716045
27.978128069384613
43.89948754444202
34.977353930328924
47.697704309476684
20.842873713698612
49.238882754066296
45.3434378694172
32.43098314313095
34.38260301109839
45.8841544796853
43.78362447948389
34.09033223095268
35.05287703498625
36.54861559128928
46.40589336329772
49.19980237093127
42.14012124663196
28.63457809586225
27.97497887312536
29.954179095055984
35.044610108229946
21.214637185873123
35.76190470578882
28.770802714212035
35.30245832698572
38.390547974645976
45.69401813195397
36.60824933733836
57.04098520259672
53.00886905715261
40.89257791698867
69.07997454500767
60.213842306185796
50.70936430509575
52.6247075108211
37.69870422789663
62.621600433775065
58.929756716576506
48.66690840049242
47.298908747788545
69.38381113107411
62.33906294261669
54.79998358881183
59.882553841261846
51.788151252550925
80.71750383398243
64.05925685692723
54.339791276105416
50.05344872635336
55.559020929298995
52.50608772772162
51.23235757048761
48.46856805916691
47.40133310727161
38.971387138885724
59.11678965966123
62.75062695239367
36.321285017006254
63.02261391883477
33.419829310747794
56.617965701476805
58.3199259923721
62.78278789024267
36.06708282632454
43.92461944363209
63.241880039885714
60.63703425161086
38.703381331047325
55.393784347602875
68.97070522772849
72.51557562339855
53.33050000835568
63.500603618460616
42.11528928768102
53.22569518860101
53.86464585098168
49.73184192057536
57.62349833747748
60.899565801623865
63.350046328162165
60.09746254934595
57.36659647335286
53.02642641764741
68.46848171532316
73.64337787042156
45.93035824180017
80.37268310558478
68.68206754148004
55.94866474051904
68.8477821423753
78.82739078331001
72.0038908530656
59.86800068986019
61.22578973926975
72.03896472055294
41.2616247821604
51.411366362316315
76.11795381035269
43.63087930290391
45.09414021218972
63.64545444042396
56.41295830167396
56.85353107018921
46.514616484960946
60.801648516738275
59.56762626085436
49.1002460482601
58.801052330150156
42.76443872629216
78.31419456985509
37.29094568834079
59.05073795484778
56.754455093258464
56.017043317321836
40.02035127500426
58.257424200966064
63.804056451443174
59.442397414613026
51.48399976416055
77.7242194937377
48.00092371871624
63.278772690804814
64.17441561954514
51.53879213554057
67.90624969020514
61.33452544583141
42.70914260272714
69.03092335207114
78.59573594792501
69.4430677588037
54.69366956509796
56.54068181018881
54.682965845845466
46.49347318494538
75.58657426856335
50.01206219500115
55.85291546557832
72.16804461159226
72.52731383238881
50.20330642609431
78.80177010594831
43.06880130308458
64.87187543660887
81.00422507792568
76.98301351989545
59.99460132649734
76.12184124349916
75.7588037913872
70.65177474196601
71.46312536073107
68.79824776742193
56.712761256230344
53.53263633597514
61.05656058486164
57.65294445055405
60.68247948934953
54.654220049939845
51.88376902820705
45.45016590612317
66.71947540032589
61.72832972316879
66.86884293214901
54.977587013824746
81.69067982355371
51.70420371699141
75.94771803893245
65.29894398875449
56.44038879075597
63.54875256181106
71.99637679390938
70.45961545547453
63.15033961462574
55.347737532316906
79.32192430281282
80.67974838740898
76.37080674551018
88.34310906131545
71.5748121976321
80.24698542445553
81.1961857643617
68.56764053564623
70.14108892152677
67.7583050054459
91.82319453912388
64.14797952144963
80.51873808156381
79.82928850438358
77.31111234568138
64.11376092782162
54.63245451421427
84.87986337577439
60.165411961211994
57.644129398546376
71.95368890181716
82.57770425966028
72.67917704739388
86.61446986982058
79.92354524281053
69.90966033305429
77.39729047916846
64.61492590974153
68.2453625453489
67.55968701619442
65.87054707401242
47.12547232254171
59.66507070130533
67.44853829570044
58.09524443666036
67.26343380814383
65.03353784331834
81.51287597353718
60.61822435670621
78.6466235858133
45.276268924551154
53.63967515224555
50.82468907234177
44.08255455959436
58.99485431133972
74.7537328959004
76.5054018067565
62.87062492295297
68.92794742178592
46.64816411350454
64.57687529082736
59.75034280029638
68.30921312498181
68.90187835412333
85.05308005076161
54.30807234617333
62.81657141579067
66.2644277205707
45.264133513459775
40.87508681408527
53.2360029824975
75.13153426927396
53.912119328456775
64.78635421812469
61.55495939648523
68.09985739635432
44.26037853240914
46.634364066671495
77.68297528683816
63.363029774542966
62.969775577550536
53.97139369511093
64.43455848287302
57.11062897399454
68.41466276488995
59.504312172033316
66.81571164587014
74.34420454910581
61.276336685074305
74.37699441068851
46.96104570235024
54.06085674459891
35.596730917675345
88.82226250204923
53.81935274704236
66.94532537719672
51.963233253677615
71.42353782507509
52.338425021497095
62.767932743833406
58.73285749445184
47.43175950992089
67.92154658672783
66.11800554415427
60.516458213307594
61.12262355712733
54.71361683913856
64.47923267167144
60.681346024842156
51.63017145337007
56.123725724636216
78.31496252641388
57.18695610874668
43.189149048766595
44.786089850249354
62.57397679366913
46.055745798080906
39.02166272802583
60.82118699762492
57.04421435196428
69.36199409624346
59.47404697822216
48.53881035191691
54.95631704484664
54.7373678066483
53.720777912388094
54.528907728512046
63.164576494972394
59.78561033130454
65.51285659522108
76.49632880795451
55.94682008215442
64.66083022747493
58.32910841400439
60.51579814216824
71.63930559268866
55.48079250506275
83.84535406706323
48.06201784474245
59.68322471328153
62.527004406182265
66.59712337956877
38.8311809996077
50.19165416775612
47.45698229179273
40.54135633614159
60.31481376139987
70.47208860279761
46.393584457579536
52.21240269306948
48.22054477611694
49.900169837772324
51.73708377286888
51.42750178496848
54.870796438484604
32.453050847964235
44.23257857714179
45.197383787175866
46.12382724075238
41.50518334696245
36.10450669357091
54.729798005823966
48.918888912837616
84.54346211922552
43.15773727556864
57.67715172172858
59.31000393880684
69.48706181611429
59.10021307120089
71.22629664888287
67.42901656601832
65.01360999868481
54.136607550648336
64.58201619563859
70.00372280748951
68.33633599275193
77.2893882806785
67.46686553294303
69.93512814040275
60.047760671494515
44.91519161078791
70.53635051092958
65.62852769312614
68.8871214642464
61.75097383086208
49.005582965717714
59.42200632725928
76.56702346190032
68.9816912618986
58.95227442848426
64.9442796131238
90.92779093896424
48.91962265092724
66.81435198259449
72.89657878668869
69.15696695203539
73.56538343020677
71.02614997438528
46.77283429419308
66.40286286766869
101.92591243788563
78.74730741801726
83.82947933982385
67.25046242311076
71.23323115295781
88.28755055626104
58.41979145403064
64.02254737473592
68.52635234439762
54.03266822563369
63.67324193410586
69.32833511333327
52.64169759137199
54.01054872727764
42.88158100471648
60.726401274691334
69.97349468607598
68.24463689225749
48.59706579720946
49.938388761307806
97.63949725533097
69.01522799553494
65.61342385063277
41.372598488339264
72.25146765993446
64.0098872588759
58.7949455502545
45.62721835048703
24.833258243360525
39.49708333203204
42.26076386162173
28.995238091602488
47.633442953413336
37.96376109786501
41.98167124044249
28.19698168072826
49.08530638498462
41.71902218517396
37.90181436064929
46.1372996409448
56.80464195628061
44.112316423397715
49.203664569377814
52.957800439913896
56.647637164264225
52.70286789223834
55.85392659151309
49.44018647474761
52.53478419637155
75.65592184970684
25.38793728143877
42.42731042742117
43.071739976192305
41.94413049676739
22.21302089679353
45.59439781505531
31.720134821602787
27.791654186702992
48.87565828532534
39.8421393796602
38.20118871470667
18.558100928201757
32.36307227585726
51.0193992742913
50.366682735788615
51.078097698545726
37.53373359726711
59.64040699278574
53.546198731969355
57.061305759374264
65.54691684907047
54.641895607262164
38.391812875203236
35.509141344184066
67.48777185636871
60.500742824315346
44.38165119109739
53.09125037182942
51.35658001348193
32.36689722635546
52.04636899156922
54.089589108364564
43.29700221459117
41.00510543380635
37.71356310551791
44.73378462174185
34.56182518691339
38.21287885977125
49.046880504952206
56.87174303998888
55.6884113922914
47.6472146288678
38.30989777759675
48.38083351334069
72.837782554793
48.30308678466768
65.65306607405138
48.67940857755773
59.08385242931714
62.49056353237658
36.336652612832104
50.84532976592723
53.966079750628055
34.111449624655194
54.35170619245694
56.431544768350584
40.48986268298465
70.36801242529363
35.336985992043005
51.07127390151629
47.18964974906358
44.14855842766898
38.47222091342524
59.91740223699841
36.26379912832525
49.27243526661823
51.98013394223703
55.155144942108116
38.344128943259065
42.15335631632226
34.28345225392992
26.379439398797004
45.414363835578605
37.39060286328029
45.520031307524114
58.779682567557124
49.09272291876
46.57553495020004
43.97825035782244
46.48480941634722
59.87999880141075
30.543903988490346
63.18468730929827
28.454898066291314
47.709726842507216
44.11727358622031
35.84280977740355
37.644208124805196
39.54361974296887
42.53821923572787
49.74883571348011
38.54964676126783
27.6786673575333
54.42883321581988
50.03795330773069
57.28976049505845
41.41102632519838
33.01618910508472
60.87110534591421
35.34956555043753
43.603338050593266
32.54924763473831
32.26600032616231
50.13381308333693
45.946250376522954
55.79258203228195
49.63015416293761
66.46103628549369
49.862896327053456
61.563940055399755
50.24894916463114
53.20531520035952
47.527495899619964
55.93209324776703
70.43528183813
59.97458734978458
58.80217035509297
38.82185071464946
45.7934857825739
42.51093341504446
45.521209492958405
38.09255301163644
32.01419760413158
29.74888720943582
28.886405565183168
37.41152118356834
39.032171521395185
30.93657721381526
49.71798316244606
43.64689276360704
37.920191412364396
44.62969645435514
47.89130734137655
45.2187255713091
32.31757712102887
39.6341108800057
29.795197546067747
56.671564529939026
51.376973838807935
55.986641812102654
37.86811273963132
52.96922814913978
40.01210191866119
36.27484009884789
34.099701522570385
32.89381867313761
34.19071010763427
48.397808203620805
40.26294602130088
53.895913580438766
52.34114015459702
33.43602292090822
36.44869335743594
42.654080817531614
30.8047595219497
37.907172930642176
30.912831960867774
32.705143764276144
45.23432043774428
43.9147575859992
39.74887696668576
31.341182304889706
47.877146426545686
48.19839516750082
30.445028155337518
27.466487584764664
23.8391952656034
25.70549515506504
37.55974683723026
24.119003077208653
41.380965884056266
30.203508717925462
47.682358797906176
22.707654927983775
34.29784332282221
22.62072087787209
29.927294848119622
38.08530875941968
30.919418906970364
30.972131861069776
54.684058321272154
35.334431659335294
47.51542213557834
44.30598076230463
38.7418833534616
37.55121865945331
45.05915247108511
50.837658375608655
53.05512180329892
42.67853782944857
47.693307264830715
57.01005906254825
50.101348232235615
49.7765961453567
47.707172095349755
37.61867978052264
54.80261849160448
49.92779095824888
51.08754782782143
59.957406175686714
51.01532905685582
76.227093772768
64.65119282406987
45.150384744362896
76.07750356376877
79.28323533733483
50.17996008384075
55.507608349626054
73.10296818209507
56.60504684850507
59.69088353433921
68.11618498662234
57.11473234677614
64.46022214057865
91.48533681314436
65.97309260528368
72.14840208910732
61.67867744119045
93.88210759171382
70.57662577725246
85.65848960410844
83.69217567336437
69.06086594298783
96.12284913754883
70.49540815350349
85.0875791281612
84.46222396503977
82.73315253635194
70.22860183585038
62.01401230543181
65.40266822198016
83.30315109678487
63.42281761854809
60.55302732319493
81.03209575946913
57.596038219432735
54.15644966770266
80.74844706896651
69.40610621374816
76.40596689330609
62.0844271172151
48.13834908866119
78.30454463526844
70.26815077140283
61.60886983176634
67.06328414729754
76.98618255570203
42.020577642838205
50.0389269895161
62.10283074779522
57.60115986065877
63.124340650015235
72.29069420393289
72.70350210512258
73.1167960786439
82.45618411587911
72.72761296073215
56.80102988397237
70.02094148957246
84.32139844612564
60.93890991313242
61.11192513536775
59.33480783558328
53.15118833244995
48.03347195114293
37.630719952265316
40.73553777826855
38.809347750616226
36.39818339225965
25.68095598436805
34.55137272212481
31.17709859193727
32.075941443671866
31.046640744185343
44.650420746848994
41.664314169397656
34.267887136012895
56.87514971244287
49.86070417960293
42.150027687760414
39.000645946751725
41.513413895645876
30.285155307016982
28.228724965592072
31.179562550646235
24.490484187640874
25.412841635635097
22.819973198397406
26.70870422511318
24.424998406082143
36.697456459856106
41.097282230014685
38.014963609008
32.887761163673154
45.38729969810882
33.05202478009183
36.332181181253546
45.835102155790985
34.67439603710239
38.689760409535445
38.654577206766774
40.91777118233331
44.04234036386774
42.79441576782657
49.32385001728879
42.16680935656752
39.46124714103527
52.544863900535965
53.54380064882655
58.571229956132285
43.09969662378915
49.29252231978309
59.68327536729397
65.30986235106293
45.499018574768236
40.33872891225266
41.120816401514396
56.39692586475254
54.316821485202006
58.830735716695614
50.45831535732971
71.33092269089018
67.06482454529106
62.01420723627852
69.46419274881528
71.2359030040676
66.21293153321248
49.968748134286116
85.68756574996598
73.34009901252082
52.53046454849205
54.01357537878839
71.14026171689979
59.74408694281093
63.347583790157515
54.1837850672982
45.10930477183835
58.22881173508828
61.31622690589592
77.32372073574899
69.39843798015477
59.22017459028911
66.84335312246375
49.14154822360051
54.83008623244009
74.39302251197796
47.93663918770391
76.34658031958003
57.90628721298808
84.28937173619222
61.36042084666053
54.151907437784104
47.10751945930357
64.6048859168053
64.85247307330881
66.87418469622101
51.71003006034925
66.78237456345575
78.3107594707517
51.01785470281706
54.42921799922649
42.94049674648363
71.52195504088456
45.34142586960856
64.59993880389385
53.87254589570751
68.73362419284167
71.31288443558209
60.88408527913867
68.69549004665404
72.25194456820097
48.97127233713223
63.770220938139545
55.08045321596968
47.88656844486801
80.63509921290948
53.70438800706503
67.61642810468669
63.07007717364284
54.603381611875115
49.366765138853054
49.21680775140199
52.80559411454984
60.36176328900599
47.29767438930186
52.13340149742588
46.062923396614245
54.90971377509804
46.67039684098655
56.69327473850602
48.94518916333116
59.06711948736754
48.39797013619683
46.647391510558904
44.64929938862677
35.439043237776566
59.57762333847702
48.69379372486363
26.511475447996396
65.7622358545063
57.38476638536225
58.934871819143964
49.312162271456764
57.004939145192
69.1436664186727
62.52007259612243
51.85825274858219
61.69447048770423
54.168969892581536
59.68495843785899
37.42030899566678
42.46064706963632
54.7571397016568
57.42528014075185
53.493727452945684
47.48601626998745
53.617916597368854
60.58997173331212
57.026236296151545
65.66225130800983
53.15007564831152
65.26760307529673
59.68217724916136
69.94688115040547
79.37667640737696
91.01209864889243
48.4304154283568
59.82502247738848
58.86427724052168
85.32438133520306
71.84869853901094
38.769855742768456
67.52086598945124
68.25022998311252
83.52308592875
53.56206508490071
61.95911492321872
56.61483854329309
40.47235834441851
47.931809223938934
65.82843925525525
61.42206652214256
66.06895282046777
53.15581945301528
81.69997688914715
64.40553314344918
61.69501347556948
74.495482218655
74.18978063602259
41.35796958469544
64.11807521921054
61.16284990676042
80.86704506394605
67.69179625693965
86.53522790660497
56.526458822397196
61.04196275290032
53.307561543073675
63.62818627072095
77.86937842443444
55.78014094267059
70.31371196196166
62.01298034995511
65.2571540048408
63.04815353816695
66.25260159532681
64.11706759375537
65.80880410119323
77.13444854345491
50.88588712384987
61.95954990230283
59.06566742456741
60.59919678783915
59.365601891300656
61.90757837789478
48.95144537358735
55.00401477768262
48.65474918932554
48.84790304616065
62.91579771585343
65.18570719567897
51.70608588213142
72.75117318926695
66.1491184871437
64.30361188712057
74.26029173219342
67.01538130203053
62.969216774160444
68.84751191008476
55.51616682218273
64.99057717864008
75.14101988207499
70.3785748945938
50.32533043360288
72.85432984654089
50.55562726548324
57.710630664951935
55.896089772282394
65.01048747410461
76.93213770811758
69.55408448867017
105.78079899352397
67.36788069152362
60.29462278065849
57.55766524324156
95.55589852263051
81.86777205451746
64.74504003024059
82.9704883583943
68.44639938895835
58.2323923873862
88.04929494638617
76.64107641791789
99.66560253188437
85.28056804280827
104.50847270142918
82.52711159197943
77.29989219305969
73.60145851296163
100.2516172888089
88.99897394078042
109.64120273287884
98.63105221535814
95.0693920420965
86.19765129777431
106.03333155179256
78.53990250831919
86.82502086780032
81.63442397338464
82.7870386444328
92.45260186210513
82.80921970922519
85.4343258116572
93.47114251078169
101.57491056574398
96.30197008273481
76.82215266401376
83.05794047563879
89.53397540615202
91.69165947718268
87.5117202427515
70.38656208365022
107.61406193571547
89.35937631365358
79.3904690395678
96.24885897764298
99.31915836319712
92.47419368818683
92.75933269511924
100.36144216813301
100.74339082973518
95.49482857932004
109.68363083252342
105.56727116541242
85.06324787099224
87.16009326778695
66.1740316501869
85.91578862893923
81.13593254127404
111.2645635169424
102.40727277445578
79.48646651853431
86.5007576167265
92.52076612937483
81.95246223221069
90.79349211860219
68.1770686371163
83.89180864467477
79.05047746215683
88.5441029957769
103.50351158339048
109.97415289435301
86.6654755017077
111.21825436926976
88.75534646830224
106.56500704216145
96.59327666262222
104.0406774862377
108.3944312863575
84.09944737910912
95.46658422233072
60.01622953678627
65.10963998730277
80.25279312900068
88.78895282796564
87.50460682331702
78.2830545949879
78.50303011089393
80.68750495863381
71.94049867929641
105.8543392319884
84.99701954966176
104.92776235847226
95.07829665820809
84.5673839819117
79.45848746432628
80.42110139814184
51.58792544659264
54.0061891551771
79.95918915543126
62.12456262181199
70.01612517110082
78.93501290343326
85.24790782171866
75.78973241558585
74.78470406305813
79.04102428241103
74.77606649607375
82.00359707721509
71.66843716606954
81.04294916579175
95.25643666147118
84.85314060750814
103.40941969431
64.86208197334062
82.36192830861702
71.24721302763318
70.1924067689426
78.55154098333591
84.33103853763681
92.75382491885111
59.99689717673938
91.2662262107775
88.71234300994551
77.83421670421943
91.75017003136655
76.47878470202308
91.08799604868351
86.59180955204667
88.341081783831
96.09333391749512
94.73159880155673
101.2825782378896
79.47954658841422
93.01807522228887
98.24217600483523
115.49820116141122
87.1667415821063
105.77348056024817
104.78863677766583
93.42758513560462
86.40393590188745
87.22166427453529
62.01247600443282
104.20994236377136
77.14227557694974
77.29249060671431
79.43074563818813
95.13216134625152
101.05043157765417
84.53178683258518
85.487828825204
65.74802123457795
101.24022827273554
75.54322140585082
63.547657404791714
74.02059554607033
64.47769869565981
81.37524328743343
62.13874410535549
87.59237108868682
87.94397674607707
65.93025293951911
56.06406538475572
60.46409069301907
52.245569663633944
61.27812056800019
80.80704717750987
83.9395008669121
61.61031035762775
74.16177725852154
66.35500248081891
70.42011278399919
76.78003623660037
67.43375720355033
69.92002018724776
78.60513856996455
54.05602153180024
53.4023627724584
88.49226999431512
84.99458586735636
75.27414042248232
60.83403429895998
83.32968507166338
66.81870830545385
91.20760936494098
69.79899744592039
50.41032402617185
59.94344079789023
55.455265495526845
67.42042763837291
76.4156643273074
51.57067038260187
55.336187775249854
68.34613740176881
64.80940882427694
60.29858676476405
83.99998573122893
55.93524024828624
56.30478863835591
65.78274207378273
54.22946323964277
54.42910026054666
51.85776324695852
53.51184333711411
79.79952125608693
71.19263709481218
55.38882253244818
60.817903068309214
78.67051349344807
50.82973630731316
59.75867606866052
73.93464942763953
76.24732425435097
78.53590580362497
82.7911744371998
81.34453118865599
67.4559977188542
67.61276138404827
80.49081583262567
81.3656171975097
77.90133901391663
80.48642534984606
93.19374473809457
82.2755541583526
98.76416108036923
73.23513500882497
80.2991594436464
72.77419681768468
58.5216512397106
78.5622277566232
61.38823765656444
88.3501057848855
59.54279688506261
62.58691444519709
87.24756291466488
66.55873998762073
80.24519806547963
75.21319202152024
61.48546021207186
81.25009786418616
68.09537891913492
67.02507718406628
80.34700641794696
64.42228362662416
67.4368157779516
77.4577845905291
65.47520500329516
55.97395622288198
85.71440033185736
55.19811367898423
86.29336843461246
59.58650577268501
79.95362433060048
77.76998379303608
81.30346164177222
51.777983856805854
84.05734830757129
75.20901900877163
96.9904986186343
87.555013077266
70.82931652532554
67.76568826206676
86.49517144743619
93.68836570549662
59.59317622408359
72.86319416311338
87.51722514951156
76.3182892647919
98.10815320502556
77.41667251470511
60.99303954589198
68.12825770553461
67.0533298042439
86.35116309010533
89.56956018686866
66.3036508641248
77.80268099451807
72.60432605076095
87.62205523741662
69.77315041921784
94.19385174603028
85.17164735666833
63.491552652528824
63.091015914364746
86.96109373295019
74.42445996380127
56.25937973297418
84.5464697525848
83.17732177278228
94.04735028648004
72.852090864314
70.4900440065719
80.99981508750712
54.156126357959856
90.17133851764726
55.61298516324203
72.3764803602035
70.04059283202368
60.66030734420231
67.67683175214808
91.67710271616654
73.18223974240438
76.98506616881396
84.9930000233498
64.41621886712184
60.77178962476302
69.52639268081101
62.6770782457715
78.00565293553262
66.202895151708
81.99926203901443
58.52504359644065
67.36987219289207
47.02578831485424
75.59082927198448
69.24154009461951
71.11454754827339
61.630649226529876
55.99029616838766
57.9549531358432
66.55677206291404
50.320699616271725
54.79069803567624
66.05364092450955
55.506450759196525
52.356379585056565
54.316204693404266
44.54853752854821
47.564989398613484
63.47198340874293
55.76001668524762
71.02931901991236
75.07035777836298
60.87699260087684
58.9082818698118
49.877460209402756
55.205385631415794
48.02691040878832
45.04518460016183
42.53563515607227
33.32941836022968
53.5614225435214
32.60947482624789
51.00508402576815
50.22403696216678
53.27348803768852
35.84371560250249
42.42055882682263
31.479253415529698
41.38362331857667
52.4666166969014
36.41348863409703
39.49375383582673
33.326127113083274
23.556762460893314
30.08701014521342
24.62445871978693
30.688908555078466
27.385407490362166
29.503209668519837
26.535264438194652
24.014275075262834
34.2096168290788
30.31819186962957
46.87739091500005
44.30485368496635
32.14235676534914
46.727299472923754
50.50376841284331
40.14619378886199
60.213870418137965
46.243780491455986
51.244934926872396
53.151774746525604
46.10170784888108
38.455917332983105
33.106587874014586
41.31181301770891
44.482401067778795
57.83543811320368
38.225572659317805
41.0172335253165
46.616275188360625
46.4416553108527
51.917966027274254
41.637739600012736
47.689812631996965
44.61830372819887
54.41878568309177
49.020898615686136
66.11273972072014
37.971524150125134
43.37241031678464
46.814231752176774
51.30243062602489
54.22590338752667
61.615424920514556
51.65513657300439
46.81368160613453
62.00109359263548
52.1567617966923
64.83233457313429
69.63886864527373
75.5193521729106
68.17616294445216
51.17682660713351
58.37252973073258
58.43715610549981
48.69111169009706
53.069590340510885
51.5133271356228
31.74978988799502
48.69794832271055
46.092320159081474
55.21822069439823
33.883890588421735
50.529590249794914
40.527467146979156
54.43923829469398
57.74045653963145
42.64490678302575
44.49022758699832
57.35027141388288
33.78540770858038
53.07485068540993
43.803892603559525
51.546959523121274
44.40942839736995
72.1606206263321
61.56034015200793
64.96195019485556
64.29030505943149
56.906650487072014
47.79849831555439
91.17300993744789
86.18772615770023
59.557843610623344
54.19483034011634
76.42328026696165
73.88445563847569
70.28326575315087
74.39410543048773
70.94510541005536
64.98045816366417
90.03964274189421
86.85497046568928
77.11425456390799
84.86117940592013
60.39081115155453
85.29633911598093
62.80294010200729
89.3247840592496
80.6131988457618
74.29676823451929
80.61908622816196
59.506985170017785
43.730427209455144
91.94251978062621
70.06616595010142
68.5224422935638
51.594807715003725
52.168939626156686
69.64568736556981
70.89216727636371
50.874351115814875
73.19894238866495
69.77274969716187
87.32630708470273
68.09533701444954
93.23257638508888
57.15568129444251
91.1248100694618
81.80451717242848
76.2001243020764
84.75860333249976
66.86264562942861
76.33937977248378
81.68822272419176
63.628998456984135
78.1147704087258
76.03681846182107
91.27078788940342
80.25112433152339
80.40372287299864
74.75618370577914
89.58392085083184
80.27668273934044
70.68764945145642
85.1513966496904
69.48719552347306
72.51399226510634
106.93899835156427
101.68541316770009
79.85743209770352
68.57476482263661
80.62063588273416
62.096296910364615
88.14233879812352
69.8222422301681
80.97317550915231
85.54464368919064
71.23841461892798
73.91339848883388
63.926894320645935
78.88498595686293
82.44773928206207
80.7505307626999
77.01394128307031
71.99768955033936
54.5554146201347
87.06044413552493
62.562519239293465
60.056405630825836
72.55094322391115
74.72292121180256
70.95828856381812
81.03010588132086
94.79647902179687
86.3580028316187
77.6949831647996
86.08047001452168
62.18113134515292
60.53516137288896
73.99559741608839
78.58984997117952
77.49616374238072
91.84507653907852
90.92979991017712
81.8596172002352
71.36977351294374
79.5496574398964
83.3403021413043
75.182385166411
64.80674098082122
103.47476078178495
84.26527139515632
77.39519980992854
79.78574233620165
80.68059632288677
60.96892676150378
83.55534262701016
61.95138993221678
78.89872982762571
87.26699817957513
69.03450799942503
67.81829596791782
55.6284993197157
85.56187603064944
46.24236522460079
82.22068268998169
58.812218713815305
70.8816999809601
44.298252043453914
62.57612382832708
56.70660768600291
44.15993142474428
67.55848208810669
52.92900180833504
55.623410248991874
70.88155693296656
68.22421114266164
46.810992859403406
65.11763819421056
48.48608760168044
58.04029850601258
61.64746526205874
58.330116499528394
47.3893142547664
61.67692469210571
58.16455299938843
56.37284972689651
50.4684945961244
60.963068378085815
54.95180260573782
56.087719399508295
53.826376283295026
59.7453894460518
67.53851662133073
64.45653104714555
69.65683568504525
81.11763642255086
70.44278758981656
67.74591722961264
72.47857782206525
52.67954029681884
74.7877265067614
77.97380793500582
59.7769658494454
75.792064845374
51.853160732135116
76.28563196761141
59.39176475079717
66.09997752069529
78.31497283234258
76.94606222940114
48.97406642123812
85.0422273054423
68.8381542461243
83.0848803253849
66.69259113431764
66.14083156105863
55.26247959090288
86.03560862138609
70.31902710192149
66.15781539178091
57.232320110282295
78.36100740908893
71.7992577646211
53.412624485187436
70.6169876575385
60.84504205954112
44.75431159267625
70.50519102211669
80.11642113977493
59.70944990650804
71.13880950150657
68.63325630939337
61.44469061956992
69.27459365564465
66.43132575363913
63.00740384623497
67.07168243472285
61.21320409218206
68.10090493789562
69.80090712990133
53.343981312661775
40.61597870364617
62.99946658537024
34.372845747367066
50.79385302569492
49.6387396270169
57.86159165910294
54.99521300839479
59.70625426412672
60.66058262305811
50.737722879227114
56.63507069664916
48.16593476242979
44.86941504986154
61.9682637413314
55.511320681071204
60.933773649627206
52.63497659970385
25.788727841860673
48.3981371625185
46.67233714767961
45.865646733691776
52.544082987456434
47.54378720022396
52.147604532421276
39.626442870237724
42.2436972385162
47.073328909352675
31.133630429540155
33.31433736973622
44.13785984687591
25.791268513767573
39.382528857828525
48.09321448572529
41.12366617811674
40.19392807717958
37.79163774235174
50.1711456872647
35.81321206968319
41.72588959603409
56.33750448044019
54.04365165367014
63.453865862733565
42.86023537027947
51.6218283769078
67.97797313052462
49.204021028210065
53.061443863766875
49.16143212187416
62.81842570475865
54.76726239861589
60.72856638128287
44.08831037334615
54.86296456808857
53.31977546038992
61.10791796160012
54.54570835930739
53.849038415701244
59.75135296968095
60.09008560389769
52.31761655062351
40.8497788692628
41.04104230170686
55.75024820916145
45.83334715774985
37.55757962935084
37.90564567716412
63.47352190730038
56.67868808778679
51.14108112803819
36.29226988018431
44.34477008759587
38.54981710021617
50.00149496025601
50.499934322700916
37.06662859047451
53.311605941203645
63.23311122423831
47.155017129242346
46.60695639096274
39.46603951055087
39.837622714384025
43.02990901964091
52.095268296499675
40.09091117524162
39.91232201456253
26.124721352417072
28.87206679544846
33.408816246887675
32.349150087330536
27.68392928121468
31.685309301056066
37.47887891660885
29.276583135295052
33.250356886453204
36.60609430126277
41.53876127303951
31.43460604511928
28.884837844843716
20.45783392094527
21.076135798651947
29.383914575168248
43.311268677559106
29.869753324548512
22.978232930340727
28.366692635959133
38.88417136232082
28.730414405530986
18.93858268492268
9.317974322191152
24.994565842906688
35.502496815232504
32.78813828528852
45.052961391547
46.41533072827879
43.30589981275821
47.98707142737936
34.03857689768516
56.72303655618177
47.67931030035178
42.99809936334123
51.28841998116967
37.72532514091195
64.8960211930261
60.33335340891457
69.68732415751123
52.187053135668286
62.06873318783417
40.30333081261371
52.392735592657914
42.27142867144041
31.46413488879297
40.676421942313745
51.275889821365816
36.80692384430916
41.3374053668852
25.94906344032742
37.992825120693794
33.59771826950643
24.815317789221723
14.09551674795279
26.936389159228238
15.10583246794342
21.139795844534277
32.89087404880744
41.63410013769392
37.2718410892134
34.349550133285504
30.95672655986644
30.438120662483502
39.57327097767152
30.053994557165034
24.9501638722812
29.351782387917556
34.03750798975527
16.112374311606324
22.658343170263326
22.407221452361433
21.672033047655017
25.06640536527196
28.71464301001285
35.40926525605067
27.778552568730984
43.68679717378753
39.209351196853106
38.602870504995266
39.579547812896834
43.57911742976172
37.41264233734665
34.5451146619113
32.39135921009154
29.790036785158897
27.784823800216547
28.7390450494277
32.27959011227799
40.97525973697344
31.701254755208446
30.671254273725282
30.832885443665173
30.110040288783654
39.91450007118467
42.48588944961184
36.83143011419262
51.165430896684825
43.64826925164442
41.85240342179788
29.8780948628569
40.682947965017775
49.66416502170836
47.190617846293605
33.8056578748303
36.6957370668229
61.873948001991856
60.568576112686394
50.84733549812421
46.51948035319194
46.80335294875505
52.113926738194
46.85256762432826
56.72878039062779
44.94562643967167
59.23800212289465
53.09731920680212
46.98643373508796
53.547478218353035
62.86488810747108
41.580409561379284
54.420260180282135
62.313630522841606
54.93737671423184
42.00960633889977
65.73567109674073
53.516575066779424
44.00445713196375
62.11769273118598
47.94328447563768
60.783986351137
47.951580230924996
42.96045565704489
62.0050073521459
53.23389981530261
59.17814433683177
51.64534276230049
63.114588709204014
51.62764695838286
50.09944302332434
40.889503215486364
50.55428654023197
54.65605495391961
45.777372185869574
44.98505160408258
52.798211685166194
39.66528027077867
57.12457940326469
57.41278901292795
63.08418935698212
67.09113679900501
53.82913571845715
43.06951541558928
49.920987863198285
42.27040387256429
36.11907034324636
53.44954993155033
46.864773328976554
54.306102277712455
33.006373322876854
44.761855576449705
47.89832211783024
39.187863600460176
38.559322450047375
49.76516353435604
35.415326243881516
44.65579889402382
42.83076329106246
54.564289357091354
47.60463469117323
53.65080713381626
60.84629859242432
54.97480454797653
57.48220512403954
58.111745412697914
54.826455495817335
53.53100506244259
71.23529105554336
70.29146821016195
53.71095273333253
46.39683219851022
47.1595947063323
32.30998920425336
28.562315309075395
36.571109705927924
38.79128260305591
48.30349609953278
50.51587030362997
41.40111277185566
51.68266795771865
47.1198403964513
48.493893256198966
40.422913052432094
48.96583139791397
34.689413775623045
32.694869206918064
35.434328482523604
38.75617082553596
31.328130696800702
32.77681275028704
43.089506139148476
39.7248406999735
37.9310157516274
22.01749088722077
28.12014011892623
18.366345831087592
27.15506279711422
20.8785907796518
26.19326319573097
21.422446663254394
22.484280545852553
25.136192213679923
18.02585911585328
22.732504999966906
15.115170437611269
14.319746957857083
23.50678713074544
12.759425754189701
14.9867641458511
12.272716630377758
22.853719325179366
11.00609860454147
31.72858125274835
19.480574687103974
40.295521270546786
39.02577219274169
48.530185902871025
39.047788141676975
42.61779085806899
37.860477335264754
44.69695340443086
37.70586532388454
33.17701810317786
31.49041436772582
36.22472038533819
26.644159569225057
32.59720659489369
19.58638022099735
27.280718427703754
38.906853583536744
40.23960187969826
30.699523668250265
44.34821034294104
27.13192200155785
29.924817878009712
29.881049990834427
0.0
34.737426782200906
27.815929669801857
11.163982593243169
39.95561584368498
35.92378500796623
37.62292316867364
36.3887255651032
32.264584159528745
36.24305131722095
22.50975653302724
11.543184061676794
25.88032067236702
23.4233897827079
20.883344449626993
7.522092856217942
29.035113998782627
24.85845280884646
32.27804245228525
23.798219982713626
27.123177479930135
36.33127024420457
33.16842208300354
35.96245139764028
40.0196089630373
31.387485782867618
44.49267623451143
32.60406905684092
32.64393448733599
56.2458323604033
37.67389329422463
34.89430157074472
29.31233344997256
33.159882645758245
44.23712113252746
27.59203949379111
42.66473160876649
44.26848339898015
40.757300558650705
49.139061142027984
40.41862708501455
47.224656631130145
29.36818860430362
47.990189574440514
41.67565275930578
62.74992253994503
64.06415644947558
68.26939585787889
61.82907024040752
70.68272561736197
56.05134876454049
54.89063019875698
66.74040508567937
54.6714516449126
53.082719676851944
66.5399858250691
64.09340616202968
59.765080949675934
69.67441221554746
66.50685275134792
49.67863036143358
83.075742438512
85.09819481360506
77.1292584090614
63.45111883106205
75.27942960610598
67.66072396248447
76.6547831065498
86.99390349698399
78.49723258737612
82.6433529175591
82.7803494220908
78.66882456670841
81.69641615676585
55.25098713582568
62.92757863892193
57.82805168974042
66.2078720263312
82.65611591898312
58.66155828982488
75.87130459933373
74.91622394868257
70.31795014552532
58.388538379038366
77.86998528679257
51.40879243536192
51.75771958588571
73.71917436554665
52.50794508285945
54.81094624063636
60.95372651928383
59.70641615156447
65.00059054313915
59.02279830258835
71.26980052875464
62.89841475984874
86.60142006630599
76.81581550404212
61.2482019821207
85.59167778521025
102.64552041769893
76.19762079889263
92.31001399005257
89.76284320129862
75.50745142715338
69.39837178568364
52.29138570193082
70.66312894467448
68.95674393370567
75.19135730994599
70.59127975067486
68.19904708577714
75.79623202756045
75.30354662269752
71.79110607409086
72.93554561201601
75.58417465815467
66.98592536713703
51.22064153796231
68.7306823215851
51.23943380943998
75.73103584344722
57.726027009317136
72.28515279174367
62.23215574211249
66.66442714015547
59.12855907452427
50.176597013890344
68.01147480054759
52.50437719265156
62.72223885052731
52.01343051765054
74.08535047615108
49.0091818840169
56.55388103458624
47.330684298939296
46.497381619267465
62.84807048831265
57.593750892950176
64.40040070717406
49.19105191605028
62.32691311167187
57.69081915756707
46.31804127979541
61.53399611902641
69.34987199396824
45.90842214311342
56.40977907040061
51.680056136773956
52.056108668248434
52.45408795538385
54.44083067402848
51.41062446516302
45.42695165425302
64.41077672344937
63.4046841442809
47.76205269721533
51.474991359576975
52.37559324148818
59.59310186541373
61.27732737706675
57.23199047049405
64.04236468521323
49.55324745454142
68.48365478765292
75.00002214446056
61.25605743662111
67.14450382743016
58.40330315025539
74.59335185719473
60.17339382135438
78.85824554918602
76.09908477485507
69.07215583578812
86.68951000882939
82.09544537290785
84.26800922600282
76.54972305099304
78.45090958172054
98.51355113314806
64.09808040445276
106.66932336618
76.21930988286152
65.83908867624788
86.71122482141477
84.96903708823102
86.14011173791037
81.87725602715015
96.72992140186945
97.3875767997709
74.85134211433363
79.87230638389246
87.36384611204339
79.18807631004633
61.33727787035478
95.88119253900732
106.46805378878987
75.51795740436314
92.58183957049532
82.6753639082412
94.71784913644458
82.19960809799367
68.59638849104216
79.9114876549538
92.22825903822884
89.14389953263984
89.99068397812756
74.74291040630312
76.44299532309174
65.54526718956218
101.71327722218885
87.09911579618709
91.6633463333017
75.19760495638792
83.52369204447139
67.67564345311146
85.52156409876719
68.01197533924463
55.49617911046974
102.75993226731794
69.08300202718812
90.20444080783595
73.71169934717302
81.88796215195055
72.96967579339878
82.02419909671468
66.25884324872803
103.52106314338286
111.60855467201802
82.86092418228003
97.5900446800337
101.86448698876949
78.99968936773344
84.24391577741189
76.14295014609199
71.92627606261004
84.24292207571158
86.48088786239396
88.1707188668107
75.38156510417404
97.23700561761751
60.82400657601089
97.43251680292362
79.77206259499418
53.37280409243264
71.36573411681732
50.67583860892526
71.95473359288883
50.980157547473475
56.35379043705879
80.38333933606285
59.72006179746821
81.8386304030865
45.023803349375726
62.41311125966635
51.51911258592453
60.01203547994926
60.046548280435594
39.39600728189525
48.96081394833331
44.57536797069065
75.19542982452481
68.39557259768561
68.34129713954955
58.56903071161488
62.16798760748195
80.20349457438229
80.53493292631946
58.08917087816314
57.287233659770905
67.04920644314254
63.370496496570155
71.68789220895363
49.85624979067419
76.52710443697076
63.54381736032759
90.30810959998857
61.55110491917249
58.9182625417987
92.07067069342384
94.01433095958186
97.1197337556863
72.04289516127542
86.66383318562868
65.12600237426297
77.0723947079871
66.61972793420267
97.30766150320348
75.11595739902451
67.39496317881776
72.84090906698565
73.12075390967121
65.40896686613726
105.73165788923198
65.07481016327759
76.06063276863564
65.843810035815
78.03286771848175
84.272988796741
69.72834313394935
87.46717601142683
67.0396144549694
72.89903695071992
74.72169046189002
59.98820779850899
76.67301140596449
75.55579332004257
68.1234983501045
75.9857269304978
75.70963646756087
69.9054902169543
74.00586735886938
84.1750250132983
66.37877078791945
41.72116850319807
60.478600171818506
52.2835294152764
64.44211091725752
63.925853491007054
56.19428880931083
59.21231972862172
60.75295271263604
56.267900991992136
59.412826234110966
62.783035238078476
46.23098051112579
68.58068377402235
66.63290631242971
61.23236834365177
72.20516700578032
66.54817056201655
69.73533377333584
78.94702841447851
88.94586475593934
54.31976004796444
70.71601551127162
63.827326072011154
54.81809725067065
43.91471313651079
52.75284365311632
54.76595456802808
62.402236495996306
47.36330503970119
66.78239023145768
59.91922342392262
44.27411721242246
44.279546496631234
60.47680789451332
42.182605496656095
56.1639717410595
40.95397539692931
36.68022433828704
28.629465059271737
30.17403368324611
46.39847103883578
57.561802151254184
57.31488003337247
50.077145349673614
59.5194830538433
55.395552439910205
50.993695758491384
53.43703587312252
58.10452765347817
69.20408755972598
55.6831980345025
77.5096473082607
66.79338757081041
66.73424981665698
45.44324598738113
67.80162040506211
67.78169882502522
62.05348605614846
77.30092966377364
73.1847153382991
73.11061824634234
57.2890491156872
48.252167459905024
60.52050938010394
69.35741999616828
48.68334745270105
61.399495274831594
70.89339302051032
55.51791888684429
67.21448351761809
79.52834712425415
83.96167524070678
62.953595761730526
71.03835588221209
66.56102975399747
81.10829106642939
63.17266436859751
84.09668352491768
81.37977245336455
76.90149469629188
65.5062305561998
81.34057955582477
69.7773753754792
68.33349689103963
88.3597975551052
95.38679631384473
80.91192810809682
102.54937378368855
80.35863915607666
86.44663649386742
74.85898228750013
61.20504940265857
59.84813408027062
85.05394008047116
76.2847951469054
61.2381040119043
82.11097614830913
56.86396820482432
91.54798793920986
85.68210862085627
84.63016107477817
73.47152532302135
70.6652876900235
64.4162508573345
72.76268062917929
71.80108312459478
84.29115436802992
69.54389475588692
72.52465437866728
60.096408125856165
54.66855758543435
47.45754177625335
48.56117107560334
73.49131547544354
64.6946683825187
56.717599563850186
53.3576700587096
73.84132350393129
62.72956508784145
63.69394707560326
60.92179028973248
69.50107763896771
57.33560416907214
56.49103958855795
79.42072576996577
86.07935644515686
69.8167588085313
82.39993809560549
58.31673375409524
60.345631098289594
55.46062145286935
51.14472564646621
43.435857548944014
48.861938915483485
56.454127015032874
63.99995567173393
58.249251823081764
56.46523969233996
42.51282330776909
53.96322242548665
48.59928496729314
61.56442911288781
63.52256429863017
67.92257173617462
57.25760105470081
65.68250107747184
57.447321314540005
64.45687940959316
71.53063028149045
44.651495108043896
66.25088062680345
66.52174194076137
56.345804617873114
66.81034873786002
57.85516183985057
65.46305745823392
62.86382892437051
67.71610374946361
58.65323529387634
84.75768689490383
84.208758493699
77.10661406895379
69.04462727231102
95.70407661649674
100.48285593537715
101.42091133805437
97.31001115646275
104.17138986511833
100.48196497100882
92.35180889319365
79.21011129638738
99.62629670193185
106.48619569981838
91.91578325137834
101.73829298616808
98.34892448814549
116.91552770900769
82.2683285447221
117.84771954351778
114.44328662325387
90.23864454141723
66.774202214461
95.64815413543847
101.9159879919075
104.11772266999995
90.12342893344643
101.27036010229497
98.69889293712437
86.9774321528031
95.6906771461069
108.64194989020547
88.23486089965341
104.62756917312399
113.67598579992915
113.56871645746826
96.58447885680818
130.3009855999491
93.82545131672732
110.78087317220765
84.37008112745623
101.19092319244015
103.62533352962554
106.97196443475573
96.06180793235568
114.47782355835916
109.4169223686982
109.74883013894369
103.0881927544744
126.95927291764714
86.81310334352447
100.34825537494373
103.37191424404013
106.57687332430527
117.31419844272446
103.01824607768243
107.43138705729582
126.80478055386331
118.78561451664491
99.52846954597925
111.3588567669317
116.13854679621797
114.94430545311192
107.41474980268632
114.49999477604695
104.9047332293247
115.94709123251685
86.61313878425864
132.7024696154723
104.85216101004514
83.28625946585487
99.65692474459573
103.10313632708649
97.6529745197122
101.67227913131072
127.12792584298298
106.6974072121518
123.28695785113766
110.41065212343337
113.0552783912361
118.35271667128038
122.33226488468091
100.0759382406503
122.30350510160768
117.9693625827947
131.01739271823573
136.45428786044397
142.63603548069008
133.14102715723556
134.42750119945467
120.25604383279264
133.73209973366434
134.3749339617029
110.27124142513607
134.92777674406878
138.28052897622987
132.02687199874597
114.98482424619141
124.42432699976446
143.43007910338167
125.34408081091205
107.8547386327275
128.15807193594853
126.67090707748918
121.44463469754604
134.76024212184564
129.61165904346214
136.78484604095527
113.74058193554616
125.64420478411554
125.18051887395066
125.19394963004598
124.43276490236458
133.31730789984687
130.95093119835255
128.04684049546242
142.90938754255922
145.81721886839745
134.78215809472388
130.2104307848002
118.65539334962702
130.91140974441961
104.25780408272382
102.08373404370056
114.82025493671205
128.8202877264541
112.28176204223229
102.62999619584589
121.84724147255666
111.78480563955631
82.4405691557909
122.36896655962546
103.80453802709984
108.63408308531227
95.53896365876733
89.55726422877092
95.4858325882597
107.36602698895665
109.39298261088294
100.16880625906819
113.04390490088244
115.08048986760927
84.2739408703857
99.5579314618337
101.16494134154478
96.70470299170235
90.84005297699588
99.88243883078603
101.15291937343267
96.2620326464158
97.7950303975316
94.52417078475015
78.65635400438553
103.70572031960836
99.80216892606248
99.93564855846473
92.78313116273607
99.26966426892574
81.28599704163472
91.9407807279139
99.82756119215864
100.87749489184444
100.01013733569596
93.2128426828636
117.15277878023504
93.74321414395715
112.78083922618733
102.16192921566017
102.09494213070695
104.58423182668666
91.68408873388235
102.18750661311127
70.73702857175297
86.23350252769362
102.64377854043936
89.98539346463
103.38916572309606
89.58777184437506
92.24298204724893
98.15516024401134
93.15149056362945
108.93404488460834
85.67469687432461
86.68042529712496
95.8794153794758
103.92326391139615
85.50188123042241
94.55416872567291
80.66404745683731
87.89374208342424
95.66548460355278
89.7168305600556
87.17538143799867
95.9231207189424
108.85584703355232
111.04186706982033
103.49545117162019
97.92265807080527
96.18740588003703
118.35028905042526
100.98996528593533
96.22706080735668
112.25082821672855
100.1263134568249
91.04572987691084
114.59738612991903
104.78558517118839
102.41461784175195
119.79826394429988
99.37170841939161
88.71429258772575
107.24888775232327
108.93643927466006
130.29733536862855
110.10471239417089
91.1936560143713
109.35982813511718
58.381018117697266
93.18508911049913
102.97101219082526
86.12790243761015
90.39506871616601
92.37792770243254
77.92713701910053
84.99335031522365
86.07642726403023
93.07909545360403
82.45224192560353
98.12380076823368
95.14746152985832
115.67023419467509
93.1869881352194
103.72265593932644
99.20922342789514
102.90529076767737
88.84622071009923
110.93078827011018
103.78492336165587
113.2497711096963
98.90287306076867
87.501324948843
111.4138240050521
80.66562319852004
99.66576382130302
94.02949805344821
102.86713687635603
85.26644218063683
79.75766988260158
68.27121752460286
72.64131335318386
91.04561818612828
70.37847396971635
105.0326947041702
86.68798156560446
88.6078776625539
90.33527356575505
81.98216562646918
95.56360708933809
76.21035543764386
89.87509322283861
80.0138653517351
78.27845122249288
76.3536323420392
106.91755189077715
101.66366917537296
91.44905493402497
106.62784515565684
99.88159362933685
89.42996460252695
81.3024877907003
84.83676594022384
62.65022707987322
64.2918149397966
85.96332787390142
68.01959172824535
87.92257763228865
97.59208582351688
73.88614576152028
90.42341878801801
84.57342273898213
85.56052855037515
81.28001326977957
84.30594373550541
80.50123006997345
97.9894852586391
100.31423334314117
78.92921895756174
92.59063961950169
71.12331758574808
98.18181929724992
82.77000336885555
79.22542363482293
89.25645622402918
64.87550599809482
90.12970975273775
77.56262031573327
73.60037327872668
91.06497741567969
74.89087704206341
74.22512315650229
65.84142829719417
76.45829373738304
59.288881783693256
52.29773744564698
57.993490028244764
46.060482796697194
50.47267326576256
43.49480732080559
49.31297102413661
46.89631900772472
50.707516024241215
45.94932815402167
51.49130745859414
45.328513942811654
48.925379764546655
35.65193123771166
38.6583075855707
28.57340106906119
39.678543331290605
27.038366756792126
49.98367361763299
44.08052022933137
53.60381343546001
57.91831936671553
62.644900367485974
59.00434417276788
72.13722681766521
50.07644823100408
54.899285861963236
55.80039278598804
51.12061735930652
51.474943413227734
46.85370060090127
57.779045797142125
63.960707644978676
64.1616540743698
47.256089383000294
63.692927920956635
50.81327274674782
69.16502174648981
71.4874066655684
60.091300909940884
53.609669979056974
52.35540719039716
47.34490984725777
34.03492296381538
32.05783390806996
32.74691024613448
35.6857266004364
47.75718875363468
40.67415975800886
36.70817468651919
29.13481147856896
37.33751275638409
39.718207810212895
50.42086036561827
38.162399460871406
35.9632169904301
41.19774206360497
49.66160315034577
49.54093735940787
47.401948291357506
47.28337873879348
50.95711366259788
55.518611244691115
61.51414639987995
56.3979022034241
59.100031270833455
58.26840351007001
65.2396965167934
61.67982721364589
60.932907256048765
53.27486057320877
68.6115740181209
62.78180482154298
72.2730739969779
75.0193731210241
55.593859908393235
78.39583485521956
74.80634192395361
80.53638814911183
94.22825569858871
61.258657690027064
51.61067631386582
55.279345113058596
56.02900232086398
62.43050480444896
53.53857539768264
68.34606928137151
59.56672231755997
64.50111710756514
52.46885211306147
57.472852198453886
67.93582386835162
68.39379477091815
73.39019809298885
66.22408986628956
82.85898944595785
86.48567006668478
73.96884207142105
75.96890520256058
73.53696884339901
74.8232333553841
76.229996743908
65.08942680459967
59.19298191930286
52.71558949320253
80.02061536102164
84.31359989771548
78.4248837141748
62.35440369177571
77.66820309349188
61.6838244021269
66.44972717130683
64.75547319484609
67.902523254881
59.26806585095755
70.96826824396433
62.944965530945495
70.38990005218028
55.81734850589828
50.43753885312291
68.96959191682338
53.08750469090095
40.31419438840989
31.343310662445692
34.38956583478363
26.577555055141307
22.543699962293612
19.11308495601681
22.445484284317544
21.096131497618043
42.87583596918658
39.96435798009727
36.349320448059466
22.34577797633046
42.129639397433984
43.583183193294296
36.55463280929122
35.77536856238609
39.588136352234315
33.17817108664462
32.245941089785205
36.23838811221304
35.41479301847036
33.56057060682917
36.46572613663627
32.91875869611211
40.16968960299718
19.478643260815986
43.92974454725656
41.961235493353726
46.981084725995856
52.2471601191077
41.50868846083287
36.96640432869896
33.34738664777335
32.5520810516334
24.14884704926906
30.60427651560275
22.773642904842298
17.19599942619815
11.659480519851545
21.005410626109224
17.818262153916667
25.32725527040046
16.52106598720679
24.16033919453629
8.540492679757628
27.830339761275717
21.19260964288635
12.23195559897344
33.718364086101296
44.79736893171445
50.857047746288295
41.61117757056016
44.275540884866956
34.19133447342254
33.877794826812824
41.00219238865337
46.59969097314597
37.62611795116943
34.17110030189513
33.04389666858189
27.38898259879857
27.258873683723163
31.13856170401017
29.741650462382445
33.4209204340553
29.08817996792117
25.19120418005069
30.902323046835583
23.728990574642804
24.5478272813374
16.965126864999647
14.401059951368843
8.83126150247815
18.36974272026836
14.219675550241307
24.950525049115612
31.188241815319174
39.49637829678795
34.274859555950265
32.46227827023718
37.882184688045164
34.13691073647959
32.896896032579164
36.91686893209498
22.496664194582657
27.43247476474382
27.977848181742093
35.26271483127607
27.82213564685661
24.89183535111333
18.639705301077928
25.92314015342726
24.32927819622832
29.36754740877149
22.584242216316202
35.837815541060415
16.139014489992746
38.51867898535312
40.23234577606393
33.42548256424318
45.715136455542606
35.502478742008634
26.149480660302878
31.382783361880517
24.429983323041437
11.878320009841133
28.277873734949647
3.979724827250526
24.61645195146164
11.760244481138352
36.021541797340404
34.79363512904539
33.18734460385354
12.225241244514958
12.022346366155993
25.635555690677254
14.045734578293395
10.658681923103213
32.672985359452795
14.9494673608623
27.207509903127637
29.190040185719916
26.34016888996165
20.392467899588247
13.887698339238785
15.831996979465641
25.783057497802695
29.61857335251093
15.140475846647387
15.334518109903065
17.394902934345307
15.415015822863007
9.613895592105145
25.907646923662917
17.220577276154454
26.14485724415926
20.55841955611506
7.042197649812989
26.675267852603852
30.19324953935213
23.17041835173675
31.31275614577137
20.95715197083761
28.19883240688018
6.995240075975875
51.255904031008086
41.44988687893175
37.489545748980596
44.45051798458291
31.188275299982568
22.612665277676896
15.386581193475553
42.88864662032346
36.75007451590809
29.25606928826612
15.434434469510121
39.52512818945862
36.84742443093704
11.39492537558057
41.90373966815351
44.587451467108416
41.96776517538755
8.721513145938395
36.52556467104813
35.75037654839325
12.33746161478792
38.68794417143735
43.803994114264725
26.06185284236615
45.80764987732486
34.62741104078504
41.98982851496474
28.502518390736288
32.30584837330877
37.33357151578787
46.8478425718183
32.57941432297599
27.90402296826267
23.597187877515665
19.97476709228799
17.12983845117333
2.3864438802402383
23.821236598754734
12.566383698560358
22.25023793157002
29.47826328558649
23.348429885964208
30.2366603110963
11.727509366285537
4.642661682205805
20.31176789245397
24.815775114657253
30.95880024187774
36.80919300706097
37.367387918500924
45.33143865035852
35.20103751995833
23.06856031182824
21.331160765407112
33.18415139228192
22.25694628683294
31.722473769100603
33.86471208067218
38.693852124002284
33.69714615719414
30.208951677329697
36.19697053825402
41.068166718670376
33.41434162903846
27.612303475287703
23.242692956603314
29.714344313936202
33.643711496525086
20.68406094033697
21.11524871320801
31.988149341549743
23.773448324476718
15.461441392533368
24.898687179457735
17.223052365103076
28.21241735813373
16.915749949629117
23.05991542607279
25.340702560237872
20.490334367596034
37.259950192992235
43.10351550734826
39.155315136414906
37.72353197355672
47.42976496540394
47.5572467156507
43.95614964663564
36.38157036342003
47.86738553978275
47.15932066964898
52.05272528414736
51.10257652274089
65.64829016852086
62.91798462523708
46.93425365155958
43.46673490036593
45.75484944825685
56.142873518364276
41.03747767885618
48.61098418609823
51.025056108068014
36.23889519249439
32.7383590444915
32.30356006287872
26.312375599083452
33.6831712065194
24.890961202949235
25.860612709092475
18.71636634835806
29.28376803969201
22.686911996682475
51.16576669364545
38.31815351191302
43.69517658222807
33.489631389975365
50.233844588644125
57.896484357875146
49.0835279922606
46.63865260593673
48.95101027627944
52.894103195068354
58.203784584210524
42.86338492219455
53.90156194703509
50.076473529669926
34.204727914196944
73.76735025946063
50.72025668918504
36.61975754344468
65.43506003316759
48.28207186115267
41.67301294504825
49.96109755595903
51.992406763054134
58.849749349998554
65.89508646159524
60.36172746451656
51.79680311673923
64.26607623496976
55.650516212210775
46.65874447765809
43.356482420782946
43.157612247915104
53.7522845180329
39.166002476970405
46.17261547578889
35.53232509954219
27.460183911727306
29.06669598299982
30.929588551509127
27.36407038579162
51.70751812736689
39.06649304692793
39.24533389559756
39.97005319433889
55.01234013229576
41.56729532021335
26.340740086648864
33.791276109351976
36.33361849052296
29.363791845234253
22.456120859607644
22.656069874977334
27.312105379924215
21.147994205890406
12.263030266291754
35.78961927707879
16.580609756851544
29.221436375821416
14.686392026558803
26.40915740412126
29.687409478184957
34.748176952228526
32.77606639894391
27.907694693563194
26.416241810359395
28.076747499968295
31.442608363034854
33.76174236774361
39.67735773050677
30.51494699529025
24.877658742311333
27.408965435305863
30.57574821675268
35.91407713211324
29.844600087290353
33.62828066116682
50.367220696019785
42.33899886192102
34.66134207120086
44.405753162198806
41.20073653766657
38.57920876746054
39.61870791881471
43.42872482809965
38.72358381527626
38.52088703641138
36.378133380755045
34.74783842534025
41.86019312920437
30.346903879477168
46.09542969860702
42.714633850366184
42.07972819875079
45.45595989190193
41.93332613237941
46.318231854263416
48.90857539489447
53.36972218694501
39.70748506358847
41.6440338629727
50.732995780690146
58.327006294401095
35.67245222551746
42.13131670644928
51.575589123189665
48.47813523146807
48.19820518235385
47.59732072943073
42.226407562325484
34.47730491709289
24.568404908124606
5.9280717490545864
14.334220279419641
4.423174795342591
13.55026334599842
15.880165976972968
19.417292651090026
14.694413825206441
11.737788555935113
11.71548607152992
17.86913550403927
11.469306760701476
6.741471785860901
14.503963151215281
21.413688501573965
24.19608942130913
34.488011413798006
36.52008047564788
40.92536866709183
33.372256007128456
51.127423193155536
44.39426828812893
47.07969466574285
44.06053248088995
33.173762182490606
56.02621329527949
58.803541098722604
59.21594590773442
52.15062121671867
58.50994213300463
60.11027016217115
43.67506735075635
43.74045279084275
44.74455893765802
30.10249333645913
27.40876834620096
47.85377860325
38.47583479863124
39.04958951355239
51.6031583389516
43.62337993957921
36.638546017440824
44.693173765549766
42.48427706489387
55.006679148901405
59.14831362524399
53.82226162687137
48.407597206275035
49.515996238469604
70.27740013887458
66.74623634764907
65.84163951642539
61.07121101195229
68.87570049378628
62.418408891206106
63.975553480176124
51.003145049634256
67.97802211778561
71.72895356349568
66.59278056922004
72.06619432493906
80.67430441814311
85.43733156050772
98.48157809021646
106.2353433942323
101.88442700672728
111.967401828032
106.94926231127238
98.87013044460997
123.2621884592612
85.04352017150678
118.58794506883584
99.8750493291108
92.46927664189492
102.49360578663827
116.4924182449456
95.71546164756207
95.63123213418014
105.3421340914333
107.46791916629306
92.34322018677723
85.5602205081897
109.09494243674128
89.94667916979004
84.98892924497974
91.77690697132394
98.33023667958389
84.34942325069731
92.35488835276172
80.20638347390314
110.1510508249845
126.68122566712893
109.01702850040844
103.52139697332473
88.04459266672201
89.207418259686
80.35752353408597
86.21926404207309
122.1316452913482
90.10796562654099
89.43414937793833
76.93134559082202
94.23794317668175
81.21043141554254
88.46700687003899
73.47488601102654
63.86802361681015
71.29489413762951
98.19768816227764
86.91164938340539
95.09796770490507
75.69368890348099
103.4589045917266
72.18511351318816
105.92284866486365
105.45252947385194
100.04960304711078
84.08346535821462
94.83077726616371
73.00742278392136
91.46667390370216
85.60039354710896
90.49517876495446
78.89290269905645
85.74959992704166
73.75598901205355
78.09774743657157
60.33742191757252
71.09178591995153
71.97861522289433
54.08786776126427
56.55463922892165
68.22948534482472
67.48423908715783
59.15330035193754
54.1638427250333
49.14932057466012
46.99771983058908
43.69911686842983
50.71995301840398
46.00312553134112
38.91962592140341
45.879405113627385
33.27022504683878
46.89994315172367
63.19384293770801
52.04440150869704
55.087046366468805
46.69822523822597
39.95190487862742
51.70635810616679
39.03143634374851
38.34150514589857
36.06112146198776
48.94673650440932
42.038287305120086
45.974520859342846
39.88762885548086
50.35605344208149
39.77080170046592
54.0821461209272
42.80180453832359
47.94294387398501
64.04241471697796
59.04819908429486
80.55432241463808
71.38218705389326
76.75339626520886
73.37671974884802
66.03899712753098
74.82673650762001
74.31757078803724
54.48530315938079
49.163400968272114
43.38217792414207
60.52947304041686
55.31297377239987
62.718838944526794
60.23570625383466
46.04130172756058
41.310092160315016
51.53028027158952
41.777642086709115
54.754476401555806
46.511402120741785
45.10987166228175
38.32049456986694
45.60639813704026
43.736172384795154
50.99181954773537
47.64583683375323
39.22155415762009
37.922690453592864
40.653484810402325
37.607267854375046
45.07014291100808
32.775885514786616
40.14856083428408
35.892761554990386
37.23611369014792
38.16691611835436
46.61489060185164
33.93617776275394
32.45700881832385
51.78505345315142
42.9890741520062
44.215338997597485
52.15639068149014
50.509197906696286
58.365369874876684
67.63969674231886
77.19220443517
78.57308128505898
75.93346124390614
73.8373062855577
68.95343603530584
84.62867884963883
77.60861055428788
51.57175501459199
76.56674596337146
82.76140938816087
53.40148362355789
66.1893570279667
70.78049054194814
60.73168892255108
54.407635676774724
74.05804166699909
65.66385063512237
75.41336968051984
76.05586900731565
78.64601078420728
64.88145239033292
86.30255174081881
76.08401781011949
97.83572114579184
69.3963303304108
71.72032935235313
77.42189122998816
74.41124547498264
79.20102376732883
77.63868784780529
78.11797543167506
84.1118430562361
85.62549258252339
58.49201950014782
91.19953905973165
80.16850838781316
91.66181967744103
78.86213620020351
81.51680621612859
86.35023397003292
75.11828184877773
73.09539545880892
56.901809910615086
79.90116824910649
85.11478261076032
66.87400141294134
77.57893116993037
56.56261869094776
72.45148937918997
55.9326779156641
67.8040983498475
75.54598152705557
68.06078756462733
60.83012897969225
57.14547262353979
66.09376549642496
67.41800586735474
65.84391081464314
75.01906673683081
62.11488109087927
62.49909854070127
73.46347483600138
65.48888600670034
69.3045456574387
92.6556738448889
77.48630579224512
74.4943811159369
43.65776383601333
67.25506613417316
74.43439325399942
65.19644881765653
67.74240841512044
80.87740130789585
63.71193640339222
61.441654077769826
54.772695483122526
62.46548910977297
51.06131750725496
55.445084300705545
49.793932153047116
57.41092839553794
42.22920787292455
40.19546231019873
35.84811606886061
35.82899934315871
32.93775739590856
39.510838821914
24.21715694097005
10.853374064254119
14.729329400151325
15.645022391696775
21.0546517488466
21.268857542242714
31.932494810705265
30.103886221506436
40.949912939014894
30.854522935465624
34.71457883454357
46.96239174710274
46.144795990310485
39.34340575407433
32.84111575044036
30.353454847500824
29.46997299135437
28.29688995827933
42.612832255673744
28.90040265194117
36.980281627518394
26.060850642500682
34.2258146873423
18.364324834809075
17.673610128695717
15.152956994087631
28.792169739103215
9.88165298705833
20.61191561683506
7.499977405824169
31.167200783372152
36.20700689025256
34.35243636556496
18.249565164695944
4.3634931404745325
25.664420776951385
20.45287799278773
27.996518059288693
2.765507385621645
38.40967426299321
27.844084477534462
6.602993399626156
32.07162150610732
32.40613365890708
31.289862755394907
28.986104827159387
22.97107567206055
25.74097537418521
30.52779816780915
35.24415740411615
49.81916462973654
56.05411015146136
37.55156332021024
46.50057268436787
43.11795161295542
48.46955452988909
53.61624973989535
62.03993344005028
44.38234018205867
58.09301745518428
48.35795412673846
37.19569400114885
44.882131464117855
29.17952767874512
43.33262155319655
30.203977264374743
46.98563243787977
36.90836930926294
33.315072345967295
26.522315331457705
26.057289190215368
27.74095460895337
29.360798928724517
31.282272032234026
25.79655065370119
36.45609964486223
39.70075822184447
29.056486891687715
24.20511188925329
5.398894613430377
28.758411283665644
38.24942233020308
22.12978106986839
21.099635624815935
17.54705737201486
21.688301079895606
9.650971598267676
53.660634924203066
52.49336386854793
57.55399571873943
46.71788288002174
36.70126011100912
36.45925890111958
25.294822015066714
19.664042498238615
15.772624175188632
44.43222798968104
26.71360135577884
15.690392340259596
34.95433668213052
10.896205090562615
49.19821758056618
60.33056305868775
36.11808150282457
51.39882317651215
42.195007622631366
39.0197905705337
48.52615923446374
53.91455773925851
50.287570635987
42.21768737584736
43.87617687697053
72.99541110233359
55.94901136065128
49.67075985993416
47.99699733349833
53.334750273047604
57.70316782146611
50.25864774973031
41.63004913247212
35.87586910009961
43.39120386643583
47.46705883680796
30.11292050516609
46.00676816572105
39.64146490894093
59.12282111220841
46.74767890339726
49.11623303605005
40.11160996344838
41.353434320976326
53.49992992497602
37.658196793123146
26.966723451331912
34.54295362669898
42.80555137320793
49.81868049043577
50.721569002141756
51.4130483935151
49.4990995371733
42.91809363928637
54.66674643521452
45.52177254730873
57.452480142391835
57.14720265833013
54.6013520074739
49.187794815787484
61.638780575377005
60.61654143026834
55.41937737802502
62.85500773022741
63.503205836812924
70.42611259757884
66.40519331510568
76.1905336897699
65.06851874577197
56.093811297438116
38.33359334558614
53.252815047098736
38.41303527486634
54.592940670661
53.34445110438856
46.59386322511151
43.24995367756479
47.31871433568443
45.532823918356044
44.849295486679594
60.777016714684834
41.07325296217692
35.2249697172668
41.54856195241292
32.937689236164985
42.595246966734166
33.1097185551466
32.891655624876485
24.830636820918482
39.61323601719241
39.99086103278548
32.179089738593895
26.758863523701876
26.010366666642675
25.458562319797863
29.443741441786397
10.1274293862527
27.07333627736729
29.339592575390114
46.30298545546381
45.73802428205953
36.421187310577736
29.25480936200272
21.812562489212155
20.388637855761104
6.884616753114363
38.03079191768207
33.57713617808384
39.60613541204152
37.065209571302766
41.2560724625873
31.92774307728279
40.678297948483404
31.35034876397872
20.624485040117953
36.1688737145799
11.82844040593752
19.160060527948865
6.794118803886395
28.324398022182375
31.77614932442502
44.56466613032331
40.465356765486284
26.28915238118877
34.941712927697196
20.459399397796552
33.04385514369011
15.115104971227456
16.614127986579565
20.848530577714435
9.390634740239582
10.220883688176366
4.781849622145854
12.538077670343085
10.198850924125828
16.455399491850628
20.809894568638615
14.629514851532665
26.826723499658836
26.772341867728173
34.980596622095035
20.820448838100724
25.629176630954923
22.583140651299036
2.3450698370351297
31.112292319687597
33.71942285883619
33.099265209031294
29.01389418546213
31.19559363434631
25.138116690562576
25.063899120967942
30.28907733247024
22.938856914570945
25.051499902981462
14.364258551847245
26.78274991578054
31.102671302561628
27.094825625479096
21.97752470827734
20.623292148292503
22.6838583619764
34.96808296390781
32.31218188964308
31.11162658700591
34.50119845713003
26.256730290031587
23.584246459881562
18.675475176681818
20.29736431692542
19.251241450193064
23.9382117267281
26.693737255494263
27.330787543344364
24.84493111778335
27.093801312325276
28.642224366502326
24.17267230215078
24.39265634644147
25.67794026250038
21.708917404376542
36.887244225284086
36.725374482934306
35.12982152972215
41.744206386195316
31.873620958411347
54.63081136068635
34.383792505885246
44.86593420083562
32.06570467595613
47.68860518306188
36.968116285308945
35.334709393758246
42.89209809692973
43.81056522839781
66.87471960572795
53.58430937631669
57.38388632670884
52.83262070206294
63.616745030951016
47.481497987389105
46.27375651351909
43.38936701043217
36.01541730289264
40.312386852681044
51.67479537635153
38.615816008801986
47.088175070600826
54.8566119552139
57.97348440992026
40.256592571800844
47.17881653049556
68.6370624029753
47.82533371022727
46.814409147743525
56.225624350896695
44.091418977807855
36.713309805044936
37.8386282623025
39.5755441348332
38.86639555385109
43.46196481276393
30.275423057514978
47.799500345751134
45.83373562073137
44.72520896054747
46.7219402067738
33.88117788962892
37.37105275191271
29.402465329475945
27.02107835803151
29.47250169119384
46.36608093022207
54.27325750573455
56.06268774866986
58.30620816479997
64.79598465395466
75.65062291824424
48.79833706673283
56.057909822852125
51.83425670634111
51.27036350855235
61.32700539907876
67.2740555501861
52.465499511990124
59.15038041950944
67.09455795404742
60.88193700483751
64.14714049245808
64.79634613781049
74.91414341316496
56.41011391963446
54.86305932329705
59.91983378235203
61.47708484660369
86.51376341961873
66.7476616681789
81.80900294228489
55.85887797300037
54.92094369132006
58.50521506577545
65.09208488042391
83.62616539164799
75.09068727832064
70.32601910570834
59.762605223330425
71.49566080037022
51.60858006936311
69.76991992104922
43.81871586119311
74.51406259137768
71.64693251045242
70.87663307289868
58.14520985421056
61.145939173435096
51.068722805658936
61.97209507281106
61.62046397797886
70.94856886087877
73.57606521671846
62.21114899104484
56.63361994039704
65.04616263677127
63.66268675340178
70.53705628691728
74.08854617692833
60.73276988251217
73.97920923056864
69.7633757915948
77.7786738303026
69.16411172218098
60.86486975128588
71.4044746881432
64.86112860278632
53.916251341887865
50.18146096590825
63.07800483340861
71.23821880589477
63.18164924145484
70.24299842749018
83.32502607015685
77.21359963718285
78.24564024244837
68.60674576525416
81.3009934099614
79.86921420958127
66.76848736100465
75.52652233588009
63.717683481750434
88.40794053702703
90.60021626313328
87.1782408051338
86.33439777970703
77.96128383033859
89.4467593864161
88.23039347839678
92.21173402110097
105.8122395536145
116.92489850737303
100.34147750871387
96.52415566908454
75.5734263898691
98.8011629952682
108.07235081393468
96.09325272935783
108.8722329469637
105.59573196944208
87.72327975228343
119.7618108259555
110.83744352923651
98.13278047741873
91.80701633099677
129.80608631830933
120.54738683230991
110.03663189043516
96.82056355046231
101.20013204319655
110.88794929168245
102.48312379353332
117.11274355828463
105.51856337141984
100.68962969972466
92.34274462129248
102.54981063064552
75.38516391224726
67.07868548239152
93.25707233641198
99.22173417341791
95.44215604533706
102.2636525914516
92.3808871917393
95.14668266847534
76.7251653475898
102.77763529723589
74.72551306389096
104.126455494457
67.30779027950052
91.001644405419
89.91871621872474
107.97968916039142
97.99126299614127
95.21262308901302
94.64888243897727
116.36701898189558
103.73445702795912
104.88470627449064
98.33491173050336
101.62486094082048
94.70490715182571
87.81951375448257
78.96617841665302
99.55113742091902
99.24248754368286
89.68843463370614
80.08369384572357
92.9675361594465
98.11381433777426
117.47726759466838
94.33756503497483
88.16189048122283
99.84707182043537
95.64829797484903
92.66565212770148
101.52315928949483
89.08491311206308
93.63450060051008
100.40854335666953
97.47463033965863
76.85895076739469
98.23656559584485
81.45085941377603
80.58752914795078
110.38626084583846
95.09817980304543
91.29070693515366
108.48556814272263
99.86055751022785
104.72961947249098
108.32575809620648
77.3610963593204
85.0618967936796
97.2707010857238
100.87981025444743
75.5515332493174
99.5713560427373
103.53613184841753
116.18862220150008
100.1418478943693
115.73098014790288
98.00619768501033
116.793943066646
132.2336944935327
112.16170891818578
130.61139646049568
118.2633800085091
131.4994000325322
100.96990215196122
131.69295559230196
109.03901087802153
111.7357015901935
122.9554420745805
119.2994489580848
113.72898873803068
124.48472324544475
125.19619341327517
108.45060675543705
119.19432170258489
104.16414461158823
141.16863780632528
107.9103543808794
133.65997384652266
113.37573822065634
110.62231097164559
86.56281017689992
127.15459573987634
111.14548930297637
111.63284344373504
115.84853965255073
107.06059983977205
117.32641474359599
110.24539600566816
110.36990311883882
101.81410392597463
98.11381584509745
89.7223633461004
105.72151593012897
114.93294615118423
121.55186799437779
112.01038359202231
95.52725123306057
101.54905064357798
81.66669013795328
91.07781399958401
83.63028842325063
89.81804191255776
85.46849084341926
89.55366368554256
95.9900384983517
101.32066164018269
90.56970386295501
90.16340617312513
110.76998058551675
121.75336983135024
110.2960996228184
113.90414904030823
123.64020183388885
112.56007908169815
112.81713022747752
98.5422804779043
95.08572400405892
91.22424239583658
118.3196254091929
116.1751106181353
88.43675677989863
100.60070698092589
111.09272032602986
99.62617752154829
100.42987243445386
111.85408991027097
107.29199245765305
117.56062740199575
77.31767770198618
135.32429967326195
88.35438157153584
101.52810718022714
83.13179149216838
96.75419162058488
74.02080835539832
87.47637670985647
96.39545499579668
104.35031550042572
78.66771995049369
79.3962275544155
87.47238720008666
75.46614375947381
65.84590456877572
75.41083886013672
44.815910878990316
74.12341697563728
80.22774113420229
70.99385812927274
69.14410383964805
96.04275444275375
81.62749179163139
77.50554981301441
65.12576728330046
87.14287345020848
79.05257150018845
85.25384359318119
61.93570092892771
85.0693421455827
87.43398415309316
89.34144671832719
81.67065197110719
66.8024273455289
84.87295722877086
84.80697119464011
62.69546820881185
66.38416016733564
88.44365556459313
66.20377637872174
75.04405461585648
69.1886622124494
56.45405503213689
68.86820954121411
74.05047955943695
63.75638860287638
69.24389861164467
41.15322053111709
66.73122970329463
67.27004854170977
73.60388480000485
63.97162872212762
73.91389274242636
70.2533116535228
65.03163887905981
61.03258302162326
42.99866117862727
61.41806131964001
61.63528440425302
47.64891202688787
53.89352950362772
44.17833076696103
44.515314908183996
47.27509851222882
53.46833438996314
46.694783512965756
51.5539986101579
50.56586208083967
47.96199857755899
46.76859791362527
51.15623289546101
67.34793687132998
58.56377669661228
55.88440155701247
70.6701755954305
65.54861172927163
53.83917820974739
74.20307666437981
76.06319423348103
65.10068784248095
80.8534422084958
69.39841458138959
65.02900267631179
67.63835684144547
60.02902255666383
67.1555200828636
48.057702509654625
81.37902768944724
76.55571842970551
66.57831378770834
85.36753198466283
61.217961514989625
69.09575813634851
91.68596841854622
79.21755847157452
87.25321492006691
82.02741502152422
71.88424049421518
82.41372156603039
82.64612781759291
77.05285794162899
114.52064126800722
88.29909630012511
96.41185735132704
82.26022863293154
74.14106942417622
91.98250529328583
52.423292427211706
85.74855351601082
50.62756611971681
83.38617755397772
88.026940662671
74.18628721655207
79.9303547386968
54.92433984131668
79.22029988737575
83.15586116701131
84.21774461492859
71.16620943104117
78.94515179088287
89.7279749108574
79.72891063324064
91.93808249532933
72.99370790029297
84.44966457481263
88.70452749229462
95.5623952731291
72.97621917389355
90.00524606749553
89.62323481281864
105.93964284941958
105.02568409030765
99.28750519007133
96.10476455300943
99.35234939549423
108.80942864780248
99.56097833495342
100.87995029549607
95.17838420814418
92.1869197532142
100.10187715502009
85.1281007695235
75.8714025553894
82.56957442240578
66.89788643859195
71.8257327913084
74.1804281859538
69.28709972439647
86.70787448352598
77.6547627472625
72.12468157988455
79.74363008311016
81.77313869545259
83.05502210374468
72.77444402030366
78.02339635881874
83.35733191449046
65.93971114748182
85.11318562388662
68.19481783509461
67.99907637776853
84.57119236726598
75.60404395824489
79.64033172631179
69.8641958224915
70.8002281943921
82.08255477058972
70.7235412238123
73.0870868816536
77.24428915804451
60.42867029295453
64.36646022316275
58.16156348318001
66.5947106574003
60.650205027900654
64.44573701816837
77.05266765779925
66.61347544337521
71.55520237872415
58.735904438937425
76.81252818092581
63.32516618219705
47.74913598213503
50.717539975424984
53.960692168282634
82.17075693001706
68.79147537973044
71.53321883077584
76.31152048590043
85.3178955753377
82.20171203861298
71.02165100818964
68.83359642077887
98.4538177719563
86.02097329099388
74.89995583094277
82.63724070034208
100.40999107173197
78.21251594723194
76.65485382267076
84.40973493616036
74.29761718479926
105.08070408901982
95.92313172494579
107.00549767127568
80.52059473471115
90.49856425299988
88.80605236702344
104.59916346230635
86.79090629629103
120.61747209897591
110.59719771249131
109.64241646314834
103.70648008340866
109.38568539579069
107.91366565215812
104.53320426384602
90.85409462223477
86.24668390293282
89.1395030740091
97.84283262917636
88.67007682803687
78.59902817277822
93.24083781372386
85.01509618880827
81.60695680735722
97.03636897935083
87.50060689174036
65.8231755376247
83.58959826808186
75.84737396536349
79.17203765401064
70.86187882938052
74.89665913477036
71.19413172599656
81.15943556389857
89.09852688789401
83.60517601749117
70.71054868975469
100.39066512188597
85.93455121277137
87.0139355638098
92.86932061835861
80.5929442475767
78.93402744805593
95.09480173653732
85.42315455802543
79.82112795836075
91.61199557365538
82.84296919666296
106.8787744777277
85.61726324117912
81.97346176163947
82.02797370193315
84.40671565935426
82.23821104246448
93.80145633175884
88.99944286657923
91.83469166217364
100.65655428730656
80.89221352645403
100.29303811719592
73.04135378132682
87.71738541664016
85.03228903419829
101.26591778810636
90.906186004746
114.97277269995834
105.57515513767721
105.21105317516702
94.2590594991503
96.54497221013428
114.58927973034332
105.91162905837126
112.63617806807804
109.71613928745775
88.38585267429346
93.24247064939257
108.08593244817797
103.94067175704328
105.306676967433
112.71839380567482
74.07226035531912
122.20809596450673
105.76045662275851
100.3092083800526
101.52266965195136
94.68288375308819
122.31943894917721
107.59628738987337
107.69442012936925
110.72191906236839
105.86027334712239
112.80764090226913
104.6261628557436
102.76951728104684
93.48358376242871
114.20358773930627
101.16402484638829
106.53841082793154
113.416644319351
115.32425374472173
103.34691795532893
102.58663537672109
117.69851909933764
113.50134882549646
108.48172870740065
88.69308736182576
87.37664898841373
92.46119508894431
90.42118490244897
101.92594840421387
87.28074969913075
86.79773181662452
83.10463243644922
86.47416759521352
73.31906874067695
78.25792713608318
86.8357210316825
73.59884401917225
94.54314927779241
93.6604505382606
84.74733511170135
77.78820133805047
90.80168567422749
74.16024127585075
88.15839072701425
91.02656301734942
105.96826289587801
100.71842911841357
81.91951083693972
116.20537107960025
105.02841926670595
103.90922251460003
92.5054684162062
89.81213859736495
88.93970922637244
88.75703515736883
97.59015194754639
90.7257616853064
90.18157490606795
88.99530265463754
91.85079707794317
80.9353298198655
86.5144389914384
85.17763486688762
88.96474594057439
94.37935096584475
85.29877341348556
89.84143877341842
104.1598167897057
97.45931225655752
91.89754352733131
97.41919480502774
82.87700026385797
94.86243870321972
80.63095936650897
99.24384797485018
96.09427248056889
86.74268131435453
102.01394564398035
91.43498717635941
91.96712552107563
78.33921961783425
100.20252584948646
89.29135487066247
90.63633358130659
98.75946135873461
117.16904506163888
100.8933924676996
94.93348816079147
91.08271493772519
79.9286347610458
72.17963285794103
78.76347609904099
99.1968064164675
82.91179434358212
94.37493671332072
80.67161726820896
80.6092993271956
108.3099252257161
75.82639178302384
100.03814342570084
93.69586064190338
95.00532301688523
86.53861143449907
104.05721314390739
85.59379510814972
96.55400446667572
98.7958095988209
99.92472298394054
115.19403017813191
140.54102034125924
119.44622309555473
106.62714254440027
109.1478859980426
105.06847762272972
98.5596716353072
106.28892406653065
107.42982361153291
102.12434297276907
90.81584025973427
128.29252974007966
123.38720364889534
100.3672001833768
92.46925051859935
89.58458704397877
103.1050727889587
112.29049218497853
100.71888317499696
84.4743924227684
96.5731396774625
125.2789287710344
120.30838824591474
91.0203859709053
117.80140478660401
113.8605889977442
106.08148744751216
92.75599336881221
100.91858451824945
106.25740400436578
94.69734021420736
81.85991242514977
85.67835425999044
94.18855086684245
106.6487364760833
107.52285629928224
117.02919195357472
81.49300668515444
109.37338808696671
116.95752808504608
115.9414297987543
93.53917843132575
113.22678193002936
105.38253994503573
104.62194676293235
114.17896989262486
106.73458917257507
86.02972249324237
94.07857819262381
119.5379706377687
110.76554704442609
100.61608774792806
117.71420232739098
113.84212950855972
109.83833646931156
93.50531834767179
121.73982173067301
108.03340152980749
109.03612005152038
111.76798672814269
102.94395065889805
114.78812560308944
124.4241835620381
118.94036064686493
132.1250472698045
120.70216037488883
124.48539394282598
102.23874013805508
96.56180570429372
102.06623796142014
108.53287641082837
104.90849117352778
89.57362628606612
118.44171199035956
104.22893107272452
113.10709570050975
104.88861000148665
96.80646135944455
110.94450761017777
103.37728795121927
85.64521710011398
108.71203407001019
112.57310245527611
118.73802060009791
103.84098334367677
122.17117991165757
115.15365271595995
103.24667797991795
117.2228994311473
85.41523154282116
125.9256322680132
120.89682891516037
114.37411811167874
133.78776956397536
119.13886034770675
130.9196138291291
100.97171340981753
109.41143072983246
110.17332366085503
102.61434687035177
115.07725125968719
93.95163166362174
83.6412214739281
97.91712315579625
108.05960863461166
105.29558571960848
128.31495161427569
82.92435846810375
104.47584003403414
116.84038538873799
108.05586227514995
93.97920828485826
107.9387292872766
115.76256947483256
127.29525269116309
119.72181741540857
129.7346502083595
101.99626589735163
99.8570708856745
90.55484038430473
123.55836531951451
126.91205357432077
116.92319732537146
108.30365582008028
119.88389358184504
79.79648894390333
117.42662389299734
90.42919242762189
76.1438996555975
89.96136982449816
95.71121617182993
99.68237881732696
83.4867734042883
99.22792562198521
72.2416611459797
94.12477633949575
82.99470551005551
99.47914612139287
77.77699795919901
75.55592505402475
77.88461920067547
87.55135974339206
99.69558930292338
80.75969576202385
80.93168715910159
100.29525903552668
80.35089504262754
107.22260195512483
99.55738113935477
101.61444216379236
107.3227030602652
84.14317311923736
78.87334724256647
117.13658195360689
92.92556633380521
98.10505551286764
102.53604255063868
106.56739845737768
113.56857979224586
110.16847050548141
130.25980287840233
119.75350353341997
117.40161874449632
94.25873923543574
120.80667436071764
121.94205845850546
116.79781923794651
110.72332063842404
105.84041001092864
87.74253329697552
89.61318450074805
101.91347504409723
100.91185425339077
83.01351488285826
94.9411760098658
90.25967003507107
90.0036132888811
105.27218710367228
88.33019309077864
93.04392899992655
106.70397826850304
107.45318446747488
96.04014510973843
104.87198053465379
94.73985876432265
91.91745405904346
97.56316949349994
92.52305721562668
102.55975048374529
102.52332529866833
87.62280279341316
120.12079175286983
97.76844138251847
122.28769939693487
123.34547096423897
112.81058038218161
130.70299690074415
119.53435846941764
113.09597006867835
140.38495860064967
114.88288837085959
118.02698303812633
125.54420027747804
115.97254443408322
123.39059456600748
100.85918232133706
98.91040153774804
114.3578785225865
114.70122252233992
112.92387564945963
131.0618497547392
103.72826694952634
108.43727767467388
106.44348781092147
113.52828057478462
107.1305838929385
106.8852049196411
106.49999242712826
81.9793673701033
92.25923509815615
93.97074477473379
84.61494169577401
79.20553198010573
102.71133968284055
92.30827507462506
95.29210192352288
124.95191490741084
97.4758440950242
112.03122978934621
104.05949596110274
119.44510302684546
97.85546217644426
97.23610717873478
115.97261710774929
98.56940582050036
98.5246102974552
97.44036694128631
118.079439221869
111.73292765457695
106.55438109245554
96.34876769003756
97.06949698311468
85.33439743229906
119.76491684819234
93.56999597336622
108.42247334702216
89.98254394608806
115.48187728771384
103.83648080330667
118.15957297285206
110.80613581987025
108.44779546039555
107.09355144446009
99.99032919663917
98.30008433508357
117.98748536624745
106.6734916849643
123.53552115795208
107.79962398454241
119.25726012868874
126.23736548921703
115.46455117034097
107.08580877778415
135.38367530706344
122.4299153738385
117.01904845629021
116.43307784481826
115.32155038499859
121.49251525579686
117.58850530470721
121.99790705517758
139.33901643864309
112.81696909208522
126.55646980568956
117.85434683961155
124.15547523997763
131.40475139186336
131.58819148392632
135.58243273940568
131.5168172296297
113.28615672909353
123.31986108600654
146.81858754464508
146.65608861455976
153.8810289058895
140.67284314594053
139.3609405007889
124.20036149095762
112.05096915413242
110.26108730539109
115.77755708895947
133.8289391325826
132.29625013306375
115.47572736105467
119.62244018931423
117.18019435612877
117.87204782321848
121.34719713076232
118.84837422934042
107.88826937699638
117.74518085687484
125.12621694378107
101.34646240933203
109.17832602232393
125.14183513810963
127.21169798613806
121.0380470570034
117.15206486383737
119.1435514011129
112.23959036310842
107.84630334821341
120.939819860254
130.27307871136787
123.4234798642322
115.39531418976942
125.7061027332157
127.09911491665706
118.32641091338864
110.82248410303497
141.12981147544278
111.02635045217168
105.74515892916367
114.7412602457033
114.83244838646665
107.14163394045354
128.84302678202164
128.4625565589533
131.88088575833055
133.84891756674477
115.83515308340392
114.81887165835447
116.68075039169956
122.33905936659004
96.76086133992462
122.69734488258771
115.76138959831478
119.3581414783735
130.98936795907449
123.81376952027125
117.77011239291173
109.43583248150398
118.53144595723094
110.19972019329323
114.14304590023127
89.98630266636272
100.11932360605027
121.34594565365796
102.96427086071672
98.83023683907415
93.49945604109178
101.48177164327689
87.36843362265766
80.28739279250632
128.63885255244224
109.19068907370233
109.07570654539286
114.82541911748257
99.08832153018182
104.6016139628997
110.75550887867995
113.94360145799148
136.34128485036848
119.27230262863505
107.54920353235516
128.76744871492187
119.24914212476114
107.45000267904092
120.53856707438486
93.47873728708147
128.3321005521257
117.29930663570529
122.11920309417616
105.67163676637368
106.27303563209004
96.352443922085
92.9484444880241
110.49348207605135
113.71519326550322
109.83446546222434
120.51348631832757
129.98276157518458
109.79637424428223
112.44993912275564
136.36475388254223
103.03206864312507
128.0518630608219
129.2070621116524
129.2684134674815
136.20401505987303
120.90880736795698
132.06763472402443
127.67085635231739
107.79285228765958
146.96939553416354
142.00108827869124
125.562304069038
112.31004227281068
109.96342589849256
110.06517758420625
127.8519571275286
117.33263518115047
116.4044331903818
115.3069255728971
115.77381955752634
109.2675059359269
128.73089286606532
108.60538051692922
114.89002413238227
105.24568841123028
105.91320738975291
94.62331494680295
83.44319700184373
84.73394725482508
111.54762679767863
94.96251821079022
120.2681947484972
102.35153590852313
86.06932400183298
104.8945470978699
88.33524687138478
101.41383270499759
97.20253483582779
89.59549743928201
100.5802714649633
106.16013238021684
97.11704655833871
91.77831804258113
94.25874077304758
85.14176378676244
100.41104801737306
108.92041814684157
98.7826137946926
130.63247353094872
115.37122068904485
98.17301608789062
89.12603913831856
96.87085156262087
93.77494875708032
74.33224584739786
106.58966418738913
111.38208344431604
86.57257334356339
82.56138790118624
85.74783881375762
107.11832669824102
86.2196704957766
93.30706510449978
91.41868510818404
91.67802442003908
102.50140659610227
102.70301867710609
90.21981543843704
94.498050345345
84.06038397704152
95.47617612298448
77.10204139779003
79.06237040640751
86.47375915936546
58.06384744020956
101.05363949533572
93.38433314777456
101.92066644758516
93.59440954335965
92.73371288680293
84.96553950847999
107.50306589136311
101.84554865359318
76.95275112486317
83.7377345048481
78.72222754553493
82.84956360015744
84.02159841546751
83.81718809724443
90.84623723779946
90.1590936881353
72.8676025435556
64.22164397114503
81.26522115780426
69.52705245294258
58.46686347950421
68.47333585698796
59.2704150079024
54.144127372528104
65.4302258770787
62.02289732891611
70.47974553048564
84.29689800790618
74.20847166349031
74.92238671006282
61.70033058774817
70.38124560738375
70.58461032276124
61.970061531756286
62.04262744663534
57.83488453423886
45.08034628637592
57.93410334815264
57.990403910541986
51.48302350104565
50.66289918566529
66.41225371313519
69.42515416377384
51.18344786785724
58.696873386564114
55.07952921625082
49.23656516675153
52.758284572972315
51.01844124142494
46.25701004182843
49.27198102743729
56.13644265194893
36.698377584754674
35.266365556926296
29.638140728986816
50.44986302316333
45.63222953963446
52.3353871789885
38.38929899797396
33.61357033761677
40.94759679945605
45.27881508951505
44.26483569090045
46.18600804666982
45.68426910653994
48.47102119671488
50.214021040670325
45.58941752951149
51.413546257698385
55.07534704509047
49.47587882173983
49.58418039287459
57.23485835182244
69.52479505649565
49.67400148652925
48.26429648405416
38.472355377031576
47.312701371474176
42.91787766525796
46.82946949389351
47.920897913787364
54.48603834811115
50.24208002087183
50.38123480192308
44.568315691725324
49.71507600656153
49.94607330879957
41.39738494740507
49.24158360796352
46.37934009512428
61.7780545641073
48.65881240454081
39.86331645116589
54.39775898573856
44.73998351319113
49.89327566608407
41.64431844118236
32.77888822321676
13.736372226371362
13.447548243010477
8.698834533082104
25.034339998458144
27.935248339295047
21.18414760252152
14.79282737211701
19.783378072222277
18.3222050702716
23.36507133516588
11.734286943741811
41.14012668975368
32.05531644250151
44.972963369385326
49.83166509716806
56.62481986583961
53.60940914672713
72.07361100093546
63.380915821116744
73.70709179432124
85.56508513213615
82.24345996343364
71.10838283327577
73.42466530635235
57.50517970734403
50.01449856319585
68.86954771629992
72.95305225814754
73.56366702704833
65.17505919259695
62.058863728502615
66.83266924113002
69.5765443852461
60.10394396276534
60.11479516446349
47.26879087446306
54.368371422335265
43.34128167241822
64.5901160939012
60.04481226060747
58.50839144192873
68.59985322017599
77.57915338355583
66.12443813838081
69.39566387265077
66.1074053720338
66.58137501888517
66.38939068881437
62.953750713551194
53.15567780665141
53.69255093356237
47.45554443014409
49.09821071433905
57.42849707640069
39.072798723505215
37.609800677790616
29.57120148011484
31.1007561744768
36.00228083310658
51.59758300400101
40.13920103544162
50.14423168813873
33.65941593369592
39.96389154905865
38.3357472999855
30.885783006243383
36.15662792604536
29.98132603301241
29.83625262992789
42.81166183588563
53.91494374665587
39.222235413754426
41.59630537634471
38.69533251255724
42.448513952467536
37.809695171712995
39.259160653547994
32.770218028419734
30.77156878298078
33.89878681885388
32.17335355346694
22.77096092289979
30.3218583598348
20.55296098899279
23.620950099034587
23.492230905900026
16.174151749777337
14.443251791455607
14.021562585240325
21.326463757972366
33.22729069507916
30.579633909658018
29.07004411073998
32.621351347075866
31.510142118195365
28.196648538296174
33.57772341977146
31.573991532911997
43.68629089959159
38.84925484976592
39.75682475508403
32.75968251122687
26.325489350521092
26.492910069425857
28.788534815129836
15.617718045098684
17.480615974163523
17.16037187131486
10.811891602634924
26.12868481013484
30.100016557486235
24.37941986409938
22.496335866727986
29.07588231220933
25.217552881861067
17.230409071199965
25.21309919895326
30.692144983162038
22.388835822152824
22.337578266985528
10.186445022794771
23.173724861002388
29.97938151302905
19.211929451742694
24.009588267097072
38.129429256445164
32.00205722677316
30.140959927419555
29.140270611426875
10.811123402270423
43.55577099713275
26.19193511847833
44.84860557690649
48.09563951708524
41.3636429976422
37.17248563588226
53.72244285049085
36.88887348881521
34.77760014551524
55.249486298737374
40.29107610344697
36.82034507792748
43.284124009345206
42.97047555041799
37.02378992305056
33.817384094490336
42.4444392091686
26.93816354229256
20.310710698344668
7.130547507179146
31.42874286420788
15.032758420114256
33.49635564208505
30.178930212267346
32.4065189335619
31.836701483921
34.633552096017524
30.617116042586872
34.29779967221707
18.137162537936877
26.693472565473414
35.093052714857514
32.75490783738894
19.006681688114558
23.73726874641164
18.977276946747757
31.184722948314942
35.603962236104735
14.072219031806549
11.812622474950864
30.0855810091687
25.67742624893864
31.31746341472231
23.408991782590828
19.295600685227072
43.00314079234785
35.8265761281515
41.37443049960698
30.78469303789606
36.67154329104082
30.276977647276016
30.928921313751115
24.145176604370697
23.90779522450963
37.91697589184989
42.61584873553364
39.32510244278231
38.38788685795025
45.212811494911506
41.90325155244502
49.68168944523048
41.57290746569588
43.19740440036088
50.261185302045476
46.04543855964872
43.67298116152025
35.39898256246882
52.7273784354872
36.788764899741416
37.40005926339353
43.49276438609517
41.34106995983643
40.94936713211586
44.39214117638912
41.43904735856719
30.017673260240212
32.18417490857093
43.60252038936157
49.34790837767181
46.007295234692705
49.29556734141844
49.623744301458345
57.07970083599279
63.76233447769487
49.30161473905807
51.15031147917775
41.43244926259011
42.55172178407684
41.40509743395656
36.425414231452265
31.504483140333903
30.964807311978834
29.754841198711187
32.167704810326754
28.876224627823802
36.82448950290501
28.896283195028
37.09029036196953
44.84021166992882
33.99153650166831
34.26554434316213
33.31654943582835
46.40422336549541
36.59777635915351
33.817704902511544
41.69190411272854
52.73194788568174
57.074153367911826
44.76730369018405
54.918658552899345
53.82927113897378
55.96876895907246
42.04178786992574
49.972909121175206
40.53080223266423
29.457596850154623
23.053751592527213
49.368289198679356
43.321423278952444
50.776152488483376
43.339220496402156
38.173747837386166
31.02353338213286
48.335078251791764
45.87567940754371
40.95369136758608
61.5493910061898
47.916385753553236
49.133417895346824
53.120657681991574
54.610875067742455
39.671323758846995
46.730433820355906
53.527195409167476
60.65070306707106
53.57852822062276
60.19744920575056
67.60619833458155
44.40882765504764
45.52746506472617
49.57812127525213
62.472400216494435
50.81406749484775
61.0033150176848
58.787507106376786
50.084337525986285
50.43972723391207
42.021998257562366
53.09192953965387
38.46686807980638
31.704725245634343
33.25068247406672
33.47578029787979
28.65545820891361
21.89473068649009
31.38422180105949
28.90860409881441
34.592720348031854
30.89809411258622
20.78770757963251
24.17526296605749
22.975084611601336
21.42933791438858
22.213179477224806
11.496080321522317
12.186947865303635
17.396316552583134
17.789897429115292
41.175683625790356
33.01124048262608
44.760208450110795
52.26930539388505
51.91495062437781
53.46052735325322
44.49901465742846
34.55238986992782
38.05863617204798
40.141001850927324
60.282481825269535
52.237856530191245
46.9101353586846
52.19782640092201
52.78193426826284
46.01744677526365
52.07063455936296
48.91120097375405
50.42121443062869
57.8588965765923
44.850085056979644
39.631431686847364
41.84967412330419
35.692244179659475
38.44083067706164
55.84181237382427
39.4480035906517
32.05600092858438
22.29543823522058
45.859507348942614
54.0257775769542
49.00454649919882
47.890961066141955
41.80953457951924
45.18844129108624
21.66294351941227
50.60213291994549
45.651350154646465
40.16139478119231
6.622834187193899
33.65699060654265
7.0654162261711
39.551103454180996
29.743520634343966
43.99927332382353
43.26171797569363
45.700743130245804
37.67214444915621
32.49234073143715
4.027544267221099
25.879296794875362
29.331683537110326
29.334845877755278
39.39014079354781
40.74376062127428
39.780875432326624
44.89744432346687
34.945665094604465
47.75360606542959
42.28827702468643
53.37101252095421
57.25340604699521
61.67367068301054
62.805640481331174
42.46395205662563
47.26643283717409
42.739667619872186
33.24691310571043
33.767609224707755
41.12851095632409
32.954751647297435
34.04273642442145
39.391862226701114
36.075035312208314
39.3474339541069
48.88540073951153
37.90449718649478
38.90194006736887
32.14441923784399
38.666072850464445
42.10638769988728
31.835242106946886
31.042598469224536
39.28267658447672
44.544588716897394
39.53084251566178
35.586355177515074
30.993446629899257
41.4124020689216
53.77875911895643
44.817086802006266
42.89091275465792
30.62615498082096
38.62042174739537
27.6660779834273
26.63161636759356
20.179122247575638
7.153480327638539
24.68822423039499
21.644303025467668
4.270754703605311
18.474917601996562
18.553476259192667
5.142494227637043
18.075889558581114
33.56684573907357
27.11238087821475
25.44005182526699
32.66385732974128
14.266244296538947
30.85226352034162
25.450968624550207
19.536395935417513
29.38142187217198
15.984609866902726
24.665720656871713
17.833042811937514
5.512688486660882
13.724905641289123
11.76305353797883
33.87656876554171
36.86446771485063
44.76731290967021
31.107805183004004
8.804543396789285
34.25201225219593
7.066436575455063
31.016904777499747
44.18840270785884
38.393307258918426
43.9825335489568
38.9622144787716
50.11457859886497
46.59008971224903
32.46421650944858
56.37283134691325
59.30860484030134
66.77400472676668
69.09403684530739
80.04974271971169
80.24623296323912
64.06123452707935
70.87268141662702
62.53830542107577
51.16745192011513
52.79842771047272
52.219078466307856
46.10461730116167
42.91485574004904
41.90442291059415
36.01650033581971
41.341159997876545
42.25922204610969
35.89970392462031
35.103040282827294
46.31402777425173
39.71235516478332
39.26995745652119
52.66113445571635
54.2441265457923
63.455053725477406
68.53222878869605
41.61069636784437
67.65924982800081
68.70053453253549
63.55856665069034
61.26915220475004
37.096558081731466
52.664372378330896
37.362535782145315
48.892299020203
44.85674855488373
58.93463996673469
43.929897480024
35.26432335709593
51.70210592803268
39.956892178853344
46.4227903686269
51.22121581098565
37.23787535067673
38.418777421168315
29.20102977255621
43.84061418597123
33.37880752706593
29.967701798434376
31.425875422513947
25.405113181976773
26.260375322547894
40.894560089282365
27.8937356493905
39.27280927008777
20.727279835515944
28.240298371451534
23.546261014684877
30.243753453889987
21.69784623001558
20.086176432230644
9.397653013474299
4.592643301158978
10.69320724574429
17.39289331653351
32.99614857868367
32.83919463045969
38.78400572256011
31.369424368796185
40.674582286783604
35.41888116041102
31.370100161369784
31.137321639958905
44.267981896389124
34.64456524565287
38.88853017599828
46.638092273380806
43.43520582389534
36.73675610938414
35.02282840045414
34.251353837308635
38.27756392357585
43.86675012937604
47.346505965195554
41.10371528879046
45.73615469003474
54.09634904884267
50.66311879590985
48.056887672982526
56.12500551869728
50.15262891175999
44.6779662327996
43.15327382207573
33.69612855175619
32.73374680230856
37.990632184637384
33.403015786031446
23.59148730675691
28.101863864981716
26.362298502918417
28.22453916964598
18.4477298727997
6.761257323472399
24.646469004813415
23.351052033799192
4.198969656724897
19.352685690422074
29.609655650578187
20.412289270853545
29.27084056004247
29.42050719821566
26.524958848801003
29.664406420758056
27.948523938000168
23.26740590440422
6.0398030323719425
17.708967510916175
9.5976121918119
21.92917151654322
25.510649145905433
14.168415799725352
9.342257564211762
22.541776138982545
23.708412881730577
21.121177652369212
21.719652835063894
30.1177329094383
23.559441589476368
38.29270855225657
30.056623879101924
32.62790886090431
34.87326796662248
39.00778851507786
38.963544017395414
34.80436811562607
42.124645054034836
46.887269283890234
36.90145262757357
37.54544058071776
53.62104923039485
50.88970739704717
46.03156372479105
43.6736033798402
32.54353853277675
30.416398470790526
30.75806023913447
35.13876064343631
40.87650802143951
29.18074126268998
47.46682895509666
46.37361090308954
49.8110002279949
46.23060792226509
34.77611516758694
29.47817187148082
41.03273303504816
34.059259983246896
46.18662733199928
44.086693952055974
32.08341504313048
35.176468097640154
25.441523369523615
26.9317686303929
32.02263556238675
22.102567333207947
23.584777970616305
17.403031095078013
31.942697496761895
45.59514819402081
49.97808804692536
46.79391733580153
53.78278597560934
52.05634854743296
73.28345664831907
49.47147563163453
61.99976131123892
71.27689965370067
71.45891543182411
59.953723237739744
70.0791129321645
79.54230643355172
57.594209100159645
54.048063452450236
61.26585876630431
44.054386557025346
65.72298850265649
51.59526891957385
55.23798499521955
52.5813619933851
36.116546812530174
44.78300201044118
47.48716153993957
48.00840259933983
33.76298677667083
34.54140910798008
52.63861965488971
56.18531191728973
56.706304754027684
58.45947575046654
63.82193063936202
65.22425233264696
75.01280079510674
77.80885058208048
50.5201950451066
71.18373907451986
52.45189803680861
64.16749394991814
68.78862533463547
61.51934058662839
54.775171992744845
63.34362165203832
41.230686298626544
60.30240531273721
56.617284423553045
49.02104583731596
54.952569092161134
55.93446215823366
43.66766138088408
47.24243130234056
46.675286637188975
54.8222732475339
43.8521044913831
48.43860251855605
51.1165785744166
20.29967749431853
49.138231251881926
57.31360385727876
50.04180781369206
52.11644297875426
47.053445636090096
51.138494706861465
52.60823789037046
41.6672242787605
36.71283821518037
48.361609329969916
45.38339453390873
67.93676931106168
55.543705287003995
53.4521581289355
64.13576027692187
43.74673323715602
37.69355790734998
29.887802632175735
40.640712765823686
34.961269840451486
29.282512196101248
35.416559071018405
32.89947730507545
50.14940651360491
43.83858720630276
52.92234251644688
34.08124170685583
46.67433776392894
42.73042885987482
54.74057588232809
43.628651250366104
39.96629131388403
47.650839059965364
48.162570322815284
30.925702925741838
20.69584846738165
13.20448385928338
11.325566422262769
36.23314099539613
21.907662879602423
27.127288208647116
7.519417552093914
42.07497974516046
38.54395404932485
27.07773676291027
18.44708834919975
6.125017785919061
21.205226306273875
13.170927061304138
21.496371103176728
15.653591494841477
26.866933551280916
27.876587716034372
29.373940064812746
26.59912721553995
16.22249897669524
8.514371181808144
15.91298246060678
35.866742592383616
23.424551145654714
30.495895474018806
24.723136390673588
33.65559951983719
28.090040358469953
24.853867306930734
20.62879917111232
12.383554167597712
19.357397078758204
21.331459748398288
16.603179981944933
17.56387755267583
28.40362699555799
34.81600528382398
23.651059367788577
19.344628137292837
24.100517982346148
22.117532183291413
28.678175571849838
32.198458378953276
28.930099921595975
26.565673372107263
30.468365353818967
24.59801611715438
33.032582727318065
19.754730756622465
25.600127507337316
33.20861320581974
29.488201785668668
33.603771006417865
30.27729230429415
40.89866765140602
29.1488055581354
47.17228080444538
41.81291670315966
47.18826952925378
57.97975009638079
50.223181166168175
35.48634416544303
30.320874898388237
24.302327481070186
39.69816989454216
48.37940874773358
38.61228605643328
30.821059272431096
49.09679547675751
43.33699373443154
34.224887277075155
48.476314461969245
42.55520305923125
47.745011305447356
51.44696021606881
44.83651407894308
54.548058939907875
44.78870083635962
40.03391622504742
34.248262559868735
41.236213367810166
22.010243913294843
31.416197513069996
55.02821291853382
57.6131638427719
44.80779183515408
37.03601532142784
37.62958535323253
31.272062937613985
35.946317772926584
31.30535587301006
26.253254023542418
31.439882783914936
35.332928399615255
23.598274968969495
30.794643740698092
25.215099404779714
32.166435150331466
23.21021003131638
31.81660987852144
27.983048543313988
28.879109216717865
21.869733571142287
22.422218763526455
20.2906295289659
29.44931489767716
32.711377755152135
37.225997895593146
27.502877402258576
40.20080846821817
48.62722837011965
36.968779969737426
47.85339067304981
37.72120259737307
59.25139262161895
66.78602103804182
49.610761388027306
54.29724817970677
37.67133815150588
62.90334430628403
36.74176238981445
44.94778357864304
47.733807454517745
51.93020819165426
50.4758427148298
62.274514759996165
58.17116450425083
59.93166695159918
55.70837065163588
64.71388769045423
61.338622149628534
74.13324578917273
71.34193619351623
67.66333739247615
64.24129288765238
80.98218452278658
74.71247808637992
93.76205661501143
84.93767096947053
85.4035885696388
100.76352980236733
87.16464661875362
73.57262394286022
63.46801734160317
62.986242515677716
61.501235666930185
72.74382406134595
70.5329068254173
73.63069586090693
73.29503622649537
65.33049202076369
73.94651109870978
71.3693205264738
52.00992035796378
52.95855274371805
46.730920217248666
50.917306155022416
35.78678074600987
37.82884536082246
49.04741980376379
59.746115798142036
60.64880648172336
53.98076198582789
68.99434433628896
56.90328979396717
71.80619978306807
69.23835037586682
61.68029759005753
99.29159947350537
88.139700540285
73.87397642024212
69.22898966474608
67.0926895729892
64.80093031708223
57.58042301867998
60.68311886673616
74.6166161257148
71.60473928798342
69.26035783411763
67.76583530891378
75.76169263015396
76.36774028255601
74.49286398980746
67.819175998169
68.43065699792622
84.64154350691746
91.46109132857876
111.28816425264841
93.63156249189478
99.49614454248386
94.44445740298346
95.15606514000808
104.22621804227944
103.40554260471106
94.21142400704899
106.30005910415444
110.5156722915054
105.33616102478916
108.07488444951059
90.5270931899416
88.61077931887756
114.49025401163641
97.73170173543959
116.89814244946915
114.88954426602841
109.97903100581351
125.38242148632723
89.10705858391638
97.79993079821915
90.32376485312007
117.71454277325125
103.24634860088187
96.66162098782185
93.42096090462434
121.34631055425247
106.9137678053427
100.00052218543765
79.81721245892543
82.27761909893049
84.47764758733577
85.70117704380048
61.023447631217564
71.34977234306729
96.26454549728429
83.9574492307057
81.73097204184872
92.77145102558981
89.06649049543002
72.18682213583081
84.02483658199145
76.84300373570731
92.16541074595953
80.21135371225282
90.54845571529917
92.86079349234231
109.45957860349242
90.85180219649898
100.72261515144955
85.68218539514334
97.83323246489539
93.35002464660252
93.93117236298524
92.24910840035473
97.91634468153937
84.3600874341594
86.29520016417204
91.34495825163405
75.33018473668731
90.430425745731
99.59599822161069
82.16750378633958
110.94884037702788
85.54214443407679
91.93126697679872
93.62258356182329
96.63715123348562
96.81362537530093
76.26968129183622
96.3495153620636
100.90121728288871
95.3856121593442
81.53166742746758
82.33137138238381
96.69959905268107
99.65444663423823
107.02858951634512
106.79256054514663
109.70898227125419
116.46087986404977
90.10184999354279
129.72339024625686
108.80758471414403
108.49143823527118
115.3915028521518
89.62211430944551
112.73252956792126
89.6160412566604
90.9233266862707
130.7995005683795
107.33532828513547
127.03583324796742
102.10771575919244
105.36918566811177
120.60055157645422
108.11256897171187
86.71865121839377
114.87544936125406
89.6518980016931
98.25288332608105
83.49730275425216
107.55053793234424
99.27486575876706
98.93090550142487
111.4991074555668
97.54884519837024
105.15428602221169
107.13958591542588
107.69388390720553
98.50083297403258
105.76627868183195
112.34329099292017
82.438041014471
100.38965253887818
97.61994371181626
89.31870434708271
96.89110346399538
101.81262973805408
100.17889166746129
84.24600202733801
92.79400956106885
109.58303287782786
114.95957219449154
115.67255997445201
78.5038768618366
104.79021605505174
96.27081330463847
89.95421495549375
79.06130281922454
101.54093266483322
88.57829697902957
96.85139162017637
103.58765480441659
105.72494812590958
107.57899253595741
107.17219858810873
114.79803993401536
111.86090530319836
90.73447558140239
101.55016013371063
100.76473219667899
97.38215848493137
109.3637029328778
102.61099016847628
85.4857228880406
92.15159889978152
113.35344709318252
93.17189880040698
89.82586753101229
98.55982678024611
101.04520425200784
77.31815309937932
103.82257807940076
91.80086951611628
116.54883585250901
115.52275496641644
108.82154109223713
106.20136095022167
97.56194290948999
97.76590374686933
116.76133145514451
94.47613014133749
116.17926656985298
107.27328535617578
101.86079566167197
89.67735399727142
87.52558328308687
94.70341155828544
92.79424212982732
93.32844873677954
76.14709305571441
98.9227335503078
94.49213714271308
118.39041349792971
104.8033554488946
95.7249957721061
110.67676317971136
129.19545081030273
121.23735384764079
121.61872712881545
120.97777819867137
101.48343867079605
100.13323766731695
106.61095596585746
118.2546069090734
117.69560390026086
123.09832141458999
116.72953688140893
123.47077278332611
102.13175633768883
125.27371373700946
131.9860834095514
119.44684726969476
124.18361447288112
118.87485971172273
114.26448422903964
113.964895570365
114.62825537660545
103.26912039462873
109.0802492534164
115.10804562717315
80.46139494528408
84.16826494439779
99.57069816101207
86.53402941396085
78.06285780942599
109.12184113170422
99.36286314978608
107.91975752562165
120.54118205435529
103.83597345285806
100.31377712531244
123.17850023634384
120.96588396917471
114.02016930751446
109.39284824261243
126.61520113554579
121.93352640952492
132.07430748815037
117.7532105026396
136.81684821774073
129.43594474062184
128.70541928019588
129.05570148150608
117.14307802697297
116.76236660396121
104.77201595437104
118.87422093140277
119.88346611133558
119.82434638475895
103.72006927108295
114.43313709349067
127.7792659316497
125.3865771061192
123.92643318873819
112.65518552421571
117.86300763537895
136.01482944360905
111.65831612371458
118.5366581308443
93.65805995699226
116.9354263363583
112.63180948741014
126.98822600229343
112.45765560896845
128.85653382186536
114.87223245007196
113.66648144008293
134.32891451170505
92.48585013445758
113.1719264639581
97.92559673183257
115.30771518706172
118.32419955106944
108.53356399227847
120.18592961355003
105.43891829591887
113.53001609019083
120.38945638749597
93.36048403447543
126.15432052266775
118.68554866206101
106.35355084797044
111.98244844733566
78.65185586080608
115.97939040859231
105.49956652162831
108.93321915729344
100.3303225134432
103.35090192299144
87.9547509571366
112.2972013555065
82.23180708396126
89.32783261943163
99.17042263310123
96.13580579757097
78.11185566307705
90.93511255020398
94.30247005130272
94.04774606895622
83.30285377861495
100.52024473087857
106.78373029468767
105.46525126277393
103.06235847842582
103.47496465237843
87.81026433503528
92.38727106635888
73.63402329522329
95.756063575015
99.132876984998
89.58198688825766
94.26160705500169
70.20860466781166
117.81100187965079
106.73246143114989
114.47355412103775
108.29581414102013
104.92967314449042
98.53472881120493
116.01012238297784
106.44840439244474
93.20078749493763
100.65561982578646
90.47243621066552
111.93653910719081
108.41339431767994
102.81834913347365
98.7393988903824
87.35217613082192
94.42071286588896
77.05937887710184
97.85169222977602
84.8801811809707
107.95950874971209
93.83460521500886
92.17779101293485
103.31088223691451
96.22516347354862
102.94456371083024
85.36370642847154
88.68099088913657
98.91391547768299
92.151707863112
80.36695338226828
97.1633759128953
80.55857757665147
95.91770530391682
74.829861632825
77.47136869584533
90.44742685638502
74.93231666688207
71.27753964082271
78.18858246547569
75.95667192329608
77.04435135223744
63.78933348030002
74.16937366127792
76.64624128765033
82.75052581599574
82.85264302059576
80.6460601858813
76.82856000455686
67.26274685547989
89.9006318953394
94.96406758058403
88.78015990653661
78.80929239129058
80.83433621186992
73.55649211515446
78.45034597488845
69.95756824449407
82.94297943137991
84.75661360004166
87.43186504344395
84.96077329260535
88.2419377323223
77.10267308209826
86.37893037256717
65.4066830094781
87.39097036005526
78.52370619020313
49.446606882349265
81.69530056339555
69.02694486053484
59.34050487755874
58.143819614439636
71.84514144590182
48.429255173087604
61.73333970949106
44.70231686164693
52.105570767030976
57.386557730253486
70.607186791079
67.89193526206276
60.849068961777874
67.33720668557626
59.75769703639633
63.76669190808546
64.69804821113034
57.32217875904981
52.78102900695301
44.26976051725548
58.45117844660318
53.877071895500784
46.747716699642346
44.35288339835021
46.47692562425077
34.86724841687743
34.317503719420856
38.49810294365921
42.544612252832465
35.53959242655111
47.766826686938025
60.09736739165687
53.270429236084944
53.29989677084041
50.656364957621044
51.02914657074018
48.48975299923144
35.16167304229499
35.264637116013866
47.92287104868701
32.42716194893296
43.596466054452726
38.31598768434231
34.71290388523041
36.427000983551416
47.685603722004515
31.33146541895558
26.93213788186835
35.515832602200845
29.509023203444656
23.598161121377796
32.549307184921275
30.931159528512396
35.27460204096189
36.15811582006485
30.78274561946818
32.88939691317005
28.59830967383814
31.35564279046064
37.275502457957224
45.29769499256589
39.71395856586968
31.249333449146825
43.83820349103503
39.401844553251564
64.56288353335836
56.28378661577912
63.63345405046499
52.56316799151706
43.46212575748011
45.253536186005476
49.73002492044169
47.84363737759267
54.76699616852714
67.23628280253607
66.86086950294734
67.55068510063587
70.04138350380956
65.72166398134237
79.68054046632643
77.76166160295944
77.43552318162571
74.63072069808368
71.78744769051349
69.06411179800928
57.21425254349836
57.8509810998153
54.70967079087134
62.06156887689468
50.60197040426915
77.44370277628572
61.71386477782952
48.050969296288876
52.086506467796646
44.485578856643166
57.071548501762635
54.822078097385706
47.510188248837146
50.41189815545565
30.99923264653608
36.90052573270677
38.95374672734007
46.39289680663886
36.636308127865746
18.03147514147964
24.654859977385797
37.97568899813576
47.86873372404023
56.68472392211673
44.70133924128636
45.96433343943637
36.64808618642726
26.70993536106766
18.015852120705937
20.85006743818209
21.260618159004224
14.67424204489647
11.751807805341782
17.971269204892927
35.1775125226856
27.475165185879064
35.38416099855008
32.03184904397842
39.925617999714966
32.30353932730724
38.64195043021938
39.04049970115504
31.441910218438412
56.930260495606895
46.51239168699806
50.526688804003555
47.86335337019236
46.66113707517562
49.01720365884983
54.32280609049271
39.5298602674908
51.920444116285715
48.25434008590383
62.37706723711217
48.211114035228086
37.452413992560196
59.46728946281366
47.62326239000888
56.408299375561604
57.46363467358385
53.95630094764972
36.222910920105
38.90209558014306
32.13066826202558
38.19194106037314
41.71561961417865
46.01673200560517
46.37442401702126
60.02349927434734
48.154525350255405
41.87027308476821
48.397692935080755
44.85286245696146
36.19930404651814
26.933450946711183
21.856310905358495
19.720772045916135
11.206081966794537
16.93270438085929
24.96741521820236
13.083127755278369
4.471836671543301
14.695961511863718
20.86973675865244
19.31681942370601
15.452181567302814
14.9083419386235
14.982191960605434
12.12520010772023
32.85030230863709
24.792785878563322
23.700944666159934
29.349359289212224
16.267066352823658
23.140219187379994
19.375930682564785
10.796441062305034
27.881490734227494
29.475368936654192
35.38446127850117
32.143099255886085
23.882147597302023
37.24892808128684
30.93127495914147
35.304216370105074
25.97243565140189
40.67612912857325
37.32978529517653
44.96607340994437
41.84434364817162
40.04689229472794
30.224740241125488
33.221608794646485
28.77551841600906
38.00164639997537
28.11842371521662
46.707989338219775
42.187141653650905
44.892516721153065
52.29257684433759
56.327321381393695
53.587381753918464
46.12665612251266
62.26851124863034
49.96668178854072
65.71316850391001
47.986877906066916
57.833208706409806
64.8353985013711
55.360491941482024
55.67606058683648
52.26329734505595
45.06237735639492
46.40945735495859
45.274132868276055
52.91916779724496
40.70867396273989
54.2801299595072
49.61438140796728
78.73153089281199
61.88979244856395
69.30786760579575
58.77836765041384
72.48879085723273
53.08155915709715
72.24598599536532
66.75050553865215
64.60205048257116
67.97998636453327
60.31973028097989
70.75256296816839
71.03008021269353
61.56218745023978
84.17778075720096
87.45781532135665
80.76671676385939
70.75630432481206
85.82217481427696
77.65440208439803
73.15646877699889
71.32550397746921
50.11099737500438
46.398519971670986
58.846922542481245
63.25003377636226
45.1477326421493
51.99904284477903
59.10761332560524
58.71457709833458
53.3927896871372
60.17611944522343
40.36267118132997
62.85130438912938
56.8979500744912
51.622626465848015
58.452875497503356
57.330046182209614
48.84134284243308
44.48538575754934
60.99171194763585
45.3195721063856
34.71470624417181
46.804786997012314
32.19153540935604
39.5353872712958
40.11026712495552
29.0694531459634
21.94487800432885
24.16458822747839
17.915917631508268
4.260326931157332
31.32048752186056
38.67455454124657
30.841817854317668
6.694084705275201
29.86861713651663
36.85033109427702
30.116998469621695
24.119329697259573
36.39650411299563
32.170513717770994
30.897383857787535
24.222070686842375
24.75253141491525
23.889015658583972
12.807588523969555
17.20699855087769
24.55240294632828
29.034439261651926
28.551162651862796
23.054933492005688
28.304772800582505
31.7697598918086
24.595342140410132
22.100668149135565
13.16748669854631
13.613617008627344
6.488894151318035
9.368335826850064
15.039735847841737
5.145849912571189
34.86534891129602
19.311700857332536
22.26453117803037
17.844760998607594
14.01475745796752
13.038168788331548
11.211555489521084
30.386236934979213
28.351758027614686
18.63318784320844
20.029565160445177
29.881649828895092
44.94127422896854
39.76280551533412
47.842887671949704
35.11642372335065
43.740723731817205
51.8604884740216
48.448638866972644
61.0085066353107
66.05691458094392
64.42301322988209
58.84190823331289
59.42245084452733
51.82289973244507
47.13877120220925
52.753451413085784
56.00852662312257
50.962291154237185
52.70243692942119
56.94133574378842
51.99843498359294
32.3098831557884
43.79349273730305
34.402512883298655
34.10200329029003
36.391244824542554
30.268936385334644
33.47692504126831
49.171492241582314
45.8811897946089
31.555042746235095
29.749483366921606
35.85841669098097
25.770573405485123
39.45449000581154
42.856388459582064
45.68882012297853
32.83401789149354
37.92599881398973
38.04486407682608
35.79525130887495
34.741351902417875
39.12760550900143
30.733417468175855
42.45334671426535
38.706911703432596
40.493535832163786
29.72081584190882
28.446900299169407
23.985174316916762
9.675754202617
29.203890355276947
17.78014024275919
36.54094202403797
43.81516942416313
37.65146727444921
28.74346026450812
14.133937760703192
36.17164820201616
26.592300824072602
10.040977139557484
35.919040573110856
34.87229874147319
32.284447639708304
25.038737679908063
21.73416695721008
12.215351726049803
18.509333594639568
30.897631282617255
22.573172541296337
20.1188209286055
30.08026225313308
28.200244822287132
34.6497106057869
14.86822712687238
8.039178936660662
11.618511834716154
22.184126661713304
24.158689967990114
16.847620060065314
29.96405104434219
22.324326436691447
32.92911752633168
39.91237330156517
10.092154238656732
49.724865520109795
41.754815931768505
33.6981187188925
6.214135101726802
42.18516899097716
40.2707163435701
45.134957479130094
41.70601615622977
20.629808497442106
25.872318761077317
42.22079130187619
32.2906224751003
57.94143880714407
55.90843398863981
50.9356690679123
56.54876371905788
44.945522660181005
43.686368468804204
42.87780744617897
41.79327795366542
47.4640224522093
39.97816159610243
21.70932801316917
30.707464005035856
33.39763731569542
33.83567842567625
36.27195722433947
26.988471255702763
50.14779922340958
47.82965206728092
42.780887062784444
51.36039632502591
59.55387018421524
43.56802467780406
46.243374387853976
42.79508509788217
42.388772504052
51.80821456063131
44.706582602667524
31.599510424925036
39.70270693782346
25.605871049586764
28.685466693809506
39.56056533901116
39.988861931439786
46.159367025140114
27.744425593501628
45.64446264222609
46.84863496629071
51.827887297999666
44.224303677226025
42.32944402007383
45.86515847360241
56.22639526231893
61.630249806530216
38.30219973049474
47.55337331542414
47.06663311667306
61.65771072210272
68.03998264473427
60.35897449603394
49.41922591935072
34.172273596044924
29.641496156209875
31.98793083078424
34.94011993636306
35.58488128577415
31.398697694915576
37.468074524830485
42.06153694207455
36.61597774907771
40.142144472333065
37.76067930646652
48.37423451395638
66.34621034714549
50.198788168811866
54.173855886961356
42.433869808425825
30.424292171262866
23.94707321016637
34.03840625558571
20.327530187332304
7.011146083783261
19.841487462310162
32.58345720204277
9.572753137147913
10.524090867191443
35.57330142159117
24.57158659722516
26.7374017241086
26.47092437712957
34.58986228748376
26.7906529122181
45.29763368159228
30.470565043699768
36.42845241140734
31.689272859441267
6.714626243330462
43.92015006868447
37.89916275822247
24.728510172001812
22.023298798927236
7.424423530992835
28.32778114455659
21.570728717644705
22.651369089225238
22.103584256855843
26.938338467650322
22.28355729017933
35.82892812582828
43.72625419698983
46.81324299301024
45.1457933784164
55.52746627517925
50.90811162023891
59.8549926650814
52.612525630281546
72.09476947998692
63.61749194459989
61.84378310538102
59.285745263544804
63.412718938812496
65.07944381454594
53.00120682489077
38.94130314641045
52.70523078995746
40.547643155352716
35.879901732031705
31.943235560766
44.54130257735316
27.98074389147194
43.47218455598115
48.15694087830872
52.5016451310357
39.083737972655456
45.796098910048414
47.72984446739766
52.75247360342595
59.24123768713511
62.85663501493208
58.80632943092925
65.58328675444872
62.83120080423544
63.147098926882364
62.182694016278774
56.80933367218686
62.48119823612074
63.36927427132409
53.91153768843791
56.69928865917016
50.51652734908054
54.645078355939845
65.00059622205428
63.08404109832731
58.64782425632074
62.796602271018735
55.65698786153082
60.39190330368039
65.88303306249776
57.58224321410388
58.92500611766195
48.81928276297523
46.58283246406244
39.445240430750715
42.39389813244623
43.30468645719582
36.836258459932
42.49811199039662
29.713747958691684
34.80256808970105
39.08469193161943
40.10322542272094
45.55042059796924
33.840416223534724
51.174964852461684
38.581606368384655
50.247635552966344
48.26707088606208
57.49999011278271
53.62757526574412
52.238579360542424
53.557717467036944
35.61102713723226
58.95136126687671
38.794293284493534
57.73249553758601
44.61802914581231
33.69712945055908
41.718161911984716
42.57213450937762
47.032677443379214
38.543928225267884
48.525037371595424
41.79295868384269
45.96864677066814
44.453917273994485
31.43850537949442
48.986129197553446
35.274546348971285
43.92133172050934
31.43465482735274
44.8853369257484
51.39937551638506
27.59283480742957
37.80830645738564
45.95586999229739
40.59139883941913
50.2237027018908
45.64556977936015
58.9371071720971
58.40936352164458
86.47684953819818
78.36008853788893
68.19041817567864
86.67695743569195
65.74223371419106
74.62973549997041
78.00267121146463
75.08203585293481
69.08906193263017
84.16419377702121
87.47872880975491
89.02672393691661
91.85582542501278
66.05225198245685
67.63732963512737
85.32216915351611
61.197299005044016
85.58380802571878
55.07398946027662
87.71773536862591
82.36480078942043
92.60284978729614
95.84656717255497
87.25170712875713
97.091362744242
90.23474864179393
79.70231300632625
90.71366590486068
85.55907742378098
70.76249187634963
85.2283119001453
86.31087653534351
77.48918752706045
56.42396766463309
77.08067759510897
77.05242919739528
77.5311475674797
70.37165030026041
78.42971667433918
68.2020420763359
89.0689170221996
80.90573644403403
72.22422210406523
78.2597395606157
67.43569563285295
84.00456403315427
77.89836242672743
83.6907446784688
79.94181974980785
76.26690070403399
78.97126551520681
60.57114358925944
83.50318298263868
81.04068643061032
88.13937630652313
79.94814252594239
53.626952627235724
66.66539643247793
55.728802554685835
63.644626333099794
80.53749205970433
78.00982453388997
84.1477646471913
70.40165143571612
70.94865551387204
56.692504944621746
65.92977211468941
56.363423403008014
57.9809171203685
57.07528139288516
55.597282039363385
57.28176787774744
54.04277431939471
58.01702988075374
54.474514942536075
58.67201287994679
41.92735771303208
45.750608197824334
52.245671792332516
46.86303043849367
35.74605758902993
49.903119522436356
50.477441511743116
66.826335978183
36.111572272514366
48.3425495983783
44.62851185869674
43.05175631113903
47.066181914716296
50.78699608160241
47.52502221879492
52.08418277706051
39.01661888949965
52.0119839761732
42.39365730850447
43.970373327974585
37.152321061887875
41.01384708692291
51.27638333521714
50.64890767112032
44.67563350113662
46.496733782427256
51.01407972952196
38.284000163775914
41.162828062651286
45.441644301175955
57.27718144271866
52.63506367533397
59.52908414860045
60.827528339445664
66.07174092829756
72.43568283717978
58.670188020426664
46.28957497658149
57.57134268870398
62.41648605721062
69.10319382106653
75.06005903610725
90.67120573317591
72.34553195881507
85.13593212481253
83.70107164499257
83.97949247574206
78.52423656520023
69.88124113091048
80.3384392012549
95.33819271403726
97.34270206361549
104.18998985488656
82.21250910690512
66.39804507528427
87.8315521942614
92.88396996123338
70.01283600082891
65.96620528769617
82.22195748384931
67.53497769360342
60.78708231879615
58.54444484499247
65.80863638389214
70.6963703609243
69.36645456809791
66.15936344083991
66.89755928787412
75.57744420294394
73.25515530784823
68.23558227165054
60.59256390813904
71.6364823832344
62.51961825413124
57.07271189282398
65.26992568228232
38.82425228554243
45.604815521878685
40.29028125739868
32.217321821283775
53.13076573023157
47.95493475680359
47.151530621600465
40.92472664920291
42.54874598356786
35.26838938252484
23.0248758200428
23.744684995797037
30.60789470390283
38.80004729026703
48.435572832117224
44.48415441060083
39.1510436658224
37.15986895690264
32.255690123519926
33.16037485662771
50.95008505447429
46.57880290483403
45.54594784581647
38.55747117795366
49.72387736851697
43.89422923652493
23.65142418539951
26.21267468159196
51.914703920043316
56.72461907341998
67.20764915269145
72.45694785974268
55.63930549145656
63.854682184598474
63.40163855882207
45.50200576132409
46.7261618150061
56.12593076592418
52.60203482642474
56.19558186274924
41.711271696576645
51.117134155985674
55.153076559284195
57.95278572925491
48.95292052008246
44.314562111290776
56.243431262666356
51.737502428488845
51.80223339408622
49.61794898755984
30.32924845824553
37.111059730176144
34.97305110839282
27.60518512919137
40.028100221421234
38.20579487192817
30.551458143940344
40.449212135179046
35.25447476994146
31.018781228083622
29.60979458121721
14.831875294297706
16.423315938896625
12.52352138517097
5.399600810612384
22.71760123320794
25.596996034449216
34.845549632879205
34.082497905714845
31.17685112235842
32.80932388751474
43.01249686502979
48.33995524350125
64.08604991240043
46.871401956973486
56.61489995638219
36.182872332423514
52.16289311943869
52.073015895463676
47.841051089871755
50.32161604834047
57.67103153283115
57.64934573330521
49.42275778678478
53.372275502980514
50.414775614184826
43.66644256117341
54.54714021316303
43.75273627580763
40.25616195751029
37.21648865429723
37.11817212232814
37.38423436255775
35.96672538856666
34.94500329257963
36.85109452418064
35.567347002044826
44.629137390797986
41.025466081720204
46.634000990764925
44.03051551786049
42.19696410855158
41.5000144666859
36.20523300880106
35.483536888466425
44.61203447842428
50.05086069473089
54.65499764993773
55.96955020673201
47.37977102505546
44.21816344983269
34.215774011231886
25.852144209784534
31.660207362170695
39.83983306066444
26.69910511750325
34.000843332871085
39.57985918234594
28.602815913842317
30.503705069903162
32.602392961192606
42.45748876406184
35.13689913408379
41.66733962194513
51.32720985229577
45.77248689561342
59.30682385390875
68.90824427500081
53.10549119542994
58.85538860819128
27.530974712938363
60.310223336924984
50.43139730934603
65.41823495915403
73.94157513960518
74.1375209259961
61.34847129166711
66.09492389853389
81.74143542846686
84.27643930280873
61.535312084424795
79.29389630135321
65.58348484772348
66.1025586139389
61.80628392010399
80.0713247232357
72.3806757832211
69.88433802451713
56.12940329247381
62.64384413638392
60.54205713471438
50.87091239161513
39.32850102129818
55.496219105168144
47.508363999862496
43.52481605725379
40.83009705432739
43.248315942786576
39.993241659204905
42.18485468042982
47.761145092437495
43.8972849527725
44.52664884616958
45.72299591493504
32.54000969378337
30.786471847395266
28.370924863658285
25.488758910821858
17.16478951429405
32.03561772972494
34.04794996783482
43.68070817988825
46.2421835209873
49.18911304434106
39.209326527400165
37.80306751575623
58.775520589220946
68.3015294637495
46.571746518845586
52.55178296031006
60.35166531547927
48.13170263930961
53.776761606103854
44.11699871092907
61.29196074539064
40.907000451757256
52.49291567017574
37.89425254151153
27.126762408664987
11.768729738602964
26.712950497410976
23.45834013539085
27.59754018966227
35.43470406714477
34.352831508351706
20.131083744884968
32.64046786317506
27.538425643328207
35.39628308985517
30.765527936779378
46.61784702779058
34.23598337951459
30.379331435990093
31.64988659382916
35.747531093014686
35.37619736676377
30.61701047957049
35.396739812363315
38.21954317603068
42.66371039566058
47.91511545391702
50.74286111668635
38.68273340853071
55.11487770012331
53.15085551092874
54.04137034855348
50.103998830703446
47.12456251793128
58.730768198244526
52.68684387948447
46.078134586103765
41.5502729120307
53.017677313313975
48.55693068419199
58.80117878990185
58.55830282042046
53.86182376571521
47.386975975915334
53.23883347099009
47.523622541608056
63.53658275264378
51.44003685124903
72.58077318318331
64.75393263453653
74.18975760132652
64.90191836530242
56.46952795436434
44.83045950529085
53.51246359946229
64.03168690277253
47.68266272623154
56.79986445634756
55.86975343673116
61.015833677286025
55.92480257600786
34.364654450396905
56.00422999871905
58.90767661005975
65.44829964159634
54.346326674494584
52.79686039837749
52.5404541927181
57.147405535747374
58.302275050831284
47.94598946890519
59.000258036207505
53.03805352662808
56.58975407330856
62.14422813241081
51.620384334776205
71.13490806552402
54.66730789659694
59.2093443492672
62.09551152443292
47.126625544167
51.40817902333694
49.71581956813098
39.18391969113645
36.805402067658534
25.77589977689164
10.691766244367482
30.406767194694574
30.8246247390503
28.817639335054043
26.411118705076497
27.63271659374978
28.098574344540033
19.318040538233106
9.444757180072308
42.16918618730961
52.74602174840706
57.21200126741447
46.78867873583493
47.123006687253415
54.201439733988295
53.41811837465096
35.90350493309323
58.90456068134105
56.5807636065788
67.17762167436987
61.188334885961076
60.8971762366491
61.439272068322204
55.529711423637195
45.882995948046165
64.88293731230577
71.75243334952235
65.87252992864433
70.38255685550571
63.41104393494845
73.05368267698411
66.7902751610941
61.33455566138123
66.74250891778875
59.67784156340011
68.10535910982124
71.7898643244082
69.53690025580474
63.59190418650248
73.74064552968716
60.4036290010779
73.02260628962593
79.01956113138137
75.40592248866596
77.81675625570215
75.7627084825243
68.97569719564083
80.1596124297976
86.90960721690718
81.55466972740852
74.51240159819099
61.770160489693204
69.10164913084593
81.46529214831628
76.9304990180541
73.42207319882418
62.180645300634225
69.06150072032817
75.48244299524664
77.9151789342645
70.64330389698009
67.80909417206527
52.22953108943973
74.546870147415
53.19495750484946
68.14153288363131
65.06069534744266
83.38007718269702
78.05424502704383
57.67531531550608
59.930029246688676
69.53826426531963
59.58801260706545
67.12927183768065
62.415711121530535
60.24748842043899
76.65566995696695
70.24593024866938
61.31147807933335
57.02475990327924
75.49689562123532
63.778863745831046
56.16401379097211
41.65029657122566
48.85418913814983
45.46042184925605
45.255688717744306
41.56318757134604
46.32418924759874
51.8359231071923
56.39238093219045
51.53190173604853
48.36584221396487
56.377335893950246
60.94689512114477
63.44265767337383
61.04066656792776
57.08948331223145
44.34812077464468
23.534594169212642
33.66370311772362
52.91789283336651
43.80814219590679
47.066234746430176
46.32193086179524
28.723146178355083
33.995291742878244
29.879858680054934
18.675412774495236
40.11925596302983
46.11195602355139
37.172195453006374
39.54634229956682
42.8529091899795
49.12348179322036
46.8302292886474
42.829648841009714
29.406973680011316
49.037645484410056
57.48411347499182
38.64108155774623
50.15116159728742
39.049984699511036
35.442446816528935
32.05786863750444
34.53783611438313
31.576235243026275
49.089795692063866
40.08801139028799
39.46755811472718
45.92180867249806
40.55366034891757
50.34850939342999
52.4800054468749
64.70698743244826
60.17789957438859
65.8900410224701
60.70976798286367
52.68790961618308
53.74700103759579
38.049814557551485
53.19424961513733
50.1220734963408
53.289225934053825
43.81679211133145
43.372125362684635
36.30756332752637
36.03743529628748
45.0972648669105
63.90207375730881
68.15652900980322
81.60628453048618
74.69837369040172
68.80358613973584
71.30450959564945
58.88286631736051
58.5816837031896
56.93891924098325
75.97912199636077
65.2909676556316
57.194365575786065
70.73783274062617
53.23613405868937
63.55033539395811
81.58099096627241
67.55604904419205
96.14123492757767
92.19411675311466
69.95915826655953
88.40025684421757
71.65427853711601
86.66936530030773
56.682864503889185
53.36424189517462
38.59271326540357
39.19431935497176
37.89588230961399
34.133308680122404
43.4112962503876
41.46458476025542
35.94439775065424
45.09930815092666
27.614711290171222
42.47024694529378
47.10010481342258
37.2220842450573
27.23016015267042
30.66439528784001
33.49189724678413
45.05961404187471
47.028583117482796
47.00140992056732
47.07483507869714
40.63710773579003
36.09443723839438
49.71779619970182
47.81304780851103
46.73005064191353
43.29194676237677
36.0455181667743
37.77836606296779
36.726382912603086
10.502065849142767
47.43511352455982
30.365324675728804
27.75001909924792
17.94812208039012
17.815073799722043
15.686237460696333
18.805074060017066
12.061832051188794
24.10509491556997
10.713674849515613
29.00241391661893
24.789679831708217
26.24244984561885
11.528120842090885
16.318165867339044
27.14148072640394
25.143303215447048
16.15492154149939
16.105547181411506
46.94467558894276
35.321237092510394
30.207201593207255
34.51893134214504
46.950612176798465
48.50716429743596
43.35743889878765
38.48264277509906
47.16844722154493
42.80407252591715
46.85366243196489
48.7512668882847
40.919439030617816
53.400993045549605
38.6928171359081
54.4635927854529
52.78772426158757
35.8207940947108
48.99303047591298
33.915464820355865
50.11575049475837
42.07919768181327
46.8049473079197
57.79393767152038
53.62580153732376
62.97695064678777
64.31074811716262
67.64253723253259
64.70621603147502
54.17347192667868
55.815288020266664
64.88540365579553
59.71521661949132
42.36700996220966
55.18050169480386
58.27483511807471
75.80178358200472
58.5883883592948
59.12100224666658
70.18685257968875
58.93505584329883
71.79307448999397
74.82686255065794
73.8843319671263
48.12732433477525
81.2411978473542
82.50720134312506
76.38134686869927
75.61881116835784
85.578633354904
85.17237829040123
73.56708255043395
108.19454932193342
87.4219270467526
88.45527022959214
74.0877224536193
79.25619666022226
74.05777944834284
54.63443351221446
53.092172730001714
55.09916183013306
59.90870864638647
51.43807090508595
46.49173364372617
42.13809345204481
48.27560540931931
52.92617576611781
45.59631135729028
60.2922833000744
55.16048700685526
56.031499049065566
64.5144883953141
63.23883903510316
51.52370819431457
59.61578806086487
49.38269943797639
66.77821346546861
71.28027423275608
78.10969135046375
72.63336472044999
64.10849539887253
97.79387511285513
74.10204122836205
81.35221833906908
68.47593514676619
70.36594163228987
68.73755528453866
78.55834603991593
79.4520569827022
76.18010700009893
71.77915955005396
77.35978801898779
82.94679681965648
65.17955271096415
87.15552689508942
76.14127723647303
74.5379099973517
64.53417473901771
84.53837304340041
69.33580715571047
75.92448835065976
100.54551964059823
85.91381444497276
83.10967305140497
86.67944735023062
70.14548664482348
68.2681729295695
66.35946046822743
45.74963471056185
50.27434360921609
56.408507275794356
51.059653694786284
48.01155898229511
74.03712433315347
59.3606636980176
63.71704563745818
61.64026407153219
55.93564430131416
52.9244909769538
49.04846165335713
52.57726049784719
43.19687315512784
48.63918607409871
50.25985598248544
63.55211909887359
49.59581314921977
48.644203367087094
53.68737898248638
43.51259835851901
37.97216055064043
45.76009427728965
52.959522089018556
56.408859220971095
62.05317322286779
64.9941161437742
60.6123560826352
74.47114532127974
69.09290790218806
81.61636370025646
78.2473999013215
77.17879797972304
69.57937807598606
79.01870163821931
78.46784269866338
77.085966088174
54.29007443686789
69.99546506250346
82.83977663691974
71.89822725178841
63.48130672399983
68.37172464261606
74.62817615637123
64.94071220508451
63.78587855834703
62.28805185212492
44.72940208573421
62.85386665430132
57.139846290085146
55.829709423342734
53.24490985150861
51.44492900567578
61.3785530417956
70.79919521504891
62.10962648377821
71.34446349994697
62.14287383543354
52.68102292253652
55.744799470526395
60.14064089004357
55.37986907125189
59.20277617202305
44.037964382722556
45.841807601023355
44.61295751496609
42.43199534963412
35.69590720686709
26.14504178333709
40.69672735494172
38.72538419425259
33.21712911792815
45.215508273080125
37.8482693500617
59.72498504918393
60.00530023912342
75.22758583362246
44.826503885400925
55.76801957114142
58.48478137270791
67.03371826839167
61.34498221899426
54.220897522924936
60.845119045901434
60.549312606355095
70.34642904164559
73.65100463806017
81.14824604661186
72.81960228365915
78.75232321537322
66.56841729838838
79.99690017843993
78.73047689888749
84.26450108693601
97.19471076789166
84.33543841986923
81.71252827866442
82.25789407676083
87.97492221931444
89.92327593113257
74.19808701357704
92.40433660791047
93.9898124540171
88.64427795824528
98.26801753364069
86.77212855536912
93.36143431339768
87.72840176598135
92.78669314135377
80.74220039262288
90.87463177582104
87.68852377469705
103.43558065078449
102.7905487764176
95.87742102507283
88.50255213810883
86.06822674525554
95.45500909076206
95.44281779158216
97.48682968867509
84.44928238411092
87.37758258475127
95.08348836868154
105.38281630869406
92.77971379886624
100.48166279027477
90.02309954343103
99.55394213655089
97.99024226474346
84.06307403305881
99.53597716971416
86.45678313642782
110.71588037172057
85.23180062505529
88.8216829945965
93.85212427749086
95.16071275218803
74.24747975514437
84.31579181646146
79.44407847094931
77.32527101244364
71.60813453374853
63.36635462401925
75.55936340963221
79.23786372418509
65.67173149369103
94.68981976396897
80.0262789640577
80.88510049913062
82.69979642643158
82.92570398707261
80.56392271800283
83.03791090295465
87.72011022684546
82.40585543456928
67.81663838137614
80.24958075613655
73.53586085538197
88.22406325511022
61.71928898145142
74.26998737963466
70.33398431532123
77.0375458436981
71.89145960899549
86.52052213927938
83.93819429655785
68.71836121519017
81.47496015214708
69.89439754992074
71.72561470880066
71.88135027903687
85.01584846746458
83.14602038592626
83.41198133499103
77.50430716081428
72.19787458821757
77.18826939311256
86.82334981128786
58.18684371620086
80.63008617789919
58.69951752040268
70.46129539931036
63.548934775310386
82.37428342983694
79.00505977409738
81.83235102801152
75.86294454724461
62.964695607490896
68.2535383841007
58.657502484935755
72.45876807690541
55.00049516112615
57.66893265804482
68.93034664856184
63.20794431188021
72.10584883478752
79.48992620360247
73.98717589703884
81.27872822168959
74.33239855351611
72.74522926145234
67.12014124272844
68.78005198029834
59.0856803633948
60.71178496660708
59.949858748504255
51.76570511638601
55.432787611489736
58.38931772396765
52.58172604011665
52.50204462462929
57.1429571110194
61.794143802530755
62.02082988502842
55.5178196291361
48.25765748764904
41.018409825277686
41.44176615593773
43.415960469458774
45.31892438007005
44.642195610272815
52.78157030759219
40.68809382079225
44.976796838676115
43.9643055561022
34.60824579121763
58.23449727519474
57.61997771875627
56.395313024711264
69.1422454906841
60.898564762434845
53.77346221860793
49.02292203620399
53.75933264132916
59.50601581677375
55.976469507408076
47.73843287810994
49.65841041825399
42.70139070801177
52.34528364915989
53.324843825011584
59.07859448605843
51.1210411281314
57.27754689725289
58.85447356154607
54.13602349266699
51.45794101008821
65.26459212530234
73.36783950851472
65.26463830197187
62.029609224758936
48.462387552248394
60.10595597191383
42.383282277974594
41.047384233956734
42.082643478748885
42.624695176789565
34.49530726027561
45.292097132608305
49.95088734293064
55.02230932016671
48.67168325004924
48.35565623630851
40.922818319437084
44.42608948327499
21.4321712368304
37.79717899429108
27.111804653524693
9.377986781327357
33.77501727105162
44.69871975264222
31.80407753184893
40.13420900663448
26.154491905321322
8.746136235211258
24.27681322927223
7.157493842788839
36.57027254530948
30.574067712321035
42.10184596984352
44.29954897820362
22.551220105830318
39.524418614431596
23.65768236671299
34.34381794088079
22.489436621227295
24.957205686271703
12.331073125243442
17.777214476978482
16.698573401944017
11.596088155899135
34.38713857525454
25.77929600221354
24.262080518402584
11.936016201906655
40.01576685964229
30.72643731145452
18.932567174734547
7.139819286998426
19.22452321860846
36.04913017268827
33.49231754249435
31.612748107766322
28.447244655218586
43.36430728860341
32.58743817813876
45.99781539332834
46.35684132364475
44.60132873162845
35.24869825483927
40.003212435630076
34.146265889603725
39.86146488524624
42.975375277982124
37.33304118319026
35.225642645045845
44.04666422969981
36.38364649779518
42.425279280837024
48.36892737242774
33.60592747027988
40.425259730446534
41.6910631984953
42.680149710959675
42.676516650593435
42.009926882276254
34.203075270921474
36.83131881575609
24.383754542864388
31.52401704922379
23.157469727556524
26.93665362767518
16.616865479609388
14.760307088863073
6.900053354525555
19.055034404031527
17.965070431096752
30.514179020736275
26.833972917730193
16.12947712983991
26.257713439266013
25.03829750305304
25.480988137411003
20.717557694860997
20.132790542566948
34.66708344623773
32.12076819798666
28.021372541792676
52.5645843536311
38.16256235360516
34.29718067199027
39.244075470000354
35.19071896695155
39.85254286166188
26.71070272998356
40.79320229116508
47.08207373777334
51.3581675315166
61.692481336333984
70.2395812995592
63.57298416573227
50.45037370672662
45.69827033629943
29.147383018391675
25.230171003165285
11.596962584161886
25.45880705593252
16.418473823537866
40.34830310388817
41.80198562372914
25.32246861132418
19.766931607003443
25.344994926500483
33.81491464164943
21.006777178151907
21.94974614861168
23.80580939286806
21.897879739966417
11.060052255007731
32.217181140580465
41.91904828790414
48.95803637196956
45.89641392498764
30.538458267986222
34.32145461342031
24.262779806144792
35.84473292602081
40.477772231444675
31.854254685238313
26.834835399235832
21.40071662116238
37.31207583822301
41.02071032512789
34.093012420369924
29.380371544703298
48.89973018608523
41.61601548789388
54.24489954490021
43.21972205574815
36.85715042800245
27.187365019073333
19.05259141625058
28.672338417345607
14.571450373668505
15.841430317754408
17.566273879582912
15.682248041542111
20.79650810048894
28.54983909004104
28.216561206125352
29.922295158806268
26.386467285451513
34.442146685298496
25.45064800414109
31.498504986561166
23.693265293040223
12.823901474396822
29.274963779814847
38.45316383195666
37.991031054359034
28.720606303808438
4.526241582296139
48.10815351444938
40.78126871193754
34.03857369252065
25.371043361501684
18.786874331141053
3.924188396037936
29.871374453897133
21.274599644205296
25.837072497536134
31.254614243682745
34.390089373551135
29.29752098326965
27.883902521979444
20.4083225395696
15.016175880918867
13.26639809065394
23.936902644404313
14.406776399310594
36.903604891056396
23.81830553036165
27.6274287019161
21.489617027867098
29.00144019266763
23.543917254110994
22.959755447302477
17.955185391403383
24.59052373172681
29.079990506190114
28.207850395456894
10.706357050678445
23.47777493582308
28.390315851141548
38.82161789734599
31.570105756342354
22.729905358478884
19.780304632807397
25.09554356115658
15.360637046223825
15.356738677958099
25.429554711993077
6.289530803565914
23.660895350422383
23.214389819580916
28.99915022947622
24.124195626454707
12.545183469890356
42.8355113560034
44.4154056826559
29.192211977338573
35.02976773800567
54.386549363166075
35.058550025864236
35.40604739252414
37.32798698051264
46.12823717939326
48.10642583170678
43.19158723846298
33.91900156704977
27.92436470409131
30.27378548983432
32.30565644348559
40.23149623390898
42.77687908889175
40.89688520510673
36.847301205633535
42.55608019622762
45.02678034041383
42.06355968741105
40.33809114313793
50.887736615088855
36.0015930393025
34.43455484711595
29.570790761642584
42.34697395122464
32.08378390856557
30.783929040968125
28.830210605588036
21.985699319220522
32.65143517749639
42.49672150232749
31.722518893075957
35.77123443478659
31.770987490477655
22.62419289816847
5.681855334577685
15.33208168746076
35.652207103094106
27.719770581979414
26.175658557915106
30.754787349583125
21.908493434821846
22.85774966691699
31.02091700865941
42.20771796698709
26.454265741720818
39.350685172933396
21.302889773883507
33.96224503953643
23.87325996040271
21.69657077818252
32.54373448516448
26.93656204851763
33.331218758376444
35.860404956864954
50.53075800766708
34.619685284471025
42.81612809475386
42.54806992736237
42.78293409306912
37.62353450865306
46.05899567035557
48.05782647813751
37.88459414087297
30.386030504951535
23.5416754815145
33.535669125317234
37.87205190061873
31.51519259642583
28.194345871348133
36.3962802109997
33.9932368779588
31.580399308345104
44.555019580041694
46.471407828391165
42.41842068957854
42.92597514462261
35.789383966984126
32.097582702838835
51.29583838761673
52.78899342855382
51.64938817633286
48.35382661282396
36.68657054616984
38.904175711549065
37.21233259011801
29.047884190226178
6.322456045881003
43.743317326230425
47.197998528586496
45.624590289716586
51.84445797301499
41.17946171708867
40.534129756527136
49.459269306491706
51.6694459294154
30.4192068552328
41.31144588590172
43.19205295633057
50.89085774971689
39.78858547670259
30.61078189895639
25.554272474481543
7.781648219510187
33.179489677690164
52.044857260726886
29.251560062877985
38.37885054189072
44.144293250583736
36.983358980016746
42.8601279246819
45.59420749428176
49.97399760286329
36.61446226495551
30.507011471039938
21.745639762935596
29.455607072677502
45.320797586056116
34.63728661594679
29.609009077098314
31.288569163169896
33.33249855857891
36.36096029736699
35.30189611483809
45.71409072671555
26.46404324103672
12.187526056178749
42.56878508804397
32.32036076808521
32.82646824017534
31.523063082412715
32.13075657384019
33.45124646637389
32.57353502804813
44.87505203845334
33.42893925667845
26.08552948919777
30.73194271983002
35.7131930022692
40.887999210726456
34.642880417033716
31.41851223242034
38.0513179215599
47.61112633745356
38.97662880445509
42.08306638699776
43.33121018853628
40.33420254453489
39.24356668853519
46.191468603716345
38.691593211243195
37.447306318349575
40.246868674894465
43.77832604919941
47.18154800546991
48.563202599279926
45.8884204059374
38.4668861501321
30.64445920223397
34.43612359242711
31.653419698043635
31.85507234717389
31.573680888089207
35.70442218726309
38.06114250581351
36.097386214143555
36.413476914130534
57.86818242420661
56.342128342153835
62.53884573729188
73.6705660917354
71.26273634397201
58.19996648670407
75.46213563187229
63.52352736921769
82.38226825037563
58.6411807231492
67.4402429868282
63.03980089122409
64.2710362470101
68.27329393218163
66.57458157715877
62.353526067943626
42.794357481231174
72.4552794032425
57.4411812843481
62.19424698020679
77.14915038424965
66.19776866465129
70.34670440583903
80.72024869517013
77.16237689723613
86.97997888238122
88.87976550310992
79.12505346139756
79.31103599595437
70.92975487146667
72.28720161894933
75.99723960834935
76.3229156368382
72.22703296256111
82.6612552976507
80.94201502353808
89.59656967742967
79.88603640388382
79.85546631022648
79.72897738105873
97.66943658879015
90.56811314102819
89.9439518467214
97.60333814056726
102.03425761329385
88.93997559629669
101.50965219709343
103.47426002095759
84.11623501154882
95.12375283848478
85.82525535179958
70.12706723966183
89.20926221438177
90.3399540065041
65.25483101669464
90.74826363060764
95.19220446759279
91.48601059706284
88.6763204504765
89.97910701184429
102.6948789870154
81.70785085342928
81.35624436283031
85.26264977678206
95.31693746235052
108.72819149241569
98.825834576193
113.53735588196953
91.52781599945259
97.53821915267645
119.78773515547202
104.38101382195953
105.44735454028519
103.19400453911432
104.07565532576731
98.1304432806923
94.82561266055224
94.8350316511639
94.22960279053835
111.47414683107
96.30566288052296
96.44381475583869
95.61063630506773
81.82420592744656
99.88353229676346
106.7943545846728
90.37419649365988
90.74425025978869
104.3052352082152
107.97984204160498
93.64772606148247
110.09155391473777
100.02291946681207
77.0830907726568
101.99144022333311
117.66664356488515
99.6423349011726
100.533270241243
92.91610607666662
94.4614429348848
87.25788314507568
91.68881924234896
90.6018898152482
74.20331627666286
84.3334536118263
61.15617672009277
89.78346358076986
98.77311168196547
102.0623641409231
102.51536862581858
98.47586923491467
87.69819091066856
93.90495663980234
82.16319922839153
104.1352994108091
103.28440634967465
90.73372486227038
88.8374687486076
85.31156653068338
117.99127341413597
104.15943164527555
110.81057994753846
108.46711028253588
120.45391379282691
108.37425992177174
106.29627325827943
121.4433026125464
123.45955885530641
111.30516661246816
116.07851752982826
108.5629909159926
105.49444903467537
108.86548714595448
107.42167202359092
107.55713576757061
106.2003760210148
104.97504136743129
97.8393579396247
106.95719713549367
101.31619223596816
91.07002014392056
102.54164669578185
96.8109493497398
73.89722971460573
107.06720538376166
91.28451152051515
113.18946436114948
108.6886575882031
103.38406414018174
91.45881850197483
110.64785593060618
101.62077052970557
116.54221337893104
119.84499810068365
129.53267367743254
101.52988833096816
111.3453461786152
111.37275266843349
102.15665422179839
101.34053567783226
106.9153720007222
102.4561467187785
102.65004354893794
97.14390646961414
113.89357857698893
110.02860634478019
92.58415953390731
110.75289791333421
105.60513976681996
122.10506296624268
115.44169920629254
103.02148265123014
102.8667686278645
106.18044382251729
94.37556007054972
89.71743683396744
95.82328513117076
106.16883331075691
85.03164295153661
82.9572471753137
65.94421734678286
108.24516367754173
100.39097117254695
94.49773576560479
89.38492416357585
94.97816688672053
81.20715976270374
96.97676831018981
107.01362058584395
105.04320249485032
113.14749266427577
107.00280693040746
116.44303037492818
112.66790267225073
105.95822705071166
123.12283289769927
121.3239310395073
106.20962600106878
112.11406631570021
113.30928394340438
125.24160367658239
115.36108818805562
110.28538611102377
103.51123203247869
122.74353096056208
105.20758338822948
112.36306233106711
107.68627452787814
110.70679729767812
94.77670149746902
112.88141186686452
124.2255103973577
94.92209167088724
99.26685345329034
97.92193510471714
109.28869585601701
120.68795492905828
120.97361403779223
105.0158371128721
127.26012517665302
122.25305778521391
105.87649692805084
132.16096961768199
110.38619886887734
120.6548738007667
109.5648897975594
112.85589929981138
118.30662507155888
108.85491945403201
104.83775068777257
88.75484822514217
74.45891940594842
83.56656292140143
63.40776807130305
87.12996756563018
93.23636413452027
101.28997867133724
99.94716217592728
101.75500795015726
89.28306411297805
103.60614166448396
97.19485887170653
92.46860746842053
99.27514640946117
83.40781240362787
111.99484566971675
102.07710473787544
120.82174891487468
98.74489299397798
118.77861456667009
106.70136831926258
99.76769796624122
82.6944700846234
84.091079143321
85.63873679146734
96.58611487894969
90.22091673690039
101.84752916353015
104.82793197017803
103.89977457678943
96.20914534471294
96.98293658247746
90.39050999843994
102.8309666156292
97.8882325035025
101.2970848630261
80.2146929685125
97.23258246479264
98.48952507602587
85.73216272165
99.56882012185623
95.87931926471981
102.10761550864433
86.63198506453827
94.66475427480562
99.71992357776323
98.53959102586967
94.6981989920451
109.96931147719572
96.43933326225223
104.19808442070774
101.72987520944092
88.37943741960778
101.5798765470256
86.60586048663505
95.80178910593992
117.0278615774205
114.96959780860892
108.7200668650539
105.27815322379028
103.04119530469777
105.94777140398773
98.53653478576369
107.15323975151458
91.10463182973398
103.52633660042201
90.73865446124174
105.35659254707049
108.30976923803595
106.42862076445877
98.89156884033586
119.29516694036236
107.13776432048154
106.02874783255645
91.35837795164363
98.6124497333886
104.62003530799144
99.5455597682554
104.81743566126403
96.87669139075447
92.64242118071479
110.3710106322845
96.16665000230117
104.72767801419221
93.48197508205341
81.34061171354745
85.39925515505273
111.43921099822953
90.45677135889768
102.99222382580164
93.8210315488827
99.29625890136498
103.21625411619867
110.84295295957288
100.38995654499304
100.93394627426206
104.23027574735937
109.20558612494908
108.95269556529534
97.44077688850759
108.69483835395172
101.1350092001172
110.17972917423701
91.2656736630439
96.62280744802027
108.30732002994108
109.15218089498286
106.95199172169636
80.31894775039663
85.55174122932813
83.27279222331401
92.21525551785598
89.02441417980036
82.89510949595163
80.90411269616595
83.52256973807407
97.78051812047362
95.60907973381906
88.62485867488377
78.2799654112597
90.54910265810706
85.44177939381902
93.54746225770742
77.64373284559097
84.90679711729916
92.23682423374224
86.62763682945129
109.50019149370425
107.10308779281733
117.26156965297874
115.72712315045295
122.49785824117295
114.71033462152694
101.93539976703806
100.02274469426428
103.50711640212421
104.00511224872407
113.36793531201477
95.05778644836164
110.64433763306491
97.43521555831646
115.54899039770726
111.95235237673214
95.84010695897977
113.67165963098935
115.98734267593086
108.44396441144315
85.62069317826638
108.3915073348474
111.13294802672564
108.85752663016824
131.81135524954917
136.9003720269313
129.0240854956345
121.036383775493
132.87809800030666
127.49542538620732
127.35850494012904
125.22054194620542
120.60587614205633
101.25840358371367
118.10275697018024
119.23876891183673
98.92382181948288
97.40894412437427
115.21451323941866
128.398555123975
127.3837679338767
119.01582195800691
110.55392159693861
111.92638568882485
132.2822686792064
125.10865518295171
103.25345139704251
116.74752279765916
110.8240948121302
121.35320522337516
126.89395545708993
121.39945059687057
109.6861084148521
114.4001210103317
106.94677198453381
115.54243278264205
102.70572507070122
104.12479393723115
85.2955171588935
92.17490720622271
116.90088193033284
109.61670156129169
104.47689866320171
104.84405665333145
106.01696987131793
104.09175402341535
105.44016531386785
92.79046739764935
103.93314617905844
111.54621570924719
111.96306915322555
121.14926918644889
107.89011802369916
103.79486292207889
76.30170017694448
79.66903090727874
104.4749542394731
109.90934704983836
104.45391523940391
104.23741475762118
105.90238901865044
105.48244604240901
94.6764391376418
88.3648913062774
94.45543614001181
104.13980375953375
84.05410344658246
100.76473238070562
98.65868882284971
111.43511374556876
99.25690981232361
97.13144795968887
99.05168659031405
86.14361522583694
96.47865244462004
96.43458554641813
86.98025072543432
91.58371026152315
99.20595538821495
89.90837248276122
83.0144591909165
87.7189090658394
88.3882715087145
80.9301151128834
76.83863324646221
76.12777047937584
70.99510232951296
76.98644239464655
72.22951150993264
86.88990700033838
77.275565662015
91.19476436121988
83.48722657134971
80.89484866757081
88.5650205398652
66.8171414783589
70.45191631111368
66.40736528807098
59.69728073886101
65.19846775413905
68.99910887519627
73.21165342097467
81.96063265289007
83.64755810874293
91.19021209421621
85.23128902242102
86.96382709873873
78.10894619404209
66.2476401918772
70.23310420768243
89.27341578182086
88.6468180689132
79.67052940160467
84.82829891182428
86.17713194147602
95.11894863253622
91.74780729543528
86.96199685201334
100.6686090320652
101.70304750338241
108.24401321847249
111.54903285011675
112.36502234120881
95.0552989928117
98.38909180460047
107.66265725371353
97.93116690144633
113.77152757552432
117.06807731611573
111.18134324826366
108.24967042144725
91.6087588569756
111.25366866706013
101.69790074795496
111.66096785251081
116.45097924788949
121.5760024302434
137.95959893340773
123.85984830558162
130.09027626454048
113.49555453971179
100.56507079310614
99.2844117056612
97.4839526129355
116.9955966399827
126.88634732175993
106.3345777405062
120.39474080042892
110.58739194542648
106.15863143264794
114.69790633022127
111.79727879684147
108.6383301925363
109.1009146604666
101.32931207320121
103.30743909446039
91.72194939171763
66.23036037388015
99.5719339406102
109.03352793850954
97.38720036207287
92.19193664167923
94.68583909386878
97.11034463280825
101.77231629453823
90.22259450261643
91.89462483279118
101.69745594476004
101.4932620328489
99.28311317869513
104.75009792256448
104.77838786728978
86.53536690298361
82.69624646719758
99.6159347515693
85.40443273602344
91.42957062445535
96.25685070367352
87.0121105172037
106.30635912035848
96.74776590453425
87.54960626619645
82.13556384742179
92.40169191066394
107.97457025650684
104.93178146127423
127.22124845325453
105.7292168853518
127.57988928591658
117.86627482775647
130.2474123512096
123.35378926181968
90.10043866561237
98.8423679181458
97.864887127624
123.52522607768677
105.79315648547225
137.25428923772597
124.38000136018486
114.54928817585568
115.55175006870252
142.39140485441172
144.19788148074375
127.97475438486055
125.27325778092661
121.84093849397021
126.65298340606978
122.78538410888268
131.2773452656132
124.91553326676434
103.71243807645311
125.99996008066759
109.89356031198747
134.43027057133546
122.45992243585475
118.81130717935173
122.81143030737918
149.39951686683526
125.69762850704136
120.10374628260291
133.59638464934014
132.47885599982345
133.20350662183273
125.29474239695249
116.36059096683918
129.05454432636571
134.7942327994178
130.77123235751708
113.01038146463709
134.36519132306455
128.46489228304503
141.8111786947088
122.91500486379044
132.8396353445509
123.40496483234206
134.02747840977977
124.37061931277388
127.02387618621695
93.34123666355362
136.68316665712857
129.59556756559974
114.25525180844825
107.65041915639165
127.50574435127825
133.76292600945092
137.56996185613673
128.24408860870025
123.95953685246245
119.42189342215548
114.59818432547078
102.23060692523147
115.82907747150979
114.32496501784497
136.09112376922158
130.70896303096933
124.80474140141544
114.33987379460537
121.29607138836198
105.48536726963674
108.44793299471718
120.66505160216677
109.25397094886843
116.91193739358178
113.04167784961092
108.48339054306156
111.03791672149497
98.65890265228786
101.52667202840355
99.66024074238719
98.232259331683
89.25627741419392
116.07989244665764
103.67183272804533
101.60087370399407
107.99606202889204
116.65201578448955
96.5148864265788
89.69652009871984
95.69728404554922
90.28649611096266
86.47387733559721
88.04603578779971
92.94811525149599
93.86242716478893
104.76647331020514
101.73750595336433
108.70977063441379
91.66205084245478
108.31297139645977
121.11478412107316
97.7956135965417
104.75912023372312
93.90757248444305
93.89772148189031
104.8209784001404
98.6187267534389
86.4976066846086
100.9975598535593
102.69859767189101
97.85886663384062
80.03722588237598
94.74317576202391
93.1075131993148
96.1187511018396
85.3113985675064
90.55635937656807
109.55752561816445
104.07348305035653
103.66064578257526
92.79076295615987
109.49111918253635
100.69752106258282
88.99084675736933
101.94672202618392
95.7607036849711
101.36993706941307
97.4956845861652
92.32707261559007
94.86758311383015
88.57614635437646
96.16680338098747
94.20797538674769
75.81065503112548
86.53393253869604
96.4080625539262
101.70722583943001
98.64074534858946
91.09947557786876
87.2346291404625
91.85526944644901
85.24858423402489
102.71844421953138
92.2857141724318
92.78804483419228
97.0309416566416
92.37374756261491
89.27391761372051
67.71993640159654
101.79494988287232
71.01088209235189
93.69719117548506
89.99008099162255
83.04607130553275
93.35233239793364
85.71477334550707
94.67748599860018
105.9892397140606
101.53877071815846
111.58284426773213
99.81947894546695
95.04347091862451
94.51474224471708
107.32822518389386
102.42244205210996
82.10415216238704
87.29233625976502
75.28464712802297
86.77078924415764
91.35291440774178
104.59976228472114
98.78424561199719
92.73804829120029
92.83520985005522
99.2337781831437
103.83391148184822
115.39881191620388
108.38781114165054
89.9807377583469
101.60887835465438
82.65094480006671
77.41742564648051
104.10514708197675
81.5339388967707
114.69166250696281
90.54483384929226
90.745284202509
95.83740710819369
99.31566571981847
82.72081042243072
100.57642558343325
112.40396650477832
99.06144312508776
87.14329547466726
109.42871618972718
105.53008704018006
95.72413493485149
105.87555665324561
91.58174201861276
100.08794064789403
89.6902083290544
94.4396477815795
108.67870567020721
95.01300731333731
96.40615745215617
92.97931681634277
104.783541648591
110.52392293752358
95.63695693109034
95.28130918803788
97.78427662539345
103.05707707756224
115.57333274228387
100.59746767481157
97.02793502862158
98.80833253739779
102.1746835391794
100.03701709056948
100.18339577619288
95.74086737732445
107.30546841280771
108.37996857630898
95.21656956784678
108.34892351775962
113.12395395529606
100.39976299511977
108.972265361416
117.13530326479497
106.0726063799276
109.3431794792364
125.65724973323377
122.84208049017991
95.59872170792296
108.73760857611309
116.03090053287096
111.00965664502246
113.04896038497495
120.91366072704024
118.57937177315122
109.53358800802414
108.54171437044077
128.20643667675242
115.18649482657253
115.76180569156153
97.5331297430744
88.34147664127676
118.18733561157603
107.8219952952191
121.28923033817183
128.8686276432641
114.33509988493942
112.80950321038416
114.95591109715008
107.92227038455974
108.66357615590081
114.61847588691458
113.96237759412632
113.07904994065073
117.30501396007882
107.6727883802266
103.4860474382903
95.67518503041286
93.22214723407104
96.67261629326673
100.64621915149735
118.16881705005768
110.32714870349908
97.42795395133383
100.47034510868008
121.76278525213512
118.95003417556143
104.0712202423258
111.92970635704638
102.17325471293077
94.19423095991151
94.55444861020676
87.42648482878616
85.17334106843167
102.68186103569538
84.19278830824832
94.0548003256073
78.60637339746931
79.47136722615062
87.37412142093142
91.04954164514197
88.58000756044063
72.48040062885327
83.3010668168752
74.36599350404362
75.11422395405405
70.98243364407928
55.91963965427118
68.66974860081798
69.94663243028413
68.00102079507026
63.63742394878219
85.69448158216404
77.79850566218369
85.18397797998495
76.94014651048423
81.04906238705144
75.06469544704784
83.40296379174254
86.07097268010122
82.96499054394111
88.12876227299479
97.13549578076974
107.15445553941298
105.31812786034321
83.4004987029588
72.83409302575488
86.88635234257943
91.94715124668413
86.93476887127342
86.9472817791226
58.57462557765229
76.15769970419406
62.401810636260066
82.56379773363464
93.74849974108015
74.80126758649975
74.79951914940108
78.4483807443925
67.47988908294874
64.69472074020143
68.06883436835345
57.258889024306946
60.33165602000001
63.68928945457265
70.34288064614923
74.2429395172834
57.71020266125859
61.888888549664536
53.774446378747754
58.44226822418393
49.080117206881354
54.81716060027227
60.77047123734417
53.95760719012767
63.08961734146774
81.5250430576909
74.73032112382353
71.40314807931298
66.05213891317817
67.78729645530714
68.38928267610632
77.2176848875906
77.90130312506889
72.30289776119838
87.22036400790017
67.13205703904413
93.56713200418322
96.36134552815486
93.17990185280877
83.65852867087503
94.75246511740194
79.84488942338912
82.36646853335657
84.49958735526262
85.47230716309251
81.8135801917995
94.12328532120016
90.40929849765912
79.26182616092801
69.6617964452597
76.76798143382526
68.94037894250373
65.57137764678099
71.20294413656667
76.31771223593417
63.50097293003586
78.62534517863253
94.7351718647286
66.46318694139694
96.29080977310358
84.43475401601478
89.97305891839335
89.29494564002707
87.99630876976731
78.66217778911229
86.77762402279026
88.97779996948766
74.15690085973173
82.5797893426374
83.2976044829879
78.92142404191709
66.59266393520596
70.72361017352284
79.44154106912801
60.630453671871294
80.41877921635346
81.27593162656683
69.91740848715031
89.44964160383066
92.59127524529671
76.31572579168247
72.53491122771578
58.92794054784627
60.84382728263157
67.16784515517905
59.07529083867548
49.427856764675724
51.71147847551231
49.513189721920924
69.75868121050259
44.61066928471138
54.91426019561584
58.67095106281562
67.1947820843458
53.30602750429925
59.473718250757244
61.12924930677248
63.21498506928103
56.27759913392645
63.49434261062287
53.57045384867221
56.05540180251698
59.67774615441166
43.63609757677262
45.069350962497445
37.41212325634561
48.12077463108875
59.691519054405596
51.5078103672999
44.58421390240016
43.4291171053431
54.176513392355794
30.21884743183255
45.09561121278295
41.36216280481348
46.55140258657576
43.07571383942872
51.96257012505051
37.627831413467746
46.67098297393462
31.69707378488324
47.99427171393876
33.54236494483634
37.95628400123424
24.571460201882772
25.56584368824271
17.038778976227
23.89129568070384
23.65997140891578
15.836935894344037
19.473382247378474
25.298848350671076
35.249618780796034
28.7946057980918
26.392754443767412
29.706906797175645
41.52950173416235
35.22016824121347
39.09521714277949
38.37375660887357
35.97335338754493
30.913365242078033
33.95298252698014
61.47832613911801
48.06907370671436
53.85916031807868
58.67135095273382
39.55901433999177
50.72458996856213
72.77789816649393
69.92589219434846
65.17207518322144
60.24816438615928
45.69203493407234
59.163324645683026
41.00328897119478
54.70329947718007
50.00281580052631
42.4587194954461
52.71057475731281
58.10738423461927
69.39361851759217
59.33500253969016
55.093969568590694
56.42758215244324
59.72978239898159
70.3809809898439
74.22914281781895
66.05011133598855
73.32443137352172
65.80648485004511
61.388949126864865
59.01316798137952
52.13754971870897
62.576028549114305
42.93631722074505
41.26711649014496
46.274843994413835
58.16422597968513
51.00435299204095
58.496503257694215
75.00059058057056
58.65931591376777
60.19037000264579
64.1031571078885
82.2689098989468
75.48720107885113
93.58006521318049
91.23949932647471
69.59339883023578
77.95376002852421
71.53827271980167
66.37773740737765
61.5366505753059
49.10255787584236
38.637839441933856
32.47817024392562
7.086404876542358
48.640374340000285
49.68652693406349
45.073853078324916
40.86936363102136
45.271841154465946
33.05310274109213
31.680698389635648
22.31964163987037
29.007123421854754
26.279447654507795
20.816309751431838
32.228159689839366
23.55163394024955
32.53890527961221
44.63329397678279
55.476777056427444
52.72245622379082
46.85426737048772
43.44353405317933
52.7976276090328
54.01836176651866
63.10173693553413
49.85165741682133
46.49877161440872
46.099519859924214
65.17628882968107
60.26669293109922
47.634832328576145
56.70333486090666
50.02164405827748
44.66380302533465
47.26510753582458
47.08913145429688
40.710493217001954
40.87837281617409
35.188959350393226
37.00563014489961
37.23747522396711
34.213509640658394
48.43371438267583
48.80900874508638
49.69366358454067
40.8120111949171
58.825409903258986
49.90328555862778
53.73281347835317
59.66231072667489
44.616311918274036
53.11886778091926
48.48393295905524
68.7160815782184
61.17893680476442
66.23202159380105
52.77170122318878
61.16116809690016
63.783428398437486
68.4236757354976
65.64555145828562
64.45380635917843
72.1800121814554
72.36305610194057
60.60151809804855
58.96628506515739
49.96547599512622
51.81079231039379
38.3652454974407
27.078886299916952
33.82255808206925
36.173101534707556
28.29919851757753
44.49383137940167
33.823301090713585
43.632854007358816
36.06338094977722
31.116807896633738
29.40206850822656
46.54394764022906
32.52155018562831
34.203338807210024
54.22206479466978
48.653752660764376
61.879359440448766
38.9225806271609
56.203979734987996
73.26279199392906
62.565613196288936
61.59233453799647
58.79925376195796
65.43655615338406
59.206440021999235
48.988524830246305
51.21465464010661
56.094337688969446
49.77906973080195
63.5600075209992
67.49849780599638
72.27078869455393
62.26649467556986
62.894265621765605
54.491384621078645
56.59753867133109
87.74110091395171
89.58607326680634
75.88471710856278
85.99600136730221
81.42706840068577
73.19896948779444
76.78221848856433
81.35349016416048
62.59240986605414
70.85707720742143
83.91573991714374
72.64751775189188
84.57144816982067
96.31391519991863
71.00255018974894
67.24507725891641
79.61974127414697
80.23303664996023
73.57487499321198
70.84614866871571
67.97540189016786
82.66009368694509
78.08440563703272
89.09431367673325
93.52157287927417
76.3791892820669
80.47602166255925
81.51161692897688
81.01975464636635
96.72456767503323
83.06665725876321
84.96767335769488
87.58638811769944
94.21792241114701
58.328573651772736
77.11208171867827
56.54199002943769
69.30930196314826
74.23505355442418
56.33124952633207
64.18109262911607
66.57578358758863
75.43177703995087
68.48967625836394
80.56284930332679
72.72343208340047
71.85228189437834
61.898590037655424
74.99647954139938
64.81465716331884
59.967145287635184
71.97163806791144
73.07962548309874
55.03964395294118
58.49591969480745
80.51845341089185
86.85769167434525
78.89893099625324
83.09522093695382
90.68800573197069
89.90484468862165
101.57424617077966
102.51082443946979
91.25362255371043
110.4824398237512
75.2577761346516
87.22777557641862
82.76509437308633
81.18447003088738
80.80996056455642
81.38394522011026
72.81673273273874
84.35877199655407
72.90775937191847
71.67298593357219
68.268645374771
83.0893732376115
79.08905221278292
90.92391732802452
85.76165222601965
69.91467282748684
100.91165682248301
82.09313890451426
78.59682622034813
77.84486692248065
77.51463537683773
75.41573744718823
91.96385039952152
75.7653678955862
83.38261432405557
98.8986778005642
111.46144090288702
105.00388001648055
99.87961075603351
81.98172950802241
103.99638448453749
90.25515794535092
85.61168131489288
87.96109973489469
88.2645482783537
116.69346978863796
90.75558937883912
103.22199947515269
91.90451602213166
85.8117450029405
76.51717002771343
70.90869247704725
79.96003631180739
77.7007289107036
66.538445656951
62.80901908022992
91.91257166193965
77.66754453362515
58.83570650983839
53.84458730212892
77.13339489698411
63.70948899352506
59.21654784198519
61.726942962820964
55.028929514475585
55.629240757648326
62.162698455740056
72.74713625782933
70.50890154374314
83.80121296864523
70.54153685666587
76.71952109173709
63.057574378253975
64.11651946359791
65.37119449582711
73.85022037483108
77.31610537918482
70.0290499746955
61.450611408482494
60.081458241015326
55.59085850299029
53.22831584140275
61.50002203640742
67.96428148065036
63.73852999214515
60.68770026288884
58.10538804023171
58.41450386506584
53.06882719172074
57.45402834943959
64.07328032557922
52.257198367482765
55.16358559716346
58.154101431116935
55.88180373762032
46.68001525651786
43.3879757603846
33.86209344502462
34.68042843644241
34.165732599676474
32.189460707040816
31.891588218186044
40.15170487674959
45.579465437340644
34.32044570698906
44.029581409238695
51.272378548189394
51.60053093033987
58.92179795551528
46.93034595893797
56.26458276534321
48.605975506425736
45.40427201903357
40.81181446385264
39.25186751145573
40.67830820310952
39.07808644150577
44.687078645780744
35.77503104375495
36.506029066563976
58.41200318562593
67.88724820507342
62.9417720836917
62.932354849232894
53.38649732535932
64.14828440670917
62.55279218854386
68.6615544138222
67.2901018574384
85.58500514623486
68.372898294859
79.82240915660952
79.42232856510034
88.4197230748609
76.01824790907787
79.34070100341202
61.35996894313842
86.38198992920363
64.20584947737196
52.766618724707655
41.37701150235297
45.15328481409738
60.86182186847364
45.85591956671727
44.67340471519881
51.582535111799906
53.412616593589725
45.43562331806413
43.04015551275852
47.17085195345144
53.07663572775055
41.84871439250272
43.44319874642802
45.946502496518434
47.06119681425699
43.1205574356916
47.32010773677337
45.24196246228833
37.05405759468713
38.23376818185808
41.905499457111745
48.146804708915596
52.500747460217426
52.41491565309736
50.006082115727
55.13245132650222
59.784643098708095
50.737141519537076
48.458109101417705
58.597338113327034
50.910723346021555
48.737958838842374
40.528923927429446
47.81633072118341
49.69854006436954
52.10353544552749
74.11883939732948
65.16481526021973
61.50776717935217
58.64263156018651
59.57378643142425
51.321776330699386
51.532398445352996
28.15756906707618
37.244759526591906
55.6190154453375
66.09418074536978
66.0667027961981
54.82501348696071
62.48752584323343
53.65679218671139
55.06015106751069
55.023566734256654
52.469737175801825
50.95717129527222
57.05994424632773
69.04667704007362
56.00914867127682
55.24720715838105
47.73982087533077
46.12584573748373
54.130174770244075
56.691612786082075
64.90973800244512
75.97758576653766
62.84836923761272
62.60884136756845
64.37102441851583
54.70948836744799
67.69133463992272
41.4167623620387
60.68668268293465
36.51481694012597
47.40736194173727
31.19279500306674
34.398554052284425
38.32142110170651
30.49416360083282
40.296307758083266
36.59602301574095
43.03038250576892
45.819710111364564
45.98646201545
30.58021618390862
49.553420238425076
58.69368566669882
48.16980571600847
48.66837529437526
54.349054844016635
46.85954165543204
51.53618549795292
48.0918701338243
39.739146409538165
43.972188936057634
58.24664746328929
56.543762942676075
55.117547863857396
61.41038712854402
63.8604199231957
58.24204521391954
68.11973508185436
59.545403139804115
57.389461418227796
71.84106592346848
52.41078376093192
66.09843373229984
56.7868109590367
64.4228642207258
78.90624656933596
60.18224496702566
63.73126998204211
39.512348050204224
53.719916594055526
44.00534330419267
53.46519181071947
53.00309036224055
56.332299619312664
70.22398174849454
64.35456515093516
61.19645149251886
62.15949207726552
73.91801354241817
75.86822676886482
77.13174969965927
74.49460421752804
61.461591234283325
89.15993935052057
63.83382409555528
54.26890878813144
67.61558833464338
60.539358492147215
71.12733835925536
61.8210266227545
62.91230062947181
78.205705291173
58.73566254862893
83.00603039548128
81.7373495644768
68.33033191496332
84.94650823556879
91.71992644352886
100.89098046102379
100.77483477618716
77.61606614824728
79.52375315422451
87.48617848967105
78.95479547896502
86.8303630528836
77.40865805584758
66.6518205259766
63.887184516452976
63.183244671885994
69.27047287058201
53.21972180028289
41.34541853135578
46.97468839693083
44.21109774265231
53.13109960720795
52.6825897834243
33.78727074995843
21.09187135340747
40.30828942227759
43.626737687939375
59.74103667439605
39.085903096569524
48.13858037375302
48.29094528345072
34.652570098797675
32.25853931015395
42.03284700390342
44.39148936265955
41.41118405466399
45.23216819985032
46.515289965405195
42.6495415490506
21.162363084432265
42.09786057567409
37.36843401180761
37.33800160064329
24.715203257591835
44.299634338905214
44.663208991707506
38.89737457458783
27.072178213468973
47.64127057925989
45.82182988261771
48.944839142973606
46.685953528356706
50.24063507898883
45.9170909220989
43.023976705683914
40.590325536039664
58.434917703980986
69.84630758183525
41.91431535609915
53.19935371090258
47.54294382573862
64.88977869638438
59.74365913035436
75.66978864417199
70.6305474328201
56.16961277357532
45.12448426366246
53.84709846450731
40.78982780546145
40.59015565093046
37.828508671368276
39.028507528556254
54.737898150232674
43.9426853860098
45.80315965423146
47.99396756840922
43.26751212164145
48.81585033419459
38.49546526224238
45.924274178993095
42.523026612781564
58.127587579727496
55.2745226595265
42.53689050861568
53.27048953530262
57.49063530707734
50.125258298466385
47.200037594877855
54.84735909389234
57.599321526753656
67.37898175710824
67.01205856973311
55.68169714236634
41.86558345079407
43.094993459478836
38.096875374015184
41.00996347853505
42.62171415453512
40.82546635342784
29.582217575183154
29.107747786927824
37.94709967753332
35.60252950053797
40.51260720160925
32.37150654788167
28.100410173678767
45.398791144270206
39.99916252873923
60.57436849239295
67.94228344820951
60.057944047652754
54.75229975164639
50.716091013608384
66.09371503235215
52.81506909657822
44.61866702642752
52.880864539833574
40.226213508914576
51.97007970328428
61.46084873911562
49.918437658062935
58.19589339086204
35.67723995578246
43.292484955622825
40.34756460985563
45.145193337417815
54.27874268361383
56.155565126358745
65.09921474379644
75.96182658686352
62.830972191428735
72.88513523116411
77.7817914394705
87.43369036298455
92.80371082321692
86.44226347290962
97.27768145833778
89.22699322554892
92.93245655809527
93.71600359186885
90.82347255502114
81.91575748140914
76.93934202066433
76.18307989168517
99.43516860649373
83.94779504882617
77.89706842746983
74.91949966873116
94.17302386083625
77.2574969422747
74.05940693382314
79.50758517070497
75.75138598683009
71.75939550116391
77.89742032447583
79.58784576618115
95.67433740973325
71.22236092709778
91.00265801783597
81.42604495398919
78.26706451906239
70.29027795879156
73.66123332723475
71.8406585569852
84.41940802361258
62.79251155525321
77.21081205115156
51.092433960782415
69.00904892330176
71.58659472776803
60.633518323205905
69.88046535773674
71.0822051804098
50.30980125919127
65.87970042060452
72.94439821240948
59.28975025006961
52.497026442500974
50.60178422606436
53.755510117356714
46.61089199739592
38.268102182329045
44.646785471921
38.245519509192526
30.99372664548224
31.415567284915568
38.076288267354585
31.644304323314206
18.92920418039759
31.17142331880262
25.777165379698083
34.49223825366768
27.62214500580599
34.13246048153688
33.349031315036164
28.61397062197566
34.165070092001045
25.1260332864444
24.80460375659224
32.65603497867645
29.236093595169315
39.16949628367434
32.92578280987845
38.785884054555524
43.95915732496711
40.05656371106935
44.5696384330992
39.84087737373435
39.38555790787773
39.67122032798771
39.893664428065534
44.58814453504489
49.53386936215528
55.30123601200862
61.25687821292451
67.29946678768687
46.69422345426859
53.57633378570752
46.63932214252969
48.484818514553155
39.109800520182844
48.70240937302215
50.026136743246
48.51458025344877
47.20990738147762
48.45719680755813
46.71202567454866
46.24297685779435
64.11959111280805
68.1573159240122
76.8616989615635
83.680871382123
94.68496772559585
99.36735600224574
89.5193448389814
79.82870509161269
103.07499659815397
87.55869441639221
90.75974901964433
90.4506260171705
90.7723832142253
90.23622043206649
74.31501041717699
54.620460512187066
88.49595784031038
74.91759164749367
85.34884491196915
68.42477189384599
67.73389839448097
74.83815810369863
84.83592186689306
81.76775868911719
64.50866114408146
85.34582609333808
80.03723403083048
94.65520374110064
75.94714719257367
65.24560752599953
83.96763264498904
86.4924671930291
92.96376413399355
83.94906068339277
76.33712618510104
87.65192465678707
77.74342490030723
63.91031821246546
78.27172216812174
72.99232791609654
73.26141160881843
79.36280517816043
71.57376202560386
69.3882741092186
76.58264666730071
74.40301882198165
66.58804036122308
89.74749319135127
84.56343622872934
77.29259291118802
69.93084939854849
86.14387951203467
77.68040583426138
73.20368122985465
80.01767582147006
61.66864830171631
80.22863639640255
74.08682748677452
79.8028783516123
67.36410241414035
60.511730921401366
77.96493558277459
94.25158023248237
69.24382370364756
97.92931277022211
92.40326722269778
94.24613709527239
100.00066885954301
95.25788780632593
104.26359306056364
91.90467779844059
91.72962959138657
75.42945569146602
74.56613460589591
84.01046501132119
72.23812030097717
99.72304153301359
96.7157209940611
80.87718520685459
76.09224139565322
89.70393792699727
94.02768425287464
105.40168853444705
84.67834870497462
113.77360620286385
108.69100316897008
96.81112540714827
104.53478957900512
95.6940701348377
91.30078278258786
74.97932905279995
79.32210290217049
82.69063542167794
76.27105803548568
65.69148050125628
65.80781881329202
70.74983332442237
62.08443507149689
66.39218265712006
68.88040087817672
79.46417009710859
87.56561574139833
75.05745450370198
57.98081050146656
57.21054717318944
51.946299334579834
51.822148717615896
62.15358789697363
50.1644144357004
50.04885854537619
57.78733541978878
55.810692019328066
64.96146396882902
66.59375905469356
62.265921249817204
38.51938285124612
46.93500107484559
47.86066641259074
39.886365844908624
35.470219235498845
37.17440980627988
46.34738666953905
40.79815628323851
42.95397878004058
53.310554213248786
46.1394793252199
57.30541390833829
53.75587505252321
50.56508168703616
60.72591005827134
58.639312816560064
53.98011645516261
54.700862315212426
51.896410331304516
54.12456895566865
52.30060128548291
55.08905074631197
58.65000055134813
58.22225538931362
50.08145924415164
56.59643942225869
50.32626016447912
47.73534554441172
33.79987399620071
40.67235454623672
56.64339639092759
36.03872250549044
34.28053154517463
38.46131942108604
34.25013884937089
33.18443830383987
41.92183546258289
40.49272358615091
44.548868943858146
39.99424498850939
37.59542034064974
40.493997836049694
42.012540400511945
38.68572351903799
27.769973632170643
44.70049226702547
26.933381441091512
32.456040678131146
40.16936043079375
40.720990994497406
38.273643669634104
52.69931908552453
48.7127434453613
37.145780803743406
34.983441904141024
25.450409644856162
44.50280064188066
38.01536882484814
47.570967472568896
52.337723257014716
60.20303489987409
63.41315630125823
60.02344936968913
49.89165701505655
62.25908007597724
65.78175406640341
53.90278658710727
51.91820549457633
56.1938516170613
43.09422139488053
42.17657170742102
23.636361414238305
45.576794825619
44.61299340416782
43.21821972902783
40.05782188040325
33.8193705423695
43.556656063548374
51.45812080912704
45.26528149252288
57.36567104733302
45.11520278572338
56.78967968471089
55.74637599471565
48.72467373821152
46.17024230342166
39.12461219448038
49.240965125520695
47.5256899737563
46.61424327401961
40.43770144815359
46.28217991480354
43.547060581295945
51.91637081360003
41.89307024828808
44.29667016939116
44.43709398549041
45.044856608607226
41.80123971924316
48.99794670890878
43.344148655344874
33.224023275580834
39.697024796426554
43.40135581177054
30.46052395452337
47.05270666990083
38.21663129894996
40.062141535381656
30.561450383497473
34.30933422256623
41.18184848195594
42.17144722173247
35.120041599630575
30.370235629876714
25.103593526244683
21.912712956455636
38.07440927624543
30.672198781606642
29.480917281313484
29.630492981808175
41.32495137492501
37.32614629651794
36.87896758961607
35.762250705281744
31.066416361356186
35.3116835618615
49.23963508417313
47.53631301966909
43.38688456577602
37.07754060036542
35.39881558873511
37.47917698363439
32.80882555768069
6.477712496761988
35.266261050794014
35.97262407460349
47.23788625832342
61.98061775742734
60.93900362753865
60.376928815929546
58.263143971671404
52.96822522068479
58.28295641222279
68.93302709518801
65.33188872966323
71.20238380248685
69.84197589579271
75.0738535485968
75.07666604582043
80.59525096043592
90.18920797850572
72.29331918827975
50.4771274814069
65.11523172663799
64.53316517432391
72.64243788903819
54.44731945726775
53.34885173475938
50.52892902735143
53.968374197153075
59.148209683571224
49.846384071910364
52.380339279980014
41.43960034624152
39.7626635460208
38.94827654783173
33.31643646721074
36.068716303892785
36.53271356461275
42.48460131040399
53.90025297447559
47.30516368243764
42.48707488841307
49.41780048129324
36.232928276541145
31.179686231584277
28.364359086983708
35.29453783011404
26.13685992888542
40.286010597477045
43.702773595520036
38.27503752259638
45.39138282737101
32.006307866478764
33.873916517756264
43.37638931561614
44.549676065455586
63.257288801358186
55.704139322036326
39.81097754691693
49.035689237941064
54.5254789264962
55.36546640064527
47.77123521878672
60.657440382972744
68.56367645049241
73.85716957842715
73.95610932252612
87.87998602456015
76.40980224961122
89.38006160558083
71.71879773077418
68.87939045310581
81.35150517138398
101.28582350198496
108.56144451457783
94.9876661141034
88.82446861809629
65.50092919567916
83.3972481645865
75.34525152071267
86.6758980332655
82.30435008732367
80.48149302127715
74.25495104769331
63.64404061661142
64.85601615174225
62.11426385992761
57.551643734120766
50.94457362670027
37.295928286234705
36.50611612871273
50.07201442036521
32.006421349362995
25.456446144950455
29.45707056065745
26.205664255285832
32.654802905198316
46.61418604398199
31.44391350431306
40.15818652627936
43.0976506992046
49.396316345840695
47.97519488907726
47.16336212950791
49.759120884844414
50.42171271428443
45.6705482210625
41.95922582856896
41.36335445239204
46.02706996256725
41.50693604490613
40.76199149494993
11.442617351021134
33.693228680407906
40.1827041517172
29.01472381897344
26.14938598275097
27.249162449169187
34.06064357959332
36.38037053498155
34.07491556066305
46.798613227845756
40.05159985278159
32.17547773752675
25.619521965913705
22.7850557890502
12.600959888865804
19.125595949586515
21.756821077798442
35.361135560492
39.816827793266505
36.78307833071465
30.40681942481475
33.18387549352118
41.739007200648594
31.443147434950948
24.768634273109498
23.543747006584148
11.610868841312126
10.869041951689336
16.76552030184133
24.192501663562723
31.521344605012445
30.260545575958076
28.466432336739295
29.430358211596815
24.28785959739566
37.20689798522152
29.28775391574819
26.427147983514242
22.11341765346822
43.65563699687364
43.56799041287549
43.28327817566066
47.44651222454057
51.78011459557636
40.86183109090761
46.24269765841184
47.50133101397405
45.26401325844221
38.26700854036394
30.406103887687415
42.1393227175266
46.56186164352423
43.00966429308706
37.94138387919066
41.97344858281831
37.47389615224052
46.27807807807991
37.1252333612387
45.560124698763964
36.2207885755718
31.545390482135964
13.317748621142314
31.69836735277197
4.641104772843193
45.24203797490421
32.352309511518826
36.17253403379918
6.901033254590365
48.122890164768975
49.41661824286091
53.285144781324554
62.298292378052984
65.21945897533513
61.330343448706664
63.86294617990154
53.345734598847905
72.24333537838078
82.18481797814918
73.78281060523801
82.47352068481018
76.8798716530758
70.30595658628373
64.7979918556404
78.24152702747932
70.72139769736918
68.94819993240046
55.47527002663774
69.48015246343132
63.609087452764506
79.40922221489014
78.91187350475889
66.51237020757577
61.99194086812839
58.39284134620874
74.6788935510031
72.48060945356808
65.6086421654709
58.35490966893309
58.62485905074309
65.68823689405805
74.0274855066962
87.88168324128776
63.26530496205821
81.05419570987799
83.33976379205319
74.69187612879907
63.476769340753194
64.3625025794624
62.81388861328689
75.95541254102093
75.15007926225452
80.28307347188354
53.77409511351384
98.74064246658804
77.21523208509291
77.78929875325348
82.44701933907231
70.48367502501007
86.67523194634096
66.0120739542785
74.60493411001985
83.12010456052359
88.1472343983326
80.65070416815013
80.12621655121032
62.03077628413629
61.641012786567245
76.39775384235509
63.17711891775329
45.53125050312669
44.67253175410922
57.07841141054885
62.577851324157464
35.374112590534025
40.71634114479871
49.7112754499694
47.38909779193059
49.672900999030674
45.392982782263594
46.238969771929774
62.61880641108618
59.05542806902326
77.54590131871896
53.815191404808004
67.80966739751214
57.532156590438
32.972696164175396
50.84277520357672
62.29982050482497
54.19285127987811
54.37911862451812
40.96567499588514
46.34540383695265
44.38356276542477
40.26840089917714
37.04663247286496
38.01366455967567
39.29423898708918
38.55316304902671
42.227056272350055
43.96533676062818
43.53602994244212
48.04384312424705
45.424693961125485
47.99887644076774
37.22756762081302
37.80890243895746
37.17212597364913
41.73307022518338
35.61605824369535
41.151647934647414
36.54864840218167
37.404700749039655
37.75148314956718
43.49219752997799
41.56152269562381
46.23649061717435
43.39561228310392
41.09087090538979
43.23360358321204
39.816657376177226
36.411808185481135
49.24423465322171
42.125944858755474
48.400942042931746
45.59450172348641
45.0179996799985
31.207985207558586
25.52027390644191
32.87941593926601
7.089776038286887
33.29805823527585
32.13593056712644
28.96360239554356
11.455412479515594
34.7052288992299
38.49959848676571
26.10858108810021
14.029850493739971
27.9939840599577
35.25126360087576
34.08852370502692
39.61211296039257
42.056266874829426
35.038802735972496
34.52554556286143
27.13941040738073
24.15351992828531
24.53840557098342
22.160682403753633
22.82350827978585
19.524254749674643
21.61149230366481
15.757811492993028
9.385657108795794
33.90533701225042
35.78289130694387
30.25210354527376
43.938108822826614
45.349718976372436
40.34647299137713
40.79476695791413
53.078286059914056
39.063251840866506
30.217359857532333
23.187114429095377
45.967367947961236
40.534853370696126
45.563472355093204
38.18833265325736
41.49366125339361
43.880472384523976
35.735683058102204
43.8404269365905
53.238477688833754
38.58391172457272
46.92006636202698
53.76089266624794
60.11014775913908
47.62617340661626
68.42059033732681
61.39354883869879
55.25289731393744
49.47864465654384
63.22044397357188
39.912717215996445
46.187324693066515
41.69570078695081
26.804510294318096
58.09481226485939
47.534473293186714
42.13835542679332
46.745223151504995
35.324640190352476
47.57163709241139
31.844652411335442
31.094298478019365
48.333513837927036
49.26413046675695
46.26971982240422
55.81688655955593
46.41742656318124
60.270060476021825
51.639143988672785
42.91386329703554
36.66625493495229
45.4917633720055
46.69617299668771
45.33798641700787
54.1578720954983
61.74835266234513
84.75869894229432
72.10573310011263
83.46348042067437
82.52846240870937
73.30983787655154
78.97299600659993
74.0507973213708
74.00767401062149
68.27535852509868
79.25269356693597
77.36587533721813
69.06177706361034
78.75955860462275
71.4373881160504
67.0969300759302
55.94421677049941
62.73306338826859
66.10693506232256
64.65468712222948
61.436473303255035
68.0113373124178
77.73455047278804
75.53174368142149
84.78893293115854
78.58156731354805
83.84184013400801
89.54269278099468
79.5163491819157
89.79504996367747
92.92477940064565
112.45855659919192
93.90017248339448
109.18171330202023
89.01007392378449
103.42414031876987
92.28769512756313
99.59737362799224
93.36115746881711
101.21048090773742
77.0607421887413
75.20128117427778
82.32934932678003
83.2435466066962
68.96261865510763
74.26183897674181
63.63224142237997
78.68856296251305
73.65447036879549
92.63988368590819
85.01079186628343
76.49708181570747
65.54826482229487
74.74493507987472
83.40297565281794
76.5030953512218
79.37877297778384
89.92326832765593
63.35032854145393
87.3383564743664
89.22661687676421
98.47124553211282
100.2624071006034
92.64101587850506
97.1709142343386
95.81650702700588
81.57842716350922
77.99172620162828
80.8916583790277
76.11039398094861
60.47467268160996
72.11080334398437
65.56057061604415
69.04931981808754
67.53881491772549
60.46562195250065
55.43917027803404
57.67106519153495
52.58748495212788
62.612833954561
69.00089974349194
67.50983256831046
70.9448296206076
65.70962914880988
63.34308845876935
58.30577982236044
59.21794900118907
74.66435674430853
58.289484088556364
63.963968375751215
74.01785882361757
59.66891632629408
62.59765909830506
75.5802584324645
72.63965872695064
71.49438392137138
76.73241569266824
68.80750043379871
90.77033432954738
83.43621101198947
76.2753860724674
60.46365731815228
80.65338513706196
62.95613109937691
50.9283942795059
55.42738761303778
64.97665850890294
70.61989284645142
78.74066340274939
67.12502736696092
76.65809880745527
65.89750172084925
85.86308315305293
82.95835023135385
74.14140054796917
70.98540724315964
79.5471981974906
81.694703743911
99.64173019391056
84.03658475660731
90.53869673268262
83.62557534293981
91.59323602306841
88.81474877785348
64.83953878995125
86.36452930199803
92.01088499916249
82.5160912499437
85.26364451368163
78.38190785551244
60.479256996698055
89.58761892325877
80.5424737851949
80.05143481064817
40.15397847453367
69.24908424415693
63.377719223704574
71.22856334047249
81.51902938187268
72.677112505292
52.1517699831685
56.29410173231715
50.11181618056645
57.21013368272061
53.28996815191211
45.31941066824774
56.067069283902505
42.01931207825474
52.76083072405161
51.635801547543494
45.416441722239185
36.29060972082297
71.61319401456191
73.95706178529392
74.87128041155188
79.78794831699271
84.53469095096057
78.42193114285236
87.7009871839816
76.36872082505799
84.17956349072483
70.98365031813915
80.02605537683671
84.67286925494103
74.68341590725883
55.12851746650769
67.1219413132909
54.86211403704629
40.222301197114376
67.94067415147848
53.94885702143589
58.12253688696946
59.40739909474863
54.75272274862855
52.361212893484094
62.43434177369074
77.98031981997167
85.40070176284738
80.13298248358092
70.12625831137123
68.85538667505973
68.65630115830452
71.38276471597905
72.48251605510474
65.04303877202133
75.39990878553112
65.54092185465129
67.88710333172499
69.3255616484055
64.27916035988792
71.42639253031
64.73275377735621
61.923474103745704
77.87686225207412
61.43036695313837
45.6345787335653
41.00416699361704
39.13251719846108
39.02325387597547
37.32551552586882
49.0515755074082
45.397000911704076
37.06219961560243
51.27151286093434
48.41278631981743
39.08521659611885
31.124290236356874
36.12857677558487
46.90318131579163
41.41845077161111
51.62805361754045
56.95242067231157
58.66141590620826
56.18549173988678
67.20282905073896
65.93328342203998
69.2282939078311
48.69391012480243
54.462426344657736
65.19987690046109
74.10036279110099
68.24933568369617
59.33516635428125
61.17001475198237
89.48432508014866
89.21573574128907
97.1141289712336
92.3339855968254
77.2348854261008
85.43213338670883
79.21625437637425
65.8723819901234
61.57659244793807
59.384263200067046
58.3465180889653
58.86941626554445
60.15996320833851
75.30424814084793
74.43242445181002
63.84716404096804
71.70398083998937
74.64011110331651
87.06391244382937
75.4925171802929
78.38138118407021
69.03624859844757
91.89155608643696
72.79866635936055
91.89759333135135
85.13731689899622
92.88873699693883
88.08836595434694
88.71361891656507
87.21577399381599
67.97839489860216
84.24839471182749
73.00687291046205
79.77886212235978
74.87914310486174
83.05582854980211
74.74108501092415
79.292766535109
78.02523247562044
78.83395602494103
66.92645009436451
71.13146258713263
63.52194389657269
62.04692585942712
62.22892653869818
50.38651717274658
40.63738659996624
48.182379422287255
39.67019850061689
41.85752606181347
43.169508525793006
44.150661271499764
42.60405636827133
54.41572277517113
40.03899207795561
32.12622642233038
28.79155198074852
21.97391563652453
35.48666342012906
20.929817147823904
23.087033187388194
23.546678684413855
12.247376211647657
33.75724623224383
37.64327523096871
24.20185380755675
19.19042251648689
16.510302906448633
42.820444754369575
44.46439185052132
52.553404564990345
42.845979498389305
43.21249725414085
35.38776376969131
45.22209554754783
16.66053416399648
33.90530602268535
11.142797615399234
34.10185537352779
32.51240056064752
33.173096525449324
38.44708444272574
47.99998537034446
30.88600275143334
14.615276351896913
44.25463650553068
53.268230717792136
58.328103478575365
50.70503722106642
59.853362545987785
58.69073610828463
59.33863735870878
53.97626690627282
53.85324970703891
48.99620176759189
49.02590525052884
52.04582519237804
39.439897225832674
53.03393030900174
44.72905522739146
40.255319952358185
34.10241052620538
32.71315255662144
38.30181941273024
31.169354423310935
35.78136051593479
30.850421358862505
35.972229575498325
40.98701517337142
38.65276280459652
42.696063028817385
33.11124161457381
47.99755990719338
46.64173831706509
50.7728901642552
45.82717293415691
48.67754080466641
30.901418024629297
36.749542923532104
33.85917045819334
37.90324214478826
45.561263850457664
46.70536922761863
44.968989389822305
52.09876165408586
49.347697877179414
46.50899962822689
40.18826530393788
45.422658471866626
45.812255995660834
50.38923074680406
54.35508355947278
40.91855878933565
51.8236516490812
53.3681890710082
69.53999963416055
64.25116433403949
62.012971533473475
58.90096880579745
49.82701154299889
50.01474685694281
65.30342962663364
50.925662930676104
57.588080357324124
55.98348652187656
55.6724472377689
56.09690550570615
56.77598818042631
50.45405302830774
78.34447925758423
77.42124565963358
62.69957086760886
70.65456333797064
80.18233300178396
72.50605900314187
70.12964808015718
85.56877238009112
79.01797487795427
97.03693139198444
79.71605762420296
91.0588731655003
89.43037757916315
89.77464909089059
93.34220500054661
68.42027461833003
76.15342750195718
83.08267596679845
68.13790254510322
62.4837817622582
75.57865836560667
58.46319792477316
60.76774355995821
76.32287007340169
81.53191962510395
74.72909192688377
78.6648783715415
78.20663458057896
63.832246724770094
83.60331748532151
82.02510140818458
65.13650389545113
51.94167736656624
83.28997806936006
81.21117177123942
74.53083963528225
77.29647302750915
75.01308820341643
75.35318839786288
76.59491551473198
70.7463705396624
77.66757538916306
74.38173663538728
65.18286673295572
62.496849967819045
73.68654723370949
75.18238315358082
76.26369563386302
58.69908183864128
73.36382558413781
73.59559946081858
63.05044603628049
72.17224965001527
58.38832743021402
47.461478888226004
47.02035606734197
48.855410714820806
54.504629591191744
58.862086088917664
51.70629049610354
61.50548626302664
54.923906107974595
52.241959559490695
56.38831320433122
60.93415072173455
59.492833066943504
59.798893002581366
49.2809916325778
55.934731003293045
30.982290754190974
56.48214695576337
66.6556043686706
53.744801104729405
52.366332091089724
76.31333895990653
57.45142863977908
65.47502392451553
62.785381655174014
79.45443327669793
78.67807522851078
64.95669299907928
58.281810399409416
64.2861580321885
51.04869318019392
42.96450993350814
40.54127621631576
43.76239895897122
47.5546815698562
45.54105930246515
37.3401346951846
44.37439429975152
42.519856456322934
50.110258341333
50.78305264560442
39.37552097348995
42.79503518628796
40.443177603278876
60.25515254308669
48.45048824630107
61.603075723470326
48.4685965148182
51.8634866566183
52.08137820342023
47.86501839416652
55.33421209106196
42.01954695436778
64.39830902531868
60.531510566246354
56.84130395505518
64.91714153796283
50.549238952379625
49.213926268888116
58.078208477092836
63.11143536443673
60.41756832477536
63.44138702485884
53.156497617162394
58.519067968227745
37.65564494284803
75.4115208800052
76.10880854989111
52.40198347115914
71.22912936721053
78.31382541317188
87.61309370454073
97.32730535602892
92.83949268328666
85.08968320154106
86.13252015577595
80.10360094189902
76.8118207545839
99.0676131808541
75.1517686230419
93.47768885783583
94.49119980574841
102.51312446105315
95.54675122923054
81.84824515017493
73.42926424789894
92.44530175635747
72.69638179129468
89.77861993124185
104.72896793988106
85.7214164582303
87.928420798722
87.21167847570084
83.11471961515637
97.58295016174586
86.60471361938187
71.3076159560851
106.39444336527028
110.33841413093182
102.49499958162568
96.33077992831824
117.70926750115864
121.19570232117555
120.95787486000864
97.68624694275783
104.7766268187995
102.68826068346443
107.27281056172987
102.22749914368404
105.53351098710607
115.52224458659249
114.10775492657153
105.08407812738025
110.63447550231638
105.84529387108114
112.47014819102836
117.18844686200535
115.33771690133906
119.34443649222578
111.20019449904001
120.08927026304343
126.34550718512392
110.3181409778394
118.31626776473625
111.9186109563844
123.94344999709102
121.21412715708031
107.65265854010913
115.54018235993196
99.51578543663615
87.1321222922038
105.66315504139911
85.54621943702169
98.32154842580361
92.4842382405029
81.27420716136132
87.66545751897296
84.38533336196183
88.63143839139823
97.03341600916518
95.1458719839331
93.30129624676233
68.8500286845818
94.93663093966919
87.21971588377994
88.82871323604448
86.8775834984666
75.65189823435253
69.4201479381257
77.04853657312952
90.17948687914567
92.93943745660657
80.35257421781179
85.48176255453913
77.75692274729963
90.95692599114695
95.59556064260104
87.8360897303642
91.55106168195249
85.64377959352694
78.72533603981383
92.5699112718398
87.99181784403643
95.88289558389748
98.79170179130045
98.21217266989494
96.36161243586903
108.2582569530359
104.58401040125088
102.73071492372348
105.08316058028514
108.44970673977163
113.9100821951352
113.29633481834833
91.97497142721949
98.09727653062767
122.54134556198677
100.46947361993287
103.72372918978054
96.69511686932066
96.0092337108034
112.53315847515043
98.34022006702783
100.28582877600901
74.623942858773
77.71016028028363
87.79049967744862
107.37400686321601
101.60272403652155
106.95195999116835
103.12827218542166
101.69857947108282
113.92248501278463
116.33390459269808
117.99551702041946
109.91708912356617
95.6108284336732
104.54189213418371
80.36473515477267
84.31685199214377
72.36912187937737
88.56378413885784
84.58097913466459
90.74189865352325
95.709627290035
85.21104424769997
71.55594824788992
82.54733883547728
80.13496800385427
73.16888984437853
79.70153924197267
75.83087820994248
78.08094278525762
79.75175125053043
72.10600918026003
64.04835813505625
74.93279524389258
65.70614982255165
76.71946690932057
65.65085179838512
61.290231856550484
65.32611689629606
63.388990732297344
83.55201080529778
53.60710649380898
57.20271077695621
66.93130273038504
50.07504093573642
59.52470208904445
62.015010479959656
56.57506030273442
62.41109286269527
63.93463408591858
72.42947784304847
66.18241598426111
72.63778869956272
75.93901005194759
75.12668247768855
90.02808561789605
73.36445476901125
80.00408635291116
74.19690360856876
79.14544491993922
56.6003261962306
55.035153446497105
63.864814739594784
66.50496424044108
65.46804750253507
79.18078519253037
82.01286923856571
78.10410527095517
81.49735425142812
63.40628840130783
66.32654658785626
64.01811654483402
45.675235319117775
68.97664987858101
66.86086727336412
54.86506955677006
79.10182321942098
60.35351986740969
59.38613677199304
42.863998908946385
55.40157554262091
60.97138513479631
59.13247800891327
49.23730595675543
56.99247467409185
48.05346870782465
51.7948482612025
54.04832235902832
63.62805752927066
55.53175989674695
56.53205718980873
66.2215318154495
64.11742962398917
82.58454390366165
55.56692807305624
55.02777963186155
67.22341266605537
69.11920340608629
59.610546656188276
71.0615144972307
67.68105119609551
75.08782531832411
81.61635935568154
67.04391068402711
77.89592692266713
72.90431359775906
79.86946745171686
69.37087596839274
80.2143247700987
83.23600427749994
77.05292013882377
76.79691720436682
84.92149838995427
54.406284941
80.74587124610585
82.75432378468311
79.94709382016812
83.12718383075101
94.4638480389896
80.39865125363629
79.48865005076044
78.06453749488765
83.16864140907006
88.57004028359955
77.5640025382135
72.19435933036895
56.08278668450827
79.09578595741822
88.04690314807571
72.71294201615606
88.27092934562154
78.99939698302443
83.54646486815636
67.32400903808445
76.60182296830477
63.39003332123959
89.53467072772817
92.12542968808526
93.96953542855773
83.5061676210173
87.46556792283533
83.34967342183832
91.23311148642402
91.68678692088673
61.37846368518416
99.38219588556942
69.46204279384153
90.59103693406216
84.47860568286865
92.75906452070012
101.77372410866356
106.49599260692756
80.38907857532614
92.4412192545664
82.0031126295751
89.21328664119474
92.9392249564848
83.94499153874901
76.53522786087568
93.59295036221994
76.3361085187592
98.2553251541494
91.65315044620354
109.37447643463162
97.01968250979817
87.47791031597812
84.32727701596556
71.95288433328851
73.84289580135741
90.17314202781553
89.9024202369009
88.87832345366984
88.31894127721903
93.3964673998877
93.55829952787452
98.17699441875425
85.52232023722678
99.60041721158584
89.22366742428083
71.00353659698803
112.888109994613
83.33070428258635
107.44878363068176
74.8342948277109
76.45418798370603
99.89382574585484
110.74053175294497
110.04528795381083
95.38808999733068
83.04195845828333
100.99918160313331
79.90608177505091
85.58448766648215
107.90388022305449
100.7757508035974
99.36924519229746
89.46108776865705
101.84335623736308
104.26587314348312
104.97600339282495
101.92511835808902
82.61892632495105
103.77270898959146
100.87598821436362
112.60226385065677
105.44216620219105
96.3151614723574
91.89258094376922
99.52584123710389
94.29707365203026
92.39752990111754
85.85149392028177
95.97923326721063
93.58714541793502
90.81401075050199
94.36977007237931
82.90952952997063
82.25378901015236
78.65390819525489
88.02151413154546
91.24741038310047
78.76662678518117
103.31257020616974
82.86231865246802
72.2065420886752
83.88798385171127
66.4622487084572
86.21188624892446
96.82860430595588
99.20935387868641
79.48176824690827
78.79100761253987
82.4890180470656
70.02157008199232
69.27055876917579
73.35662303426463
75.1311314674805
71.38666764746773
79.55639037586117
85.38953970185648
77.12206080735865
78.28733877738891
76.97900904841548
65.50885350132694
54.299081152948496
83.72566115392091
76.10598139325069
92.79925858098134
93.68994352343844
81.49364382874661
92.45416863786903
85.76763827431131
82.42024695994961
69.2160681418068
93.88640049096236
93.67750391975395
93.26720172104444
103.16551070311105
88.51579187038998
86.26116751317039
81.30990734673348
98.39080583033851
94.27952239032464
89.84534787635158
85.4908139352338
79.23339514860248
79.32801860085199
88.0821537693787
92.05310733058865
89.06660184084204
87.7245275711747
73.56352262079187
80.65608272405923
89.74273448107066
72.25215335265081
78.8108669372079
86.90689458775272
98.24082992884273
92.62505791211038
101.38643804863358
89.8435893153277
60.280070495705516
81.73242661634283
80.06047027003667
79.79360991085915
82.06449950274086
91.3431330323207
82.54757775321156
87.44962896170765
80.36776285913758
92.42137380565347
84.8831335415859
86.71672811176691
105.63990898659779
87.01381856007842
70.69390683993828
80.25050597847012
106.82726750235865
99.76910200447129
105.51653549745868
114.6843863062168
98.63583082504518
86.04038938839382
99.4340469197896
97.99858248045729
93.12732339094819
99.526547208456
93.77304401698605
93.86440241501494
86.58152483920176
104.64315832373981
110.8089917983826
94.2595998825744
82.72959379709506
84.00230235326198
92.86801431955772
81.64223355905767
112.33250580091504
87.36954405056149
88.93273313567143
92.39881167838175
110.47342994410114
70.70244123342697
113.19952202779643
85.89718314639525
90.99995779399366
74.55223463342182
102.71439532795843
93.53389243157801
98.03982169967585
103.62660979243955
116.3026875033728
97.86235230313912
101.74885633974915
100.27953351409587
117.06367423044135
95.30739168163124
82.73370296149905
95.52118007203757
103.53976916007717
107.15610716888138
98.53809458875125
104.69888069145738
119.20865202828213
112.70012724052599
112.51447303298237
107.46724062573085
107.57913868648644
112.15599251528062
120.83253219704086
108.88041734824289
98.1494306143278
93.66321189261632
100.68474535949242
115.94886980365591
105.95495992730456
114.7450010505608
111.89932562755519
109.62282297351493
98.78782529066089
89.18998523132015
86.8317660307223
112.25047562039687
119.56251104435712
125.05592195388905
130.87120675059566
107.65736735866355
101.22664032465156
118.89421075253553
111.08236761570652
115.48053840800698
110.72579007441551
88.95803165839736
111.16814238773593
115.59895422565398
110.46263668278698
113.9927847076872
118.54156808828415
100.99236484806661
108.83416707949945
107.71654054786366
111.11231202273133
100.15946527098853
111.07401326632328
104.28751618308941
105.10519316754119
102.55561809630787
113.6216570698458
105.08252218620302
98.33534438735562
99.9256862981479
109.14921229515758
117.62271915856347
96.34399473721648
98.7130708678198
98.28993608375106
98.2860892568295
115.0738538271239
108.37387450779448
100.87630356299552
120.25558436498358
105.49057964584568
104.58521569382287
113.07711367581751
118.2987446012397
110.01413255495305
115.75147103203192
102.95247431974038
121.84502522949866
99.57291035373817
112.65854860731346
93.5414224861174
106.70281293840753
112.73273373240788
109.58555183312835
92.54634884974504
119.40460417317246
108.97812396870263
117.15488663331233
110.72710327007495
107.19436583946685
109.35768932906915
113.22770225680705
105.9851859501517
111.71928200445797
110.0472719309273
106.98250495028161
109.18038289946615
109.86383172694678
101.82801541827638
113.15080216017678
87.76042316784866
89.56094922465954
98.44560687094211
85.67865183023166
97.51658278577985
111.2019158437581
106.1092910242086
97.50490222202578
99.77759069545058
97.01475299442106
122.18173624677235
120.16637449476558
116.21231895363542
117.76616631380851
122.25292230191356
112.380963116559
112.5122162112122
109.40693676440063
94.5479579700131
99.44479333966957
106.99051199033912
102.21801684091524
108.43023595900164
111.47295695605297
96.74761729168964
73.52083663942183
106.28501962792423
108.40134951976594
117.0594496682406
104.93631459922707
99.05786438457416
98.57327342914478
110.63791657586175
114.78606607842227
114.5040158887148
120.53402879463972
112.4403711440612
111.70692079166922
107.68354404918189
130.56308941613702
118.36317014065632
112.3867829226759
93.01717691704451
107.9379801623684
85.06356676624276
93.95661290090905
88.59707296105378
70.37205539081766
68.92860504592183
75.17469154478451
85.24128156535546
64.97501838644045
84.6376833107417
77.86672664990252
67.63957773228812
83.83521429975812
77.3710584727312
78.17891753441442
83.36155758631938
75.21670011065981
86.74617653056723
88.99998216651557
95.40079161055634
74.89276567747896
81.11764946315665
75.57871029289518
54.735734273931534
74.73168880502303
71.12283894198593
60.24011309228451
54.81835571278537
71.75903810275742
70.02167097197731
69.5667842653097
76.37584059263196
87.46513821618304
69.27279722730725
67.28875051576331
65.06272138581105
84.58644247462576
82.94635223917687
91.58338852640213
82.8767082100732
87.97733262707914
68.28498515882616
67.20309938968553
74.93521924611294
71.75723466142047
61.12245747043123
53.98200363328537
42.29009145322355
41.34607045902141
56.1435885795692
54.021755845112395
56.02008363832911
49.74707443696151
68.19529378031166
60.109806511819805
70.70890727435139
62.89917535317051
69.26799684597405
63.40886485603283
74.50843499662078
78.99494223463562
74.40068373636673
74.56922066536643
73.88986708562389
91.4864159849655
88.94838479952013
96.32775211202205
71.16417006213679
80.64413744218768
78.84582935649676
77.38328412909992
79.17347074412871
73.65591509627353
78.7076376786837
80.94174970395986
70.26672641863165
87.20187823134363
99.18656932078268
82.80896914436994
94.37101062327065
87.57212933370941
88.8685643541352
82.90897735502577
63.10879021332289
81.57477294912897
78.1951389816279
69.19682189054988
57.68242960329934
39.930402468340745
70.59613061561085
74.4833128533101
60.9448756378143
63.81359823564954
63.81365727694868
53.281419612279365
57.409132286478886
64.01649149856857
55.03499256147536
45.03289675684893
62.72478583743796
58.54201829535693
56.68340499356067
59.60432674530224
71.57696872048074
81.29573062780396
73.89261902002607
63.26871566093781
74.05023722736561
74.546799246811
74.30156135024652
77.30327386667592
88.36731249313927
70.31623468823966
73.88077748802631
51.080246058314366
52.0483942718225
48.09367499991398
43.833314465389435
53.70163581625237
44.107554526025375
37.40250278351805
20.642661585817308
28.35634330987006
39.785201239646454
47.53071657218355
43.67385882406545
46.79708241651043
49.105321474118604
51.305996641370314
46.872086425517445
53.765799407948
41.82497943594487
42.394713083954684
46.72543582286569
57.99510604092964
53.70309479621344
58.044759754979
68.25555174763083
50.87548332391897
59.98246954573442
62.014595870807035
69.51382543527751
69.59344478489795
68.57288006876468
61.17741929699027
61.59073762735942
69.36741482352318
80.03578478514217
76.70457987675698
76.06348053134867
85.04467673895547
94.98946548652262
74.58296238286516
65.01895839878924
84.60388625553195
95.27891364430418
78.9072093386962
74.11685784063796
79.11738820336288
91.91971874079678
83.65718509833575
84.02469216900504
111.5021189543178
89.22308089526325
94.16924695686758
108.37799140729135
96.93859593865864
97.12535924032673
92.82037122107249
84.39207405889013
89.0569448423978
79.42953854730413
88.91890278920874
63.08820815457646
70.75836807800725
60.47078184941426
61.10941896973687
69.19176588703031
72.60610618727249
57.61482704284313
75.67163375639835
76.94735841737807
69.0148634620727
70.560256637813
65.40465783327706
64.80234310569325
83.06988646578259
83.31240487821354
87.75251148230943
85.87795532084849
89.44688432784223
80.89192962334052
80.33559253443981
92.9538715159748
55.486091348179066
92.52307366418763
80.98647802331203
80.4897721187288
79.53707599999042
73.20251844799607
68.34697562382043
57.80527722318157
81.11494248177405
74.81722955967196
70.96988936192918
80.08822785622257
71.74996444506652
89.43314912765818
84.74590833101072
79.28435520174241
89.64364569559747
102.4342305437547
75.99691166872441
86.79344846259302
81.93185701301299
81.8293498279859
93.69629512335963
92.1760932870269
74.58222078616684
67.63378363950001
81.8517633099443
62.12859272231645
78.34890674032933
60.767066491690976
75.0244298778916
59.87731075486067
39.896891194149816
61.356170441836085
52.09121280032473
49.25218221329229
59.33095222779609
49.05693102657386
48.18236942730598
56.9925791396873
61.86973720863701
60.11681983187441
70.59884100494854
81.50624869538589
65.6603954508027
89.53907915213304
70.05885679028349
62.73448093254639
71.85775074430632
65.82415314819882
59.1725176758497
52.734798545646484
52.9747783083598
42.283104663081545
59.01611508265692
45.295538439787954
56.78377806487892
44.378136314592396
62.99758464095325
56.017354173808826
70.88317992263161
54.42520867526314
65.83402004095588
51.51003809655031
52.1322741456706
63.50500031428343
52.002505189952004
64.2476165545199
68.88531393996844
82.7588805693151
56.38329610329831
91.43413219569233
78.02689936587167
74.79954607068285
73.47318772844251
70.52758675854447
58.079015271193576
60.16243791171385
57.13628241224119
66.22030481529102
55.232598478257785
62.82564235237013
64.02995584619292
73.14596564771597
67.78595211639828
75.14813802286814
66.69601746627661
58.18249578530722
52.78992154460721
63.993063264031115
64.4957066121939
72.66136301067165
58.126387818681295
70.80251833543456
74.28286983071315
82.37542448632227
93.46605896211072
84.49554322992928
92.09469445493923
97.23131959901633
81.28115337049871
71.0979172275888
63.24191351597975
57.981649897293195
69.43769022203196
81.78571496733618
73.76279693878605
56.646337624475045
67.2758451000387
64.04100270467094
68.16979204191017
66.59850932511945
85.93740422879219
76.63727088368158
71.57095624326723
74.19267197859764
57.76923816259279
66.99937211124866
75.00972161527002
72.18652471102305
56.46968024855771
94.69196413685462
82.1543149798835
92.59285812712736
80.92568882304585
81.43416922164721
88.81694169351435
85.94238728969846
71.15035290543825
71.26433533293304
53.21230310193148
67.94405970497911
86.9255699083745
76.29456170755077
88.94296601855027
67.73424923513194
61.37808062728779
72.50769342660715
68.33154869176313
74.879381490253
78.10281169312587
84.00340952038623
94.14904079699133
89.28398005719644
82.71754195305301
95.42208122111428
104.57610191920105
92.67639139116099
99.08020170545609
93.39219704870317
93.0859504071535
97.86284129731459
90.5019646168657
95.76115534714972
95.45842940668226
98.50320253229056
108.79738747513476
92.70491169596019
89.97940330676717
102.99164611787509
91.97141487173847
84.08976047475649
57.37654922246802
83.69894672098519
86.67745530843825
78.6992612716497
100.1668822925683
86.23587899600037
102.67845705680716
84.03862750610203
91.2579054473765
94.8946230803083
86.1712953581072
93.9498178193926
84.0979249019546
79.36593836563864
81.7005872493083
77.85287996804604
107.02952064426715
74.4110140664621
69.67669179680357
103.23489225867995
84.71162323921742
80.98088883203857
76.95871174576364
70.79839191792072
82.52284029252111
86.58047829696952
83.73590688904747
67.7614607322614
81.02660454140508
89.58643552623785
65.79987244681793
70.73825141163421
61.1453041918221
55.66870670621094
71.97170473951333
76.96714502596143
69.26521249053337
83.49017855960439
73.66034366065743
93.98730696735322
83.05579727198663
101.42160224899493
95.77004467104473
74.66702115520359
97.0634801943265
80.51021404824749
84.37498071280673
81.36701967058971
77.57465943033617
85.63603200854578
85.44891133751904
84.42093660152007
81.00481487666815
86.46597524318354
85.27067621058676
85.8401417100668
72.37374647248865
84.92113832979612
74.88057130924265
61.46343154421514
66.72562272157055
64.67597648514305
53.189397073162084
80.4718138726455
67.48933091961747
89.19718091524065
65.22995118609954
91.16816859942996
57.87785474440412
82.14224920385168
80.23074165361227
58.910475352222846
79.86717124848259
83.79265800888889
68.93417816560948
72.74511934651397
84.48869531503125
76.89879355324636
84.09214102271274
82.9951024474928
83.06457859415299
67.16940927933494
65.1969455448981
62.051191507872886
62.347027873612575
71.03307535234589
79.7256358829543
63.18610920387088
84.66676753067682
79.02644914268959
71.94528363767895
64.68274865363443
87.11202271614309
90.07454997070418
79.54902353617157
78.34352646511881
48.74536032105139
80.33357518696735
66.41339674158053
70.41125136119804
54.231458870625126
75.41236154181728
68.18888956276543
61.696614265945826
55.67861497834728
57.729739153188085
60.50435699315605
64.09197083206715
63.439489787824286
47.73078305629379
58.52424915540062
62.49441037804574
68.03986270266552
67.81190857040363
85.19375602384117
77.62607724273045
82.67466818740193
78.41581866721383
73.50506560732634
69.36359020132123
88.28326851809193
79.3435627272213
71.12329406166448
60.5024613760594
77.46095051990085
58.720617509541974
80.9597884666195
84.91560418173289
92.812015500248
92.06059372847301
86.81161108839589
76.24460870618293
79.36235715039219
93.15904576309971
80.07194531675596
80.92418513321054
81.06781315638602
69.0635180264884
78.76388918190949
82.83612059831721
84.53740426985065
82.98972989338627
68.54653435810093
87.49764636797721
89.40693648412022
75.51435809471268
95.79166166521404
93.87454996087637
102.73417202183337
110.15119339000769
105.86607114895071
97.62911813560248
98.03231472639376
91.96573814256587
102.31262296242143
99.0880545721002
101.60602012832364
108.2780934191969
85.81108720392986
77.07152693049504
98.41297323003435
91.6552950532923
90.07437498986438
82.22347583262393
97.05418997751377
93.34601821905365
95.2087637714927
74.86893049175231
91.57480318530354
68.91745240851978
79.48221668667199
74.65594953872132
68.285016779635
75.59137881377666
57.65812987094695
100.5042594115779
79.16156589437804
67.89673347265108
84.30695999286519
80.03991113767951
90.55490125062813
73.48558819747461
81.0643879615063
83.81047770240377
89.5530009953153
79.48417785307915
77.64076143075215
74.32771865293317
62.47587006477819
82.30972937473504
72.48750671064474
72.55449937077736
69.76345220283925
74.70250664203962
71.74392322790818
53.53465227420606
79.1737480892832
77.96985145532554
82.01599173216897
92.03990034749928
82.77298944407796
91.68129418872974
86.49564122654081
92.36728521685146
92.16088810089995
81.80399246516383
90.55879428944785
82.32940235008253
79.58654806126135
66.53250285740893
73.59280782058622
79.48391222907202
62.87879206746812
61.70346010466229
63.246899924500056
67.83504234156796
69.40296928331455
79.34339221178635
73.09152656684651
84.79017653897505
71.28276316888532
84.44901917439259
78.94883857651982
51.39926304237085
99.49871724739079
80.78821503892773
70.6508977389214
71.34791926918344
60.51520269173399
62.37797459124555
59.22476825277448
42.78630644263815
57.3598557103726
53.616928503300834
52.669505214821314
52.338316327233976
49.70240040608995
53.00726713185639
56.712470111433596
52.207547333622166
45.53738115016152
43.89002896697221
50.72218815909141
41.02197022457115
34.25716484437634
27.55587388092336
10.922799232724309
36.56002403608628
24.014514121707457
19.935192020643374
30.360057882023835
21.092545595656258
9.097108575399472
31.632566622300757
42.539926823519046
44.32079320327372
44.63545043649405
34.063581504132145
25.546127535473637
6.188379028245617
36.663191554950224
31.85113556815282
11.741213882349804
35.246299489226146
39.72090208013965
34.046850312784386
27.451073244048175
32.96148090186653
47.87732472276493
35.99010953269356
37.022071621950644
37.84143259380852
33.024520852362144
41.77257648217164
38.19104228747903
36.81245413527005
20.43812401881169
6.751723544500933
42.00889385229734
27.59175128926753
21.576868596665772
12.3949567808367
29.800492936678545
43.69722841564428
34.559861270390805
28.126364509987397
30.101052198476175
22.616911614914674
32.63447363264622
35.67303681609158
31.942693301915224
40.94952740410396
38.01419029352415
26.48541065388363
25.351399519292993
26.796546666776326
32.02093129471858
28.09611007686723
38.011052715700785
41.98115011938373
24.255700180841757
28.84624544779614
23.581572617894675
11.34235778322196
42.14735471868751
37.64075406511716
39.89665434162513
45.91986538471984
30.678327886195017
46.188463584450105
31.82702291255783
25.98002834085237
45.15605647581502
44.684019998574406
48.34271480479087
52.682422411161774
47.45063161107418
55.96643856732729
50.749300615774914
41.35275176390905
54.13389137795654
43.55555957648289
55.08752488217912
46.56864176292121
66.9499387525818
65.41813801780512
67.11547925382725
60.59187070580846
64.67165816565871
60.05635963180432
70.15052942545458
60.29554726306608
60.79989183041245
67.64171973157099
62.867724656450505
56.623570548730186
61.495950656578664
53.35176714208542
57.56694464385018
47.36268942194471
81.77473191311228
82.22254597415198
56.99394745437822
61.44900364743913
77.27441744043381
78.19793718076261
76.64342826702509
76.6086208483317
73.54326755997698
81.18907878024659
83.0490421370507
83.67761368843979
81.45038340395205
74.92873673455495
64.37460378525321
63.177497974524506
75.11685417594589
69.68809096372085
70.52412320443003
51.794773331332436
77.22894831414484
70.54505084056098
69.3863888507296
71.55360253738282
61.00872682797595
72.41578328959093
81.6745153032309
63.13662743664815
68.30956546803442
73.76659380456137
80.06219063112277
63.686280388890836
65.30804388791184
58.36076218527762
43.64298386520327
50.815958751890136
43.87831403320618
40.4732082736131
30.521726882653176
50.260686854310165
39.632906950777055
46.49057121128509
44.43737108402773
47.111402559708026
48.89183735266335
53.371462945182486
49.778219926457886
49.706840202993234
50.464525576921176
57.63467718486236
49.94422875291707
51.76795151887478
59.89677879226446
54.67322496532566
51.99295790932044
46.977461624029125
60.943050248714556
69.05013529445964
72.99103660306852
80.22669418325756
82.64944587756548
77.30678081545406
73.19389912208317
76.07080897339829
56.112120247336435
57.242503772885684
64.79769062610616
56.935936157324925
66.39925670240977
63.82123316530219
66.80232732574778
72.11790268317252
61.96736823348571
59.5018461312878
75.75855415671172
66.1227943760947
71.96619825612342
55.90898554052019
65.47593055626064
61.066092243050036
61.665933520147924
76.79949031974502
64.84973228464109
65.67060600090576
72.3591844786679
64.05438072785822
62.052841630080465
62.533015300840326
56.2458771698241
45.38814026675631
67.43104033748655
71.01524170358084
74.2870501693136
84.43064033206628
73.40418727109574
72.70202633336422
86.07873617149761
61.987065617058384
77.30857596494222
73.1917744866047
74.0379963701796
64.23841845640202
64.84425217720072
76.86476316025751
67.30403430745761
77.09136652779617
74.4618812597628
76.04173536148544
74.6908736116749
79.56666700241122
72.6982148758284
76.28404033008124
63.73387794843872
71.43964264555159
78.0581191073845
89.00319075363194
80.17023549735991
62.88647249390743
69.31013286593678
51.60462677457612
65.68172468814106
57.59823509395543
54.09790988097907
60.7022489439608
60.85557577851675
59.623907275443386
44.125714680093054
43.734973548732256
55.616317001321406
47.17761862468045
51.93535229384579
45.91816816768676
45.239822784700365
43.84522564383051
39.69220655377545
39.674764504262065
39.6027597582809
19.557370669243223
11.555951213836863
43.89892215644152
30.212681742967085
20.543965601869907
16.351715545862255
4.59219237952818
27.83063160609693
22.933487238910924
6.275972893076921
21.132512900171754
21.78017154782318
28.133260103963384
30.64257128168472
37.66342699222714
28.702019245783067
20.851380486706763
35.25920761521946
40.21414336418421
32.867353703761516
56.918682848212875
58.06814232830026
60.086982686701695
58.52061865837717
54.611559442675656
48.135239901961626
64.86506664966524
60.04668599416149
63.33375583391767
77.2618314911474
71.31704188996157
69.35039990510784
64.1068140568339
54.57362316682637
47.98389712747981
58.38144265996855
38.82657984547042
54.035934352001554
58.67306631909232
55.49126175995603
58.869104821780205
52.67113947206955
45.496729574051315
63.81526733093401
46.95308323198894
49.90862947120215
50.57410573733537
51.90345337397924
53.85778554472533
45.452749139657776
47.02524080096309
43.08899036319374
46.18889284122111
30.171424069670866
39.424376437545575
26.94321041746856
26.13762189062132
38.2171215804227
35.70840468266711
24.460209628410066
21.710327689977838
28.03463322409553
24.806368046208792
27.121913901140083
30.253511962794715
32.57849914033363
36.89186794678205
30.302684723619702
10.797474952314275
45.01461143567887
25.128491643932662
4.586244042385212
23.844624647005286
16.62116785571761
21.326328491015634
21.108708246149757
9.912098872503583
11.365296744940185
15.71110158477413
11.062855781319428
40.51174991821437
26.76897880240825
30.243244139242865
35.67250632581628
31.120939248567087
24.557230793143944
15.599167071673808
45.72910953948908
37.74269280001859
35.14339854825693
32.47707876328008
30.94880870549539
27.59435396170484
20.983963993397303
21.613411950058413
6.276176537350759
5.427565638922763
7.029086353428063
22.22804512960301
29.116200587525952
25.345751233896422
11.978673179599117
29.598224528887183
29.04454947096998
17.98915783918493
39.77806942399783
39.81877822420073
44.320712082049454
37.46013094933019
45.84703554744645
42.42949072001519
44.00726725634125
54.28123719018783
51.97284542299319
50.70008842174788
56.83164818613287
53.626275722266506
58.358754645608315
49.03694465982746
59.04994645038929
69.98467136173039
56.70465295352304
59.21693418388924
69.9541435757824
60.743927535585335
59.6484770164221
55.49815333688386
55.99691183257409
52.67299262668254
58.49163565690614
62.38165183512357
53.34444412151723
63.95333649639211
57.06819501717234
42.847375578084915
51.086476019859994
57.8762742294941
52.30063514314909
54.39347268964286
61.529089152119894
62.126760953416415
55.69494040112697
52.2739105406864
49.3958701370803
52.10566377941246
58.86825419996495
59.95460779786636
63.51753165375883
69.37674536287794
59.22885333921217
53.543412359528205
55.248631609913254
43.95443561466197
47.94170279052145
50.011897498678714
46.1445294307552
40.13057003727154
32.43552656072366
56.43475416671695
61.52978667352942
68.34301767937636
72.21391346122925
79.72301633436348
81.13559844296756
85.75568551879657
91.22583403131003
107.03031720597764
91.97684168179215
94.55688247299061
62.36597923213344
68.35253552803668
73.7175795044366
73.48195628510992
71.3479167191168
61.487416623693775
61.13096147455451
71.35340767253084
53.872700269931194
59.68892580426086
64.1203407781072
73.43840000840311
59.85829316166108
82.9759720966111
70.91014061620061
81.09228149281422
75.90275706219869
78.44141423813481
69.55434808770156
65.57886342974405
81.3855918167618
72.51537919221799
61.526081761095824
40.34517395996282
74.52361768994398
62.03287400900181
71.91098854632614
87.52325268624001
91.15125310644468
88.37058711876593
88.65414391202431
84.70610205404134
82.06919895239989
89.14859407211095
92.9819767297013
87.30108081310925
76.93466797360337
77.54853073542405
74.9054309497078
96.31887702276615
73.95121921414658
83.08702998000157
93.5330432053483
97.95022051386617
95.09108268282343
84.19391808884315
102.83960207532701
85.08659204495652
112.37775704440443
88.24428542347216
87.94333778380891
90.15102881134601
82.37594819859407
80.71847568985766
84.79824865765114
56.53754864307099
62.480761225443075
72.37642495274743
70.9649826011684
52.518464403625714
77.9741639826062
53.99781178075472
49.634957201294725
64.07597515460024
55.81547047560021
57.472403308017746
60.29654364050865
44.333872480607596
38.84987236718267
36.157873175864104
55.27055484427363
63.81028714511783
58.64358779371243
53.128911197972386
46.65098550414058
49.242618407177524
60.291439544675676
41.30045894731762
57.570581940149395
44.83179217385261
53.373309524419184
51.61928829699111
63.19485971337988
57.663628050575134
60.341314525485416
51.11908979408617
48.44353840271691
57.959597211016735
60.02773489774057
75.52512528581559
67.57681372069864
73.27975142259056
61.526638186832976
66.71053324982901
57.10784890507662
57.99202965652642
58.760598658870805
54.75223153753874
57.089834830159354
59.457333029074746
41.18987778361783
48.031174806959115
46.11589495652454
65.66521532977687
58.495638575882516
50.33743464425383
47.529295453303135
32.34974790733769
24.75011650176355
18.31204808480589
55.79369467562589
29.86337641061136
61.35495304191051
58.55100684307767
45.78054245142269
32.4591892908604
45.92170639174096
42.48730421459701
40.69974285136257
36.369584718817514
35.2488615335488
28.48832516285205
32.96134514026138
28.884468340336586
28.421196909889876
20.611230429296022
20.826230203230978
18.444278234263866
24.65542487378417
28.283513687655237
19.83630973391983
28.647997999818706
34.96053141768541
24.874335530994387
28.49121143667878
32.71709956005201
23.147693067790865
25.021078243073358
26.341376853807084
19.27275785273003
20.648661745193227
5.094277199972668
16.094612920617564
17.236696596548075
6.857189263819121
29.122563417400634
29.518826213924896
28.946964361357246
47.27600583453487
56.435158008728074
61.23569127884
58.64715049953701
44.019666126396885
49.1398414144696
41.146091029636715
51.08603451065892
51.3381319682747
49.0421578753964
53.97357755149924
45.27291577791638
49.71537832757102
58.18174629166226
55.34366012355768
58.92709353831651
50.66377770347147
59.626132826157225
83.71500331434574
67.66333739059145
83.65947937997599
85.85608515998379
86.06598798696608
94.40177465747483
91.49186030790793
98.26754735957256
90.73328694431608
100.38853670586958
107.61333348264498
93.43733510031349
82.65346040738785
90.98629044187697
85.30901792232318
99.8407402610191
90.85402510495413
104.00009251720448
89.6945079047576
91.30851505450154
98.71098830837859
89.53148017593041
107.21297907996664
107.07957016404978
82.03525433481713
83.20229303256914
97.3606117677625
89.55454962085217
83.96565111809016
86.216837562474
86.06114032761771
81.99983479307066
68.82064739053564
79.3459944818322
74.63180378582689
68.78693559859097
93.9465264175238
85.78877283630162
93.00037142890037
78.56518301630274
75.72254005691879
78.69673235863316
86.3994871960481
82.77759926037338
67.00960933252303
53.75016791270548
61.45080294860199
61.33015509952964
61.403162282797496
92.07457520718724
86.8949434455856
81.52927142365145
88.54566055691609
97.76787601719644
100.11941730920407
118.07928135723547
102.35019429607459
96.21519385951036
109.3269607034439
99.30373129994979
118.01544704219118
103.37405343405221
110.04388763913931
96.91722086619264
84.9422757995885
105.56639288561347
93.60597576531444
84.52880960817559
86.6957792313741
104.04104137011566
88.18107067082605
97.28833070033737
86.18600450871371
73.82978013836899
96.67502605369617
85.66479787867631
92.19367651555265
89.80038933978142
83.81866743275478
93.1998818531532
86.72015271331489
76.23682981194496
83.11106151683897
88.60806837012925
98.38652796743145
91.18568033335814
83.25105909366756
80.52056349843616
78.11264478465075
81.78179921292939
55.55966007594421
95.68700321032492
98.52507160215609
97.16614553533233
100.26782371380796
91.04748980105722
87.7023576625086
79.22863823218988
80.64675059839877
81.25220538673356
88.27855762159382
89.30545985844849
71.92011614889998
88.21971191866953
78.74738712769366
91.56824782959205
89.02694098615902
84.1683483119776
85.31756208845758
84.69256549900236
81.90108745814588
97.80934667737688
85.3742267081825
86.06006191900283
88.71220240672481
93.24065507097865
95.79013587517137
103.32606397119788
98.91776853879333
93.1211605283792
78.87290884425452
87.6401349292312
102.3367441033091
110.58823784609383
113.68564223499605
102.11311068184492
95.6019353665326
93.56843375077594
98.59766463182886
88.23812291139703
74.77066850156545
80.77690676174527
66.36882414269783
87.52589556739974
83.47382121572188
91.85973266150421
86.34547574592823
86.50752822287872
84.67572463679709
81.98379428122108
76.56353610664699
80.6398242888941
73.76105637317144
70.8730257374934
58.59313646682534
81.24548310828625
75.20289424283473
72.02901250196844
82.65929899097013
83.0967196121781
87.02100307352644
90.07510202052006
96.32742578597409
95.4847649635996
93.24396569421349
100.90492124072654
94.15823128192535
89.74557083890447
81.33734117843687
97.03261534185964
77.43607517540792
97.03752001388453
83.74741429017912
104.94974370630868
102.68075955523373
93.32424039349219
81.70634015083276
85.20707663609795
81.70726009005624
67.16214508976401
71.71152988151121
82.44071471647348
80.50717802367217
86.93929103795047
75.7600180017828
78.61523004865687
75.3539727127531
71.8839348723038
75.80095582367815
87.72832193414465
73.23442481921435
84.03103945887756
70.623438802064
62.33640998827508
74.77622690988115
55.04547988938269
55.29268903680726
51.359195899189395
44.91891851099293
42.79064887538504
42.277971908210525
45.369382110633545
45.56932526181136
47.237770329402196
60.51405362537832
65.841254771803
38.47614505915973
38.378891423851485
51.168391356133704
47.96771564359017
69.925703834218
49.24941253042077
53.595250147131026
41.75962455147613
51.915681187992014
56.42291195953358
68.96464356609393
53.372522223523234
44.836727355246516
48.04573186014843
56.24788226860659
54.105154354780524
54.63832117421641
44.897895501558885
42.059694494590616
38.24327695066728
25.026588958431375
43.47331512408416
33.80050746975756
40.575923588989184
39.716395803328034
48.79546229038591
34.214906120265525
42.38388397547203
41.42456680863323
41.679578661830995
37.28657984741741
42.455368275867
44.39758654005927
34.28831814210075
33.13637414406777
23.5787292409844
28.13391462927672
37.4241514171798
27.585432340069637
17.369719396081756
35.67420125616498
41.56815712665131
26.115816800374372
46.610100686973226
54.068519012387206
51.943778481515764
31.135934892583983
37.144969281117476
26.339650026677862
40.59033884123431
25.582900284101555
33.77364108540299
31.426738588775844
35.85738404381663
21.72737121985063
22.98624999717916
21.662926204862234
30.502970324195715
37.410324657210396
44.961892601602734
47.18582090790536
39.759281626791996
34.7566030101282
39.94092536468086
31.55210479272152
28.57771998817946
21.262840178250173
13.249580026656211
12.338096193818938
33.874762649571196
35.30739155026986
31.185051870712368
37.63385842898731
41.896940265524066
43.69606013136676
34.90528361526245
24.881280805145575
38.23617847768743
28.003611540752583
30.109935150661162
24.026188327194255
24.683035830839408
17.1314104826197
26.08701521820407
32.52534800539088
31.104075780684962
22.71108248552425
24.975283324906332
30.82779285334356
30.16699448082694
39.27365382402438
31.524413243958136
36.767416806916934
32.15773382071427
42.36821439025174
29.079026815095915
36.784929130774614
39.61750969250884
43.0581147400482
43.66090392358033
55.986090643163855
66.07782394493833
59.662113335025914
54.644126888328294
59.515810180980004
51.42223273317631
59.28206375409823
52.4560878163625
64.64352066669915
68.4560151125319
61.82178231012363
65.32720301707523
67.98417410392912
65.24449586458424
75.48609858766865
71.09321530793474
58.1275670560736
62.48124312739826
79.41836050288452
71.81084003035066
53.55117849223643
64.417753996931
75.57409633711056
78.55247262438499
67.89207186771034
94.85610345134934
84.4410643335016
80.21048109499324
85.22004881269594
81.41505163217647
94.01829521725422
77.56985247685857
69.91100286266001
77.96693767872334
63.108931743687776
70.77509127688565
83.7906659552776
85.62225873659015
84.2757404486498
80.8816257511737
71.54551749301207
79.82244130351053
79.74910375940796
72.00563985939027
50.10216613225534
55.2104422580834
58.41234378492029
58.3029508991549
68.67026933433058
58.06375976653897
58.61895684039738
54.28885959335444
57.31488006184896
63.717422757648926
58.49349137238952
67.61377355730367
60.924501599642404
72.15991907302735
66.98783118980035
67.01580146949736
66.69824800760559
50.33630151169849
55.297216378899385
48.65052182942974
69.94716835813486
66.73179341384176
76.89623753410754
77.84323834131663
69.95415506222243
91.05188068628458
72.35578563629706
75.85199509289909
87.96649960008077
76.60220959201465
78.52797654984633
77.11670338817603
81.86770015126399
83.57132700398519
81.32783028203322
86.09847293698162
76.24491935055141
73.92102393411315
53.2819611066558
65.19234951167019
69.1931417015428
63.16807611781179
74.48798677629587
80.66475423059696
82.52843848147697
90.45616763484712
71.20992498192098
73.95039883882237
77.073202628645
60.3487751717698
81.50256392235588
61.23677060792377
57.94540601777954
64.37941041851222
64.98140241122813
67.31066223952323
67.69905231115487
58.247822773606245
55.84438285436027
61.478424480518875
69.99253899075723
70.4764354355343
62.00500726302577
73.8893792613942
59.46499518248334
53.26080081287091
62.08338724082553
69.55219091315202
49.90877362523449
61.04040087415815
88.57790264047915
77.55340927344857
74.21405908282304
64.36110072004972
72.31735612711596
53.41925012616231
68.1511789678539
70.49193495893078
59.5222800225823
56.60672218771829
57.20708027323202
45.2865429391331
41.923381100057675
44.768320141192774
39.34037986843833
52.003945305542956
57.49313548933503
64.22975768691303
63.334312978185004
61.75291749461385
69.23206760638786
64.89329519261031
65.23341403416518
56.539977338351704
68.4569342206306
58.290823159368365
78.749050255739
63.574167768795945
77.20580912807073
62.130698404496506
60.93833124636034
86.87323305588103
94.74626146724013
75.69939501916309
76.92107206813672
85.450178164695
94.33327914887624
84.23553317311094
83.52908525493572
72.09053125766863
88.42586467057163
73.26707527794679
78.42416549183928
73.70665697239585
85.4569466039751
88.85719307753492
72.7493917143509
89.49951011587596
80.2169547540131
93.28067812493066
96.02578903750718
79.56200916558232
86.58438490523648
91.3859487671742
95.15204522269683
81.31585780484316
81.37155119340377
83.66122221247467
88.25602255064788
78.24178824185702
88.03929032802476
74.24173925436571
82.06707226334322
101.0294155910291
85.27966481540999
85.81645095305313
76.85343992428456
72.99005968374705
68.50620357013098
60.05941056703874
66.21942908299332
75.71856019018009
96.69591326780308
88.77288422215993
79.14000704018635
62.419539967727076
69.50096452598524
67.0437622833143
78.96168193824157
61.3570178530007
69.28944395965075
73.41996367963613
72.41474729316711
75.5860180991351
67.02832703620912
72.78970056523815
67.41013911747112
74.02063628838815
68.30568413841276
74.95544117417865
80.51480659062194
71.16903474519165
78.20317745851534
74.84369274542419
57.499363541045284
48.267951600686644
55.753025216024476
55.22486126209582
55.919488563424665
45.827025499259996
35.34394116001681
40.445814355182
39.18434858760542
42.39706493144459
45.14587528358437
52.62493982801773
52.70344887616909
61.76553945449556
55.389196671314764
60.12074321796248
52.20543577758584
47.032012964700705
52.16205623773863
45.39209879593799
59.7270992259855
61.19620539741186
75.29959525971749
64.67120657804954
64.43074914767341
52.25553049119387
53.8804198851821
54.86190000225245
65.98131682113197
65.09521865763674
56.972606955499636
65.38802742052792
70.69322402052968
75.67437815197047
66.1151946305082
63.742398288322754
60.905197610169125
76.27666991586473
69.57273234461154
71.16389635422294
72.43966227582553
74.42528454012412
72.15473136471262
73.94001729614226
54.29279863924402
75.02170729658765
56.29706888338633
51.98156414444353
50.59177090840232
65.99492878263295
54.98090505513183
66.16427027746616
65.32165802971925
62.335375313091916
60.95272193119815
62.88619213588181
46.83222333963233
54.174687554925505
64.10195207192984
68.67099082228681
44.91436741304487
61.681553210704486
78.68618674006636
75.88681349267124
72.71359854929158
72.09641853233893
77.34126004617666
79.3527155746673
67.10275232670699
70.94325611050992
70.15817461045805
54.22695335262655
77.20168273077573
68.07555985017027
87.68353273020583
82.71486448104355
65.0874635490784
67.19128098934803
72.23809179437058
69.56469144037011
67.69902440039795
69.05596061578578
66.11794792451946
85.48572975038967
90.83779253066362
78.13132750570814
88.92467772587368
76.42675802141464
52.46711920759304
57.03503375139219
63.97616392313455
71.05579261595334
59.651172999098044
54.33208481293282
54.42380446607677
45.91996862495651
41.51020185120952
57.18985803187751
66.1534203878665
76.62915713076904
79.98265417075383
62.32317597140269
64.16553941228854
67.42383070305651
58.77303805986565
51.851939406417856
68.96965498846289
53.34401564274416
58.18101729613771
70.78314361370214
60.17859310101841
43.9899600886643
47.0213549996478
39.5826560342118
42.63375903520739
42.174154677712245
33.507301082664945
39.07680068663242
38.463602259614596
39.87703206510903
29.242713171999167
21.802129581459923
27.43306991291292
21.378655124982878
32.484422041114655
31.96629989556245
31.46632371504803
26.724511862880878
35.760722325013695
19.946456296689945
13.315110867994445
30.67174241286554
33.85009449515979
42.73689036252574
42.631262009138496
46.88130437252253
39.93118646424393
51.51870769745699
39.12340457492029
30.784302140704668
38.77271723232867
46.68720279577519
42.402810559317594
40.34868216717662
37.62520906903668
31.772814855069434
37.262425044487316
44.89786965429879
38.32226887825418
28.684775273817266
29.391097757355208
27.45656905130153
20.007473373967755
4.6312452177373284
27.00637891251023
30.724168243128947
32.37322970301644
30.949040313657274
41.97573201555548
40.34307881782441
41.28606853002161
44.435616731279985
41.2062630984203
43.177745067934765
32.62888921713861
40.127784951675
48.72825863421024
45.89696760408306
36.27248802118096
37.36075721007794
45.75242662316478
42.87729492790247
41.5601835751509
26.801794882351913
16.238115992784746
14.866430756311964
28.138926069948987
15.253040249538504
44.97829853413104
51.62056629689606
56.59549753940829
54.50051555585387
49.067984152807476
43.78793033901911
34.48253690837358
29.330278443571757
39.00373805851187
39.312430247122684
34.551705631555876
41.56821143696875
32.85473272941671
38.06924186194255
43.99282218790411
32.59740552457815
45.17551433132555
49.10967991865804
39.62628599066223
33.68664525299072
40.86292494295425
42.16546461971142
52.75486299755181
55.07411140500868
39.900805890186646
41.72773002474725
52.57473100958522
62.90386619700162
62.98039873945884
43.92929456624984
43.45207859532284
30.11978371671951
21.333927237549517
20.827279218507513
16.80857261722176
29.429053011727756
19.919929297533297
26.708779980385614
25.275174481630486
20.67342079339692
15.843293614166491
25.78552227176726
29.607874047824723
25.096720539711406
21.986607837421282
12.17129228344455
42.06907067574649
39.1220069338088
33.23868824632655
40.9169610896389
52.97442977468582
57.277791541446405
49.61238657348543
49.32560752401531
60.460914594057684
57.04875934135588
60.54471934064482
62.763748470234646
63.28136465171478
64.17669429902932
58.98812420760725
51.67086967505245
39.184214565832214
44.78852043054841
47.59165376764088
50.85362243281664
48.89025272007659
35.60769062461104
31.026101201531297
37.83374657630064
35.70109894618046
59.883968102911474
64.34499932163473
52.24152068016837
54.62548834130753
45.13618691146438
61.26913040950417
68.43892748633644
69.92280678915634
60.889592718439104
58.79810674520529
70.2755537907941
74.663871597302
73.32595142711641
83.33669331408419
79.94613854982623
77.96245155096196
76.12203085888576
68.41392686279436
91.28999149848853
68.4470637642738
88.55729973773062
63.38532929877903
62.33218069846907
62.40209785364976
55.230177454490416
52.712429209482856
78.58130184164877
79.05885064853273
80.44566787590149
71.28786435039471
90.38889509906187
73.85750215351385
91.16129892672089
79.47106164881033
84.36534453688667
88.09342095444528
76.24796456451375
84.21833162810141
76.89320501718827
72.86732969453863
77.35693976244372
70.62167607262931
59.17356369049924
55.55035282144814
47.22372937792282
53.042663367065074
42.76698662671092
43.2492645806191
49.18140147103086
50.93780569653889
55.51403230714079
53.11335670008527
55.55029814367298
57.15310605277014
68.60778856541421
47.04616243801457
42.22721922613057
61.5453814779542
62.756224165081605
56.55431136002478
58.06799196378495
49.17449064854673
34.362086327987825
42.260237226225215
45.82372380902775
43.182797834261734
31.120377555789442
32.997387835989315
41.12428102603782
41.10968582000455
45.25832612425049
46.43798781574967
35.9965710682233
43.29368152772974
44.89067691489023
36.82498492805511
32.78607033279308
39.175307406573225
51.13720578934721
49.15421664444156
36.300488488883786
40.805584609950756
25.10661365889169
4.103711640297055
33.6689474736816
29.15202422424517
16.247064666489695
46.41099117829915
55.74927393581552
43.42582935358842
47.680484837941584
59.56617068800979
53.89717994357523
59.57212681320456
65.5229416873213
60.04971911699522
65.40028394426115
74.14776827494298
69.51699781649204
65.6810148441173
61.87878511768108
64.17870528081215
57.4407883981945
46.86965085191348
53.582061846214195
56.9006045334105
55.2942835613523
54.746870260942146
54.213511880756855
65.33293222104153
46.51637868782471
46.83411927950794
39.53469431328471
48.10232463556538
43.97468738098956
58.29967207529084
62.302682603023506
49.46141113891646
58.0795857657167
54.40565119535136
42.90416239468075
51.307933912252736
56.40546227153036
50.4191629767874
47.22358030777695
70.11381177069923
73.3258809896327
78.14259389779049
77.55048564724535
60.42729199261127
47.569919471983646
51.32267244867982
48.49880096016235
44.089709593205086
51.94744241096939
44.2387210990095
59.600041603227574
53.68360468227546
61.18212640913626
53.07826467304884
60.81553808819387
46.48424252110499
61.19398453420986
68.52753038572304
57.641633519182406
44.13833489850828
54.425049712007315
54.8941533526838
69.92312701724545
52.887288939807604
46.97241820295495
56.7821276525694
50.835798448871024
49.88558063298425
42.503377781472246
54.154161916372125
52.79210236675932
50.321027913779716
52.658345808107754
47.298892446985064
56.46808834753926
47.26979183583433
44.82308863972518
48.24228104835576
39.782287528255985
44.494110186205205
31.790612767244024
40.726386712165066
38.27725194983017
45.911282044660275
51.966508747003154
52.30022161409857
48.6304354416672
49.13110660166297
62.744203676146256
58.24400231779686
48.2853813422861
50.706550947287695
51.84580757904438
33.00053197841761
40.05365000236081
30.537186407086992
30.82298053213092
50.2800238255185
48.36207784995342
39.24270500206807
32.3122457918395
49.85440873189385
33.75089189187193
49.6716084104156
32.329610622815345
37.87112513094977
33.35868069433976
17.242769356870376
11.30537382123124
4.496733682722667
9.918433176965337
22.29501929786742
24.259152993628824
30.75104232198029
34.87090380412253
20.531992859627422
12.908933379569467
31.65259304829602
5.844097724371455
31.444302111296942
33.16594077453912
43.73331960362948
47.019913324927956
51.01726945696975
52.41713844855297
47.05523452238287
39.52140226799444
39.59113348528067
51.85674739452491
42.68953910637067
42.11511372340168
50.50037855530499
45.510037266379626
43.991188319837896
44.48844305077094
31.957187687623104
48.638475193732354
49.60980860298542
50.27716821981937
64.38150731312771
53.46889682449036
61.17383367150921
66.04717359848074
59.693210090653736
73.20992599449653
53.596626780939786
78.01936220417575
62.8385165058944
74.82315229380669
74.40300907354636
80.13619999837546
71.07417567093393
62.6791167756286
66.38043098328255
73.24641840795952
65.77080062931682
67.52019071145746
75.88130208906595
71.33964490101688
59.740554760214515
76.67443393939253
66.97978875998501
47.652278559392705
52.64827391355567
55.05085725519178
58.35924313979336
55.55181835284091
49.933885974887374
46.72900561895166
47.97962767792725
50.75738360292973
46.118056786541445
34.935063675141095
41.84457826693501
38.07911563642148
40.17144656425026
29.839906661687305
18.33996683980968
26.42009703271528
16.854612401275073
16.81681147185133
17.54496067682414
7.009487669502535
23.932050928272957
23.997803621326653
19.43804922702473
32.35876314694613
29.4920639385739
42.334991227346926
50.00745697478128
35.297417064654134
42.77211451561852
41.53992891771758
45.28873981014882
61.170525231159075
50.80302058671476
68.48467207762974
56.063414006957935
57.445299180308794
55.85260691195812
40.22465040520686
46.98072750181641
34.445162396721344
30.14113151985236
26.720256690121715
26.186721973395816
27.836449056848497
32.98389160002286
26.92831368230627
37.679601090329534
38.40916517514877
30.149253387322332
25.02771672534558
6.7854473232680474
28.50860681666525
17.05090860696284
13.14304857024017
15.683875701736511
24.864161852259052
35.2955378956185
27.984355397515113
28.7266781196003
40.928000090471926
50.12344014769422
40.62776249097869
41.368239900877285
40.6073791091147
42.84416731201868
36.54944503884281
33.14030118644718
50.1500075625954
52.16372218504704
53.40938867638199
44.78799581585995
40.83335775580308
17.788257696942637
63.75543512807061
43.066331951814284
52.102540003525476
54.9380229051235
60.80353079307197
59.01489623108555
50.4480319165742
54.702184988672926
52.07211789491931
51.25922654915349
49.329239146581756
51.315649913145556
42.64520255626159
52.55397589863832
67.62876087551373
58.018182829201486
51.62972205269906
52.07623790949712
60.874921441500604
68.16790080636287
73.75383797645445
77.32401813603515
86.5788910309471
75.1598903978929
80.7962939953805
70.43725388809928
72.02799078484477
72.16209154047895
60.85064009714442
70.02205547809488
64.25153118692616
54.743851337626296
84.66579524061952
78.34582588746997
66.05102529174388
40.56720327255625
61.887551478596855
66.61651841189803
65.842215013251
47.87318946398194
70.39960519147904
83.16617422854833
71.10427386030732
62.75941158829124
54.232614526830325
52.867854743612966
46.99770736141947
45.28038153852183
45.951885962864424
40.96142356323988
44.67851572733366
36.481100329391076
37.77615935021828
46.43275821462401
58.904553201210355
39.28710058361496
47.25489018002911
47.09353729483615
50.495427700977494
42.001359564165725
53.13460458479894
54.432337882341514
64.0113258682641
51.58994444307077
55.63488702747049
69.6532539145211
59.28962854965635
55.90096777656643
45.67197086218374
64.3956961754799
51.30468120276621
44.23232298922954
53.041351843452894
42.43242921050214
44.730127827689486
53.75528183428684
49.8086603784966
54.08300015344316
64.9019108711361
71.1055535013112
59.83345806900264
68.01906464919665
61.28662422087351
63.72042417273629
55.21041490393088
68.87764829671843
65.9964081696269
62.46743868194735
65.04206303653099
57.12757367871194
57.871346252159384
56.62452874126624
49.27311640283913
56.29045299525917
73.15422185122462
73.56692957418669
59.478222686587976
64.0207940477584
57.20612926745386
69.13124974009246
45.235482913874186
52.429061415937674
55.20833286478697
66.26338952385481
59.80048263264467
49.86778117649147
59.54487277166818
50.33336044946876
61.60188766635831
72.98442033593344
60.698967738870564
80.46379941279346
74.48590523108885
79.40144946328682
69.05451808335509
67.24299112200225
78.40872417309122
83.73124109609446
77.57797244766849
72.55239518133797
72.31155610668104
64.01851806927782
80.25684002488549
73.54512004610855
71.78189346106733
75.16723402852234
78.87620596059894
63.33149372935772
75.47769106270201
76.32003743292182
75.24101292044247
79.32885427997843
90.04482010634959
79.66210230960377
71.14663532371652
78.78907010361579
78.8052072708544
82.8886948593395
82.12455002134354
88.82335518571243
74.9306732218327
84.5589186883974
83.34486419998541
72.171135547767
83.07376602673817
83.30884640613351
86.54807707480487
90.11022064930276
90.43955045252285
91.85993907040475
92.65809910149446
90.60995200449189
82.2637233654779
97.21362410206564
94.10116421805469
90.67435109153125
82.92687504851014
84.26793457822559
80.23052344781014
83.0962542150122
87.80452247720542
80.5024558551444
70.0169082091701
92.7848034716132
78.96420379795525
83.07240744849183
87.02413637520752
90.20167707007205
92.78307255756253
98.09057236770197
98.07078785307647
121.76214382948034
107.9855182300751
116.03106690906178
98.8201368541993
105.90087355359589
97.13322377907623
100.37747954184607
86.48253091359237
76.4871761696877
88.63210762639581
88.46208009515952
91.31202706486683
75.55333062737623
65.38694660613024
68.05825116098421
60.90527936618988
77.85915683423232
67.05176232212749
85.77945192339588
77.39917796492514
60.59574472559703
79.10155311775185
84.93930526148283
93.40938850019289
88.69151024877709
86.98819068560466
102.60502012162831
94.04201410304782
88.89783244996842
101.58278731789146
78.50147286944261
76.55585232674309
81.02902460622772
78.33089053801172
73.13147557871126
56.73837260793138
67.18450230932555
43.817022029320846
29.476065370203823
37.938759336355545
35.98084904339595
31.761268239649894
39.072310163067485
45.257907204439164
35.141737475980996
52.73719854139965
41.04335918295426
44.45088371383744
32.93770581067919
43.83418708174148
36.96079399682734
35.719743395882
49.38703469249513
50.29202483285928
52.6387488070038
52.60008254379156
40.847802408675676
37.91540294885646
42.59474476155978
38.48061325725797
37.53692320421122
43.63401956533579
41.26868700402126
31.392071372214136
41.168268304831294
50.19885208278494
42.17970153122172
58.54112741733716
51.17551854156941
57.19218554523942
60.7145572438198
57.22755775629773
60.859933601015626
60.345397254485604
64.06981258513576
66.64151650205797
72.0829442507375
76.3979417192444
73.71946294073624
69.38364628168819
63.551815860354495
63.11915667656232
63.31586453404194
60.50836474656625
61.560451398402634
57.57247349650737
65.74408868872528
52.63711136771197
60.516204753964836
55.9574853458691
56.943853986586745
62.63563483955179
66.98845829056553
63.55177483679718
60.1109754245345
58.659103523588904
41.396516079486844
58.02523639071604
54.29232457957407
59.898753022738134
55.976250987124885
58.96397694970524
51.64466859408245
59.57575871539426
47.129771710702805
55.41227861172377
48.0132607895161
51.50411070195561
53.7613685627253
56.30608192089028
43.718778730770545
45.99693479129914
55.188477732914734
52.98031918605221
50.93349666646375
39.47035517421057
50.26476259659894
47.23626566485578
51.52608451219291
45.695343589407905
50.4207266656834
50.89614674934328
38.96300159115682
39.68244534736639
63.87416767726394
43.1206048358034
50.312229303056924
54.72951984628163
64.0675337247698
64.76951956651428
85.65554186733064
63.92558538283205
93.71761565259673
70.48372312338543
90.18575987383635
62.1712317860616
84.24179387235506
83.67987903047592
86.77940818310765
57.979883139952996
67.95312288240073
86.65922254929428
83.00114328358184
76.67266030532407
81.21524022271583
74.61978294669292
77.02101649036803
71.51617847073229
68.32577846758453
60.38822586111932
56.01013744613768
67.76037009718988
67.72319317735192
46.64433601330354
59.975507908774816
64.72906085982416
78.57815422891608
68.72656925662292
82.85853263646395
70.74649737146429
61.40786001842644
84.066760382595
78.06511799259249
88.77116634537934
86.39535853067142
80.40680697504816
86.48532233123576
91.4877136172459
93.80266537668925
65.90481399049798
93.86337888500294
87.85003316136195
99.4893061031863
88.75879448257311
88.85472449810943
88.16130586750593
83.17980776839065
88.8912544682138
82.45726493568768
85.14645751597028
82.54055801284993
91.65788989563598
87.61612019066571
82.98714548990309
80.86364954373983
91.88854633742238
98.51867220858405
78.48736311800536
87.49247090939203
86.5064171691566
95.92798579934797
78.64978907483334
77.19574880607948
75.28860992592601
77.0147179806085
82.07837198429264
83.7952151491155
90.06950243688144
82.67851825006635
85.35171431232975
84.37990712860869
89.53646428102697
85.9722279485874
78.26967384254533
85.79671159221206
85.64896486641257
100.43700377032411
87.8694149851433
72.46621101386573
95.92607076772538
101.74815532335762
82.6304197031555
86.75903791164968
99.85589587136549
100.39607862003493
89.86926695901798
73.31605700406455
81.45204807677861
73.92732504197029
85.64921753462538
87.28927086803272
68.64589245371134
68.69426779655248
63.61568139804661
64.2336329138047
48.738473842333164
71.7765453648889
72.41224605920942
81.78500144692153
71.99641309654223
77.79368340855845
93.1624689883582
91.47456728181041
77.2822367808813
91.06315105220901
68.13142454299934
84.98692627398312
80.53777773918247
73.27482132871373
56.49722112045645
74.2150445119476
74.77982129375629
79.94406524268608
65.35344957720334
69.43496472937755
67.94074134777279
63.30880025498871
49.14435526774727
58.798385099762534
58.50425140332841
63.04101068103698
47.77073781381164
54.71427547079037
47.84782852813447
47.6651858500986
32.30183826334843
36.76532309371077
30.804197346657208
37.06589196670842
45.61084693389734
58.22880444450312
62.452835049614585
58.518784735704
56.113567228880456
65.73755830053882
66.19706006007883
63.832013669465184
63.197819673125835
46.44264479919336
49.2920951268759
64.33260116783127
65.11503153325249
77.56204130904396
68.56895809415346
69.3143230525475
75.61926370778848
51.5027074989741
56.991939222490885
47.670138060659234
36.33375242211517
31.738711321274042
31.47156442185689
28.32213192568204
0.8814799138238196
34.125179735545494
17.43042371992021
4.467109779355992
30.790872950467033
26.34507559959891
24.745960897954582
39.4838100563527
47.69734777718324
54.587867187406026
62.44295653712196
66.63003410653688
61.50061864604246
46.29202989585482
47.934626453944986
50.793399164482125
49.815812935607795
49.82508100980559
44.15278575005933
51.05037113696898
49.75854070491289
51.23178204008008
36.86024185129421
41.656988499258674
12.428841514328232
35.96868477731014
44.23157259619898
38.10908722726358
38.99283031944827
6.741720395278618
48.305636005799194
48.92374083793466
42.93856690949547
38.51533538765967
51.8618464123472
40.260326388809254
14.59556768429557
55.44922854019748
69.99403062410818
65.92642070669386
59.87224618642138
62.79497335997159
71.68315352539302
66.69847522131262
65.17446352549366
59.846228757397505
56.14980780009557
64.31853929392405
50.12024639000623
44.630285676250736
41.373966028387045
47.661489865753715
41.86417971523351
31.79965741674419
22.451603606664
7.107107076024425
25.741479677725646
36.75673587604075
42.31812351521445
37.58782988339976
38.70570039341428
7.063433492171201
40.57426853382975
31.420350694808917
20.116531007122692
54.96495475135767
45.148025055834104
50.46310373255337
48.06397052474774
38.52471133276301
32.04350444122935
38.177801567871576
32.69105586134185
33.763789819046806
34.60213212254725
42.82279659977234
40.90610569567307
44.25092755289443
35.59379186918443
39.4521503274085
56.03514724978203
37.140841425295406
40.297266619020846
46.79981910399115
40.79750897917387
42.25067658116496
57.234370548815484
42.64825548285778
56.942867364064135
49.54014665530106
54.031326393034206
43.901043990576774
65.21825482507282
58.94893547592188
72.36701991461227
63.40679345017797
77.99979991087548
81.46581929754656
76.03798076801411
72.73865115226678
70.5792619333862
78.56675409210311
80.35150570543992
77.14299611836633
66.51035456456516
74.1351374773127
86.096885405774
70.64134206443867
52.790993439277706
63.46745214708418
61.993788914158635
60.639646952560454
61.85109238631914
46.94290958205862
42.42793621238091
61.818625676177305
47.3829909216989
43.45018421660991
49.93222932737909
45.64893025000204
37.48520046741991
38.26559952565771
50.266396927138885
47.590890165711826
36.631106080503855
40.44068885120544
35.12247930393291
42.37476990937526
40.77999029791024
36.25272810471212
42.1745967892995
40.89072614048266
38.008907570807956
35.03258418289366
35.43657170374508
37.79666616984843
24.340404824049447
34.073670751069095
7.060906897961313
18.029983294888012
11.238376183561881
21.78310212545751
11.325343730895177
23.31159355389989
26.988426010766652
6.647926687731383
33.21634176741961
26.64903873296902
10.56025457035253
25.48428340597446
27.082975204604086
32.52901071489443
14.24508515370927
19.897860553969284
16.526256754795853
16.2947741650192
6.514854011300819
20.018432518902898
15.029041482188699
30.033573396886357
40.471145901287166
30.427131831906152
42.90275813739323
36.25479156560402
37.230274781068516
40.81566704912498
58.69529958314953
59.82094668201712
56.14616334926438
53.70163097051097
56.279266194417474
43.358070994858124
64.96784039405945
45.574338183643825
35.52374260276991
36.20797835364142
41.143447849535995
21.575253901693728
65.51544204190427
59.999883669064495
49.022762981772786
59.320259240010465
68.74152751508362
67.21928737244166
62.38603986135136
65.02499485742189
53.23482306721543
45.80850667676219
59.85850883262235
55.34945900401978
59.71495427717301
54.999371183677916
50.261917191202265
40.5616883682067
47.05917103320409
46.88710080980083
34.84244533353883
29.847016108676144
34.61127766630939
35.552251236782816
26.713666753580913
29.75838739627151
29.329101644944608
33.31450063606537
20.70669257726683
27.23270058436985
24.991057823629976
11.771952281516272
33.89618994503316
37.737156506711216
30.472668559837086
26.138307797790493
29.814238733335788
20.31353345316773
15.959882085824313
29.57687880921225
31.661152991248635
35.64003949420093
31.948891089855117
23.470507267840606
37.35654716478173
33.910523536057205
32.03948033657008
16.96839037023577
48.856378581561465
42.2475132490489
26.72192671841984
9.326558889386206
30.600088935525484
6.984955434032917
34.800093355268146
44.903348990528286
45.19330244626165
52.631668727231514
36.66906924084678
43.63051249647256
38.17436081598088
36.4551711225872
52.07138516588903
42.911206774770676
52.87868075126463
61.0233998372633
59.24691822567298
53.27783164188096
54.56427020836047
52.213177899092074
42.72618418145278
49.24305954179289
41.384147758995645
32.771955009775546
44.947368880366106
51.40707102219367
41.7617832744853
42.80498153854498
58.15090776652378
47.6763715286626
61.72117770676569
57.00926935234843
57.27949852507372
57.67742845735108
52.36455382221193
62.11703106267525
50.604912438681914
59.5954438617719
55.322222471294985
71.41949686335882
61.34790145303433
56.48841803206672
57.138660037651114
53.612985852270896
71.86578819514578
71.58184879505143
53.707088986351614
47.86173062442212
51.0426109881887
55.13706427527591
41.47393090656528
53.189104145479774
33.55317567939362
56.64138395498195
57.84695644314901
50.109285823144795
62.92660214282944
73.00038540910427
68.5551365629058
52.18106428972405
66.27206736429152
58.63672582125916
44.01141061162445
41.45936845990259
22.619383630295776
59.32019297846169
61.693454115772326
60.38087123921344
70.98470027541225
54.224144452079
60.158869062230075
59.54371511344114
50.80158655980272
41.554507233981845
48.18973079242542
35.596743475155634
45.21655962947805
49.340658506420475
58.47433025905341
57.5426040212664
46.79623878943173
37.06483947484083
35.82920970698118
31.760316827238633
47.32423944932492
54.44713242620674
41.926763234684095
34.60043574923182
32.41680920555736
61.27051093829697
45.95963446290657
40.926428563477266
30.04348678066195
12.33468263519388
48.96724411547807
40.387642545616494
30.18664602384726
31.24836225674478
36.4290730239386
32.604110530893394
26.901322353906775
32.048958011750166
20.230747458006135
52.10382255985681
36.693838611087706
40.82929970113216
56.30340293600548
48.758362820085786
32.88710347910945
38.350732263057516
36.25445077042488
37.607559601275575
39.69767032201446
39.55084694403329
36.64210180706927
39.96794565356078
45.37713484660265
47.78074543151847
41.874856533623024
43.302258618025746
41.09993295859838
48.35251972362514
51.273578332487716
47.46449425565815
56.54133201763323
48.95264474484186
43.6120476629797
40.985974319617284
50.32403809425884
56.61693001766259
51.15401125557581
55.31070433270503
69.12950383692475
52.32872419843881
65.81152852907272
57.455216646017895
54.60453861248196
54.39772314068561
53.75450832956156
45.36552421369661
34.50442319371228
36.411014976241674
36.7629805389776
32.490983381725634
40.99105658166628
42.78209090806444
46.19756179269253
59.69834889051758
37.03047577499687
67.08405211752836
64.2978335541687
56.7957249399168
56.28969467311594
54.89224908480955
65.79720046638714
59.335082769434656
58.90129222221594
55.827163103084175
66.65002444877186
56.62021513076968
70.44558687450743
61.13094448620891
55.701562680746356
63.19547994282049
71.78435694042071
68.0282160534352
52.048453772000535
59.38998010027765
61.2827693623303
56.479785235550935
51.79466233777865
50.63692113167513
35.688185699321615
50.9104177669689
49.30793807105369
50.83901972050584
49.93075365185651
59.820821149947584
65.15106636695198
45.44662320533707
54.21749594345548
60.892107354193044
44.34067488014774
56.38669549623151
51.68638484035551
41.17796004416037
37.23446669130201
36.92032482582259
29.458655232258014
40.74002616582526
40.69273533692259
39.57008564265341
35.57212957080247
33.71298502344321
38.93467032934784
47.78478400620321
41.08854955059417
56.150072094634176
49.218756365383186
45.0538410077049
34.340047273624954
46.16937371300485
50.48925228578934
44.165199625381334
49.86605304879974
36.70792715162537
50.049407250774934
58.4750130121
42.35925410798151
48.4838510799792
40.2416782256076
44.99632538320545
56.60867058138717
45.16752714238289
39.8839850253638
34.55719404442158
35.058453263257064
40.88402914655994
52.09233587687883
50.906341508101946
46.71139067250894
34.040751069373314
38.691170327763466
42.379369822978425
28.894929640763024
47.53301772402599
50.0635844260118
54.154405513355314
48.92867527674692
50.16960017824347
44.98018809747326
42.53956792952738
44.73105058324417
42.359654723233305
44.534637541244855
52.94678660734964
61.239826011534
54.012577832559295
55.53346275369975
45.67388748323682
50.31162243987416
56.549452929784145
52.82108891572911
50.627436440448264
37.93752529474031
43.09979586496258
34.510983197590015
26.20315381130031
28.3434468293116
23.024396793878253
27.647254351051508
38.15976291762744
33.416908400465395
35.755108005049166
37.34309391298738
45.37506097332967
56.84363856694427
64.00749156827965
66.03383063580877
67.47306921014123
74.18514386612054
69.78144182206557
59.230584946516416
56.40508580570439
68.77457228450257
62.55075569243898
55.94469007007219
52.95466262413069
57.43736392905446
61.813546526894996
69.11904684577028
70.1103229212352
60.37863119652542
66.1733832130435
46.83438162330248
59.120143828760796
58.75922755065336
70.95091901992109
53.50220322378453
54.00180809355149
40.74618974260213
49.098937513462815
60.77712325316308
67.30635287682594
67.69808862305787
52.565557262352286
63.35426424016457
62.757045558840105
72.1669099854024
75.54982986068532
55.79548444563589
72.28533794597948
76.310068908962
57.39288111384665
59.11629978444015
57.96774435635281
70.7766870212571
74.18303232965074
67.8456227743773
68.88245059523088
69.40713375817623
49.29720021171206
55.90234691616187
73.64177530941043
69.08515887669627
53.625713391873546
46.94649234518387
48.45639244846272
52.210165061516406
67.65477848943847
57.45853352430403
74.99088817285893
77.99214809479129
62.566930741374506
78.09602650788098
81.12823364452065
83.63151679860134
87.1135830413078
91.7565923698996
86.25081600419969
83.22631858544668
88.7529439237451
80.26598555090968
72.15690457191698
76.61733233530019
74.29555357534461
81.72348010315115
75.85811242801854
59.40832200341784
58.19935731427783
81.52259151361734
79.16629177302028
65.73673279763432
66.39765842273597
55.82287581416578
80.50599557719227
75.00731108475324
65.85678169816819
79.9247199203609
82.32571493317081
66.71196954347207
79.074185731944
83.36846097912799
78.57660477539955
94.60902851942014
91.52061815667068
82.33859920693693
95.69860433195707
83.99262460198428
83.04394039463432
79.57362598373697
85.1848771422386
80.24507517445332
87.6663061833439
66.2069538587899
94.68931273990876
105.80943410375947
91.85119430765974
87.22782543062097
114.34606909142259
91.47493743387093
112.60443123649324
93.82140610350751
89.97193859515998
96.10232430812474
91.34886550802325
105.25589319553326
75.97041213299009
78.69392957919725
85.79955098801973
84.60251566098474
86.94594674815585
93.90083698365316
82.98146191741691
100.27673011765971
77.93099441003449
95.82282046049347
80.77395163298105
100.224198795455
85.40306586117379
83.03840217043347
95.05703775069983
91.20466563801355
90.10819533641721
94.34360477250416
87.65390287813477
92.81005908383169
95.35321932681443
92.3136644910976
105.0412790698052
93.99881485829748
93.723446607365
84.60292677738127
74.39941426928641
94.47857448983977
113.4123664186098
102.16833782675954
93.65912727207953
103.95457884018764
96.8010706362545
86.4480364644745
65.6703953510798
95.67663637720958
93.69716716272592
89.76375364838617
81.22313612975833
80.82722609380625
88.75040498052961
105.62223300212148
103.20029602227767
93.80401484833999
90.14066580286149
93.83769442006015
75.29704063442337
87.75420918051483
86.15582986669291
87.94260965300177
84.30922597548869
87.61632188031042
86.19509433287162
95.46536859887786
103.26652641031858
84.35948363718593
81.52052849352165
94.69572027169673
88.46338246469405
88.96652945983278
80.43532249152597
85.64153699511841
70.3431398207264
66.29124335132593
75.2478195444838
75.78965801625252
78.79571667672863
83.57349435101408
87.60883452124317
76.39348169032118
74.9039528730697
77.95054093951342
82.77243480470234
80.76188473506791
80.29908927169049
64.23301612819253
77.30857652397678
63.90247527381035
70.77245504624027
75.21182123229453
73.50349898894396
73.92679891190865
92.10337432162042
68.6238950270477
73.64481815205676
85.51305907545407
91.85094310591325
96.37250551908227
87.0097002676015
88.24468001430411
89.4996604561126
90.81701072525776
88.7723085046847
94.40665025353178
89.02388588460767
90.62950520228104
83.59383259093305
83.601972130579
99.75431113357025
96.80424950626558
100.42879766591513
98.12421037125452
102.48346539865956
91.40825415302973
99.06597261743049
110.86912420293767
104.42412654853915
113.07671846294319
95.6337401996541
94.71316561957636
95.22532803362118
87.01548228104342
88.06395484677618
98.951025048604
90.22440299587373
82.71189730333575
86.14273479003229
91.79467180294047
95.30947971812385
92.97812490100267
82.63184876987214
94.19611012933746
100.75184770099064
86.70701748882416
92.58414213231579
103.16137853989537
99.99782392825537
99.18101612090783
91.54619032318398
95.61093726782525
88.48938505843701
108.72094333996576
92.71476530196881
95.45092979584184
103.87367512839617
99.990990996233
86.39092841829773
94.06425646307919
92.31891418889313
94.93547754977408
101.7130166363548
106.0252359039349
105.70002601212431
94.69885842392887
106.46222459168297
106.99491173161981
116.92102875078442
111.77317163362527
116.19565794397468
106.88106733233396
109.79104003634846
93.98261234694465
101.80714286796356
118.01106167919774
101.29727991792114
107.08613206534599
94.96758058487886
107.85552050483315
116.1132061356326
134.59322251203034
115.27076034467228
90.08581628612629
89.24685711592844
94.09794946263548
110.60685828491198
105.10084129241349
96.14709500878297
98.27074463753758
92.05950559417279
110.10660692051964
102.74446735478426
111.95168674674696
96.32543173854673
116.92259771160195
99.49054835823195
90.0981398262079
110.28724252851957
77.33467985360883
127.22881947661418
105.1697308418261
93.88843411088247
90.83330921692202
103.3258852666602
98.35839910703385
99.06077037324002
94.25289089915107
89.84304299562564
95.84188177431692
100.17961433959329
98.30619334845034
102.67513647474179
91.01458692453883
86.63599659361753
87.25177847129814
89.64324986695055
86.01065434310165
79.76475652113831
90.4695690926316
95.35764543731055
94.35332009288032
94.59027563404013
89.50244741516892
91.33306534038944
84.84986782709709
86.40693875302297
81.4572751457685
84.4027113195418
95.65714021574522
85.47207888057254
73.88478642710388
71.59779574570254
81.26855503613535
70.21292513304606
77.62932522118257
67.68530391515802
77.54694553659535
73.6981384116432
74.91937993906447
78.15411223127853
72.55243420223229
82.70549415135626
76.08200605354189
77.1013437492449
71.59464004413064
78.88028828916205
67.6998223821006
79.75522492876081
83.73747907308231
85.0175677506469
70.90930399196024
83.24652752032314
69.0577368527072
79.8442687160878
91.58522688070079
99.36141245544788
98.52153000413401
108.16479428754624
100.08223889604301
111.7460964514153
99.53165364593025
91.33779409146456
97.88126816262243
101.40535621207702
110.17874586511974
90.03033354036302
108.69700951313496
108.39688700955524
109.38828248436533
114.20124069733785
110.40101534502388
108.78896200296603
90.15647186403041
123.04063069335318
110.33268260289643
102.9417766176699
88.99046887848317
122.48988165172439
114.07537950898457
105.44256380363919
112.5747261105051
111.36364121084597
118.64060016767645
105.69358648097929
95.07872346163124
95.04292181124924
109.85140028886191
109.46905288475703
108.53410571000683
113.96528203247236
117.54491565509092
123.77462854720304
122.96320581907665
102.3997546426848
107.44502740833714
112.57767799193675
109.25354250118939
98.96660052391383
113.30411915161262
114.95024938516181
97.29157979474238
103.33498024856887
107.48987584883406
111.32793932257854
120.45470281656566
117.2638070637981
99.30730636717476
99.78530546999848
90.76131247325114
97.66075241278182
88.9053009549643
93.19277153305946
99.24861639119175
104.4839630824672
87.4776862819555
99.32017256572935
89.62701119789945
99.43452598362248
93.44745654344258
108.10035499293235
119.58850033174261
101.6247286353381
90.89320976416595
110.41648239530467
102.93858377013198
86.79654279660483
107.31553818679168
103.42459366596435
108.27729617267178
106.41467958145337
103.06758404982237
98.11439646983897
97.9726844966087
82.01805681723341
104.62011729974282
95.08205489284825
78.1311653886807
96.62133762691361
90.59236382881957
76.91784577112598
91.49782144456012
87.85881537580465
101.98631552882462
97.82297720924703
98.34310019746863
103.23438996552295
99.2615151701765
101.26325770465749
109.0188687768844
107.96827509909534
109.61186395856268
103.83098237417057
102.32754330260858
104.6439595978819
100.89009351929784
103.62215863518249
103.44649167450304
104.4257197732713
94.074560833673
89.25188360416304
84.89862602844536
104.02982645576185
98.6256562531495
98.58507367875835
91.71247867629918
107.07816673658748
96.9950605608592
109.22127352393056
119.12914005343404
113.68337886081683
97.39832858040334
118.984831749459
96.46958607302422
96.45939237092568
82.65810127497207
81.98480726493803
90.55360139547369
84.06694874709216
80.81845113641319
91.29450195989868
85.23256328304002
73.76284294779644
75.2593022013526
78.98845127819352
74.69663517562842
81.93497061564929
85.26459713593185
75.37290112771555
84.97157753294294
102.64816176590902
100.2228619672479
106.04122843288953
105.58932133715611
85.56811682239862
85.63955289223236
69.05654654279704
88.02259856140283
89.90491760926761
90.34510031990463
85.33673366515801
90.51021837680663
100.2770524761431
77.89873176296587
94.1073118828714
75.72321360465315
82.66858613824513
82.4799842694582
94.38911780456198
93.51259199894918
95.14789883800191
106.66231052731575
105.31966863280756
108.1363115012773
88.7809659896517
114.06896391814946
102.62834254342769
101.63331827197285
104.22123857193407
96.05119304817077
103.01671752837329
123.10415713512377
118.85951262237748
109.00512288112998
102.69036215644017
81.58920256284124
81.49277570395449
75.84298461506489
87.57808256580527
82.73952271095018
84.99833686849789
84.52813548389148
95.57881196573429
97.46307243416015
94.2363715881325
85.34374868371012
110.70170458069715
95.18923303627069
96.47406985559753
90.95300028317155
114.99786325281664
113.02714926802594
106.49573897816725
109.63582772704343
119.17455365301643
107.12623995383413
97.60529195756286
101.51962899333459
83.56337586276409
91.50867657185184
92.50854779909363
107.5612525825739
101.88700257321794
82.08044653416614
94.91700021186382
97.97884420481925
110.41466029407599
104.55510561365706
93.26765952449183
79.36544497490647
87.95409845204111
81.99066977339615
83.83894245796895
84.49295533577774
95.45969158769319
116.73263248106441
116.94143743817575
109.27590389168157
115.18358203796708
99.88687524719711
92.91369066844264
99.72764638997164
106.33880722726555
105.86076216182552
103.49102592612006
80.83854639757699
91.93135147373472
85.96566122167934
96.58430887034372
96.32002162025985
103.77250372264345
100.698344364446
110.51901265727149
113.95649937543273
121.49269549516131
103.29249300099713
116.88066806171956
110.31310630533112
116.53649689812656
108.22039299028916
120.02534995224329
92.60296869648452
112.97802119477652
110.97821146777073
109.89547780579716
104.31768535239128
118.1948392523185
113.76749013793702
102.2131240856395
94.40321898383318
100.14041265441811
110.2705561346535
100.65224698840366
107.24965984057471
111.65688669222294
104.55208011714387
108.86038021417306
104.85111387001595
117.64868769650839
101.78187739956782
101.48503429606892
114.35364323549534
118.68496483723943
115.42919362156017
129.23553318641785
121.50160098124164
100.14088861156975
124.00240171710934
126.83044020431227
114.98780062702062
107.13655292231046
120.34899595608455
108.38566853621808
91.414739645191
116.64201973722734
101.51361156354523
103.90060287074645
118.59583483639337
118.99475901713969
110.84400078491632
106.2539570864424
87.77852341912265
79.639522102897
95.51471032266664
103.30603635002
97.17256596496458
102.21797389635528
89.48349235048104
104.94060128509702
106.34176310614878
96.68550584675178
90.97513569564018
97.00969764439346
96.27341983331381
93.23781980343894
98.54156479105868
97.55727415449091
94.45962490322074
105.4817566726593
100.80753363275463
114.35501702246184
108.34103979302434
94.68551242450462
104.3933736443371
97.37048438135926
89.80075353832264
84.31274902931439
81.99525343228719
86.40746155582256
102.8757052673832
116.75171210701482
112.91413337540811
109.92051010547246
118.61183406547288
106.66593568027957
109.99092482930924
100.42693517138721
114.2561559704182
115.36103879230639
112.58204085875546
118.40783498307508
113.75500609204259
118.64705391045632
110.49004360484582
110.28958165297652
93.19338852642417
117.0943406587884
111.42002551540482
120.97964108942605
118.8658679368154
111.31908478473241
98.91649686070666
107.61113085177563
106.69895340516544
95.26562858454413
110.8211116370224
106.6802742512659
102.75160440806168
130.32815803311675
121.88189886040327
98.56563726740231
109.5362605782771
107.74071926421675
117.53489391031869
107.43645876616581
119.07049283590769
122.22946480644536
110.23719919686712
105.51139191802
100.70554343477954
103.3065839577016
103.19302929727928
108.31609090085566
111.5016837903964
109.08241712234265
96.05620991345647
116.05055291969369
120.50261472328648
121.89857634774032
108.56275088065466
121.31502415165414
115.08203655145292
116.41628906973604
96.92881397664237
108.30945693514309
101.84758441353137
103.04699675631552
102.2368962650508
114.28486641655815
123.24523408136764
117.21902533310136
104.30952397996697
94.35150828105265
111.72015354045901
108.72374973911016
113.70553648590032
109.67124755725789
92.16625792910203
100.84339308612252
97.31440920559483
98.34561501528259
90.58301630079443
98.27228139057401
78.05208127549048
106.92701063779687
109.42829224718218
100.51965475858188
104.5328848745918
104.22661247927121
107.2355525114015
109.21824090646902
115.16980340863712
99.08844831508235
110.44737288146084
110.97072764511877
98.49085899468201
85.49275644246099
99.72077614929601
117.55655555649206
103.32365929685201
99.13667445062082
90.71641677552755
102.62639564848232
113.3225230818423
103.01465033135479
120.22217006699043
118.27415296318762
125.56073137580543
132.15903626886052
134.5732157002404
112.4510626445548
121.21712944454634
122.34483112937052
121.20588269643031
128.51021865166928
125.20256478038372
120.98583816754947
125.77864603604485
126.10989664824717
123.38289210973998
140.91933676009756
131.41682573268685
131.85351271456176
130.65378106683804
101.36513506805947
133.82519544915124
131.31925185269606
137.68890402744586
124.28693018881752
129.4903273797516
120.52121417307136
84.92260236039749
102.14840319756773
127.35930548080384
113.8529782831732
131.4489532688836
140.64118992731778
125.26397840197706
123.44825361792427
117.2129787044079
99.21751493553398
110.06283371271302
112.8901252432696
128.87531097308525
130.7197300869796
126.52563025486808
113.65239289103697
128.87131130665455
135.86768955688925
113.50642066231603
115.77395409864407
115.69575890690072
106.44224627145937
117.26221203062966
122.45606477364642
133.72638814449627
109.08405988506954
120.36682564602425
97.86544908615761
106.36306837542243
109.23725224980745
106.05374902596762
121.83684001766471
109.131178814117
110.1699890824359
109.82869997310603
107.05366499076469
122.16079715692251
122.55924000199037
111.29023957353351
105.96840224454107
112.55360914158021
105.93729780192774
120.17563283905369
110.82424644081178
112.23971035258666
104.03150192744513
111.65065516133762
125.50032711810677
119.03325942448927
110.0872741895372
103.81710917691144
99.10996609268231
118.18465606236451
100.93722687324926
111.07132188576404
108.78893426173528
112.72210503070234
100.72314443114185
106.51778445541578
125.98898835665393
116.73226684550298
117.95012821480603
123.567118217498
119.5096300652508
125.85596533646398
122.33000759457755
114.74512314070778
122.77353557388331
124.77380447673232
110.70453574663297
119.19933117689843
98.26709438882357
103.76143220490535
109.89867929378902
128.7805437436074
120.2560463748348
122.55433631344846
123.6071186432672
125.24466883434609
120.42012313224373
111.65282112378961
105.67097823350585
115.90397909350007
121.25327262015063
114.82274936590638
115.38020929104084
114.13754802459826
89.26617981233038
102.38892049768131
115.12901429748129
107.48940169409309
112.30698641821054
109.62827558740446
107.98364735918189
107.19739948892469
105.26711745363224
105.7728887536579
83.21428175982373
86.30061909779519
110.25245698544467
119.30548175962096
115.87304974961481
108.61134987950626
116.58907269671703
105.05552491015932
97.49131616176025
121.41051657805144
106.83872320746649
131.17800419814122
126.6499204234916
128.52621314107913
120.80452148383193
121.41584888808931
120.10181120550965
115.75463091691363
132.89029935908633
112.72123594356466
123.98704925303501
102.63970642258776
136.41885227040086
130.62982056938117
120.69943768757412
119.5163976970468
112.32465824262177
117.34246930465292
129.66826395992706
99.88487798765311
94.57080795874988
107.47748669987853
100.98005556716643
107.55135891467621
120.82065428111183
102.81769122410236
97.65317609919327
119.12088057648194
97.01225570449914
108.97284947833427
102.03830729394234
103.31755226082227
98.90731076970849
101.21284718992331
103.67028326548247
117.30980165070575
118.09295497516686
101.62472075632121
105.84978478392844
124.50638244823838
109.99361511624895
101.06588369021604
113.34161004291174
124.14966565434483
103.7995917118609
106.42881645436857
115.8934957531804
107.74535473967657
100.7070388530573
98.4744836919046
100.47148817485756
114.37885085480193
107.60630338534871
93.73430448863577
112.24920262906308
110.08464360351387
98.49260002027108
97.13716128359786
117.39824181039108
100.44743887041388
109.79065503348225
120.36528165630013
115.40877472320904
91.20234743782106
88.58700675252419
116.27213720641977
106.20501973388134
112.14148968573942
91.73229811001114
91.68848368319422
107.78455823921956
104.64609418564788
110.52307994190647
112.9605272738537
108.35143881722303
110.45148999913077
106.50691167199615
110.13013229589679
106.89327154216191
103.38844188871904
123.21831104635376
106.23946903617451
104.04270667207798
112.24478186841053
121.47086704354314
113.53108276263129
108.89514962362311
124.62989064577908
111.28452789228162
103.763903204659
124.07157283875449
120.62050464144941
124.31225284861692
118.55944208277707
111.48718787507762
107.09846675665074
90.00553516383711
107.127220976393
94.24573819513517
111.99497790650666
103.96209468365761
108.21279401731975
108.82751174303525
125.65551128519
96.32775230188376
99.12216704039298
86.20417445135111
82.80218192192432
90.1598936809963
73.79814175898626
59.95217025132992
71.23957653484943
90.14093319583056
86.60067093565623
82.66326362497497
92.38469394633806
118.04723434721511
102.36080167596582
99.96782688076173
81.21284235493428
94.17697307669526
96.29452900127771
105.25255929285717
90.91474057276235
96.25857941836632
90.09267142948714
103.7369210981986
86.39000506767887
104.06744290054512
94.39366221746197
86.39792917687345
98.97467617622789
100.56667815436397
117.81972449754198
107.80187028987692
120.98667225901859
112.86816434767516
113.36504042694898
100.42139123082809
118.66197235039363
111.5236265971013
108.28792470569647
120.71875004657541
96.01172458883775
110.74887478701508
102.52523813360628
118.90980371662768
101.53615667091287
111.2658545993144
120.43771635232707
106.98116687605844
122.5855494656618
130.69455540592952
127.07391108050717
128.3170708082935
112.44532560513058
123.02361824540215
116.8417994669403
111.9012582784792
97.35561653630883
113.08510882471626
109.51143207836085
142.36964847430423
116.61414775506414
134.6402655615568
121.64056019990578
114.56803398757403
113.3534674689186
116.52454259622992
94.72567575240254
114.1900571576546
119.18543284698974
126.7416303560294
137.14015203047742
122.88221526536908
144.49867499078934
108.96023940237599
111.25794239236566
131.84989524948693
133.6810494950925
120.0698759566232
111.79080189658629
130.50327883530775
110.62971945518805
114.0397198789939
101.99345780244306
106.00548946429026
99.05149153803163
125.47210545506823
118.79698283476156
106.37503070918355
114.63355253608148
101.13448162832229
110.20189718143287
110.51073909931034
115.00346054647129
121.33478280754775
110.35451923388966
102.4841166779126
100.67338852505338
110.92528027796561
113.06469071842302
89.23723743945116
126.5493155606549
123.53713014017129
123.4889526107472
124.24682228402354
117.61293793254018
125.1688804271011
120.54269408950864
109.22368049174533
114.82657070837534
115.83228751344991
118.1180600891561
130.5304841842632
138.9554443598442
146.2493135124308
123.25351555937674
120.84788972766766
109.18750452313384
110.77100424492527
133.35402863515395
124.51338181542299
131.09851266452273
113.13897996830059
146.81245653976723
130.8831113226235
130.30368738017512
124.95004916810878
122.15255270617382
127.35020166542759
121.52574373948529
109.11599813694576
115.39906764395428
120.58476104735107
121.41609484988474
111.92245314693369
108.24687674451053
114.9108451408877
115.26581122314683
109.60613948494212
120.24043945598247
120.72737906239387
116.83173379841429
128.26777073472869
112.94067811321106
136.43285075469072
139.03266725606233
134.75141853023752
138.77442873596593
145.6006551791278
137.81064795367493
136.17954207183783
140.5160596115664
114.83395021317122
132.05135447931525
136.45820692996526
125.43067222380738
121.04625946854775
119.30689949235433
129.31167019131524
126.85684116924459
116.1070895966624
119.13021924561673
137.25026932467392
134.7427516503841
132.17259241888445
112.10304618648259
107.68846425023494
112.09925491433407
110.14977557017649
103.33123821490831
102.24875698182139
113.2008847272811
116.00826076382123
124.86498023646571
102.57690642245703
126.40759224369344
105.37510189708796
125.74236110195535
108.5392162906018
111.9712993058683
109.19083331776966
111.61957231138257
101.10846794077496
110.11750959789914
114.84351237088755
120.32003118206933
116.66266793061578
131.88598162335526
110.45323576571617
120.58704618149997
104.16826868578801
110.51223925167233
115.65017372662055
118.64418635286783
119.45708296477987
130.59071020369484
110.68451564819094
107.07096660593558
117.75522063638508
120.09606450380683
129.5074983926626
109.39440840766409
114.0805213583936
114.1091312705556
113.40443033861582
108.123905398798
112.46332703284305
125.02635511527691
115.37848156712091
119.12027992769967
113.13355118111316
110.74262319251123
119.80943276354583
111.71287396419
103.01480620117832
100.0489827721734
125.08605007402988
120.16239083318983
117.72678993454431
110.57031349030865
108.10702687134456
118.07004767032234
116.96042264499353
112.04573844966706
114.01581285335683
119.005520655834
116.61594679624737
90.77436865311752
104.0102599902324
117.17754533681294
120.85384486177053
92.09291546894066
101.93400774489899
111.34969304236583
110.28761595009615
111.35311909324363
110.01135444997576
95.1251587692845
114.76704369461913
123.54412084212765
103.24773770828135
102.9446813177769
101.48435851085925
109.13728548771098
112.82084181274223
121.71118681023216
107.04822762895563
112.47977096242968
116.50306813943929
107.84871551049879
97.48960411329426
126.53919636694842
111.87900113057914
130.04244344649968
107.70949881235676
111.2544003601631
101.54048391352445
109.11126373876337
98.92724770866705
127.96426574154803
96.40812232899985
124.14879278416761
111.68805610105643
104.30736524705573
103.36101227014622
96.73251886077354
104.14454946779632
111.44968462964388
89.05602298872924
109.65135857890657
95.7476732577516
114.20795822386394
101.5360321198778
108.53394387067945
110.36269154583884
92.95471120322524
96.11445971271527
102.35715287454407
103.09088631378005
102.99791388098586
95.9239527542898
107.57665907182913
82.97849345343975
85.65294319644094
95.9357008044888
61.99033787917628
47.26967556980415
66.6500857289898
64.41697030011076
72.5310450188755
68.35879980004115
61.16022361726794
72.01476669393661
84.19368671355105
56.54490554655447
65.52439279390595
71.7695047058159
75.36632599144374
73.44641080581353
63.339652078338325
67.31195352662978
65.2680728240214
69.70608998101908
69.48917419409487
82.91318629509219
76.2085112518022
81.21569995558427
54.84000327558797
92.92606545443637
77.7684417422789
85.40404581180358
72.63830081175483
82.85508547451465
85.59380575857601
67.50731890575935
74.84945506924475
94.16164312048555
88.03688511984531
97.04813410089498
117.52691696846767
99.31535453769179
81.83089524476492
75.49137193934824
73.36776137496715
80.33983694349556
76.83881746052488
95.89332036685006
81.4024527681564
99.29798341717154
85.31645198848872
96.87987628170737
87.98364287303696
78.37240433529189
98.733148310886
78.15491395011689
69.98599423971704
91.84628167277852
68.34505126576093
73.32736270534512
59.11804782427925
61.632672527784095
64.9049101387504
75.61594094859925
67.686017342674
74.29765785636042
65.4049723903669
83.58182049929462
86.17904112396182
80.89828504266805
75.56837418166133
80.7517928679992
91.11595261320922
89.1038824511583
85.18639188587002
76.7387014078759
83.16378643231204
69.24488551441117
79.25017276995872
82.16720672148486
70.59821242833982
67.1238491857622
65.401402411408
33.08181866725336
71.75092474052852
67.2744597304241
67.68598721289285
76.4154769475357
43.1608869717678
85.82768332529452
66.93487743065043
66.2173423062736
72.45296161680469
99.02777072085968
95.82080995739656
87.20513217140493
78.99876282038876
77.79593952274553
71.81793331536363
89.19578711145847
83.1984970956502
94.56679782193484
83.05622041646559
80.32377028529686
64.77535549144733
72.99435608347834
67.90416909270667
56.77997070144709
75.82349326205261
66.3042854187968
67.3075296183183
56.401147323816176
78.73201649967886
98.12758664499864
93.89373388486726
89.65567349260716
77.13637182872014
97.09070870684022
81.62142844426934
85.74639009507186
66.44953491991498
68.57925724579088
67.31137282475103
101.60813317472113
82.2557538522857
78.45247901486476
72.99065556660102
75.39260315125863
68.33692403555135
67.6687513599544
65.72165310236143
58.70091406316845
65.02398747989811
66.99456767894894
60.63133232175396
69.21325624765743
64.79217374001067
76.3170821847936
73.69289196761129
62.665255216053836
70.78682381101274
64.82710442548448
50.857672720840114
77.01012881147784
62.46475039752181
64.47400654589306
72.29969636693615
63.86030958799036
65.78989943069823
58.77121549154937
62.52322377073659
46.711919680029204
60.0062816556064
58.15218604329615
68.29007820821103
69.22032820208175
64.7481055101792
79.82984948446288
87.35974815661781
86.69627763920637
85.07193404326776
88.86041681999788
92.78544160039633
89.75739860294811
87.55382713787927
85.92248226682044
92.77780002139353
89.88499239329167
91.98031830557842
73.36198896261797
81.78002305037683
91.10276241972879
71.2341711872519
90.48893035621428
82.10322366032553
75.46531697932676
72.48131272362251
84.05874824062636
91.91060414089335
83.35608738390584
96.71822139842553
114.06978833476846
90.62060819554307
94.63614584313662
93.90913797185537
84.79477061585321
73.1755339215069
79.71134639411227
72.39569464834463
90.491670139624
84.27939535998247
70.52591994787302
59.239991248391384
78.00147526804632
69.0324374848988
67.17953980346252
55.78465121398779
57.35673778351405
53.56241174698168
65.52403683521898
75.42679275940844
43.5691839783512
68.9257197590279
67.56649052327722
57.906607724379484
52.32763427733655
38.12090009162071
68.70079365326961
51.854681036921825
35.83787724323009
35.32162664508595
31.70774509822288
36.010120730767696
23.089255743539315
31.666618566600516
17.37339548843429
25.068536920879225
31.388524772345146
31.695046810160417
33.34933589217623
24.032014894654413
10.07680993480655
37.84093011619963
24.805199894838324
32.852007168630536
30.325894453483734
29.274937101328046
30.815337778317467
36.918240697782615
25.78098226648227
12.235008695751233
20.711674348507742
17.419120140323802
25.408524042079307
35.46868417973286
28.44158008034652
26.02652073508747
20.426315493989506
33.76362471273009
36.937991728453134
40.39971329435193
29.322212560616425
32.21605473213824
26.5387382889488
30.30324303398192
12.465682100988175
17.78050253150716
16.579609991724354
7.1180583409024
22.49167885024545
18.537120657142793
19.750884761647136
18.205385256647155
21.645503105934612
21.95175875537663
16.9286155480264
22.833646755738975
14.125038754923198
19.684938287632903
26.07213525807435
22.949625266907127
16.645373468544623
16.466790388451514
15.064283886698217
6.236813993771419
20.243782333109053
23.03524861543974
24.986064679189983
34.02262440085716
29.67222270578287
22.890716230866712
25.960510580140195
24.065361034316307
24.887795424959222
29.58908402229269
29.839180966975412
32.75111889387727
35.023449739250104
45.24525999749721
39.30104292385931
34.48805938613155
24.451596603462896
20.80428477680784
6.5795660746249105
25.4212173687262
28.041272699079627
30.685059516577095
38.80972768145311
32.04244208613518
43.88318535787584
49.55650638518082
57.22280638493925
67.1690377299753
69.59478093143709
59.15383051751059
60.91103706231411
61.84370736486052
56.229778723115125
52.612505955692455
56.215115037188234
48.25399547935792
65.85273444453313
60.20192571988641
46.64367351989877
55.67479417306032
46.91025313223095
48.186285537055056
53.492573619801675
38.05783525326703
56.818139509566464
39.82859672175035
40.56574659989584
55.579117690637894
51.46761182833272
45.19854099135779
54.692793109992934
54.834889265362115
46.34326782953809
56.10025159821119
56.827109389621555
49.40393611107125
48.272424047031606
31.89518924065733
28.098721957685648
28.070541862903077
23.555849888784152
14.766210371532583
48.22952509325923
40.952719943100284
48.290175592114664
37.82758718665165
31.546460241790957
34.0219041172152
36.434631165054284
30.241773599581155
36.145510806264475
46.39867704703903
40.936331237190174
56.452919450312656
40.652988184957785
46.17167167538372
52.9382310861644
45.60850997625991
30.847551482767233
27.550541058048058
20.614340133454792
20.315125289341587
10.49409723540784
21.740548730586152
6.28018479469145
6.5396392400662675
6.924189399225959
15.056989460693202
14.54513861090981
22.486010252685695
24.256830115445254
14.930846826679412
19.65114904294564
18.0303742455171
30.879466470291746
37.74765929311931
49.66499623987735
55.988490088003964
48.431467948744654
56.137291991746544
47.03770269005395
61.82516328463503
59.03415649958246
57.36462778875207
55.93636492888476
59.34195446527879
72.45180045667739
54.7462793259902
55.54292284810384
57.82716383832285
65.53307226997323
74.18548329332711
68.58409535741957
57.56922692666207
76.49444519068349
75.63144180751131
69.93324653795295
75.60459128223357
58.59939444062585
58.79112356069225
72.56465727594082
72.99440547969382
80.3187470886672
72.37688668524348
76.05466228208272
99.711481947869
92.17651079735096
90.56729101214015
80.69630858128265
94.69189590326351
106.86282972472632
95.55951515226253
105.6967359666755
101.89492983796521
103.83785911415083
90.9030420986292
81.01442031580788
95.29571371612423
103.93873830716656
103.73907729381168
115.43462594997399
91.35010471472701
121.00591399848173
115.21463881273392
115.99098190817007
119.48330715364145
105.81134130605759
117.44358483807723
111.19487601412838
111.57106101652882
93.98685522790896
101.1692201403022
103.83901499682004
117.30320422953324
89.74843518941135
116.40909224197813
123.5036834215949
110.65568306323482
114.4431450043602
124.92947017820237
125.02071717119517
110.37254545501229
126.96607920658758
117.3005463055861
123.37567410699178
121.28004177906223
110.88356651958146
96.91191078554891
115.9952868896942
109.92322971829387
112.82406182665427
120.41547319956243
107.78484969967552
114.17735087471668
112.58245654643343
106.4472826557481
112.3156734237327
89.21956004724039
93.36943832465492
103.6962942382782
107.91928928227435
114.74517470063014
104.8239594161746
109.96408736462008
99.76028442659411
98.0123971406243
102.61182299590645
116.17028483094187
110.2382413747198
107.6989376307223
101.1499311723556
114.03088969307022
93.95477943885547
117.24880825331525
120.21590688648695
111.25416614600513
101.32812363252415
96.41500746959056
98.36526619890446
100.30114858882364
108.97800590575777
116.2714045706494
113.11644170365216
115.05186166982092
95.70693818204805
88.36502142392149
96.38972641243257
126.87512278341822
96.17675344658552
107.63485374611786
118.1747140070125
95.35910704500488
95.39102099756585
97.53458297356799
93.01478887781786
118.0895427575912
95.90742450068316
124.14124045317976
98.11622152448265
97.62666096523628
92.66606412081804
89.31040000974697
112.21332150008767
109.14446194080911
104.54914081381476
95.97013452945149
88.27084422868889
102.12786062733639
120.1670785624833
110.76393695536072
120.18991958055227
124.82358445714871
114.17897863985243
114.11478425565821
111.05191309946153
110.76705890252799
119.41458608166351
109.78517322589691
105.09162707903042
125.29564942966407
123.91634761824889
120.71040085957321
123.28052521097757
118.788990522082
129.14132429194171
119.38717077587441
133.14784964420062
123.27763543365246
134.54001992790026
124.82673771727661
114.39984189211545
112.91858586128467
123.43899023648767
132.84711216148435
110.78871232092877
118.51201454607148
120.80853238904501
135.91548258789928
120.67707085390393
113.08280106984523
116.66489487623835
111.36020507996061
121.87310859005531
115.42289502738635
111.8615529732303
118.39162128902815
133.45089131136524
137.87335039644435
122.14189824941684
109.6202048872992
113.02137788449926
109.46860426909998
118.48746767008038
119.55235407672792
110.32501558777764
103.81700312489856
123.54357025649537
104.07411758324447
112.17152872322956
106.66626674750287
89.55945899192909
116.82280875093102
102.31300863680391
95.96702828415283
116.89502273272436
120.24848196185107
123.26188962631232
119.1026084840563
117.98674791443635
112.62080659315322
117.99572708763709
127.99135902215724
102.97084700020042
108.54102114817265
115.18351635907018
92.05989772702729
109.17441602338066
88.34245837285208
107.06746831989672
101.46416954142344
98.97886069398815
99.4398241145444
99.81894559261957
88.61203254062198
98.8098091174354
101.78069594826393
103.07979079363416
113.13946905122839
106.3482112119143
101.33781009932713
99.38723867032203
105.9053775315788
97.85734552085567
88.28213333494531
114.74244911905822
117.37680546255892
97.94779920353038
107.02322497442242
118.03675052136188
110.4286245666534
116.75966379582695
121.99223874165608
119.11278405448024
113.25199181277148
115.61633518779016
108.85667009389257
113.13517812488104
128.45950348415138
123.91926065415885
127.59748241933153
115.92572010571598
102.74718568345247
106.8038280775356
114.46102745155824
115.94216338993148
115.10056807828745
119.97806849600302
120.16977259721533
108.01707799214378
129.66024287489995
121.90099633247878
128.65561189456827
138.45287530173735
120.35470458851522
113.41945579830237
114.7447005695962
105.0269716847539
105.5359461684632
115.03699536194488
109.55089707676726
109.65693868965423
133.3151416166515
119.0534036677366
120.05165655953655
105.30299203502425
116.02746322684324
107.98320634041984
112.43501264344148
105.76654450289794
112.78896788904522
109.57824836868251
119.83341461524591
124.20705585344803
106.99181169659819
102.35175065294855
123.4445984113535
122.78462250971991
123.48552151357642
116.95670754380008
115.37173264274801
119.45525265587756
106.01767035936223
109.42010355412083
117.94860454215511
125.48653162701827
116.47307855676324
110.30020538208234
120.66081934264201
112.76061817483291
124.63161345628832
113.90309764593219
97.83848971755593
102.1883647655092
108.82015367095944
97.07679799158656
89.58749249601671
87.60322095111061
106.43991757916491
88.13819719494555
87.61979772128181
100.5498955220038
102.74043215481362
107.319916214118
104.52501284509799
93.8720433539505
106.15043455070652
96.34036458009246
82.38356521802957
97.18102197185505
74.7083645154092
123.06138553839703
116.25737531631032
110.13455213322744
105.8033908054618
108.81023283095823
109.79637379604446
99.13148751734529
99.98860623560257
116.6862656605338
106.45845438976158
106.32807156314435
110.88489586742617
98.25158236850362
96.1840118320777
112.79648740551637
112.84301664113984
118.90287887553714
120.41699513350011
104.38166026286302
107.38472930912631
103.71484012116717
102.50891431741468
110.04394973735089
109.07217339296609
94.97528640376673
114.46244489719389
114.65823395323937
121.9973189471614
107.96763323869749
102.14091502212855
121.61409003991726
111.07088396069412
129.86272920438876
140.02194469768028
130.7968989549879
130.3388365774218
115.38588384927434
116.9119441128991
112.0432519134227
115.24333269884349
109.12605814132594
109.72672636417188
102.21503371543312
101.95797906961933
110.55863191949337
114.94644492468099
98.69718594501896
91.9508356349408
113.25183084811066
96.05453734160298
107.43323477220795
103.27951769327865
100.89027263106362
105.48917146699677
84.6120391640657
92.31956328317993
105.01427841203801
93.14999631355295
96.46379826916807
99.82632784688093
85.11385352580552
100.05388674380332
85.71873933382487
93.11338346445393
88.55316463169584
111.67125338827742
93.81111166246306
101.10370660109008
81.29590688850838
87.52203417705387
81.18998793656331
94.13357235768295
83.40562349869847
98.7462249573906
73.92533102637302
83.77924983045487
93.62529998970199
97.18313177454804
109.39355114528047
103.44146213722694
88.5538499108757
69.3451152514958
85.4304535433396
92.50450323744448
79.69985477603781
84.98829867229884
72.34400481551084
80.39839258770213
89.85883828888656
86.08469164694169
95.95582742613259
76.75899614688316
74.86113050981228
84.49415934967335
99.49993017002384
88.29640533407398
95.20950480705429
107.66478786983615
100.66104444406056
99.69037475674551
92.74341702167985
93.46055915216085
88.08904233329945
85.3401838038142
86.60092562741177
78.79830274468641
86.43127372499565
88.77049318812233
75.91624256546942
66.65316018011318
55.66488793069735
50.991509613530155
53.37665046620867
63.56156073754001
61.25562274463524
62.053270026584144
58.80564605977838
56.907227099831026
45.48309455106947
49.057757809999444
48.463682252183595
64.50396174252712
57.76650856283309
72.18790455297531
53.173059079468906
52.40755332640742
66.61793574065562
57.10238013112064
67.69967885603822
72.42982460863925
69.47831631609023
69.06016664186087
72.14027433424907
62.67749416378199
67.63939686415735
56.193517083560366
55.92789998013464
57.70220703590547
63.538626578855286
52.08450592188474
50.166711176633456
44.517333005489064
50.05277811923465
61.460209382129214
64.72244582774303
69.68996878562561
59.319337355537506
61.849498484603366
74.59974101665794
55.11832032411222
62.25619923239633
57.871862657512075
50.20404231860546
51.28381598566207
65.14761964013368
44.911074034515494
59.02193642352892
47.73167455696489
64.75006692073484
67.05285381441426
68.03212629012299
72.669489231162
87.57496056126793
79.69578741794018
67.63781720843664
61.36294576150537
88.52947375421643
83.06162728920387
72.77102359879507
68.49222186993234
69.74780332569551
82.88439696447406
64.39580877921458
77.48396901001527
87.14602980722695
105.64586723600235
111.63544975078062
80.52044623026289
118.00782016272372
103.38274126057979
126.87359267657335
120.54542320621047
124.51444548508134
111.76014087338602
106.88556053107555
99.59182434840383
103.04612415449874
107.3624303913369
113.16246264430052
106.3941307646302
106.81129170564151
95.06723101102536
82.1720277214279
90.79101727616077
95.91623616855676
81.78868495136466
103.69115152112398
102.47537159940707
105.91564210843063
100.26152241055675
88.66259358689176
100.56025617381643
89.72133113586378
107.90839498455155
106.50362458910413
99.0222932838215
102.85345947162676
106.09173150320673
98.10584458936358
96.2255712973748
102.79634317993616
96.37656678768104
87.27300228077695
85.11267218379798
79.2811086018849
77.37523449481228
84.57410173412308
77.24825979253401
90.25240562273622
72.21962921406812
92.11334841481626
75.51331959606418
101.65424367414064
104.14419617314238
96.83997539311194
97.90071324632818
101.40662958259172
87.19829411600354
76.68624726413783
84.75073873807797
84.97992047561175
81.9707208303348
95.61750851750926
100.42977015688002
69.99868853960555
79.55067667192787
98.31824327590009
88.36694411725259
83.80749767327438
83.30341250413832
74.39147973053016
64.91296044276362
60.37805742838163
68.91715204036964
87.65147680790137
74.66153402434905
89.75211434781711
75.12726192584195
82.11421731206137
69.42853648948167
72.60702789250864
49.760154211396035
71.21782204795312
65.31966033007555
72.93298160665067
48.54458384673843
66.17142258572387
48.258866647934376
53.98520480247905
44.75099867138501
42.947566998061056
33.726092155509846
36.19793078173573
26.597771357868442
30.849208086096862
29.813134234733596
28.654898859402206
41.69458402254927
24.924155651366277
38.343582798524956
39.39225634091315
3.8313725787248565
39.136085243088985
42.16701048121732
34.46894697628284
14.667397049981059
37.50408861767044
39.47693096732507
37.79891308692461
43.65154102342734
39.195919978647396
34.47194039566426
11.393716074566532
45.39276871456161
50.53975214978677
39.42171162389584
47.61326093203516
41.17524820807106
33.76772306790799
35.191537416034095
51.76751848891275
53.6160043710546
63.51596269660417
75.60937503373293
62.4142268782256
58.193596294190925
44.96027004985342
48.7065203944279
57.3216613403944
57.70780118937311
59.934324927747504
50.41499161238064
58.38388570315403
63.19192671723635
60.87266566595972
63.93244992953032
55.0866348417646
59.03519434721383
63.92208454078678
49.65604608912759
57.368812666043354
57.55808081613231
64.83573076837011
61.26597796669226
51.96144848584623
62.08570089065334
80.91529494699049
71.89545011273647
76.18420800802886
79.95157761781256
74.8993195937954
92.56718681711311
100.60050890941855
99.91749682244898
69.4577420862192
83.89769860409189
66.79042991174119
69.82306524677159
78.43006179866016
70.02646388130633
79.79502369544512
80.76706190304151
74.63527046300315
61.54048858080147
80.60511363592407
73.30182803870201
91.05515305176804
83.8242457847564
89.9476359684226
91.65387524474983
63.57032660537093
87.7422675514981
106.09082244612445
104.02124023523467
95.48841119043871
120.1015094774442
107.38103927739962
94.42268655370106
88.68010255092655
108.39616113642394
118.28036925153468
92.97215629192775
88.46758169250148
82.58783883275544
93.67792431798225
83.27030691917987
94.8695569528588
93.50006605962773
88.15388740266093
96.65340420512351
123.00285332493162
103.26946714489615
76.91415849976981
92.26091998544678
85.14430311332649
89.13660966854441
103.8461854743373
100.06449218264271
97.95972292168136
85.82854178920189
105.14015147987676
92.88309968171215
86.97231667741043
108.22030476794976
94.3359913274768
95.94945812918834
82.59793572026314
78.30717355420033
76.91263783773033
82.79372221027991
97.32607506077132
75.69073683136325
76.20455341552146
81.02873076090805
81.00653281637864
84.79993114627135
76.04314809392699
81.9912520742614
75.10478080926686
78.69972842418831
86.42705003115319
70.74560995515145
59.586433252919385
78.6490014825401
82.39437995009384
90.38382391491471
79.61111337866485
91.70373966511963
100.81400910961037
100.68790958152192
102.43381715773813
117.03474490491735
100.78010804594868
106.91606594495433
116.38976067679309
116.57721058647591
115.60634280853503
128.5516872726723
124.24829677067228
125.10540072254528
123.40098431848712
105.70719492519925
119.99884223648502
113.46150840244708
102.67995500992973
125.02140793230362
110.4985876720855
110.92224747449094
108.67281678978406
117.74815305938317
119.35661699273598
107.73477890294343
109.20153812295938
107.58135559691605
105.81943313036494
109.98652321808565
96.57827169642115
83.57818868939196
93.3691025503068
88.30468887074878
89.50492146022893
84.18993914769871
91.99059080202538
98.83521339917256
77.67684041018452
83.65641450907712
76.52453695398394
94.47281636508004
66.56670362764332
85.30605067566145
71.89810888477618
82.33293329386873
84.6577055034652
68.97659565144916
60.57293737829852
87.82147688331709
85.12505370362689
70.73298761045454
81.6017593026039
62.70780040488349
73.13946388663042
74.63157907169239
63.89479486342509
66.00735603676935
73.01685213376102
55.814101824250216
74.88496257960747
75.02082745989509
73.33459408214716
92.89621194214587
75.06443596909313
87.37659787752654
74.54456980839693
95.25725765530159
94.38978926531642
103.86060514651487
85.34770066901574
74.00490872473458
90.55972895581168
74.64531553318083
72.21276918889613
89.1422106627997
96.01520503125424
94.51880989354613
91.56256205978805
110.59731537117996
74.00166902226351
101.1404176625298
98.23644675605941
85.61768839691615
90.72092399736827
77.81776967548984
94.14761137800258
90.21934654680952
107.5566989412391
96.90263380907463
88.11795724269138
92.21028762738572
83.13907119462016
87.38316377523789
81.847419448889
94.94734638280413
76.33767411307528
72.64040319197368
98.51057624089822
93.5099674471143
90.47395654389328
85.81063776308778
81.461207622601
100.85682830892715
102.00437180168124
92.87584907117753
100.15095163217788
91.32959453393246
102.56986264333999
96.04282167934466
101.82354195906237
93.05945492143618
100.20570176319424
104.03335370015228
80.46382074980633
83.84505010570555
74.98890139103585
81.17316648012115
70.56904949609118
70.41829520541685
85.17204992928129
92.1474849249357
104.8161449237575
104.92239584870944
98.73039923724184
90.45429299178656
100.0167922336812
74.30476150266645
81.15311636249065
65.61560085587095
78.97129332242042
76.6196935065659
80.14005805970221
59.912506228320865
70.2987428006315
78.09051832051324
78.34227666650008
76.19084414538023
70.83165335082623
62.67280113243742
67.42363577582758
58.51509921792738
71.47226930871285
55.719933273059134
57.94218548975522
51.84896677736984
45.08071861454626
41.57463498746742
65.47323488700611
59.40681336809368
60.04241939955469
47.115448863432114
34.16062656756344
66.69444491728235
55.885512755946834
64.031872059524
38.53834326422369
59.76741504396595
62.132412655665604
68.25601445410027
61.58029550410478
60.80444173861653
62.646850980812516
54.03411720822752
44.971796174261875
48.73117953010931
61.63343076124483
51.140859385542534
86.55796811253295
80.43827095648466
88.10637226206771
69.79843231996541
101.26485441368196
85.8953402365435
95.61989303708255
100.67796040109305
105.90815037674294
103.6619407255822
103.48535601061864
96.91280173021794
86.66723087054417
89.77819980070159
81.69323544847492
79.4057190977912
86.43527429382989
77.21260000355035
100.7686798994702
91.35035215019413
85.7011099343336
89.54531811234776
80.72464874766668
94.30196951397339
77.2430532314985
70.89635494808421
87.28959804983015
76.05963451735899
70.18191777579796
68.86219072928651
65.33968834608284
62.10577921107807
66.63303078365357
58.51837011022584
81.69138932312302
79.29880055352464
80.87036420637054
66.46673651800747
78.98319046722851
78.62020711318222
88.45882839675464
66.65055878662346
66.44114048197797
74.78172365380746
73.13807129432762
55.41136761290107
75.67882689446908
72.28228309025909
59.55915326560186
95.22886887151094
68.95284238027774
77.26339231564125
72.82728178615213
89.88407122734085
99.38453406603017
82.52979356739046
87.58324982156584
79.20065666857317
88.10045389801408
103.24599207425565
80.15720258270211
79.72056961069771
89.23971120544645
89.04963669499384
86.28371359469838
87.04788301255172
98.77924018258574
86.1263325116546
90.51139955834324
101.27142641575426
82.07943308087755
84.9696196290928
111.35333529658526
100.17674521622912
114.6187437498479
103.94560915802792
117.47638921735205
115.31913770058485
102.24253140684954
93.22551624786252
108.55961878363706
106.0298729215371
111.99762230327691
112.43746779466677
87.07179447619102
91.03343377840578
86.65303982864322
101.14853856630735
85.15783651160724
86.37052799913585
82.72108878057666
69.88978559803249
73.2166640479661
81.74413500713473
71.53650101521227
96.89133390569383
89.27703308432812
83.19766287596747
78.10188055019565
74.93992345996749
76.99464375228447
49.79892933999331
59.720711171705894
81.84354748586838
70.07034481849566
78.29165502488496
60.46300709209709
52.46840195993151
71.5366993226713
65.03902507859432
53.77421726294725
49.248514712962304
51.34029546915694
52.496853134724425
55.90866808603468
57.1309171160362
46.78112711924026
62.761851985114454
64.71593024704644
62.26497263641512
78.40218820017813
65.65163657003093
73.42038284562544
82.75213123857829
79.1023975976749
58.55367761403287
59.32443358578165
49.092066629969345
52.88520446251248
51.07599886563678
72.28274696502166
63.142869820014035
43.14408422025971
56.38511861363323
43.74657546995825
46.86353108419507
35.57584653229425
35.474656829236764
33.2900966447185
25.710087775460487
20.943081545703876
37.119216761287
29.993605253772092
30.196563066559246
24.45244264255334
19.643909222083344
35.85070377135055
44.4007904328978
30.93036360109682
31.152645057828316
43.69131788990694
58.8025128191035
43.077275183426764
59.62745826750161
40.64107487518278
45.98052366656427
57.78872140052798
56.20860738443953
44.820538996129976
53.28791742740507
52.25587320383427
53.888538257658816
50.11310204116009
49.14792112186331
37.98035660150188
45.593005765069506
36.58385550389033
42.75804520524545
56.094254335677995
49.505468965876496
30.99551381372097
31.596800862318027
30.023830182601603
30.826676037676577
19.657365644975
21.493546676189954
13.626313461643345
20.00321081221771
15.543749921584196
19.315937922526157
16.366863037973758
25.53263085699284
25.497383696192657
4.089337778335407
32.52892251812984
34.147885776916276
30.659349286383595
23.619036609906114
33.743400486439754
40.99977845112337
38.3730349136083
36.391313784181285
7.432162087066674
36.01011329527155
32.27699989106849
10.612350895178798
40.051879077685086
29.009594165474354
34.63058743365529
31.985427040273212
14.888892145279872
46.555327145151224
36.47185072866862
32.4754762046719
36.297828605131535
27.90941611592342
6.239936462666844
33.813072006937475
31.146952938030815
30.973506622362247
35.774968504252115
48.36149787184931
61.389247852324154
63.075269134362756
56.980450998924425
50.19253354582967
61.77470185322778
44.08453704552134
52.75339723257689
55.70934259484373
54.719335120385914
58.25382086881415
68.69887036427028
64.81687486107079
52.73747803010784
65.04037521902234
66.1848345232866
79.75486118547674
63.06750282337813
61.60229492342509
48.32025523343667
67.63472072605727
75.015873165265
57.96335721642705
61.752137634514504
77.1916476955082
61.95104372731488
66.05550921094432
60.70458696513797
60.533517003559965
51.6598288342526
59.05793789753236
61.811726765861195
69.40097914102938
74.79040934090409
73.98253773958874
79.42928037093857
83.8192405796194
73.04081919120554
89.32152425089618
77.64915556776785
69.90153979950543
52.83001275066251
55.288394251932615
78.01327479530225
60.96445923686622
75.61479568937554
77.35021058875093
68.71207459173785
61.73613333440306
74.26526904878301
82.4803915840978
63.00764204354785
83.31662621228689
84.42609949366584
89.76363435056103
86.2294287054544
86.54626214949651
85.23766754334518
82.22704926112554
88.11712114990189
85.0481388679164
74.81715069529425
85.61910037029872
79.42490099137925
72.51093686205633
71.4295599711425
47.999453275192266
71.5590173359955
73.92251711775667
50.9777095930077
67.1388642435096
64.59471386351366
69.67689240818008
66.52808272772529
74.69462513092431
74.37775165236128
70.46794051743719
69.27418279409042
75.08053729958631
78.86702831177348
94.71451667562783
77.51447490633483
57.84849293351634
71.43961087534852
62.502708448093045
75.14769412080204
62.816076887031016
56.63377400101775
55.2858561312003
61.78885098078808
58.74593806095957
65.74572794875779
63.04867101608927
56.685950769487754
54.711625138489524
56.70962657882741
55.08070748209957
63.39035045351574
53.62638676910151
63.300792083722385
49.474542771562724
51.08878652549485
51.974056824671585
61.29394815313908
55.369748558616976
50.497524340089356
47.202709562581816
49.68873850677635
40.91520305830796
57.83395852233938
45.402836430672906
55.48857901887524
56.3033484729907
64.01353153261532
66.77863952164431
75.44921798394286
74.77131590180234
66.37133643565733
73.00294732550557
65.5751127684908
59.644557052128334
64.8717652755443
75.62831122400404
66.95870962112373
69.20742826270495
64.09746735184028
54.26454932512926
48.02606085112971
59.14451629997406
46.00392196842371
51.20561948182334
54.97909116945617
65.37017293949481
59.97781434585576
66.85406663609099
68.23271414665713
66.3121908763067
68.51647873358365
65.81664516372123
79.68252596660479
62.350251382764995
86.08013378927699
78.94439249574523
76.12273915662882
85.93231699779909
79.57491032386973
86.06507915870597
78.02456472103013
96.07945772193108
90.11317986137095
73.84387900440488
83.97610546317489
92.74542349851545
62.42345042995209
64.86592024950255
72.71742023933851
76.38975469950684
60.86472185122215
66.77204162387478
59.336177462650824
53.3803965401643
59.10280989225307
57.089729386093
59.134065505347685
56.21668597145146
63.86846083638985
52.06219935062252
54.10775295846826
51.56864355660868
40.39389519138095
41.48247307790029
39.27214062553013
34.626734908021085
32.16096590417422
30.06544627530265
32.22017265668191
40.54882962457075
24.430503321342588
10.819122920485773
43.71015080922534
53.33505327884808
45.65275392034098
40.22837407128149
28.709992386772544
24.119015122035666
13.318780651066621
58.023295632541846
51.61424545177297
61.70831237272684
61.67718735581882
61.52734909646448
58.96217581946357
56.4033014421976
67.85533381864936
67.11062378123918
67.78103682294889
92.35008082221965
75.82648345677558
62.939632997332296
61.49479480293686
72.60927188303091
55.62746890115381
50.403998761443624
62.77567979185254
63.78418078341674
59.54281491137866
66.5438181950432
56.514656855664704
62.32802072447311
49.8291399194871
43.95197740393138
61.67187322376868
60.47017639128637
50.92285685655442
47.97817771000326
60.36072716687572
55.883808766045505
46.73708627911671
65.31725328406694
75.74061401339964
58.042279523939825
59.177133369781444
69.25047133109793
82.53680803985493
74.54943454879273
64.05206286568702
71.51995472629973
79.69056916928345
86.13695177162127
103.24253494501731
101.44083066695792
81.80111521697607
71.87715631164582
81.64281149174056
73.6196130369072
91.42446787165898
75.70604807166926
73.84279184653394
68.51414216768698
80.00702518445827
83.17652128778019
69.19200245346025
81.6471654778157
84.34582637016453
75.3050980946547
69.99194391215177
83.4832060601446
91.55203157232498
73.21964732941605
92.17183673362528
86.14820393450569
71.10935342651997
68.2669161704598
78.96338323025064
74.39010091067816
81.89496923461247
59.66285729019485
69.49775648487636
51.43655580873284
50.01391298859434
47.47725071595705
35.76535867131813
39.748627686448835
55.02510888970912
48.744513479344114
58.73539623465059
69.46658945380044
68.14163266121633
67.28732869869732
68.25626403211768
63.750411386461415
72.31775170358661
75.02559667775182
55.38183897990409
47.36829797936659
52.69782025600371
54.65457784107144
52.50657224260018
68.16101241809162
66.1594352692418
51.83805654853202
59.68535755423389
63.38163766779865
40.44429641965538
38.93065649571729
31.12927337939295
25.106808947159006
35.73434971788028
33.106394102482625
32.486160402570114
34.11027548222604
48.94449584328888
44.319570185158646
35.90607769714504
33.56942492899193
38.098404948526635
30.98159063314188
50.05994553050901
49.00967615404788
50.40597792702856
32.557841089450875
47.34601828275639
34.12922760149153
47.03027534556136
44.30200841814034
58.70720782906666
70.88193863446789
62.49334752142558
60.34808976493754
86.85764527070619
80.57825735814251
93.27359252593678
87.64054513427078
93.36141230589118
79.10863241876153
80.05489025314381
67.40815237150574
70.2325511517542
70.42339537053064
76.49741192892752
64.45839333992123
69.92046776102224
59.045559005450166
66.08281857668446
61.45481812793167
73.96076116968509
55.89286539727014
70.75012833989348
75.78569275159339
69.00504150693746
67.6852656036757
57.49947439318659
68.50178854792128
49.54520651803171
74.50374323620895
80.44599036160199
72.49333863590796
81.57258514225303
80.40101497015527
84.08412638722723
80.64082201087287
78.64938551038763
62.39495682685275
96.08598168069275
90.96668911830803
77.3647780816042
91.39405205642515
92.08246479553425
80.7513088513623
89.04138423285205
81.04667208135908
82.299059914089
72.88785671153349
90.96597377749141
80.58806552661805
71.42137105923379
87.1518666985809
86.99211525547072
80.73979600778028
74.19101055590147
67.41770323699775
57.943487064289485
50.196456610855854
62.74081201742583
71.51266996646014
63.77097313036981
57.75908454194753
55.50695931009294
54.05947919014885
56.133187608183796
68.50868581013906
59.75110592606055
57.8862926954977
60.90832377501721
59.09836888868792
51.89790672292536
53.79766213294936
51.34808799782087
62.347580348001756
53.250308994048005
60.9006482809604
52.0648970988407
42.16235343269614
46.08180435225823
51.85379087216614
46.68473285410386
62.24140839546183
50.8869154347212
52.23863821078773
58.36979938844622
69.69359165675556
64.53122496359778
57.83452948237925
60.69408662533878
54.6695113739027
66.41126968883282
60.4293456196577
61.036165544214164
50.87581322516971
44.83764725868498
27.682459450108457
36.13775271557057
40.208760180615
59.471231179216986
44.13188008189392
59.194169040441835
51.052166499098774
50.587073358429784
49.241023241013366
67.76694560777952
53.257982967107665
66.38115406181237
65.10432966544455
70.67511578664386
74.6478248196879
64.485790658089
67.14677084716351
49.750019900570514
57.47728037023677
44.23774569745972
39.127579114453276
60.862743648202546
62.10827238520755
57.76504331328186
55.29908120753411
55.385630435647485
71.02341481215774
62.137160310220644
72.57332677466765
64.69625231000886
51.37071572373576
67.06202641149622
70.77958101984046
65.91654289792233
69.20603147391033
66.75010549327581
66.74091067966359
63.95067432976926
54.146471184153796
74.42043795801392
59.10121367909148
48.65475877184288
55.694803160102346
39.9647590046483
42.51659290283064
40.301749373298975
42.385876780196504
49.32039296276991
38.2788584447977
23.959454681587438
32.85791660620223
22.617311908611736
20.571892726882712
42.08478442884819
45.95462963197323
41.85877631383636
50.500391906598665
39.78982855335245
43.85645880995165
39.09586062528561
50.99419894474453
41.63112336037298
45.62934143510642
26.599864421696232
33.97487004044061
30.6406867445734
29.610453173476408
24.321814125277765
32.231685280412805
35.82307380218166
37.88903279646917
35.57350645604738
34.07332045183062
29.493652014391404
26.09059787257453
23.487762166616868
17.56361714247191
47.230435893682206
32.22541577097236
6.57799096430313
34.68664352377068
32.3581212231461
43.715557945513815
27.623160710418333
28.362410207368946
23.238011092739054
20.494994425480993
9.659449333351319
28.635229978732003
34.05713163572744
21.467131434747042
16.048606856952084
40.8782682938213
25.002672665668015
11.65044957016465
41.755686694759085
40.587623092156385
38.2835576169043
38.06095194211002
28.592884868832154
40.252123862194836
43.396815936044796
36.898132948985854
34.684747154836636
34.12994464438664
34.275850131362226
36.51479153036338
36.91200553750526
42.45929479175375
58.461096959490455
52.36217872949738
64.66766637630967
54.6251806247948
51.57659104819908
50.796151958147306
49.82063901495232
55.70575910196522
61.89872342702736
56.59941892599511
59.398384379643744
49.15414268344265
44.06977339082051
51.214651208565755
47.31542110579159
48.184318820719355
50.11951340424175
55.54949886697859
57.51452995778584
67.90045963415318
62.25032569326644
45.32615277713623
31.171820395874995
26.93183058052507
31.98984472151623
25.78764834251163
27.541035816140433
25.926027021754283
38.446541912696716
24.371831443798644
26.096701094234074
23.3245737622153
15.841335029399072
16.923708601356797
16.52950437671474
10.098889775925885
35.74585817510277
39.9463431765184
45.84011247022137
58.43427048142701
51.31302026555284
55.02672085049152
55.21103402464535
44.77606205082604
48.533484985672395
46.06281765584715
39.48231152438282
61.46850643557801
58.44658992401097
71.14099728794811
76.71298103252975
43.291885712435636
49.01106718874764
71.32682240159681
69.19447894336906
64.08903710628098
51.29905810903463
58.56022972371135
47.88497899289404
50.476298532849135
53.959606191623486
57.66411638467794
44.148167544944776
48.607612612373615
47.46626547844808
48.248832079620456
49.38059998973318
48.34719952814487
54.449533137493994
41.757619430606944
40.529257994318975
43.400281178237904
47.586062177196744
60.64176897244646
52.04638005060592
49.915718077211395
52.651968417427966
48.1784939626709
44.85619894440201
53.57634308078332
43.8763308037138
43.651916931718084
34.99334983897651
33.395700693700675
35.2745466835499
42.132966044912756
25.874075973800714
39.11810475916847
45.11613960922113
41.23728649881403
42.48005328079818
36.143815794661364
33.70249680422867
26.353965702231335
25.418702359074928
23.756780975502817
41.65240649684956
44.80726089967124
41.049703480916556
41.22245767691307
36.66326212907742
36.3237679957322
29.568888729668174
38.1843587335414
32.65997746477965
33.886829025343545
14.73140891012515
19.094444287814863
22.612493208121297
17.34525131214702
30.83865146025194
24.00136459100016
4.352166378518853
30.670121864498377
38.55924570311946
32.36713066336003
41.99522313944845
50.273339935550844
50.33364890288031
38.756215692789155
40.379194056306225
52.49702568230604
34.24405927723213
29.19184126616105
34.453075648368724
31.30316761053556
26.756237111907986
6.533701664783134
46.219984534535556
43.231826707677875
50.02105132255006
44.798956637911715
49.709121333260526
36.669422016519505
37.049929754140635
32.908505204238025
39.59771002517629
48.61800835695281
49.61246092827287
56.887761687689824
47.45619348129434
51.60925860711749
57.63601786589967
45.70897516184005
46.32489299835196
51.959138817673924
50.51985140259013
54.140766746040605
51.05609011416212
46.19801392632021
44.3615420398404
47.05006384667662
40.84829924726383
37.27803425400904
46.227292759130016
43.08672716865905
43.38044882111434
42.70074577965817
43.57447599327084
27.10857523086504
15.90509653741827
48.817914378963636
40.56506127519062
40.33809809600541
38.72343844836649
21.620950324620125
16.933039807780816
11.997938887942935
33.21094763932842
14.57265582813235
35.64474986292697
34.584394916302095
6.53198485450995
30.593045165838813
38.940596733790706
6.679444242982939
36.58303072387026
22.312924195564563
16.45047191722089
25.533143038233554
20.3446996156733
9.561880090168756
29.512800135171975
20.688991840914333
16.58779340491332
12.809728096753975
28.057748027988065
4.613850999043878
30.841403214336623
22.32320266387198
4.506227537868547
26.772565854750287
23.158622527044173
28.8266045683549
33.850108071006716
30.874290117978678
27.49276600898165
43.52162788933946
38.55332408677119
40.406147839099425
37.99417132358716
40.55134125179932
47.9947459883979
50.52507177155228
47.6090310533581
42.09266981795754
41.15063457253549
40.24840845874724
42.05051411051885
42.222686450678594
47.46020889744573
35.92862175444791
45.82205458363925
39.12991277892694
43.76622557847422
45.277464644775925
36.501224777256446
58.110444698561736
57.7669443502716
50.65685097927372
47.2700378040994
44.47873424301864
56.86191481931943
44.82048902999994
50.199910573888445
54.837411218034056
55.63045425945692
56.38919549920458
46.24090680019855
38.09392206902767
46.93554049059287
44.19770377239369
46.225257061075304
48.51544637488216
57.63658683675243
52.019720529628174
56.097785300565846
52.287411930452144
54.4958412786298
66.59894572347403
62.978050105545975
78.20159481963123
72.85855430863923
74.61366591580537
60.56211619827943
71.00159611970702
70.74651236210028
76.03404714506512
85.28548691096323
76.99897142156742
71.88078684500468
75.36562678131197
74.35178384398554
76.25669975521372
72.85104435604732
79.1933256608134
75.22883095012119
83.35551760007935
79.50324022005914
72.63307863527847
69.74714798519972
84.79255801501051
86.75643161636272
81.20055762059825
71.77628654803907
67.81471684575054
62.90788735373674
74.83012738266346
59.016347695304745
58.79623909059364
66.5067084356168
75.04098629075415
69.91012356078032
72.04452238012156
68.49555517013968
70.99843208300969
70.59715865170524
64.3920150234258
68.95789297352071
69.58392188479398
75.51377035018282
87.03128633431687
88.79456393552317
80.7482529944004
89.40978340492207
96.28126083326711
100.78430438219223
121.3262624131382
122.85207689273626
120.62076639465204
109.06559312257039
105.27063974506028
105.47781551184758
113.92617829931909
112.16372513435628
105.38389246147356
105.43006200152941
102.52716964557483
109.06830591571963
96.78255255163252
93.96415058369345
91.13909847090034
89.49385872908803
90.17736243217325
73.9888760763719
66.58357735191919
66.18332252932909
65.29213094515381
65.60419864784608
58.95930827500435
74.36423245600774
65.19800175719031
61.86015792801231
69.23998314865563
74.54406028255545
75.01938160863301
73.68780236750796
68.96243226675838
67.04890572176816
69.64580004867612
64.23610793733191
77.95443768936339
62.42121220281654
78.63203448861333
64.45042359781031
78.40058589282161
75.21846654344162
77.5927595746469
87.97730849848188
52.809576138920974
62.651246067405054
51.1548993276998
50.17154215735833
54.736806615847726
63.319285786867084
68.61541296938512
60.80586569762949
76.4972623960302
62.04663392319662
70.82723524664254
89.43861785801485
95.90530450111875
96.21057078417513
73.9504772259328
78.86771948898655
73.42662035238737
94.29141696810446
83.24163170443744
104.30161246565211
67.93904239629732
103.01457628552882
101.72198054874819
91.73990366900838
83.66911434574384
70.11496696228
87.74090546797089
80.42497249716108
72.63408133671167
86.81191045975793
84.67837299696114
91.77580733238648
91.36145067263121
95.9515490558623
95.32289758398326
101.7063978003599
91.41721306310184
107.89616528391673
87.26055232885561
95.40637432110587
97.34601907755568
94.58049154412501
76.05789834286453
85.44643458446086
103.25029151775371
95.97400355818091
94.47001195743339
71.18618430753149
67.98170216689375
69.52197887431274
70.3000510585488
65.36021269092556
52.837018738925906
75.73671850169342
74.67350271772858
85.33442536674248
82.98315296428444
76.26764959639505
75.41560591253408
85.48787648930869
79.78883589761763
75.26490633778964
68.66836002656937
67.30641359128794
67.21130448082984
51.46937862199156
71.25665012392749
66.26751669535587
77.64526473699742
69.36437844607042
76.15097767823146
82.81330478220066
82.77409538680426
79.10004397514236
79.24949907246253
69.33286803323115
82.69566429415093
80.04120310249934
66.62915322466738
70.33163462137856
51.90448846065658
74.43523703814873
68.95415053405003
60.50405686196456
58.86430953372361
73.2092190370417
61.16629756163496
66.95496508808804
64.61470961134025
65.21840306507688
80.31858871558234
71.50974473084491
67.77211476086015
62.08729214698408
70.3900494419942
73.8884608652691
66.36613097630025
62.74531907855345
57.10412452453335
81.61513030327721
57.42836086591144
62.50777346209781
72.42043154301328
63.3673160402187
72.68762268153047
58.23858148382065
54.63760262199557
47.769970181973676
62.07024889622229
58.082927743872204
54.329852327823524
58.84604964401801
49.88318381532802
47.422316791822006
64.44026839406914
54.04548799829789
69.5714376072484
47.15970858287965
59.06195954229488
43.62773795034227
46.18668572354882
31.741544683825538
44.16708527340233
70.35577573759242
62.37062772574077
60.58827234123783
56.61926968938084
51.61062050861339
49.480641011188716
55.93258622345383
54.22881952463025
59.161804941971845
55.86248745183063
48.00501570075956
51.232826952562625
53.758289318858395
49.72888309491703
55.12298209412445
69.06628043786276
43.151769927276796
57.4506876215605
57.121444478507996
67.33478616020179
52.99239924219657
67.49347891955469
51.07645399986573
48.53864125237059
65.40517757300977
62.204092088701266
62.76112541474303
68.30342042068922
59.968322821555674
45.866720309105816
45.51300574940285
53.40335705834624
54.83979776194038
62.53045108188901
49.30551598360632
45.79429245826013
64.9990577483781
62.07074402752337
66.61025054359541
57.683574659868036
57.950963409702915
52.16073372402671
47.480345496878606
59.65402601336496
45.903163330091026
40.56556429748945
47.76653829296064
43.64691586294802
57.02638912255553
37.4224450085037
56.04436202443705
53.20397564824431
51.282804362374186
49.26478009908218
60.89151484964872
67.70674547224993
50.11144091882652
49.62855081486262
69.85591186642618
68.17475169622077
67.15573225045722
62.84957805446817
56.48595857940857
52.47348377433121
51.71078218380562
49.66316153250066
58.262660184256134
61.40190290124364
55.964820779251845
64.52452977505094
69.61176732036428
58.98883746590955
59.92965435086797
59.71231564410692
56.501600813953566
42.406147553470554
53.8102790925031
68.83858849515204
69.81960319541606
70.3925153371714
56.81725917903018
52.135610714308534
26.69379401814725
58.36335443370776
52.05547735802817
62.74707038181158
66.69163456210637
51.18864349472829
57.32549576753891
54.3555848773263
65.2708671489702
66.01025230831452
45.89696418830846
49.77528894495371
62.91078478664747
66.02268681120657
62.52397966583559
61.57344973725192
49.17320738262228
57.186753798414756
54.324047482517386
60.127093002944804
63.664255223920236
53.87904303425043
52.40872991819137
52.13289555835883
53.84336836899291
48.41199856023548
60.097112225626454
60.03927820134969
61.90666211562627
52.267162163447225
66.24981081484881
60.8983946854464
69.44135076678108
52.99170734078121
50.82920783781399
54.1765595549124
52.234930442298186
68.73785493479775
70.12226824225742
57.464233378419735
77.52709378105446
67.14474128910258
50.68384978017918
49.261571459340736
74.20656807544088
61.61462966852237
71.79296540997295
79.55573649873126
55.8881121466794
58.8777146758545
66.5187207265985
63.03341064371369
64.73570372444293
72.51579434633771
67.09217617765368
58.80398216953952
61.78982674964634
44.959790963737554
36.842486835061585
41.141420665450916
42.04705035098322
33.02310749404364
43.85688487606224
42.58544606349895
44.119949588173085
44.56899243504026
39.57822439923041
35.452669387218684
39.86742398761751
39.61977135000275
33.621330942979654
34.67743703805014
45.123140712545116
39.2448278597061
45.26333019113131
50.53597302787678
59.036531025994854
50.94034597092132
46.45738496364133
49.25918819245058
52.00500199438591
50.36466243275004
53.02607039384615
59.77707954631195
57.60732414746919
60.600997523603375
51.13981606271374
74.36245538979546
74.07164020853266
61.025056066658614
64.95985900972074
66.48998509624795
69.92062936548567
78.93398618896404
73.12555811111
75.74607593098217
70.34172848943224
61.90963980023926
75.43390795540361
83.79278284641829
60.990723243633084
76.08987164306335
73.43325535531999
81.09841549375902
67.65854047933507
77.67864036852991
64.09746663813543
68.84518826344193
66.13040906271628
75.59253832997207
75.37352456038921
70.15593331054158
66.97607901311362
77.94199502905266
71.668087873749
85.67144404279934
75.17772305302155
72.50257263255956
63.31089500860805
55.22659869721087
60.6770610482244
71.09780284295202
64.31198302988649
57.2623951685199
65.42539234397007
65.37693232617593
68.49027284395584
75.66444612093598
58.25693508212084
62.33684674533536
78.41482988175024
73.03101516294112
84.21374314868575
82.5641647007701
82.36412745056943
87.22736244392931
80.88131611281261
86.37161699434306
89.16464931666219
91.89788734059071
90.87750022753221
97.08474785754093
79.0450003469418
83.18030737923077
86.2212344601553
87.75775356925215
95.66062178657904
95.27976239079243
90.6168217402895
92.94792001431004
79.88449086043606
93.78496070267174
92.973056870962
86.12368214781331
87.6083619987614
91.56202027496155
88.44228634723433
81.77154576900233
89.54488456529677
95.00170704001664
81.49406299081105
85.66264330471901
89.54343857625197
81.17128740653285
82.90661275493578
92.17275174984621
99.23416881086769
95.5580945019089
94.6257482909282
76.82281854750062
83.39997113930751
88.85968877555378
76.79655628202956
85.79645310474696
85.04559015502525
81.7102107372222
85.75778523204141
75.20586390447083
75.99563502339154
81.90800271191061
71.59623206668661
72.24950772254331
76.60694864447981
82.17510884855628
81.36461051741946
77.18476157432092
98.14611601592088
85.64054618626521
85.691114167263
96.41634700232018
82.9304634154837
91.05503766243461
69.90249648259166
73.99314618982477
76.83844262443975
86.79676406953729
77.65576583409121
85.91018893933986
86.61156542912653
93.44339526193586
94.13929878359104
81.41486274251646
72.43222460102419
102.39849085142481
85.01260123126066
93.70938185301691
98.92377803417418
94.00766244496441
90.77578053649775
88.1744177366446
105.7527128341061
93.73181389992382
84.21484814034183
96.8495057624059
93.29639577888261
93.04894442289601
119.0618370524389
113.55860716269319
102.05967997350304
106.32948781194789
100.43816489745839
105.51937283006973
99.0638407582316
106.33819739287578
87.99853771223505
85.34647272439234
97.38136118806334
106.66482518199474
98.35275448804474
107.85563710846708
106.79129038357337
108.55477300910816
110.36927649268661
112.79277824762669
106.7792065126196
100.61112018162828
101.59621712977044
101.09124856096608
94.71288209765574
106.95070590503865
93.25610273935457
94.42098112472864
99.45848292881328
100.35865225926827
97.33365408765233
96.804089281595
85.08161633886652
86.37939744591792
95.6383325929769
103.0146111648841
75.08236022900243
85.43032201447875
90.45533332849288
90.49968287890648
85.19703461670574
91.45079909736124
96.95638204550036
86.39957398577297
108.37383956650447
102.38717870386566
103.91746719034938
90.58173236770425
102.8859084149969
115.62520128590552
124.65542337219007
111.6187642295821
110.77148784434698
112.13142279761621
108.50174234675006
111.77358642314819
103.50304478777174
113.89450028444674
100.86368134057791
114.76209725717007
115.41950864205218
119.55183810693336
120.48572636952008
109.73829896731418
107.55197099628349
112.3673115854934
91.89765149589802
103.94305707335657
99.89686558587545
93.9829665910671
95.91555649578457
88.05564842475145
95.89706272945197
103.64579729917875
91.55946742480255
80.93695686767401
96.83446999440586
102.60215274395448
83.52111219745238
88.23982015380766
87.76731627031059
104.22979906717295
97.4779774125946
90.42524707759564
92.92130636027625
89.49823154167711
100.61673158071842
89.55338996759185
95.6594344602156
96.79261652497237
93.73201985904741
94.55263055405825
90.17613912592643
106.85518393166856
88.81021859819906
82.66739047888156
93.25642302354214
86.5437597722486
98.05561159582741
95.70955686306442
95.56524363684633
82.47399380909626
95.87226986958389
107.08120434689893
99.27721471117226
84.40716192075895
93.13451446048506
96.63378105408835
94.45507556767147
105.50029958634451
96.80500039232756
103.32059862007658
97.32632479671457
102.38281996386408
100.22823746057931
116.111229653246
83.60057519057271
93.73685286513437
96.01215401665668
87.69305500312583
104.30515142155018
94.52718405886176
108.31332211707947
97.4638154502197
100.43701345445675
96.54764403126775
103.37332835552688
90.31435603700821
95.73461102927658
93.9139757907216
90.3258849534385
92.42633791784264
96.64371861139891
112.24181621319536
90.14113192233108
78.29244129690501
95.99244410359465
77.42399494615513
99.22266177142085
98.4626848276041
107.8271749516727
98.6414707887029
97.06204350086495
85.83312775095703
88.50609050464469
87.59753398908325
84.04736256747908
90.75669432732253
88.4769210695321
74.85352905689248
73.51342421088523
74.14719435869044
81.75371722065357
66.76014791036184
91.0122435676786
76.29842134813353
83.19202096789319
82.92103408413278
71.87923517933226
84.50785481581296
88.56724254119396
83.36698501816511
82.59245773577192
73.51607459150496
74.73651673469327
85.4966433310264
98.94364542360312
82.73564447192399
76.56154091268618
64.36783518163536
77.23772845184605
86.23050563555121
88.9242298291139
76.01583995226274
85.19949631109326
84.85030410107127
69.00742928343203
65.48470069636514
72.63421255709501
65.57633271574997
53.802687922993584
45.88273513341384
51.88766977851638
59.98172046921883
70.47283977933506
81.82071721704429
71.5358132275769
68.8863690071859
78.98227340165595
72.34002838450847
84.35495772237653
73.64957066054261
68.67891600478035
59.9773130389992
54.25086326181857
53.48421059014501
37.576310151075326
49.344788629108066
60.896057094324526
40.298881715237826
49.5452854652356
47.49666546958647
57.50669762340921
46.63137524363214
56.95328677467084
57.417103564937555
50.42025940205292
45.078551874247296
47.199026252476756
31.678741947185344
44.666492596572105
42.10142086543156
47.77404319807261
48.088326846071716
45.90120071068081
46.55237942053339
48.22258335798027
54.59053763997105
58.215952400399864
63.0210747009088
59.330051228722
43.461567748771564
37.69610262653929
31.071733566159963
39.23062569278011
38.809799596699186
25.39497992033295
48.850867529496334
60.81426044027376
61.196967145234815
51.60831752156413
63.744574758999036
65.11654789583467
67.20702887537509
66.46458050879697
59.48833245785824
61.62352138967998
75.65495001846651
59.743033851331845
73.30790245407941
58.25530114034207
62.0843796022625
65.47645398685353
65.57364658999256
82.41248137864343
72.33414270863585
76.3557308729487
68.34584481851898
49.145096555035664
45.328813919637156
58.20987133869114
52.51601185270518
43.391560903005924
45.11461073134315
49.08113528844817
38.919931017115026
55.52563341741712
41.497307250629646
55.865596539343926
41.11777574555104
49.034459963003975
47.34923325281379
34.546967931581406
34.28292173944947
36.194240220047064
40.26971863579915
39.465337540439194
33.85773964645076
26.460343590256898
20.201317732318753
36.72352938748813
34.61596229348405
20.626784271175616
18.524694614496887
22.897488659371497
22.358009560619177
35.389823049749694
40.29897650223538
39.755411666617164
46.93669420342454
45.4714170503823
43.43388444683577
33.578649095868165
25.908664011524017
22.452656156043393
25.480286776468304
12.497071763003671
7.168130303325641
12.62864991340667
20.238630907242683
24.8741033896482
12.106754148755801
26.58293229256629
24.922200073830798
24.843003895944808
41.27739822922945
44.2938911671757
34.431893269403496
34.175957355291935
35.00507366622399
27.158808559767422
33.33493302456562
38.91639183949996
44.577284084456664
48.17124751118582
62.1451164921844
63.84748722056487
52.314504025119206
56.500403209902444
63.453851137003824
63.031618575869366
65.29053675821434
56.0569140743545
57.34942180181385
44.525921183253686
32.60408721493818
40.3151500216633
39.525687269806255
38.40168455983263
37.183548244773185
41.39716174876542
43.20713061584704
47.68059681620742
40.25083222328967
47.88975619428854
41.11040596467896
45.23315484822484
43.28597608361506
34.62821563470653
30.150927722495467
34.317382421226014
38.66496970632216
37.62104120525291
44.36366739253337
27.961088842928838
27.42078220535138
21.16528064610122
30.868333569783875
32.107642788319666
21.721390671008738
25.31059838587792
30.10568152371752
21.521199033902306
32.25352584658647
29.060279922956504
34.9055117905618
27.60606267496631
25.706247207460134
27.948673728743152
26.068928439246477
21.66188809216188
23.070380111067387
35.15006410616803
46.42049757485303
43.95900807051486
42.01208190522455
50.29663120560862
54.659985403983804
50.813436800307144
46.77610554786761
45.88704206385178
53.0728489891471
30.069070107387752
47.92342651068581
50.27194415299877
40.43571685586429
47.5328583838443
38.32457046747503
36.137673772313455
33.53650441823668
38.055654998229535
40.01207719987955
35.13520883229573
37.81322838520812
44.64656624993628
44.549062819619266
44.638131539372026
49.68984468523843
48.29314396898165
48.17291936693366
41.6674684800811
38.691774679576106
6.548671962419803
45.29715350478543
44.07081336939871
50.89132226983426
38.791287994376184
36.03615279887461
23.254172680395463
28.388787466193648
29.75908106054382
35.95450390135643
45.46715169110825
38.098254592294246
38.83297148261097
51.14459470847607
45.11434049884094
49.85918083496688
39.49181771863175
53.96311924196959
40.74917802980442
58.51158408449092
67.35838945702397
73.46278413275313
67.87892301584742
67.71223268258477
76.04023324589646
73.87598336054698
79.82465129288826
74.27750864406201
76.27040974287311
60.88807617860105
63.846292776988896
73.11290889527692
74.48633885695217
61.208642479614525
54.54669116991331
56.98684088650519
53.8571533676094
57.199453448254886
58.56427501953296
53.45483593950354
45.71175808455117
48.59359478490372
58.46226625901343
67.07627078489776
55.32898158820117
54.80170162679811
56.38336858614134
53.73134137653195
51.2733679032805
45.217163074629234
49.75518662643985
41.03700206845833
52.30503017808397
51.32548260484272
41.84449441037719
42.375983104605126
46.892402345244115
53.18599658005474
51.18586041878744
53.128508013502454
33.16837376340436
37.15602175939196
26.712691805710563
41.24164682875892
24.177902036993398
40.04010117356606
34.000330043340746
29.128264626570186
34.73838252632298
37.10093227060698
43.280476946660016
34.739866839571405
29.29012442296259
36.99728155898701
46.3780085103667
43.98063677204334
56.97384894035377
45.89288356367729
36.97296176688098
51.08482843079555
57.29817089095832
57.87412144892127
60.51623375242117
59.214502946161396
61.431546094999675
81.09523751040427
71.52670745557516
71.54934303391953
61.52009401130547
49.35202550991463
61.42734107317071
66.18243731271664
58.68107124950778
44.04165530869429
51.5604371634044
42.914660378844424
37.336851869363194
38.95600774589287
37.39787589441911
41.671020904623546
39.81893949350422
42.018887866650864
50.5290026900874
48.730187041473584
49.03820449519618
47.37309325712127
39.50171251929344
40.840351978776695
43.35511960837423
37.197209402388296
45.66723017506997
37.99307699075317
45.53501707235115
31.266162367357207
37.230118202644924
36.88334598941349
30.638170572636312
37.429950998471874
23.87406033698406
46.12700839558996
40.45343639576723
33.658442101769666
45.50554936738276
24.06795126438162
14.255586091287157
34.753926294278145
33.80947306477577
40.2527540600629
35.763692477509366
30.977271270226023
37.58146720636642
37.39165205451147
42.60001893317806
60.0519138127777
51.50909884381891
50.268270350270626
60.25649975229743
67.10006041119334
46.585175410332965
54.196299763555366
59.99636246525272
80.02160276660526
67.56640929218248
66.28968629073604
60.094628496731374
55.088330957282544
58.691684305945124
47.134558894938614
42.46093780537123
37.607549471598944
36.65203416957706
39.47829923159394
23.192625424856086
16.859296679571898
11.566012674663577
17.882197897301733
21.535324494254084
21.502376846270508
28.6750660729838
14.913506696343024
33.79440763436948
39.1496139816597
40.53012331977484
37.54777326949944
37.46948165940325
32.578278896477315
28.3418727051551
28.77921250548853
46.26376752678704
37.0712451236713
36.70548494966452
37.401981885949255
36.47372662935588
33.111312364662
41.14624498169006
43.53647524218708
45.457079829640286
34.82393281588784
41.421111706110864
37.27375274247646
49.03643761476576
50.216269131490634
40.78757094946885
34.57178280327459
27.481229450417256
26.153542393926074
37.19019496575401
47.718830826557394
53.566894738911074
61.75436309726712
41.55230199227161
32.6297274086615
47.56126710572747
40.187206146719134
49.036718955622575
47.270237043456014
45.840583343080326
56.88582021177174
62.62816352271438
68.33361539670062
55.803258029449346
61.851563028743705
67.57023392792345
69.85265794940162
62.8282239618827
50.189183035783465
54.95258744943595
46.32267841856659
53.2732883296473
64.4745819121177
75.90388698899446
74.49117204941295
53.51914506501111
61.318894447293204
47.06923485084971
51.41049945572228
44.113840975054615
42.17699386754952
39.397792072179605
33.55288360167578
20.740027337755393
37.12283057513286
35.10689584924451
26.753869765391247
30.695325801366288
28.815612320088558
37.43466612772718
38.98104162459233
50.10594156499994
40.65517017023184
38.30784065364994
36.37699373322826
34.16800635095012
31.33523755329052
39.3202590789552
29.452701140012213
23.034635671873424
15.854257164268628
32.88169561775315
7.268518734783459
20.62390246001737
6.8542409755558795
18.13857677218805
26.25324095721632
25.68036047346901
35.37525791844494
9.475315627393254
12.395862651811836
23.83213693335285
22.23442872915479
22.76599576251334
12.513992585352785
33.10918160730711
38.25867348172136
32.31744447466915
37.60489222834206
21.59088055352975
39.94789726425375
37.004592546883245
44.97388980358414
46.09426712078789
40.765399089575105
43.75605017422544
36.70892461840199
51.279582003158374
44.172654459327035
32.706994587557304
35.99365806170904
24.478884700824636
35.73343564168834
43.387207659822046
28.807372500481982
34.2677825651929
48.50599631782822
45.03484369169956
48.50205936135394
49.901349366843704
40.20370554120904
44.80586616792381
28.67792961249863
22.158457625272764
23.71888732725572
20.849326496771766
30.29471524568513
29.994915387059493
35.56911002146241
30.092273548096774
27.736442233839117
44.094957785779414
34.37963847653634
39.539170253140135
29.95989100230136
40.64699191011844
28.434263505032014
28.66636968227789
26.55951915779342
24.934305545671325
10.830187971740536
31.91180263010181
31.960013638414388
33.35775461668758
16.708438749575528
31.59623287358086
23.79679031817689
37.87675561701794
37.42750442827526
32.272362025174665
23.765992991319493
10.558568408268034
37.72776408922446
40.14479315184777
23.00639962495387
25.88071742681108
19.798309626902707
1.9783910061337018
38.04370536401676
27.42273044182796
24.495313889068157
30.886122110359533
38.265127248513615
29.331168910683065
28.591423885754075
31.003776689145823
35.54882737098168
29.008491583653218
31.95038545325196
32.34485526119667
42.68566200268017
48.20788867994564
29.926875913181263
31.22590581753446
46.79313846703823
52.47422147065192
51.75929993971051
48.42655057072132
52.693604355026565
33.707617378399
42.9583545464404
40.77610691286571
51.67180106858977
35.43878827059902
38.79261474476322
40.780932119772416
34.0776164765926
37.1019713135704
31.61252675660213
39.36382128543404
30.842877983901648
34.911421788839505
40.56762921942907
38.79643934420474
40.087111269295285
32.69150293964336
38.62512185320741
41.22672008227896
34.39736737466283
43.03225480130951
35.399169184128176
24.880462721160352
27.509096626265674
42.16235166027829
29.253643088190827
47.7011359691478
37.98993963759998
33.63761759616496
39.223133999709
28.427903226697016
25.27029440130784
18.399866479129933
10.273242675169488
11.171054767433121
11.250514288602783
20.50956201899443
10.21285201604279
28.471302031249714
42.65154925430816
46.175717281268064
36.566254232935435
29.14837087338714
31.366670301479985
39.83098704232665
18.715518464317253
20.180115984803905
25.461621246452534
39.15291456555422
39.191683324239
47.96802874318287
40.61478924058629
42.48424437777957
45.50794547473699
39.518261421257016
49.081058226164345
57.22817902268048
52.83802503894298
62.707457091391326
62.304973476436814
56.342223717831956
70.85636922033896
49.478055332406264
61.10207606967415
50.50775243320697
55.9709138227278
56.1664339539651
66.09920501418162
63.49826742733462
65.15816055740792
54.17384257908764
61.38100920074466
57.78739183095663
46.313934618327394
43.70417051758118
43.33690950831771
50.074741462862384
49.173073304296466
66.46720129684252
55.39994716309006
61.2072000965354
62.08388622226263
61.92848816170648
58.584915962779434
41.53419211804932
45.812608204098396
49.278646426339435
60.665426907944294
49.353417183481696
44.53919923717926
61.38456642927024
57.84169954348661
60.82330637448527
64.0228507615926
53.266837492359045
51.88375313842767
61.584192200987694
55.07956011368666
52.43296546498934
59.9939005944765
62.655503192139726
60.37570945515783
70.42644412900269
72.22975349781467
54.255669644849505
54.77687531674686
52.652019917246
44.4011739041045
56.14533705473608
65.74996155441093
73.44103106185321
79.16718620314312
67.56921156767851
78.19321256037456
76.99359908701547
65.7330705564352
84.51649953757894
87.64643451173268
89.45751504884522
84.35934225637361
81.71234506209099
66.32155987543331
67.63612747335694
72.84341368235357
72.90972991025916
72.21311958780741
79.56406422041759
82.63354930880234
88.67684014335785
85.51234704436591
82.72389095524724
83.50423057885494
90.50374625066252
92.10953965444895
86.29865237076044
74.63640608815116
84.26626404318473
74.85195395857069
86.46667639631426
92.07605185100803
89.84518391584317
100.01066148095474
101.7972807212256
96.14553812356326
76.26667968379316
81.87865005284436
87.71126165100513
63.48158195313381
87.03693971585403
85.9767204597422
91.93717614963178
76.20934761695588
63.66038043958122
86.67846301487363
83.61421015879223
84.95733788009836
87.36605084217678
81.70447847349688
94.92130130535125
91.47522511471794
84.41631567693672
99.91282121915827
97.13032032405152
94.41391088135822
94.3794574650132
107.28987316424859
109.04984139207333
110.04686277426768
105.4857902175898
100.1297931318971
89.03324300742192
106.70800738819723
89.05694453405265
99.85440144674152
97.06129546527275
84.8458338276487
89.57000602302887
101.048480198402
89.52060307928463
114.39021527171832
106.39241872570206
93.5979728984324
100.15762209890332
93.08995956981111
101.7832245806899
93.06222794477661
105.2330215747123
100.5759807799703
95.70546569032396
90.35309287865925
90.26623654557542
91.40762218215558
94.92196920123601
95.79630017625446
95.851830317674
90.5875439416583
85.7654610663394
101.21877602321405
104.82508372049908
100.44121837858088
98.18610455637511
81.35879253888008
102.9792229993987
95.42573694500307
98.53204522593214
100.09913428061412
87.50076456967214
102.4133282995582
103.38734876689749
114.96226333246425
100.43532482199316
100.7605431303105
105.00128641619575
92.04319365869245
80.74131279004219
108.78761897215601
100.98620485669363
109.173026864438
99.9854942206663
116.3325954549801
115.17771476728512
93.98114849046675
104.8487762607901
108.72125667852994
110.23588293320044
116.29660505988767
107.26503802172155
100.15999897515776
99.52069665906306
94.6360520890852
118.57100362141885
114.70333537971304
107.48419005981769
95.52234514070717
95.68413027195156
112.56313658354641
108.1221876578472
98.5341266546742
103.77980612542397
99.7560239744041
94.47112191732778
81.32828415079541
88.0267424421172
87.29634086730904
90.66386019895975
80.61364402364698
68.51869831133736
67.25360885849197
101.17037041397803
93.91789413204944
84.63528539964095
91.39406488349154
106.3921989904224
99.71110010172018
76.57082924159812
103.53052572033761
96.86747204114407
100.60511425144307
97.32884856677227
86.86977075329476
93.11951826591114
100.55446915700298
105.20326271042471
88.90542412525706
108.72729619959686
104.82342850084144
102.73775447945691
100.2784212750272
92.6763973368493
99.35939543959287
99.74121156619498
91.0283360634352
111.88303903100142
91.56583702907422
103.90677427139258
98.50180071989395
110.64790428242901
98.26551226761006
104.27046518363967
85.80818913607885
81.62697413992204
107.9173217300027
96.70826055968092
113.38079321363577
116.13745562835787
120.27026323681186
98.95807494987555
89.58380181523589
79.5227579653119
104.72792359391704
106.65729651530405
105.10687043479308
103.20945662272275
125.59290071116392
126.5584906201105
119.45468623063509
113.97094513300515
97.808042319928
102.74909053648979
107.43584272127698
104.95510106925246
103.58392557268088
111.93043431878156
99.55295926423167
103.83882368203774
86.93083187485409
104.39641395202445
109.91907394189975
112.48582573401787
112.31155719687001
116.47244920018257
125.990526517513
134.47785117864686
137.1934021151751
126.94705443277554
114.08976014428478
127.18694952438727
110.7130392518983
121.81616729912176
106.25359885077377
121.07137495550076
124.93737546541924
125.22517080596515
125.9093683570335
119.93749403910714
119.6767033190758
121.36556372518683
129.21494578484123
125.18003591228411
126.44052619725005
135.1446305666748
124.99497287414403
152.56184481550537
136.81694903916878
137.05220233325312
142.9245739155228
132.25906453256974
136.21164880715563
125.2578926396141
129.50239766569248
124.34003567492734
114.521553654033
94.96454660037158
113.26998925674778
99.56136649621462
111.51477505571913
90.80161497071398
106.08007640773349
99.31656328699577
101.31148172955152
105.05079400561812
102.45329962633971
102.73784497817614
110.8248521234699
98.1916705579094
111.50580776880545
109.62619206456134
116.5749923986139
111.42486291065842
106.24236074225418
97.46145584991187
112.32855494230155
100.60415800680367
102.33603898725963
108.80072237722605
108.7571100470965
117.79143240884339
117.07594658437628
112.52672033835576
110.37554254026581
100.39281684210853
122.71419911493221
109.84280463365788
100.71739992937951
108.84259183788981
105.01932031981113
86.46907925694289
111.56647812382298
105.6742915178286
103.86755823547935
99.49094302827619
95.50025521376288
95.07606324541698
93.53733400650663
101.873553899149
105.2681525003006
118.78147702300907
118.21927662173513
117.42812880822888
111.23666657663972
99.40104010700732
103.59703042734901
104.87837103563616
95.29970371487767
103.94035480228817
94.67032893592707
94.59764094495276
92.4813097381612
107.47192460188015
103.8766530291302
97.53941016208056
93.94141784039304
83.15817909636013
96.43562422897344
94.50935707981454
99.24031790292852
91.21106589284744
106.09345622306694
102.57272711027544
105.76568571393867
107.2163992874844
98.01937113362469
102.71223906716189
94.10223402054146
118.35790518000009
103.41913633169897
107.83986708256448
113.58881598980638
111.34153643638551
97.2773015561264
89.08728621062393
106.10697493507418
94.55361745335884
89.6877832466808
81.61262156657762
95.72978181467431
92.91628454972903
103.15986979852593
103.57970372962487
98.5941165876301
105.76908815186364
102.05200633066148
97.19128084879804
85.17477461003708
106.39053477529134
104.836221465186
95.53635952918756
100.60364019215947
97.61370554323541
91.17886426691528
86.72770297167678
90.04478770176236
87.1666057108618
92.45082829700719
77.9737246182331
70.08194766679445
78.08289874851882
73.96464615413272
57.10064318206125
83.98250391488908
97.59166969503903
102.10225793480168
77.10460370492181
74.1247218595641
90.10672820769597
90.69272106029335
83.68909821925544
80.404368050782
59.77544277386293
63.606337487919234
63.05176980644863
58.289836722820105
40.562685244099036
45.152837439871995
35.75104451421886
57.526840519987985
64.54390550178066
50.42855634224453
63.49483057168277
50.065283824391884
56.49254803175708
69.82640446834947
80.20709440408945
79.24064358046509
75.24937449486289
76.0326083320343
89.42987223131291
83.5421693681054
81.61988562828104
77.37403428854248
74.99069687005434
65.06597550623464
69.45675978747373
73.10844288203663
79.48541085183439
71.71374422015886
76.32846189764572
63.79953819535662
61.1360586811056
66.72249107396794
97.71390773679317
78.80284552674087
77.02869353304096
77.65896124163437
104.11927900918104
86.17308488669953
93.7752627150824
83.6826011409284
81.43417081467274
68.16790008935239
60.77347206190588
71.07245523966375
73.35511771904709
68.36269568491174
70.11126468027535
67.9378061149154
67.60733796183285
60.27174267473992
62.65089488589927
78.56708513783505
63.00588133734081
65.8385045186474
50.72353265918492
56.37785377610231
50.71936557417311
63.88761001658354
63.503141258457525
71.44322542791956
56.7431001496637
71.89786913876662
58.88217310280385
75.04964047092656
79.09138206987122
65.8007037993577
67.45043539631655
88.0145743061779
70.41705222888565
66.39772624623643
70.78248260084015
74.42381799773747
67.18893896846913
55.03534194500256
57.20742507695443
64.15671572906865
54.21397728078806
55.594521001235115
49.55486663553109
43.15949097509274
64.7271377254642
55.35769150265959
45.5278957492745
48.231478015095384
47.13708658805689
43.906621744311714
30.034713825262546
37.757677671401
25.005176017774062
22.920209293031213
19.95060849140254
12.45905465708303
18.7741033047913
18.74263003754875
23.553786005000475
34.1222598872166
24.102798849672595
20.744365233214495
8.615780536902335
14.983320719872124
28.74747284131692
18.81537920212669
35.14552919946459
46.54792750885695
36.13101087639607
33.115909448149665
10.777698128254084
30.063726304235242
11.01554413625643
40.21406760832177
17.990774660732114
6.592776258557186
31.427457195780036
34.498663362223134
34.840020904059685
31.249091960920868
38.06412855464062
36.061635439133546
48.29754434253553
44.28195655707869
45.19730958250359
35.01807232113059
3.947294651270538
29.81207195812263
16.827371318981804
11.57499823899774
25.232118410352253
29.70103333917843
17.644509571406417
11.3049029581676
30.856999269785042
38.51068327956685
39.55515025014442
54.433602428245635
49.431022670051924
47.01585111549406
52.5506105233459
33.744011942514966
74.2915011712441
71.09439084120515
71.0842632117993
61.45378337566491
72.54755412755863
63.9517468360768
54.598059161200396
56.383407783926415
60.04461243381368
50.191986058579936
50.975957382393986
50.29502662802188
42.302621855510395
46.37671207855404
66.97671651378707
50.10372281878997
64.04191412417606
49.0650440364158
51.24858412953844
72.897536328885
74.06133809688441
68.52600188902088
78.7340162698882
70.79190013511686
82.75236762643024
81.09210495229439
89.83835460951674
87.272491306978
88.71671413619694
92.19800954469069
94.0938811965434
83.20056713425208
75.0426725619742
80.52786304171428
77.33840397917977
72.07114522195843
78.0475759299596
85.5429557012256
86.24026780931771
90.0100956886421
75.80533813190293
55.21104701205674
60.39794039745078
42.165981427856366
36.60500027139064
49.50800173976351
46.02219723363777
45.96014928385593
43.99265544560259
35.73141570399018
45.47656246430564
33.695957965312715
23.706755691065787
18.57211886298633
24.850548423111025
24.43701601780633
32.01061968765001
21.526465515188963
28.336511237064492
30.208524033215962
30.82467430532556
33.37221394701196
19.66748407948915
21.897987382394668
16.074554237785833
19.764152374657396
6.882949155196663
19.52034618273824
9.518050821069902
5.8423843647565565
20.408112992497724
16.826506449119353
26.979269526390965
42.202948163797245
27.56288877785282
24.826693282503136
18.033717209695542
34.2190415865698
39.21559860766153
22.869857730694868
47.09480583004931
40.262675097520045
48.15912471928897
41.888960487342956
44.92539217928016
42.92385436280185
58.77478192017277
69.60175729829199
67.06068629285629
56.61600832137316
47.80351074027484
46.95654451452452
50.356658325341684
67.4971349808065
47.332288487720696
56.61931023482293
67.50050383806379
71.97347468700914
53.728939239630954
53.45118233302953
79.63036816935295
68.95754078617395
85.672091388255
70.07571635693445
81.29451197997145
62.40737186419137
71.8491329878229
68.62965712205863
59.956198763008764
73.66444501637032
56.8110603279559
77.45284105270815
78.92086483198557
80.6564266943256
84.49792005294309
71.68097596515601
95.22256679061543
82.26963914318549
88.94365200077833
70.64621854777138
92.34846422355312
96.77954184788388
90.7640387107156
102.24414581839083
79.94217282923262
82.36566967661126
71.54878523458251
60.72053131713046
57.50743280092399
61.03111482571187
79.82132035032691
62.390438142515556
49.67649183604048
48.36405154647307
62.30704993437952
54.812558184685706
55.34878686893599
72.01239460323143
65.5679138851037
65.51140675246147
65.2054173247503
68.56256761505664
62.84685299524251
49.16278887555382
57.292247921516456
69.76215694159535
67.68365213358712
82.88141093387254
78.12488800843589
74.75044488866078
68.70557723295042
75.04057133503275
90.74410244632664
86.50395391549802
85.66854663932298
97.3079831912395
94.92496283504997
84.90819864937366
85.77017958974108
95.41062560519998
99.31402296891876
91.16492200782933
95.93805238477916
73.7774521811962
71.49021778419979
68.70235605007338
92.72957688739554
84.65563935782309
92.0296234601667
93.37488014615944
83.79052025692302
83.32891160887306
81.09507656168239
83.59377696396025
94.7205167428139
90.91827940736397
78.6577922222529
75.78139846331672
72.51951434459275
97.75487691607687
96.46487989074376
90.68112586577303
99.94445293501116
82.10213019145881
91.66785547673774
114.38587492598317
101.5359550475032
108.69828740956642
98.82085161467953
110.06119327183912
115.83109622159313
112.34677824560771
114.76900219914812
98.17005018739953
94.28449502358158
91.39267585520179
93.39418223167613
82.67800207492192
81.58481737891816
76.54402866132973
90.31265967784053
90.65634325298433
84.42905608877044
82.97338916128801
68.31804430425854
89.96120130240368
88.20399365468015
94.04508334955722
98.09848006177525
78.19951766938892
83.53052736622406
70.79419902081597
76.2340149952623
69.24082502889301
83.26451908132026
64.28540312780885
41.09714250362201
76.96480386283454
74.21154183199074
76.67606106748855
86.13934686735922
97.95695211219898
104.474611026672
95.14198789328826
108.18226805706544
109.39545065075791
101.57431357373785
114.45293421944271
112.57078732221547
107.72515227682125
106.8693080969768
96.47571822874777
87.63165137828219
90.69199488619792
105.89509904069695
83.8004814355134
99.97851971225508
86.6812294126116
92.36129722073966
85.4228947430796
85.56248275155076
72.8428712857687
82.2101354323325
81.92726025641845
79.1526436279367
81.99455118525125
78.86754358293472
78.6178586832413
81.79164638535421
79.56081062949104
76.01954873222354
78.22700370492346
72.53103492599706
77.80260332549335
58.404984886690784
62.73343412755915
63.13132157640214
71.21155242522012
67.04885963615703
74.01547879278185
78.2862336219265
92.611761930917
78.98101425581596
77.32417710138803
81.42082826299917
80.20795391777497
80.0950367367549
76.98110844335727
84.29616334106203
89.58290047699529
90.7968355683877
97.09465251775015
84.53408483339263
85.92224316595265
61.66165313601545
69.50239516639414
76.38963791961044
63.60722957022717
80.4611786649645
90.95256831813566
92.91361835618066
104.93532045985683
97.11557510248561
90.08119741785697
101.87815202011876
89.54889074814922
73.07987963988215
97.85415841520067
107.4560704302062
90.55395890229889
86.85599180880183
86.01397734658899
90.96801856422749
92.49938324418991
85.82664474201152
80.32917399738929
72.23927522978576
82.62311106195274
93.71744708626134
78.12885578133985
89.4467690796614
76.07022746342079
85.49695742433605
66.95953268140455
65.43622689965774
66.18456237161057
75.80233215280954
76.44490959610468
77.60796387776702
64.6152412285425
85.35498350688002
72.6325468869165
81.59986612296977
85.99921806275792
77.96498866794698
68.49233450677443
76.12386962502364
100.56792616508483
89.71699729546093
100.1032487188349
98.76244117478086
93.83875674940583
102.23585897550032
112.32073934422202
101.93502374160315
94.23331831905347
102.55293107648792
96.63903199551058
105.21903082976837
103.31343953642117
108.2570582263317
115.40757893624648
121.04704456685575
113.47107947478722
112.85676267740273
103.86290752989541
94.71574296267063
98.79700448182051
108.82528877845608
108.47938497450056
110.29619895291233
112.11715102331361
124.64411075830361
122.00932554365988
116.04949193365995
109.95695303005243
109.28555247178343
122.70938864286535
111.84227756076311
122.42647092286359
124.75395272204797
122.76290212989989
122.70082943268599
122.9153608548329
112.4363153274461
108.79104216278311
109.31343955144678
98.04748671400135
107.63529878067268
103.25564693043457
109.31654979881205
121.80020052543662
128.50793630757676
115.15864206689332
129.1750708520199
120.38107060253166
126.82831945952428
115.92983838071211
130.75491863862695
122.19896184611768
118.9194821519299
117.01515138209464
124.53242073613102
119.22411947236279
117.26686960754424
108.17918257522152
109.6887659460134
108.79320861995228
102.97464671714576
93.35000794865732
90.04498227690384
93.22001188116482
84.85898308330438
90.1717861137154
103.26463704229458
87.55350949228782
97.76064731974388
96.53357182979877
92.96769272685896
90.56054405577282
88.34373712267428
103.85791283875297
100.63513584637488
89.41175780938956
105.87581769592013
98.27560634076819
103.55183290838593
99.13117431391284
115.93995843932491
115.16767237606861
119.76483683984416
109.02808881097741
101.78843136753402
98.96275066999208
99.41435300108448
102.32478131306297
93.96771843630276
90.00141667622671
85.8253557572773
71.78601662445158
83.22111404347804
83.78992208182885
78.81747390143313
78.20247372211539
86.0098437872696
92.38400137918201
84.45061382305552
86.60619161264181
93.36709053411778
93.43643610576908
97.90869851395267
81.9153040326127
84.67769114997954
83.81542521190573
93.65384176010754
83.88877771656963
101.67041866936374
103.69486560404108
96.49870429806381
101.09120135100969
115.00500137679087
112.09277815016637
106.18610158239181
97.89673589170712
105.71687790491423
111.38716205102065
108.93008563936674
99.28786130260995
92.41155949452607
101.71875981085559
112.36175181297662
107.98502678557978
136.85403018717767
118.28496604510198
123.57087930412898
120.48449191597585
140.50310635629404
129.354160345218
131.40366947011083
125.63951337461143
114.76068468992428
115.98179674483718
102.88164121482978
105.06537377225945
104.88688350320096
110.06591263948211
95.40159736059181
92.4599581571993
100.24140381652848
90.50130127190226
86.93245269076219
91.41347491492951
90.74493887018252
101.08383033939256
97.17117110558426
88.16175768801764
92.00543186116869
85.95984959708967
78.550308857012
87.98068796674882
92.72589332691365
81.30089370018213
78.25065250121219
89.38148241925124
93.33277122298239
85.43810476239649
78.98671802638312
84.10779937258292
91.033219261148
99.42858744337549
90.87881833524045
74.4953673224125
75.96869468107421
83.58177205872961
72.66860447623888
74.9571951319514
85.86833692220065
79.85550155219676
82.71315583397676
74.67913995952155
64.6587457965672
66.34673444844084
72.1230830655473
61.61815060599312
75.5395323495561
75.30515862919417
70.73395963002443
75.69397688396536
71.48529198033343
77.33824868265152
74.74485000523974
57.573615546381305
58.853248595458126
67.1526429112084
52.483239377809
66.3718719339424
75.58369088528875
69.43775103741515
63.37241883325255
69.13334629589515
64.58979281456901
63.310757231587175
78.82147401849362
81.45805665399871
82.2399909870831
83.37411019884942
83.86792162250988
87.56354018609768
82.05204261523232
84.06012601244848
99.24528428333885
82.20057980297366
84.36426883365456
85.86149459431226
80.33320752292556
96.19799724968486
82.17152252309859
85.23485610425907
81.57247266328638
82.63825494496145
95.96223845447024
88.63231657114616
92.1664036458401
79.28085252010936
88.39018142298497
71.16499049289804
54.890931685799515
76.83812803546525
69.98080415367644
78.58533842009601
100.35895520351622
88.0778647133031
101.62757984202709
99.27675416716605
109.78962685698588
98.1539462940394
87.5107110699665
96.49956933869971
91.38701815328925
95.32593763700518
86.83309368675064
81.02725640901203
90.97663098669568
97.86781317042224
103.5303814932886
99.7573582615266
89.94048058175211
105.4638510705334
100.43183833748802
91.97769363237242
103.80983899651747
95.22312733328147
87.91459652349268
88.62242609305508
72.17362483695074
84.35740641269152
80.89575698853294
85.91015556789633
81.93022047571783
82.97369098704488
81.89848548689102
76.22677803609812
93.30725487231949
89.45633939034846
92.79465688027335
85.40635766706565
97.1004820101783
98.48834495996658
98.28171688571818
90.44551480290937
93.23877815181459
86.92672827131395
86.85084246044532
97.47567315232857
100.48951086693356
95.07518295376524
83.79639330309884
85.29681447591435
97.8199622384171
99.13685008851175
100.90285790314324
97.21322944655789
112.12074572452838
107.38968255203753
102.36530501870101
89.5774328387155
95.58882469619205
81.61222018506265
92.65578013004271
92.33625179721383
81.67247032617747
107.61891276683394
94.35868012779794
106.34798219362156
82.65897577366893
77.76279109164528
75.95423108602363
66.19321625310278
77.1483663323409
70.3426359766556
67.52245362837766
62.447285552990245
58.58608476859925
65.92295634345528
46.50122746512318
62.565360463923284
65.40946507508382
58.70682575808347
58.3051799229317
68.75968712365739
54.067472012647265
58.583652872249466
57.011377516333994
64.97951421040699
72.13879933268883
71.02570517421391
80.94987950588818
79.93632515713618
73.61797683458447
80.68225078814962
66.30233131681725
68.15066828019435
56.774005497889966
57.013658148804716
51.235699004122516
51.7371888984237
49.514861285818
41.18043186088945
51.20296261903522
61.92537388293276
51.53309055144828
52.858421031036535
56.05587440510993
50.22374036896743
50.46405478076676
58.881866135231505
68.15976880809295
53.4620061644007
54.951765241782596
37.99081969724258
21.43593762060621
38.44605384313516
36.036006682496335
36.184850979864756
25.597445186290834
35.66015484918526
35.25774866113312
36.15741686848179
36.70275244847911
35.742078915802644
33.62406267675581
23.009180632815855
24.651145220938822
30.748781847492552
12.066493518684728
55.56434407394699
34.97409280836653
46.23698202266984
40.02347753290837
34.34608822247629
36.58500849793201
26.718056910340838
32.37744173908223
23.125478040511062
28.44575311945397
28.704488829922024
40.31114799446016
36.830885230653344
33.445898970210656
23.769108473933272
17.634378810197585
29.194833325293935
28.655702869220423
19.538050384827567
32.02413877641536
24.860121750463612
28.173446864103372
28.106239503309293
33.0872694561206
32.28325540098224
32.86209303984785
24.861383409050944
35.0798189513209
18.662342795519006
20.661434089147647
5.527697953410767
23.11649635989061
37.29354383135997
33.4785797664576
34.18995844859566
33.516375732019036
38.44268734640353
34.19532742410074
46.24806168956618
42.390951718684356
38.324166713327095
40.959098163636945
39.32710693377287
34.81955438752769
18.629138768864998
34.927761048051366
36.89749434653512
32.42465384605584
32.8609499255498
40.92242587337113
35.15223707579066
29.196528796179507
41.95462775863853
39.84857792985487
52.942513404436355
48.28156744723023
48.357843387083726
50.8200435727524
59.70685919765576
54.124861692078596
58.20580636012184
48.86316690859593
58.341335190479974
45.87782186701511
47.42087435606016
49.66616744088585
43.659111272317304
35.87743967275889
39.03891052410417
38.74646963772117
43.15598461083979
42.55013084432997
43.09214141819943
34.441604889705985
11.981982353690652
44.0354731834704
45.950437302406705
44.19226809793067
46.52359900885392
63.48073444924988
63.16188632646916
57.05399252111362
50.65752776171098
48.311934086315915
47.72930558330872
56.40141907019398
30.976302306145175
30.788944712365176
29.756653952924975
35.98911003193341
48.45619166587738
39.10567245508746
42.54033237305186
66.70886567892299
51.22760896460697
58.44663489220192
50.83665522187181
44.424962595760704
46.82546525897576
57.38919830748652
58.09562187789891
62.0482812384606
84.72448967079197
78.08532905117313
79.81971203012941
76.78986575036816
74.63107601862905
84.54559818342925
86.1487035949271
101.71374118829507
73.23091863122033
73.20734485387179
77.63816534024205
73.81565361939515
63.79948515509083
84.12917546299181
71.88364486126898
75.00811388622196
87.44506128372991
78.36834539565466
80.182116643443
73.31639002581697
75.53567010371573
67.49136513214785
91.4782540245902
69.83963314558466
76.92985603629279
78.53355088657945
81.03054262268897
72.38615545506055
61.78695260790815
72.43035393759327
65.22036361158392
67.15045583983925
63.64196567342134
70.08550509165424
79.48291725780702
76.41334984049537
84.56064961870106
91.00119588808991
77.29805577417339
69.68811041557667
87.56358732984843
86.70258679009906
73.54458646253862
77.88167198094428
78.44354563948042
76.0008364213334
85.11479169131815
74.82787676176932
64.58283997465799
79.41389819876399
85.30485530238387
75.55341165335139
73.72532903131349
79.23743170145231
78.50105534668995
79.81114255920934
77.05393395566013
89.18426438837166
77.97350908835891
78.96035966396698
80.85795624732009
81.24474233257911
91.16868800921415
84.30242622062808
95.62901419132488
85.14623910186386
88.25885143787015
90.03436155807044
88.56140630988523
78.40777503486511
79.44052477438245
73.2698248398987
65.99694181925044
89.09782416699616
84.8979437180585
85.82174952736635
80.77824256148267
82.97972215087046
85.09117327843886
81.73735369089492
83.55946901487815
101.2510624319743
94.34290023914825
98.50871773454848
88.96134740044543
99.06396426865143
81.12907365521814
83.47830982261513
88.43078523481422
86.7479498385294
77.14855348876968
86.86861476910326
82.06033597088376
65.03510483853223
66.71192996976654
80.17432510879682
74.97129752772507
75.35182697827788
78.36452886431121
90.87681308217013
72.35207061164013
72.37815516123746
73.64432232405898
72.4459666117363
75.41663420471858
71.92697490042019
75.650246496412
77.24000415453136
54.93654822466648
57.283774812218496
70.52532111419697
56.78419796586816
47.00300642596018
49.73742956861526
49.03243035321975
63.75190605782255
71.62501294654365
47.85494347246175
47.12207031287841
51.63741742690755
44.17511755739996
46.32888901649345
41.59560699674857
39.10999202102774
34.86693599001719
44.782022798415625
29.527855242044033
30.519342591439358
33.248616349240784
43.6507282351355
44.90552478684835
33.06753178022932
38.27988688162575
44.82461073241727
43.32604073608292
26.395767758015115
29.03851224037768
7.141208915588189
35.849609730039056
39.18517695293373
29.783232369969255
30.952575733088576
26.917466823340973
27.01632264738189
22.425515996630754
11.448971960131303
42.000814881034806
39.004986375861066
48.8830596308544
49.71932309868211
49.082166701728376
51.573177689140664
53.26586810482856
41.76412591122018
32.503546656960275
42.802701374510725
12.2758014006331
39.73310787000227
27.52107808282782
29.479952273394556
66.87051120591819
60.51847528142542
50.39132714557578
67.27908623245978
47.337923074584275
51.85158651079475
52.48047221051331
40.340387483341324
41.25080206163419
43.824564630181534
53.825760381761455
52.8461017227402
46.27775808685641
47.71575983744903
40.387617716911805
48.76824217579823
27.140650775358537
38.72058697997809
45.175214582410256
37.87885814402207
38.575616616675966
38.16193930740549
45.871282891906
45.746183699889784
42.639240285027945
43.744555345087925
38.86109451380638
30.764457278976028
37.363027711507925
39.28421604286865
35.960774776897075
23.362576309838783
16.289752873881746
15.221307955629483
32.34582462262943
28.985410306542498
20.486635573890304
14.783868406478902
17.37625186124786
10.463842617758468
23.67061788886719
24.576557169668483
24.803338032986535
33.52111501891913
18.817418791017825
15.466489477208354
29.3534044533538
32.58853992775322
25.564318363854916
35.28594710504115
32.95491883912692
39.880987417893955
33.79325766184015
36.08461745729777
30.82293586003173
31.914330334725737
31.468556145460802
22.26931232265029
33.97785971114948
32.579879870942115
31.57363054224339
36.53913043168229
41.18988676692349
50.92206781247172
41.80170014479619
52.056993589340046
61.96045335875498
52.99401349093785
53.27866924836184
47.275349978962275
48.5038132668209
49.49840184987491
53.85680979869906
41.56487724693489
62.83821685456067
61.33075753223467
64.88172171951031
59.29230194621693
64.60175746129494
79.4661939693429
81.52280522270307
89.68423013148148
74.17779307383053
61.46723592581846
62.97491668084109
42.95129060701392
51.957808020954985
49.266776033145824
56.428113619926926
66.0475964255304
53.08045663056168
56.62508297365089
59.45424191814961
55.552256798293506
58.49143828061501
47.78154050924919
42.66865698205372
35.81181519909408
47.28849025302151
26.55362892920488
23.828929833107434
31.098458675467633
22.706186098446054
26.143199118123768
25.827665663606833
22.872392766687383
32.51199285719974
45.016190787352876
43.037142246917846
40.357713157563815
47.65648672216669
43.073104554403564
42.77356160230239
39.77813602970757
36.39745711984477
35.624194265906524
32.79411792073196
42.644615186011706
44.170101653963215
38.29226461063405
49.09954279627671
60.45319470687448
49.073169707074776
55.536017895304504
52.76497314517144
57.41057546124437
32.49393707539728
52.897067135309634
53.0053566886015
53.60419518859055
35.85869753196453
21.63398521904366
39.919469408160936
51.20131312467385
47.81602194727933
39.09344335481672
56.07300444664562
63.80144631935635
52.0252889752722
44.91984423469103
49.548843516963366
60.11095221539337
65.63458023673158
55.18021343650535
48.51023943826777
56.077638064241846
48.607364396391596
37.39892455736491
30.765621287390267
33.640601070281846
40.20938449609599
37.589855620033276
42.27041713136384
31.774702706246842
34.55716233163493
47.61031539103013
53.74495298720604
45.007328036112334
27.193269765173262
26.719945208595853
23.358313958603183
14.997539902139849
25.95910828814818
17.679152199396015
29.876585368383004
20.970818140978402
36.90260557501809
36.590512196305966
39.38856773340132
43.075029927704406
34.717132871741654
32.03670131401047
24.81785349548275
21.845650506444866
26.646144934963903
28.487427618740117
32.48507383375363
30.820701511790634
26.589831353823286
24.585349021848863
15.601430232874232
34.37361184547109
38.29858527716753
30.79373965334023
30.283194161178947
51.81090571789059
39.42076521742719
43.93289906157694
37.778989735765684
33.91473916228175
36.492441281687796
22.643229288867396
11.216754554092617
42.32817998550759
53.03704791995161
53.11130288288537
50.813407419026326
42.784069464895296
51.81849831747789
42.267571533845675
36.661754061580055
38.220857307406924
39.34425598388086
31.65090590159385
16.090878927895535
36.67550140502191
20.097445928157242
5.983030391781123
29.16039885129765
16.17473583020904
22.179479387473318
28.506099326197756
38.34893566901077
25.124971097182897
31.19368831264125
31.500491949098546
43.11993668286836
38.82848635206888
54.8973624700473
33.25720855704386
55.60007526084388
34.24985354502432
46.44440110635985
60.16296664533603
47.485022167318185
64.40883837944028
50.75771369922675
58.500161081293754
47.69573056071769
44.44291476808896
33.946099309115446
48.32998756415568
46.81560987821892
38.640861101575815
49.35439587991123
62.3871256150823
60.27838162644089
35.77689527155321
33.83908574037365
42.198118022503444
43.0655967234396
46.178515562082424
39.016595161165974
44.744266851566806
47.01265384385799
55.79617396359049
57.44914352212015
64.42932534268688
70.87460476191191
72.50292776881004
67.05736106439191
83.68528083046436
76.79828217847566
60.081789999237444
65.45054980343932
67.50760969701614
63.69659767402557
50.75631878902132
54.54682850788853
56.251646070621014
53.90564994567744
48.79044887241207
51.05694702149136
53.44000783805566
53.76527675531013
28.759380541251293
6.832835802173632
30.207907761070004
30.222875682500323
36.81568725805588
35.655557362675374
40.132096752392194
40.23374792141704
46.93909108402379
52.63357440251855
53.62603370781645
55.8119376870834
49.89145653962601
59.230233345289555
65.03957228935583
59.88598183408491
51.99605779477497
71.00987370002782
64.21687456916068
65.14583179205636
58.45069764145895
51.04583704119652
58.089233830928976
52.83520362869941
50.51442708327026
53.223160106095506
46.63587173386054
34.84863088363283
37.779224447465815
31.192529768800043
40.60734122425649
35.88332279816692
35.25932392885548
36.553861242282636
36.46517110726461
43.20248787099797
29.40503169346693
34.99126085228075
39.563790212824124
34.42662639307925
35.767754139986764
40.43142630593555
50.377129832279344
44.407708028224796
44.58649433679425
40.91091141605835
57.22040233057379
53.77696409182294
60.10803491995466
67.35678406884134
62.267820361694824
66.6334562118014
69.84590181466231
57.38484204752122
50.81982471705401
66.05685901490722
63.924140449133574
55.80169955490276
54.828950838704216
59.202970375436315
40.07359570623334
48.42516986142981
44.06885199892731
36.054562251355165
32.18549815543759
31.25461378167323
29.312459211494797
23.568979381977154
33.847028854162126
41.63297540953534
34.635405407112955
43.73877229381893
44.42458564234197
52.13142413568749
47.15597261895606
58.17923553726807
68.37344614806888
65.01639082633932
87.86162469422928
93.53117408753853
82.84326562989897
81.05904516127663
85.15139662319301
66.44565249032846
71.82354542991074
71.66021824764208
74.84662869794292
65.85558446507973
68.65841680116593
53.23153922791846
63.888020246932555
62.284962264552135
63.20891065311318
49.90052025143797
55.528462860130574
56.864018526405815
46.35320511849987
49.81990011868407
54.84208841026248
49.61272828406294
54.021508549124626
60.265792673164924
55.98201701560693
60.74479707632101
47.25970221511291
47.03843400710044
59.50271175246275
54.62750799022421
59.47946907936192
59.76839511988276
51.70985707097039
54.80299001312631
64.95063447524727
52.49978225532438
45.115189289848985
37.85359208013152
26.413745287778802
26.218558243149964
24.38997580424821
10.009711244435623
41.507392769126376
29.07357885310804
30.726204950065338
23.523225047532826
6.463279304909679
31.92498638849
35.79237140108142
41.778054479277145
31.696080039407878
41.68496746961401
23.984548958894706
20.879906255869873
21.308254761308085
10.849902803754055
25.252190697609407
4.241559436857629
16.13087531188354
17.725403546095134
32.07895568264661
31.891305529351918
28.074552207666173
17.62779686026573
13.342882189826833
27.501964795338033
28.517072580877596
11.39540734095753
35.48835929827982
35.19233593537363
58.698920223940966
38.87172838406628
34.697327603054546
44.38931471674072
49.66110261981742
46.608543940227975
36.49071466117288
42.799430323875086
33.650727241295115
40.83601688188061
37.75172828443909
11.399823295115308
55.469134439313244
49.537719636835
37.843638761215246
35.092962888000784
35.19340668889845
11.187786075722041
44.56561981419257
47.917450018167635
50.71763125587332
55.10089726360979
52.578554871368866
53.42697597989916
48.85046575171603
55.337752134341386
39.91600685554471
38.53385548282167
6.449065314035202
50.22246311785277
51.77145037175198
41.68885996177658
44.554909183481236
44.84132271788822
35.577058396188434
48.31328952683919
43.9304328679417
39.82510970989216
48.815972114774056
48.0188587338041
57.98939413131876
62.13163129804353
67.16659136077327
66.09045821687211
67.38719421896442
67.82175914723578
66.29514877201447
61.13085406066265
52.54511574039421
64.3664129733763
69.55610336430428
71.23583474129101
58.359643737741
70.74617619912982
53.781758860915346
56.12015063759809
56.36094569489618
52.13315987348382
66.63193678007808
55.055643988794415
56.73291405113498
55.889636811913505
66.24943160169826
62.69551043479795
73.31607930872856
66.30620476719693
60.61353504251577
73.27402269785547
63.283241568945165
69.944547616862
68.46445127709435
67.4751171293285
63.91088506831198
60.748006938819934
65.75456009491623
49.23370234699151
55.04306539913805
76.63059359046497
58.23948197419159
69.30953817889294
63.39144257690314
73.60602700254073
66.14452331406378
68.75148510981103
63.7627077594439
47.92444116874807
61.59976929252937
70.8841666053557
68.33916866956115
66.46687777758083
65.08400981791672
81.50951725092963
81.64786661192049
88.39156089833607
74.61468049819028
92.55662429655676
97.30208825480904
88.22991353385152
78.41625444656393
73.87709054456968
71.65816168340187
58.26485592063016
57.12733373644995
59.63959637331042
49.6895950994364
54.20044026104873
69.88113464506657
55.50513716376719
63.81593071075598
73.12935004689429
52.94587559534392
60.39191226801253
55.429339766332006
52.114562218008
57.210537887197795
49.53004957129634
52.29856493025914
49.46775351199795
67.3319948375645
54.37051213200066
50.49038553737591
56.61442305204425
47.288710239335295
54.517893486529516
57.880967123025734
79.89738969877565
67.89287080963328
64.18895261353643
54.80379530421667
56.559982859794815
55.14005784377501
57.014738268594094
58.81465188383556
59.698802849069445
68.30581558762641
72.11703865190825
66.25960018494209
82.35089391957085
59.561783151186944
60.05000533653887
60.98245959780298
53.73041784398731
55.63042195909534
56.5881876909803
52.65036401145888
41.800226517653
49.56697503982784
48.49281925435702
71.1407164735838
70.17590301968538
72.78854637705591
56.11669573035103
60.13913711436078
57.864652494991205
44.263190193661586
60.03894538206073
76.88848549511393
58.44292298814548
78.68570879515607
82.63226915295506
69.31141526023359
87.92177480403173
86.72440352258735
79.67262015184257
81.91891744569674
85.13417854994968
100.92075499860212
100.48385582727776
103.97841507844223
107.58039860500318
97.35382991445034
78.08979833574882
74.89812406988251
83.942547241567
69.22925934923308
60.868197863082
62.08811549649902
52.15192420969002
51.10919806287049
32.25253271001147
25.16353770087502
46.36065486981216
53.868831719798244
56.374029719335084
53.07662517273587
63.02891742772766
52.581434470329654
51.640637406990436
70.75286924283641
61.61272879942423
59.270474871055484
54.89664680095795
46.64689721570697
41.604978058511094
33.28142631379443
32.86615192455831
26.32379830890581
27.163105854390558
25.549982518518693
33.326545728436166
27.965077670505522
36.23128527170401
32.427210423594644
14.303877281644803
15.27819722540493
34.868893576210176
35.659297301006625
24.446010759032447
32.82722764518663
38.879131464430905
29.414543404942552
41.63288409446639
40.521262527230476
42.828620033553634
32.12370552582959
37.06757616718978
19.235669608356982
34.48189484151201
39.78886416368546
34.200378500142
39.45555772930204
50.73566235595383
55.17786692822772
33.52041103059924
43.28646912947229
52.60250676336598
55.85980346658584
42.41506301706537
49.6985447494026
46.55809538783253
39.94100864305821
32.146835104768336
40.72443955729736
44.74592228563856
35.765089290775045
40.94230963797948
48.08496129335616
55.48805181430192
57.844271496937424
53.95111832688593
65.57657741026787
53.43040989391635
57.48725505472139
42.68712957526047
51.15776354608196
46.05351236070443
53.50239379098506
73.27140740622163
56.83446263596585
61.24986172188501
61.87136436011866
56.97851705895043
60.742967962038975
56.877122336409606
47.72696869057708
58.957988560896474
58.21098855682595
78.2303363118207
57.57242834445825
67.77095246735733
69.23312942510752
65.43914142982595
72.5435643209472
70.93184832126691
73.61581358154
86.9304399114788
96.7088214871612
79.07354902413515
107.7324168301727
102.72427497371613
93.34171194682258
97.75774018143316
105.7105498255945
92.61215255192461
82.31441364132134
85.02646541561387
67.26112935199859
77.9111378969693
101.81878593537047
96.74372826694807
105.43447154577841
115.75001471882725
116.44729636453992
112.37605538140802
111.76269110950253
120.47939691028229
111.12774057477698
109.47166130521097
101.34821927056556
81.27394360963089
82.79437654183357
88.49672716248793
90.5201266508667
61.78655290678809
80.94897016117083
73.36975060545316
74.86385907683668
70.84985319783195
71.7598601709183
69.06509068334718
71.80787363915475
70.4957675198822
75.11477089558915
70.2065004502078
74.07872738112597
70.3328254570948
92.74811899153684
90.96563925093359
78.54507753272843
95.3354158425776
101.87345230844491
92.76783755664331
98.45695925452821
93.74650051197729
94.02228616435794
98.52375990769745
94.27894313004691
83.73368639545698
93.44552327986196
81.69947570891941
85.89355003451614
93.12784095236184
82.56524037427793
103.87960896664984
93.02728160804975
94.53534039057551
86.91792134230823
89.82053079214855
88.72065975794352
87.07516816907857
89.81477203849043
91.08454008331489
87.57117659876634
83.41251812665719
79.12610596636647
83.87246017578896
67.2634495623387
66.36701446901014
72.21589615061532
83.00809753925077
73.10927140628652
90.39194024191437
90.14152608966214
98.85219879520366
90.23856556775299
94.59009112165872
80.61751902992022
72.8942592875491
72.2582809674427
83.39988858395262
76.1972473423311
75.58320146013456
79.42251018991352
83.72792244544895
89.77403922288424
80.24235438967418
74.71926599141
69.10146559999791
64.97742852415412
77.38502425224796
85.61944212211182
80.01317913369313
80.56392004582464
81.90107218315255
81.02068898999887
91.34541523120205
78.35008475916426
74.14379285941139
78.61367740739861
80.4664264564746
66.4837955483518
69.03877800879437
65.24391456521616
77.42706033665091
66.71811400584156
71.18623073349056
70.5862313059918
80.15714375416658
72.12276680779122
79.94880212176685
82.33786870795001
69.34851564150226
62.58999515899724
65.62239564582988
84.15788823133691
78.17250498185162
88.46720254108551
85.35089483506738
88.30505890188063
84.60406611774634
102.56539210468908
92.26142780531256
99.41494497816414
100.12385943618308
101.04251630845272
96.67218395181067
95.10178493449166
99.40728708635929
118.25969076359564
102.35160833422508
109.08690676232696
97.05061795588676
111.92276251276311
90.90011123544647
93.95284667044663
83.97231372570143
67.73183773847771
83.82012088405912
89.5633584190216
80.39854005277242
86.34879228403264
73.46806191932109
71.38954069996633
70.14275158988721
66.47599584589656
73.5530795897292
74.42897474209582
63.95057864948128
51.78253472264483
67.91820672075143
53.67358162904908
47.418918362980406
51.002988060794124
59.15757698439484
58.02243702609156
52.5451094041686
51.132302694975905
67.06557228607807
67.96647450503521
71.24079958234655
65.44054416533021
72.49751952270425
65.49749390184466
62.68711942607465
56.70832233392076
58.814050999007655
60.78544393281714
54.58624139482451
56.84438101439719
66.49583147628026
67.84198637688587
72.06638062470437
59.9855025981666
77.66175062887554
72.62613191111727
72.68143688970031
63.59379039798629
72.46356587875353
58.25535280920321
66.63286159577036
61.679626504216685
59.71391484935718
51.07280048069507
72.25874049330264
65.40835701883876
64.17345479436717
52.7471917502891
61.19444431986688
55.77227353377365
51.33102319769341
67.76515649794428
52.03467448037094
50.43823724499646
55.387971451336696
68.47272129214214
64.69608187390209
53.4088774043011
63.04802731412653
66.17463465293497
60.79516987344417
64.1743763653051
50.23563899576441
57.79106787066287
73.17294592410788
62.32368159686717
59.64119711386163
60.30807538027811
59.827809324088484
67.76150366972595
58.24084981551816
51.201236976171835
57.093696527004866
54.08997502654072
42.74050292892656
48.18298249791174
61.08292874509953
55.320438510375304
53.25083708187484
51.76542187316742
57.13036113493755
66.66044914887061
57.46760238412992
45.608683778315296
45.926363729172586
43.9287851076547
49.83476200898734
71.4765375319584
68.63814036420219
62.204639611410315
68.25311689431587
63.714297413325426
57.026887557579016
60.309133390390805
76.86553911006564
54.05135305015144
63.179948330266406
60.81432848975534
48.75078923247152
51.91342213488259
59.00703823236697
43.63419324924985
63.12667340688726
65.60420401275452
78.44128390097968
69.44689115866922
67.90874988196533
71.0151736115297
73.35324714968439
70.88390736319022
66.48609509036686
72.42575303016842
73.18801927726486
62.82842644479527
70.49014928658794
76.29094649142111
65.20805796591519
61.10385600284919
61.24186196552078
48.27027807570062
55.33732166533552
51.6493164068188
59.28002032910468
61.42796726508317
68.20036340740837
58.221784748167764
66.50886989911876
73.41252462837781
58.08987701743654
52.09221480486668
48.26070386478392
66.4387859802421
65.59260223671407
64.40868511500011
66.12248977049225
65.48635708870789
51.70964865897368
75.78561977415806
78.9735643164619
67.74264170387472
61.01580313705448
75.89930334003171
75.73557142380075
74.33681539115166
66.11940637898309
71.09436814953473
74.7620088405058
80.07579300880948
69.02893556604566
68.834522959404
63.89545593474577
47.61139285368339
43.17879093604987
62.59871181643373
70.50301918516718
76.27904064615664
58.53662269372746
48.40135129310749
39.01224769580789
58.298080147332726
50.683756533944454
64.07231992263075
49.489325773752135
69.8978554997395
68.93120297962828
58.2574550247227
45.82613942929172
74.12853498099459
64.60613843763868
55.05310253076039
43.591011624760455
47.386486930520306
47.06624650765341
54.0171645437388
63.910660357902444
54.75267306306354
66.50493193652558
60.361075975923505
38.998845276197336
26.681218580995576
43.998943095120424
30.1495003462641
34.803219085252465
44.99167860050458
36.056009168181625
31.15826127379622
30.94528244524056
29.99328811956005
28.437138809494677
41.535812204213364
26.494544622463785
33.23077061159844
32.82541586647118
28.55143545028676
30.043753543261726
37.55932168426885
28.295778473673714
21.50547869026994
30.757413664641625
37.34071526146875
39.675756933566866
38.8423338866986
38.985296040904466
44.293820885883626
46.62040406858205
36.607805112954026
46.135140788610286
49.46733046036917
64.64910980197884
48.20102241605694
68.56526188890471
54.047359750377254
60.768518577447594
47.60538600889195
32.666811887897794
45.26028272340607
41.740942262517315
41.47466559356379
40.96707224929483
49.67473578932615
44.92413375128797
40.38368718328082
55.096827277436894
40.50147419141938
57.5863214278837
63.70730976979205
55.073181735564404
61.129889938954264
66.23673531872157
68.8990330863788
67.58867510942359
56.436319437821176
59.3700482735574
54.91199197806043
49.547765907817045
50.723316647746
53.874441173965174
63.17568794361607
44.891044231821624
52.3936978268134
48.16436189490757
61.46339875317425
69.37214065222948
63.27753712986642
50.92449145237798
60.11863324008806
48.88193910783207
53.386611175335425
57.0263558038233
43.81240501632005
45.11215613322672
36.20261310305733
43.041189348166654
53.770762614743234
51.463304536616235
52.60771214452264
54.01744200787347
53.484491596955195
50.9237342891753
49.224412081013476
47.98869289874362
48.04142772901396
51.1419923751227
43.40293649670645
44.94596890733714
42.64632257277614
37.22968044590167
41.0308151636504
39.89724346350884
44.76284163508781
35.162352357289436
42.21389601410244
34.54352376605246
33.30737139027693
28.509999135063524
31.171647338398394
22.437509191684114
11.953163404135692
10.763014701729105
25.776004347725642
39.70187546631434
31.96740076638218
33.38872862149311
35.03123385044201
42.3652404118978
47.22969299332754
42.04599196730673
39.358937830585276
38.29108605012407
34.75943618139395
13.79140358401646
18.98292345713854
15.636920751033326
25.295187247946558
23.33786445634646
11.545750425813527
36.16593777134004
22.570580706294976
7.323752437235745
14.446477808151657
6.427722987727793
23.80967222642037
21.173775920194515
11.292089938666011
29.784822575690043
10.818358118159143
35.43895466858827
48.31537780150855
30.944923723022928
46.022673554255746
42.4970058815935
66.30368902565183
60.86145799836731
47.038536520488
39.04100391893006
40.653067608277546
45.879727475013894
33.190611887147725
40.86073287247898
51.37601104647318
50.877754134944155
38.3547252057711
57.446359443760905
60.18418289333925
72.82152414398443
79.05499210207154
76.27241835366993
77.84026050370564
82.38282374645584
79.30046146687408
80.03128676948133
67.37112723637782
58.50144359320067
51.23083892801694
64.69525699484107
67.02281871955749
63.72233409086583
75.8903702779812
72.9722690304506
75.95294979003278
79.28923732653381
67.21812789060085
70.73482199810749
77.05124727054451
79.29719670133981
66.88462975764973
70.90270029742551
74.14852744543501
72.66179557850528
76.0341459050785
57.88340994570112
66.46982695954077
53.28422804410588
38.183130809449885
51.7081637583755
53.43019298100165
59.6516778294284
51.756741711264056
52.178156869715025
57.98865664249016
56.36253921098769
64.31750943907522
70.85114977969525
69.0479940359641
52.23161821899539
45.728034861246435
48.18339567864163
57.69625875669585
64.82741442088596
59.181077404198334
71.92497391628783
84.2069203838207
77.83905564233027
68.5796625805188
67.21723268195551
73.73057365923668
79.2594172198123
57.286335510921475
57.473195529856376
67.88916235543927
55.20953979323984
78.21876062306173
67.97036448206806
62.741214353517684
74.14047163343163
85.80165091341497
83.43356099379325
77.91259556300517
101.30097652179737
100.57025051540677
106.61927343514924
91.84824404830424
98.23304733004255
93.53655503008662
74.79765101199959
83.94591914922134
89.95289384353305
99.91380728201224
74.91906208327
84.48919507451387
85.97737631326859
72.31671964506631
87.6667274704236
76.90921879774598
93.89144652320141
93.84793768441277
79.25523145478611
82.32942352886946
71.45121568108281
73.05283375810436
98.70988233320946
93.68534620832389
101.04517574495449
87.05353181760182
88.31201321050953
75.34049591728954
75.78451605731009
85.59295324674898
83.57028481570433
86.25985673656949
94.32633408536059
93.91420627760786
75.92579735311548
83.91299123119859
73.46791382062734
90.56481336389278
101.34625640373761
99.68462558948407
109.75269022439296
100.11090110776405
95.73179153781625
99.32920925328543
104.05034458231235
99.37810284092355
90.25709753978263
84.64641623573695
84.42900782833264
82.18100232592278
91.09041395165566
84.04446347868975
80.72598903540083
88.98745672740064
90.27777025092679
82.23196250898917
98.35386368188433
89.74638385356432
92.41544361810828
83.30501010264602
85.8708561692406
82.88009968936518
85.68647802198402
82.82101516504665
84.0182690458518
87.6418142199818
91.86304105990278
91.68826587770926
83.49730260535154
98.17275287034228
86.88044406385825
82.2107605175219
72.91322080552399
78.6006071987569
88.20278716340812
89.60192457906966
90.49984780048203
83.69302431793852
82.59019384735434
73.12617382977032
82.49162327164578
76.67262316567835
79.5441533038308
78.37080899868245
86.50202576482434
70.88187109117897
74.16738118493384
88.79772907781228
76.81404992733131
77.26624559211848
84.24180350450473
75.63823424616186
81.6226401236541
91.76831970938116
96.71947431177065
98.06016408388301
101.28209099864765
93.45401458132915
87.08446565628307
86.29469885055512
100.1750366060886
89.07454900422647
83.56238121128132
98.72440866046927
94.9320804173117
95.25438828476608
86.70541029273718
95.48369378524069
99.84882229926494
83.02948196631858
79.48182853790553
83.54568457694324
89.74106431795576
87.9472150563741
84.25608749156194
79.36462274727735
81.968216859481
76.12394422584929
86.10536710423486
85.61007165988174
83.71433892726401
87.27465343467917
90.80342474250126
107.87132898050677
118.39055489100346
97.9814061382475
101.42198524965322
91.6411022115928
91.32488551404968
92.22982267964655
107.42981093228785
94.43101590960613
88.61780274434105
87.00557805728673
99.45314594940923
95.24113246236584
83.72711431457246
89.78108539869902
88.39000329944184
98.22731027847057
95.74847735553782
99.88481538035302
89.50706322020248
98.28900755427364
95.40714314965744
104.37029493604676
91.14137572641685
95.34591670455094
106.42383958526426
111.46887928536457
114.16645256691746
118.09969731525739
102.9796858540445
109.94841649649268
102.8898352178624
93.01792466707073
92.39265933810427
90.75319576497986
112.30337880239968
98.0596966400177
106.64870170662448
98.87034643336084
98.71953715214032
101.52624650046344
81.93152492040032
92.25086443375986
76.46290309276792
86.67840364295624
81.05509285742063
82.5906837348033
73.25879857501792
86.80767907319954
61.15425917225151
74.67479703015358
80.88862763811103
71.234273752644
76.78132278647875
84.77912897686898
62.326465459162904
52.31675335926967
63.83044657765584
55.13708194165277
53.70639423073588
67.32451865243047
73.31085744369958
77.48553161468844
57.24888226551037
53.91975636872429
55.361163389372145
56.996769660913394
49.61538120585587
59.04148998811415
57.458892625575146
51.92970813541531
47.16524070597031
45.22549246825734
53.676243805226804
44.35420965184928
53.2149907402328
45.907846154490215
43.397408317149335
25.348263632562663
44.429445017718294
41.29113174634499
25.026961154749667
31.596636015825222
16.64306924306169
22.467299514313776
19.29315942815704
29.84558201832597
28.707047967492144
36.89503709689155
31.791656422479125
31.43434834942163
22.253482180792304
12.539037712271796
29.62258105642236
41.4544248030278
36.17229359013176
30.633885950948667
22.28595882460991
22.652329282760007
39.0157013805693
31.45910819456823
34.24997814140555
40.28370744823083
34.053759893582466
39.33793783379847
30.32566456470268
23.499865343091482
50.347670137164116
56.62448947718586
53.820656484777494
49.29056975558136
46.888583969504325
62.183574711759775
54.24673940559059
54.328162342244894
59.166738227936754
53.33396985617736
66.15654846532274
50.42719229053086
51.92998799467789
38.75796542964237
44.191903634836905
35.28718278017543
36.824143718386715
40.29676458296161
37.77625164361808
55.41018932381698
49.74914854483244
68.06643132031321
68.95120186062827
51.50669857425116
58.395672229502686
66.64699625229592
55.66424054620315
48.98063225760281
47.50253674906151
55.17697611026294
47.75113908464566
46.991338561784424
47.771205872163755
31.40654366611099
25.0559949429553
25.81920557068421
36.534701638343854
28.127273202472704
31.616281333648164
48.133090669026856
48.57365034733829
52.58535229298704
52.52326500119323
57.797611161911036
47.836102139828206
61.34804448914541
54.738433968934494
48.29445290588283
43.77856205994424
40.657846286925185
50.49376121016076
53.02375726121497
56.447327839470425
48.9371926403749
50.260982147401435
47.67731581031926
42.80574544915331
45.621991481165274
31.011574584270814
33.28142751905231
26.16517592175205
31.289701271751678
33.54489825814262
38.750258260472236
38.75383918819824
38.3921355020082
48.05331493623775
41.20314374629524
47.48568957741904
65.04929091208845
66.33136509086279
51.28593610665073
60.23470968238354
48.74346055239208
58.72351603855527
60.24552997381698
64.87521673423585
65.71444765261893
65.9426402403162
48.162122519722146
56.32528352963224
45.57289320234788
40.224486638946615
33.12380812928007
41.18166922231906
33.160586350952705
51.017112763476526
41.652321565971405
39.642186737948975
42.36116234415786
34.461359391275224
14.044810072543644
31.2630869525013
39.096146153830226
38.342591478900644
32.233877830215114
33.81757733117708
44.45083649952857
37.78056894675653
45.98843116826247
46.306576014398956
45.937815561306586
41.33365446567155
50.72563941029139
39.652321136932336
59.23304953786812
50.42619932461041
45.64742743705985
42.64416563882207
54.26200206091261
51.71819137919983
52.07751944494627
46.640875722253
35.59066981683675
36.837986848445716
24.19771521509245
27.25854427507136
33.3514935334034
21.64488273335552
25.533839571232175
20.0745257605088
6.2525240916799065
33.85330414340838
30.533067543930084
35.6557411967017
17.492493993482995
29.856504180453626
19.718097001655984
33.31776183956076
47.664258577120705
35.25221040043063
28.16661085916724
38.19359799122776
31.853334635190862
42.62220434614156
45.68138576767102
39.216356858485604
39.27970187856612
32.300688078641926
26.01304583817272
27.274067408056503
23.600580997857993
28.357839813912296
21.84550485565441
20.211536964192817
18.72570602467201
13.18934096086271
13.927752370708781
12.030972567586126
17.252211773111178
13.796636401239889
11.568009021403276
21.36290828346305
23.357815330014393
14.845644298079861
40.62703944358739
37.66534327164038
32.32152159639085
45.33491763421868
41.7494148719722
56.31361341380674
39.79783914405479
41.589415310140694
47.63632121078918
38.727550251463995
37.437266041474686
41.84260378382329
39.578133787837224
34.56545517665529
24.639919185949815
34.3904864101514
32.83172221687107
27.45193759536583
34.039746125060454
43.3450093921433
43.44686379550385
38.8708090958187
45.00879656565279
40.775670078460294
47.45242222420876
63.895265461084065
58.315696324247085
64.33578082293772
61.468154814879476
64.71405112136804
48.58786977563129
67.6306673588361
62.72527207826175
48.47854413990744
37.914536293262366
43.62224797485018
47.241843396469015
54.56868288677735
37.20356915069402
32.36604343070116
24.73003114728502
16.606525116095426
13.403705466807637
21.74872692106471
20.171050191795953
24.20493958209529
34.56194299757519
33.865719233232376
41.06332278397261
22.911060602814715
23.13321341672016
34.833083093587945
14.523519330699617
7.338453069253605
32.17506027293253
33.559681085749276
22.253822624689438
20.68788303588814
12.53963560957559
15.115197335153635
17.201811855233615
20.995803279272568
17.257263135265614
31.571107448387785
27.65008112885079
22.83936771987902
11.623921590945548
19.444358934099988
14.280422587834211
21.82124742659111
21.68949253610208
16.526983312079434
24.71020368663487
11.625932003106925
25.15226456238458
24.364740879790396
26.943051620514872
14.143212519279391
39.10175761821104
18.981104240628063
6.637388336497523
22.074375159801477
13.957634353670464
26.600873380071132
28.4002627084658
7.928202720139122
31.611296479165844
36.984196089800854
36.76700753257974
29.390849130213233
11.873754132739087
42.840021903294755
41.807644255789796
54.75654606011676
54.423090697788396
64.20126327060206
31.949499711464142
62.80028895892304
51.4037920129003
45.618688207780316
64.65155123132101
58.83177981525259
53.95652081006516
42.99956506197736
47.7820960181616
38.187511739191706
28.238946834099757
10.224942820288932
35.02263931124374
32.49731049412914
35.734944266883474
29.241354047570276
31.960998699585556
26.874350541279824
33.273527570835476
18.639116511949055
15.303662837454013
10.258479908913522
34.87742247634001
31.278066712314196
27.178956501733467
20.897026330311103
29.9390322803244
42.24702999138702
33.86858437334299
34.003882257567994
40.96006171797176
30.387918124760578
37.28036224224894
24.47344568910865
25.531597303904324
24.633399383046118
18.752897004712903
11.089652777860408
22.00619060199991
22.93349265702121
4.0367844275629725
21.766709831852257
21.232438156143996
28.977755679192896
29.523947346172125
27.407445009133788
29.057391695871353
28.522297894292485
21.053437818167644
27.137685368615912
17.208720616504216
35.16158586017955
40.86767965431118
33.7793341181843
23.07831425698823
32.45533751404838
39.126654146205766
33.78412837700044
37.19778839910111
28.463312686251932
17.650962474203325
24.105941897768897
29.236004883744947
17.157875543453827
18.52548731240615
11.115451914313216
14.072238215715855
4.1303532067383095
16.871872665628054
21.345708534324615
29.435636498854134
17.628335027310456
43.47804283002158
40.70685801495156
48.86619179116265
41.87425555275876
41.26886206257246
11.43117896630722
42.54325348354208
43.44469593966448
27.999696574909436
29.12150064416885
17.210501997198136
11.371103065517193
45.77439696318856
51.59019481498706
48.66910678078574
47.62540874907704
42.81076660520185
46.500304833023044
55.37922915057026
37.644845643652836
21.149898330596027
42.09656587538203
12.169876428052007
31.574210689655718
10.76029683368446
50.093958122959954
40.343070249393634
53.706370971581116
39.67955392616653
60.73664899015139
66.36820283770426
48.466892447489116
50.124386519449416
34.83860266687918
28.45442348017871
27.530662044129627
30.883050994047203
20.576419767727256
11.29487590672883
35.03826381421988
26.65524452166128
6.906392334831541
22.26026858590298
24.90407462383793
16.180547558080413
36.679182651508185
37.38148796948186
31.952633628074874
25.269998855592387
21.246678376657787
22.421935228272915
22.648436172848758
29.393819831681565
35.917380367059714
26.868601193502784
26.400096688796772
13.684007081897988
27.92695670966109
33.585420228583146
21.88545945100716
13.58803026420635
33.00425464430075
29.097615739730017
24.548088810413198
22.976076318734563
22.450439649102897
14.761026979805994
9.09730358027949
0.9940601197515142
37.17624053101374
23.249461443811214
23.859024514646297
18.123165613671212
6.393307223005605
18.90456139840633
22.532845092836876
23.455370322621434
24.398131877040868
10.557352291521756
26.5210081704912
37.48506965554743
41.19673538762428
30.5783464179648
32.791511226310796
16.54681714883353
25.75585774584174
32.090829746945545
31.29636187215144
33.57140784314516
44.21347487691837
39.936478668846014
34.07577312378386
34.96466138139755
36.88759234420311
33.22125900738288
35.02084640130212
25.426446625359922
11.554240632519337
37.388416854849005
31.617998374612906
27.610257723576446
29.54876781227407
25.39984443801972
24.198526864267436
16.94013999729473
52.75853186354837
42.592931528973914
35.56106458226736
36.96186841243609
28.765397578059336
33.406314949328404
10.27733047183043
39.40131102354809
39.912210847938404
38.27345581880503
36.38168413087962
23.159707149466648
6.855788698796161
35.52777965643298
23.91205778009931
24.818075550253724
11.627431359165662
36.39148678875746
38.603913428360194
34.77778459620197
6.8895138959331454
40.43071001462525
35.7505540797827
37.46968069896138
31.472548621500426
43.99836073131506
57.72167618292667
50.01402678136064
55.56147476118237
46.67155335477671
47.81516237524274
51.91438878621608
61.358414719071426
65.84163274575397
58.07204509912202
56.66611480196387
60.75726649413032
63.4625502275096
59.20976825750976
58.011325277347645
68.11958457479275
50.738968795429805
69.9830089678401
64.85982374620889
74.00967006412662
67.81140053454868
67.7155159350433
64.53539185791213
84.51736574513862
73.17520081363912
83.0224946630656
91.5702754203445
88.49593025468091
100.42700221980421
97.468439208746
95.04813058900945
93.8289924048604
98.25222035609123
98.57337991513158
90.10397313438915
80.1050743852361
92.321267760269
88.92138426894194
83.15801679199616
89.25738979493293
82.6024059255278
86.58083728308785
76.06566887195356
61.81733597204709
90.90470978865498
78.3830242414747
83.40371266878216
87.1452371194995
70.82765862276518
74.20627103275322
58.38862277315301
77.86047419018317
64.27426935550942
81.39480530055036
80.61846806921587
76.93215405288801
89.61955356088717
88.14145271356583
80.5551876674486
67.53182009439253
81.10447655389342
85.335779576526
91.05359868953622
78.37743171988419
75.87263870331152
92.50530135033345
92.16510961775286
102.66627205066425
96.10362649707287
83.34960252354924
79.01758405414203
79.67488747394732
74.55625149594276
75.15189054373643
66.66074289326252
74.65691179654846
73.48214274947844
84.25762282633397
68.44899037477104
61.201236446090476
62.86810974185879
59.73525629821686
56.790645669959815
59.95301823229094
42.28955125107958
30.128088652126163
41.601245444663796
35.3297402941603
46.66456812067615
57.4016368538971
53.76039904795929
50.31528316530494
56.262943455041786
48.31518154278426
39.92646344724935
47.584991104111666
45.387187704408475
52.88121355676807
42.24013016029166
68.75030250420492
75.15584029118072
68.66904079275714
65.53456578429335
65.71753091818786
61.67513718109271
51.918251896807206
54.37596413604077
51.744283648794294
69.33856104395109
64.1627620435997
62.98543299758495
51.722728431347065
68.03201198010584
69.71466950028615
64.89916355917907
51.031988073702145
69.75357807655809
60.81281508169914
58.936031886482596
56.04952508198556
78.29983101517126
64.3188015516338
71.24031092313245
77.7384843535243
68.49972923594777
65.98649864913156
49.18350666028518
43.991097044278575
47.174130435846436
36.6238219223956
30.52426197436501
31.76199624733139
24.46595663294892
39.005098129654904
34.67115678804183
31.235129436662568
10.263384502302337
25.36062825457808
25.411773575231976
27.922183694277894
34.518391480597835
35.0906706041064
41.42561203967804
41.172714788139615
41.18237573507137
43.77311592660546
31.125523552030224
33.99999210112106
27.082543408268133
32.64928647936317
42.11125086198944
33.191568526129174
36.85100104704714
29.911999827541443
29.754939307374194
41.730205299239415
29.747488811402107
37.42982258024216
45.13871844328861
42.13577458542953
33.46572854650326
38.12158966959116
29.45762358025884
37.8710399403413
37.670630252495336
42.8493665463994
48.51933262608851
53.45224296377497
56.79956512172554
37.91156884265149
38.37720851475954
35.93081684867908
52.04815981407533
44.655128039071634
50.599128492365054
49.283076515425556
41.3232282225039
56.04520518830772
62.205118142207766
56.3212953432299
54.85889524741636
61.553724635392676
63.351828249077855
52.6635821538252
42.783512163767426
45.90247944670346
34.21402589308718
47.24930758253302
42.089222223469484
33.5796881070902
35.79697853012307
31.895780430810774
37.40633446328442
45.22594973879221
38.77278508622761
37.74727353826222
39.240609504509756
46.497479353741035
46.480939330889115
38.54299352013441
28.46574947007377
35.069660494393766
35.13993400528627
31.81132597642321
32.73812030234093
23.573532963233443
44.56558676557421
29.104293474349102
35.553676999325596
17.97095149125884
20.900923647875224
18.264556764215854
21.648460354916697
23.20797948893128
24.474183326191167
34.373873846393025
36.91917585758423
36.07263477565697
38.09107359172627
53.56139473767732
53.21586312856853
56.20356184897826
52.69776348210084
60.95442206447293
58.0899926408124
54.6365005314753
51.886594464109905
60.93406664436356
60.30992186771639
72.16971913126211
68.78354011049642
79.78234706350473
84.63600077176511
74.1517956314879
88.09357673725837
60.55253753667332
63.849597974813555
63.31698527159563
63.78800016864071
38.070934011875345
57.142515834871425
43.551820544763935
39.629670917836634
35.55237055924454
19.925003801539813
25.72061953454879
24.14134404075657
21.150967826679256
28.50078448574505
33.46432265701341
34.80913111236428
34.982474171191214
47.81965354889083
35.40784030588414
44.22237407337285
53.074264702371295
41.686978675951735
34.39435561759208
35.05929650597454
26.809532568020682
20.778168838306378
23.834789100457392
23.20427918823494
21.14185102100211
20.484045153599318
6.724474764984416
24.566060523652688
17.45768042450446
22.350911375778473
23.871428856984316
18.613909946309462
17.070303168172117
6.912457314801684
13.790846241862694
8.692651073582052
16.491722962101033
22.206199852812905
8.677101350153308
21.096279462420572
34.1005372582179
22.99825209280879
24.672387657425027
7.373548560497522
21.78974425491737
28.343536190840716
29.370400237042897
24.943016576049843
29.99444250997146
32.958574964156426
29.858642426067405
33.97071759079801
36.78691807680482
30.42735502826225
39.93878994216754
37.088234574196306
44.435864085544
33.656368521017015
26.14834194551247
22.659932917546598
32.73719330920713
31.183389031876736
27.555784691281367
22.229573024352092
31.602940880719494
26.82121416158251
35.51907643811309
30.855096006135028
27.194447338714635
38.08130210700707
44.55177169087511
40.72047536677861
45.13719361956218
35.6074012105087
29.85619428359184
20.1114996738427
20.531390127496323
23.300057555220345
15.384979926945775
16.91225293002351
13.259892347446499
18.850838678937134
16.754225039782945
22.97873002683269
18.594734137967897
23.01904450569695
17.615130742460845
10.060377455894569
15.566162390959128
24.464375907267275
31.979620956413125
23.35536621653724
33.04270450926944
27.525713729423437
38.62195248803464
42.724401862684005
50.08174751997928
38.83326840434856
53.9827440825967
36.8425056690277
44.85748412978533
29.497444455768488
5.901495180590349
29.973344317312904
31.33624679368291
22.145519285014487
14.360546749900205
41.99799929377548
42.39682672925922
30.652768414561848
29.503637945432
32.403193095411055
25.9909474381588
17.946443172711334
25.140819589403563
25.085656650323997
27.391707659904004
20.12658672125919
23.938734939344513
15.706101002148802
16.73258466345358
20.275526742613707
6.888123383547756
26.867729881469007
26.37468576137258
22.916345394188244
19.32569093249755
19.06711953427295
22.721657213289664
18.133002879519537
24.83778393299354
26.843517968410772
29.027186976927283
36.0705927473686
44.866015371629516
36.51960936167726
35.616023406378226
29.34524769637656
28.101635723111016
34.546723529414635
26.18562140243538
6.760880636223267
20.444695848003835
22.35137020167231
33.01248912104302
28.033447317176243
35.6510484168942
22.13442057336133
18.920027849588628
11.916533506781901
23.990349409258275
20.851530598187104
23.05475766605644
21.47643213141984
22.149019895092565
17.56965764674908
10.766785320491113
17.899325037353734
14.8792147639985
17.893410426440347
32.954698989326424
42.83238759855726
36.76991950283282
35.44601409554677
33.60358866850998
31.08658658319411
28.96026419459375
18.874796269122495
24.903103187805748
33.56620686296476
28.107193534538766
16.73883808426622
34.597901409192275
35.37321416527925
46.3849039788979
49.09724287860029
47.09613857588239
33.47935213465665
35.70353629684224
32.51618620735984
30.745270322340573
30.132505765989624
37.12122733226904
41.048879027039014
40.65762585698258
40.46113039300595
46.797959208699766
60.50748867740887
52.27259310190115
52.354148749093945
31.293665413209155
45.8217624817333
38.74456183879265
25.167071188418813
28.88047242973163
31.450685667839377
43.16375256016532
38.77141557440613
29.618931926614167
20.096156458391413
27.297376610064266
25.063635935310504
19.418521693216718
27.528041132965125
27.277302044508097
10.67204100212305
22.130049116917988
21.264926572337746
29.84458599647793
33.49087574821793
33.15641931173869
32.14465714781224
36.37532365639929
38.36776126275788
37.34965552907818
41.461488702800786
37.62429340447817
47.866455550406386
46.655201727028256
48.85334264033879
58.38556041939101
53.36525745311893
49.51293925187327
47.427921527865855
59.79777100014584
50.1743577095146
56.62915033130773
51.83258034210864
63.72445218012925
46.83800948595618
58.09489024905292
52.00277058761259
53.64219488349152
69.38709580781372
64.14122940647096
59.010093567115604
67.32611141546253
51.10626571012319
48.53004033656492
44.21282021635836
46.11735940489973
54.03013468996725
46.41868451109664
48.335429077002246
59.17927604792194
62.59348716309463
64.62677537623814
78.5342701799314
63.49379943690742
69.58048326390445
65.5873839837416
70.36445119814381
54.51902493142989
49.851488915544735
73.58759575638554
64.01234567380541
52.48589798637612
71.60352542845281
56.65158504456915
60.39177861607165
55.95967623666574
71.76668583600849
72.17068407613789
60.217972795165274
66.55769787484707
63.49506638869009
59.7856525684792
54.84819431214349
58.158937598201355
44.3752355189994
46.92096970724831
56.81010564231219
59.41120124808105
62.81184286491719
63.54468049081888
67.1903916182554
50.586019983673474
68.89461022604128
60.25110262778071
56.70127372067032
58.67111282857828
54.53842360506927
60.65099991838434
48.50434556223247
43.24313559390556
66.18331318415851
62.71913587151428
70.79087705812753
55.99324650372935
52.649107799463295
56.50423942633784
56.79531840204747
62.93903934568046
48.020575461317
55.88586555619615
55.9996405101178
48.30400279044766
49.60752069087327
32.91539456658714
29.61015591566361
43.49599629522847
51.10543640696574
38.277888553470596
68.11388548174419
52.183642455608066
55.80295850609812
46.26494242293796
46.63232574594499
56.84800223573176
45.258419357663044
37.81770224779919
50.8097225455487
54.83094989896103
43.13688973721403
28.36281323175277
20.964830775969478
20.294223835003237
16.417510631203164
10.604495558822306
37.35202440195869
34.28803903006922
37.22577440139519
45.917957714412125
37.06604088553654
35.29976215575229
54.9591566452336
42.158650923533834
47.266440318592124
38.691723125436006
40.47772300377721
43.01580704529202
62.201982649424394
52.805104468793466
53.33342710605932
48.54903018237364
56.239648756898376
65.65194737126623
57.85776177508368
53.09601998522885
36.429742943543644
40.70673409714776
42.84385972472283
46.64318744704795
59.61376538169493
63.64946329829901
63.04321195613055
57.17254788532128
58.73379440590992
68.71735168374853
61.64633506011568
61.141867134325544
71.7049087163364
64.27570576042277
62.56878753256071
64.96745965833459
61.28339248195283
66.57479220787717
57.880486225661144
50.212667019460525
41.74055206207091
53.245585888494
51.74658757598459
49.081398464492594
50.028622943529555
59.11939982995392
71.92896516154438
61.295485028616525
64.13630862580631
52.23916477632713
67.71114753205107
59.767482318317185
54.85319008134815
47.216615070514884
47.77649233958667
42.31447670268026
43.36930195427041
38.13434281223862
44.73491998223387
43.56590099002835
50.207768973326445
45.4677446059898
41.85760674227986
39.031493225479736
46.523282362665014
40.67937640967879
39.707029544530755
31.976714585161155
35.97165946131565
38.55195158485116
33.20937887091503
33.29473554410605
24.661394289384614
10.849013224738147
21.335221823390548
22.260800849264122
27.619217748576077
33.90542571575539
38.9129211334736
32.28208471706628
29.736514541200194
36.102852655929446
41.70782531222799
49.94680499676551
27.37922232700273
41.0415350287644
32.929903294725754
28.348758387588106
36.661981452880624
33.55340576874919
33.18879181142243
30.219196174456265
28.94797238320776
30.113720292956177
26.449617925852582
39.68902117320145
38.828146591874855
30.709478891103803
39.74612140131654
44.171861684637214
35.05019197854673
51.25977784769618
58.82319434785822
54.72113124351958
50.612758294303724
44.9789703893384
52.17686758910805
59.17129776746769
52.784710871001366
60.01703133754018
56.85785493456228
62.73154413343214
56.43317173776158
56.15184724525943
58.84315598374543
50.30374375812577
48.18385942320522
56.161606372767686
61.88612574758571
58.61627280991338
50.58127772071016
54.157849036129505
53.927443973677505
43.51254553599747
63.537314835392685
58.465817667520895
66.92549047131882
65.90886662392562
48.80700998459774
42.23980837208785
37.08946624102022
36.400759459524245
49.34642801834429
44.359524295529326
52.12428196402068
67.60262618835037
87.3727325628322
68.56533316822295
67.45074651646976
64.51666605035409
60.195741763949925
56.87392337230028
52.12840713546422
52.67072753402686
55.620454990528685
49.52959925062853
56.9096182280409
62.09618143204586
75.49963564301795
72.5979347848938
81.9908750545442
83.36122857421994
81.85327258405299
65.28124029047821
61.18106846087418
61.54416469372078
57.75410136831466
66.88008437592462
74.67412719945806
69.35406382540813
65.18599316839597
65.10121764413472
55.778016979078444
48.13759008738415
34.48866419194494
35.38728589110024
29.029886260472242
35.51520993750086
27.20334789088314
49.772189883916674
54.17765850167225
58.570429462332655
59.39062487710337
78.05988882591151
75.4795616592493
67.95049857905502
79.45369917899421
69.90188388633034
69.12513550579669
90.82612807400852
75.44738691272069
82.6389742330674
86.32428504893834
79.77247476202407
84.15891695092525
96.97076662859452
90.33458284306612
93.06554797028903
105.23879845815843
90.7129002859449
76.42994717896363
93.94169017402936
100.8251160554932
101.83393753746866
77.73714605067948
63.784904844872464
71.36472964266518
78.56270751332607
65.43496579121562
76.63331525034137
73.79742494159798
72.95708887413281
72.75435317625939
79.75204332663434
83.86052357066184
82.50094041009234
76.96234621921222
83.52509785680627
84.84352925212183
78.44973840791849
75.28597879605395
68.24074104969428
75.81874506847292
66.24042644303893
75.23337089616966
85.30055233459724
83.56587662129445
82.65381676189007
84.8107815575778
84.34122338352603
78.36962128787748
66.22678116574512
79.5886222620867
80.5244615242792
67.58540970267404
81.92936151263314
91.06726272946418
106.09221634016744
90.76441213772173
93.05793233281275
93.63614844258144
84.94168111381974
81.74803663138032
84.96422087708548
103.7835914684627
94.95278820814545
87.10153587949088
96.47639318771564
89.40438581228574
102.62740821596061
93.8498884974685
96.19009671993136
85.50881543294139
80.81689220442921
90.06023084894268
83.21822319872804
86.65682077249139
98.8189642596528
96.17692214398623
92.45481668783924
80.26130869797248
82.10180975097155
87.74259729155688
85.46767861540773
99.9642554414777
108.59938026283933
91.14553367255868
90.40030524831806
91.67074594551714
93.5411122185142
103.45187981423561
100.12483901888147
96.46812390813916
85.23992723741489
93.94712628975633
90.51931827769056
82.01244600669953
65.8604238116674
73.43971246356107
66.65354926935784
47.754327897692775
59.201038280331005
79.6837536771946
83.55290938282023
72.62385712130212
66.62188119861771
84.57201163047029
74.70009692404273
81.25256692903153
88.67235024291503
74.82445030775078
75.67681457887718
73.15951892975585
60.805741377215
72.0255547873816
64.15738913165643
71.44346335053928
72.93642487796053
62.38297099229379
67.97878937079498
69.07977325147766
61.9977961412595
78.36027188934209
61.51546748594252
54.24330285352424
63.464251328376264
55.03528055445937
56.78881832178493
65.55346536856858
67.52104232259232
69.00950569152056
66.72869565336826
67.21130267938511
60.016490189133705
64.6689589604776
79.38401699996903
69.54671234234713
72.70251229360996
73.2262228017906
74.79882842343537
73.09156229104353
55.72297988310114
66.13942371832222
70.0493267095301
65.65426155420384
65.10075559434607
59.73433862019755
81.11620484385682
69.05940162599467
78.23589642834564
75.06978368011357
69.33133209641905
69.80027280264301
56.82255259418073
59.09278911221344
48.38431228704243
42.07407466295475
55.50238195122826
45.79244306792218
44.13271730576625
30.44480853003499
43.36671719077012
41.67889338940973
58.73451963816736
50.02081412563796
46.26949551585779
47.99805858074973
61.55586149524865
52.35590565049054
62.65369499603274
62.949089533014096
70.8651556563187
77.81820546328184
62.15442581379523
76.77571752947154
72.99964774370505
84.54237855030756
79.6046950253635
69.36446197146253
67.19471046522945
65.76043057867585
67.03011304765536
71.41215007104144
57.736588628925766
58.801899647213574
60.83661826059707
68.36956702831681
71.94754356809753
63.817614722624405
57.317027895066175
67.46649382949951
63.45992529129457
74.63959491833808
82.68412383107771
75.47841048909835
79.50549055409333
76.15985528670222
63.19338526821724
53.86046063232908
63.170140452630896
60.758988233388436
73.02245899477964
68.2606223342995
82.16601852727335
78.61068088940186
79.00819247701362
73.13456631189207
72.30730180552678
90.23359569029519
67.29057689219702
68.71189264851924
73.18960590123874
65.04305570009481
42.27430662410089
73.94880170766088
78.6371442652281
68.22658456609919
70.33929712740442
72.31264341421512
71.83962085052022
72.20965415307123
82.53921372688873
74.51958516507511
84.45447977038174
80.07577327495066
76.5207417297982
84.19332735024783
82.12217671583262
90.08652856969263
79.32309034922073
89.8346319016495
84.79772135189728
80.59886667689719
78.07782221481058
78.78642030450233
63.43342180267042
74.13316203277688
74.77199726213323
69.83325506148049
72.01043259924595
77.2662437466055
73.18585513605488
71.09241531727783
67.10235723491796
66.52330660137562
69.51012447555846
51.26157860592587
58.08508230829341
60.26672007216683
64.73088485744135
58.93851273247675
70.05321894612324
61.65572471412176
77.75424908675903
70.4948989504358
76.86746347618849
68.99838029426712
63.429211706761784
70.33229567217911
60.10435115286171
66.88608308517243
67.92432919391517
78.25238462106981
68.86579734503138
74.78578338757814
60.32209940085964
65.35865777521819
63.449790381597225
60.0960482620037
45.77360816436472
75.81697718993142
74.76967818926913
47.0546301329558
48.32829711589773
61.133040731570006
52.2815511984083
59.2303387164865
57.424738724572464
72.19636557029756
80.53752708969854
64.1922790738411
68.84946031540287
51.138553112028475
64.91056290070958
46.293276864521964
53.752884941122296
48.099982667097514
44.4896782106646
40.261530159409304
24.883291573236228
18.553642700016958
45.56337860766611
53.05629186131562
41.94094347289208
61.26454689169052
73.4236929415999
66.81475418212493
78.72687195878045
86.22979975319531
78.17905220801414
78.15685171369816
90.47008268497153
82.5439890526016
72.0550638172093
73.36236148615761
81.6472511705588
66.2972835360542
61.512587350970456
62.90953467257933
62.26065879009452
66.7152915262485
69.34130781982383
65.08818515083368
58.149311098102075
57.15163709391328
62.63890969328297
69.8643691956179
55.0751409426772
69.48682702325179
53.04702073938967
60.61406416084511
53.2978388712072
52.08249228519873
66.4568040226709
71.07684570130144
69.65437688402015
57.91715186768309
82.83458660395901
82.41007236832837
88.17578083995424
75.97837650455334
67.00234967157337
60.3651023349853
60.52420211198653
52.28893306793848
54.011701008564245
57.03162243609215
62.175018111544716
66.34994871887518
65.64787132352355
80.66621626235137
80.92617864401798
81.96677096948982
60.02641917724332
64.66987362092073
55.17037941622618
45.78111253929642
38.99855851847229
50.07928961251926
53.35935265198339
37.023740770664226
30.8792122347782
29.581018885270975
21.47239851238389
17.96874893875999
6.9056434104267534
31.162269474631664
14.60644761075158
32.701043123513564
18.587212272740196
11.20957379329448
36.109832539725474
33.3754272092737
30.4707024025504
19.52600115941906
12.376998287218804
27.712353672836322
26.5160620712495
26.009532771210914
10.433641122620948
43.770289634215295
34.796657244266086
41.032293480453966
32.422081555114595
34.56724434581764
29.097076018330586
27.265727158085436
28.61283463722151
40.55847354256802
34.40549299501567
25.65846528170833
34.12438056539415
36.27868381854217
44.999808939533125
28.246303742262846
39.06679719109603
34.83501788074927
45.30978584578797
40.30804845671785
53.23618689158539
57.32622845534355
66.67773833216388
70.76862109853805
69.66336981889346
69.0521365027535
84.30186714802365
72.50800844953125
70.76447755893234
65.31120845712964
71.04462043047972
61.47997035745445
68.19660906019016
69.9858020456722
80.80142611467545
63.79910265984886
65.62729653457127
55.32103521913475
49.590605217481006
61.10631689491287
67.00557565130993
48.66180872213201
44.951596375198974
50.50722190063727
45.52986275139988
37.31382690264303
45.108291136667695
53.14808719868154
55.45784032442572
59.225462850529546
70.20607820990186
56.118059966923795
50.99872251956717
43.554367631667134
54.76828539227527
34.279973880281815
57.89735901805747
49.60620484990479
60.283481231968686
53.73720073151568
70.16332215179914
59.19547774760944
60.75914871815826
59.682454294888224
55.46117720092826
65.24242659367297
70.74713517338678
59.7642417279733
85.74105924304484
72.49246524266565
67.73330099690085
66.00216053462512
79.3305567863685
84.26575041674195
88.7471699693285
76.52925440790298
65.13329307724953
67.30900033470849
63.018591523053885
62.97177029937082
66.03396705866439
69.80572287851895
64.40076301970167
69.85265771594055
58.51399928526708
57.53209137689814
70.5311648460742
64.50045260014765
62.70931078807168
78.12762474237607
72.57963250548953
82.76754077381297
69.66581538721081
53.54686244507869
61.1077981543448
41.2616968264677
36.92049304397222
54.36567472291324
77.51848449670295
85.4190275113372
89.80928936224285
84.35498779655308
98.36436468623128
83.44171686375493
86.50162180214905
73.14258093395307
86.29384884875829
84.42001657663346
89.2150198238471
64.47621210596691
85.95911927052748
86.84471474724376
89.90796236023397
78.31378444576173
79.83736979097604
70.19858358454857
70.53628503197378
82.79127813608966
86.8349128105914
92.75962296236159
90.30554741291745
87.44364651841236
90.72734384302328
75.04098408670238
80.34969118341915
84.70992767002288
69.83150782909141
75.21178721207205
75.07104402739824
79.87031296633648
70.91959297065979
78.28806312592691
75.8681964552626
71.64589624567955
68.22982533819851
57.850914323293594
66.40027958123237
76.30430996516749
69.96079944500623
80.9356693994958
94.7444635721061
104.30637713295353
92.01491296388524
83.98825176075584
91.4837557922205
82.59739497112982
105.43499214039373
95.59802080069049
96.63045731582525
95.42720626773587
89.97124201255146
101.71632456339651
107.55724890898759
105.39586071255164
92.61273272688842
88.29521483186691
104.18928196936965
87.3548793262386
76.81619576359921
85.41921460234386
85.06181347055579
79.79759597244657
67.73735437662381
75.3338057755384
80.49862150277706
84.12736588867362
87.3396148084776
79.0556882455151
90.0299462434143
76.37280888661094
101.69189451739359
99.63785353307559
89.88262823848443
91.6348407082827
88.97969753918156
77.02963480096325
95.44217025575313
95.39083065997426
92.683494885444
86.121040823731
87.50361654751947
85.64835888008355
82.78295411793906
76.42889943673521
78.38662350832959
94.31742189319071
94.94461960418948
75.17716971138677
77.09745920744543
74.79154727599628
82.45460054588604
83.52377457405493
88.67713518509018
84.71667904634533
75.57627076725406
91.39956461368719
92.64470217961379
97.54899364872585
89.04485639213884
86.67632647362956
93.76458528877788
90.00888164992735
96.6804496952946
83.8465923851531
91.60466837317996
90.26852399704092
85.21692720426512
88.8111665158583
88.57719377520469
97.32830734109201
98.44991110766807
97.49395663880064
88.8881911603478
88.32818855267934
74.42654958433386
83.8721919932153
81.68894005095251
85.0729324291256
94.1380865949949
84.3090480850797
95.76441298945267
84.80602599876536
78.18122057842173
79.33437432524333
80.29560436289742
82.19464926988633
74.20170300603299
85.62096374519052
66.72501123381532
78.48825131828276
82.53781852805508
69.94154069169018
57.84631367031446
75.35989301401591
66.27035021600516
61.44993588225425
62.63561226310486
75.58580819543245
76.75523563756589
75.20277535209175
74.30334247597929
75.6653148748929
72.66553582797728
74.54937005342376
78.67560171896271
83.54143187233012
75.33063646792276
73.77267699447764
89.20175556901832
78.85157885892436
74.26983960019086
88.59945170548592
87.7868642730372
95.09069686810446
93.68378405327687
80.55412846768266
88.40759361264017
94.3842531218485
93.84877493617948
97.69479271640914
83.18334889114413
80.84741469333157
79.64826436052752
88.09471510614284
77.95933826095887
83.23527159279331
89.49855972236914
80.1249420337376
73.69751894067446
69.80212774769089
61.616963407067175
60.92065048522157
61.08225404155267
74.35079378974925
62.27389586017368
58.38280316283962
74.30415212855429
61.49642603378612
52.7859939703469
48.823490954541434
61.353953588296754
63.841153974727426
48.7845812790021
48.64915626709608
38.296882971458786
43.84959940448098
44.94783138679537
44.35384796281187
52.44447355655835
55.0100274345249
56.84403560272037
61.88846473683229
67.48355580651842
57.993328491648796
68.45714050293365
60.41420956767744
56.940768105205535
60.90682978860523
82.22948501562945
78.46309580583295
81.84267980927827
85.00027913345264
82.97415558754125
73.07933152608213
76.15628191331717
92.10305994876182
89.14435593334876
84.44327786995632
85.57110418556252
84.18306605414259
67.01640122615309
70.20161566060547
61.43599107777078
71.65830752791429
69.10336343843969
68.72818742949296
68.69587581708166
72.8196499936742
73.85227183435585
61.332376409809775
61.36760624527601
60.935166849042545
52.210207873800094
64.96259748550743
61.49882955862874
63.288625376453496
48.65426659708953
55.94690697182317
52.65734661449505
54.140819202613564
56.65261950409317
50.30207107671336
49.38652907405454
36.698087257220465
48.78652768557145
35.854450927650056
51.12359207261266
31.6519358493771
32.646898837884734
35.56757337315437
41.99309874016484
29.586072595486904
34.42704432666833
28.94037059713909
29.04445737697563
16.48065768298417
31.745355560616368
35.808539538080694
45.987232537364434
37.76682076988054
35.98646918886383
34.570495246497906
27.454937734300138
29.70907947073383
24.27395035351146
18.536277050965566
32.302509062939485
43.47301981551799
43.56787582826252
52.60828766104015
49.357065705989115
58.05121186757517
46.827567590644904
43.548187119462746
52.46294993724544
54.4343203093342
55.6779075339227
58.16500651362607
56.02944099268942
51.691975649235786
55.287014714727334
56.56455034254917
62.25271269246028
74.77254215984748
74.77679423586308
75.94201413293449
69.92511706934053
71.97420931597384
71.216279135786
61.71913015058227
78.12630588598635
69.16564705818031
71.55055444656635
73.69392837586514
71.57390167508393
78.54611891292534
77.7408644706828
62.15216054492847
68.11165301377052
60.496807378853816
50.51194268740079
49.21652858372992
66.2110647991932
68.87405428322009
55.09945177732989
54.2335043546779
49.7317255066321
59.15915324344361
64.26869500818795
51.04872395139259
55.63352524527594
62.59095526693485
55.77176948810488
59.1950028400331
58.222124239501504
56.67867957764771
62.638006724505104
60.83631992772015
63.185399789568585
54.46597743156243
57.40246914215302
58.98948105015695
48.672838365449394
38.14939678708586
49.89616395903137
32.92752145749762
42.98482275338104
35.56807232196302
33.11877466125427
49.66773584712308
46.483677871091736
40.28576714641202
33.28766908182385
36.73500260814472
38.47890447605382
34.02146182299042
30.260960176660042
33.30797311956097
24.653125625733313
33.817574661977034
30.3742882270039
38.775091758794005
41.656717319668026
41.70414445589818
35.85433464061258
27.029720764558846
25.963496384310115
40.36001590715873
52.808683221945635
57.80356938413207
62.336575849839335
57.75365521615121
47.82682250833855
54.139910502937106
53.977147529053575
59.17464314407874
51.74601476570222
71.86856753443989
61.72048383725742
57.98193964324938
50.409208926051605
61.57631624893151
52.19475312956631
53.154187719333194
50.26267416246091
49.49338414737708
55.64029393235788
62.60555511166801
57.76351046493336
58.984199077564234
62.17666032681746
58.53418020658266
49.53886313061905
59.33202434316025
62.93176641601299
48.60877745654405
56.2241333753274
57.696734646417
59.34448468348089
49.7529780793632
65.32528759517237
57.74857203609811
64.04156693864488
58.24824813019698
54.96188056627714
48.98973006501247
43.026452853851225
41.91732751944747
31.20909578323862
41.96909625151271
19.763124520970905
33.09611558559628
32.49123909514155
49.40362068534462
43.3337875908578
36.93302567436132
52.187715058268495
50.69606561556645
58.53002188482003
46.94526222205288
54.647886606383146
50.36335497475165
46.259463818199634
39.404430360765055
32.07636197391662
39.882796293127015
28.69768173433451
46.79008911032866
41.82356750043391
45.383250296553484
56.30262228311005
53.06412875242053
46.969939517321606
55.9710512656016
48.73866195033959
61.90516249676649
42.413294179676285
43.01041391296236
36.70595791150787
27.120909219332148
25.702777573385955
23.295810686598
20.21696634121312
17.16734520458255
28.7637194356845
13.037045906353775
35.8931984600209
29.91239758264423
36.039287625386976
37.155053831384585
25.26849120587172
39.31346220635879
33.472431112567904
32.08170437252529
26.923626873262034
36.768999317170646
25.07756372055137
25.549614237966182
17.24777865656755
27.309379017287252
16.477172890148776
9.88100118589412
15.343869485159189
19.525767613204735
46.01885382610688
31.969663857176112
42.23027717373674
29.350028328028177
7.06527416247136
28.47157986027936
39.54403975431986
18.744338409705968
22.144783444957632
15.696435213131721
16.716681441741464
6.385452249767576
19.473557712639114
15.183271628732015
15.95591421752502
6.729226432920871
16.120681551033922
6.455909346711103
18.792452755762113
12.960201270172856
14.77906034748658
32.25039943216027
35.393165228930044
31.11862673453577
36.259500144695146
35.442337113665324
40.52782441945684
39.798428605181684
32.613575731203
46.31745090495293
37.983187264726475
39.340279407091515
37.936304439349385
41.74960776388639
27.47078906902718
12.074323610087934
44.827679533526975
46.701275764649125
47.52341165027154
36.48401240213037
39.353637295918666
35.25540538502473
41.268385613179845
22.900587969070802
18.592432351519484
41.9220019971157
42.23501991803153
54.21763016410295
46.80905251554285
53.02408938802934
43.506331943777326
64.24101389697086
57.66672423648779
58.48265713902422
42.25748402864873
47.45180688648113
54.0654661577058
41.41154738413847
33.25235440408216
34.52031912225985
46.290444099883686
41.18097438139058
40.33499198533946
51.11982524803222
41.02366032838498
45.86903753196012
49.22992110842576
38.85617741138672
40.64012187924599
42.15053617978336
48.03530817118075
49.66577976097291
51.81366699356599
51.654034878609394
63.03077781837022
53.78338160560546
56.24518752305463
67.71705099965872
67.12215303447734
74.16192455678475
78.3805537083553
64.94363550087417
64.22480485834606
91.48829085824255
84.25493791355733
89.21320056086387
70.40094172609358
75.31265047549468
95.76898750847951
90.23949988736967
79.56703215360871
89.651926066554
98.67507614459227
78.79662633577601
94.7579875413469
89.34283718963093
102.62857556579398
95.18667821535122
83.26941296598548
72.98212898798606
75.40594899732505
82.03481017785981
78.68467574520825
92.54529990427645
88.54295238038426
80.09290096480076
61.72982966124387
68.72454390596317
76.39343192743428
71.70294367815896
92.65453170401024
82.46401963416422
72.19724933866361
73.93042870495667
100.47343574039274
100.99705220315789
97.54767677079775
97.9162480712198
89.5583762662556
90.58911999796165
82.15279138892966
79.90498075429574
81.78964641280358
83.69857425567314
91.79393430685454
98.8341609029373
99.68300708615047
103.83444206520423
95.9954435318764
92.0500752069481
89.00041260943323
88.1555586029015
89.19511241656815
81.25011828149658
78.29040754003663
81.0124017990325
96.76417667180797
92.52726922942855
88.49725263402877
81.49449661333331
87.11242178135076
85.72601588920459
96.17481215158658
85.77223610465177
73.39650702776729
72.69923111784813
85.69200375103603
83.68700830883556
74.14257475689313
89.76935843559698
69.5305718691163
77.05174108701134
73.32569481433619
84.41556127374717
79.95466579601378
93.87647879990901
73.73707412906485
98.11270009748279
91.96840452538063
94.44407084177239
96.66827296738856
86.01810854744915
91.21349009325574
94.17316934244388
96.65347935025981
105.4133544990143
92.49465270929495
95.89982428164274
109.03350266823928
89.85164196977871
91.93945663073491
83.30081455577039
81.59388785474933
76.5556814928525
85.01418406787307
78.6288001537448
82.07268317328912
72.22833728240767
72.34326412034103
61.82673464892734
80.37963417918353
67.22556551537258
69.42912536369096
78.87443864801222
80.8528741716246
93.57276351955383
74.44494279863854
57.68927472132669
75.9291713668493
72.10144253655915
75.3490034932798
73.25434749736884
65.13266758154248
68.65568735635186
67.85489792087212
69.3461008887478
73.10036227012914
79.84655615658936
75.7461395854977
64.95422253619861
60.62440280143921
73.01285456770627
80.06382171928685
71.52796883697765
64.28689998511526
75.34047347806066
64.98292793702934
63.508568978573315
61.0636451308248
56.93358461730821
78.3110059143096
70.43227587866507
48.09561826836186
55.88441715790986
50.01364363648404
54.161290699395614
47.12536747340948
59.27180518460041
53.71975702129591
58.105375279739924
39.53370513968523
41.28015664532067
43.92001125859496
35.67171725039794
42.38725849456702
24.164781947982775
45.399019479926665
43.97977955331275
36.640811954822354
45.66504455073685
39.84663625287163
58.322438549605955
48.695789732409054
40.509032871742576
48.256468298025354
43.054742509300375
53.27445702514361
25.553566149174443
38.39051068998525
48.69342083492719
36.14711074972289
38.2723558815094
37.87271417046516
29.89684632460986
25.435565674415034
30.659466471511013
29.016095840166304
29.332108961038355
28.804034074917375
36.18837852692248
35.00801931488242
35.20573072546435
28.742088195020518
13.5437355912647
37.32193391165836
16.508546459017982
33.29574882342294
41.336140191235245
40.5663031919177
32.1473675068431
31.65928355579965
36.650806374893435
38.83276916134366
21.485938607144526
11.884042111605464
28.61488385156416
31.797422367140086
19.605285925795467
32.98230511380394
32.975473878328124
11.331916653948829
42.25564690093246
23.15758547754084
19.94910077831162
28.8563465374719
33.091645833678584
27.164986304980008
33.36629826137593
27.429723354086867
25.70064914836165
26.322737398941484
5.907660383748703
35.43371389703846
33.31533721447024
38.776369391880515
47.95443650364051
41.520920961653424
33.73286389240603
46.64783201953801
36.96730505562284
32.42406258749585
37.445678241531645
25.750030618852474
31.54281797731318
25.73066447391701
27.55087058209464
25.21344239892922
29.992729689349066
30.259118749753092
36.436358014366114
23.712913263980106
27.690792542517933
23.33219641590216
18.482595232746245
21.066593700400166
32.90429562899018
28.571708302071844
16.74884036198009
11.17919747357534
30.049381109620814
11.62912249739419
23.26470324491493
15.39241730255422
32.93903859728205
30.375429205308393
28.88465027311017
25.791887115236804
39.37404521417208
38.6713718592456
33.435309529442506
29.85534312154151
29.262716443555323
42.975600773263444
36.08135909143097
28.40426765740244
10.97712261064904
48.62502942081017
42.73282401237999
12.102813090637525
69.81297724908563
58.93841078151771
48.824117380439084
36.8003537323214
44.050712249761
49.22487124863165
61.50913242200077
54.0793074515228
56.27033089084965
46.56416277075255
41.82294128063339
55.42889878058353
46.34120246289023
45.269467675378564
32.586482683228894
32.94239540478402
21.135509036717902
13.011504926930872
29.52277110380875
35.31118986289846
30.090885932140207
31.434937277816093
52.66641561346103
50.08573777301131
30.569614115205823
28.555172289380067
17.490994099793827
47.83713035425678
56.64414873597999
53.66789559486338
53.01962643757499
33.50798036684039
42.00645106045416
29.855410764278663
49.431179828950576
44.4277309863026
44.08485691560597
40.68479077913349
41.57244034706729
26.800481519216117
31.73824739065671
27.010099322806354
27.27417504345688
18.68344875081328
11.101882393128875
30.096513716994792
22.307863696443693
28.985849396276453
25.578031890023983
11.15684257379207
25.249997341585996
20.6992736510968
12.161022078321508
23.476470918654915
38.02505583681226
36.167976008414215
36.92732108021208
42.47961247848321
32.03843669998944
37.367150880290296
39.088739229729676
37.141311214632786
30.583144197489265
40.66718447259652
35.771421723152486
44.847466248503686
38.25341119561723
42.41208968125163
31.09209784908291
33.504348329017475
25.208613211452903
30.95744716540454
28.468690061235574
33.330576046148934
28.90849717112586
31.271280863927387
28.273793028690868
35.19395029454595
24.365844817954937
31.972735509342932
30.746423827151315
35.98125950919608
43.38830531576387
40.60994830905234
37.06112848866157
26.607011842787372
24.725787315818422
19.821372663234833
25.25037151879037
36.321194933735946
40.324789035990435
35.23707016578736
36.99459098938238
46.55482531185726
39.09540885521476
38.32384214465322
37.00901884810242
39.87389103318627
46.57768758816387
36.53189123762661
41.71267098405319
30.296437967629004
39.52832694335007
21.45313566436907
17.706828646912715
6.6140132657176185
7.350203861616605
21.82604912548471
18.487710171096403
15.023074610047372
20.693559577803686
14.39747736330475
11.390708944295035
28.53677927948844
20.274508215682125
25.41801350055287
23.8325808018258
28.04834081582075
22.710939591999146
19.321976266746812
11.943872692250618
24.96795140679703
27.994814217140572
23.160420718403387
37.679950931381775
31.732731050659513
30.395609623999924
39.46266870883621
35.10071602547405
43.08789174850709
36.68680290627757
37.93434195924612
26.453203350494416
27.4304020639942
20.204472586897566
24.483857288010267
33.722716910633594
49.56681191632359
41.78508546541752
57.97800541484751
44.469211763910145
48.419621115164816
39.67693691092201
49.04409693061927
44.445826351083646
34.51973729168363
28.5500309092293
33.09035210662735
36.57800048342101
34.68122573198467
39.196298111062866
32.072205091364275
29.130463467767132
23.244400957924775
13.00358172530463
28.147686604227637
36.539874075446185
23.3033446074763
29.39604958765769
44.931066593980866
48.88050919374651
61.33040763556598
64.33361130154839
66.32086610543732
73.41481170841784
71.1641535920608
61.150367535263946
65.07155497242582
70.2407300643669
73.33263770069993
69.22332044359143
64.10071912634214
69.55790646006028
71.36699388299742
66.73229344163983
66.57534590211317
58.09960642185093
63.032385718921915
51.931668846711254
48.91342486214858
47.08997018670486
41.11827423180962
60.112078178247124
61.18905289563516
49.955528793083516
50.60362488958128
43.450834779870966
52.503771551109445
50.447247951705165
51.54191130673526
39.895662928772495
55.83017160896648
57.333629251801725
49.78543228024248
41.02027610385055
41.02770688456291
52.03498108943826
39.09566605490774
53.91517053033149
40.802166337838045
34.300373462357754
37.41555110164716
31.930113081313344
33.757875648008124
48.230638267156515
55.3239673295963
54.26591240602479
49.25233213419365
57.89015095797094
55.513494543120785
50.612926165976916
51.36744467243093
40.99361807174955
46.95753318373379
36.097522990156044
37.55106684021357
31.0934340882024
44.07033723572063
43.4967756403743
37.92424762439038
41.42584062213424
44.81281729492042
39.8275415455983
42.616875443599696
33.123926504982556
24.78708946504231
19.156018040656207
32.316587420725334
20.3070380929463
30.73444209838917
35.268992008995696
34.595864736287
39.26399685183184
44.380587264273316
34.351997334854175
34.98282843692153
41.92351290978583
43.95051995722883
35.762840116919115
23.67253950645904
21.609161798008227
36.03041430366655
25.462816596795726
21.811462610406718
10.962983694077582
30.345014098240227
40.83790438523692
38.76181817120298
36.938532317504986
24.115001225904486
36.81676237288776
29.36430105221024
35.94701046381443
35.339773034674934
33.20283866006239
43.41485054782035
66.07349221346628
64.06200408407351
59.738352672904234
66.89073170940154
62.11237477060399
70.3754766892524
71.43483122931636
58.27397683338274
59.91860939376052
72.49521288127858
71.55962173233046
81.79992342848391
50.82465136966694
47.188738557963305
57.000419895130186
41.61622799819003
51.28743241247834
41.632941753397674
40.1179256857552
39.38911962594483
43.4857493494755
39.16179393122547
48.2930867913031
49.30210656884131
41.11471787621493
43.574520683130494
61.17315193565723
67.92548277038287
53.575975774618456
58.722232181926174
47.244115445139
52.44451381696273
59.85868523437876
63.50774011596473
67.27676093666865
63.71987954860179
58.394757476686216
56.30636472821991
58.24847768876039
44.08979566359508
37.72559357762908
58.85941375268333
56.93567737498573
61.08671127976044
62.12394345786611
74.77589665589359
70.14645107389644
78.20304216924158
74.3478656477137
80.60650756336399
72.50463430185647
83.96697381637182
84.84142216614646
83.4490531386937
86.94604621090284
59.58699166014082
69.2699056759892
67.23884570668064
64.2397884292581
54.2264690940692
57.54025809141866
34.193542546621906
32.83003920984369
25.562249100844355
31.37862668927218
31.02291694933717
21.126330335484525
6.322088755042211
27.695214080750215
17.24976242850559
6.71404691218703
12.910528628078154
28.84988617677244
32.15960829240224
38.224133219447566
28.937349030820567
28.844458173160177
32.43880897890072
39.9391271511989
37.42331798002361
40.65606186009342
35.66002670464559
36.98202226435568
25.385093703170803
38.383219940548116
48.19218762228689
38.70620790877396
57.75635396349022
48.955835124887955
41.76292943946326
49.31295352495746
40.02084310654836
40.29117999358115
37.21760081525795
32.83294393512682
42.82610651598408
51.67799120002488
40.44244216794345
39.82468076530271
38.89783901425693
34.52867145514769
46.32556547772624
34.93092197846522
37.380909902195775
55.32046643613301
63.40374117097669
66.74988917149919
64.33868379008378
68.5261832107314
76.26560891324563
71.04135590896362
86.67718035889897
94.09615581639598
89.69770889049816
80.64634146244924
79.74848932091729
90.05323552218134
91.3820570681587
83.01474531455652
77.53001518005709
78.42020107763089
79.56785910988492
76.74703244209104
68.94448647159888
78.66190715126223
72.94870385881615
85.15871760182308
81.13871246014523
83.76524204709774
66.7620128381053
60.172199254574544
57.53589580207107
53.1515298074
58.94172098725919
77.90870348383461
59.827095970598414
51.904828543157315
64.84792858740694
63.02708157740388
62.92971064324342
53.8820987998951
50.617336025548745
45.52583686117682
38.21526054000169
30.968152820293255
33.47478676873733
26.115468731587555
33.14274028472076
23.464468219786724
15.187860956732173
12.746289049059733
39.06668249930938
42.41577169251967
43.168234059692395
47.50410077417336
50.0648834484632
49.52970757394653
63.053117320827795
62.73004074705
56.83650140305386
53.804169467845085
46.84588464577766
47.03894645482007
40.20013723140308
42.7826391094534
52.58189030199242
51.88252884441932
50.384109859697894
56.6655531643051
55.50113491614854
52.125021820342624
43.204009404985506
31.557940802670373
30.742761119017143
29.149257932399184
29.79776074470931
30.06737776176953
21.508902017865065
10.766128211793294
36.45409301340346
30.992674542154496
11.591742323781812
50.039428035411746
39.03555148924333
47.355278268315296
37.99750926755726
41.29254150786849
43.88349973652515
38.73580847471683
43.304553911911015
36.8431120757302
15.5820300000005
39.73868508068763
44.31757142524681
37.094589045980086
26.755821310055783
27.386388834698337
19.50309240577376
11.701657937149543
20.986896787175226
6.108886680208263
37.942747755627266
26.11789936222229
37.412900712613684
35.77489538823592
38.88307056157552
33.24264373441388
45.67595622026853
45.23680880632883
39.138670252114345
35.306963416379375
41.965695363999416
35.183280219905726
34.1336425758264
42.93319046392719
51.95725932714694
50.798109835594246
42.791065253417436
44.53519568662641
37.155598326542034
33.4971719691066
31.7866146000726
34.04986885186152
43.0257934684413
52.70239715066073
57.7077506120635
56.46323826603619
47.766650665813756
48.72614684871
45.87477224409432
50.44782954027767
45.482113839010886
43.87363522913991
43.070255706997926
52.78809088541616
42.94057387598438
39.61319513628665
35.919357954516
33.161441773354994
11.888162974550564
45.40846939457582
22.156540144306625
10.937304095762666
58.639875320065904
59.51415214472105
49.82015647622639
41.38997178290853
37.96459390721691
48.03308273757885
41.62305908714537
39.822623885773154
34.6737098187143
53.09535474100304
45.65121618796821
41.56608883235898
46.67360561023768
44.71459034058546
44.16136936953939
40.660859583878626
33.37517330842288
17.54743617506709
54.34419697008238
53.42370322640932
57.507029290432605
51.36914684186384
46.54335388310945
42.23595380476117
62.65057873169448
49.88007136991844
52.280424832588075
50.78968488661794
42.96936000930189
28.74883922695977
42.4883118741147
43.03367634117463
49.51056242952769
56.51534497362714
58.290111152559895
42.729661840192286
37.89758920764208
32.51341463037264
39.45825368082416
38.6332337951603
24.980696730767832
10.661406965375969
34.93954772444296
34.74521314431425
21.700963744198887
32.80325976987112
30.859767562783343
32.434578098280255
25.006460522848833
11.240196640117812
25.923657936261236
33.555912111535484
28.500525515365705
29.578181706504395
14.427461351972665
19.49774751404362
11.58715829223906
6.987913793589168
15.438585342558554
19.96164142441979
21.01006383029916
12.361023235590906
32.47434885381711
35.09645109372799
45.833639890369014
47.134747258666984
48.8548836854028
51.79674984254457
38.18528707246864
49.75562892911196
43.91025887667308
40.14098851681332
29.156127436710747
35.01970806719501
26.873636102576445
19.60947310516365
27.568845786168183
26.30578124534015
18.391898317191295
27.800120190921298
6.560676831077013
35.234847502549414
29.146644877890775
27.69922166523014
16.58852936681004
45.789702853191145
47.736068396113296
35.60956553791617
37.10837343230185
52.87345706591328
38.26197420217693
48.60622488682631
65.62796555462276
81.70839054916244
72.11013945358225
82.5957010192879
75.12726619591137
75.26670458667805
79.66056083915583
84.435540917278
77.78341430165433
71.49049726557735
71.41751555764698
71.93358854795672
74.37306839472309
84.35664628506818
82.07636396474999
73.43939118351143
78.29986104511309
92.0558037534305
88.4109999386087
90.25999863186887
73.7832066728394
74.66756111928905
74.82625869072706
65.05014608159281
71.48706169614995
75.54938635783812
68.81170390670945
69.02791765911317
61.43907183157364
73.66539857356615
77.11336565283173
64.0042691477561
72.56903898422912
65.44414055982399
85.27509211901283
71.75204593240069
67.12637076629441
57.903425716811746
69.02367478072398
60.98468676138424
66.85880193416808
65.34700487864853
60.08850173108208
54.30951436235364
50.86624715697496
47.02613546242333
46.845326453928905
41.34650057099281
37.35169255248832
34.35993062745847
36.826512073662634
36.846616385822074
26.18460420929401
14.182904374854871
29.019395260264048
19.232124021329064
23.32142816214683
43.96065322677387
44.486468753448875
28.19806449281634
21.85166136425654
36.66753045346551
33.71595941950724
19.01179823507735
17.96928610546907
6.632719247898754
22.503558178910737
6.378114301510056
30.493803348398195
27.800936053969146
31.44895981827238
27.83703154214429
16.644955052407866
27.660295964068233
18.519552136336777
22.457145653280836
16.052993730155734
13.3654063224522
8.345164610495548
18.367691452822044
26.457595840188638
33.07894749418569
29.33220879700294
23.354399197544183
28.849212872227195
35.701992518421285
36.392278252727095
44.747733297300634
49.156793308519696
60.3408638274479
51.97041651481636
40.64285607466245
49.84627866024512
51.761484905444476
31.51402012028403
40.94251491173127
42.76016813295069
43.799520028958945
39.18165206364486
31.80193033808191
39.00888797275844
38.27317256815706
44.85851259327614
32.02388651218544
30.884389189196597
45.75968455237867
49.35928680444119
45.150527412926685
36.28486577568431
32.44684869079602
38.76490089723808
44.82724329864309
46.30966732709514
47.24890313039762
43.70311374089215
43.606705113009745
60.64164318026032
59.85929293354723
55.08524588110838
60.83489024287796
67.10335642381078
80.35396398150871
85.43622911944941
76.03300922403163
75.77631796031288
83.73423735223031
66.47036918333788
65.22694779486034
56.340956995009115
60.55976716966132
56.45274836649221
35.49388222581331
43.38114684954443
47.368980124417405
48.19336327836834
50.12766034992171
52.07586971290583
70.31740748326735
69.94172369118917
51.735215058320144
52.55914326851852
57.240055358751164
52.2670688085532
49.591670821048346
50.022071533731555
50.99584021151135
50.842798338506334
50.59769133025439
45.18983768375169
52.68499739371611
47.87958450643529
41.18613914988484
37.92516457935094
38.30685203896606
38.32737263934079
40.32060350519689
29.116847050309417
37.35374376962089
36.2674406049106
33.48845565791416
27.285095265092878
25.50533477412105
24.026342252136182
11.965452727559443
27.948664749275125
30.532297957018045
23.04080300671492
27.289330573031624
38.61702703297594
30.071201760807284
37.63890996571955
41.07967611844043
33.01844844245516
35.16218467104632
27.649126662470895
44.440711060133395
37.67349142293348
43.42614492507816
52.53144999852971
49.941847944876784
46.08712615146579
55.34213572086803
61.29645087840777
54.27937174694112
53.48549612041468
63.063768992730964
57.07443384008063
60.83549301607666
65.96038724574483
63.57867250112077
66.77503899106813
61.19540893151821
60.091768378198495
61.95444679975304
76.51861950103476
72.47464321333055
67.67695434821944
73.23612281849118
63.48464064118708
60.30080992973652
56.409544991952856
61.50724012801258
79.09922408071017
72.01726374363632
72.7707323387918
71.90394924748136
78.10941591657193
73.92585745814242
77.25876962120273
83.83980138347808
81.77880349271959
80.8320322943895
88.11104558912925
77.23889608181094
79.80508006993124
86.68477372071501
76.03485733661213
89.39695624076396
77.96886278579633
76.00079401266628
77.58575729833476
96.60333125101704
95.47727243597328
82.34046003643151
77.84314952861376
94.1206808135813
75.57691277246377
73.51529477295479
71.15231711275791
64.56786629173297
70.99747173769458
70.71804319069675
69.48314891091815
94.12076944149898
96.88214644533642
86.63399900182156
94.03459894080727
89.82904718444775
79.44920533303662
81.73758178414325
72.96621836099565
68.60045695494493
80.13770877951094
81.5786334192745
75.9590686940835
63.75260438181164
78.22953251777905
61.15853252646518
77.6287213933039
66.4545310810913
74.96973004350507
71.37404719618429
74.75272760698829
78.64844920322632
69.86001253616192
72.56275323529157
77.90555955003134
73.41166985962464
76.17447431428138
73.72711096761529
60.09616718023499
71.70126725832544
68.25493429770745
65.89753189708131
57.763017308747294
63.65153821219881
63.308418660680445
60.08188582164532
73.67592392637204
61.52490180069089
60.251525197377546
62.68409022552347
55.954450720869986
57.777874386203756
75.31242325875627
66.86626617677634
70.96000442816101
68.14835356813724
63.507865513646124
68.70265604310127
70.61180783804008
53.37738678930172
56.716452644609426
69.492404208964
68.8412301525925
53.0311969612259
59.67451580896628
51.6553289758712
34.35549588835263
42.32708847126748
51.21837390988301
38.87616022020877
37.27212382723919
34.756983399487375
48.30908485996086
46.30650247380881
49.69172928871769
59.63358954174904
58.88846809262089
64.92394322932047
69.40089954271885
61.29888266825254
72.05460604101393
65.30864006984949
66.26502773970024
55.8286109619362
67.50733031181552
62.81246701994961
47.10214741131491
55.56575849566211
61.38519264974306
63.50285920756644
71.94837984441128
69.13291094017926
66.63221338360154
73.02954274532065
63.396561565985664
56.015758587345175
67.33429360087565
63.66110430733986
59.76133005603605
47.63171605028844
57.317745507669656
58.014688515745476
45.62848396701025
43.78206461022886
47.98212371533163
44.204875505517556
38.757974776192356
33.18242238817401
38.0739666005627
27.567845218385763
18.182956681185054
31.209639951301845
26.853509687494867
23.165657502546775
29.728681839509512
9.46167562898301
23.704102790373067
21.26932114780658
28.226423396729675
34.99239864640987
33.52387490273746
38.23381692049091
33.83400660195216
29.032138882271678
42.991860707448794
36.76211196860153
43.87087778467122
50.07353715912935
48.41344726517899
39.83628896759005
45.399607319811395
49.57821139638489
44.09591685014419
53.573448462914655
46.3817502250914
55.055933187482196
53.48031869281859
58.90025670944306
64.42503611563362
65.76118384019219
62.11944050438111
69.43949373130799
65.59444290500126
59.41394515259533
73.65884565865014
76.95834194755629
76.88822768819831
89.48192699301006
75.30093582466137
71.11407643992295
59.951484776770556
81.40254303044073
75.93752414505819
73.85649496640964
52.90748672997851
63.61772324003767
66.1054083721663
70.16420012475518
62.82128198157725
72.17436432906584
64.80423345762924
52.63163913793027
58.953998545921884
65.34859063649287
54.131880554909245
49.435698354130984
65.98256543749115
55.404400880918466
55.963666426716806
51.838845932329214
48.26530319142061
56.51928974977027
56.60098089370825
60.92283660670594
47.728347807436194
47.266752338002796
49.563268823883014
54.41271966252765
47.0891501693011
47.10344676207422
51.373708430473826
56.26487801418598
46.99007906163407
63.784382855990415
56.573628468009446
74.80006802647932
69.35732947412438
64.88045943344758
81.57430506236749
73.1652570613287
85.01042773246178
85.99861795392458
86.39076277816051
84.77423160642144
84.62170617135233
91.45203688290292
82.90723264643415
93.46271300543002
83.82066014693797
93.61871364673823
97.67682715063157
106.29014299324305
106.33513584234743
95.22049057308975
102.09489935788153
99.93318015345804
110.27694556023268
94.73190328343144
93.58386102429655
104.60215104268411
109.49994683255018
98.17421424806011
89.01345531578127
104.11250473052569
101.94976799846145
97.54584039950731
96.19315534340936
96.85558715589502
106.97411603999905
100.89788972049429
101.11887513466979
96.06315631176935
82.78400548372237
115.67457214928851
101.21669090314866
101.46791367415094
109.19004737385951
115.12852195860178
106.00765191982906
111.4284925613153
115.91237412450117
121.97109673431535
120.9786223282361
115.80006417451678
95.99813916974863
109.27226402722268
107.7404965031743
97.1818040562835
98.261484976699
97.49611641019389
83.71641558879472
101.91912684867242
96.23401715323337
94.84180700453079
100.60508491215148
104.47962844495376
95.8842279444634
96.9795645061634
90.62267249995911
106.68163423845499
103.53535724552052
91.2975522656825
71.4772329613447
89.83621831228956
89.9828717245945
99.69548605579928
95.31426940323823
100.36413862136669
91.52199669919392
92.96304140822161
97.33525274765577
89.29477983482592
85.80184618716595
87.42407353004869
92.32311430962238
77.37474518069672
84.70849403491133
101.42668688099667
102.44330498532125
107.49833679388567
108.6822067190638
111.89399479860275
82.89799579882725
80.68265663077929
82.47044630854923
83.3626529085603
97.24728790630547
83.65091971139857
102.17039323019522
91.38018501091484
75.7018686225079
89.41843664266483
95.13759476883574
82.15398246270732
79.56388698030072
90.46882678159753
82.88575077387276
89.5825157299443
77.82824545873906
88.72125051287998
72.82991681789822
78.78471698653235
78.1519101990588
84.16536094644336
90.42538516197587
79.38762379312476
84.43595858520163
80.09817271510825
79.73828617958829
76.82256331600603
85.69627323552335
84.43443516328695
94.28346457284987
88.47495460087141
86.60519037501427
80.36690183107365
95.46447542004341
96.42266755313291
90.71505847535164
87.91033558897321
84.98616971400168
87.38471306324928
92.57463291022164
82.33621459129151
89.72482305927714
93.70774344287375
82.52658377034084
80.70479800352781
97.10076147120783
111.55628707915308
95.03117673287164
95.3244102787139
62.5543992105524
77.8398462021996
96.87452576924547
94.91857357593105
87.06411385114349
82.96005418391174
84.53729002652966
93.36332199636001
85.41415165744844
80.88086702278693
89.63142902995418
97.21975754703658
87.77736640175138
80.21630231799612
76.02694789033825
80.22907871972194
73.31344723743274
68.09080769686582
70.07917276055088
74.77252605075466
73.25652327474424
90.31708540541786
71.84328038360171
102.13366881472638
91.44096125734492
94.06033230559959
88.3347228780185
78.62367925542641
79.61764451810814
76.59536050886042
86.08281715290104
91.07714854113762
102.75266386888808
98.96188440596158
91.27267487312271
91.05112068520708
90.80692721248344
92.63541597195378
93.1985039893351
96.91018317799508
92.88739504746584
91.90011572280176
93.46676834422574
91.07367303638712
79.12131722509206
87.42334064477757
88.40836803148753
95.3799458590822
108.8036701145755
102.80905415077174
106.31990150742988
105.92381058837901
93.47834648327722
93.50865056271984
93.16066580040322
92.58838505556706
97.42974829836271
102.30060488457629
104.15229102917678
98.54682628080973
83.82793794039735
102.44362842009882
101.67666604333337
101.93259106832892
100.31233599315162
103.57737719991006
103.31390589844175
93.41290773264049
95.43647499844212
71.60704081553445
98.06105416940818
102.49976530503504
91.03793814082778
88.63963424274036
88.24749269746702
83.68762158490232
87.81204352177554
91.10087306450394
106.83242918978131
87.77727823921798
89.65939051800187
97.52154751425083
105.0593402617199
99.87957756276866
104.2874827655778
106.34833568690932
85.45133931151256
83.42641037908922
100.75417721782632
82.45000204075156
100.44505269013284
83.26660073958307
106.23740198674432
101.32772165781942
112.2108401130395
115.96230622883422
95.6566925352853
93.4019221553266
106.56132692513297
105.98028342200652
104.38693889338506
111.05461444606254
99.9551257117793
103.00119577452779
94.7025588233492
95.64449186202775
88.45990389751715
90.76498167799758
85.60827148104525
81.38019704669968
87.18231968774718
81.58579993741571
74.37428925296098
84.12052325654915
70.96119022614498
69.04127271746515
68.90603283798482
62.209785213673165
58.918800111442486
63.34733306687356
72.89536859612217
57.44846857158451
93.46331196119922
79.60947812341968
88.06901225352132
68.69817210669878
87.69598335933152
77.32037317346857
75.96035673856072
75.50454903874795
66.38817290571833
66.402270184742
71.4180176910969
69.04621879573217
65.91663040451753
65.6545937827789
78.00643894556188
78.71130544317529
78.32808941931953
70.66100398973029
67.30464732226535
72.07061995036831
74.68651736828787
75.5275199003772
74.16534635433123
76.23123662910403
69.03173569729833
45.7266941466879
74.20502614065812
63.24273809573991
70.25062768424384
64.63133664227315
72.35890923479579
67.64524582299865
70.00206999692665
67.95038227129207
70.71879993631873
65.31179086307822
71.76000501352509
59.22244813074658
77.67857716107454
63.79042250568652
65.67769315467885
70.68012047626726
53.51790584598205
60.989233722598264
74.48113164896864
76.31907055242752
66.08089715424903
70.71013546391671
70.11932837572631
80.9607931571247
86.592266563345
75.51356885992091
84.68303313576021
66.52988164740823
84.99028845398921
83.93837462689926
84.97917770814678
93.79825053528526
97.62742489670984
92.73631500017181
86.01616653814037
94.31907837500259
81.3569546294723
92.9888141738855
91.58092568406846
101.35919085676717
96.05441056387065
83.08168816275314
89.55263950217149
83.72414124728535
75.50708631220567
77.01733810566803
77.04448353881797
78.70413277324967
80.40446064745534
95.71489993307138
87.0856073237527
79.88792409733678
83.52164352708637
64.44231196799589
78.31872382878257
92.9005037879746
72.25449341115117
76.04419908523803
75.51772075091915
78.06040311706931
85.44474050679857
73.90253368807298
57.87428551547677
70.89690490059697
60.277619953403395
51.46329996617493
81.75682676209088
76.18818516285204
75.1705264923171
68.69353912236474
84.60484312975792
82.25365723971328
80.46757559529448
80.23661329936769
73.24685546372737
81.86798528119861
87.44925441023078
78.92118411828528
86.37912894485814
99.89634191480104
88.74567468890156
83.1748139124949
87.86511833699245
81.53714056654535
87.52696250573331
83.87746938728462
92.613511963057
83.36201403840991
74.16032292164752
85.39398562116516
79.28001262058989
77.57597450534932
80.88296125630286
72.31497646339395
87.9837857402222
73.71558963111329
86.75056750464115
80.17556539037942
73.85520587646471
90.18635732320777
101.23625254937826
92.66743981834928
93.63138452885494
94.7743888215182
96.34025119783593
83.4082715454788
99.29052992390207
106.69190766652645
102.63631417126263
102.16655616642272
107.14400127935303
107.99512348083437
97.71444317466236
102.26240375492623
102.23785046901318
109.62567063937928
93.08708775302473
83.49522649871035
103.00360628666186
107.52366662929101
109.26207933217239
87.94292891850017
96.35771419497027
95.29258427354509
103.77884185920794
106.36219971184445
120.10771203741105
120.66888421676485
131.71148364229413
115.78512992677346
112.15193632416342
108.62658361172929
104.39097401144991
98.7813258025526
100.0664758891816
103.2939978187822
93.40542543049628
101.47837538803498
102.88048773125186
102.78831791891089
95.31237186473496
97.0522670877395
90.53903974474166
94.21627204290378
83.75341176255766
78.72907552342805
74.49071565260756
68.64780128180925
58.40445928296478
61.37954976493782
70.89821832703751
56.21961322804961
57.42284484842768
70.04185272720277
79.20612484913225
79.28159459543392
68.90034043840177
77.47126556841829
80.40511702101752
85.31309923391713
64.81768037478228
67.65673066914988
73.08124754196746
72.99605273276921
70.63590332061312
64.4622874908614
76.5916611426786
58.88559970217123
69.34247209330432
73.29746033226299
76.15736806648889
76.98752778443617
70.25106692102538
72.67981087088803
79.30836972168119
72.95665870656555
74.08717765647565
69.69141243729106
75.0146503636032
58.73313405919217
49.92834300978835
67.67644802008445
63.55493052280043
59.888661090758305
55.8836514746173
63.74528103554892
56.76622037685183
56.70424179054304
70.37235154261992
62.64530853462483
60.58501977958288
63.94918486938047
61.07332083901718
51.43398768372644
53.13818126541109
47.03422176415223
47.10025324804935
55.2696086292106
63.05476705922769
56.88116784954887
57.11656505863254
50.78080220226898
45.70800804918239
52.38912269706384
52.6197998950544
53.20614932687449
40.29880426637494
40.1758177504797
38.67588665487908
43.7877826784541
34.85438885019952
59.69533666127903
55.0626289435611
56.14139336889848
58.498913156019796
54.987701367401634
49.37623186737071
54.18574170626882
53.443815071946865
53.909418395213436
61.99367344655632
58.92592340426735
65.61067956908117
56.826286774176175
46.98178899564253
37.063945333326295
45.079436565493324
47.1692765133561
46.46337678341633
47.70080510397884
59.94648148869033
67.63398611288821
64.84512729940285
58.24338780138363
78.6789953587041
72.42280806379382
63.681147789999834
59.55255573331747
69.96400078741262
65.27780153076522
65.18407424956948
71.15246510767415
59.951607150244875
55.38713269256444
61.98559143582771
61.80441365499718
77.0223452381959
67.63122372266753
82.93689450545219
69.48796382962946
54.75472482456557
40.772437483817264
51.869306195538115
54.038211785498746
55.10882347650977
57.80224680646142
34.22030684560371
56.34106749071156
52.42346814560322
42.16462302480485
54.87291162638854
58.39198286645741
51.975287045431536
56.62219539838613
67.97166309115987
66.16047662626873
57.16231467344544
49.984088418322685
52.570949158846005
56.55763642115795
66.9013058581142
57.51744845775815
52.060922143645975
36.24962544637496
41.36397459900809
33.357930817425775
48.602756066460884
50.04672185898937
45.45202128796854
43.99209307283103
34.035289758230455
34.81298481612376
33.48627035755519
18.786807446678516
9.223365618296832
29.679688878413366
23.752801362742346
24.84563438575262
27.4945528053582
37.78626450606387
35.81652619067186
39.406015756690316
28.933766461594317
34.347084602905305
34.45245661498288
25.383250704866835
19.2939075806877
11.322703345907755
30.17578792406314
25.59985065269552
31.82033298283615
40.02601481348435
27.53199588324188
33.05440708332535
41.08285978082421
34.14264654479404
43.40441923487533
44.292525585263775
42.550011159935714
36.99868248574682
40.64124346955992
42.509314300772004
47.896174637317294
33.74612202704973
51.74360624186836
34.899640804240306
39.09548499600494
35.79871903370556
6.212249078229534
30.965185006845665
29.281475603518256
6.530487132197828
22.30555079347981
15.93603435241419
7.04957860480423
30.897280366102084
20.334323589323475
19.573474356087175
25.79617418293311
23.18642531665286
27.31347843291028
20.577208094875637
18.452687358233344
18.568712204330307
27.95658874361737
33.48817160245073
36.16528605153468
33.20259269330888
49.37338544886255
42.97548374149774
55.81480349272892
45.22883222146723
33.51739358647613
11.614875720462642
37.4265389877476
18.714929058444433
16.227149709433995
26.65899991231663
14.607157342549028
26.509254921777035
23.42668575172784
24.197804943908675
14.782273493101044
14.128891635890506
21.03518998284053
13.015391612142494
17.20667877356924
24.856609214332387
19.609930366434746
15.153617188267456
9.498964014136632
19.62348195660705
8.78254001054559
7.815990398512705
15.26375897414684
16.7881009831965
23.817462510726024
20.517173529671968
35.06491055828366
35.81011504124987
44.9508335690295
46.17549870018084
55.160659853013485
38.065893119689804
31.153982828053962
6.801965516973979
20.85430682083269
9.07554311519904
10.49545888682021
10.077357916400096
28.455158240405524
21.619227335879092
23.820660373616597
8.148523848364043
15.586364985196493
23.659740445337707
29.201311361665237
30.849080359125683
25.24970079370475
28.92121389441941
23.996063651920142
6.515832073753112
29.710672216858626
47.8409795966816
47.027437094443954
52.03031587706644
36.985863929173746
38.73737108713899
30.01279563088
34.549013249804716
32.22032753161865
28.25459813145721
36.55972401683807
40.322822090638624
33.7204440326662
45.90896729255633
38.618176413498006
33.437166769197255
32.35353248396234
38.68229882264206
58.899465881313645
47.439746515767844
39.667036344373855
55.747594139255625
52.43582812988283
45.576396211057286
35.868326195605405
37.93114118328764
45.60075742035272
41.96400616484259
28.78466619319981
11.40017226519747
36.84042052221237
40.190250708814425
46.661828664369274
52.345964809714076
33.992544587588526
40.122306576671804
22.12864217096912
36.61618260223188
25.10528242541864
36.48322763067029
42.814553521366385
42.29242156282233
53.2361297810194
45.685313843294765
45.399607105646865
48.13380989055818
55.89496273151432
42.873454517628325
48.08211500980301
47.515810959386336
35.09864694117614
42.764595115025614
48.3615613911031
49.05973004873723
47.12523421078858
34.97460596242764
59.47624801476374
60.196004792780975
75.60418581699727
66.76795900297364
71.90936936900272
60.0820736669582
43.99411748285306
62.07158993099753
66.71176995458404
61.74686672121441
59.456865271973534
31.77492625365645
51.26698215358845
44.04185438294462
34.20013982105081
38.980986519382995
51.66512200576248
49.41434147972026
54.12755303402693
34.66933905926218
41.18338398595617
38.687560035427566
35.341903725128354
40.59445405865509
40.22152973632054
38.9563473761161
30.68883288309464
25.605074815886123
27.68012102245595
35.0131785185035
38.514468916540174
37.405305587377384
47.73385438098868
41.737514957656494
48.94869910406503
54.596498694579424
57.93844899489812
45.807276990023176
38.199935448447036
53.473690715933934
38.838952429659386
27.901004178466952
28.39192287778526
19.1892996305981
30.52951446583574
37.37712206445093
43.47313701428161
31.046914901576613
40.25696123848918
24.508465464982383
32.075000197260344
47.32982110743072
49.91063798258802
49.71095195777713
49.55666796562026
45.93004875817089
50.099110135176495
45.05649307098463
55.80460445994624
52.437909867791156
44.2264132216459
44.8414768447532
55.09025328543913
49.892651415415095
46.99664239530091
59.19216633471728
59.33785833319943
67.98304531790784
70.1820970202519
89.4686986432034
74.9969569112723
75.7901959906781
76.50964848245243
67.07735768443237
76.8236314179081
50.86892481767619
56.21730802311258
74.22158128541358
53.26150035634536
49.74996452826304
55.936924832421965
57.5379603305771
63.7356541366487
57.60727751637534
59.83536847329557
47.76286050943524
54.71159086543004
60.53704253898378
51.142184837172444
55.94089429260253
42.29935135924336
66.77008554998801
71.1058844448921
55.51927391337977
63.15158399927743
62.392885216302325
51.15108723922942
59.42501366230812
61.38020154825024
50.525485090630184
44.5924065300531
42.34398890046971
39.82759487720705
49.75924952758516
54.802295099949
44.08154205945054
55.28697930545964
47.80547677578418
52.84789840857579
47.36731876707013
49.80920313603771
58.25966010361137
50.672936176618904
44.69996683459155
53.86131313737095
46.07061606693732
45.880894752034855
46.17799269571902
62.43865618358792
58.14694908701926
35.294958524837654
52.44601640675336
48.44317838159595
48.010990936694434
50.188841580533584
46.96808255006397
45.87722990105985
54.08624554405406
55.89102184214826
57.73298147529394
68.23447861063697
77.6807067505904
61.207693750209785
64.36395783183451
64.566535528205
55.68467503847442
37.32689301292706
73.26685927966554
88.941671713481
84.06348937768819
83.4993155483841
78.24091118305222
93.61775467224133
96.3207990749025
92.1736550962967
94.18171858573632
107.1563678415353
96.2274656069031
89.15245577695312
91.83517560467618
95.38256184156374
85.38751501383697
75.58300420577011
78.29543209447824
74.83195940048523
60.5985627579214
79.42611221565812
84.81836296109888
72.43693838756936
75.50225006355036
60.245795551272245
55.819190113946576
42.946715496816296
57.04520283966084
63.46328495034522
65.89260980698717
59.426151096047015
62.77441343943278
71.61141802176465
57.479221885700014
55.926462316300636
60.343556556979266
49.773624207258734
49.984088104386316
45.71052628295658
46.459408012625104
42.85703474998542
29.36847368106495
29.446360148851582
35.59011574449431
40.26176835415893
38.08945176629106
52.62586140482825
50.16405448335201
47.08312858783068
48.92766233407686
34.29040325801268
48.348372354315785
38.02750752698507
46.533123920539055
44.45285815087592
50.10679092798669
36.320435250697614
43.10232419771703
39.99219523214217
54.27519886999052
44.77655428346569
36.8006635003743
31.40567153174811
31.266350782895596
22.88493537584593
27.00765010549226
31.633143874041497
26.49065379644125
25.935670149800547
6.4285225077669255
27.679672994430664
26.934898361291733
24.895912191711925
31.06962039781094
27.945956830846068
30.280691659022544
26.32429419912578
23.912713716554045
10.637534132935423
33.469277819418444
38.26042783732501
34.69749726008719
21.20831333010816
16.401296398115075
11.352733017183086
18.918972003753836
20.446198798732155
11.802393876802562
41.034988491880796
30.239099954162164
42.48822864844208
41.94183685362029
41.880262577652424
51.23258057087463
39.366608467808916
29.62648698924534
25.31684865584569
26.087148082786932
39.07024280096617
41.33633219108201
44.6179404385739
59.603006636280355
57.219283070336374
61.45012899028668
61.2225317203164
60.08905731444972
52.36439383663429
44.76607055723737
45.976631540946386
45.13602892667958
44.1913742014841
30.988343793172866
47.182482264116935
42.90534905381154
34.67483292766789
34.10566146806841
41.89175578994628
41.58744843675704
43.76452020494777
49.10730883322806
45.781462895862674
40.13940575725216
44.53762705215126
32.28400200307025
37.8635497267313
23.465717824568166
48.638376854322885
44.722882824089275
32.468642098712685
45.60504237192241
42.22271532746424
44.322204218639634
36.75476346416151
28.538481753911707
35.260710009317435
34.5682376913543
28.208234407153995
38.15091775057838
44.935184464561054
38.930611220874994
38.861609433305084
31.88515346881089
32.235222983222755
18.12828791235855
6.539433089547782
28.030164882791627
45.36543884438578
38.68347434373601
24.779221199776288
21.106210166501292
15.310247729430557
14.1006305514125
12.808117325071622
6.258413691255305
16.60828540800134
13.225691983008435
9.539173073690481
15.435365416167357
25.13416654370336
24.67683957236501
28.36692242098031
47.22964584380968
53.789613418621826
45.29805680195922
45.94227429419657
59.680132329784804
43.20082658333612
44.93606191227166
45.5698379750389
38.33615594857101
36.89897735400007
46.119198443030704
35.520982956078434
43.38557229297833
30.16895408765141
31.394848849003157
27.75406336017215
23.371419192997614
25.176313385045347
25.676859106844578
14.673281709701959
31.182521528358215
34.88418314791267
42.1747408527864
34.99105305184231
40.169450983326676
47.522848037153395
46.021954028407556
44.231364083249986
46.12210110953774
41.935694819576554
32.33574520495207
34.430631355273015
23.724195893207824
38.46938587369348
37.454365506288816
26.53804980379919
39.421656849072114
35.65647030522746
29.163093047328598
28.41651980174392
19.53228296337233
24.721760576611622
26.362395785199094
35.38039776939243
37.00146575470069
36.6674092880918
33.9561940505483
48.07365874033282
40.19475014438746
28.339509953650175
13.178030770594905
46.34842714688767
27.11678898241258
15.093820928010981
40.59403550043476
40.445355291168745
42.215039599195926
47.6898372027137
44.64640361001604
41.572291572732325
43.45743176048105
51.45967455817204
45.19416475490024
31.830713812429675
36.57614975254399
36.938120946967366
52.28683469600857
42.05381691417687
45.59690572751583
42.16026302138031
37.37215177589957
29.50696986194386
32.50872953937983
13.710017491836249
16.809950322674595
28.873396788891576
20.230922586171996
24.83645346254748
42.24103553120781
39.98779398210307
6.034901535520452
40.19529915015005
33.731380953928685
34.57404748088721
39.288470826156036
33.134988594028286
35.366869841406974
40.27026476048651
41.219203439328936
39.74528220730334
31.624301132542833
35.41512457943889
27.75364186517963
11.670106027491403
25.11548229569903
28.79259694145137
29.606041861000726
36.707068286708484
33.09337260370413
37.373425171644215
48.33867701704791
42.18918170943743
53.1194466086618
44.907995528729884
53.59734223035278
51.07470784998683
56.67359187857506
54.63491436390178
51.77638753388078
41.51730735406185
27.32012368130879
30.216736921292238
25.88072444189386
38.10557242682172
47.55611208967036
49.53843253475922
53.68570486292612
48.87177046507058
49.97746630881184
40.72759002264837
43.56439230183515
46.90236663354736
55.80538586418265
32.96613619238878
33.28361713126295
33.39686772216027
45.26652866768854
32.91437402831087
29.90223847343176
26.68591561053137
27.78450033866675
7.871285844771496
37.98191323355836
25.708761438980464
17.0976116967905
42.534344058638695
39.629071869986156
37.05246678259145
23.4545106590222
23.872287877902313
17.109371708337868
32.3063625313854
29.42816302332301
27.286547906659912
16.64463724991758
32.64004775147628
25.911774406129055
11.118446501009362
45.826190545472585
51.01621814643312
53.84082949594438
55.186462026849675
39.38237593758992
38.65689705372412
37.73124334801481
35.29567447753264
29.113754741345385
38.952153562207926
33.41070623372223
39.56235606924259
33.99398774003909
32.35513649589385
43.23333865237016
28.70546530019373
44.556275684237846
43.225181502891516
40.616480345881214
32.40756332856369
41.6399653708282
39.36894560751455
40.50281466968342
44.784226332037775
51.191534380110426
50.34261753419067
43.84081421755366
45.363147677791204
61.6695266124587
59.45715519580891
56.60030607176393
67.47673329067983
79.439748974236
78.70534010458705
74.08344958987719
76.03541974601401
69.43967442153938
69.91704189125329
72.7745346834074
77.89799146740872
81.06054340473894
76.5964224116987
69.82194115720576
73.16388611968526
60.23341158819632
53.798874300938785
54.06007369370178
43.3664755570061
59.46487798756403
62.101917248249805
49.6088371663877
59.010290683654475
53.25422918560673
54.66854860542716
41.1003785574469
35.79320835115272
41.990503896095944
32.03829364881663
32.80386885044664
36.99622349570594
23.86085808981374
29.357031051450008
34.14738074367697
26.785080040529373
30.991580918806275
28.50118993101823
28.339922472030892
37.04804608552
32.580426924130116
37.21035098435554
35.20493823477061
37.69264370436204
31.179168942602146
35.53077806237257
33.163134895160454
42.283021807649476
44.878572401690505
61.200756507670135
59.12567581776747
70.59061050881313
59.67798802528247
61.999469931982965
59.19620522449542
55.34444432976542
43.66745060959153
44.899402959608125
43.77925617756041
37.04350814736872
44.905417117968696
31.53950677508313
33.126344091255916
39.06243110800025
30.632441037541557
35.705452708848355
26.32329364596032
43.79127335937331
33.680024105938564
24.630531072173753
31.693073909710748
35.153029982377724
26.796778165800575
39.418939128431816
45.68694866643859
36.90973544751911
33.14668847235929
43.736923017610735
41.95551239845405
39.125613006722986
61.77879033877422
52.782888643115704
43.84012724578748
39.95990957596787
45.41716415066431
44.578660879460436
43.609960372089105
34.55148223929329
29.551357352543988
31.31073800607281
36.65659016903176
30.773363862335216
21.18013662080134
29.41601044034587
25.87362347003113
25.62693897971762
24.60193036872648
22.857540784077067
27.48859304045713
33.852143477498316
40.45177719308116
41.61493173096812
32.764115602582905
42.39459539375944
52.149880857174814
48.716823374277084
45.935386664507796
58.38553380289629
55.90865510902898
36.71567850459252
30.78790035468217
25.80132927968027
31.42774078421926
37.245702660625376
21.278407593446257
34.17743085228737
31.14933585287361
22.95072306885902
26.576841722361003
25.014016290586316
25.682568274254315
40.19089980718195
47.26445047316474
54.25753387760413
51.4754195530466
49.83658162052194
55.824101365600704
56.07923831514482
51.70752129280776
52.651041238319614
49.774343512565224
40.0852100494919
59.68302718929195
55.169215043914114
43.45457871224878
61.31118505903531
41.16936879418355
47.07983340987435
46.24889050628875
65.33444914565145
55.825992208573574
47.55239038713554
42.6928168660415
45.902392655484846
54.24679427386291
56.86214449834512
52.75214186857861
44.85358969638503
38.92742253864768
47.95890595593202
47.48896510671743
51.93355201913918
54.62265574812864
46.96946601773864
50.71110849236143
40.14015116074448
48.119621644703116
53.85091097947217
37.05863114466399
35.43667506391151
44.167711494231895
54.44289966492908
48.440786319052904
61.57792356765581
58.09391206676148
63.65612245729761
68.93233675086891
58.72939315906813
48.44302814049543
58.02008002497416
65.44083514907675
65.65698729969746
61.94557405830083
58.86908547911523
53.32160850480443
63.333003332372165
54.93342236151005
62.53567071192314
50.85219443251404
35.27686308502317
36.33755124610644
52.05703417152855
67.92570953272401
71.14368473961761
60.100847462122054
50.25592648119251
55.700994055411606
45.28901847396242
49.634982905420266
36.95900648402666
52.78808348441868
72.00882696497871
64.38266417212778
57.94003263076714
53.2393979204081
64.21065643082042
54.502244847769695
50.22251424606657
42.09257574895585
37.95521226797931
43.22725122694943
33.41203667166632
29.111433586197204
30.432737879970283
27.767349659915794
21.341722117058286
27.476112709764973
32.62223170598756
30.554225693481957
20.443055450928455
16.80023451832202
21.609987299085546
25.848276232705437
27.30927689565068
21.19042496554073
38.18683799068031
37.51930886202887
53.137689308093584
52.25716338488491
56.479277696632884
49.04332025372739
40.48529262827729
50.61692463362417
52.20245116586989
56.17911636339166
52.12601296068292
51.79809546835909
58.331556030522115
65.55516975181297
61.24145854067723
57.694886319557895
60.905656733819185
45.46256695553828
38.01821297637911
30.937339720429666
40.74512000181271
60.890287899796036
50.0682913359818
53.803012105699146
58.34471681114444
44.476157552299156
53.84330752305926
52.96466014669066
54.77141799086666
41.178470217651125
40.94671460366298
37.013052907927204
18.88265034560813
26.164183465721592
60.78684774848463
61.19587391451554
47.602977001597004
45.31571435686766
38.00922893157041
37.71556909481339
26.619016804115354
32.41788628803567
31.49921672914142
24.19039000114682
10.900817713194872
42.508592922741705
35.20313102925437
44.58023972552523
25.235112584146265
6.643990278680838
34.61729747913242
28.03672559600641
32.96318044492083
22.296527106220854
29.82134531113483
14.463135035106909
33.76406460827003
24.88582519766236
42.92663111983011
31.15499081202244
32.6544262785835
45.15259834503058
41.61557227488045
40.085935293714655
16.27444656050649
39.99181851793377
34.803803989673234
33.783600955144415
7.031857969538928
23.098911627082156
6.193989605786473
32.09660914416725
37.16640726142088
46.585494256375874
44.907872145601395
52.49747084307181
47.83372010225355
46.400399836064864
38.398748934989065
41.41870971557351
43.36664709649812
41.76937641578772
39.463940371668485
33.946700955823935
22.07375562121087
28.621859175464994
26.917556511530055
33.571377011740424
21.83450344088014
17.765665329676143
12.295845905988031
28.159517911175307
27.866814278941412
20.68440653026916
29.888291580801376
22.44594857383581
26.503852527871793
23.63315413437691
16.846348390703202
24.136651402962542
33.99247591785575
39.70742677185562
42.892239750007434
44.94884846159137
27.847041864166943
31.70123778003523
23.652380582314084
38.31841971397375
37.84390782909288
42.70225320784252
45.8879177284287
40.65088310326206
26.33180022617362
25.790620458403065
38.16871146131354
34.356687457794266
49.37149272303725
50.10787585964464
51.261989633093854
46.12504175154902
44.75184775634267
51.213738301689226
52.0486713127012
52.00021299172035
42.352230928138916
37.25384669194692
42.66698110114125
38.49712240923906
39.482135927497275
42.964900787219314
44.18010251401026
36.85986485091168
53.51697179450231
35.90294757949461
42.69278137928397
26.682458206498964
41.0869665538867
43.464018372322535
56.66626360847823
46.50535699463036
48.654505624576686
37.227343425269936
43.927103547790225
39.01457938047897
32.864154397393385
37.679499894973276
37.005748051492986
47.27973039497318
36.85317508421729
29.52142055245258
45.11782625651878
51.77838022275809
53.813388233447064
36.48794550056815
43.30402941586787
38.7416180292197
37.97828742672471
31.22284896237026
36.09507627990449
27.28457299676151
24.466168258312802
31.107979564820223
28.217092730489984
11.460133980700135
11.008083443454987
29.135005772067323
26.745542239306612
20.944836381739712
33.961035754885266
35.16941174478734
35.112114997857354
39.36403432194147
28.651207670288056
31.490334158473992
30.06373934298047
39.51344209136339
28.641263250036907
39.10778099402189
41.97466192918782
31.930526387020976
32.113129210868934
39.08517561544076
28.4654126977496
32.39217263582138
30.27593379722139
18.76201285565152
31.186475693342988
26.026166156470836
34.76326815246222
24.342572491535392
34.28034769968781
23.27607574411603
31.860726785199283
23.995133123220043
22.349575336760417
6.286641292449934
25.71163241227611
15.694224159057722
26.38331128456465
26.75498021304969
29.514133045230025
24.048287332267325
25.76246503368503
17.701241018093498
18.76649051264236
6.457342783324828
24.8308250998827
23.292045817823293
18.302331288922648
16.701700495423665
6.414830943291001
19.59174290261931
30.24945788658611
25.02874268073698
32.19458858880709
40.311058992128046
33.17683727840467
38.45971077215608
38.17920948832921
45.44362191341623
34.31657126248218
27.68638849015191
27.486448541252365
30.561328208621298
38.01245525016582
50.91099755208484
43.922156596550984
49.724001268892096
59.389034447834185
49.128815978394066
58.142562259811804
55.46178237297082
68.04686275089968
60.97849823133598
62.140099625608045
74.20453629538292
76.46509063499371
57.307864939418295
61.278595603352244
75.79467915513635
66.80821494133843
61.24936604324195
55.04806196428393
41.16562674538723
39.15980268726419
33.37038118782457
38.13663070945775
39.560607367727755
41.32783726701518
40.89157686723175
42.07981018282826
45.1304595557008
62.16335218983131
50.88141954345769
50.258965743984696
47.09495839527283
50.400188977008
61.008273529948205
56.592672502742644
62.8928479050534
64.1094358278407
57.4338261122216
59.90428759245816
48.800624565564874
48.79137353200096
36.51530874664576
54.1803440763522
41.009771130797446
38.92984519306444
34.281607212097875
39.894859826640335
36.54387326882741
39.321960437341055
38.4234923310418
30.538234795851995
27.380706030526078
23.04687845575077
33.824280163706106
34.53767981308075
27.79441403761573
19.922940205985615
24.145285761310248
19.039645560194117
25.97028954162572
11.38952736969431
40.556546115382176
36.800263204279744
39.25962313124409
38.154693126209885
53.090769374551606
55.590710046967864
41.77225462295996
47.16195743149586
51.02703133035962
65.45343790707278
61.3115099603785
37.262064058212275
23.16435696467933
45.479209854260624
20.78528825158837
31.654756566041534
16.76918703279153
34.864182607574364
26.377151321030578
28.51873476514362
23.961365763469388
16.581622884675205
10.617372217481032
26.830404589656155
28.682679049866984
46.241614868535905
31.48493075241558
21.04358736554699
27.4779155939014
7.724479716976742
10.785487557743123
46.276959568079334
47.79912931077826
38.489010240273366
40.8245201604599
45.863716931708254
45.39999527969293
40.62843269958308
47.39329976235794
41.73039996634611
21.13703984611212
10.657260008043838
30.00537906973338
6.6136152522772775
49.43546804706379
42.873361907802455
50.82878570772381
54.83340989898289
56.23119238174839
48.00440914530525
53.496359947384754
60.97085184595816
63.56863740591355
72.90998988830421
44.73978310998421
58.32364149165786
63.17227834451219
46.795750402553836
50.117562765942445
34.84199635792227
32.923471164973535
40.44775692787754
39.59065369551221
38.5571452011293
49.920757815321885
44.72231780972651
30.873367638984334
50.76881301067518
50.07865896103823
55.5146085769019
38.414017209477954
45.8843700914566
47.49825236742704
60.07225948523014
64.89497758761489
63.47737293266838
51.52144425580456
64.10833394489049
71.51616885364639
69.52379787088476
75.91256194051
69.12674750565965
74.44463176056024
74.6011891333042
78.13797052997452
64.23292217579876
85.57671924996703
75.31175257317119
75.34327996920364
74.88064013484897
84.26666598405558
92.05549893195321
80.2115686922885
70.69085690206765
65.56819749993015
57.97387173657262
57.97325556235874
55.429602899707426
38.73420325433777
41.982621240525596
51.418023398729424
46.50518068233967
56.41498128198637
54.62203601508671
46.43924504512477
48.87090210815083
45.70046394950167
43.172389149874604
47.86102795190071
31.407538367518587
40.98251317201106
37.40393923657175
53.766899359887034
66.55674758886627
55.6431212708293
58.274922384861206
57.77439241105751
64.60123999592318
51.284251211067385
56.07467164033768
58.62028912115258
58.604062479814544
61.852642471998415
52.21140051058822
47.86724712192596
38.418889127442114
30.882255554262006
39.681284050194506
34.67253664603322
34.3177662330594
37.885893526778894
32.04981995147645
28.061176938580193
33.15107983157133
35.4374397997584
32.32462444453049
30.161001222855695
32.67423685848841
34.93992443207944
31.04580387779655
31.753317521093408
31.040374984004387
25.097861397855425
29.948404818234504
24.941361622102676
24.864053945782157
27.328296110513477
23.17313237445056
15.559693643370203
14.254287764199363
10.879966213258164
32.31979477994197
29.044716387964655
24.89246090809028
22.553510530770467
33.29365591847962
27.748920705308365
22.136428077663098
19.921345664630255
27.3916467712683
29.585361123300206
37.23254618368971
31.101798163115333
32.48849928636695
35.77294809937131
30.35497035911542
33.234475789759244
30.85887642160596
12.247326560752448
30.987633076449107
34.99982943426089
41.51794647333135
57.12441167987806
55.25243968082431
57.64031360437752
56.825238745567646
57.88644248878355
69.05755382274565
60.23346037604939
75.19642719918328
72.64500243882503
69.35515594886553
54.309685397639434
58.18447752165467
71.59209663928516
62.91732547751918
69.04107205429558
63.85536260959295
64.55164274164564
60.65717315758478
69.18552848553209
72.01239300158205
52.50595565148572
68.80058677176206
60.93703041222714
73.15724502683594
69.42954353379862
57.13978233272192
79.05223267234983
69.51955234030265
81.46875177117347
80.45774322857241
66.81834542079334
70.96369639690136
65.55188247747878
71.23593043534015
66.55009364434773
66.20634860104755
63.162261957537304
61.96909641057259
82.42667426091326
82.08343720744955
78.173475590907
90.61708070969958
78.51287354006494
68.80239651030598
68.91130273663295
55.72473308684581
62.73984258874701
51.027373597840125
55.62342284756615
57.40660528937769
47.67639691242613
36.27577944039576
45.89839165315306
49.41684228338248
48.67828449888115
52.701851405928934
51.97882997289312
49.028515428360336
58.44684303414321
63.243583556620294
51.22851000980285
43.753056793312695
37.558480831384344
45.557055362250594
48.724617354155484
51.03060982999625
35.650196254466145
43.94264915251099
37.47969436759627
47.587343119703824
50.978902174632424
61.86607365722393
54.553574779735285
58.31137492347173
61.02234623145592
63.807401234103374
58.20731106812059
44.500498606713734
62.17635413040652
46.92139528389512
74.93480382573176
62.73624737264613
59.04515383018662
56.579930273610024
52.81246308925192
65.62387282327029
71.12187631544754
59.15197192937887
78.66324323845173
73.61787917421955
73.79107452250562
73.21291990056879
71.05106500437279
65.2562927407509
67.84502012363518
60.18303018660793
50.749612296942125
65.44807903674702
75.02887097618688
80.4772352700227
77.16372675790087
68.96200984260304
69.4237147660646
65.98738076926082
65.13232306461622
46.07315437191477
52.154664186720105
37.344212030642986
58.81584515501088
67.26092719871684
79.77418041503611
74.88081383497472
67.12856038093317
66.87745338465194
59.863761457113796
55.05510679301221
58.79898347369715
44.665893962575495
59.8647708637942
60.680707905976924
49.678465397525976
48.30919696451792
54.74042966514936
47.3098037149679
40.267404133151686
47.614035402022935
41.568780487823474
42.29507160151356
35.569060179098464
12.928601613084336
26.612262652142967
24.030964410328664
18.540251103860115
14.171941619543162
12.217511710618416
28.544418048286417
29.657149782836505
27.651588098890862
23.212648113956007
24.911295853059826
22.998939796022313
47.988282091046734
43.55957113931912
39.01261423528443
44.578599439465414
41.44562180728277
49.45592987643432
45.64909103525957
56.992784209450356
49.27127840250297
50.375211312319244
65.00445169080506
59.58500240450619
70.29617210325847
82.41973645128795
72.93205173587197
59.77728793535736
56.24947435857257
65.23632552451295
57.34919921472337
66.39377525022729
75.78998212643947
66.34454477566835
51.49481402578622
57.71191615241854
56.37594854551719
43.39089975831082
31.574709161785748
44.77234341937651
32.612695735547376
28.050351246876208
25.588747967309427
17.860416305753994
28.681614421089893
6.303685162532114
34.14996180037963
24.35723340955869
29.649688161179014
28.871479487857982
7.046960669423895
35.63048630709089
20.912401952051717
21.867332185559505
15.707067784168004
18.974162660526837
21.121827885387955
22.155641094183316
20.963043304986556
19.081425261393303
22.844383576316027
32.856463178477256
30.972325377715368
28.477136668064833
21.699277337245032
12.570958758107118
29.92306297273901
30.55598545660625
28.044340846999006
23.922886354867288
27.445705339338424
30.71688484051871
30.764109218811214
26.38397088369184
31.47223662331012
6.338044266109204
30.647886295714752
9.253352475355785
24.633636946367922
12.068231777599177
7.597824876367186
12.943381044756238
27.138012462812483
25.061436865446634
22.39506489899082
30.144402594242703
41.407647558884676
38.31836030684196
53.25258465819311
54.47733672393062
45.77885056523514
51.31499657753436
57.80226695294921
53.74172408080452
40.39314797276566
37.086378717268374
47.683849740141525
52.4132727704485
54.63033046178374
64.22616837611756
55.29615100112407
68.7616269376052
68.0583868713727
58.9445277109822
62.19520999273974
74.25526145073559
77.03158434382469
79.10149084725114
62.88478785470026
78.74174933132355
79.44983552280303
73.31919381333455
62.64701521722025
69.43232651685098
75.7849363638565
65.43618001428462
67.61547967100992
61.53107150093106
56.61899317581289
73.3005236935676
55.53039035553485
57.19365719501796
61.64404131835678
66.1321120297994
74.00459928482965
69.62414189088845
65.94253093919632
63.20252408246758
51.44085574156805
63.623579091721595
57.59487816961078
47.6573658285004
51.73829840177267
52.55211198387792
55.97497909762008
47.13755191573953
44.100187931762676
51.39516461569082
45.670202514111146
55.23688569362648
44.351708275244576
29.884973884832394
44.96762826356458
40.99932330854204
53.38426354772119
40.929711913898956
37.8389980460116
28.02635996819999
27.843923426114475
32.502706710553575
30.22129712977516
29.200561153337016
30.766682720973783
32.54461395507035
38.899104446876365
39.39264460853231
45.17184273282312
48.11821922482131
30.433540814472266
40.52215096081323
41.42846522770556
34.694445935769025
32.30381869079419
27.581499955066015
37.59793601858574
52.693289509452335
58.00595276452864
44.68872473628243
32.72762794648911
31.464385869739075
27.59976883623465
32.65058930718576
36.73461230606836
46.47827550133476
30.103618073236927
30.48868798387612
18.257406087950304
18.177624641197255
23.490576302982735
32.29199689403778
35.08371660480664
31.00472518552998
36.024460713067484
33.4568656510974
24.227533715323926
23.289018634567586
30.42949503676646
30.832259602073574
30.173001210936782
35.48705865700566
35.60867589116169
35.09711408738469
59.10664615918958
45.432758596502566
51.49919298378878
45.2574448356906
56.18924646268653
63.94629340957441
77.95414719838827
63.34354640887811
58.63513556398186
55.54882600804436
69.02329610616734
67.32638720394031
46.42651746682043
37.41764247344959
51.69825282368227
48.32925909383806
50.61095023390835
36.709099549973544
43.84393735456934
42.89555934982196
51.54612930075281
42.4171853059521
52.93087143181495
31.399403808364927
30.335654289577267
33.67600602098895
36.424470581476335
36.409714972193086
40.07076794252294
45.54714469221362
50.80496001777843
53.407922878393094
59.65620562047959
50.25927308355212
54.40672588090706
59.24770207335779
59.566758628831785
41.015353885497305
49.98608276302777
46.70030941309148
46.01128455193112
45.39856846716055
59.35511895372556
47.6918281265635
61.219405967754064
57.72124019501038
61.00581148043123
77.9365384557183
67.3428365702969
56.29894021391085
70.00753122979935
67.1648697207298
75.49792681673716
72.62512373600353
55.70002808560669
75.83799910628481
66.62452696986036
63.752087211418065
81.11573821954559
84.33996331575243
73.44098022606222
82.52304402137763
97.18588723516999
79.93423044022663
91.91835616652743
86.81133691044008
85.46381218890293
79.35575312232388
77.10603787751795
66.87780894086191
86.15599079756456
83.20250044488517
85.92701808959829
78.93956528500183
70.19724811581388
83.534430885505
67.0721413494871
82.87344606761407
75.59024838377344
72.28921669148052
83.1829194992407
71.34058827629492
70.5201972133767
76.34070942581917
82.38564364554315
77.46861644603119
76.68057268031163
80.3488142876071
82.37772299840735
75.84363374390027
85.09789933501428
83.03985171362699
89.91660753026686
76.74518855658258
97.01994982446196
83.03343762520137
83.39831310354022
90.27764600921665
81.85282098199743
66.64566472700106
83.22372047403964
68.54067525666606
87.41968361630772
64.4810763455498
73.88317628815717
77.63275513911425
72.52786771363262
85.945218073634
85.5676767333434
73.9154899706077
73.42674046708696
70.09459785772222
61.62342127190446
91.91767893347586
86.75595612783933
73.80564090233533
71.14643367616657
90.1425842761255
92.38620779781004
109.27765769808686
118.46183202827922
113.99917513915167
113.0011849785348
106.47895557634082
105.16121581767072
90.51517346564404
94.35877934598153
83.61829699075335
96.48776200570377
85.95850090896778
84.37213622094743
86.91870197032978
86.30531201866715
85.2208644064346
100.64277687385655
87.39042958241747
93.78733921343573
104.05928396117416
91.77711066226665
76.3687697724481
77.72159344930387
94.52101021766593
93.0525731774901
96.68030698857467
96.82664244073547
91.79963868017127
101.49513530621604
95.90778003752082
86.49598104263045
98.98292128864414
105.03388813945273
100.5508698223824
112.35712636207839
103.29408803254164
95.56478021828214
89.47414079038346
87.03155816892996
71.5138640091774
84.45135543257452
78.66057879473492
87.5890196433522
78.76354696270882
73.4888185879323
85.29590434276885
84.06240384825655
87.00908647616413
93.59831925797536
109.91545857076356
108.92299257625683
97.68068904696042
110.2523908216936
93.91990100244746
95.29221423008424
83.9552288027876
84.82364389893213
73.5875044339272
91.92382222383446
86.53729694408534
86.55246543628687
81.98196948411457
77.11509105768124
76.29760145920936
70.43608952562661
78.18806960830302
72.41119597514873
68.31570715897067
60.224901330001856
81.83677865069768
65.73312445164369
56.89568915185913
62.988781569887685
64.2828219180451
58.39884470324859
72.02778011133898
75.62923525905273
79.61418107525003
91.93586692932467
80.92766234365675
64.7730197412194
74.48105828169098
63.38766575532888
80.40716644000794
74.03711168006947
59.71666218213135
66.35224920285788
53.3384218970501
57.063872862628045
55.073811814933364
45.011747607663594
45.99472465121832
42.34228371121641
29.713105784846167
45.46518277516925
57.630734616968546
51.02058968544337
56.86430906203435
57.543502314442634
44.63509470879295
56.02787416463484
58.67094510190618
54.194496543254274
59.222029323835685
65.24165547774864
74.20692350094342
57.38728414531682
72.28781605239848
67.55864235700048
48.94032185099638
64.22912309063047
51.96233648946635
46.68500404398897
41.32548623448084
32.835968669229594
38.05547576263149
23.672264193811984
31.154028857298744
33.09649220515786
30.44213119389082
23.158093686046083
13.794114789819485
6.4038399648148605
11.150452139995371
8.072687535651717
11.303102021059651
34.00488516092984
24.922331705679625
24.094060393747444
32.88439100330389
34.19287878361619
29.050760523887124
33.075109648674946
34.18813809544871
30.369548462657054
6.993959826918324
26.042215420765892
33.44679564084684
21.556254057198064
22.654626580060558
31.87888691585569
40.16308763551104
52.14697230715139
60.91862406563779
58.671721360584016
50.896326749226176
45.31729236802114
45.58204398378699
41.26874418271261
39.86145607225785
30.16598108198404
27.612021603862946
14.407458370506543
42.4577617704437
48.62876325432175
42.22610916232477
40.5925413125865
48.20430351033579
44.8844933573598
47.1463783936343
34.33703091853955
49.99587933754119
49.978146597719714
51.62961624956156
41.55819486581422
29.618176927859626
26.397242056233594
14.103782755142843
38.508705355629886
28.636439962712572
28.260642008779513
30.574529690728703
29.323524655499863
20.443511789934078
24.224819655176375
17.579883054373862
11.305191240229941
34.303270003590285
27.68152275195075
42.12234051210904
36.6496114184292
33.04161340874256
22.872024146842513
33.89832523705946
32.98178186950883
30.597540920974193
31.643918098613465
33.93343393277783
38.85333023852047
44.96183085917829
45.22269133474035
36.02158964858151
42.715792993430235
38.40156016635177
48.58186391630624
43.30621514592782
45.42870996608201
41.72881906630023
41.15563694257074
49.19063940608601
49.28687819829559
60.417969074546576
50.13146248223695
56.82454774346534
73.58317245424581
86.6795235983515
75.11484956841731
77.28322850975749
93.8051108689323
77.10689173976306
99.0149379188467
104.53872831103342
107.0263671185185
99.83235320361236
89.03324174801705
99.32921652320213
85.89890919349344
77.75823694844551
68.18204212307688
89.99414602170775
84.11900074641453
88.89692349789973
83.92979304412944
101.47271321203503
119.61815793251031
105.9941494522681
93.93741334109437
92.9499270395483
94.6302411368435
76.18837318559495
84.51288104912753
80.94142320563175
84.40389198970604
71.21829542582952
83.40359777533044
85.73594282207118
83.94716560220317
68.6581387280426
78.70448698258599
77.81496188702111
62.37796399930852
62.820961390322864
57.78642289148953
59.18676358105229
48.95802799278079
43.922789054782065
40.188015068484745
39.21165871284381
45.38113039151687
49.133916779747814
50.220531593576744
46.12026483415282
44.219387302757454
46.670433003308204
47.18451129933622
64.85134786537242
61.40688069569136
62.064441948716286
65.27171051587437
59.72305772512886
71.82477338506588
75.19776044349018
72.44518640846985
72.08194476452226
52.02734972306934
65.52288129132502
56.09718718437358
49.86878207377981
61.998234244868826
56.27863713685764
59.7588443659717
68.18774650674237
80.75437791784114
71.84348895397468
66.65654651556216
72.43233822533055
76.76822389976094
84.52667242652605
74.24259741510905
67.75278424658363
51.37012999766537
49.81403403281164
63.303047398033996
56.74114404366144
67.80735544231756
78.64351099616282
63.15932199373376
78.48609993375445
93.13044886225606
84.03495251067098
78.87099053003149
61.03636014020505
63.97279232517532
59.74739998441071
59.77319193904071
51.596961622567875
62.366456444613966
69.65330330733278
58.19233257575062
68.08678847155176
77.49777514580187
80.18402159567388
58.78549880996675
63.849866284799866
48.35246766573293
56.90976725360619
58.1795276846619
72.38056002871697
78.58835318991225
67.13498854209658
79.37896552685015
75.63759666205054
71.0227161711878
66.75700026179697
64.38844756755174
64.36373443019842
71.15767615289157
78.97026984136603
71.03413238704125
76.79145586290488
56.43758557781556
63.581857892099336
58.06646220655027
57.20038383042531
55.91996317845515
39.0205048820235
55.78705303774175
44.370563222784426
50.78881938052299
44.23319908819233
42.01565766013539
52.377009686889615
42.89425261164516
37.48927489286849
26.3232088118385
36.403133771813174
56.402578255995806
53.34357998038121
61.78199666365843
61.84012552011863
53.13954056321806
67.29679406515363
55.898052583187415
61.40221139523981
53.46706177638714
58.22723448740076
51.68877157527721
63.19627241224378
61.76857658561927
58.63993999829288
56.276490054008036
63.09885266046262
48.209894792182276
44.87631834548291
55.1634732757564
54.658999301658135
56.14668109370264
74.03181353850132
67.20562112630073
58.87755012618742
61.98232971840596
54.94190639075233
50.18212084612184
59.768075588692724
62.128533724838746
57.66051139848385
53.949943493777184
50.22647491081009
49.07633352224665
45.18922262694909
50.50712318082776
52.08393872189093
50.06827368581508
38.30703777924935
50.27610819191895
43.3736530488479
50.4532107786103
49.18288566324329
48.59579952547709
58.53225928317305
47.97082826865024
44.89580599729278
33.764676088021744
30.86881500538137
31.62930714530058
14.729302601653867
14.952638968810414
21.780677643489614
21.920475226453505
24.942963978457502
36.72707626690576
41.357376901419656
27.75353608612553
29.10943328211516
31.396895578183234
37.95600133703196
32.79636128407485
33.18857452249028
28.012861900539146
33.26437903617037
34.61385072090473
23.93209602110735
12.398300270814035
27.81132821333717
38.08296979733098
44.957781293711086
53.8161087871744
39.16159465106332
42.47828988356542
11.452391779972926
39.35501509531392
50.90102036314056
53.941826173582385
68.20601497131295
56.27020792719301
52.031608960679726
46.003534657405396
51.75262160248444
66.58130322919934
47.456837242251126
47.314544514020966
42.97379204443028
53.71425785031913
62.22517329563311
62.87992557947308
43.567553537193156
36.88780358830397
26.606199403877824
6.935802180326968
26.886925571612
38.796784412731284
23.0109826083894
6.766781891859597
26.28764650997811
18.802468731772944
11.818754932607614
28.82044857377176
11.580337995432444
27.81338146626802
13.262455655822919
45.869014840426175
40.65352079705535
43.52995729141965
41.57768919730609
37.00943449980445
38.72629002470927
27.77757391852156
31.189340297739662
11.336357001056015
51.31646421075507
51.986208552766264
50.67053460143208
43.483667013230345
42.93921375734729
31.776660772672123
40.075293561481246
40.64496421847479
48.20590783444777
47.11507771071234
36.93261141179123
51.44249398884563
26.579588181330557
34.965518731735514
43.41884142925409
41.12915518659969
37.28738290354379
37.379555552048025
25.00133563468134
21.607139343468013
19.866030565903234
37.48178512862435
24.87590458776444
21.087980762258994
10.376441060768768
40.69606489971808
41.516969095814076
37.755041430994154
40.62000847515159
44.48975272214338
43.49367722258725
53.06027071047286
50.03002861812627
38.08283156214824
44.27549438605024
51.560371899322455
48.92788707274049
49.54409544849341
46.37949762019366
52.41993362971212
44.199775187509005
61.37787034198495
53.52869334928152
47.24412465924109
48.379927318502
63.88795838236166
63.980956444131934
53.386777132403786
58.158420321980024
59.902656772723034
44.64241466766571
58.75325610534715
46.3103263610044
36.68656258671244
33.67560937419241
35.317625891638045
30.486963981826467
32.57105430202006
28.30875870100789
51.107302907356136
35.01833748331685
41.0759401212815
31.797698293897344
36.834349506845676
43.89946761864824
34.00702661847526
35.203938353689395
38.225147316452286
38.127240275805335
40.97625122407571
36.25089712596499
40.72732637012
47.262430401643726
40.64775748888005
46.09997949366885
35.20922270663853
38.344574585991545
33.00673959974692
38.81999849549136
22.40102055899511
34.55643769894098
26.638613936681118
23.64819196583609
19.074737482159847
30.500791529798274
26.00409157285129
6.590945865289985
20.37647835029458
38.611382659098744
20.920821459660676
20.428916764704546
34.179011094767965
25.671758608159585
19.10022342251599
30.119751060245466
34.196475942807446
29.005658020810213
23.924635601137023
28.5188957060489
44.71121463238368
49.98059421367466
50.728342577595
45.964849868967704
52.83536221723483
56.45570748278177
60.84612789876226
65.4139921374752
41.13779180775116
46.40602115908868
66.72722508285807
70.3818731458619
67.11773398288318
68.4074060784541
57.085976341869014
60.60423989051891
59.720324614952716
65.77814271547582
57.252995583343626
63.46944917608681
51.67225746477934
62.667234164950194
67.09899904987783
47.34938865244902
59.839394359114245
46.365306599654296
45.51855817375514
46.412475196567705
32.459478417517715
26.28708550750141
30.62918508655593
34.292992505262596
28.480667463750915
29.49819477222473
26.560846706512613
21.391082767849955
29.792313560662947
39.60921336604376
46.707842242353074
47.937173129540334
44.55823710887045
42.04749397378163
42.457033162475035
30.927770167017016
32.4218057309012
33.52385929667696
33.43884642332878
35.06117283171759
37.64276701306993
39.0981421857781
33.4701384158415
43.784025751099115
29.362106061682404
32.521996900301076
26.19965235357531
26.43845093152851
14.540859645396274
10.265298818402712
15.196993460299959
28.24798078908909
12.945888551720495
24.14596833603197
23.962650589041836
22.09940544812629
42.286960092642154
27.629225104413866
43.070896183363885
37.604532521231924
41.31940744764313
46.26415473336111
46.4980600140604
45.906752023227796
33.320895444166624
47.55244466313782
60.97351018911315
48.40267172920152
39.60356859038795
56.67367268333914
67.44418847165075
65.92997907600953
67.78271490642855
64.08919959198464
52.506078805882666
40.23978121417332
38.54376829392668
50.380584565992606
37.34562472144899
43.75287286175027
39.31088736548949
31.424393517888355
31.60856322376001
37.061613414731994
29.013187636419257
24.464070678137176
19.465443694983307
24.684044335339223
19.03208250674042
6.2797077277622915
21.332232419193417
20.9416097612232
27.349622623774557
29.015110651467786
35.38035822427815
42.194175860746235
37.551872065146576
29.422619732638452
15.685431701895293
28.864255785530787
23.18679245364622
19.40599377929355
14.367048118189132
11.327614564473095
14.427489083787453
17.684560768792153
34.52166588838148
40.66959954866745
23.903433896338054
6.144411281293095
41.273295858013505
31.322607891745864
6.623316850867438
29.68480544447461
34.81097727895152
28.352892060228548
11.405654776012636
35.10367391443946
33.40718249223711
31.469378493088747
27.863736506453463
11.690320932146946
37.89403398437486
26.830711433464906
30.86051083222832
29.4072025869092
36.838622250049646
27.630058389735655
33.53197113849799
39.816814638103395
31.108988848958173
40.19442327367951
40.850636746515804
28.649262477763944
32.01854995978561
42.60860653107078
30.21304506825416
6.3876717647159325
26.02680871488581
24.564118442983386
11.46531740929606
30.3991803243705
25.14959196627047
21.505550778875975
27.493632751267217
29.95169904180292
28.450284279154292
28.137567983798363
37.75692159312378
30.22751812583504
31.27126002521497
32.02818593277773
40.5683919944043
28.539276262971047
39.9426670152073
41.47689316934011
36.756902080929116
48.88650455909291
46.24683738008011
60.666728295592975
71.97457969381776
67.32311761397973
61.000811881916086
68.89377744993112
79.0011737488397
78.2627586990084
85.41057626702082
88.96296215458902
92.5503553945185
82.74393679543996
89.59590952529192
88.83058644228036
73.47182046095392
57.1860171088045
68.06818440364493
78.42472585489529
65.77668629311665
62.633198824596995
61.614203752171534
67.51852778476554
71.40992875588246
68.63754181228731
67.87561262278349
61.48050674632234
61.329047359415426
67.44423734142102
70.87931662078819
59.2578134239274
60.632223019679174
63.378900832976115
53.895081806700006
59.314922179469335
61.385065939322175
55.15978652658906
63.931713853225794
48.086401410334474
72.1062605688966
68.27028427291913
69.09861513775463
82.06366403368284
69.67709610726322
68.37455967428605
74.78783068101063
69.31817300099834
62.57790928487191
61.46606454161966
37.94056826518435
64.32699843429252
55.52014661134341
55.78174498047046
44.356279773967394
41.8363380531012
23.877219334082017
42.8924256876079
39.96282298952761
46.75491018562815
46.64479274595602
47.20561458218579
54.1834102934844
44.17435447725139
51.33633246892476
50.69124342861774
38.714353322110576
50.20582018627971
55.937967116440454
46.43499472933861
53.29068122359765
55.44726291021355
50.89857445576321
53.42145435514494
54.85470547026636
55.164404665917075
61.478525201990564
63.074987252226165
58.36941272143066
58.086864738204596
52.33787619903467
53.366710905222405
63.777570347783204
66.7349041843715
53.51297760864585
58.15105792481344
59.361438064413136
56.49090219769251
67.10257058938525
64.77759182891614
60.56387847025693
61.25893142456184
51.58363735893337
65.28823974708732
57.334881413396616
46.066814969087865
35.09210116159415
44.15349343409404
45.22118957840084
34.770390007372264
39.62842093114058
45.659168445184626
48.60310193253855
46.127300267950794
50.480565137293055
42.23111393790762
46.55744094803535
34.94866828725673
34.74999974187659
32.01402539815825
38.023420843295455
28.823595968151306
22.437191881169532
23.879124468967802
33.95247341770102
39.28181108916951
37.98546056198068
38.67070266498593
38.04067809091309
29.22917979331974
35.085156694767065
46.423915812301814
40.52520040854289
49.43574103555107
45.33128166131009
58.93160702181308
65.72250206062394
59.62558897662886
49.18342727830672
60.59421429232473
57.57315404903883
43.333115345513285
61.79658827184891
54.279834269846766
50.04086527834593
55.29443583276614
59.15338165181821
49.581406560106
61.167493632195296
77.89616127071942
72.20814068779958
72.12897723683224
68.83796417536172
63.91185448426794
70.4895372535475
59.29622974470205
62.7111196337159
48.95494456345203
71.34292980028754
62.2787042931148
75.00320892433291
71.69438495430022
77.33725636801208
58.19309033844097
56.27144735480191
67.2387118966848
68.02070313984633
59.80473115945482
67.94242898168538
63.04872401046586
57.93948565469459
67.70597888976386
66.56397178485417
72.60287420331474
81.51608697354918
89.64188238963101
81.98914637596572
76.44851986614167
70.55481707225465
73.1421233561139
68.3036646356366
75.3283692863733
70.21086311278
67.34004486122774
70.14188304183186
59.062273902520076
59.9632318887582
57.49997481201059
53.015705751342395
54.01318539074611
60.60203946803064
75.3008921300687
82.29493178726524
73.04843536934975
63.94990935481663
61.072132231226036
75.06596384721351
71.99982105143644
65.45405286892492
62.329269633764696
67.04482000147992
68.0327252295935
57.242303698616745
72.4662668697851
57.172550084659505
63.865799771778185
57.52794022761763
84.58585605941424
74.36948774558927
78.42285649952447
73.95059800590838
67.42615183701398
67.01854723640247
64.74000492596771
77.85710306467908
74.89690897093328
70.63253043481328
65.30470694134658
63.06248606840964
57.57108021085316
45.422186295064556
73.5594557725849
75.3825807938897
70.51201482153309
77.08405566042262
64.9230868008185
74.14333523148368
70.13402768247883
67.79258118086467
63.74212080883303
58.790334815257154
59.78766518645757
71.84339670458887
67.3197766431468
63.72194664300391
63.685309826520204
59.40378655759615
48.40807323221584
33.500201883579365
30.245582443781757
25.826434789424738
29.507171633741983
28.816509030031458
33.08707582899682
35.7900447760479
45.62708863506394
52.05702973409364
52.9856675130189
48.874231965135735
44.779302767398455
36.92490984332291
26.324391559961708
33.62085142681394
37.448449707154346
24.581870928396636
43.87041142221614
32.42524571071201
42.2435427635166
32.748723827600585
37.97487456317171
34.413002983728376
41.15198867631168
34.51199265340423
37.08482177734228
31.383451029399737
38.383569611783116
37.49914427513306
36.276480338618406
41.6407835963933
36.78293704773301
37.408699145649244
52.64594962930245
57.89542019132496
58.97725146998992
64.62551196115399
63.28140804072841
50.299331464121735
52.505043059682755
51.48330410417101
50.99679748044329
48.542265720739195
41.72569913905411
48.58726358748029
57.980512342090236
57.23587948908779
37.33908432979105
47.99600456534269
44.141327182044954
44.959692367006255
43.6868745551197
49.27614111770012
50.80210909192442
54.28482991570645
51.91707714379114
46.40563974360392
37.35253913791062
41.114351924877276
48.332464476485924
47.475660851771394
49.089361522361266
59.31236859166658
61.53620603546592
70.4656197178074
76.63243625669392
85.69549929322366
83.6828905953369
82.51091267801016
91.91907100597669
79.7389109532245
67.7165163147833
76.41394275260649
69.53238569545074
71.63692876225902
61.00106145099073
40.018782989826434
45.12302998916168
44.86376566628545
35.15055073336552
44.04587575070147
48.65835736828226
50.15058375894752
43.18180922217214
46.561644855691135
49.49974575479519
45.47139744737015
55.623711658481184
42.578300930297345
55.5252995202787
63.06384326131625
59.410399559010756
47.71304588526638
68.57274550862903
55.828420915887214
64.02258472806386
63.9235584854843
73.87237310496518
69.46619587797252
74.03341800499147
78.56112121354444
76.93467490174378
86.15702499191431
69.891262693853
89.04604669806413
92.0670689339424
86.82174603542032
78.8597340959507
75.8906871267455
84.28044998400219
81.90591081474423
88.6272504280334
101.93247079496565
112.98650738631224
103.16786740323077
122.61445672716786
115.33131284748679
120.11493972064545
116.57951281615753
109.07186461376537
113.291400333074
109.50430550010876
122.5303526845101
116.69637484324502
113.99754294188021
114.40842655136389
94.32004267751172
105.54185274178155
112.15922006814348
107.85784091536516
108.56222892433898
121.98468150681553
108.97407262855626
101.37149628898275
106.18523533160054
123.88641435922374
107.1544395297739
113.19895593001225
105.69895700611991
110.06347421756261
107.40008187650051
118.90185115646898
93.91756219336243
109.77289686172635
122.60179680343302
102.85131819354703
110.08287657711145
109.95955822650927
128.25422473482624
110.65907527006348
124.3298222411728
128.94907786971362
120.07787024713566
132.45694783724184
112.73381981705056
119.16253670008753
133.29535760730403
134.4702956355691
124.57229556843332
127.62474536231548
120.42856495645644
132.16619358526924
112.36794032664304
112.37284471048837
117.23098376132403
126.1778260743466
112.20823123615352
99.00521994972553
114.75099248318378
112.94826733498668
101.53170419175568
121.13037615720825
106.86311943918031
104.71492203433677
103.7130914458698
95.16517906327049
100.4667022859274
109.06801726362995
91.88251825933384
94.36373436676796
84.59526845085462
97.45117529516638
93.41769646775757
90.5556983233805
77.29775683042551
92.44820335070384
97.24668673606178
70.06921211833858
81.78784957863942
81.6300615551645
88.91312900485349
117.13750398557764
90.16591903983627
99.88528906124428
92.43376497941274
104.14935729355496
84.38756956881312
93.87080247210342
92.51742473095419
99.83992307216373
82.00687818917973
82.09831295440404
82.4335608884473
76.58481545502832
92.8396014813158
90.0422042209819
97.75914270019693
99.11300755112504
104.04037118022583
92.04136560359211
107.96292929158056
85.88230134305367
84.71791317265935
82.78907787541081
98.70791026725723
95.67335928640293
93.81718831937624
77.87417250812298
78.54909619956788
90.57576281250526
69.00069375321172
93.26774308331659
89.07789660084228
94.51282263949301
91.74984517984568
87.01126839086896
100.9075247700595
88.32272447875472
93.03921975299654
84.63251876365312
76.42800802017068
84.09529090577031
65.90374481606081
78.26601573248263
68.45247130145984
64.62664186415475
83.47766298938166
66.60373202137849
61.163116578049376
75.15615372377634
54.25935584494657
71.78884036484526
57.430810819191194
54.02731893745741
56.896961817426956
62.975103541355566
68.30206708132582
69.88390496709185
68.97491023684681
74.91751467644212
69.36061074901536
84.87640100538883
53.400824893335475
52.22948734671117
55.19480845179204
69.64993705515235
78.74054173480182
75.29284126922516
70.40073701051378
68.64122539055903
82.1535827756664
73.93404083715753
69.16940062948159
66.90625306836095
60.853103759216594
52.12653111552129
48.989845278278146
47.444969263688996
46.926743357775635
43.50569724165101
47.339981677734514
41.45156813962696
42.779567312589656
44.199835112051915
40.37368298475058
50.47070505641317
50.37858090641253
48.582734924398714
42.60860895865868
34.08134657322343
40.88014037989426
47.26761758268899
39.71391070667703
45.51871391203169
49.756626255861846
52.04734088525778
56.23883811217766
45.89929587769054
47.672901529695096
52.59618007853709
56.20864621526251
69.51743329471866
58.53940904707818
55.62596796155479
56.812039707442004
80.92011033917122
79.06569168663134
81.57369689689904
91.4836612145864
92.76762560338379
83.66448966511766
79.00661719862211
85.04238783931822
76.69096740614468
82.74912296279197
86.36422756686434
77.09410013523804
77.57525745062023
64.5350876314191
45.43340745061313
70.24264097309033
63.02790576255386
71.67084095609198
60.54619451202463
66.08214241481689
69.18654378138248
80.20477553968819
75.46643934574189
76.46792423478288
69.57016465129249
59.955482425584634
59.73169689698398
60.209185596015125
52.77116181283226
37.50553750385028
66.02277512993956
54.51950867737782
59.568103939520135
60.203751095524524
59.354946087907145
68.15592673654719
60.884736392406325
53.13598735430651
62.28259282113313
61.64455389991126
46.25806832306432
42.399762670918264
56.90446531826122
59.2853939567709
49.40492444616688
45.93717193868737
54.598123649169736
43.813582680217856
42.15776803612551
40.188741893687805
33.59043539923575
29.309158540545063
15.452557753477697
32.08624483549753
39.210264612376776
44.682352026525955
32.77718475337865
17.354866064802557
9.277379693012724
23.29215459979772
28.637608092468536
37.12033760034186
24.615032354495654
6.344626152408631
31.493514206000754
25.616290139494563
36.53518526025626
34.01987819682568
43.41994533591254
43.34491354385747
45.4533582291724
43.89652664630998
56.26835685406719
60.24420104676923
52.18730473257107
49.282834933374204
49.16643949680452
49.49048772359957
37.77848337193443
41.03111126012325
43.80124488033152
52.82967355447173
30.501699902463585
46.86227993887498
23.993512524664002
29.158863030318155
40.698694567504646
49.81597924666693
48.85451551013404
47.585077617825704
46.26162307341764
47.09023351796571
31.099719557673083
45.253064437208806
49.51618252094661
39.589001347809194
31.986202865524998
41.297679823953295
41.16625690271289
42.12468025033803
33.791532543572195
30.452687940030923
24.48713039990113
6.20775896888013
33.25763110805252
28.732708565838166
20.65611720686272
12.342011262004217
6.767799743220543
25.151179979414685
24.664085679502154
12.359005117000962
17.450893150822953
31.88405902443421
47.3369777977719
50.430924776273024
45.74441545446966
43.58331952744063
46.01030516142187
42.752743003632574
50.41282862055689
40.52898135754107
32.11876834869513
34.88463692347959
44.933950445227815
35.34013960490317
20.76032776413989
27.657176487101506
39.58363403589809
36.68427891346922
20.896951508848435
17.535022076246474
16.03898410740628
34.990263511273135
30.694450900537717
10.693499802201982
51.06082365280456
48.70555656340363
60.54959600880189
37.245392967778685
60.891734249406774
47.755580031068945
66.29314185317662
64.81521872662873
59.59786278963243
59.68266981437085
60.34476696827524
56.83425565508405
50.67416828725149
45.76551692693314
55.93881228190508
48.96442750274374
64.07482193435123
63.286594041020834
58.4650559772161
56.254120120523126
54.93581364644907
65.53566051209297
59.85460997374744
66.92159040541348
58.07447388285466
54.01433148800874
55.35542688888505
54.89346566720764
46.122339012601145
52.98603736565502
45.632962724615126
41.15212457428821
39.21366074713223
60.490753447940286
51.77618853572831
43.434821382117356
47.029512451112055
69.2621306001815
65.71436510743973
57.44438173748578
62.894631588014526
51.68888035537873
69.83609590050862
51.196464769337595
48.18895551721618
33.77537143485515
42.43187488200666
48.3127126011528
49.227012953673125
55.79710042262291
39.87225405698729
48.351088070213315
43.3806969983666
40.87724520253691
44.90264835577893
36.73157391149879
44.67742737951753
39.492493981746264
36.50008497858694
33.76630466002266
44.24448934341074
53.8507725910671
40.94107371411948
41.11631147284208
47.07711384403092
52.58472211463219
60.01768019599333
69.45989285394167
59.83719940077956
69.39673557061252
66.62033440821952
62.46333984211226
62.91652775367297
72.4655272076179
75.13286566155463
69.72060341741928
79.97662971464658
77.37585756581083
78.74472950487731
75.17172708895555
83.77893794136325
95.2387681153038
80.26244173248003
73.7481928869556
79.21598868968564
87.95773038198556
72.97331069643238
89.03793308463625
80.33655850764838
74.57923344492619
77.11034864727439
68.0984492842881
90.86431856221
89.14048069270305
95.9444405215495
87.74197839199464
107.33256210851806
93.53793136463126
97.28553588794038
93.73545342696434
86.2378829177678
84.0125168779871
80.63417873415621
87.4494095357931
95.21480949598248
101.64801567907544
92.58442157901351
88.17942988106407
93.99535571093419
90.42339747136074
85.61541394436293
98.6350489664641
89.30712056850386
92.1716573631088
80.56069842127481
94.40118614107844
83.5660587081596
92.00424953342622
97.39518668452828
85.59021996950892
79.7852464965601
70.65896661939728
79.00011220734262
68.09378484916921
73.40731557652022
81.94643238246023
81.00309104279668
74.90287944882522
68.32331134440868
82.15573078370677
83.76727302883376
96.19068353901622
88.98008940921198
83.96881687864828
72.49299027639567
81.39777229987257
78.77397980233737
78.80365042618685
75.88242794336416
83.33492835439932
102.73964507075026
89.73393466940365
79.16320521860922
89.98898562392317
96.74562174722071
87.17342148415109
88.83135865776758
88.46703208674877
92.73539499327616
83.90708705922522
69.56429300211548
65.20593389298551
68.66098547833894
71.03747661208392
74.36141141269026
75.59596278327183
74.0344281861331
85.51240518173361
78.36017253403088
84.38797726857416
84.04786037160615
92.49772794229486
90.07100774305144
80.6179281605979
93.67481784111749
85.31930302673788
84.11221232863083
73.8537377188929
62.74923395620171
63.94902411789194
73.46394102532075
88.39296566429704
86.31258132114557
82.63735193425508
68.37143547269737
55.415318318862646
59.426768740141
72.07554124993838
72.17707123240517
73.06371070396465
60.353507227287
78.147042885573
106.60157336089411
93.54508348574068
95.12592561529561
94.69770794439421
82.40727845596138
98.74755302591268
94.99208852667245
91.28937913195485
87.79091917609152
84.18326983196987
89.74386198230086
99.133019504001
96.40957197350187
91.03434424372527
92.32768283404499
87.71624956995616
80.20249064258782
89.11067188658879
88.56289174739473
82.1208604565308
84.12446483052128
86.45180676411003
79.25637635903092
87.23189474776846
82.5988845043107
77.8456154563764
83.6852681389962
74.1389099048131
92.11252259644563
83.53299461858806
98.19623235686495
94.42806858815874
91.56834959661322
86.53580026225804
85.13188847193888
78.85286479372529
91.57027837724445
83.17264202929167
81.47808534289905
74.02627857183043
77.72189969439182
85.07507859489213
76.80455184792699
90.25735169305928
80.77962839547773
78.64120189363423
81.10850611153617
74.40782641475663
72.7829816427972
85.94814352162709
75.66236982064493
93.24664382095895
80.5960827461115
91.25391813687014
89.38642743284481
77.54057195987068
74.880515280858
79.21065007280507
82.03332784083696
83.86635322145753
86.44869711224742
94.05453479857199
88.70290789599474
77.36042254743953
78.31759752787893
75.95147725061264
80.67129415064976
73.67781664407944
92.08432960519427
87.9957305154677
83.81727169383801
81.75875568554059
79.33264292447143
87.31877475057082
89.45027159755521
86.48843914959976
94.51935100176823
102.17054481677883
98.38118701146544
85.05597829094641
90.44191833780347
91.34612378714925
92.25705570183939
88.38268903584792
104.15561874292156
94.90997297911757
106.46830754140899
99.01694953982715
111.64871815883394
119.0413815612124
113.80087321851981
118.06811559391065
116.69822793713847
122.07822335165488
110.5066350709144
115.71756273908517
109.59025141062611
116.2231526376248
110.22504530401102
105.75874035318023
98.33201264692502
102.86426228404939
108.70616673575817
116.69991234450777
120.09410191003246
111.69511959380141
104.0127728366669
101.31052260215507
106.50253506568089
94.90057065789874
94.6927589234841
101.41588367678976
94.49642980449485
102.22131491885791
92.65824538829042
87.55642182286464
78.33498053594616
75.66316439508635
92.66615673200995
85.16661375710204
110.51577593958064
94.26601772927474
100.75655794567632
89.80120968962692
95.26825246073865
126.53326155804307
107.89617132342477
111.51013011831243
95.75254130534388
94.42366798971659
100.3087925452587
87.69723084178352
80.50110457407877
77.1130857403223
82.66248898045467
101.33315586521601
98.5159292847481
90.2973095737673
103.34039153743385
93.14465170517884
90.54775931445852
103.00026034211682
100.35217108152624
97.30232649629346
95.1556672634745
88.18984132860358
102.30014708102149
105.66694012395095
109.51590593325761
112.14919656407513
114.88076960466007
97.04355501767331
95.15377550403053
107.51355584530049
115.56256132285661
108.51372399725769
109.7902584615167
91.13535644434357
88.85517409469233
90.00359043945998
94.97639157427461
93.74005727515323
98.25171061519615
107.6831319316671
107.06748333220077
111.93881972984686
112.07393781577585
110.49057239919381
90.81859154236884
89.64643790736048
83.80700693954816
104.77476015980102
106.50226975620339
106.66990525216727
94.85244020892418
95.52026760216732
101.05565919879882
99.71007625037042
101.62365816698134
90.75470509154513
94.86973285189545
90.62550439238821
87.41410655517916
81.82190162202849
84.60840924571261
89.28007884651241
74.43867077536683
76.60036674283549
77.88687837993824
66.96513052112915
68.47077179686258
81.77642275488444
79.24611116352715
80.00337220737785
77.216138082725
73.98867818193266
69.54245153437827
59.61134166503835
76.64768689291786
73.5023532764842
68.51867520233968
72.82443437800264
93.90372371409836
89.70060638904145
76.20622912815483
73.62944571694872
71.33271047227154
73.86376156803111
73.89034833376729
79.60608650150665
80.46246177144698
79.15879756069894
78.73248497590804
81.3166255436099
99.19904326458416
92.18128713352515
91.66391062960027
97.28559598096402
99.02735738534541
92.93168815067804
90.21623817388195
106.62733347242246
104.70088199704028
102.62499099753641
101.44898750195092
94.01045381772926
91.95807975013749
91.94177115299249
98.47943476921535
85.7601082693426
95.69814896239515
81.148025716037
105.69153493711102
102.25367684330052
108.07138287574868
103.20245429643309
96.20097051756215
84.69412711595903
111.41808323146154
111.70000577199568
110.04972188108806
107.72839131624686
108.22373942640414
116.23255722737808
116.82230442243515
116.12336443882756
101.06273891856773
99.62974694627395
101.10649120374225
90.27266287583635
78.84876522627813
86.8111053113068
91.14858629130454
80.52063975981036
82.13029696680921
89.44556048205219
91.48523089394625
106.4395408348678
102.72288937648715
117.82361424840641
103.18613977626657
91.1510899611964
104.38955325220914
95.20546394627307
97.74212786464055
96.80198270462066
85.73394371808467
95.05551648876143
88.94425793992494
102.38136190430313
94.85400912490574
102.09606366183657
93.92109339306909
90.78899625269295
92.24170514424227
94.9612920864548
83.87234362180024
77.60895739946399
71.3283189160958
81.90690573394534
90.86418007872655
83.07330777175244
92.74767829366114
74.33201543413425
77.91475004397651
88.76290683584429
88.74057188103274
103.75008697146293
99.17149856959902
86.31019488122182
84.19436476901895
79.76492353776526
86.79654275222687
86.29329946909597
88.84356278770835
78.90474666392828
79.5534842985252
78.59981617765142
68.90035903364206
73.3054633990654
62.26982402970508
67.71699996996995
70.59505492883011
77.00372343147195
67.21340791211954
63.991140885546386
70.191509609573
63.480712230159014
79.03837229564802
67.82594080878538
74.96611456349078
85.66454803702196
80.87210075655408
75.01323550369602
78.59593533736644
76.36955441764697
76.97645243803396
59.18981111726433
65.94339905725322
77.25564338638965
89.56303935595028
88.88958376524943
74.4874843186479
73.20363650323092
75.42170519788328
49.64712231559547
64.14455230350659
47.963660069446895
54.540813249678685
65.30694738356809
72.43443133637535
82.39648290589885
71.54329076418772
76.2510640981253
68.18340757744448
69.308630246858
71.41185536229169
86.13200063237075
85.64627681745613
82.56106530679223
80.4704767055167
94.17484596996286
106.25045509993168
90.83806240266075
84.07581156267757
95.92600343961828
84.56100130619689
96.92620354906876
98.5550415955757
93.89849053533867
91.27718799480984
91.03839306990034
77.91331169603176
76.62801126334908
89.71902017682682
91.38953265277249
76.2628722575816
72.06293971240208
82.56491389267917
75.48736156273031
73.25431219226792
66.01872775015565
65.10854766505462
77.82070958758486
67.03413131225301
60.51330922929587
62.10889031332361
51.737424913956374
40.31904216373537
50.741799866200154
41.55399018292062
38.45661491661816
41.383151017576125
38.94224666493703
34.930131255277345
25.003023504023457
42.32434378021722
42.60114784145006
34.36023487247961
40.253995945594596
36.70693721341208
34.59349700789443
38.279589092352154
40.80414461671221
35.109747369660724
28.91818756492487
32.96038108349501
33.37243806230191
41.73876839668495
25.787553063427453
26.268116997738684
22.962900711672
33.774147563780296
44.13786888682931
56.20176192349706
53.42198729314888
49.14555812067572
69.46824332789765
63.138061213776275
59.22638588342539
54.70587264336968
55.66586979800358
44.09448354503493
50.925739148853786
57.09022007476121
61.421765381562565
59.647508024667715
65.35923974511545
70.0798836867004
54.54757875759835
45.88458141576161
52.90141434134834
53.106116680936836
37.1145142933853
47.14712590918538
50.39966582728007
50.09497886097561
52.288633501312596
69.7578516336271
55.065459608796566
46.61068458027724
49.22088793355378
46.18235224648391
55.80114440503342
41.486533217338646
30.434280017094284
23.275931671705777
22.01572377322951
11.277850407422681
13.631906619269209
16.38573480992421
17.99340601638707
23.38205680635264
12.94026453250822
18.624940481554642
25.598865392260585
6.433773078979066
38.12321799989233
41.24937238402713
35.25856781367747
31.3383799564212
36.23474702668547
34.524390926971314
26.168930109484076
38.13341125224429
29.428135169895622
25.514570015870717
42.0212158743015
39.01611043427817
38.439294491017606
32.75425688919919
36.51571459650547
34.854835251922225
36.6923292154332
25.910471207790494
19.237977087378432
23.119340342142724
18.225879792058098
14.273922586084712
15.347236831649035
43.96989927387941
51.346677983647595
40.481480984318004
42.99694443073299
45.64621010202243
35.65972234014126
30.63042540343114
31.45087241852761
44.18167135443502
46.82679628704146
49.44412568792637
40.36809462791002
41.556095461501904
39.9544302042924
38.59388739454701
50.84218889315512
42.25627589201327
43.46186961482919
31.260683403921202
37.411454023261044
17.429010415825417
44.93229293411905
14.351822164464153
53.949961420785385
52.51312655690282
56.89356723607137
49.71950410037935
47.63451133834193
34.24025166840143
48.710228008589446
41.420785622107076
45.12612162193136
31.010308038835987
41.25116840187831
37.91775343937373
30.29504191789508
6.645156562152244
25.727483719870108
18.95467886180434
34.806239554386075
42.69373038996187
37.362434018065066
34.50166548753687
30.696497966522163
23.4529450935609
17.49802653965264
16.20869999301213
8.98538285784288
18.509655472532533
22.58870290115938
35.263169009595615
32.01976153695157
23.169923595994316
30.632714922488194
22.759351129951995
15.485832262470119
29.245750285896847
19.95849626774619
24.822168605717028
28.013559962711792
26.61357684659697
33.77131718789668
27.517387709285455
34.40286917090756
23.476679349152406
22.60401950749557
23.478252220830928
38.350263214521725
33.11447302554582
37.207677671057354
46.11450494527089
54.3168445372294
45.275098851889396
43.74206573800338
48.669998903369546
55.27124817955415
51.20747861927846
48.40121357937635
53.27901034447858
50.20158586204465
62.456059541954446
71.23645860144264
62.5433438158275
64.37611594582957
74.99868969124563
53.573994515536974
54.337179609008146
74.0790006489006
74.11474020778424
48.75736285515295
73.52228959727897
53.62859356379563
59.97887563580838
66.99039592242275
65.63135917376283
54.84261940491815
55.210960497572856
43.60666334419943
33.732440528368045
38.376064173258584
23.8644688438633
22.77114147703742
34.2306666695439
24.91005930044731
24.645886919915114
27.23519956861398
19.348647655339825
24.321870667988463
30.30624266121565
49.239589642764315
41.96648620377664
45.85371649546873
38.4041650199623
32.785667781916175
39.04847432475477
32.47763618571292
16.163584222215924
24.379106089952295
33.337240699495084
26.735282957170565
26.57379944290205
24.625283164263408
6.522908059932339
36.10377151828162
29.16576628301637
21.078707067115552
30.15295932441594
31.03233148645407
26.455204466660163
31.031648315522446
36.46814765583847
29.56948243319491
38.69185012467759
16.88419359011435
12.329000650258417
5.4395994076362015
16.63315685691863
37.10257325576258
29.167945431023423
26.47335175741674
23.56397611018845
16.705097206386807
20.05059843413949
15.424816900338534
29.300757463093536
28.656023170760086
33.741013528950596
29.095393198774666
37.93212921838798
36.489506474460875
26.50079072261962
24.494279839977597
40.630348653448735
51.02613818837354
50.98496132249371
60.90640101061765
56.43596023322619
48.627593381525
58.34485644428991
58.60542347752444
44.72008032832268
38.14372923545804
34.446660602818795
46.36941734032453
34.57961555930153
38.23376070373309
36.20027610217974
35.247273919748324
29.79715192891725
35.37247586354649
40.93620322698334
36.27615478727172
31.013130089248993
29.07542431526593
26.40063229067277
29.004891650772528
19.55932867576757
10.628119283759714
23.70642395234833
27.20423960355532
40.70900183118903
40.78373773315876
35.51656813923926
38.038148573525305
22.94244392481313
27.00387868505956
13.77122414308954
50.59808003531896
38.799505138351684
24.99707684156202
10.509172653937068
31.933070595810683
32.098414926746436
44.17112598583358
38.22242077024985
34.41983381857893
45.21258286498735
46.854556108436405
36.4321545712618
46.69261701809455
45.07361365883042
59.39729204274452
51.94916811552281
43.440104992755494
45.37141736589895
51.432258631160636
40.90519933515294
44.53209624087193
46.96921407500101
43.290638815608695
41.10580153190497
30.565206524716487
31.505599443560893
26.376955548952722
30.010024742304214
27.79954031841622
11.211061824710455
25.232834003161216
40.63764814358467
33.197477549655424
27.581979147364155
12.969079081267278
33.19325546772611
33.01986002485368
28.088641113265805
36.81155054068872
32.82341602186016
24.6095653201808
33.37935208071032
40.65258089855425
23.931784564830643
23.636813540277846
26.162444472630558
18.390923802897614
25.838509164838335
28.476568308684087
6.660010987593275
28.727263490836773
26.835981746495932
25.227745012338637
21.790013579475
11.47385571741374
25.323774836385994
14.62008497685148
36.37902165896809
48.445314354832924
23.8269359174209
45.70546973628405
29.110951723673082
12.030360967856572
39.071192229741555
47.01468514596462
42.031130572401764
47.18133512846526
52.2942474377817
55.71337250826497
64.42670377161883
60.14473743139709
59.53277673343195
78.67495068398027
68.20820026323214
63.884981812904826
58.71786300839751
60.50410974325378
50.81869625526781
34.8186904350036
50.537848048513894
56.2785914160689
47.7113220861146
61.03876850494853
57.41872864068345
63.57710344402631
74.30852095315785
61.90468384590139
65.20641398942419
52.35232248001155
48.36606252406487
41.8985909819274
50.51827542797858
51.966792793994564
63.4077305293003
47.69700142324274
58.937109610603535
50.55015399799316
60.79973312842005
50.596634362419024
50.903676821932315
51.28893826535694
40.797182822533394
50.76792432282362
45.518421176253874
44.67863804762595
44.23648276617263
46.35989920308626
51.796829085211506
53.33616793976712
57.34713941981477
58.31143696422558
50.49936515524244
43.34097490305337
41.891708168934805
45.67022831481903
52.76391593997072
56.84440273401463
50.88698349804462
55.34007253378188
50.291516292875514
43.075710047619424
37.092073276424884
46.60818073159669
47.14834669242737
47.723087683671665
36.21026367968261
40.67698130992074
38.49515434278533
38.39294409368698
28.27358503875175
28.818835533243096
22.592253304781803
18.961880927659564
16.81432397557482
14.51436702727382
30.045704606535317
30.586679464656683
10.197212049346122
39.82769954362299
34.931212058952006
18.081367081402128
11.68673305090571
35.25061140672279
19.12242931306647
21.79667959130028
38.42545020552281
33.065318942674324
39.96581818840766
39.744380567973735
40.70196646996665
50.167558315817885
33.18154893274621
40.41522531374699
47.17103347506968
52.308985025005576
36.24624148128555
40.40547363044147
40.3418565199598
36.24343624671145
29.968017546271373
39.65773588677835
33.56024071021239
33.740975495298024
45.822965884535535
40.33148369729513
45.13239371112434
47.12088135076603
44.289018545373054
34.89658171917533
37.0192728639664
35.48301801541693
12.19268071134088
47.2502850804747
53.998831393377685
11.617908785886211
47.002898137497944
43.363575373573426
11.730684550622488
40.14457779611189
11.349979177136769
30.52675898865879
5.875328176392371
44.05774690292828
43.26903615095657
35.88550142511501
28.153807838767364
20.779054881354533
31.095992575504027
39.2958235654997
37.52380000700285
37.01878530268439
37.751005623313795
50.89527096055945
40.082698263792054
44.36243288579576
45.43574910025885
33.766857342684176
43.69583253803929
51.677100172283865
49.79813246740438
43.68101286087188
46.496041575088526
45.21258785366828
32.614474382295214
26.532593187683702
36.20289424373925
47.92043948741201
34.70787674251743
42.58896625862824
40.54591940943913
50.58059257862021
39.294874891135564
53.82696468823858
55.84812506392639
60.30858907334587
54.20194372702818
74.86684074958238
65.40816015111828
64.19816391618157
73.8342987184021
75.57503421164623
68.57826724230715
90.9880482677446
80.76347507593191
65.9727122119097
70.25924915033393
74.17843773270491
64.5732581166907
61.39165326765383
67.87207219780409
71.34579760367029
62.881180231176614
65.19461304119284
48.51599515357046
58.11096333976842
54.23709874077709
55.67488693956488
72.65718016749908
64.591108731891
63.71891999772327
55.900553674852
62.40864702084943
65.39820504002341
62.18264623986239
65.83755479309332
69.29557896854149
79.55593885309091
77.80019213814985
71.1495567327666
74.31215913168249
72.84594164974756
75.3127130302469
71.51964436400591
71.16685942755213
69.06368760021384
60.27952667373735
61.0912665250015
78.4322231237975
58.679534003086495
73.318035283926
72.8189162937211
62.001499168934764
61.02629810666771
60.54275163152546
70.24748974105373
