1181685259.7349448
1058838305.0424236
687170517.9727634
898198013.8043147
752748012.4903917
890018124.5357774
1018654044.3569516
994524859.3301817
986733098.9399407
726834849.9814937
538252261.5899286
688439916.48635
771431409.4995809
744911246.395153
975575894.3434161
733608622.6621051
1352495030.1095505
1256570255.2068748
700827406.1610289
628697864.6345271
1256661970.9658053
823345592.2149211
667456465.0722123
815446301.443147
936254452.6222731
906023518.6293969
791436792.3943939
901301897.1297048
694642280.631264
866095542.5437596
1037392019.4713976
930703415.0972762
943354494.8276252
800767609.6629672
1157638754.0421045
1171370468.773399
877159817.4333526
762596467.0901494
893734196.7089202
869756752.8929482
785976198.9324716
908559378.9450539
1090190213.1978004
852730699.5465564
609062233.6398981
1208912400.6868942
1043240151.6946839
1155390677.6498504
804486190.8483126
1141317308.693935
996649233.0531374
966584068.0613861
1133252333.8897207
945844518.7891954
1149141769.9346128
1115591031.275154
1019709902.6407821
1093135347.4466434
830659847.816651
834603102.8915681
814851641.577967
736931614.6867297
988036556.8882592
837080598.8431271
1062928879.0847627
994166211.9452562
1048600050.4194531
808132933.0626711
1075590111.9515564
683415985.437908
1150182804.836655
943905584.080599
1018511350.766289
1380757080.2700527
1058681885.3375875
1007451527.770691
1290027332.9117844
892497950.4574695
967438669.0746473
1048072703.1574402
912593490.2276875
1266629314.8681653
1037455802.3268311
867436705.8233445
1113555604.4372993
1062171159.0725737
1176388016.074232
1033009463.6042578
1118388697.4554477
1046878367.460052
1132232435.6691294
941237214.3393047
796153253.963776
1193778053.991136
1109676535.8659215
963816344.8214945
1176966489.040441
956501375.6186448
1059465260.3242598
998322026.402465
868483695.9410007
1246887702.550259
1169587886.6757896
722309355.914909
1175263326.3475513
1154776763.1822598
1385356152.0016992
1175814617.24441
776540209.0507023
930755784.6601064
1006168743.3974472
1240189156.238393
979799062.5075793
796314966.3976575
780686886.7754912
762596822.4149388
1113377169.4513168
1519614663.5617697
881530128.8062968
1178090630.1932108
1084930334.8984187
1175089957.4293847
1038017701.0627861
1485277104.25841
940557883.7938623
695907263.4666703
1216452299.0470803
1357628126.3123574
1089522017.4907486
1364753916.9570196
805854209.9433767
998402805.6608098
1152673154.646639
939662050.0154616
956947077.5149826
906229255.232219
1080001992.4225826
933463534.7293046
961859130.5622023
902989807.3171849
1365943969.0820498
915411496.8007584
1166981976.5601199
1312808333.8734262
1362271110.5059013
1530525647.5858145
1004508479.590558
1288328204.3038995
1083449732.0048354
1114186944.7926438
1023975355.1086966
1111845970.3263326
1054030617.0489665
1105598769.3509724
1079184418.9855044
697168627.1167867
978117529.8292267
711497658.7816683
1093031560.269607
1064379536.9269108
659735966.3883028
1006738132.5205672
879789369.1109912
758319668.8114719
759625683.6848992
951308635.7982112
1139776361.741582
1342701711.1887825
1700823891.9305766
1121023054.8115635
1019740585.2132328
1227290621.3683014
1103938103.793487
1342502991.6259353
1033262807.6828417
992925933.130177
1077580972.7010794
876053591.7392917
1217626933.311654
1034973286.3719071
767284716.9175243
1209941709.192182
958384752.0761852
998627508.6048698
1037096894.8912708
900672217.2566694
911608331.051749
1647781375.3781388
1539888397.5228138
996990091.1252234
871636401.3344662
1095909811.5182283
1254076162.790296
1299223039.7371182
1295916175.4607756
1270207888.4960282
1494633597.468192
1450200801.6138937
1425197903.5802283
1370464744.8072116
1457543661.9825408
1244980611.0443707
1141094558.2616668
1187131561.9075656
1275594742.5750153
1180018389.098081
1277883155.9296677
1422859232.2100616
1032994801.8399398
1630523174.3546598
1513084950.6380186
1593272010.3542037
1225227081.103782
1262472431.7382903
1445278450.6921468
1111103885.7803528
1415758442.672576
1118921611.4988787
1472940375.6663852
1569457752.4620855
1175625122.046989
1554920862.560243
1134764055.7123127
1232094797.1144736
1404983532.2895527
1261954618.7702653
1228059318.6428962
1104929987.0872784
1635272208.9084747
1971863680.018713
1571644373.688291
1324406038.243171
1287126886.61158
1472153175.6805441
1191869511.0722547
1307552005.0501065
1180226807.9545867
1016979298.970078
1653538527.685928
1666833816.5604808
1544127322.9343479
1575628246.2883189
1207042555.0107381
909476776.5676866
2159812520.787412
1357131280.3922982
1418303792.7808533
1500632264.161659
1266431638.195885
1430311306.3333583
976236709.9069653
1456813641.1154087
1553944478.7304635
1824465270.1610188
1377599457.9679644
1616354759.5758657
1616026233.9288445
1447906228.744794
1512176776.5245798
1443270040.5707328
1080650828.7468681
1106059428.5277703
1858448669.041606
1780755266.1238592
1229433788.63527
2053373218.7074807
1729293955.1588945
1457624074.5278325
1410871811.2701974
1309773922.889831
1720432303.3367636
1445614181.4394162
1255252362.789391
1660538011.4659886
1137730850.1497097
1076988671.3579538
1353689338.121115
1345151898.938371
1208664077.3671076
1486227843.5135663
1469938125.3639932
1073550672.4134363
1700004894.0310473
1355992247.111496
820377702.5089016
1430709513.0043938
1421395539.8233516
1542578989.5430965
1326656308.2459583
1456134803.8472967
1185919206.3961706
1583965078.9216204
1521706721.4001338
1653366818.6452396
1354779358.8417664
1377556848.5108085
1221922798.5414572
1651371582.894083
1579366689.7587729
1609674188.7379053
1276037045.2725973
2027908490.113775
1849413384.459771
1020920082.1607456
1444456783.845815
1438836558.800166
1167249221.141988
1340576267.0584893
1258898160.4635847
1213252672.420002
1312235292.2914717
1419657230.915143
1671387271.510489
1640169249.6106665
1606189424.520065
1112693620.410404
1577977666.8778014
1472591239.8998609
1681315551.862603
1549916982.5244935
1796842940.3536174
2054829279.226041
1147640498.3672442
1661639375.5272079
1341532490.4534194
1263122968.5791123
1237895392.4607186
1462389167.6761458
1779944640.8530748
1254301059.5757775
1835564024.6917675
1603716350.8323002
1061997770.001455
1154956532.104385
1257833658.1636004
1543701619.1497784
1615430144.193229
1463043385.9217894
1351521909.4241679
1399195113.2702603
1176181514.4395108
1370135339.4271288
1612253366.3371434
1149068054.593949
2129792767.5752907
1336383405.9393916
1427166083.4086819
1339634229.0387378
1263612998.5318143
1484352500.519295
1215086808.091271
1560691659.8234835
1536739379.6574025
1520113684.550139
1416161147.1127348
1552212482.2647936
1556370151.8607302
1786693577.609412
2019658779.2102416
1494532198.757336
1675026716.6207197
1488575078.2697601
1656798228.3301015
1381710487.3880632
1531197614.6391008
1423863372.1953044
1741698905.1028576
1768022115.7503948
1126591878.6329715
1405325836.891177
1674050757.9660172
1269253857.2208128
1746540632.4129138
1759291102.476954
1412372948.5456917
1592130770.363261
1260540901.9706278
1429517198.1238391
1301853935.1660557
1292134293.2103949
1298516902.0277874
1283575496.913962
1470642654.5013695
1259087426.4068155
1265400102.2065403
1330195977.8474143
1631216622.1201625
1125814150.441972
1409881153.208845
1260279510.622403
1232688295.50194
823645373.886931
1437779197.073251
1798173081.8205223
1377783253.4772284
1270895725.1335986
1717210453.7969177
1603701550.6935754
1342337842.263682
1588447543.2466447
1077950662.2331295
943423677.3064064
1738669800.4208324
1118571368.045422
1482150555.7988267
1149325407.576056
1604711934.2449756
1547894746.373823
1471536654.9532304
1050435401.7668146
1522699851.2203786
1508155320.5914564
1136275516.3313398
1420955398.0328481
1420176923.9834173
1657889350.7860942
1254127605.5815854
1278979247.0178792
1511628359.8474445
1500403236.6881502
1219123290.338375
1369685659.3108606
1633922979.9615693
1452390204.886529
1228854802.9185305
1312660135.2125068
1151170017.713036
1209621675.1172984
819701176.116071
889895910.5614799
1202192822.86941
1377373350.4911315
1458507922.6882424
1542685933.4018528
1366730526.060479
1760408868.9026175
1614337335.1572785
1281151313.2571697
1328218560.4261837
1242187090.7908757
1375401890.0984917
1507121702.5638547
1299719563.360082
1533423977.257813
1575963391.7300932
1687365465.028458
1612862634.2593725
1412681795.1670523
1681927039.5052252
1056346883.1943891
1243884798.3635733
1030514535.6442006
1383152562.219156
1777562754.6718307
1094746252.1245315
1067593768.7642947
1020175251.7886403
1451418134.5968013
1291779187.104153
1540679845.088754
1262196124.527063
1162910873.2035046
1252006451.391166
1437671646.6853755
1161850542.3686109
1296113750.4602435
1231189799.129942
1309884260.3121445
1450250332.2018692
883263404.7629957
1595163730.6220074
1266721928.5868216
1028658127.9543405
1221286445.162032
1023750205.9096793
876275119.8025006
1218724504.0189488
1149890579.308705
1337718845.812079
916740799.973444
1145634551.9251902
1497669383.6268182
1162021087.6705692
1228256975.393719
1258846647.361388
1092180274.5581958
1110565649.2371144
1246249393.566655
1176821784.670976
1459647555.557192
1321678411.6665947
1956931115.0313432
1573269393.0463157
1206299833.1940928
1145669966.0238302
1806989572.908094
1152020945.4517634
1183190712.917987
1049048732.7175255
1323997271.557627
1145451129.627627
1444669886.9060965
1492189226.0039468
1793741534.4324908
1562583670.2357821
1382555676.8842108
1804004073.9874656
1212708212.0878448
1536098506.443219
1401669215.3409028
1531525699.707034
1637170561.2177014
1451013147.4062698
1483375574.6126747
1056479939.3484672
1256674420.5906339
1922947655.9966962
1385915513.197858
1189357366.9449196
1463794362.6811454
1332391532.3659992
1717029107.8234105
1090568652.4138656
1326128461.9537354
1205827580.8023043
1517641321.583922
886143895.0803721
1555571866.3482895
1730558872.1765547
1770542660.3142142
1644402311.2345693
1585170988.495957
1518715093.8649328
1681285899.4101193
1253224672.6420798
1548016113.6819272
1439444553.4123774
1327255740.2181277
1391584301.8793445
1640219947.6834962
969304001.6497096
1639343642.7681203
1450350231.07155
1954784097.2592993
1624711564.4807491
1453468175.2336895
1447085709.6382654
1602205790.4577565
1417089557.1693945
1352157690.8020835
1444954767.5258489
1266464498.6094084
1350194340.5715384
1706384186.6028986
1047575969.6343719
1471512363.7552807
1251468178.73375
1220328315.5225947
1383260920.7795618
1338965210.2180674
1875553478.824697
1406628673.5072072
1314795223.1196399
1300111709.1546483
943995095.2195184
1225140699.1012554
1608869400.9075384
1707842186.6718526
1318751380.3725488
2138395559.625913
1513201727.8307111
1546361735.3639283
1683542443.2294686
1253888600.726858
1499369074.1655848
1478488236.106533
1274227107.3757327
1102136263.963429
1154614371.9776735
1265513828.546681
1556615728.424198
1131080808.8581007
1286261163.3348947
862331142.5368023
1426405125.2369113
1200599349.0485077
1415203701.2602456
1539715296.6451862
913061149.8249327
1377924344.709895
1175236938.1880214
1401502203.164748
1332561498.2501266
1274695518.9146876
1412585454.2608163
1534493887.238718
1205870536.0882564
1143436740.655978
1458784996.2876132
1180430994.6344886
1521118597.3298166
1307695436.5139313
1637452091.6021223
1257324177.5931337
1321354392.4437535
1576449299.5110378
1350308912.0965009
890519269.5974777
1497653015.9092493
1108991096.9653788
1348797376.762221
1536007318.6278028
1212366911.13686
1262478585.3289208
1497810097.9615169
1174998635.4420738
1434078739.9852972
1331811335.9658127
1287270461.802213
1209197807.2591662
1644476560.883332
1088109865.1311111
1340432610.1051803
1245173696.1115136
1422633978.7908456
1317726561.420674
1228239334.7671251
1247222746.8410702
1385053030.9776058
1111115888.2997546
1742571757.348221
1832578827.3373404
1181297016.420565
1355324023.5018327
1129086882.8395543
1583252319.0439258
1188640611.950468
1347900959.524992
1607917211.3629465
1085962761.8030715
1315598553.9160776
1543210200.464235
1285408539.9398053
1597968289.7718272
1353056655.5152152
1705914194.1063886
1411185751.8523896
1587018297.9711637
1341162775.3663697
1217376588.6957922
1639193712.1359112
1261769712.6480896
1455341451.1690202
1123405726.2089689
1328853350.6061625
1728246350.236722
1324052939.2666438
1656352973.2512448
895273830.2914371
1617011750.1833944
1140018160.3033364
1013555635.9075227
1129537172.283245
1274565277.330867
1180276587.3140926
1243488162.4684968
1385642279.7701294
1452001233.1996255
1168646882.4291582
973162046.4492893
1593755196.86998
1469464650.5256462
1605947315.9959435
1559093442.6997135
1274715406.1939251
1141064623.1648252
1314947576.1796
970344068.6669056
1179315471.056789
1292631751.5360305
1237037891.4742954
1197863463.679334
1533710390.0818398
1342231365.7505426
1499365558.81102
1213998990.4234767
934434769.6488681
1044947771.1896683
1357604331.4775815
1222180505.501438
1055624464.7767414
1416952272.5623305
1402697124.0798407
1103266588.3643827
956522330.4213629
1214526028.0669036
1209401539.2092605
926228525.9842064
1449909339.6456056
1265738673.1310809
1297662300.2439563
1342671515.3388894
1422595046.4365492
1354836805.7111614
1286609193.5506704
1505777846.308385
1015463134.7357299
1176532819.6434445
1116550039.705468
1428278193.2581444
969553327.6853497
1190902486.9227486
1442703096.2592764
1528870010.5894108
1080203713.096526
953223184.2054394
1495983475.8839295
1174429587.8629913
1178524368.0572004
1393524407.9048426
1107565874.3938773
1217502875.7267165
1181658060.6324964
1137302566.5120804
991452167.0854826
742478068.4782376
966567676.987311
720327547.3134516
1033467902.4550207
1215079970.2983675
722019400.663
1256877234.5713773
1173988742.3487554
1388205434.907896
1124805866.8201218
1413935334.8206213
1426379539.2970319
1259284838.3450418
1288690539.4524946
1296416601.2070148
1619108082.1860888
888225126.4330052
1274654825.3400042
1527267949.6976237
1311006297.479395
1453349216.4286098
1267114064.5986543
1763293455.316044
1530430758.9016144
1803958894.2612367
1387696366.6687589
1556692019.5206356
1509494551.6109045
1387430693.2321844
1486266157.6468215
1080832366.6121612
1374186793.2463012
1483608387.7008576
1537639102.841082
1115153059.64206
1166281722.612031
1237669348.701814
1253704318.9647293
1419518778.848108
1458862563.356417
1169325141.6266181
1198709436.8652985
1860035790.161795
1782391939.8062918
1098970785.1711442
1547455105.9309986
1970092980.7729182
1550883521.3227208
2027341407.1174252
2066427804.6634858
1446759219.0836997
1732721532.8210056
1439209735.239291
1534254548.56425
1402960598.9824915
1077717165.588306
2211069954.7661514
1318178064.2326372
1687089178.8904977
1279015274.0082142
1332678911.3396142
1404439809.9250104
1668091330.0837739
1630675506.5899897
1682134566.1353216
1963677362.9976616
1136441384.716357
1310974300.04968
1769209335.2206237
1803127934.8391254
2320660601.8356566
2120551109.4477003
1878195437.4048052
1577008364.5614526
1816985207.4698274
2085446679.0351276
1990139301.3926418
2366082747.613314
1586305917.1600273
2345686332.041479
2226357050.3855944
1391820274.2556467
2278557272.9842925
1855951076.8565674
2282022346.595577
2146584359.8972955
1938514313.834148
1475648614.9596686
2141742767.6873605
1594149298.778336
2250812617.8860073
1731781040.0043752
1831239533.5449424
1419280069.2535763
1770964537.6041753
1641059122.2366598
1649471445.954134
1305030741.925749
1508548594.0496075
1532285030.078446
1354617424.9108999
2263452964.861387
1764900780.3192809
1897263578.5961275
1645756704.8666737
1730207582.8031087
1505675968.147289
1892480258.626608
2068593194.4689453
1469757778.3053493
2222402183.610447
1778738248.3574908
1565298438.0343506
2070916592.2882266
1971851141.436821
1521688101.9810653
1629546325.063142
1772632458.9985838
1609690035.14003
1550101801.8014996
1486323677.3930519
2383538579.7488823
2098188983.6363578
1712416790.473494
2122275520.4800735
2064611364.3031273
1822576278.2869983
1529082997.3904977
1893781048.1852002
2333196391.4895544
1903709950.150506
1845886279.5258906
1708022957.4668822
1333095081.0953164
1829896120.223591
2090863638.1883595
1697117756.992222
1601846189.4544537
1893097977.6083133
1933197223.200679
1721990336.7156103
1553885393.866152
1802561700.15365
1790951314.4156055
1926399024.283462
1751617122.6371083
2005236338.0318933
1391134928.0124624
1420504201.6794043
1745102558.507386
1407260585.4303691
1586495244.5331163
1297089627.025387
1540300349.9450593
1646567073.2694855
1567605251.9945774
1594415740.6220918
1626830193.683465
1452915533.6554925
1883307479.5512745
1744889573.5807164
1798625706.730677
1773156667.6896524
989471743.4261206
2032234324.0400577
1327288699.332967
1337002215.6383507
1355324453.5919247
1570502237.207432
2045266994.5508878
1546179634.9941955
1505346594.2945547
1562235478.9636514
1614301173.664577
1673460069.9066396
1573189512.6965616
1437976471.0796766
1565784141.495164
1749391699.6577795
1444140341.5845208
1317631752.5422525
1134685532.6969097
1722192549.9622207
1534950046.2863197
1253865692.1137908
1551813309.7822409
1681209030.8085878
1319046730.9143758
1342175445.3784819
1316711989.4142997
1467906037.7953165
1551430981.9536495
1516652107.7920651
1395324690.0442362
1211959508.5380645
1739040568.563243
1241408989.0508125
1605370258.5252123
1805897353.31397
1300688268.268153
1554328192.4849222
1594194484.223342
1384523456.0435133
1590081820.4746025
1901152724.2724292
1324823955.5355167
2004944352.2050369
1604718830.2496834
1424658056.9192464
1440796187.631771
1472775966.8960104
1739875037.5925643
1664729359.1313152
1843959032.4259498
1689180809.25775
1446867091.042607
1411491847.3027568
1138188185.383694
1098885823.273026
1634621920.9405107
1315288425.3734004
1196073480.660367
1385201615.9744546
1414110216.4044414
1191774129.031921
1516058256.3200862
1620329279.6940331
1506045773.1354609
1607433275.7757332
2098619397.0720062
1700133001.1449013
1674638880.7303636
1246301649.544733
1772067240.0818238
1599745384.5565686
1809428808.3554573
1280329741.6910422
1773031448.7661166
1878413340.8106008
1563341621.2893388
1341856110.711334
1899462689.1738389
2277305820.136665
1344215342.3449159
1779199553.1141536
1867828530.9303567
1509104894.2442303
1445387061.0681615
1562853084.6748338
1413300029.6542635
1630486462.5602717
1502975036.7681298
1604953802.7226653
1587086990.4918842
2077514028.4724963
1634905267.018419
1564903651.035485
1159858469.630053
1810680488.1492007
1409953753.9181294
1605059704.0990722
1580997257.150666
1739220366.3285894
1649895408.9437795
1140091118.953055
1624966202.4197
1994287364.5954947
1052908955.0583384
1607635745.6539602
1547006594.5995648
1590940980.2402136
1522739849.886089
1615498892.1957443
1210736126.8496506
1554255963.4845798
1421317493.4653356
1202132827.0091968
1151897089.4424233
1402918536.825707
1493712076.9627595
1635506536.663792
1426581102.8909783
1468535376.0916903
1303427123.2437377
1733518340.6063097
1385417113.796656
1703406647.647894
1324570780.8875597
1920824525.6775131
1462716612.7369049
1293671440.6281762
1477096852.4350803
1715175185.1502192
1494484120.933467
1592365704.8982656
1652343690.5580387
1429092155.3858626
1807744933.1445947
1590009155.368195
1779706058.1235905
1607766203.869622
1641879802.6770775
1212003039.5863636
1658926039.0794892
1539251353.3628616
1442470943.303462
1935213715.5207274
1138097305.997178
1793309240.8720787
967660179.8215061
1617321270.1959064
1463169124.5085707
1464008394.8972166
1170900784.9585881
1896813294.1788888
1885538715.4164948
1718994218.973629
1782724143.3428311
1594403843.7455566
2009092258.6405687
1284401528.9266987
1790864843.510497
1516672699.0679936
1549638054.5980942
1825817168.3568776
1577746534.2251227
1763319331.977339
1568989637.9699345
2330638965.7029004
1831668581.9278848
1743206317.2426736
1868263768.2017434
2197982166.485165
1774514193.5884187
2027040861.2593718
2477444447.675133
2678693313.731456
2761416167.2839556
1802231287.5698538
2254039799.9940968
1449684954.9131343
2304517730.59107
1867464236.078609
2235042421.7997007
1769760790.142843
2093325298.6013756
1856905896.8021863
1507782817.70043
1802744995.8603473
1941309051.9926305
1726554767.9877431
1659655390.686572
1991904591.9440262
1745740017.382345
2107628052.5374856
2113306783.836778
2007371089.19622
1691948967.9591193
2022212873.044641
1815528589.5044398
1715844486.7247076
1687380332.1880138
1458425691.5872223
2156627619.1552835
1921462940.7400565
2162261802.9042654
2015668016.308048
1715089922.4444091
1641895019.468602
1659987155.6621022
2148400029.4679384
1859599159.0277371
2101203299.4985073
1741225342.33585
1600282108.636834
1963639851.3264146
2175338424.460406
1724949568.821519
2119730555.4946976
2016045343.8030035
1849132401.3810284
1687469840.418888
2175524932.556304
1873170721.935537
2140013558.9612236
1711536366.0301273
2079175590.1698785
2120740289.0101793
2456175122.8908534
2345963008.815312
2138508986.6344898
2170868295.2849813
2322207208.1473427
1890423799.3484972
2193396010.8324656
1890949473.7772353
2171161491.8674784
2403655568.8843594
2098875246.4283762
1779643955.004384
2352632433.243264
1868089676.5569553
1767138091.1680455
1718840374.5867627
1458189730.2426326
1641273572.2006245
1878528416.9720547
2008238082.4162614
1653040034.4146981
1214066357.2227008
2237083998.2482853
1689847554.1210794
2105739637.5118406
1775939511.959279
1745941880.8711457
1390464338.5716166
1559308273.1245248
2131283698.4589052
1885359622.495991
2000340697.0200124
2287460653.76522
2164274033.0635138
1622786279.0038183
1848978529.442067
1233667093.7621388
2187069903.081278
2380082744.0328016
1952315879.3388264
1473818065.9482183
1639669950.6226091
1853481998.5927272
1674207333.5251822
2084642010.6411955
1941650972.778369
2163583150.0368447
1921736690.6242988
2374709692.296531
1804944636.8000028
2162248613.4095287
2012133635.4580166
2364899880.8936057
2127129639.9583216
2269435671.5518165
2314106769.440948
2083957617.5032387
2331948038.0041018
1780085910.2163258
2655544427.8909616
2080255550.79233
1966917458.341634
1882049374.1343243
2115694772.7071435
2210267498.5516
2033630546.3784652
2005632092.532604
1598863488.1175177
2061014105.3191822
2134753472.6931558
1402663720.4314222
2014533551.308602
1896145021.9432669
1799264794.8783066
1824087235.9625306
1843791304.0008957
1691896482.3760872
1728202460.5690641
1774121673.733725
1541829391.4649029
1748612283.295043
1613454258.539383
1505693092.3081238
1563101629.6825562
1835912424.9402869
1539350194.940294
1767102284.9143124
1823581351.252011
1555833775.701172
2207798905.1194673
1898696196.570284
2055249101.6345277
1812510007.43097
1728098080.4187071
2004069786.309747
1793895015.6273434
1586228429.0796757
1766156940.4944794
1661191512.748665
1893151788.2428422
1827939786.236518
1924027461.5463493
2073991986.037801
1491872466.050489
1831642252.5707226
1879055779.5869114
1734016557.240086
1797253950.904126
2217864376.173243
2205926280.1621394
1768984748.3480074
1998146570.5084963
1690553819.3096375
1898644316.6978214
1627452229.5771885
2154708390.653
2336683531.3191357
1741686101.3441226
2117374834.961183
1560632036.662323
1984365257.4659848
1844894344.429039
1422536639.0463338
2481995427.1435733
1774726202.1310148
1571418829.8432646
1344014571.5561657
2075862975.1835055
1345914175.7271113
1566324545.8668888
1634695483.0080783
2017048089.8130922
1543676048.191341
1626648232.9224703
1857600066.3026948
1307419895.3678389
1621946073.6423159
2063963757.813649
1719013423.2484927
1711784237.3664465
1969498871.6101074
1929189087.0597281
1998955054.959796
2149581424.656462
2569130970.044871
1976486541.6677747
1972708173.7349517
2070808559.2321227
1924140260.6092448
1749926450.3194215
1551394780.1173463
1828002426.9188914
1911663568.713713
1495864410.170866
1770425018.2318466
1694972276.2144213
1777983923.6720572
1331121784.2020426
1312193309.5843825
1992271522.7303064
1568132707.9095526
1580174801.2190957
1633501090.1272461
1504327871.6229825
1867133434.3764663
1582326266.241033
1789400047.8546033
1794765136.091673
2309004214.784438
1602723732.733787
1998923220.1317887
2078252595.9807694
1527301395.6074562
2205647601.539477
1700565367.4191668
1372262857.6430988
2346333950.72605
2409728961.130218
1633017243.8940544
1943319539.5598204
1694322515.087948
1739011261.565956
1369276135.9999752
1457723835.6829844
1367192931.5077233
1734524700.981345
1499738516.1823642
1734773198.532837
1668024333.6999872
1421618319.5433235
1565090448.6836145
1768097848.655381
1326274356.198877
1729463992.7954705
1687064161.339077
1552743944.7778819
1927572411.8219867
1617077901.279134
1095534921.746365
1394022300.5161428
1480687823.6480806
1655973185.6138115
1672817214.4174669
1635236094.0589359
1614281425.4387107
1940116560.4836667
1721758119.7336826
2048013679.7697382
1408318031.942188
2020798978.6542645
1988934021.4407532
1482087496.2287228
1911570816.580503
1768046959.8377333
1626892943.3669205
1683921751.2781198
1912388391.3188906
1949429318.460137
1773800228.158282
1830540715.9185867
1746798650.159608
1671606926.9600353
1933671295.9209719
1797111945.5612304
1839852034.6426759
2052299139.1995788
1534510078.5186162
1748885514.4917417
1809991738.5925038
1652773859.7991266
1978578192.340936
2315371411.20811
2005800841.3630102
1576025847.448217
1686096108.8768427
2354309732.2964315
1967006309.570992
1933112625.4991243
2085793959.7181582
1727322390.1481829
1847908648.8621423
1800703975.6620305
1696828531.6008143
1267332537.8509128
1805373171.064801
1483150366.8216934
1642590077.5903344
2189312578.3240204
1650168351.16642
2187880613.2179785
1642465823.3725855
2241519475.965361
1719755677.4910994
1934029063.9174774
2873789729.781087
2631588762.740099
2155027276.32385
2545296331.8403463
1795541696.0278213
2141096137.4432206
2650372628.9068427
1985695091.8807979
2615805630.1000624
2491705728.629098
2311414217.794654
2337318841.566877
2517893235.931562
2200551584.176524
2545539889.849369
2216120811.1744766
2461923030.244751
2898045805.7605085
2921034954.173821
2702180338.900394
2572831930.0423436
2928511699.2091947
2709481447.179435
2593441476.78144
2594619462.420683
2160795571.0707583
2748935786.0497823
2484246696.2543273
2578342894.7546067
2725277304.8027105
2130534132.8681061
2428793609.827161
2377835229.688407
2527449989.599383
2672997556.2487545
2781519810.106892
2375337505.5941525
2432895603.437595
2282051359.340206
2197832504.0672903
2670415339.1190863
2633076870.533275
2766178080.002593
2267350124.4653597
1922919542.1347182
2635053784.7549844
2413599945.129312
2863890895.674366
2239050585.319902
2506378423.1990204
2352495595.7814236
2665035759.5372634
2491369191.6243587
2502015415.0275292
2423044924.7976813
2976264627.77224
2606501994.0914173
2647171396.7322474
2395863148.816831
2229271104.255805
2354864072.4880786
2579231249.7225018
2305440408.879455
2222066699.7886515
2242513644.988246
2295344220.1507688
1885413497.312454
2436670731.395208
2143799993.4933438
2851906256.8195457
2063454741.0547268
2580653101.941924
1782221885.1892478
2746744088.971498
2036590333.5919065
2382655636.216758
2434276872.141481
2531564794.0109544
1825963553.257624
2382596616.1908937
2376698125.30746
2695719923.2752805
2790614243.3462243
2900658821.101092
2215809113.968224
2640692907.688768
2153804722.928227
1985204909.7170916
2385550760.38517
2365081344.91122
2653850581.5310583
2423969439.351786
2160166803.2417645
2790592468.7534094
2724951534.715775
2369271767.1143203
2523757134.1142764
2115991490.066475
2486014210.956687
2235462063.573672
2341499441.3373137
2283518056.4724956
2355218022.0672135
2816975591.629385
2398172979.83053
2706164299.0803585
2672023289.8095684
2761697614.0461764
2297175574.336225
1880003159.3660128
2049490358.2977033
2086310828.1738167
1990153713.6639695
2149180042.683008
2295491995.423295
2089066981.327826
2479259260.573873
2190782189.777177
2344928299.686646
2277534623.921722
2553715166.3235826
1641054455.3942044
2373555408.186887
2378958594.5845656
2304933414.8554335
2230818829.421767
2034126546.6371524
1948391530.030967
1812512590.1746585
1929684008.7372198
2329234419.4412017
2338952579.8714714
2379088859.479006
2402784072.8788424
2379275721.4291167
2372425081.0438476
1875020518.7054505
2143602676.3129761
2442977240.39656
1858245292.9907455
2126170064.0082476
2202040947.5533185
2672032500.001435
2437881464.615683
2844739941.4664807
2246608540.838679
2222737270.9549623
2486480795.866017
2570562243.7108626
2444870241.377027
2735608938.2051177
2446520684.720993
2206013399.3274918
2660403181.744427
2584804610.2879825
2635685680.600613
2462373063.331474
2405418757.1614823
2215931852.6575966
2707633683.2924943
2556765749.242259
2369084297.1122537
2087626716.6689358
2889891544.5465503
2603427882.5371895
2199804501.4451365
2050669029.4848382
1981495700.3831325
2163477733.4529524
2597027730.8263955
2561978508.774548
2197951841.1651125
2446487125.8055596
2361501728.7199736
2400312516.015582
2215247148.277601
2517110341.472756
2403046601.022827
2539380970.5353017
2326834267.636213
2514320319.47428
2363158188.635597
2498062522.6599884
2032101276.5300338
2660750839.350041
2384862560.6747513
2357028348.780353
2001178060.091715
1839285417.3534884
2547769583.1022315
2030565197.9669676
2647698701.8123684
2041090775.3712804
2861686578.7856865
2166465484.259999
3009008307.6242313
2659363517.878645
2744151818.2750745
2603811567.8702755
2719003378.989903
2691561901.627011
2582968205.3992047
2608312326.7538414
2793054607.052394
2438190813.7393856
2510232749.321944
2821875664.3575172
2897483770.576877
2653066769.365599
3003446955.4629087
2899836835.687441
2903587958.5763087
2549526567.0589256
2876642218.4156275
2897372505.9013143
2770936723.336703
2886724062.112224
2808902568.715036
2485904109.549721
2866563390.8868346
2702783965.750386
2222907738.7280464
2856033523.131751
2487792596.557878
2171544405.2682276
2448783061.315758
2828371916.9091835
2700611946.4114466
2860030138.5057635
2540364032.1253796
2916114988.445945
2636344455.9557776
2677248714.0051517
2560307581.109794
2982085238.557878
2845197527.3225217
2780113345.9127173
2327091938.549674
2819272640.2325535
2869042840.666447
2948168857.515216
2764108246.0378265
2512535618.044558
2620380875.291441
2636426932.4010386
2925602789.3840804
2605973108.1695337
2655617597.3887186
2515558612.9974904
2796402795.9034877
2477373482.2425632
2847470537.245066
2441225258.6575813
2638732779.32757
2777612312.349156
2297289499.1469383
2381036184.061598
2746905111.0671525
2820115062.467797
2601259809.8578405
2662035653.4411883
2582972157.916035
2401986012.7033854
2793612243.178511
2611305369.170122
2818578125.318192
2657665309.0762196
2541803498.372073
2286677211.1785374
2466813594.0942564
2726475437.584469
2254160640.633838
2600655291.262714
2534657795.761089
2889965062.1010284
2407558973.6188164
2263416816.614109
2014351062.794417
2544544883.7929273
2372297493.8619843
2065160113.2940407
2663202071.2242317
2364402140.7647343
2236254405.1700172
2614995046.9798064
2149972192.0022717
2553901213.1460752
2682065338.3450074
2370234963.093073
2331459750.931872
2185910688.077643
2508915555.667476
1982315028.3921516
2172537809.8839993
2547344266.287482
2205889614.2251186
2707922474.4958744
2287875634.6010575
2998786399.642757
2428961902.747138
2507431170.5618353
2681905852.2184763
2592403533.8820043
2089071397.7722206
2312721870.1979246
2544034652.997915
2697911312.025431
2197224531.66746
2351654697.76858
1917752497.2909544
2759443793.882663
2252441041.5826287
2563039163.9633646
2025074673.771992
2580828838.865084
2672602142.0929465
2588766584.872008
1863703597.22203
2479754665.160271
2290396982.5191984
1739205635.5621526
2493597012.913146
2369368140.259681
2451222216.172098
1803172687.8977194
1983949120.9869206
2233424935.9785943
2102208547.7587762
2062786695.68068
2223083560.3457656
2442810461.637069
2779990528.4529943
1890003301.990332
2126789763.8975854
1709403922.3299286
2100338440.7752357
2158009605.5107536
2158616594.250708
2332246660.0169506
2423512746.2221174
2686129052.645044
2234777402.5569096
1969137839.9087713
2705352191.5053744
2322143828.8524795
1824775964.3129578
2300162880.175625
2003165948.753988
2727884335.0576854
2560695211.746106
2831624153.980019
2080344771.180965
2838182749.2356153
2020429899.2927024
2312103213.4390745
2555178002.866355
2485860617.1372294
2658643699.045052
2283189671.5023236
2335915553.8267655
2453352029.0561376
2411009730.3239093
2620193147.612215
2421860751.9795794
2281478989.4717526
2632677910.6970234
2195883510.9443536
2384345191.9944353
2225224839.3180685
2663628125.8095546
2176108216.100777
2476155209.6498847
2488503389.165574
2527913183.0813336
2336308306.3492665
2133407182.6107981
2141194435.5521362
1974381886.5730612
2342587240.449188
2310747943.8773284
2422539990.848487
2044715741.666807
2397335887.925799
2249055125.0300426
2745455736.167197
2657836349.639563
2058433380.4638212
2040295819.0032127
1945010008.5253484
2355558364.0179863
2327892244.4984913
2905320886.215885
2657713197.0658245
2233092706.6646013
2798585401.732381
2590037151.6829104
2236553167.6114864
2548980707.183386
2080862322.9754643
2474343784.5624924
2128536096.0393918
2503744796.8662014
2427339151.0008473
2688375105.3041463
2685822249.191045
2400778718.8486266
2769915400.2881002
2300857517.3029327
2364079729.7056575
2336003249.7674904
2549331331.541611
1943917373.1912131
2370767843.8316875
2656539829.524523
2526805392.4202423
1978779234.8393383
2287121491.0118556
2218663679.5155187
2184765333.142378
1830352624.4406364
1864090013.8955493
1711214236.1809206
2078764917.4651127
2566053392.3641686
1696096915.5973456
2232513263.714794
2336053044.1452193
1868494462.030883
2081462628.8467486
2225664761.3198085
1974406106.516769
2015658799.0205061
2090291987.88838
2351198284.6521306
1954021990.8243635
2353959904.784129
2001619311.1666708
1865942596.3003752
2093931855.2353318
2106469430.8822663
1977221265.4134629
1796793479.5286717
1955072045.262979
1554182031.4228451
1745676176.3462603
1838774462.7469337
1607921165.281717
1489666133.3799112
1838277994.1016045
1463617023.5987644
1919975254.0032222
1889450389.4453523
1982653977.139953
1726216701.8252993
2069435414.3095362
1956477744.7862463
1904075940.5153096
1638793932.4674509
1959344730.7953088
1722685003.750032
1956686276.384137
1860953931.028847
1798338128.8988907
1694180260.5157845
1519321604.2223377
2006453714.4004345
2235055911.6662836
1899663666.6991425
1693084198.9642034
2372554092.8295956
1790411864.9262726
2363786205.017342
1885115251.6596282
1854506697.8078032
1884145038.0068223
1737268709.8801064
1767908371.1241107
2097273223.5407326
2168526962.0713186
2382868249.221049
2469170049.8464622
2397338862.6204815
2585492868.589196
2329631147.391651
2610381630.493213
2485336993.7848845
2505453277.1989217
2347856323.14461
2435530460.190477
2659858323.098173
2443107587.7063346
2385886188.5705366
2573539005.0782943
2154561456.1357145
2562427369.3548045
2303460072.901915
2491299986.6811786
2613960509.694611
2453332005.9061456
2118317440.188887
2823067781.347738
2481907772.522435
2757152162.4971704
2051414608.8494828
2666783746.20107
2513580584.3632765
2433215554.337583
2516373710.312214
2492865279.3794937
2998810432.6058645
2390999838.143309
2671578592.8252025
2869636115.0161033
2402635418.452709
2572649848.1365976
2622208195.86089
2796183507.4166117
2300558673.2324996
2455025055.1403055
2234482250.6924624
2800545002.613758
2403616513.4927735
2171826975.3570223
2558902056.122428
2502741936.034819
2252869233.992357
2704430306.8975477
2184777179.6689672
2626362016.995817
2484199377.770837
2547862831.835793
2462759995.0211997
2448012896.828983
2646509889.066883
2550891852.9089456
2637437030.618335
2488446585.3078938
2814437310.444429
2375173367.9398084
2419007431.4798574
2610119995.2513614
2641952297.3790245
2497865710.167884
2665468831.5366697
2775899080.2765293
2343104604.181474
2657800468.3861814
2278690461.7611003
2287534436.7709317
2161125601.5557976
2505187279.431403
2147720454.9221764
2253843380.0089445
2375134723.5486503
2410595130.227239
2593894308.853459
2633281890.5559316
2467887389.807005
2863978881.3358784
2811097888.041548
2664231350.4291
2446389011.3108315
3023845757.7693367
2466634761.944409
2713600602.928122
2699681562.879749
2900958634.2140927
2617643181.1900344
2236775743.4123535
2504180122.9428945
2932235388.3966985
2720124322.2193
2734601717.659667
2251565932.743816
2524861378.749604
2851967343.8372455
2352224981.899381
2474971360.4404984
2559378779.915045
2542790257.9331346
2645029248.3711615
2521024875.0382323
2258158696.9836845
2419583561.497342
2274582091.3485584
2497365284.220163
2252409056.8704915
2284896180.138761
2116996556.6528492
2630774884.1486106
2153650563.752854
2092055851.0989652
2438831890.125683
1767056523.3653753
2063820806.8590982
2184589721.7042418
2187332908.95025
2232597662.9061284
1894847413.155801
2393537242.091825
2247419866.1158113
2173620449.078136
1627244452.7125168
2233165089.009478
2041412153.0548682
2019250620.941657
2028910211.608974
1698135978.630868
2337413300.2331347
2267908693.4912667
2421253091.1314416
2232323164.1048923
1895585468.16068
2377692956.372237
1775097296.1052132
2152297466.8660374
2291966594.259119
2054711659.6804273
2606610145.148678
2293670303.6255274
2461229479.6256576
2420302375.9503202
2506289278.958892
2926423636.941315
2493703697.873241
2767259650.72411
2367463328.307478
2625619040.7318845
2728392416.8674283
2144839357.3927245
2658259716.699255
2590891162.9334702
2664225733.852664
2878066898.251807
2782010807.892284
2338552036.7337027
2316217159.506346
2198115629.777334
2212711998.971836
2412489247.728598
2732654854.5337663
2457352978.5424767
2350629389.318916
2266982012.5478888
2474067638.1785364
2337324581.5655074
2715171017.9684467
2011016770.8207994
2142167340.1630025
2323258451.798077
2422910147.7619896
2441444202.251081
2891268826.6391044
2530055491.7178345
2390738876.9694657
2796172713.1865406
2485308264.3580055
2395352826.7182794
2500295866.639091
1939385301.0339832
2479248645.0120873
2078134796.7480612
2386019851.7144785
2670542358.432703
2751156008.3109097
2598519394.58232
2859144554.306395
2584035883.854235
2243290599.6777983
2525572399.7943583
2151889869.2186537
2406858833.5449486
2425173758.1520505
1983183378.598543
2334953808.6035085
2700023920.088955
2542472410.0985403
2589439748.381343
2392789151.870564
2711555612.736424
2289586649.3310184
2289191080.1914315
2236045806.9522023
1909792947.1163924
2819091436.0173755
2269525343.8921285
2862224003.18555
2467473125.0470157
2854502023.163557
2752445291.007956
2469393504.689817
2185144217.1146717
2674250618.5888133
2147256817.2413642
2735957052.276749
2585158992.7580667
2270728849.06602
2301278566.2202663
2792287303.0607114
2767182874.3860025
2739572768.4034104
2346050756.6908803
2940290005.58003
2291137234.283433
2808050991.095452
2160174181.6715198
1962958982.895821
2346156456.8127275
2305056650.930856
2550580002.9757032
2501410301.077278
2197423899.567923
2047106779.5221858
2155846046.2441916
2645626100.700399
2278081449.223215
2328615732.648774
2225142905.789188
2015534903.5005486
2072546628.0124571
2090068868.4503653
2023991823.016735
2118691579.4449782
2195343679.2447324
2280367165.0889463
2604035000.851698
1637291764.1367607
1820887441.01581
2516146093.9582286
2218747630.3492746
2503810552.2914147
2128766886.9463735
2151393269.6198435
2612270730.3599706
1774192786.780676
2487898355.094375
2238004890.3774705
2149718494.4900646
2169127919.3034854
2211714088.179111
1774877780.6261566
1998767895.3212087
1600765727.141349
1573104912.0554225
2110690059.9355736
1890947537.5495389
1647315185.8588634
1608379892.5296087
1424418764.7084057
1384605913.9322162
1733910998.6738071
1520872306.6093714
1671862429.4167264
1436047541.8563974
1650856818.3450365
1425110153.487257
1542660574.513161
1442306972.6399314
1565897784.942034
1489232696.588228
1455033360.7960954
1425676072.9511821
1707621255.7903302
1674900281.7559965
1885996251.7534914
1500610167.8733385
1613375125.483312
1398805177.9723127
1270035543.3311229
1489311842.9934814
1461023942.2365603
1573307986.52802
1357729425.2174196
1608144858.553118
1536500965.6998527
1274236523.8543892
1274019385.7685363
1157003891.2819703
1201413524.4578357
1149521164.753877
958173705.1698987
1307298067.5204155
1361632058.1542425
1259984937.6877513
1028441599.3189001
949511523.7545116
879076443.4549251
600452262.2076236
258114876.91024727
1043446715.0962814
896979700.4487088
345171758.5787993
1133673907.7713785
869242621.4213945
899616118.9855084
980617382.9477081
1096457390.292904
943217156.1665941
324460335.47032905
932428218.8241658
1020177977.8593646
1006417130.4502524
916985173.153504
736950176.711998
188223842.0768808
1049489416.3112396
1003279217.6377637
1142483677.6147056
1051138002.2767756
1254419575.8235512
934775557.0852473
774964182.6929585
178986820.5347163
1248725576.0627484
982127805.5626814
813186652.2424335
1112896810.5830052
986371499.4213023
764657332.5520853
282315874.3564157
896430874.1155742
764993973.523879
930107287.1675893
903991281.3803287
238703487.44003695
914154723.5532825
697688330.81217
190191780.9594711
782368967.8025832
145304144.6615054
815938194.5468898
587317792.8196603
297977765.4981168
1170510734.4510264
741283865.8736854
1106070554.508594
1167107546.371596
897233638.7264526
885255268.5976751
896146962.0049314
981139356.5317438
1120027185.9272552
960384740.6231791
910913025.8300091
1058185575.1120994
990775384.6543592
697682436.1540726
252964956.98083287
1031131260.7717965
1493751159.7592654
1448717736.6273725
1617674343.6513913
1246885742.7602031
1328680277.7805774
1134701840.202765
1076950285.6743233
1357947338.2759285
1569112803.5495646
1406276091.2596886
1247101133.7106388
1441042923.8065565
1289156541.4548326
1524152250.0190384
1033402903.4379704
834451297.2518994
1236063439.8896325
985711589.274693
807675747.6172997
562774947.803896
307534278.2693113
903681945.8956286
485269407.80979586
346035502.6118524
1138704501.023259
1146990093.4486692
1403372460.5892866
1504214090.83444
1542194065.2641466
1336672119.1962245
1751245677.1036663
1472759437.069844
1124908763.1524398
1071014762.3298167
821695865.6538961
1217072638.6364632
1282799266.088271
1657098423.8628404
961899848.5501646
1389108394.9319763
1858152728.441328
1833097765.2819858
1685294657.766127
1840197931.096194
1947269216.7729642
1788809393.0745301
1800020530.376387
2103277673.9440765
2041650583.3486633
1814645789.1776874
1771256482.3156683
1672633325.514881
1833630804.7828808
1769234886.572528
1815737801.0559013
2097163358.043398
1859047517.9785116
2016398790.5389996
1767604535.943332
2163180040.222985
2428581854.2629457
2054861875.348946
2140997725.4790206
2402192905.138483
2462052716.719214
2108965809.7083328
2006797618.2775147
2250929567.7948966
2478052560.4830556
1861327335.733765
2257690650.1841784
2089028953.810934
1524279519.6262946
1723273020.2892168
2018812269.2110462
2035006208.8591383
1957072852.0395658
1878326543.6437633
1944846654.2475016
1563016016.4228578
1899833217.2598624
1739386452.2085874
1730687533.6585927
1338304829.4030633
1509317948.075281
1437328224.9968605
1439578656.1174674
1816578547.699517
1745158943.1034913
1657573433.3208945
1732963720.0621176
2161884948.435843
1835641300.285396
2435184845.7211237
2246251258.6408787
2220694143.9913363
2082581539.1358266
1529278388.3881345
2006145301.4247873
1960430849.9000034
1962714899.844964
2177909002.7760696
2454895517.873416
2017112114.1751108
1866969546.6415322
2294442756.6573076
2118755501.6581702
2184300612.972833
1857311164.0790925
2330466667.719031
2132230005.6272292
2003107173.1255896
2114547637.8652472
1942266903.6388755
2025145627.9266517
2124202753.6536648
1808432129.1369884
2181395610.002055
1963754554.750214
1657936418.19321
1936715056.8348086
2553127304.8629403
2548250411.8030844
2292744011.2708387
2275796842.525724
2596095281.913991
2605936742.9055157
2442293327.573439
2506554073.4115233
2583154375.6893177
2530520392.2629766
2428977077.965969
2852895061.421238
2348438865.9248266
2650906331.5864716
2625754022.8668528
2749058406.0059824
2642590006.2429066
2779318487.532095
2927548823.3550663
2742260314.0669217
2584525203.707618
2766952315.789725
2967226738.5707994
2919907228.6593385
2403182478.56107
2815150902.9613366
2757039469.0931597
2663522402.0422854
2897689071.932844
2950696061.092878
2630306769.2696443
2702290321.982466
2758081674.4009504
2694874517.2482247
2569546848.46579
2913540886.990857
2775314929.2190433
2470544343.1426315
2987742473.470085
2748974322.1638927
2898984845.193957
2940142857.1352344
2657067304.984555
2589897958.812065
2371551694.93452
2823170202.8485985
2927079250.2796783
3034892551.1067977
2697661419.9775705
2795591227.293851
2530820952.7997055
2843806404.6488986
2647296933.922002
2707145689.4299927
2779484532.224077
2868647424.9480805
2335464224.312976
2724620193.896358
2635235028.2426157
2141068731.702728
2778960239.570447
2592923489.0910587
2512127698.667982
2677652561.9831886
3048473999.5052752
2775894840.947719
2667105641.4493847
2819452406.022171
2677708075.5958385
2519159187.071221
2338752174.5959673
2829598250.114217
2413834768.282017
2978360865.1592517
2552786400.920667
2519868300.883168
2558158139.1827965
2992533625.724778
2431180335.862933
2479742674.602253
2907660549.431637
2394827614.3026915
3030000723.4031625
2706014195.2827697
2517689066.0015793
2347792617.279993
2972188514.5169444
2630171146.4292355
2635291406.699337
3007983886.7950196
2548209812.7898426
2324601826.317079
2568093914.597559
2613035275.017124
2758952992.467329
2725509692.8915095
2784198724.652167
2706278883.1806846
2820236697.535999
2704577265.6228633
2579343186.132616
2689770807.9132776
2619602975.0412846
2930713154.117482
2931823095.0379753
2768537880.713132
2819007637.222172
2889455537.997134
2863161309.6200113
2823160171.796798
2984677040.6788845
2772323142.606304
2705671219.6359844
2695277477.4205933
2947996636.5805073
2602187988.179277
2678978202.223979
2817158566.7442727
2839521229.480704
2913919027.0873914
2418682383.4480762
2878048878.9481997
2338300762.519696
2923731223.895158
2569459315.96759
2657544416.4509892
2712344271.499239
2830879879.944731
2780696349.865082
2925344803.1947155
2710515643.4703145
2943666694.92027
2306713799.9182663
2798625539.974791
2626854346.766857
2972388033.008556
2130037526.8399024
2919358927.520031
2556480754.059654
2515042117.337809
2537647567.613081
2548453305.133343
2726346737.449692
2879040015.2813725
2243508116.612038
2124747041.044225
2216489759.268477
2106675056.8641725
2212777640.725268
2176230037.647609
1938006391.661404
2480684025.5484047
2274367219.59796
2141285612.7266376
2174912269.062094
2084320837.8374617
1970461393.8255556
2383630932.119672
2240324318.1619363
2303984008.5443444
1648621240.5146763
2336729578.1800957
1940975776.0006123
1741328152.752607
1790296973.707831
2265960863.044234
2052174567.3371298
1995274342.2498412
2067157636.4383528
1870127664.2891855
2099378174.4411323
1891730329.3418865
2063305852.7946744
2156941967.6431484
2120333066.0023785
1784743556.843597
1537626657.7006838
1905326231.2786522
1734898604.1783772
1606557085.7931068
2225562815.098384
1765828164.1940827
1645897080.6272378
1680678259.432661
1756048225.4269266
1872440331.1667495
1681578373.5172002
1435500892.806378
1695114335.456523
1788304339.6450138
1715505963.4870675
1423538106.5914562
1657780250.1928802
1706851630.956262
1946711822.4908993
1823291882.5454745
1614360099.5557015
1566971616.258015
1681807905.3850791
1621676370.0895996
1664476369.836837
1867797104.7258532
1500712967.6734228
1634452372.219925
1594477696.0594938
1690617020.1825256
1834811745.6367872
1797182777.1217606
1561352663.6796718
1706371254.6153495
1632542857.282479
1585436220.7102778
1345823376.2729628
1470693217.1596274
1264614444.7914445
1414589035.739135
1334116374.7688851
1217661285.9151633
1419833954.3132653
1101152145.8855567
1501064604.6906445
1553929721.2926164
1779107763.6700697
1791285713.357577
1628656662.6240892
2012094876.7721455
1646547075.2972784
1939848283.38288
1445513507.302768
1408505581.8615565
1511428398.1466851
1416276738.659037
1473361314.5713165
1258361935.2743475
1107047553.5110214
1251890140.7710533
1299950295.2491229
1362670139.7202408
1235716609.9307249
1483918082.4344733
1111089710.4768145
1172435851.9222991
1401689018.6695545
1678688157.3528001
1180943360.6214364
1261289267.653097
1257925255.9844453
1377211839.676033
1518341808.6518805
1499788248.8881345
1427294131.9915032
1630450602.1393251
1132612072.4904244
1380049848.5821965
1216110720.766727
1184036694.8248196
1346955653.1753912
1271628755.340681
1430535881.2220984
1520491143.6443422
1248793984.8599203
1390883536.8253837
1266547195.0575662
1569652398.862992
1497936082.96715
1626308731.6012907
1671298858.0472987
1604784269.4133244
1834327541.1882076
1636684824.3934474
1495700774.0215023
1449747012.97906
1664869093.4957938
1661582387.2707448
1491874736.1188965
1497016043.0076103
1906185962.7879372
1199793724.5558565
1213645849.1735704
1841695417.396633
1128485203.3122635
1448263655.384092
1056870623.3865683
1441766127.031658
1203953331.0812204
1246669116.335075
1276306319.2152326
1316708093.9670615
1126565860.6136322
1146174721.649135
1386686895.0588644
1533476783.9431064
1680043962.2788084
1133370124.7782638
1616271920.5656624
1618864471.5920546
1875768578.6175601
1575334129.1305013
1578850007.021789
1944336440.7993488
1691735779.3294683
1578653691.3734398
1704061411.2401733
1495689865.1953218
1543161873.3547564
1319677595.1520674
1296094147.889396
1290969697.0467153
1274509898.307336
1306965757.6153233
1654079365.3796566
1532241312.8688347
1558337149.0346165
1922241888.5419085
1748855874.33097
1802830158.075313
1689054083.7998931
1687674041.2036085
2049801979.74382
1931297969.8637743
1490984977.1094356
1840761949.0207064
1562522800.4847786
1645183663.196249
1699848389.920209
1723227028.3876848
1726664378.4786167
1711934827.5796251
1931096143.2616065
2199700407.0811195
1586842719.4620323
1810296786.211504
1521055697.707354
1522170662.744965
1697575585.5599265
1606233217.9590795
1506934950.7489078
1656677178.2138696
1443320122.2229872
1393842925.1751926
1435572854.1049044
652519258.7646525
1480420019.373094
1268848604.761238
1257942361.3036878
1287325423.5362208
1417047499.714045
1354823960.9368396
1188110149.8560934
1218282515.11277
1087681163.3112876
918590077.9275439
270664705.60145646
1069767881.8408641
1206729931.2926958
1134627064.4230704
1085168029.5145504
1402866664.2193947
1181651758.2597773
1019705714.6839583
877599789.3244123
260883720.7714113
1213418738.2504654
1021430712.8215327
952275322.4361125
1309714182.6660976
969525849.1040368
1235293947.4781911
976943668.4293456
1200741733.7505608
1153532571.3020964
1249796386.6683629
1144555226.7752597
645485155.6009442
232516925.50944766
855200446.382064
819910268.3326994
834291570.2372179
1200576351.490197
904396153.1563504
1056258585.306379
1289617901.70849
1095078892.488912
694847666.3715048
253570357.19038132
1345331809.375763
1169484706.9125547
1035730389.1672343
1217894989.242014
1374330750.8252068
1319849976.8488874
1295570897.1931744
1145816604.9759815
1038983001.2635484
1295076493.1356514
983995270.7388592
1038968569.030308
1246476414.9043698
1272256906.3837373
1187447118.4992847
1064395201.0045698
670370447.1448175
199900266.83885932
828886079.9051709
1087247376.5313
749422861.6100347
305365350.91730213
1086978066.8032444
841012682.6389663
1171864709.3500986
1016926257.2126278
1316869721.81792
1208392352.6689224
1547950490.096021
1454721340.0072293
2103908946.1730514
1308116949.3895628
1899953961.2325203
1719665717.2172923
1605943561.5120082
1799690348.7190185
1543320576.843417
1565199917.573479
1784302944.463928
1891954111.7318435
1495582097.0345836
2005852947.829854
1665748642.1385024
1695525344.6581712
1804464852.2269678
1631317295.427076
1565012240.9018497
1487059061.4086998
1784233762.09246
1658334773.42963
1259067449.9352784
1656917143.9225028
1674856213.7430787
1332531857.206816
1194706022.9295056
873549792.0870024
1223958854.1712837
1300498323.7874618
1392328519.9746706
1464268290.7574759
1143851408.301902
1282655604.28388
1224143585.7314777
1598836848.9309263
1341886190.590698
1378638655.8940501
1002370420.719867
993603166.4721241
1218871948.3451836
1051468554.4921343
940663989.6929333
1035765756.5445858
1113572492.3103836
932364854.8119683
1143770415.7861457
927466079.0364046
1455767626.737929
1423908902.9729152
1198322725.0938199
1197733666.987402
1204798318.7639358
1741541549.5886066
1804035806.5099566
1865033745.724394
1849091403.3211718
1822118592.4066887
1326520030.7203472
1545258966.9276848
1811647095.520759
1780218295.852863
1435936127.6539555
1801233992.0234234
1698550269.7856994
1656127511.4412296
1806877053.3758545
1767357063.4454803
1822084152.3963501
1863260771.2576013
1577076146.7371426
1877566025.682464
1633005327.521771
1610286593.6601572
2220434560.8730216
1996718475.7555897
1964994765.2022777
1623111585.3262029
1836190780.7943234
1848569248.354732
2087440828.3891063
1871130448.1992853
1901098896.1688282
1855434324.75547
2023372043.5260365
1868943509.1329443
2501508136.5612125
2102721116.2677922
1621316049.3392596
2030527359.4360957
2166878971.7041807
2147600345.3683186
2097980970.48451
1930724753.8958154
1794545706.6857083
1955473549.1120708
1871482157.7245994
1931146276.3723817
2084467892.752628
2219697543.1144986
1670511087.1876915
2170365679.7694306
1834813738.6878521
1577922263.9175577
1978376615.7675443
1803815193.6688833
1805946638.1569686
1983601284.2831624
1619802047.2387753
1641265464.1068883
1563130801.6117005
1303924293.9073763
1671839983.7646291
1602879578.778342
1511010503.3987873
1678209975.0075376
1534830846.1091316
1526260119.6255257
1742704802.0895274
1650362505.4258728
1694715432.8921869
1934013224.3074203
1533914362.052258
1786737959.622616
1599112051.0851922
1680797360.617671
1482308879.0291443
1753238140.5411966
1689664793.043438
1818998675.0930448
1554772935.0455523
1470119335.5402367
1744222651.5507362
1913560768.5655057
1680952633.6879609
2162485520.339354
2175008396.015368
2429197909.5064692
1843808686.8864887
2189792569.9379683
2371623950.4922824
2279077401.2261863
2147700402.129645
2383369637.5550737
2426801354.5203495
2809168265.56261
2602901833.036554
2418207952.883714
2262986651.5803895
2354489838.6674047
2341773222.1038675
2111931017.4649546
2268903023.234765
2399878294.254738
2520581851.118202
2887209174.411479
2073167247.7487578
2704446683.677415
2134482575.5576835
2404910884.725426
1972228539.3526306
2654013332.718376
2479251113.091945
2397261721.96107
2585641301.876527
2300728444.7926936
2533239638.0411077
2121393789.9493475
2264650316.6670837
2593743686.407428
2227884945.4118986
2553538702.066287
2811995909.3050337
2088610851.8109086
2649640505.038684
2810554423.681362
2880689836.182857
2857375185.86022
2923814956.083972
2754549871.9308043
2447946094.092938
2718612918.265507
2866725727.807531
2209312219.521104
2684993693.442199
2505087422.279284
2555231046.434777
2377156305.553051
2855541888.852915
2777176898.9678
2519392871.9618807
3058977298.23398
2784735368.7910986
2658781159.041928
3029295500.164635
2394064074.4968414
2294960175.7627563
2609539815.7043505
2808728097.2726846
2654088932.467072
2275502197.933698
2888405056.21485
2082193348.8187418
2458551782.7419276
2802885489.077243
2575652523.293466
2906429691.1598406
2892231042.8792386
3151745553.7652626
2505445110.6849217
2756935406.9610567
2862098552.403434
2833216395.9674454
2973924371.119657
2689282374.6429353
2756145494.078496
2818995784.7873735
2590514972.8367305
2408510877.6634707
2520316129.4070587
2752914202.6310296
2634848133.1453643
2739494500.2044234
2545001509.303086
2781511345.1062894
2711698517.601374
2767251844.803509
2901751071.8513517
2835730591.6631193
2670936967.909694
2331647818.394851
2007558318.8296568
2414837447.938962
2655128934.9221277
2313087141.2546673
2294847107.5861216
2323677455.6523747
2875284548.7043667
2413385677.198708
2571225623.2113447
2304676486.224667
2405473369.4366636
1884791297.518073
2285288097.8212695
2459876812.7023325
2770271228.0177207
2444444029.315708
2450155454.074508
2584705747.173755
2308132171.533515
2380236563.6553082
2479087959.724522
2164546418.452696
1842218803.6077037
2159821040.8034387
1795639837.0894575
2206695794.7134423
2252162754.625442
1973090307.609434
2169125580.707184
2548090995.6562157
2025737162.675234
2365703003.67351
2647920265.8968344
2046998258.740292
2232222508.475402
2304604554.36708
2045207339.9445229
2459058277.610896
2052286131.1727579
2266544543.8138475
2015954880.7074318
2085577699.5830128
1685567536.9580617
1928645742.7185261
2464992243.979237
2120492784.1868596
2313234655.1973205
2270322468.8219557
2185186164.8871894
2021258757.2160833
2212090526.7840652
1705710022.939646
2182738801.40764
2059540139.459308
1916189979.0952728
1857825179.261489
2092703853.9479797
2057128160.1515841
2107328121.7446008
2573516495.917319
2424200417.0544753
1790813553.6024356
2223740598.014523
2751440846.303737
2331013383.3017073
2508739162.617096
2612417123.068982
1840824493.295848
2403015892.711023
2021873559.1345723
2238108029.884795
2093246122.6444454
2120215961.8488927
1937917711.4423316
2233090898.890184
2329121470.927477
2073190557.191801
2375335390.0552063
1788115458.9033003
2187782602.430343
2159433738.620414
2139490750.9551299
2249301280.4422345
1747437674.5316443
2055776814.859586
2341196385.1982756
2244434633.0643206
2155698639.6146364
2244497128.4659038
2619234326.801503
2178546484.049202
2119643481.1679637
2443123283.656287
2128723634.5078042
2119150974.5538287
2210286554.898246
2598869966.440471
2021846101.835683
1884631745.8583384
1497354893.441697
2251918225.6712346
2030412333.3669856
1816340096.3352013
2114090970.4639528
1520687287.6696248
1798162583.3638363
2160410434.2351913
2263122737.001941
2491117572.7026186
2046255291.831955
1537667755.0286465
1495652492.0071929
1365398965.0509286
1793804833.645761
1606816384.6814232
1976363328.2850368
1824921635.5580323
1695874698.7506764
1706336326.677367
2280249925.3989267
1689438021.8973243
1788572620.5304327
1782803140.6413696
2051259820.7675364
1695512513.5829508
2228992929.2505817
2075686157.2064087
2443941281.555729
2516061738.6614714
2515636459.277769
2522907479.5930443
2362878127.8562784
2196239297.1906967
2033969941.7569401
1782359739.067299
2241798681.2872624
2299788201.6852307
2401846440.6387925
2715279427.92848
2548555342.0831494
2269443001.689406
2427623615.796966
2738567449.940232
2980950404.6571636
2662314291.388686
2445943617.1544967
2676795525.1529465
2506154900.9275665
2571277550.7454634
2493274335.5846953
2903399581.5919733
2852154344.08783
2459025163.413998
2943946241.0144863
2765498161.8073997
2505239735.503202
2906660625.8705993
2669399536.9649854
2484438236.468916
2713526928.888046
2643294376.756611
2632236783.6113014
2895698050.8854666
2848423743.8466434
2715275900.577359
2899987347.8170633
2527475843.669773
2763766300.1703744
2605403862.40825
2619412994.958284
2896902201.9634852
3062006201.0256224
2647567272.290342
2853131016.869314
2711770275.3881626
2431389530.9616957
3029847066.735637
2892545932.5350337
2856476992.311833
2872588803.5949836
2790766500.504649
2796636942.846217
2722353253.182376
2586249382.99346
2901728662.180899
2653003290.811542
2856498023.4515285
2839120613.4394064
2950799381.407415
2556432633.3039165
2553916722.4823775
2841896919.418052
2910118451.203388
2945224374.988828
2718618159.7511063
2982468699.596146
2893181573.96748
2519602722.9458256
2933169203.337437
2754686916.509369
2872251937.676327
2553136958.4938145
2889519100.250795
2834561728.202935
2701986649.836419
2860864232.8108983
2894327519.548675
2995279222.1076536
2731742514.3912725
2947327429.502816
2843040429.860955
2936555611.9894567
2839212468.2907887
2800920142.899512
2880006090.165241
2827605401.9406714
2938104833.902667
2649671650.8488364
3054641539.297015
2921820263.552027
2809288429.904376
3052278874.2736816
2484869482.5983186
2977730375.176369
2776009241.650063
2792513029.196461
2872383846.1174526
3046681010.0667543
2930659759.8862295
3057155153.450099
2885845322.77639
2502353937.754556
2735908412.1061172
2923307485.809797
2860825931.325191
2899603774.889414
2742991836.77783
2424159296.54217
2247056019.4039083
2854140289.3664937
2749995990.1676745
2030864234.3831456
2804920712.837164
2081762067.6136997
2542658205.271723
2660050027.2734923
2770640550.007641
1809592164.2841387
2602278693.8902087
2868743930.480099
2337602162.411384
2424752702.0785213
2590998892.320812
2488181045.474167
2572573601.8073792
2266239477.602364
2115673279.2371612
2111416482.9206893
2253547211.83127
2335070631.975128
1932592341.6327646
1884525149.528357
2154425321.3485518
2426272622.0432997
1958699518.6126466
1932533519.0617938
2492131065.192403
2387487182.0107656
2561148940.349177
2414588348.914344
2519785731.983834
2725488332.465871
2818489179.690566
2681610886.3445983
2571559455.1962905
1995530164.11835
2215871517.79795
2675186531.6929474
2895091617.02508
2643024566.0249076
2637529886.6832914
3013416867.5343795
2552760071.263539
2329431359.048172
2678547907.139689
2456455567.626395
2296411392.765253
2578818535.7168097
2608400572.264007
2480123576.5807796
2670732665.9639325
2656132209.572043
2679319985.132896
2429236857.6778593
2979361429.8231215
2466816655.6884727
2748064344.817899
2708178862.30535
2611257069.040715
2921657624.0450773
2560235679.6484604
2742501652.952013
2817307657.4987
2857208483.0785527
2777166944.908351
2786138375.168685
2475703565.572909
2899392841.2842684
2644522348.058217
2725596159.710396
2727755422.0495996
2710615093.3779497
2852332361.220609
2734150741.6736603
2757747441.194887
2144070742.0910792
2470142175.2305703
2496974717.3210936
2855771147.786162
2749159201.6301537
2752424579.117149
2826952817.2162895
2941248245.686156
2932844863.4109135
2681552593.5773997
2664169501.9777107
2809863877.8048058
2897966773.172554
2808303592.4323435
2971208177.571778
2620849565.9995008
2479397012.07037
3027493672.9791775
2463768139.455862
2743819391.6374226
2921602869.2038465
2841734618.0553885
2550085531.0023136
2473887647.222838
2708032033.603918
2866869064.3528113
2424959297.8609104
2660575202.105149
2769161408.538872
2465662509.2187276
2625497576.0288224
2653522627.6007094
2923643277.6713715
2984346327.1464577
2235660599.502445
2929242229.002853
2946451530.053975
2699407364.6812124
2837617720.793515
2472412646.7987432
2568871571.7122664
2257548073.5592012
2528996407.131033
1963559724.325521
2085750841.2639413
2532279734.436912
2799628166.4525127
2241880759.1508994
2568715845.6543903
2409976602.485058
2636356910.21307
2484299494.8087463
2893530232.850355
2641249916.0202665
2748778989.034202
2857508019.3432903
2602055394.1258645
2404210820.237132
2779615709.338472
2488675033.5661
2303813296.870826
2389450508.9701905
2296159680.947517
2696466413.043604
2179027316.6510863
2679713179.6073737
2347892356.5274606
2688408741.4699264
2094727423.2938595
2109981202.1855676
1920678206.3545895
2279146902.802679
2243576245.255182
2353940083.144212
2507397796.585187
2077966073.206275
2690263586.552291
2253484065.5819416
2512614806.662028
2449649311.5621247
2562727538.9771514
2274255683.750524
2036608264.585697
2336415052.6483445
2264941539.3061805
2208916500.8688917
2623543716.138205
2559237798.285479
2258662336.709961
2121014935.2948253
1993055159.1064577
2695152306.4311876
2409227591.7847066
2425432727.191767
2263845572.33571
2738817239.606557
2196079141.346755
2053496373.8606603
2665832071.2398524
2645262305.711432
2663844980.548259
2882199106.586331
2525370791.7522364
2521370470.8951554
2211768475.193115
2835796935.8990073
2440225052.2642627
2524727533.800222
2271846481.8708982
2765980607.164379
2487432366.0361457
2539492551.2769156
2739092972.054022
2707290708.125615
2416495159.831875
2508831093.7910957
2665649973.7651496
2813956507.3447156
2663221366.2218447
2794147776.1528025
2448117049.812504
2835682980.3513036
2571254915.672821
2934233574.6129737
2435554466.0913796
1822481767.2769878
2162398730.461376
2380356160.5997815
1859364956.2433476
2230341719.0168095
1867534499.706094
1983891550.6381454
2055044814.5440407
1811610102.0558367
2276793291.3318253
2351394294.864959
2404113635.566875
2550371479.1525893
2359667821.2584667
2325160105.8469987
2193619757.8568053
2094287177.645362
2646800937.90447
1728550039.4760678
2697606707.3800235
2287485675.580166
2562791699.251577
2802806930.746818
2393667052.6262717
2421635694.707391
2598937871.735903
2497240715.6299806
2961241402.273225
2522306113.088645
2542612639.8801675
2835212270.532334
2963592274.914516
2830303455.665835
2737862354.0926914
2864839878.132574
2341770805.17206
2776710031.8183827
2926865942.5135717
2761349386.112529
2477895444.8806467
2451256846.739613
2695871361.2726502
2872454239.647876
2858640266.574362
2926190077.349064
2823626355.1417885
3086697487.4486327
2607596413.1719794
2588827462.752631
2376911319.605294
2961731491.659522
2418625590.8916817
2897244718.674517
2451879412.5999646
2820629737.6275597
2521750709.130476
2957646774.708231
2288649073.9515634
2366775122.6999273
2530307110.382954
2896136837.284781
2641280316.911052
2535609739.4564247
2826354927.3157606
2372427890.441585
2400141052.171463
2447661361.7582264
2774329183.807356
2423987353.1188545
2106262267.311513
2503362934.4436855
2224555569.112229
2131682322.9676893
2750870098.7317667
2654357441.723523
2688465874.957308
3071230324.0911827
2577487131.3959966
2781537197.036432
2561305337.75303
2522667582.5638747
2807938810.5806265
2484964409.9360833
2704924291.119572
2583619929.2447014
2690615339.4078054
2942971018.2127447
2848908663.824082
2382667567.443541
2466157376.329195
2404913225.5791383
2536564338.072245
2593823298.7604504
2538441869.3883653
2194392823.896842
2565790575.81926
2681388312.755555
2471563180.3084474
2454533787.431049
2304319463.631831
2119053911.3503232
2547957006.3005576
2309485224.6719904
2206270168.818705
2645402425.4331555
2313920447.063613
2828967749.374771
2386026553.8664446
2999061136.869165
2552587946.5581837
2792379110.631331
2612612308.0051236
2825350210.974904
2648336106.5543633
2665585252.0405865
2483963989.1281543
2656099277.612331
2732813613.817032
2814400708.3458676
2055486907.3909981
2830563400.24463
2507302861.205712
2706273683.363558
2623743039.3764253
2079430903.5207794
2641782515.8467474
2338359073.7255096
2689367912.792971
2218337402.0750265
2734392338.726455
2485350138.0138426
2530635465.1950045
2387793426.347602
2835274927.819755
2633515655.034949
2433598341.8899236
2494945872.5319557
2075757467.0347676
2417099871.684023
2477306621.9470053
2300626326.617147
2253673527.221216
2081115105.0222836
1887886186.3754401
1968983820.7659335
1718265335.7591429
2131961827.2225115
1638456070.7869198
1902845651.5886674
2425058753.744527
2234424720.744856
1991012172.5525343
2262201764.087464
1896445658.5644825
2275680810.464755
1924475508.737138
2435601587.3913903
2626693469.3825774
2650409893.0618563
2613477726.513499
2651572312.8672915
2758226065.815042
2723915397.2417874
2768518467.3156586
2921403826.482771
2775295355.5698724
2924827190.0732694
2786663566.4892225
2889712503.375663
2981241157.7062626
2884056395.0169063
2910000485.4345436
2892248419.8841367
2788975123.7991433
2861602315.1256566
2935197178.107306
2877154813.5115047
2622210638.617114
2917913015.6606703
2624278748.5019693
2863433493.3965745
3026305257.3967166
2483762913.8683624
3005152831.0883336
2952441871.1103344
2773013239.7701206
3045544634.899113
2619641684.1184554
2791228108.7152705
2964354696.744036
2537599211.7036343
2807415558.5094867
2689324712.319837
3028677912.8837876
2952183754.2310996
2651916073.7936015
2791933002.328392
2623208658.4080253
2905649896.202771
2693615982.918007
2812936375.4487886
2514436713.995988
2728893766.695909
2863830635.7186337
2720414319.6657195
2724236715.093628
2491100269.591161
2406443049.5493684
2880141841.448235
2662000231.489997
2674371434.1369996
2505842291.4890776
2790749766.465776
2897389051.0045524
2907262021.568411
2618792688.8657923
3070931376.8031154
2801424353.5974855
2879524603.900034
2642796734.0325236
2760011459.227977
2928288470.567002
2836031769.5416136
2998295937.975452
2571014425.009923
2836911114.341764
2849380908.80539
2744546842.7703147
2727249648.010796
2686916641.3542666
2501085065.2355876
2587974783.13216
2592291458.220485
2754992524.7328916
2655518369.328918
2804898702.091216
2716448725.394783
2724716691.8767323
2738327576.1578445
2650478108.136146
2106533563.2208586
2277611772.727351
2269662117.9060125
2173970624.611405
2265601287.9583163
2461395201.17807
2535223287.9026375
2317244892.2459188
2506410474.2173376
2110029212.001974
2117819374.3006845
2370800816.81402
2233736074.664601
2006780735.2797441
1857331136.9707923
2549328309.560597
2113342360.784096
2009210959.6773787
1988291827.6167667
2172279372.222607
2283876982.5324287
2217153551.44129
1968870741.4736345
2314496457.914772
1726095216.0760765
1813314242.66521
1941064222.429593
1662387949.8722975
1845763091.8062503
1789033365.6115048
1703897391.1607635
1587467176.0677977
1716647579.2235012
1402282724.0823677
1395482060.7234616
1283334147.162486
1498504485.7275538
1387079461.8566828
1550007197.297966
1453096636.34224
1201925278.6503332
1658313121.9005036
1264885393.1047297
1135008319.7011726
1364484812.1066844
1113272462.7672012
1270311419.0071564
1670500639.8301682
1453108042.3982742
1742295489.4279366
1717691699.912021
1998223817.1231453
1367009513.3595667
1479254933.7204742
1479598690.3002207
1501948266.7643075
1132731524.338185
1325240448.1874108
1270121945.5139022
1030975102.9996173
1645506409.0218132
1082512681.9005468
1113060634.1199813
1445722574.9811335
1094383880.378562
1136325583.0734823
1341357298.2300777
1059174029.4268787
1019342619.5947795
1331733520.395748
1059401648.1304709
863262068.963242
890476106.1410315
870639360.4885767
798165219.133602
214421610.96627182
1183373240.9397457
1313621037.6191764
1604903775.6279762
1357572917.5826032
1249940609.5900016
1085964901.3503819
966093533.952371
1192234308.9823587
1236481988.5050504
1319376055.435146
1444820452.286591
1547626242.2175486
1359109615.6653528
1655388434.0108569
1451218614.3128676
1529004690.440292
1710716032.089833
1709484974.9983454
1495968460.156012
1458719583.183579
1412053412.8720806
1350349735.1536863
1192893222.4245915
1295324338.0038834
1197068628.768141
1537190469.4727335
1518089176.9240634
1352626721.5468643
1519360467.334964
1206317077.713301
1101112889.7609413
1160574107.3043773
1306490662.735113
1192597357.8819516
1275917405.3207922
1565632171.2341478
1341353554.2356305
1222890434.166168
1355656362.8231382
1031638214.0349464
1496729772.6563811
1169042912.9243758
1269907125.2089963
1535779172.7593641
1400750800.7253952
1523973779.4893444
1864447830.8173752
1397969415.075507
1781561040.3081415
1502703422.4102604
1391997993.3084626
1812825695.6662798
1201443362.4377465
1463516374.533635
1466436520.4719234
1447358903.8913221
1398331407.3717594
1356567837.56242
1574293713.5355527
1375850779.0453458
1169961235.704313
1762159632.6953251
1629810450.122041
1721459005.8222616
1875033449.7897067
1534838101.1361823
1675945626.7067256
2079271776.4080691
1820848103.6279683
1706167535.31644
1655829339.0733962
1519600044.5546174
1355878590.928496
1235595529.7738988
1542788995.5666225
1307040956.14635
1208718983.3679168
1526898798.2775555
1674767454.655493
1526097923.1933286
1930085709.5784035
1622191598.58522
1964893258.1681955
1858171504.761233
2302967739.534575
1949232539.70498
1755220012.363926
1856501502.928152
1646052899.5040808
1725374848.460146
1748705014.1393285
2030715926.305519
1394294781.8628833
1641277969.0803688
1386974778.7405052
1326631051.3272932
1433519196.5365188
1790067571.7172194
1707340776.9135556
1188639372.6055548
1836152269.721447
1724107435.1859581
1550268306.3994143
1611730237.5661223
1433964968.1913633
1307507737.8638208
1293156316.6575232
1445454835.5027862
1504742533.1797721
1889984607.6051192
1238416578.7668242
1266102013.818395
1708196424.6226976
1327513547.8391497
1463407908.1302643
1308939043.1493063
1193973548.4119208
1055515826.9669211
1017224222.4105047
994786872.2772218
937080240.903405
1076503394.1760957
1009195287.3960898
836670173.1217724
815776544.8718176
585557913.4183406
296196403.1065031
1128607243.1411529
1199567772.6282613
1430353047.3029666
981056208.8502568
1606149570.905175
1203487170.1533098
1329677309.516126
1422355091.6116955
1439878819.6471114
1524620642.6350334
1301328148.691489
1364571424.6149523
1476729171.4701598
1162816115.8536713
1438056080.3910542
1384312903.1876752
1185294151.503212
1193822404.7250152
1213802947.6465373
1380669346.1500158
1383244819.5440857
1288653485.4690375
1103758733.946788
1506790787.2095728
1328552023.9119318
1345737330.3926494
1522817960.6993349
1628684232.6076765
1239357499.6915913
1559584325.6827908
1582704306.513312
1151137235.597167
1098760699.9285932
1323950301.110092
1208912143.1782134
1082068659.6689422
1484789739.2465124
1534998447.944282
1420507438.4614675
1148109048.722239
1711621780.3678062
1515809386.0143244
1747693424.907333
1829726903.611688
1655521542.158488
1984606305.3864226
1670691921.5372102
1444255684.941761
1764754007.0758228
1716344706.9502366
1989596257.056587
1687684129.1219664
2039131070.534799
2019679824.635503
1644219403.4138217
1386980795.5040834
1452901904.1083112
1722612012.8286173
1850135538.2255018
1836451786.1931357
1952717975.6884594
1708207006.6781018
1699794495.973384
1307022652.856498
1534597852.296165
1419112635.173747
1488180883.7999752
1342154254.5181303
1542184288.0135462
1891796845.774582
1547439535.7095313
1721070960.2665691
1261447679.9582891
1455953785.8941038
1651613011.7077138
1425110334.3744354
1497823647.0030236
1477726651.2488673
1456030988.5364335
1045630153.0319076
1230346700.3291166
973012176.9610109
803765461.8691409
175105629.50893992
1581671700.3754895
1075329375.2653668
1226052484.1798863
960359654.9401283
975483305.66323
822103771.3140306
954127213.730004
710016494.5914237
420943056.1402222
1136564221.0851922
902149292.3654729
1388616571.8858187
1277866358.0946245
1525696835.7734113
1392051184.2197711
1449848729.2170749
1524690550.5728626
1713876424.8290286
1718316330.9494858
1901193873.7516544
1761824669.4649348
1886873241.415303
2114254214.5683804
1650877004.5217025
1995475418.0443742
1817833670.5034244
2082920489.9313626
2527576391.9522796
2296817058.6182914
2582291816.5707207
2276762649.592914
2128238337.0057268
2066070686.9767282
2106207582.4001846
2108858451.196824
2140754441.4251833
2126450538.5606582
2419756386.4619813
2336128004.001424
2219425506.6709666
1988139872.301785
1915208989.9887943
1902316144.6737144
2164417727.818852
2070967009.8633363
2171287577.714967
2057202020.2440853
1422476710.0754147
2169358989.275621
1838276148.0417595
2046851189.3767552
1460190954.4969409
1847757012.198031
2061645617.3558815
2062837684.700495
2206734702.227619
1918731737.058289
2219281273.4909
2261600596.362048
2042204347.0851293
2225384836.1097937
1759666361.860927
1775985290.1787777
2407405411.5900693
2103222977.9946783
2312829373.340987
2428142022.1143155
2873562387.3267617
2454812950.2379017
2475046847.522504
2561795052.8623214
2018490017.3146205
2425937368.5681033
2508362872.125369
2261870116.5867844
2474949559.0328293
2786907126.4662967
2939673133.037756
2479344345.4367566
2278465025.034772
2543634298.6436977
2394901471.500089
2162060504.99207
2173965416.681595
1999098194.3586085
2224918573.4141054
2166126853.7227764
2020937298.6408381
1762155713.6062765
2049774458.6834574
2042047635.2958403
2284089788.6611238
2014210705.0596988
1743717720.9366565
2001956445.6072712
2113869159.7864838
1836078207.7482166
1364735890.541751
1438044741.7331946
2114502562.7027485
1991706123.3115165
1645271857.7275436
2019956516.6667273
1850539602.7953374
2112743505.7212791
2154474552.8142266
2310487860.3480263
1585734753.4740982
1794179016.815443
2078930186.7007987
1833277277.2371316
1440773052.0170352
1321032846.1103
806371438.7150507
1345657702.0959978
1405817592.3568559
1603576604.7682707
1232839995.8497498
1287411001.1303072
1169616985.7680018
1682182797.3416796
1325896086.2416842
1688252597.4453359
1373362142.7499099
1589694402.3794096
1792304533.8115242
1713056331.893535
1470070132.3793685
1477148790.1228235
1403327518.444313
1205327936.7404466
1733785265.953564
1432430368.4709413
1313620463.9704242
1528701217.0148232
1428726216.980019
1238670589.9750283
1812723268.9593377
2086406845.5539527
1654078701.2977185
1558418282.0608995
2006927515.2612023
2133550248.8072917
1491723699.441466
2141116099.1778264
2274114019.1654177
1971237168.0684536
1802435311.5586326
2020135007.7450938
1701581356.1343663
1911107875.1910195
1720320003.8311517
2022007285.6621757
1814544698.0612178
1467428782.288313
1341188497.5859497
1327886881.229847
983581920.290712
1375448646.0457175
1191937199.4962602
1270819080.3251173
960650459.5325428
652741379.37088
1029307232.1450356
1134296833.8470511
806773192.7157683
811863236.8005925
994851399.6246887
867582853.1210313
213921782.8639328
1484577457.7349944
858367580.2142482
1250666211.6476195
1332650840.0330327
1186314352.7818508
1119954111.711667
1419096562.6101725
1310061894.5655043
1432929234.7951245
1069014542.4612058
1114425185.4425106
999810118.5422733
1160473290.9139197
1101868088.2101772
1279057503.7875695
940455989.9303938
1044197220.7923933
219907193.87052
1058810066.521609
1373765761.6239176
998801745.3559657
1278255822.2602828
1116878203.8347788
854260586.0733402
924408123.4435159
1054363108.5105803
1305626273.492957
1363758858.4118938
691593962.97676
954549331.3906784
1168934583.3748472
879269672.658973
603219390.3404117
940027954.8875489
796825350.1839219
817121320.9481566
181691293.19853207
491765683.2306053
155590426.5061307
928419785.159479
932799357.1243218
924120588.011065
684920897.971056
215521707.52695575
664654462.9756829
735555169.3358523
925617270.747231
1040378688.241587
484515609.89837694
927855231.4768761
984934140.3213644
809924817.4722362
317828791.1988108
846844881.0393634
792245379.0921432
834439707.8597894
864598212.7747387
871939544.239352
1071600114.9344734
675677456.3628258
594041776.7067289
636089352.568446
163147113.99159545
976813203.1477313
706768345.1933254
867853607.0495784
186632557.682607
1000717296.1639607
910187185.2277588
831801154.4602197
655160542.6594865
277208048.5990965
557116868.4816586
313119733.66876954
1037567477.7569124
1120215214.442465
970007741.739636
989739309.5110615
277445570.3910058
808923779.0097996
862637836.138213
199729991.995206
942829081.2081084
779737087.5933551
715715838.8950138
204795214.72011256
932488401.4321315
841318725.5141517
961368143.3144515
876471004.6752734
1247762863.7399442
967133576.061259
1194021227.3956077
1049824954.6150428
916743994.1912376
594114565.9664954
1375627682.1053092
1140590502.8389106
720991754.9252563
1018349459.4790666
649871557.5171555
963990723.5797424
965652928.4646051
1179094957.2691314
1121655274.282527
1414002937.5166361
994403601.1002504
1065764941.6529078
1149064284.3330922
1392628949.9458985
1093007529.565211
1240663578.3962402
1253288877.981186
1072268121.5365531
1104884218.42334
1253918592.0055974
1273428065.908277
1130674943.909258
1147133905.6174107
837922432.0670053
1003737376.6836165
1202223383.8857615
987857613.3300564
997742515.9915801
960232265.5808156
676033135.9435265
1137538230.6566682
1165206857.3170354
1051525063.8292952
1150516764.2957125
1236685066.9603353
1205579241.2296596
1061744475.0976104
1338477636.763514
1462938964.2953131
1504484261.775929
1320260217.2694414
1278190605.0708036
866316503.714209
1281251493.4038942
1397453083.3837805
993121519.7515255
1458078979.8300056
1331242038.7857115
1107745167.3737617
1139181055.617847
1435263917.7119298
1654830198.358243
1085191443.1753223
1082240658.5352013
817732658.0051137
972857107.2925286
1304200290.979104
1081840064.609983
1021574659.1815629
385268560.64225924
284694097.0504971
866428727.6801234
776265890.4423072
716705690.5709686
230854290.83681434
1147246478.890391
1102977741.7739246
575853749.1297479
881702404.4285469
213273974.88298506
816231022.2493612
913030152.4113417
904275866.9875641
891959700.6098928
1269625898.5424082
964210909.2362431
1053104818.3037481
1424172807.81282
1077431091.5779905
978679623.6686759
1088238990.6632938
1211728392.1110005
939178638.5073056
1293799066.5801387
1044862095.8367412
876463968.9908413
817356154.2945718
976979173.1826892
922341607.7484342
871112200.7989733
960635734.1440327
839239217.3387477
616866301.8892887
1116416552.540185
924361869.2704659
1058892478.8980436
1110408936.3470879
1176142132.6595411
1127030835.007788
1138957034.4271436
1187341008.9027543
923655462.736009
638556434.5476217
1093261839.6969237
1212757153.7699835
1035152383.9532799
1178056685.284007
1456403969.8395073
1385200030.898817
1108873624.1994376
1535525510.0585318
1291344905.3154068
1420520031.4568884
1226579277.6640153
1297462348.8969605
1258952427.343539
1435118006.566944
1233292949.909654
1632430748.655274
1272714061.6022723
1182622772.339379
1085324873.872244
1211507640.351634
1716774662.716786
1506951860.1089237
1305005717.046833
1364344587.4508376
1335879429.8588336
1404430621.8001053
1234798357.6059918
1283844998.2496147
1039909425.7845252
1213575269.770561
1042665910.0672204
1153480650.8564942
1533934745.1128302
1135762849.1888125
1187777965.8703701
1332684685.004753
1028533985.6755552
1092360203.2673726
1624601112.6165783
1441934361.4497638
1607322877.6355882
1429158225.9541836
1781332139.071283
1390575533.0028412
1512104601.3129275
1760066817.586578
1268284304.2136152
1496638224.146666
1418805723.0922208
1570333081.1091974
1940307601.0272274
1171251332.650406
1861771086.3897727
1760846550.6148503
1574510309.6155128
2034281387.4058459
1940367260.2766716
1743534475.857027
1906426719.7603633
1880517775.925155
1803117167.7276518
1715793843.653202
1560144549.7657936
1681117540.3708677
2006511226.5914197
1678405487.1913068
2142389055.8638618
1917177011.1316226
1892186385.847502
1631114249.2827659
1766311614.862142
1610101274.6203487
1743868362.5766368
1934560677.3316703
1550959004.2462835
1423237152.995448
1535467671.2750819
1810346337.1024532
1541407387.2987835
1615976620.7186706
1403597878.3002355
1794546803.1346955
1139289565.57425
1838673179.7143385
1935311316.3420398
1687291725.7048259
1912199606.1881669
2056158652.5210948
2045605320.8005333
2096270412.3365173
1900779544.484612
1985907177.2955883
2228595248.0192103
2404722082.6988273
2246671494.6794186
1896642614.7594714
2221527046.815011
2212026269.331747
2155115363.864476
2147609846.9591236
1750492737.9108403
2274959666.407373
2084050801.6654716
1955589332.6889968
1844520443.9810407
2017415357.7886314
1732167782.5252364
1880459002.8772316
1926686004.8130355
2217474811.3860264
1802140534.8416345
1821859227.9024043
1971858346.1251118
1750817047.1770682
2078145578.0961962
2277666915.732038
2079575551.4277406
1876301432.9112468
1837871122.7024558
1832831496.4777505
2168478969.5048494
1769593969.3830485
2006980779.5956612
1987164053.5736449
1648390251.2143905
2071626656.583085
1667379569.4717016
1828188153.9812188
1831941945.514441
1481231307.2605617
1707026889.449783
2215370255.0706143
1969052742.3744564
2324249985.5619802
2684508650.28733
2304471189.551224
2000128618.6674685
2304877818.0974455
1999123719.400743
2005949268.0958238
2486904707.2993646
2295888725.651006
1946648606.2245731
2043234698.3249848
2274425501.7914124
2538160870.29064
2257521078.8909273
2151031221.778119
2043112853.7540176
2417955559.620523
2757211612.189807
2531247052.41779
2121308387.634354
2228875801.689169
2254576997.585881
2583795221.970529
2777966170.2934904
1774554436.617802
2049146061.3594038
2001844148.6745396
2363988907.797878
2331892696.734156
2702999757.6592927
2637370692.467354
2435980139.670463
1728913844.4959824
2403542050.1596117
2281713812.586327
1740468168.1871927
2075150838.3761475
2014217842.9348447
2162105386.17348
2486122072.080245
2217759190.855301
2211383140.932142
2255393498.5239177
2518268590.97732
2561402483.855312
2571751389.7385507
2129353953.863449
2218462377.197346
2844748389.8417993
2091220848.1239142
2170780099.1575956
1853409668.650283
2239249526.251574
2059530308.0537436
2361411119.5284452
2029408545.4132574
2356515160.4184427
2324652875.3085923
2170468973.5315433
1927870274.6508358
2254768371.6247077
1626396643.7103977
2503261547.0115337
2004728028.4011421
2339927409.798655
1826144535.3398898
2043464487.191224
2078165466.1572585
1964369451.1856418
1953342769.6977246
1914152701.6688726
2385213321.296461
2222113226.716599
2536645071.686107
2772247105.1347895
2547101922.783709
2460944556.08125
2272007291.7779922
2000905329.7341802
2377554927.8202853
2375559317.274052
2416837961.240335
2024866660.7401907
2292049623.1203704
2189088932.4675446
2588869436.6296935
2617474163.593318
2875930800.0500474
2342089855.535432
2789542650.3724923
2464434201.8361697
2385361313.537116
2818726734.1011314
2680956816.0958185
3010464864.465368
2627869167.6269503
2791635319.618483
2990572473.5787354
3013498738.9893336
2908883871.9093504
2854629081.3828793
2944575498.4329147
2774526845.57157
2910391299.0660596
2682760608.9606442
2977542765.129891
2705118164.0774794
2863191300.756035
2800639589.4053745
2688536788.9920936
2734990779.7007384
2922019575.5327153
2599099409.615327
2725180571.280705
2897989409.53157
2562994256.414724
2831614168.0034018
2654917890.3193474
2858835611.7944593
2685620151.3417177
2925664754.994982
2963252040.999142
2986256702.0136576
2889536507.8975024
2506575546.0988116
2788097361.632775
2762029103.3984075
2979055002.4836717
2610884931.869423
2758281999.652783
2852911271.3738317
2897789626.781861
2630216532.8827066
2964334670.810951
2887547766.9308434
2783709525.97748
2664613787.1765704
2763182918.487652
2929621587.8623786
2888037887.6170955
2920249266.9628887
2707609949.727463
3014123024.698861
2599841888.1645346
2951917410.0235043
2643468976.373917
2878783238.5316615
2696939401.785572
2584608421.2346992
2658218175.3468757
2952462219.2534046
2887912375.956163
2916529643.260772
2816172728.124861
2986266101.545117
2587603242.204605
2567084426.6407895
2892072079.1068945
2807018979.4020705
2672732667.8901057
2919231413.4684024
2694854531.073385
2867785353.96154
2574925530.275012
2891374486.0148993
2650253163.166436
2520852116.4922485
2702757367.232574
2607002745.258284
2475510587.748527
2747823059.0912824
2567054270.274293
2373408958.7651434
2396994539.8956065
2795496669.219963
2696339289.3981338
2813374233.7698736
2483427586.6548624
2539354588.6862645
2585138294.0445194
2792722434.220949
2517577394.972321
2294475963.625372
2691266606.027076
2471676288.5914283
2678442641.805745
2476057593.2563043
2705629588.4671826
2456699100.6755786
2855428911.346453
2913685841.5894814
2681407337.5371346
2825592612.5313005
2854746168.3392296
2775929364.6638155
3032372991.0846252
2497377524.851093
2535531401.416068
2670304645.73581
2563587338.5361347
2811656023.25322
2924554841.774639
2776718009.1802583
2668796815.9087167
2888734883.2709336
2958713366.5245814
2769894793.3493223
2750221774.4007034
3110403897.0289125
2532857064.345659
2924534478.683073
2811522607.7890363
2435035303.7785635
2583869763.821823
2456797675.1491632
2641840156.3361254
2810542603.0935764
2903370521.8090067
2590278676.692766
2436955347.9289885
2671948631.7271256
2757608469.66418
2856928064.935153
2711004923.508678
2753755471.4293623
2842974640.689401
2460801266.8808365
2456413015.8573384
2434231754.3593683
2429450258.9125214
2415324676.570201
2656266802.170061
2810250459.890026
2490876607.780954
2208444592.9549484
2895214779.611571
2617976103.8026085
2536649865.5666175
2417567577.080937
2837367633.929021
2450559746.8919964
2533056271.0661926
2474908193.0884867
2687193195.069881
2865852876.420339
2770827004.2775946
2897362214.3169055
2878524436.7253423
2904967208.6231613
2420285694.519599
3057242623.023726
2962225394.4843693
2597326271.978502
2392622005.019765
2593143145.2280397
2806178489.014037
3026091738.2895694
2780945085.8479033
2879717744.000751
2833960135.902813
2833318547.786322
2658696221.20784
2700362879.552069
2782995534.7394
2881209826.1164007
2850159879.328343
3041729955.4775133
2799217187.9602456
2918168168.975122
2921416327.749869
2585887457.20829
2756370235.901558
2826619010.954742
2920893105.8816457
2744117956.448739
2900186024.997954
2511252631.5356627
2815066398.6950083
2783302337.2752485
2915668386.432799
2756407983.4821296
2759132247.5297265
2887236981.488189
2690594679.3396816
2968081297.014945
2873772560.367561
2842075863.150173
2940282362.6002603
2838796689.4718266
2996084052.1828675
2826140016.6519985
2869457802.91705
2977771006.315358
2661043963.7102413
2876989684.652122
2795024019.479237
2907384781.7224097
2962214049.6337676
2955593927.845219
2820421971.896313
3060956935.0923967
2864207211.907148
2862170514.448805
2798523340.439334
2591799258.1857643
2924297100.718897
2942556081.736645
2846314720.7027464
2842380595.703965
2855442442.0404396
2837134314.370015
2922107308.654577
2773633242.712788
2864237762.0004883
2729989573.4878273
2922438081.895817
2929205695.0488954
2880419465.074411
2724541793.41412
2983637876.8496556
2808990913.007862
2721534694.2148485
2761297639.464641
2793355011.8252306
2945294141.255556
2975431067.571579
2723952422.927559
2809349089.6790476
2774983865.629505
2827101427.5445952
2981541968.0147634
2895994360.243248
2751394342.017398
2928596987.9928746
2795196325.358513
2869624205.401237
2940289431.6850023
2707875212.521153
2850194671.264876
2720045364.3681574
2738339006.9801793
2803585105.080655
2724842671.9052467
2763863058.8978467
2731195752.271031
2646361498.9491434
2582622557.809084
2527472109.817955
2806403488.401721
2921274818.190173
2812910702.0973744
2180588980.9301934
2406428274.318952
2298305146.863242
2021145136.9572594
2078902255.3311799
2560873277.7788687
2277765515.696624
2794234190.583095
2418139241.2816525
2718151258.1266923
2558497914.9476295
2502592108.845214
2967738543.706025
2375197638.563742
2704031571.118144
2564803928.0260205
2830887461.7958565
2722186039.226974
2494605278.5784774
2474016864.4763875
2543662531.2382736
2838429025.62913
2546857632.671679
2495367946.701437
2446072710.076391
2289194459.7084293
2776994340.723673
2712291985.2335997
2857214837.6197853
2607704601.4349575
2930545532.292736
2965718852.4866915
2744318005.991696
2930455569.1943455
2623297307.882921
2899210932.103395
2403141975.685383
2467550861.004049
2428074256.5173306
2556300891.1906114
2712530707.5366187
2725192843.7079964
2835509061.340031
2618613278.5522695
2753872201.6563516
2710686335.7790904
2747268980.8236685
3058427609.06025
2550263725.068105
2843842926.2016945
2496347713.074649
2320806258.548562
2639564404.820168
2535022360.560746
2193887680.6070795
2397091689.852461
2313604533.745829
2317629623.160366
2775210308.1154466
2765577375.6251283
2507679272.600253
2277398603.664633
2152975244.949094
2258222352.5322742
2675797029.491418
2374358399.0313005
2534989810.8400126
2917120908.177396
2504141166.6192884
2613230987.8261456
2751705366.3666024
2379623859.161857
2272088463.091771
2566211022.1195245
2778480113.1911736
2554301278.3228693
2803932325.412665
2470090257.39697
2336569579.7833033
2738310502.353685
2952741248.318398
2567504464.179304
2919228695.9490695
2842109563.7679176
2396807953.9255514
2592659598.7347755
2543480156.4200096
2731097825.9724607
2497410751.2498617
2913080215.4942527
1979276000.5557365
2697564525.1352243
2173726954.3066163
2177409919.9572854
2694334704.943167
2991875735.482162
2447951481.5642233
2436588867.615753
2768780803.619357
2895845689.3053946
2420507017.5937934
2727316057.8670044
2537693054.7461715
3014699580.7570047
2718899584.3029747
2587215148.2594934
2869694057.4539647
2843155220.583671
2535996086.1037
2795950823.3711724
2875706293.830958
2819325013.418186
2959287501.8705406
2939375729.436834
2950190917.689193
2830937986.1641426
2831790011.8144603
2830773201.315064
2735341497.669719
2858153479.2584505
2730049752.9196725
2887325075.121559
3055295676.580318
2356398553.6955237
2858470113.5108175
2739386559.4611144
2803597299.809584
2889240191.1216326
2978192117.500434
2989941670.8971457
2808911901.04838
2787145667.427175
2804468745.690443
2988796852.8313947
2509234455.2651424
2835584742.1839805
2908995380.041035
2585734431.4316483
2847987923.219032
2894376279.6126595
2668745593.795152
2875547073.766636
2545635533.613659
2917858378.9950376
2843504000.8980436
2841343042.032702
2771234045.3180275
2881586312.662008
2866960336.900174
3092852105.652179
2942815118.8487663
2948937926.4870176
2416790469.2692413
2904804952.1182423
2977209045.5757966
3041671705.028822
2889780347.219091
2813150709.351383
2813715275.733873
2642616606.6558
2841181160.5319037
2793007685.3162127
2910804600.465337
2964626829.2083325
2824073360.881399
2818833481.5502253
2612511078.3567066
2920987662.3059177
2805686411.2124286
3102720409.146598
2937163598.2118464
2556695754.6698174
3065204560.0067816
2926127651.74222
2622409736.7389445
2931469843.9045196
2867967171.9761276
2925033698.9506435
2937394804.615184
2961429468.9414062
2833155419.5959945
2804158167.871697
2647583307.3508897
2939909211.734498
2698517250.619757
2837158836.866085
2860260770.8625255
3042052270.492892
2909580931.782457
2960138163.572564
2693263414.9576545
2965774586.878169
2705930924.098009
2791971911.068267
2881707322.7866826
2854856048.653048
2908563935.073427
2915773926.9633517
2909567738.75745
2981225095.638765
2853608147.9132266
2616092343.72032
2867242479.1677475
2602541351.792557
2840807365.262947
2876579621.3592677
2817836900.539364
2744368199.796386
2834236059.4915786
2862543394.3269205
2753629638.3970194
2889200817.326549
3054062503.1160154
2769943979.4786105
2917413820.813357
2541488137.0015364
2855303937.5178175
2845940170.890417
2977869388.2648745
2825315748.1800323
2903767702.1697364
2913092736.122294
2954278050.1629024
2984586859.768377
2841881733.7590837
2906249465.3494945
2594653866.116622
2936872897.191826
2614424240.9196153
2903029500.2109613
2505764898.8797274
2559116683.233357
2759209488.2187314
2676756005.2676725
2890358392.7415967
2567928168.4960284
2747750914.17339
2710657750.267277
2234185058.6118736
2799358102.5639076
2595978409.8411775
2661413161.132486
2273264460.337682
2795296046.693763
2136606213.719046
1939348747.5673687
2391637652.4632063
2023478680.9815624
2641633519.6072063
2204521844.655792
2396211995.3965015
2496294379.3652816
2738245257.376941
2414804181.279436
2771019753.9205027
2678890526.9208937
2690289568.708176
2859317672.2782187
2710839647.9799004
2503434583.140741
2614773310.1213913
2384374685.898587
2819989655.0593357
2451041695.1543045
2685886065.600973
2686135298.2400236
2181458851.9799657
2511186142.901067
2223862476.3263335
2796753321.7984734
2815589257.869972
2218787965.926727
2510496030.457078
2799032033.117977
2691963833.708667
2791545497.3893986
2687377488.1583056
2670630395.931311
2421337038.8772736
2582700528.199801
2396184602.8049498
2421100935.784232
2555636376.36244
2332824068.189267
2419878619.082637
2370471198.608495
2625572245.335105
2592785720.7671223
2738833799.371324
2422624735.381612
2659028460.1909466
2787483493.334903
2383160710.041496
2854501335.0108624
2392615545.9521756
2353533891.682835
2594279129.541061
2753294321.273704
2482989257.279492
2303895211.9421515
2877658004.4516563
2926054102.189677
2586176760.1249695
2913768967.126832
2411183674.132029
2747373733.4205875
2916868000.5771046
2778172157.097
2492711990.8716593
2505440969.1652017
2536572776.2671328
2364745275.334679
2631924552.5227923
2771402636.2429705
2496552892.755715
2516891133.054191
2830730464.76823
2875460054.5277185
2641447090.457417
2879383880.770192
2743503271.6656046
2510765008.4438004
2650621088.6523366
2290461332.2432504
2671397427.417677
2897588293.845793
2653755785.1623344
2810329927.2476983
2471411183.2145357
2731128474.99328
2959537903.0887027
2548665825.8552237
2516559212.71806
2773184518.4160037
2749095458.366478
2775475096.614194
2739446450.5932584
2739204461.8724227
2532119221.72825
2982512129.537238
2544878426.8112106
2503257843.717988
2597454960.4043436
2737676338.4741187
2862158015.022423
2615066032.215504
2825100702.2128925
2685358051.6498785
2905274224.6438766
2760993754.8592
2875780095.7546163
2228113615.794862
2815697284.511061
2824465080.0077662
2472157745.332384
2768212351.6529455
2734975706.178664
2634530161.373697
2722856445.2411747
2735477248.896354
2832396909.3728814
2674997654.909335
2836286856.0898223
2787406951.726702
2976413996.821571
2589077526.517696
2778947824.795233
2697865872.71048
2720919950.4322076
2921214612.132244
2589665231.7396865
2752549733.108594
2686853543.8879848
2627980740.874805
2449474510.741016
2919210274.1410265
2563450002.5726805
2564385100.2899804
2630719628.9087114
2643946502.9068336
2555453053.232975
2640445131.1127086
2817998079.6730886
2598205027.0882483
2551660083.423843
2656984300.2797894
2684699086.0747676
2502301050.5836577
2785552746.4415073
2637805786.730379
2728989625.1598725
2725368341.719474
2637742169.542989
2837560779.6646276
2938558188.966532
2693483392.6865587
2335696648.129536
2094278206.606585
2553096311.7095366
2192524321.839821
2635417269.873787
2286938354.717598
2275579093.1405745
2357541627.8472266
2094326802.2479064
2247173694.934005
2482887403.564745
2253430502.390345
2080173380.5561695
2144390030.0569704
2284980340.297616
2676822646.5105515
2017323281.9991329
2423231429.314407
2148202292.852598
2048249045.8562686
1936741640.0197086
2145782418.065908
1892215408.1386814
1894130058.1066933
1285727540.220787
1784048596.2793176
1756187655.146946
1659025623.0333838
1935981741.7860272
1754052164.5860207
1621416257.981396
1803466614.528568
1516950315.57121
1847551172.27871
2081373337.72145
1693809871.344587
1915910510.1076252
2079635435.3070772
1630630459.332346
2277868406.5419664
2165465301.8131003
1797134182.2879477
1679896589.58259
1557730526.70715
1687468767.8455102
1582281132.0539804
1548657583.490412
1498953582.5808547
1941211929.2090511
1318166471.0964832
1369571099.002451
1474976409.704364
1388658304.4055617
1277096193.9675076
1675508204.8041687
1659736721.252436
1777669601.2976925
1438715764.118706
1263825736.492949
1591833504.6929018
1142707646.687601
1014793428.7252389
1135463813.0275314
1578719784.6639678
1317008808.0556738
935610270.9118245
1198951482.7708378
1050222815.2355729
1167075006.8021307
1056607052.5427496
1077258922.0123835
1224420651.8668375
1265433579.5282133
1235218534.7457135
1298510188.8321328
1169472714.8457932
1519854242.7277591
1238164248.5267386
1112064252.4027734
1142978523.1686106
1014683503.2702994
1368995618.259536
1170897493.5410213
1120668831.0683327
1101983855.8554869
1074167344.7637472
1218911846.596795
1347222345.7949383
1471665207.5818853
1739754567.9895947
1510190471.4293466
1242143016.2114527
1208197499.3345585
1182332201.8682787
901978713.965376
1196759627.2072668
1443094156.3391042
1501492410.909387
1678415546.1116896
2024806916.3925421
1742452819.4294214
2224560487.799854
2041923809.9522245
1742908555.7807205
1567504662.7414448
1806372918.8075767
1616871550.5315073
1260959361.5134344
1650221136.4610164
1216942369.4129477
1587426387.527638
1311214229.0730805
1489351710.8059077
1461211433.7441626
1699136008.1796422
1783016133.7350583
1704145583.2361605
1721153103.6876953
1908986711.489455
1880076556.1872482
2268916068.8091245
2024504636.0842738
1728693059.051152
1717241284.9218574
1738002331.4285321
1496275320.8873296
1899754220.914777
1858344698.974834
1745528364.0073478
1685993414.590898
1766897892.602032
1658511128.9511755
1500113020.2681184
1486456685.6319458
1411319716.3519967
1486710387.2244773
1520911018.019193
1394021910.177118
1335245733.742551
1399481104.4772925
1558656449.928312
1716993424.670782
1582139027.6501887
1602846581.5369754
1622338561.9889264
1402509412.002317
1889917919.087002
1790414489.6113203
1559319937.9022446
1538849622.8449361
2008052288.7345667
1714503638.0473266
1875091843.7558966
1918931764.404323
2229373370.8308554
1998251447.343805
2003725760.329451
1958138504.630265
1868530935.3734999
1671684908.561024
1761925685.1071641
1762272411.9675539
1291066170.769768
1299529828.888998
1351132473.196052
1808708475.8060749
2097192405.3028393
1492081976.592164
2029959254.6192346
1766836929.6396546
2105304092.5632176
2122140249.440754
1841498238.4197075
1937862319.9554684
2118159930.1431227
2005692952.8306286
2053258103.9637227
2446551757.603662
2106890428.8717966
2245397602.731351
1928804196.5769088
2107329082.185727
1996944663.2668529
2089014567.4853776
2025661695.3818278
1830361703.7981825
2188008827.067741
1778237232.580662
1608547505.9026175
1638196628.6009169
1451576420.9345455
1563856924.6179361
1550009264.3864975
1402032630.2499053
1647337965.0884972
1384936035.2274303
1847504787.0545728
1540925264.0792196
1999858232.7319398
1532431361.3236454
1774432999.499955
1782379724.2470512
1862653284.7536566
2066296348.3669302
1844434371.9892564
1379184166.641852
1247072931.3219526
1180565226.8541443
1452814759.2386682
1825949449.0173974
1880975448.0208564
1710339734.7254536
1909526549.225475
1667247681.2637324
1464577996.2049801
1322314105.3190773
1534007624.3856888
1627885774.9438934
1450602845.9495325
1238548392.8602662
1438058291.853684
1483931968.095315
1075406681.434457
1064741359.4880443
1281053976.2113287
1476638513.927505
1911711839.273237
1857624459.1773136
1566262443.0916429
1816396429.189659
1497382557.3873475
1689334116.910148
1271848718.9939377
1636546018.5677183
1444286817.181903
1241658794.7812052
1620327713.7083101
1528080679.603951
1474133394.8989782
1468804462.552565
1709067336.3318324
1235873094.9798288
1187929835.3016105
948676410.0616488
308674655.3835093
1229979560.9543421
1443062707.0672307
1748646548.8486588
1551268250.767429
1687536732.4629943
1672755676.0169835
1980698395.525095
2548695936.2257094
1999174272.9733527
2212723833.358758
2640900553.538307
2386297514.965844
2226235037.3447595
2189513593.6331344
2417845172.4652762
2378490311.251018
2363419556.698437
2212869748.0676622
2550111197.0776076
2397231499.9143476
2111678282.6055975
2564398895.909999
2791398472.28407
2625246664.3936486
2780960616.4161916
2639894343.986336
2689910081.2507567
2910681814.059747
2900923022.4032955
2886878686.8412185
2566256929.3175974
2894069908.236677
2837517533.840736
2838550895.6854525
2778103609.157507
2992199337.6964164
2871168485.333953
2668680052.2745247
2765598084.9143276
2917378978.597347
2359451637.0543613
2577622466.513065
2647337506.1420956
2329903829.3544097
2323342456.67514
2543929984.4462943
2313433637.2100825
2097379541.5739214
1859301438.951705
2462844675.2443633
2324407824.422988
1855447409.9724772
1675016573.9547498
1772735458.3952093
2174395442.1311364
1869945680.6110058
1883976297.6992557
2311354845.3519487
2021974731.338437
2089709045.8392143
1718765331.661391
2117884308.663675
1969690346.0177288
2149398885.1182556
1806317050.127807
2205330084.458102
2367338299.8463736
2231328834.975182
2140236417.2126238
2132492201.780284
2237009384.2229857
2204638105.054864
2399380614.159375
2049421430.9939141
2102494891.6780324
2665284296.601617
2135584865.9156141
2105702682.5164418
2205217313.73998
2481382420.020873
2207023140.942688
2500610961.9871945
2489399205.6063733
2545007781.645722
2546518909.1891875
2618577843.257131
2905861333.4747376
2887051497.938226
2346508158.101639
2364969593.821019
2364985595.968705
2567882161.3818884
2384565673.203294
2581783556.8365016
2931966166.2836723
2615708268.1938467
2276734077.1087375
2451157169.0590897
2611618889.7576003
2356181155.29614
2444942030.389003
2518825788.1718593
2671354535.1316433
2775349944.88682
2806056175.689756
3027033393.7130804
2634491169.6506844
2415482178.3792534
2830431927.3812485
2905671911.7664404
2861941822.3647194
2756740412.497118
2798660701.2460117
2511590082.7462897
2071625865.0172794
2951176893.938948
2647955007.310746
2953664257.513506
2861505825.9682913
2627339604.60488
2641252505.0607867
2966566765.127751
2855197625.0585933
2914388251.592602
2749220371.8198013
2991750028.14737
2677636046.616024
2726581688.4172482
3136750713.1622343
2972003604.2984505
2912384725.803877
2923026750.956525
2862764202.832385
2859292393.0239024
2581917668.207692
2854711131.8102612
2918829649.792666
2936995038.4621935
2969497845.584269
3014013276.714611
3088386944.237394
2804319320.884157
2820848739.926683
2858452774.414077
2889743536.973128
2825949031.3125772
2940301939.4788766
2946003987.7059875
3006529075.947145
2784946667.459944
2803768949.9465437
2921931798.121327
2789143180.198277
2801678526.6102996
2667061109.572188
2769114682.35474
2858412710.2507815
2805593711.069069
2697483322.1209946
2909859771.746642
2869935249.955381
2989664529.8804717
2823257027.205787
2827738507.3538785
2849824662.840916
2949396954.541671
2898274338.1751833
2812730039.4385056
2923859203.278449
2983379315.9117675
2838904922.53448
2956021503.783175
2782761898.381641
3057606144.2089953
2670727006.3038373
2871528083.306397
2948735161.8153224
2962492134.094183
2950007235.161038
2680461362.357133
2958193052.84365
2918206370.350329
2972012862.708006
2859235422.507877
2959629677.325182
2877574215.6575003
2854214878.232885
3052394434.157352
2902687532.3224034
2814361024.2146196
2728553852.144559
2952343145.291469
2716339751.0895133
2814264459.085502
2938537324.6413226
2986251144.7942944
2895303035.181741
2917934993.0079083
2913352859.393139
3000262217.523551
2901505147.986623
2899561006.338087
2855080145.8790655
2846359689.3354235
2775623617.1335406
2929175917.218328
2806983365.459503
2868054776.3611584
2760215017.757012
2931408525.023907
2803663280.179701
2624390672.6889706
2797282453.367995
2855456786.3672748
2950856842.216059
2936736313.169813
2800932780.634676
2806981838.814692
2949467744.7469363
2672896788.6593676
2775895727.570167
2837908467.5802245
2912903236.287219
2829406774.794031
2938667681.3348756
2894212973.7407517
2823263176.4746127
3136626119.1729193
2634101599.6292005
2804969337.136466
2934892245.402077
2810491837.6439147
3113181813.474434
2852371249.940104
3094843202.962312
2750362227.568243
2898760993.683193
2942859046.9183125
2798232794.964345
2869689283.1534457
2901595424.6839557
2863269464.9759693
2854074924.4721045
2992504355.0905886
2890552186.888324
2880041629.443604
2720995246.7948103
2803606551.9791827
2941227965.8882084
2881470114.4534154
2811483491.6318374
2848031322.1900697
2800967427.6059313
2766986255.6031933
2906517215.6047163
2652585149.9649687
2937021918.1777725
2801707176.9201555
2739461310.336763
2890756702.9787364
2962600163.4978094
2691273043.7456145
2936090140.0338893
2944645132.2565026
2740966973.3418493
2809067699.0648127
2934471365.503724
2872613608.053066
2838687272.441061
2803954751.1850553
2927669455.6920466
2863959029.717284
2737937329.4461355
2937845188.243832
2826625581.2483454
2827795738.4133086
2833185012.706903
2790156880.258343
2612307384.758161
2770837526.0586977
2766875707.4373536
2874677980.9995985
2918584347.1741114
2933492178.8293114
2841856767.177837
2799620894.6899147
2941450028.052159
2713231808.744544
3008436671.978301
2929112610.8754044
2989674839.581469
2857747074.26874
2788038661.0816584
2797729465.565901
2956679905.549764
2810648915.3034153
2742604761.1457176
3063492466.0175176
2733290271.7164435
2900422240.3163385
2824845318.2017283
2827588700.5689974
2936989984.96178
2826324925.992765
2795761646.389603
2794696599.1214995
2935749521.6603484
2860300280.153624
2847781234.517835
2829632374.3687143
2722386399.85108
2877379279.0765634
2774074288.206884
2945602200.6610007
2863683992.85681
2789237948.5797677
2953517462.2828197
2896545148.0755525
2724368277.555681
2850293888.3979654
2743254934.232113
2856183722.724766
2749375331.1093984
2868234615.2882504
2815818866.377255
2782616192.164954
2933952271.15682
2957172034.183767
2883692720.2952695
2701645589.8324437
2774562264.6951227
2622636030.4465714
2988693445.544118
2667020793.355892
2773573237.5299473
2817584110.9500556
2744502704.905936
2862746518.102376
2780594293.0056095
2825181558.4654784
2790804739.017232
2733274258.514629
2895609693.257901
2858854447.4378386
2950758507.002555
2748312073.912881
2861663935.67299
2814405082.082898
2773961256.5038548
2750252470.676542
2883723156.9857836
2862116666.6776795
3079604351.3637176
2962315802.1571465
2847819998.809993
2955282435.0454607
2918581561.0679665
2977360987.5938816
2868152147.0900135
2792911214.305648
3030373265.7929106
2949089334.538721
2865303692.780906
2863229044.6484714
2874016442.4800606
2879909875.3151426
2986466100.388393
2929445684.2305603
3019491122.035997
2939360020.382563
2951254088.623151
3023240258.1222625
2850645801.2790265
2863955532.4064546
3069044136.6288753
2720922211.382028
2782144259.7485957
2851256527.507319
2625971140.1615367
2799885971.909667
2823157896.506834
2834154679.360688
2801078411.9759097
2700610117.006283
2762128749.8257294
2917121850.083047
2806874647.153578
2828773898.6386023
2771643094.9709835
2775012910.02294
3001391588.4770675
2863857987.1524205
2779294817.965076
2857183141.035974
2752808079.9329686
2918607061.2392755
2825482186.431664
2892003246.1740146
2999935282.5140085
2759701952.2037125
2833922487.4157457
2786923043.7223706
2802723122.175629
2993398778.0162344
2856530779.360691
2767061441.573888
2887522820.655447
2919747773.813246
2944313774.178166
3048921798.8424554
2835688282.4249835
2827951734.9095726
2784023433.6067653
2868490806.7362533
2883063651.294277
2851292395.836414
2848121792.443487
2954604507.6699886
2697402748.588277
2972433511.749401
2885274352.161783
2800136792.7198687
2888083809.4453406
2983491220.9624157
2797958556.745693
2900504762.1511993
2883173654.640796
2844734966.9257545
2876510058.531511
2790647862.664653
2863677031.751175
2836906548.3358912
3000076712.4225197
2860940525.799354
2960243248.284824
2951096917.35549
2811403611.635043
2789712481.7573023
2837577026.23715
2727131958.542289
2719567145.9390287
2950098510.0535994
2784718340.9573107
2785045345.2833824
2804832381.6540146
2781623893.2843537
2741119748.113391
2931715059.2969136
2828011564.735396
2748020648.620289
2843216865.4967737
2858657786.3258305
2932636963.419282
2828192562.3202477
2818568323.0302706
2863633824.0654583
2800183028.149093
3044752391.107208
3042056416.5390863
2860157905.744025
2783207947.5966964
2917773362.132562
2775192830.052777
2970397307.360098
2646625486.9253435
2856709530.5485735
2857094293.84104
2892083002.860596
2755925512.8480577
2972767163.15714
2808525130.8900275
2848792989.1828904
2806956875.5756707
2945885693.776481
2905416703.175282
2851655515.5163736
2819284900.3285728
2719485742.03621
2858478646.3895783
2892305631.0282445
2942281180.363837
2801700768.843096
2799836999.174273
2820263381.28177
2606551773.5253043
2542747401.179817
2851487376.5511403
2698524200.8660574
2769582369.78944
2874106558.893337
2627199779.368108
2786274650.881041
2788936497.608383
2920378113.19533
2747130825.219824
2878299562.380848
2935343258.3404894
2913467000.9895024
2897151929.2395983
2856713356.9395924
2957656054.1401577
2943668955.0322795
2855485019.448306
2684639277.768095
3061131177.875177
2830097581.894443
2740942840.977133
3006369494.0838294
2770329595.3760967
2910437677.3723726
2826656172.3021517
2839084760.727047
2674735972.265074
2900142899.0392137
2880896415.408547
2914909058.19634
2914668218.4682403
2923865163.655517
2894616281.228767
2781420307.9127817
2806122904.44109
2799024715.1550875
2912329861.593687
2787312516.0993924
2904547228.4625635
2901763118.8136244
2827821042.138444
2783483005.5797286
2672546156.543289
2926362387.4312787
2985537542.1150384
2799228501.3439717
2736172593.655486
2788287927.3495865
2814823513.1353345
2660245363.9005456
2855333480.229556
2917400662.139997
2879051770.828778
2879263946.0504675
2933911474.9482017
3038717817.340983
2729700717.256895
2865036133.539939
2793337501.374925
2929375332.1439996
2835424253.0322104
2826477617.3348374
2764735346.923156
2586077835.159874
2778761646.218385
2878707944.470701
2846189394.279328
2979663354.5599976
2898737043.242621
2929692702.99067
2904751453.6833286
2740030464.696486
2849587599.749928
2791580730.1077285
2712567701.5265636
2878252695.2010684
2854739541.168738
2740257206.4832606
2836814076.6599665
2913332332.5256305
2799004094.85797
2870423515.30426
2879156119.6426325
2773728770.8835316
2635260587.9513764
2920763094.152007
2814290933.6934237
2790690208.386632
2782816160.695226
2881520086.6428113
2961335682.7392616
2838167653.2983975
2790980197.392788
2904521659.7155085
2856392386.8792877
2817139934.4289427
2757012366.503266
2850567825.395182
2808404510.1702423
2742624537.0397444
2603204363.3924203
2841327613.350636
2925780941.102121
2942862989.6292925
2908229391.6117764
2755308717.977373
3019297971.0934844
2798854884.6161575
2970812295.380959
2882014889.587189
2884704702.4867973
3002032281.3507934
2879173828.194127
2826075901.425343
2823767217.842098
2717731610.88212
2707806081.783134
2793234104.2431893
2794826592.100991
2994488090.6307573
2728126211.760744
2871450736.033868
2709701115.753581
2876974270.080957
2941735162.0137963
2893403939.39939
2892187367.2669716
3013969064.8466477
2867882326.2659755
2935448696.679629
2807654303.1279716
2796029805.6841702
2947700820.87318
2864790358.304147
2751038693.3721147
2798338411.4926553
2797198678.309832
2862355656.89974
2938331075.0793715
2901437838.555777
2761668570.924072
2726310325.8690763
2944683916.860837
2928388974.4495854
2926903244.273373
2903889958.123743
2803758998.1436954
2892194350.2691107
3058187968.3699255
2904813104.2434907
2792662125.67115
2673049337.501511
2790692072.506425
2896983967.2409706
2790423530.145757
2743795567.861525
3018225976.604276
2744250448.100264
2808320685.91887
2832521131.8388424
2793902904.7523327
2753825336.8742857
2807904837.269072
2759653794.5314054
2848822200.5911684
2999362296.66471
2837915025.2592354
2791564596.658899
2956118062.4421973
2829436005.3586774
2937088016.47018
2756802645.403488
2884433118.5232263
2799372906.056204
2824060363.389744
2832617328.0871177
2823823475.33017
2711537905.274182
2870244820.493076
2809246464.412635
2815048093.3190274
2708588787.622451
2882172860.714214
2971844074.9586973
2800489584.8613663
2728660554.6607203
2850679600.9820538
2947477753.464819
2826944267.5806103
2671964484.227521
2888477084.7037797
2691754707.0888844
2984181603.854192
2688982388.1384563
2770582347.526309
2829347182.94767
2830921601.0747967
2809903408.9439554
2746571582.7890134
2669218213.1712966
2686142398.5760775
2749387948.208631
2794762036.3671565
2773663983.7105684
2850825897.7861953
2876610691.1190686
2884275859.823118
2927726951.3543744
2761014694.431508
2805189144.301263
2831097039.78874
2775703182.6150703
2830965965.1979012
2885892505.0803065
2742369642.420212
2834404315.6422315
2876083935.4675784
2683639300.074566
2818961113.697603
2755120037.933026
2822417993.831663
2806156276.755981
2811448342.120729
2868504533.2563367
2713772809.698836
2825004272.8477716
2871102039.285869
2854937046.241186
2731799952.956329
2856878274.589555
2847317127.320033
2924136708.3286524
2773419230.8741775
2754197876.9025273
2885757533.923821
2717944582.531032
2871894668.087777
2803631331.758235
2936648188.6726785
2852895604.217274
2809595029.766891
2773049241.709212
2831220991.8524203
2903224952.072348
2785422708.493437
2958755340.4828434
2741784622.337747
2837663065.755797
2777396471.860902
2917105076.5710583
2873394044.8988595
2719881060.241175
2872018990.695452
2882963528.1959777
2919958562.4130945
2738434641.916972
2906854949.5110865
2715687051.771213
2746585580.7570395
2778341226.500333
2842486373.0771675
2959572914.952499
2720497300.1251884
2793756222.4077353
2721909626.971386
2826868918.449309
2779319994.1598277
2712685847.6320047
2762742723.9281673
2875634456.074954
2747695787.718391
2857490260.323471
2837207465.1363397
2776657535.0412035
2841207170.279926
2980896296.7749214
2849640444.7815194
2744356067.415156
2852392356.520975
2918507277.888788
2755074219.823996
2770142156.247235
2853914444.7121906
2835231610.712064
2860135414.667017
2941782306.658877
2914274429.5012054
2832522876.9663486
2821334064.851622
2788879518.9744005
2838614681.461657
2815753824.4935308
2765844747.946746
2829444694.430656
2732201674.3610935
2886853806.8181887
3006742353.2397943
2786702556.1746926
2698852988.86707
2729376765.2794776
2808074367.507176
2837679119.322621
2767789152.6396685
2798755122.028579
2882527510.613666
2814460165.617924
2616971154.1916723
2870506608.5476303
2774308676.703428
2809137956.071222
2863782644.962941
2914365635.607809
2689028669.8444476
2867881644.564805
2783238843.8331285
2748374965.3915987
2865920901.721037
2942709134.3021603
2886058271.7865906
2848450206.2136884
2838615265.927822
2921416911.0545425
2892302342.6981654
2854564547.8200965
2616966152.5999603
2750171116.735132
2742738575.6915655
2858199820.6331296
2778208648.946524
2844825896.3625727
2898663212.7052984
2751071162.9052515
2954564612.6528583
2785286618.79954
2674897080.856304
2823558491.2055173
2800790545.6172037
2872221249.6264415
2861268556.3940654
2747602963.519523
2795357005.376356
2849093079.308809
2922467023.938704
2970964641.8847556
2769289360.0189056
3059394592.9736776
2801682282.0301723
2808041610.1674533
2809930782.262232
2834707306.766697
2722171715.6025295
2660349911.7099204
2712791640.2042804
2943523698.0663543
2757622808.029477
2882866020.0254316
2754511416.4576745
2728143987.0699153
2885004487.111467
2955309940.546192
2859395019.3758044
2740738765.2296343
2606852623.6956515
2885574292.172529
2874314862.1443243
2762318940.853602
2445495756.6482825
3050974220.535484
2876507807.5291233
2861408782.2081738
2937384346.4846096
2919410552.2746944
2619523797.1038017
2778456236.14907
2890908972.7694745
2781792075.397077
2825776547.867033
2667482867.245947
2729885015.851037
2744644033.3290153
2712650291.3795185
2606657981.9189134
2785137622.299564
2828749632.8370643
2771707551.3131566
2779024020.7320337
2876055973.1125746
2843252938.2833085
2766307559.5237055
2826712732.2279587
3010646358.7549753
2974199925.9517097
2999110999.35153
2924771620.181665
2868514696.1312995
2774737568.2902985
2808735230.4999337
2832885433.903545
2849791596.2041264
2700923195.7873755
2893375405.819578
2704270351.184477
2906073620.7536597
2840657174.1511126
2752604381.875064
2836753849.830066
2810434294.6765447
2751061825.8666043
2661777431.912533
2740178672.294956
2695635200.482249
2881353166.5640397
2797864418.407354
2745899509.2595506
2820415645.26081
2748069320.813035
2810595312.7057915
2867573977.013692
2850195460.451334
2773860961.2531953
2844354370.609207
2819365504.314365
2821055023.9464087
2892403145.875105
2755234148.525187
2885380825.9980755
2710679628.256155
2733753137.072818
2703366358.4991107
2926318711.0421867
2818989738.4277897
2860658678.3913918
2742929135.0735526
2849167687.1837893
2861956420.2139587
2681165691.038231
2667768565.671943
2810865145.7495947
2933612655.6613226
2636102622.401695
2802518226.026376
2779493337.7766347
2484620943.5724187
2874702487.967733
2626984025.1423626
2893199376.7425036
2488445607.812415
2973910592.107563
2913118215.9924383
2838612258.861259
2784375654.4899054
2846546742.5751224
2597208128.021769
2576022798.275014
2461350160.3657203
2858303058.571052
2515022505.15054
2910212322.9885607
2661632177.1358104
2658173081.3939085
2221061638.891751
2558725556.721049
2795358323.7944126
2568767673.6428556
2671464406.2255297
2361076131.735923
2417152665.4010887
2563865429.030543
2141686617.5775127
2445253479.8916316
2971143359.339033
2322641166.5222406
2725451502.843444
2758681000.944648
2518693969.162145
2840611953.5688124
2673225225.128642
2461946649.7832494
2644686167.8978558
2207445554.3274345
2497720621.6926365
2574365372.417056
2404178512.3843184
2453927095.973809
2893480198.47969
2573501153.3068857
2291267878.3508763
2727016878.647913
2942275298.6888227
2642755096.2569113
2600150265.606962
2762119526.40975
2850257463.4216795
2608164248.924879
2642925831.269921
2610780822.0643396
2781014524.0683436
2361469879.56902
2714018927.7795043
2530050584.4809513
2415497757.96937
2666143783.832379
2707666071.3243313
2763520447.3017282
2482866638.140707
2982703583.701307
2747175342.3356156
2571080929.1634684
2322848452.5160522
2503655441.6782584
2333151799.203818
2729927736.108765
2490315188.514574
2391036632.3518605
2480833303.157989
2716457293.678487
2630185038.8484545
2628805270.8127112
2637728174.5477414
2966233851.0777802
2422429079.9089756
2936229878.807747
2808189562.1075993
2490790237.716211
2848874574.683758
2930667074.1474347
2549401823.2705135
2633755170.652669
2404495299.450248
2875589164.7873507
2684697126.215352
2726389376.31605
2615461439.7346854
2543570317.1083946
2679142915.020465
2548110075.024741
2886963146.1671066
2174097838.0983887
2490906474.8437705
2456656627.355701
2619967362.051602
2610133720.5776186
2882438774.5559363
2801592292.9274144
2527837181.097734
2666828828.0487304
2717836328.973807
2281071063.38051
2971491022.719639
2362928934.359346
2827350786.6852994
2355195640.209508
3020832370.698214
2793376858.93797
2760657060.6434355
2899613825.2620034
2666906342.984413
2742723314.550889
2550315855.5306826
2698552601.8763533
2850106060.802589
2892135599.2667003
2850246384.7742057
2681501924.5331492
2615919047.017233
2654232492.5608425
2493670977.6769032
2560971726.6082354
2783459896.369553
2504516480.1725473
2827359281.3115287
2745921289.600094
2804469446.621354
2691161022.175574
2747710612.451888
2784461853.6994414
2614415335.626734
2221971136.4442315
3024509252.1778774
2761590382.5660996
2649222439.0343156
2989718201.474407
2991317597.355567
2635357931.996082
2836294381.349336
2663347433.425594
2900765875.4258204
2818164274.45042
2869889631.167076
2616675862.836017
2735553940.7087984
2626221723.28365
2685877410.472719
2906974796.7024674
2938994244.8431573
2854934162.1646104
2766735155.8350472
2723176368.6780057
2916191847.8305707
2682327311.465862
2658940569.745972
2606118708.970095
3041161292.46058
2851934354.7763906
2333945481.7994356
2946129739.981022
2554998608.6866946
2682649320.047827
2762185349.6295586
2590754273.481675
2115650642.342723
2851690421.6486626
2437775410.685853
2926641688.3859496
2647141664.419637
2791522324.023598
2965427386.307785
2788806594.3367352
2674121980.8075294
2967671058.6222396
3004076812.9766183
2838396257.791261
2445245824.6438136
2763114415.443037
2912657908.059764
2547591660.7113867
2600375016.7434015
2493246500.544711
2836363821.7145357
2650083772.3712406
2807722127.8951063
2882388203.7014813
2926424559.485952
2886327638.691156
2764600662.4289355
2832441229.6393485
1963270843.5978177
2796010733.5706453
2319025923.2515907
2650583916.1573677
2771875332.7121053
2694164313.421937
2689853839.95353
2413569086.627551
2759091603.9833117
2487097333.910297
2649118586.4777284
2522785973.5249453
2459659566.906718
2301669957.432717
2167675361.7569666
2257935175.1143885
2279448726.4514284
2370540240.267599
1913346898.0743046
2054324414.3268263
2354568446.6570687
2944348882.3434505
2065369702.2104023
2527625058.821768
2553651045.428116
2462592333.011339
1803143988.3152125
2460988893.729199
2428331604.846454
2220629420.7823205
2539908428.239636
2464864580.852338
2358369754.2089376
2345890594.3219647
2809223642.495883
2539385479.9397936
2718127663.221261
2775008970.1750627
2624159392.6439896
2201502588.4849663
2539369995.900454
2478035008.571879
2916142618.85315
2668766375.2284684
2550960124.5737247
2923632567.039545
2829938161.901001
2715511245.1053886
2799886323.3017645
2335606914.282262
2955329801.595746
2981017946.554083
2389115897.416687
2625761818.3434663
2905079763.043424
2998202053.2591887
2908479915.1318264
2613411601.518793
2699856066.74695
2859634697.3159027
2880083397.4213986
2694865293.0839686
2843400133.799652
2841176671.179673
2822644487.01241
2888877024.5577135
2891248012.0053864
2774106024.3010135
2797784256.3766384
3035870049.716231
2901011368.9348855
2807548540.00456
2824140951.354893
2873538882.77506
2835902815.2678113
2795332469.047415
2801869931.145893
2740180532.9812155
2859673637.1606
2764934410.7601886
2868952698.5172424
2934017810.8475432
2780303220.1662483
2726211421.955358
2836219903.281001
2706426605.9859095
2752003749.866046
2970649358.5200706
2780226235.681822
2751174663.154185
2843594166.7183228
2870877517.1495786
2891762845.2201986
2854278614.6025248
2914032265.7270017
2821125371.612131
2605395044.3851414
2716196339.424368
2854639713.531956
2688794351.881425
2718770345.3774304
2770582043.876983
2728226657.3384132
2963185201.471528
2894319884.2120695
2828747375.6502595
2817406607.09857
2641677609.22887
2885001481.9406
2676882817.191538
2800565485.200867
2729880874.226068
2859980443.391809
2829782644.447444
2687175825.5068154
2979905650.2202477
2984378436.731618
2791853494.8400645
2739531576.512409
2891069763.418878
2866935467.5500555
2448783625.2539787
2658051870.851419
2606130288.1317644
2718111243.271289
2807185568.60536
2874906708.8236623
2525503259.272607
2698944826.5057716
2866091681.733751
2802171758.502074
2805586014.6494555
2709278355.284918
2764464747.041885
2684266863.3344946
2489207225.930475
2629242829.723235
2268297538.2776046
2395156984.926508
2762346085.6587033
2352383600.9415946
2596971588.5778494
2297106687.876423
2535618546.2490554
2293281798.0961185
2343706669.3240905
2376423181.7855997
2765160497.0803413
2534173938.9904757
2427055998.1752653
2894853465.9768786
2461288561.601998
2480486106.9212112
2659384302.9438906
2383554332.3793716
2615141349.1233087
2851764917.0116873
2589708281.8395724
2752242007.019576
2528490180.1193514
2580387510.3816886
2489843942.017908
2843740554.413427
2911316389.9129124
2433429353.902672
2492247987.1752286
2599767663.4380484
2566225608.4012327
2914090216.245895
3070555700.13692
2783171858.128117
2244279580.5726066
2816017114.145448
2480822257.756565
2790063628.0989013
2389613573.620882
2793352381.6011167
2672263334.0362206
2875562106.4530835
2864332887.7942705
2583046489.5491176
2848112273.0992317
2407747488.316821
2431336838.1817145
2525633970.6218915
2616828484.488042
2416022503.1245193
2265237747.194657
2561912805.6078534
2305534773.7182546
2179377967.0370173
2559992144.4513354
2595636727.5780516
2200642027.6193576
2659694505.1152387
2494462651.315381
2284880899.016162
2446059337.728139
2098037021.4083843
2245292999.8515615
2333468664.380269
2334349119.649012
2061454760.866135
1911055426.282195
1733857174.5921276
1972187251.7773151
2232759895.4194922
1772524362.64494
2068225344.0442896
2049914704.1861644
1678456240.5386522
1879551506.444641
2037395245.6922007
2142953714.595477
2035504326.9117203
2133595742.2885215
2098119665.2007778
1992752135.230881
1887113695.483243
1691927640.2585967
1901581874.9860094
1723813813.8529208
2075279410.2329617
1885424875.0155492
1817668585.5009396
1981448843.7072818
1953020157.8597062
1700769703.2829218
2071474878.4668963
1710313369.138469
1615467266.66144
1905617621.7006037
1172321394.3444388
2071445309.4204743
1496519348.8203068
1841170270.2090583
1398012945.4468763
1740390238.4902143
1476833245.9631214
1470467690.4899068
1669298321.3281884
1671639580.4823713
1668558380.0160205
1665572241.3985732
2206091810.380521
1416128877.0653248
1899724065.6031
1392684175.2870476
1748990041.9993486
2054704931.7621446
1859364388.7855594
1599281037.9408362
2075899788.1689115
1950616160.6912403
1361021833.613452
1706954741.542925
1706552614.2518876
1532935468.2126138
1613420600.2379596
1998286418.3709958
1632590019.0452774
1727337123.2063713
1374379560.7037442
1604497421.058959
1640898358.4152162
1648283035.0192041
1538281306.1233501
1427901681.2484014
1584778462.958869
1816473014.752544
1810075940.85986
1585386025.0790122
1476327982.9117775
1489997775.9124963
1094130858.3878932
1344301601.9211295
1418068769.54355
1604002733.3414116
1484205260.8732455
1205263412.2625973
1871800602.0855386
1587742399.2875023
1760867923.7425287
1448957841.1873565
1667537173.4834592
1564289309.5834532
1651244965.4012454
1886404335.709571
1463185091.3427322
2056086163.464955
1690783176.469287
1675948327.991187
1745950131.3415272
1762140202.7617278
2035228293.3333662
1847642134.3187206
1846306462.9508896
1665465012.1625135
1804931283.6246464
1638262117.3524396
1480242512.9816866
1363703858.1952915
1497322676.6826396
1903887318.8917167
1799841922.8591368
2141816713.2760172
1605613291.4016664
2140258677.68168
2113294229.2586648
2261417105.713681
1921388438.6874776
1796062180.272752
2080975704.2491944
2033513522.2662344
2014179579.3749604
1737235248.4217439
1859219818.5723984
1776934587.252267
1632662581.3066936
1766971128.5871165
1767768007.6964853
2064122253.8039973
1970402956.3902209
2059538213.1353083
2023001853.092006
1589249221.9534974
1618164702.043039
1912538623.8760939
1351432721.100759
1680626949.8482502
1620981659.3744924
1919582263.6461596
1999597033.9093134
1551010344.747987
1543412637.5245922
1326011164.0013807
1362962729.2909353
1569802640.8003132
1018826712.1938633
1149410273.8355906
807327663.3746054
1350283128.2916262
1279297137.8488882
1389294434.831124
1248635119.4787002
1636575287.1088245
1378990588.7401073
1461054425.9257321
1050990040.1895773
1116628840.8733528
1199682897.424774
1342712587.3728511
1535605409.7703166
1819742711.8042383
1786431722.5341928
1717171973.719915
1554495705.9288583
1896116305.1848521
1955404338.6029532
1746649297.8464115
1739250485.5550466
1601899647.4350705
1627911082.553706
1619934877.2642827
1798387314.7459605
1404658739.2293932
1630202950.6161084
1397453993.5124254
1283028895.5964937
1462429835.1639984
1468192632.4441955
1111951578.4055948
1467114365.022063
1368533330.1499424
1272167856.7901952
1200358651.802075
1426225994.1149702
1285652100.3569908
1233416932.1635878
1291318018.2725692
1041158939.7824578
1400799228.9796693
1357889496.9435844
1746318742.1065083
1685599864.9203148
1470400116.416018
2005590854.0116818
1711942739.637415
1751052560.1017463
1484550114.988742
1716213022.5325794
1640166135.0862892
1395573366.9192135
1274454403.012477
1180315165.6052
1496100493.6007915
1110111545.2380433
956219538.2383674
931455903.0235422
651539657.4784834
932042626.1653694
882801350.5178945
1075654744.7905965
1545763936.6331491
1615765077.387507
1195359819.9991689
1035827950.5747781
1012654235.2181871
897258870.7920763
1070144683.7863125
695035460.5663813
893835384.8726559
938086606.4590617
1088248326.0411675
1238124830.1173086
983821676.4149874
918395301.1056898
993436991.8731037
986739675.2913013
1330696684.7839818
1148566627.8941803
1255879842.0780594
1108941865.8444295
826031396.5202795
1043092683.4944671
1010951571.1564344
1292266918.515119
972259140.6533237
918457038.1200688
945474984.1262376
1038651378.1280496
1155103597.7673116
1265888937.0154321
1165089433.3982642
880200781.1638452
1225197429.8680282
932980285.2363267
1082181341.1479175
947465691.83843
777663519.9912733
976911311.6075525
188581906.4121431
731254135.403666
241478967.68608028
747024262.8629384
78677689.55676824
1296356331.5715075
712179053.6405232
627751178.1350299
315836402.7939919
1024602098.0941172
1140844786.780147
1095000270.0231159
228647492.29836136
1017602901.788905
1144641445.4942727
1394621794.507395
1327441045.2630453
1209574073.4086325
1380089065.174558
1071466665.9072522
1293444329.438874
1397814273.6132433
1132519737.9510567
761024218.2743056
796799412.8080295
647142408.9156903
1139997012.475774
1275127924.8592944
1472346426.2885063
1421932179.2548006
1448709568.7077825
1006757893.1108809
1151654397.3572354
1402585664.290654
1363466292.3902602
1108278737.872909
1201420962.7336688
1092221570.4480217
1634738848.755688
1595312534.2074993
1321299583.1185586
1220176137.875546
1399467880.571106
1299401197.644313
1204042343.101119
1200524489.0532513
831901991.3165362
1265474568.323163
1203978487.3627994
1136581524.5636954
1417899778.8736298
1247670300.160257
1228726949.9676208
1284788606.029596
1242418551.3322182
1239774077.4516764
1082708727.610755
1565154574.8400488
1692129844.9332252
1448147301.6687465
1484950943.6375322
1813958277.5902543
1560058588.6338766
1920096186.9806507
1648684669.0543442
1660212905.190356
1897532135.7216926
1883167668.2649438
2196543683.3115573
2224933098.3458433
2026991005.3150363
1704594607.4352543
1675200781.1393683
1132095064.817141
2006471246.6493893
1805651608.0155268
1966302684.146554
2138832058.1853132
2123254636.4261358
2192991096.3190513
2134351858.132124
2050824900.371197
1689606157.36004
1577081735.042325
1976470920.8968832
2061643296.4655712
2021021193.6209261
2142844188.9653828
1924304121.6195834
1683486582.4046636
1991011951.4559877
2071843906.5131662
2071607925.3077917
1995544663.9688814
1634756714.300861
1123050243.1297746
1727231863.5842202
1582068635.5744882
1935434736.7537313
1644431460.2309198
1869987129.8605888
1960790614.7006068
1905571480.9897234
1438794624.24012
2467704693.562762
1654781990.8849325
1911057682.652895
1831963330.9066668
2164316267.050837
2408552609.811211
2224160778.7826757
2331015690.121854
1561197851.8759792
2407522561.0956764
2072609915.3137121
1897598134.0779285
2246154403.75469
1968119758.6953166
2370600925.8734818
1993082121.2011285
2087054436.071822
2062158515.888956
2147018752.6209319
1595614351.9592412
2122719655.0646462
2237773014.490234
2207260866.46624
2463486704.567166
2314396437.5310464
2255212438.1589155
2417733645.429563
2313981344.151861
2511242669.470971
2347574450.5913815
2059160314.8066268
2421976964.311903
2100526087.9364817
2309259814.1716185
1943671901.7602887
1868373108.6637945
2323297055.902034
1980989173.041509
1919165762.6226695
1955321912.9981225
2055905709.8527792
1742852605.6428905
1976752703.94587
1864414785.5560906
1888381523.8425002
1657196530.164588
1898095408.0513017
1448730334.175142
1933227854.5509484
1304549076.0120451
1733956649.1729584
1694195170.744351
1768854562.557317
1877171258.5129504
1685252192.9424725
1844072711.322481
1738748958.9559743
1616009574.609115
1668508867.9380646
1569069546.7125802
1793418971.910632
1719917507.0535107
2212536169.7054543
1822028104.2424648
2013377800.5917726
1596881862.3642998
1806695364.1504862
1491611063.1151671
1636599411.9677014
1367298261.6610024
1805092119.271474
1430795265.7300224
1841254700.4297101
1695427758.633094
1843512343.205611
1832028156.6456146
1777647838.3944492
1563905179.5695567
1519621086.7150316
1630027889.4241054
1451504851.7564983
1247348916.2082102
1154948565.3003595
1700504278.2747493
1631832746.415839
1332689246.6297758
1879303383.4912775
1946679513.0472062
2042962406.7829869
1891897939.9800467
1817002802.184826
1420424742.9269125
1859955031.7212238
1765949531.816082
1523430310.2145915
1791753773.955478
1449630093.507162
1362274185.3006084
1466033470.3682685
1461482208.8475468
1696398984.2953877
1119149289.1129174
1565258625.6345358
1517501687.8573477
1790288286.2356436
1902631087.4644198
1943669159.0328712
2121755886.3068538
1815083878.0160744
1975417053.0742886
2152542571.599614
1470846363.406866
1530827009.492375
1648374642.3761182
1371088774.6979206
1595366602.516139
1469561028.3126807
1657418537.7932422
1794169604.6172402
1729262718.5786378
1708345613.1377904
1744837065.9892714
1339560119.048883
1344803416.321125
1156577636.0621517
1249720346.1288977
1462444115.0185833
1171175208.3546522
1199283573.2187045
1032367345.1352253
1217162241.4535105
1276351264.2761035
1335505240.1665835
1017269073.2094967
1693369273.1751215
1237303993.2219112
1053070531.1392212
1214851410.4372647
1031498709.2581578
1013868726.9641004
804370724.7781227
689269110.5931356
959730044.1411555
1020188146.1931157
1111298087.188981
786056233.1027385
915005944.7420552
1026812574.1727855
1334721402.185121
1048411906.709845
1026040774.3964324
840735024.4335781
757402566.9112201
1030490512.2172848
757787565.9080297
687340407.8410854
737868327.8558631
1174810619.7183874
1352993646.8356614
1068834169.8059021
1399132950.6668067
1331890565.2792742
1434445013.7461538
1299013756.1970003
1143478404.087957
1145970310.819432
1298587049.8849134
1220001581.5270982
1278459600.3082192
1272433634.29398
1059283479.1510832
997240428.5969096
907094630.8260006
1108603637.0425472
1136179609.3908646
1039134226.136791
1197380416.6822753
1272689359.9415402
1165416606.6539893
1198037506.362661
1572867249.392743
1247840408.3943837
901632305.3987747
868335680.3206065
848229206.8493648
975022437.8215761
767763908.3332578
889977116.7307833
1001942651.9118747
1491543651.0408516
1174382960.4573948
1009510757.1498063
983931669.6360297
1123275571.9624715
1346123803.2864277
996242076.6790854
1119850553.4993806
947029329.1680591
990337169.8153492
1273319594.3980029
1106192758.627343
955148559.089483
873068378.1808528
937369796.4807826
576975530.7327315
143567454.6089676
854874232.5463401
105186522.75808254
797296156.1050911
972604200.0975204
884284882.1772277
240140535.3013853
1056741137.0507632
1223164633.731218
1263000784.1221378
1660385342.3289256
1845506526.8055315
2023660656.485599
2246893885.6992097
1891818812.6896162
1892405973.6268897
2014699692.127414
1691233988.4024796
1508293735.920576
1489633489.7430198
1546922349.4930007
1843609867.921918
1587305364.3823597
1758224047.4982722
1444412416.5541096
1734468211.5440862
1995649115.152221
2089203473.0960195
2062301150.806567
1845418058.378897
2087414547.0945818
1829109800.4521847
1881624709.8611264
1527962198.6246104
2020575284.2301042
1780415980.5056677
1749245964.4243844
1514152700.884902
1691966712.278736
1929761808.1558564
1395954361.0587132
1244680527.3988762
1648250365.5753157
1466103814.6739838
1268535447.5393867
1061046234.2616335
1262701361.9317212
1281113151.380976
898772695.573802
928710964.9397584
935687061.6841613
913660139.0344738
1122019466.275337
860227328.2183597
783410092.4642476
250718631.6968375
1183691738.006806
1358317774.8879573
1280061040.4806309
1052943016.7242168
1110118356.6490834
1153954343.6948338
1304192726.1300187
883951601.5382844
1268315775.3132257
997146168.3271872
1006865350.6374509
928935799.8449674
763581932.386042
695085624.9457583
837967320.7492919
101390672.01014146
666819507.6328076
227110415.57444778
975008188.7704917
1159160911.8375661
761600139.3236027
707875687.8407651
265737417.87616813
920361719.8676043
1498367722.0481825
1252375594.1184576
912748877.5558722
1065981573.603776
1004916486.2086879
1198240216.5053945
812617635.8465055
289377374.24060804
820874621.8708258
961300694.7986549
900811578.9156463
188025411.068413
937343416.7003534
323979620.7361686
1300898641.5558264
984844165.2763877
955600107.154675
227495161.24003792
1221830623.588756
1355077149.842186
1257455999.5815716
1510299541.8036263
1351835527.3867505
1425675189.100091
1440470415.5868092
1262651957.3760045
1780862499.5233784
2117199835.7055242
1383386533.378904
1630053185.5014083
1353660632.665827
1675924094.7623723
1565678864.9053361
1739867543.9585085
1598741323.1751013
1597667358.4104867
1384797895.5545669
1546095713.3707225
1269194636.7183554
1266308669.3396292
1225069371.0133226
1008542702.5023186
1077148182.8330822
1028412412.7784089
1035112558.980034
829789121.6392199
297000809.1693156
1133474088.3731005
901879281.5109904
968010961.2355702
170595906.52539206
1168829372.4426787
1271938453.0600543
1575794339.9940922
1233072360.5598524
1337629771.4763656
1148136785.2916327
1383091998.7998946
1365430315.4372368
1529663884.0798025
1246087837.5684288
1336485157.554727
1616196873.1983638
1116176155.9491148
1681400390.8152192
1522797493.8861916
1431543122.3248925
1559019714.3259797
1592632652.3450136
1436402289.8040526
1985047133.3631287
1687896141.0201018
1920868063.7938468
1623260725.0889664
1817718135.2701807
1860231539.554058
2033079249.728928
1784119073.7055001
1941043447.1643872
1799329962.2435703
1856951139.9607015
1754978393.9355154
1909099011.6368387
1523395376.7808297
1390888248.0799258
1401493174.9356282
1566718119.041276
1333920313.6224856
2023645677.26638
1722668578.706635
1650707150.4462094
1401903619.3165092
1302267814.0872467
1207952790.4940984
1849825111.2952693
1742638385.5849988
1608162721.8747804
1641452403.9063172
1699327168.4325747
1536110413.5378535
1648166434.8068442
1413030008.7319643
1442046298.7779145
1630689387.258956
1512797683.8068414
1774311204.188371
1192712829.997073
1463850872.0937
1517900414.9544513
1347886164.3962965
1239241905.1802943
1301497174.7034163
1454903752.3036022
1276709656.0169978
1294766723.7612126
1431603467.3642814
1708118469.9449565
1390713223.1938155
1439657118.468908
1505869792.0891066
1755236827.6375113
1339784825.3383331
1107581153.055173
1257307008.8990443
1674600525.6810198
1842739855.7132971
1346216303.551196
1603597509.5625184
1832432362.2444289
1744302082.1448648
1869192017.3583448
1735250989.026829
1641244279.3354845
1211323221.2425487
2094308636.2731051
1625637653.970903
1527699114.8153956
1569719835.5065856
1490427235.282158
2102908192.1328003
2020521829.0990613
1917225564.7400498
1978116064.8804724
2062204022.2173572
2123658508.3963492
1710082220.4540074
1565771224.790716
1483618239.6468596
1510055486.6988735
1277318783.3394997
1294345812.7538543
1326247282.6253111
1305572228.818383
1471158304.8555555
1340408591.0776334
1164456426.1816847
1434143564.459309
1036254627.8613154
1124440921.1057856
1239608635.338537
837750072.1065719
847875311.2354456
999289919.4838822
644415613.6132697
184351601.22536874
769854431.1632768
494959671.50854343
174360606.6404608
783833147.3225169
900073515.0891571
925733317.7349035
972779653.8055525
729589093.211418
932593108.5013072
824532447.5495701
273591243.94858956
1293338335.1821365
1098101536.231121
1244371805.9163046
1319904687.7530067
897946745.0866138
1085798038.7727563
1204899485.4258404
1159116190.3199513
1064306764.657649
1284751677.1512558
1070995810.4911103
853793531.3321236
1262984932.0356948
896702616.2915447
594709198.1903317
131682273.60620233
1125846847.7837086
1449638472.2734919
1426936232.344243
1164128512.7481778
1211681857.7667344
1229737939.3730214
1188119541.99703
1066303668.2296944
1248015647.2217937
807467864.8583715
234569237.04314092
1117994435.86691
1273169778.8068433
1307651781.9451082
1204525667.5263677
1294182666.0728772
1336405475.9143856
1282450070.3987722
1068976383.246272
925653021.4478643
987745477.615071
954841096.2984444
1409686449.3230243
1119268783.9286163
1267947604.867151
1363509694.6084528
1108118524.6589782
1515541044.0693583
1337391707.819111
1254550984.2657406
1137015268.643779
1282692008.5401134
1265839140.1066902
1101245696.9311144
1196417041.6593094
1021428185.5576584
1186004129.9300532
1398175014.5593958
1127338889.1786106
1204111229.044373
1221574080.0244212
1365253593.440957
1183534409.9543462
1470500196.5576355
1584583450.5945268
1719995583.7058625
1625831173.3841496
1593153885.3577209
1935563884.0726564
1773165302.8696954
1518182596.3480651
1707547454.1207683
1609868906.4043245
1590806746.7420125
2014161040.7076702
2290805875.1826067
1876227615.4007869
1938258979.4547162
1596698079.7824874
2039042984.0608988
1581638813.138043
1613717650.6977835
1857450005.095005
1933968119.4283648
1616324352.778868
1741447074.1904633
1674991606.0051856
1969187117.9011357
2013131663.371996
2139690999.5805626
1941521882.7284617
2111567230.1583693
2267754940.0776505
2026218981.3654528
2202965642.758807
1736197121.676763
2115748131.672377
2323413004.572301
2173654854.624156
2290900800.2739496
1670837303.3027117
2430713672.2971725
2255502130.59576
2091508397.6964304
1938899910.7162964
1987365461.5063863
2477103311.5682936
2381696870.776151
2180349854.540569
1878036985.9724038
2264376913.2801185
2380393871.313284
1924485355.919972
2227287243.471626
2206680025.6382117
1772867823.6943452
2415631186.7090325
2003462013.9913652
2638155523.9466233
2174125271.8444033
2070942994.3563104
1950797448.6031015
2112504792.9498303
1919649234.1077924
1918866549.140425
1802170731.0853143
2211689571.4112163
2248067339.7248173
2008395108.277877
2509564773.9060593
2114496568.7500348
1781750755.428951
1775259718.4544218
1957881349.538285
1999895307.6349072
2010483392.2872212
1661186439.4336114
1894318743.2038422
1887667187.0429726
1761738750.0352175
2067688663.443639
1873766137.8527904
1826616895.0876434
1887213833.6569252
1866809192.0394082
2088787018.5598543
1899608045.2506063
1834811232.278655
1758649496.2390292
1464616266.0404763
1635149643.5998287
1488274052.87788
1536684588.8754954
1477108870.8039496
1973285148.32123
1498141727.2831683
1774180074.3545246
1835889958.3510516
1656726641.3303535
1499603123.1457825
1837408837.289771
1458873340.1870406
1975040398.9142501
1668967668.1690211
1230885223.395125
1956624621.0579157
1786723278.0679147
1721572318.5784981
1586363354.9942172
1314301378.20177
1232291909.7950819
1641173964.7532387
1394889203.0299141
924866592.5293875
1055409566.7164338
1073746147.6314337
1207915499.658597
1152445827.556355
1198356135.934249
1539150651.2949626
1395011550.9356961
1161599214.8358831
1280136353.7760673
869053078.9610215
914903002.7079371
936328182.4965678
930948688.9603827
303212541.41491765
1024127257.625093
853522235.1114863
1054981122.8808334
678016184.9675478
298361532.0172719
900236521.4633118
808823453.4497486
177761523.4599074
863122791.3035274
1156205328.2808075
988453111.8678164
1416340196.174414
893731059.721907
822150360.9339997
1130747431.5317605
748534468.5261929
985704082.7319951
1092549912.2252285
1399024656.1888268
1163528493.6832263
1218102406.5539448
1459963316.7369564
1348468826.1574726
1152018730.0736787
1020415216.0981566
1504540328.166701
1488086502.821739
1358848221.1022856
1275190957.785082
1159004715.4602237
908572166.4526263
1188729702.0248003
1107151768.7119608
1243104804.7510364
1424731021.192029
1412425249.2723796
1858204977.762793
1502211628.6331205
1392012180.8461907
1481858327.0035934
1895935391.7754211
1796339145.1816974
1596112063.0521042
1769312562.7461486
1815979767.0881648
2074435098.4248977
1877394443.462992
1702453575.1982944
2127954209.538674
2160911789.703392
2198171880.395408
2000165365.0160098
2509502781.4452286
1979772617.1121483
1810914289.0492518
2246437485.5040636
2023426845.8052726
1898107202.275631
2138445670.790429
1872679497.39065
1935790247.2732992
1727217966.901824
1930158862.553976
1790017944.6452398
1625681522.517941
1614464975.2736614
1552185747.608211
1474324278.2891114
1217421548.4254558
1302730645.568514
1540733040.931648
1260617744.3485625
1410295165.70285
1406780299.3272328
1468016504.3140073
1285128780.606483
1087521442.1758072
1516934356.382763
1192916343.7502782
1412026227.7079473
1261875750.790448
1535624714.6543443
1325979690.192357
1530245617.7706969
1207307466.0457838
1323810025.6341133
1103879238.836121
1125746577.4661746
1032215222.2824879
1056859519.3507235
1237084742.9385564
1177407086.1248095
1316658510.187838
1178393894.572434
1174585722.7157364
1096219550.7897773
1117120711.3133953
1310743430.6120412
1112964353.2150006
1292912356.2072442
1529086004.7994528
1468433937.5882595
1280940646.3465977
1380290912.2045631
1775936751.023011
1231988483.6898866
1242132948.9822426
1069920046.4705981
1275644206.6846452
1615556309.6096792
1491541127.494728
1457451980.3893623
1627025363.3334765
1711548954.6407828
1708366204.8801847
1750410388.6335707
1807091270.2713492
1809121850.483936
1588205607.1026394
1575589238.1701152
1616387131.3434951
1776634650.2492878
1957865239.710578
1674372484.2693162
2114029416.5695257
1955506841.1242068
1624254004.4821908
2003530994.7558367
1734708519.0949113
2085108199.8001273
1807668046.1048732
2212747461.3831425
2183527200.652674
2229022964.9113874
1847276338.0634282
1664005679.389918
1672598338.1811526
1909031379.3908381
1590493435.5188258
1509420483.0532482
1703580757.0103655
1293671079.843581
1653079579.2383304
1564764458.0193481
1169831629.495502
1332854922.360047
901367623.6212566
1048062551.0563821
1131620940.463845
1134164503.2886186
1038495763.5190027
928889703.3255327
1053775447.8279511
999008443.4542242
1509205542.7847583
1370977343.4391997
1348835387.6348152
1419968022.7672281
1316074996.0156536
1160955117.4253633
965652903.5639709
1124523372.1505158
971648630.3547581
820327449.406636
895466827.1186763
919472552.0053896
251373458.11702904
1082054863.6463099
1039111201.5817318
806054422.667907
890036877.0010816
796133280.3796418
266984916.61657232
1159326490.631503
1450716283.7448473
1232842947.2638264
890872067.3881384
923695447.9701717
1078289876.0105724
1084520276.767237
1234158604.8673923
1162901510.6022587
880069134.8768631
1233973228.2084358
1171155800.2117577
909259537.5387249
976186262.9627931
1049529259.2526942
1187611441.3377488
1200872943.6610296
1052347972.2134866
795508261.2149124
709265774.0779352
869009870.2605351
1109686571.254675
949256718.2199416
1184481722.5025604
1395010049.1456916
1071697233.3765512
1356220012.6566148
1380644357.6958048
1478115801.358814
1130062307.0498006
1494397469.2650812
1138548840.2753386
1068698137.7699546
1480862640.0496674
1187597896.6617997
987345881.8618994
975969779.7534512
1273021271.621443
881490097.8063265
1007522847.435637
837085928.4429786
257813857.4864102
815188409.4096079
813720346.878876
643291420.2865213
215573191.1527293
1032136180.6819074
905741514.6163734
1027788785.0588257
926542856.0420732
825265543.9141896
738278515.2334623
308218620.44516283
957673133.4850991
790726278.9521637
95284934.5335166
1202376091.5884042
1428568721.7274888
1544686389.3616343
1744926733.8907409
1511276192.0537162
1448644508.8438218
1520920100.177757
1349298548.2416794
1356919803.9068556
1147262625.7991693
1530798179.6204982
1570263818.6649878
1528801019.1207242
1378252907.2847068
1732083485.0575747
1624153368.357517
1921527842.1429477
2110125348.1316001
1575713096.13775
1982027869.1645103
2190686316.3484826
2051101734.136304
2469886886.630731
2045125227.5626292
1861476395.949528
2082787273.8526757
2141152078.0763562
2073074836.2372265
1654935009.2283773
1849803068.28409
1638001472.582633
1821566858.3604517
1770250942.0150104
1793388725.094285
1638387386.648389
2174299181.9301867
1658427342.768481
1919135502.8830404
1731844510.9689689
1735819306.4066741
1294958226.6977756
1845328894.1958175
2132677609.9636009
1856462912.3005328
1920209595.741244
1752496155.7696693
1915762571.6758215
1813310437.4564779
1751338654.8841255
1964339636.2508833
2080720514.1879487
2057600469.9385204
2540739842.025419
2028941895.310655
1984809189.6516514
2165641669.263183
1725304326.854421
1762944635.1893778
1861131870.156448
1909703527.968944
1632806779.6234303
1836795800.2240946
1415343104.9247956
1674181695.4842768
1998667344.1940877
2239864208.3650703
2157742406.0145783
2236589716.44246
1995586540.8472106
1747438118.9796872
1716845218.6394715
1782400351.1209967
1967240999.2970207
1774587997.2508318
1992346419.8276153
1517029866.7410216
1637531776.6822307
1765791701.6270616
1774044838.9816213
1847589052.7588868
2219064080.5542126
1766531854.2075799
2003943490.5373974
1863101916.7571492
2039641517.3041694
1951633817.2638252
1835346983.6644826
1935767801.6877117
1982257531.7231224
1948211850.972734
1972877831.940032
1496118457.5700366
1896530577.0234401
1763217211.1095746
1702854861.7548707
1648356643.1371245
1472823985.7228749
2052035301.4896946
1759815718.1388068
2006991664.3113313
1915311893.4681542
2017778341.5892203
1679567679.5806425
1811353235.3644495
1623253148.6744883
1915046231.4218369
1894396682.826392
1739164565.3662398
1509126602.8565664
1687647381.0312786
1912023350.2058468
1455207395.3870983
2107451579.6734786
1858122274.918389
1631869207.1500578
1455229036.4242876
1632905132.891479
1609300325.7154152
1480245205.957394
1260495243.3996303
1315667985.8757858
1379002505.1680746
1654201941.6934917
1205866946.009435
1789862182.0156536
1239688620.8821776
1730892784.844999
1580538868.1589384
1487023217.952359
1328314554.5115976
1575849764.6328092
1160714171.4494
1732802481.7318544
1515609338.4179442
1541801134.161638
1664862959.0023513
1826373857.4075196
1409958224.3667011
1635896415.8390505
1868498734.7272859
1560363654.6206489
1527831273.04336
1405426840.8919675
1577681132.8363373
1733995165.0250926
1877775499.3732607
2116650375.0570397
1672216595.466115
1459774150.4225
1776862530.5127203
1792222401.9501781
1961533305.5468807
1722919856.722206
1645032089.4102209
1915417248.450499
1768286982.9623897
1904703732.4984455
1795348499.6889944
1911165952.719368
1897491715.2504833
1812199988.7089908
1764338752.8693438
1759800490.947374
2295642856.749537
2154683127.5758986
2151033200.2024
1895906945.14619
1597728767.0059972
1992228669.161618
1808605490.8442535
1753925741.4368477
1960810504.0730014
1925783115.8037577
1321628182.6299913
1602650976.7892623
1633484315.3012424
1413675285.0749588
1425396998.8233767
1324496171.672465
1114022527.277555
1379190993.9161863
1675953626.2211952
1129962255.7684762
1570468788.9431322
1595482977.0623171
1569964788.291136
2003394428.1920993
1761752147.1176493
1601560459.9970236
1788363165.099561
1293234759.9283028
1696951446.2633514
1318102193.0223174
1527533361.0410185
1265603838.6595783
1337507874.0460474
1667092501.3853
1240490001.5850024
1438619917.794983
1384004878.804181
1547358560.6344094
1621808078.091565
1926505800.5512264
1817346378.0378816
2092499369.6118374
1410072538.2391026
1686422800.9604201
1320122405.065733
1803839604.5888298
1208300864.521763
1274609778.5465627
1393169638.201643
1329898927.0696888
1344910670.793696
1011086031.9860703
954557201.501659
939625804.7687336
1050528057.4178337
1021290647.8467101
707042668.9071311
278554165.4085615
1270484074.9515438
1248309244.4552357
1374239646.8748515
1239832513.3467138
1335194553.4274013
1182854438.8994575
1125607321.1035283
797994859.6881781
1170281475.1672769
837582794.5262527
683687577.1983836
1125268234.799055
747012192.8842808
691258531.7414632
840100181.8328513
648287870.550866
218585156.99988574
941498257.8598267
872206016.813793
105366626.27623607
927029801.8295588
1091061392.4160001
936659390.9835387
1128503648.132955
1478404396.585554
1210111583.2195368
1198134322.0006535
1188844211.1632648
948659764.0023525
1513458904.2158258
972726319.5955528
1280301262.333378
869451566.9500676
1098442698.7946384
1066132162.0224819
1294830588.30036
1125411575.6636512
1337984584.8940077
1352494930.7401993
1338508804.3147578
1353583972.4790099
1152947237.2941725
1338166219.4298522
925147940.0216452
1340521927.642602
1487882974.0616796
1425147793.337805
1775622798.702179
1806520337.5059373
1469672064.8665004
1653175474.897397
1387012293.584561
2049919074.5689485
1858241374.695317
1911236385.8788462
1942645956.7237146
1745674824.0122976
1787169123.0228415
1987943124.608154
2216314467.6981072
2358586880.3944807
1964115863.2363477
2081591978.2920938
1982408560.8128405
1956182965.320334
1738651551.762536
1900110616.7097812
1579120183.0644002
2373104855.3573065
2280767907.306231
2095977606.0102856
2083946847.5163853
1823352247.2168384
2081541646.7197537
2210819991.6145887
2383631291.6850405
2455918113.2255063
2594323638.5426884
2100209369.6506455
2328717494.2159104
2804299638.33714
2695326937.7786293
2462324786.808609
2262357287.4726357
2856027971.5862436
2465006835.551944
2696136259.312597
2873974185.781678
2895596486.7725625
2378305770.4058723
2800349792.7058253
2619602978.5602527
2688880444.005647
2519706954.694336
2974663985.981777
2872091654.822004
2611644954.5863795
2588638095.3776226
2276476240.355728
2341201001.125238
2703536219.3141823
2225993813.9788947
2438399368.4843516
2260943823.976382
1936459253.8582852
2445639882.99125
2476188547.997889
2117328634.294601
2662460365.7568746
2528308441.8528256
2478670915.7171645
2712192392.07165
2750060412.001902
2606602032.1347594
2709669631.458278
2572274190.098739
2763255041.898998
2509140734.128482
2767760564.7054996
2519725703.321356
2436862348.368216
2372711193.8499336
2053221872.2967615
2107153487.27754
2022942621.1286373
2216879383.5994096
2225340058.1564665
2041840144.038003
2317522011.0191855
1678560400.630207
1896441783.2925386
1770805457.27951
2082472365.2992096
2048287834.0584157
1836904358.0896313
2095576397.5756035
2157250393.9989705
2116632984.4799352
2147826335.709218
1631217726.3961105
1668284950.3930593
1821244454.899941
2225880558.6980433
1991295190.6470954
2392705047.7815356
2287055387.3071327
2272841387.672485
2314584283.899788
2183518380.9360313
2669821234.3772836
2052337875.2573655
2121525650.2447934
2367485361.7994494
2148498219.1332383
2157259921.2367992
1670237694.2333694
2054308978.0666528
2344070576.2018547
1815325080.1605904
1696714958.9731963
2064033025.8491914
1706253611.3542027
1927964544.2254443
2186467221.552694
2288886927.351236
1971827187.047452
2322488852.9357038
2402767393.7344246
2298793075.513151
2172903133.008976
2219166602.517387
1525864995.1888976
2137819455.979925
2481893483.991619
2174443691.8531094
2449783319.099493
2376261575.14849
2442508158.255617
2490249668.8004913
2180540326.765372
2478465768.296158
2387844862.6996346
2437780478.332031
1865320592.3267179
2275555265.8683004
2376941399.496551
2268786168.175782
2390785834.007582
2423925359.782572
2435161028.4245124
2298236180.873082
2581980730.627366
2570194637.2809916
2092335061.3982773
2434176035.666733
2308228152.4319224
2249061075.010501
2481624002.994367
2260543330.0315704
2371672019.4979906
2152904023.018218
2607464229.668341
2385249806.8095164
2277041738.3306017
2341320436.227754
2405918190.6634035
2494349009.401537
1950438184.20482
2420964982.394059
2196568565.1303043
2345045351.0561066
1960947694.5924847
1846572278.89151
1557022732.2405136
1752836690.2953706
2001301553.6684775
1929358084.6573613
1548350852.6812406
1450142185.9590638
2076438892.6152337
1543748505.7338486
2005876776.6227443
1449866167.1719873
1857515088.8270805
1724002415.3086963
1669101022.1148326
1825886282.2050526
1898594753.8882384
1712078671.792274
2204042639.4176335
2032081088.3847144
1816046246.1207643
2229219548.833619
1637181126.2279778
1860264472.962896
1729441252.5685592
2053286054.3045886
1851511711.5762732
1738528386.4276187
2071373884.050432
1996954025.7214901
2189372436.969285
1734030436.9397602
1866561256.8410258
1363494751.248541
1864810423.0050097
1895269814.0311902
1558490748.514258
2165055073.7650104
1776969541.092312
1632061325.228486
1764091587.6886504
1817220007.5408454
1857759256.2703266
1970275633.768384
2147869712.457207
1853730188.499322
1917656718.7619112
2024111865.9149141
2343212381.1526556
1697081078.8020973
2277082315.695394
2196028146.494048
2318685277.0564194
2446962235.1249595
2142615611.2560823
2055398825.6387541
1715093934.269672
1893942683.9034157
1688266164.8864753
1331332454.5522125
1803750947.491589
1556528197.8520331
1733713120.6777656
1509662759.291326
1840690280.6552896
1668648276.0496469
1969747443.687256
2168965019.601261
1763435460.4354937
2379900823.377415
1981806880.211389
2326843666.568642
1931162793.8581724
1776184216.074436
1821729513.076084
2235711913.9527764
1869678278.4022186
2197605170.1957107
1946952703.3673642
2021853223.7948415
2268464111.2137675
2331478823.815868
2502823216.9489784
2409152631.5924573
1671060847.5047948
2330782120.3824787
2224612870.507078
2343352942.03819
2322066703.547196
1946412932.1199155
2527771787.3855057
2396614919.2103114
2379312228.3589916
2413026109.292924
2536707431.7615705
2266477646.923499
2481146165.751243
2409970077.0971003
2543746709.311851
2214158657.175334
2890745475.720351
2546609357.6191688
2216857761.88757
2697013583.102924
2812301891.434779
2376224786.158018
2447295775.924193
2422234964.6907315
2800654816.0222025
2428425222.110859
2293530354.706782
2742048429.9111013
2690157246.9467
2781346345.3870063
2255409594.616548
2337304737.643594
2035052534.7526457
2210779776.35094
2236455306.466502
2865949097.7255774
2466081219.7843146
2512132058.618561
2117998159.829985
2763517200.82732
1977424392.2349133
2365541310.442482
2110730002.9203668
2337927632.326188
2767251035.174348
2503771286.748197
2683534200.154485
2467571167.623117
2719113126.982476
2605333674.836117
2379195448.220608
2795439273.0087495
2273148299.250185
2620931629.152175
2204253049.7318797
2499940136.020521
2199681221.549898
2622076414.398381
2574061058.265439
2866420450.6178446
2232126281.203315
2298297786.027648
2491643143.8874016
2471639028.496986
2318547928.4412947
2474439074.9546075
2762459778.85805
2234689720.176249
2417593063.764905
2876092483.9602075
1898967674.3807535
2506982759.06103
2098441163.1132228
2066913214.8487675
2369094482.559808
2626197781.2741647
2573258280.5234404
2326985820.3131633
2618643426.178233
2492858820.4887285
2315889307.158988
2845977539.309832
2628814000.437658
2307135008.0517383
2652850426.1640954
2164960976.5803747
2726716236.588414
2753102420.052699
2830803804.403348
2781860648.1138825
2898902218.3952336
2845444205.2981944
2576773496.853884
2503088784.975937
2657135667.536437
2225748168.947827
2850722897.3953404
2686270436.6531243
2219870597.6834416
2648498271.134455
2267302603.4274464
2472198309.251961
2378463327.3977013
2464799920.3404264
2495413399.4031396
2309768087.3107357
2657607714.971427
2506298439.7005634
2409909902.567492
2543917837.355789
2534323535.120627
2286151670.807291
2061900233.281467
2759051871.7897606
2218781029.818729
2432448358.4495344
1842410547.3482099
1946356476.4936557
1627393633.5380645
2202946684.123925
1895893955.1870434
1891186869.7310405
1961076028.8210838
1904695298.8018818
2175393200.0329013
2150957680.7928367
1839089982.3074923
2350566747.423929
1939457226.3760955
1962056729.9492886
2384096886.148591
2547918955.469611
2184618444.3098106
2080620558.9691918
1967735958.7617817
1930333659.6559844
1566874023.0140476
1785532768.4371786
1629765221.8104281
1709921613.0161061
1707210905.3920188
1841207641.5737154
1844699335.662734
1649677854.9091837
1862610801.7601824
2121994537.8686762
1787229215.404774
2241145254.020118
2227500337.8729544
2106266419.1388698
2052130067.6347167
1832937895.993929
1776879057.9124982
1813703129.1808045
2115278158.1831067
1898154896.2902942
1833003735.2587368
1905548193.6868439
2345892789.701702
2147202548.5840614
2220393633.127546
2112960533.5944977
2111858702.9168477
2049963985.1175857
2639277645.2064414
2337011085.9945188
2113121333.2011662
2274490060.947434
2154699171.503593
2700417451.9970527
2572767455.408276
2465668221.9705286
2204543795.9834976
2580905229.1335697
2606952370.8215923
2251779825.2906494
2146092585.5368762
2323967521.6226597
2450964968.7025433
2461459342.848022
2270154059.554295
2092061077.8771183
2308080177.466589
2299747768.017332
2435426795.4672318
2648894730.000676
2333892724.1204185
2488856978.7319956
2264524966.150727
2699863731.8955593
2527968617.672265
2363719494.44249
2746449225.3460016
2662325988.534387
2786237846.262907
2792180493.4618306
2760908876.920947
2567493447.2065687
2622018719.8379593
2683892020.9407287
2222655261.521032
3005111559.657938
2856172650.091862
2700137169.408418
2841248707.034213
2580823865.7290816
2904620714.8543906
2521135679.05897
3126136515.2236323
2551743690.1996036
2681066806.6446886
2928424795.3922005
2420173954.5312843
2751098124.8824496
2946564591.6128736
2807487651.615035
2598790420.2269793
2904668297.3940945
2944803597.6791143
2563239900.930453
2860236648.565458
2883351369.353126
2728119809.082179
2944453624.3004675
2646830130.5580997
2817109101.8917
2444265989.692039
2998870016.5076675
2746953553.7136273
2932971987.4288044
2859763881.8858156
2847569776.7690554
2822023740.5895543
2833733780.0853653
2823378477.5623045
2943797406.4467025
2863135922.301118
2863470452.953492
2977325281.2523413
2998626223.6540666
2791890298.962733
2902047955.5535026
2873546830.6946726
2905612239.486811
3039431122.697725
2819493728.9226737
2882224523.913973
2748207674.623872
2866295180.69917
2924408530.8388805
2903420307.2161613
2907174055.889287
2910699057.2256117
2887263223.821809
2911465479.3301396
2915723066.942715
2763714889.8488545
2658157361.798697
3053618480.143446
2812443729.5430937
2936359110.133454
2940714654.4924383
2873625300.9718294
2977632162.9231167
2919667200.5868483
2820483478.3666816
3036243342.301887
2816500599.224051
2892773654.429958
2868866300.545571
2731379280.3612123
2781444058.415558
2842666871.770407
2813791312.8855453
2823756707.9417315
2834151623.4662104
2912085652.71509
3051354451.8479824
2928997942.612372
2946375132.080892
2903599247.958766
2914713700.3304243
2814890620.9625487
2648453319.6668167
2769568326.598863
2916864142.5305266
2931919101.6930346
2735461856.6102667
2625503450.098973
2884095776.43798
2893166709.7024016
2913935739.133193
2881321802.974159
2864552284.519912
2786144096.514087
2888362060.9425726
2808588482.2524734
2820446017.051369
2913723458.589489
2778323580.3598533
2789642188.1732945
2914558461.9161863
2885684539.940203
2756072030.016706
2789563864.9047003
2887580587.034736
2842487527.2739363
2819250297.375534
2667169726.6839833
3004433191.9479427
2954627053.199074
2757008258.2947493
2767510962.4996734
2896761391.0354266
2845257997.0752234
2958857824.8129916
2872920979.790261
2894353367.4503493
2898876348.4387293
2855185034.6290593
2988746390.1252394
2835551634.934048
2856263367.430399
2981000469.257548
2882384898.401951
2672931788.759082
2845301436.7887487
2835426251.563127
2899434030.8359327
2840924924.089821
2748607873.428228
2872482890.272157
2724122711.530021
2894872888.829532
2698928986.8161006
2807727596.249314
2908592958.503369
2760671450.985259
2818075357.038939
2834985357.972504
2875577290.0437274
2779120207.347788
2858117307.2310414
2894789026.4851446
2793510904.995432
2851778804.0242167
2755917080.571478
2895051992.5493956
2798257960.697738
2805081974.0054746
2911516989.945385
2942660153.8808756
2735361612.3378243
2749694377.773721
2772002180.4998307
2868203331.926196
2873247530.44116
2769311322.8212895
2960684559.37775
2803843459.969629
2812958976.6265836
2860140090.802214
2626007076.118824
2835705434.6919627
2867106917.9584146
2788389460.354041
2880366598.784508
2928451607.3379984
2913858416.297604
2761560800.3878407
2915917644.3874173
2823036975.1383862
2895502051.0617185
2878316543.302555
2853696012.826402
2912454730.140533
2713358276.994096
2849531602.1123433
2874970052.1227813
2767341363.3876667
2787820907.6455994
2903854609.891875
2832586598.220027
2922445550.752442
3007922057.627223
3032465779.280138
2799055137.387232
2839608798.924794
2792581085.627862
2740251481.862634
2885853697.1738043
2957657347.7281213
2977512489.3925433
2778001367.7450514
2812061708.256884
2833888163.2606354
2968043507.972856
2912797685.370736
2822171020.5417027
2774693669.2276716
2772644981.607045
3018361867.2947593
2985139661.803124
2491614410.920394
2859858774.289794
2832592539.4034677
2714180614.742987
2646712837.40655
3033609437.156523
2862528732.7886662
2841501345.761456
2618074918.062683
2781477408.907864
2855600552.993391
2840338424.2238936
2688942219.9548182
2722587563.3332963
2890195705.8047495
2746720198.647059
2882053592.791744
2678777729.5282736
2800524344.889447
2791082887.041297
2801823378.2861557
2823516016.0991015
2718616923.1517563
2858220462.6946225
2918560669.9722643
2720897802.766252
2771839061.1913943
2842959338.444566
2796068236.074992
2967661847.2662544
2915410676.219943
2849968536.602657
2948688146.5136714
2724017828.209388
2974105439.4761996
2778731851.7438583
2822911676.766064
2898663733.9908404
2934653992.9545274
2952593859.3528447
2837451510.050753
2916782437.5438595
2841933320.4963064
2854383450.6532373
2777752493.9215026
2811374836.88728
2612704031.7054605
2802547203.3563886
2795057250.7928505
2755743953.3732004
2835784369.5991154
3061017777.281217
2700889423.421359
2919088994.497538
2776758338.5951724
2734192315.7311893
2700611810.9475613
2887837401.666066
2891738084.420603
2918768157.0554132
2879047110.7612176
2979184070.9049015
2894212576.6517262
2789662633.989275
2771728828.759223
2906017215.7237773
2758511488.774478
2672524439.5095954
2837810265.967937
2880231330.456415
2856510207.1016946
2869840914.3125706
2764045740.29214
2910651790.1306596
2868592728.068694
2873583720.8179207
2824899802.8445816
2846259942.5734158
3004674716.1641064
2837392323.8747067
2821678444.1877904
2844467944.859207
2924475614.9219646
2805559416.0121703
2881046038.1219397
2900474914.437482
2953267012.1245766
2695842609.4796543
2759132315.6781597
2905277498.474961
2860359097.200701
2825268892.719149
3025415339.9859753
2817243309.5541987
3028256227.338702
2858369704.245862
2856084331.824772
3017116592.075524
2820239193.945401
2902130376.6798763
2938478632.9602
2826970531.9063067
2900632115.514573
2963355932.5586815
2995732559.8275437
2827954826.496609
3094280597.5158224
2848826213.281392
2988274049.9798694
2786202152.438851
2690172359.068999
2901293231.707719
2795701784.7369275
2939969556.3257394
2835452608.198171
2932316229.056548
2931544128.2468185
2890367939.4931707
2980890777.367369
2838156689.742717
2764584409.051021
2859394679.3749084
2988749858.4389186
2879504588.525403
2864132953.029968
2945540480.14361
2935360255.2961526
3024233904.610623
2882346956.388842
2942177240.2701283
2884873863.957951
2941528641.150009
2929626059.552958
2951900171.863139
2913685863.6733637
2888409934.3167267
2853898299.593517
3066875926.4384828
2770889767.7870436
2899100318.561834
2935016233.0836096
2813984930.435452
2880143363.2260046
2936615574.769025
2811359730.1913056
2859381574.1163535
2950389464.911282
2961705082.1339526
2864890953.9316125
2853614890.200508
2828662200.641292
2728876354.7391157
3012320326.8801413
2815693678.4365892
2810294015.2082143
2893255598.3754616
2869834885.516207
2858224221.3378243
2958048590.373926
2820745882.8216567
2899874805.045193
2865012044.481205
2862517309.908695
2937847807.8086405
2856154845.093641
2859143111.5809407
2957417030.027687
2786335388.0336394
2926862640.6485305
2799409467.443627
2964533321.412759
2761925095.339535
2692066835.294363
3010606361.970119
2861511068.976752
2777163688.320572
2868769313.833262
2954584535.546026
2869020726.7247114
2669464827.3819084
2873784127.713527
3046534147.159693
2973554888.199311
2888587263.1050053
2742569269.7164197
2911555853.959184
2928379115.6388946
2904921855.278416
2763410644.078106
2895590532.023067
2937985653.6147676
2736167415.5358615
2904223554.8684144
2838531203.1037807
3034802031.737817
2802462037.22587
2938021077.7423553
2913312332.2195325
2914885498.9854
2681473412.0675855
2965978300.4495997
2701649370.1344857
2919200052.1368275
2755540514.207105
2886962765.8155265
2777133471.2792625
2812088053.510607
2879112087.862138
2915869267.7041845
2780199588.8829165
2947630793.4522595
2978052847.1965723
2991433262.2491326
2710476408.314574
2903210501.06299
2774589380.0963454
2653810783.4816732
2877059717.0135417
2734826553.087194
2805421279.231514
2739897276.9310884
2824391460.6846304
2755359042.8988276
2721606521.300851
2605289452.776027
2879765940.6752996
2762557815.294515
2571930295.288999
2620294096.532916
2755942791.5181503
2737860902.5531054
2791113028.9170465
2878895263.6083336
2932454164.3994436
2860818945.9509964
2908994310.3799667
2868117236.0051813
2819934962.762016
2805192112.8330674
2643146401.7327466
2943699433.013609
2883804776.297218
2854862864.1219115
2908061121.8335
2920419598.0253797
2827124438.9695206
2827540219.008866
2856455836.8962083
2733437139.9404216
2687828195.1589327
2997766184.414516
2893705250.544642
2819853496.9741144
2524926121.353737
2832761288.3313794
3014301288.5556407
2820488001.2982354
2898359653.052779
2855967582.2114663
2810158705.9359636
2827890594.395427
2853329664.46396
2770366284.2525177
2865906574.290204
2828033439.4949994
2834881468.52527
2719888231.583848
2954725047.1520343
2865430566.3765755
2820459045.749056
2913854017.335057
2819284043.573898
2708988899.647139
2821983157.3914495
2930384405.039622
2755093265.835626
2908323668.3461533
2898032315.1218505
2755885906.0420766
2822639462.989223
2861292099.8110747
2881952464.4805293
2775598098.830998
2807509191.3267307
2763752908.7895637
2662707574.181801
2891969123.9612484
2795849640.4985757
2997946790.873368
2775162363.781255
2810535138.618492
2753650406.942664
2858503600.973254
2825472352.5181866
2852465914.2585225
3025261320.4364243
2863313440.3965564
2933444907.0873995
2898807090.7837915
2843541639.406072
2663510100.604531
3029473944.2442265
2768808100.2400002
2906801064.515841
2849218367.956726
2918808990.7079782
2930643167.2774487
2982758502.1920743
2846117987.4076486
2826883375.9147277
2561172619.4292965
2844045412.269762
2756023654.1619635
2816863036.9432025
2811250190.9097457
2816637159.4812922
2871602863.706769
2906154988.9072266
2843627415.1746845
2958543191.3794875
2957629773.7784452
2824945148.5867596
2910370482.439214
2977167839.789719
2796912385.6585393
2843708086.5994635
2823743050.514113
2843064591.3825946
2947414476.0532527
2803074886.5139866
2958833651.6791162
2871621348.8786087
2815964356.8638783
2800435434.1152463
2734921253.3443246
2777055688.839314
2781499918.029823
2643850639.5081086
2889152244.767546
2910522146.3553486
2942989706.756615
2979932919.9952087
2859145640.15921
2884826381.641758
2867324327.605794
2808563467.683438
2672468281.242421
2908757227.387534
2775290437.8889475
2856986747.8022723
2836585943.4901524
2786972456.1723385
2911255829.9424844
2995065186.1618714
3014545755.4984593
2937290559.697007
2803447145.88539
3065194417.834865
2790693968.4648924
2844241990.3201265
2858584567.624399
2887390309.695819
2837245075.1871953
2717882787.5803246
2807436786.222047
2644461922.530463
2797935524.5999837
2754284777.4164047
2889462272.9010925
2811903801.323702
2809834295.6928124
2975875132.795705
2756365348.655362
2731555294.857782
2862560151.2153463
2825532448.436796
2797822676.9443245
2783538440.179318
2849014785.57201
3061961570.9242277
2828355447.0149894
2930177495.8082323
2957668594.2828674
2949323728.138142
2893326136.679239
2839137113.027416
2803276165.9606314
2955742838.294161
2820039083.8611674
2787459256.4220614
2835349515.8229365
2941083095.7991624
2751324183.184418
2785232656.594444
2849793557.2587566
2778044243.5911064
2800109759.273202
2860037267.0232706
2878930364.291466
2958881995.9910107
2812975391.8928714
3021422347.076503
2961061937.1848636
2829810358.931805
2756197101.378701
2882065484.031366
2812609394.9716406
2860138822.448929
2774877596.339669
2819717981.8915286
2749909357.6859417
2935301418.214591
2884703933.811893
3001064959.069099
2766597775.6140895
2942925267.7732744
2858382157.374633
2861233988.545657
2952661769.101992
2927707166.5111337
2843124448.6251945
2851879824.105378
2843829630.7077727
2836181133.870649
2875079915.5523486
2977279347.4296355
2805492408.0622845
2821057543.5369124
2873548758.00715
2828036697.126051
2896000673.808608
2833198508.921979
2750506298.5988207
2798177420.019569
2870017914.2570467
2867122383.0710216
2701729932.3849263
2699963152.4107776
2827627053.7468734
2857994265.2146177
2745935754.5868025
2896423397.267892
2851569493.917105
2966561119.2087994
2919013800.1363463
2903822688.2956395
2928748216.9073
2712816848.744406
2906653920.844986
2824568684.647532
2892092125.5135465
2848300471.0057473
2816468604.5399866
2977403925.8729644
2904781985.0044217
2920098140.1180854
2840166296.1119075
2911332594.0729346
2844418920.1832438
2780717852.6568317
2780191992.7890983
2968454336.763554
2838719328.0570345
2699962178.770171
2726350544.264455
2896118833.0157547
2770853051.4882884
2770359847.859851
2848094381.7306943
2608795750.424386
2794797519.2852054
2862054842.1210365
2884999982.7188497
2794331193.35588
2846809412.943364
2882559712.373077
2804057602.856253
2841900176.6403294
2820443585.238847
2712959099.931832
2854033832.6856866
2730357309.167126
2833253379.046026
2843228862.4860473
2979362798.502639
2965374614.604145
2838575677.496165
2759348662.3792863
2890787555.244222
2892672990.3686953
2816093518.2603807
2817801066.6111794
2792076707.9118247
2831543183.794094
2877968209.671329
2829001096.5750704
2893081818.9259033
2749734475.646989
2814323411.5439696
2841505755.5154176
2892899211.9764585
2758779875.6082606
2762908419.10632
2827247760.2535253
2789996197.464211
2747201197.3033247
2829802085.742402
2673626406.3907623
2780067266.996062
2937306008.8748665
2686207388.6679487
2727442568.21151
2807158633.2537827
2939728438.8072767
2799533455.599004
2923837506.1597614
2995131297.1504383
2911752378.1536665
2991239286.8340344
2628555753.213723
2665977355.7867656
2851968671.6942677
3032560408.9798803
2746982975.2956786
2806036369.6521015
2795403273.7916045
2924564590.4337816
2984546917.3534107
2816122044.5645475
2914795046.834444
2869578633.4070334
2898237942.0371675
2929454960.2856255
2818908586.914209
2997091293.276916
3065513712.6136894
2879149654.991797
2903041806.3520217
2951638830.8186145
2875754896.75019
2815570970.1952295
2776994181.2800198
2765266127.929224
2998105793.31313
3073866348.6832485
3002983448.1509967
2779368295.075709
2823650825.559996
2723268337.212982
2942183128.0762634
2934601033.002482
2818184967.487792
2722185421.523487
2851667241.084143
2986899070.6878977
2862861339.1591578
2989292356.8352294
2801077362.4196386
2891133103.353852
2742736211.6792736
2873020159.7904673
2752638013.8367786
2722572011.467696
2930874939.339093
2720929364.4479322
2723424982.404106
2762908238.1431217
2726941878.527624
2547739298.4135804
2929679064.193229
2455267808.048392
2853994268.442966
3002840512.2275453
2882860805.211458
2838401273.2882814
2644079864.599751
2723487941.665382
2702811338.287991
2751731419.126142
2709508321.9632397
2838318697.589533
2874378776.005039
2903500292.246027
2591713956.721433
2856289474.241381
2871681532.4099574
2590699334.0386624
2776600767.2604394
2799101541.986333
2413192897.3903546
2332485860.4754553
2421322812.961942
2600302048.3046703
2399569711.7602253
2448793950.5238633
2664417186.102442
2793746183.3478446
2836012041.979728
2719563476.252207
2694264952.840296
2715707890.9582806
2614275492.8548427
2506945036.0479336
2488121542.5429645
2413730517.462532
2697496464.0983696
2427531375.2788477
2667594779.2389226
2412360588.43829
2450028866.3761516
2269211608.6695333
2164338917.9235725
2189964164.673119
2377058549.18302
2252172818.263894
2094160319.9165869
1980415810.8256285
1997947158.3274875
1835081792.553098
1712893043.5677803
2407083143.986408
1476000391.1653104
1517870649.0874999
1798448605.81067
2205371256.5243297
1807244478.5254023
2188229414.522677
2315852289.342216
1905919245.4089286
2100056253.1021564
1985983162.8611712
1968927011.6387439
2267022454.5138373
1750230050.3955953
2329838751.148117
2185262074.832596
2259158335.614588
2047700839.0729473
2381145974.6214294
1882116236.7966616
2317062981.7242994
2099092366.402271
1943558517.227064
2218696758.2326803
2794833168.9182277
2735739562.060734
2719072393.9278145
2355938429.468833
2486358501.0153813
2654068187.892676
2614230151.9166746
2688151960.880125
2653393508.7117877
2819437949.789936
2630722252.060133
2309743761.0713115
2413616608.6391544
2617775354.5072117
2748866495.723976
2685639213.6659017
2675014883.226143
2151453264.395609
2957709879.3621683
2601602560.668084
2603661085.820052
2043283769.2461941
2643086027.3300457
2328187300.2478786
2820928305.9363937
2931921258.5844016
2621309928.8787603
2738658820.3521256
2476703201.8243556
2660257832.7034135
3093867195.1551623
2683659356.002715
2689149410.307989
2602649897.3665495
2918475150.0782394
2817950661.9375296
2341175788.256185
2518722792.7319674
2943149123.587209
1905495584.3716674
2872274631.883136
2523806804.294404
2910207876.5126624
2423684946.8166633
2658414017.197811
2617645721.64612
2559073722.432679
2312038654.556794
2663427902.0935097
2606060137.0636525
2635921531.2837987
2468582364.528693
2588962399.9228
2254439455.15907
2717306089.3361673
2370182588.960537
2829174977.98125
2553878344.951144
2531146336.9900575
2697778934.0294623
2529969891.580874
2869323287.343604
2800647427.293835
2605563214.7737074
3021696031.8097267
3006820940.122014
2938959353.323082
2922703178.2106404
2586767322.8239756
2970483107.258915
2753054949.7719903
2971425351.0190125
2677887906.2885537
2900394381.797479
2817112177.812886
2689898653.982199
2879203147.0440893
2753204838.703376
2915857535.6145353
3007645936.393851
2955640290.411676
2827692351.1739836
2847589354.5097356
2934612435.868819
2890025986.8419986
2961250239.223144
2867642406.859168
2879471770.306435
2917191261.2795553
2857243864.346212
2765715565.82114
2913319685.7349467
2871893934.389501
2817721208.81467
2939536089.357839
2845156063.7307725
2842777339.67884
2824329933.932717
2845310956.244658
2793875159.2579226
2952103646.5434613
2854608895.111576
2991294226.418237
2722358631.6415615
2929030621.3026648
2899422188.508954
2876094353.170138
2868286404.644779
2766988643.9697437
2839988905.385167
2799955838.1999187
2733080871.483512
2899490446.930705
2921808119.436169
2897495088.725345
2888932046.4684744
2762330325.9487405
2782442776.089018
2839919060.877176
2785686205.564295
2799320006.8884473
2868729836.299754
2818350713.6480613
2921571652.921006
2753246377.7150173
2765757003.5009303
2863570777.7856073
2772582005.136406
2740977009.781738
2838116963.234003
2812154169.2631793
2831012165.2584667
2853748102.25434
2885821808.1107717
2810572069.180834
2689869061.6202393
2817215412.649221
2827544776.1013894
2849067995.6476283
2866342858.790686
2774635881.6489525
2996146988.7592754
2710742237.012593
2931424600.5840945
2796870238.14216
2912334780.2459064
2769836532.43917
2678251969.934918
2724368730.00358
2877769470.96755
2825998417.9329915
2894626252.020558
2951052423.558601
2656293736.1308236
3007379759.4435687
2917445407.2824793
2737052964.151679
2915797206.9376082
2942347640.4405217
2575254061.915512
2908274552.3361397
2924100503.1266637
2885096778.3981566
2869539398.915463
2844504229.422708
2908747256.517607
2808690056.6117644
2800008218.5590878
2968394454.0935316
2669095359.9107094
3052999118.813825
2831835790.412055
2935779352.432514
2710825767.1338654
2819054071.049028
2883942989.201797
2799084128.7808723
2790887946.629967
2836603115.6240554
2858972853.6822186
2947034133.873256
2927492836.1576233
2879830584.666065
2951442624.73031
2833455490.646054
2824943741.1383605
2666837274.0800524
2751441466.3772593
2891760904.2264647
2968973633.8745747
2737676291.9511967
2979651087.7150087
2820883412.29142
2907652116.59299
2728092357.426164
3013703318.03096
2996914085.1459146
2754632049.4046392
2758541152.5612965
2853669205.617832
2831566383.4994063
2800178762.6037793
2836980150.818697
2770833423.223357
2926447144.1395183
2974224021.067847
2690574866.122079
2700017811.271136
2960863022.3011866
2859264633.0699253
2852597402.4600763
2699724552.1931634
2419285129.7813387
2781063031.7202854
2340959953.446757
2563032596.0532446
2789667134.8689337
2262290943.386162
2584520442.89527
2838689826.482912
2749201721.2042837
2762823217.230602
2578649438.22745
2418613001.0051126
2731861522.9356537
2445379144.034765
2732876640.7075114
2767595455.5339975
2836105205.1667275
2798379063.3816605
2603219355.936718
2853149315.142051
2735811332.9958916
2740945954.920514
2946124263.9960613
2792794470.7121
2792036240.4506574
2992876065.346375
2306513756.7443295
2875647609.5439444
2231785915.9682527
2365215306.3722754
2118773629.2661502
2523592334.160742
2257868721.184902
2759523303.9185305
2741145922.037762
2505733023.5634003
2726009314.416152
2492397488.564362
2812539936.649225
2582444180.0104094
2925111718.968523
2885710197.5974855
2790233999.854347
3054607739.5080833
2697605904.8761945
2471254046.7799296
2796851763.8096347
2831234531.528025
2855859243.889447
2826907499.9485464
2755158249.0701976
2918894638.739578
2890744062.3949585
2684436474.1997623
2827920279.5668035
2651662452.696831
2533223837.071501
2896771047.1385856
2600974231.171908
2710583615.006293
2592962152.3918486
2553703751.0091596
2859538284.0614595
2862495210.146894
2710459595.392379
2884752880.122797
2554823061.486008
2476648462.6891327
2567952107.770022
2834669776.865251
2634416712.5504193
2614558833.3756976
2535560207.3195424
2561792263.5742764
2783126326.769131
2716595213.3917828
2557777130.3177733
2414601317.593501
2259252474.391204
2377932252.2822556
2561911599.180152
2837263840.889291
2212169391.9538817
2187301775.5743403
2463691572.8204517
2030477890.560779
1856744674.0297816
2280065569.6187086
1756147445.5238552
1869635001.9968162
1533528459.5058572
1500351734.3665786
1546007704.9492316
1513397900.033791
1949994578.6557066
1847244569.2897878
1601666466.4685843
1221963460.0818665
1593440234.2628574
1162167448.3575358
1498348557.0146477
792278472.7016423
1386860180.4690444
1242657130.6570108
1131553100.9421027
1082581287.1578588
873645981.0968903
1041253716.5200765
800106202.6560755
807750389.5141214
889003770.5519512
946215248.3077415
881617222.0088699
932330357.2922338
1343327564.1925771
840274355.9537592
881570553.7563031
1052254947.6740043
1170043319.0026438
1090420494.1292903
1109771391.8831553
873787967.9986643
902807195.6803685
964901943.8232745
858176187.6448791
784820472.2697912
771274770.9665964
338576929.8865367
432038032.8515932
998792047.7916349
843221884.5748835
184570416.831387
779242313.3240258
1031807210.7962956
827902766.1238194
986791993.4998902
1152013268.2332573
949215917.7194679
856391706.6644313
1196418970.0141635
868945064.8560684
713683304.1399418
602519976.0180097
312719492.55735135
748260989.1121924
728524897.6541862
857082646.2803873
1200828434.2651749
1105063274.419775
1015343622.8089477
1013620326.2857678
1278109877.2528007
1442015028.448562
1943190780.7168262
1597636822.6510017
1547345102.2543344
1839046173.139132
1445415813.1933372
1347586429.4904156
1131715753.6975322
1212609436.20437
1021678655.36087
1286025645.6789258
1426509668.996064
874846319.869468
999681034.2961495
1032323240.7106564
821933378.5328541
938907742.0087353
1330652661.1950698
1228691084.6331167
1282987409.2083998
1412369619.3802412
1250735420.1634016
1360449565.6308684
1549775780.555806
1585745462.8415658
1322707035.1838365
1251316209.6128147
1695275322.4232953
1331206614.4954085
1240055730.0705895
1698600146.818505
1417272239.1315615
1932931737.332558
1792590432.5070896
1520946110.8242557
1430805347.5630827
1442516371.9032764
1577616610.0802088
1496948353.3663757
1255042546.0195441
1331152465.8787725
977400238.7979599
1232464446.0379696
1190504940.8977323
1232200420.5186486
1330818433.9191372
1404993188.607557
1273001053.9617784
1319364225.2988355
1226627223.1573422
790670350.8402941
957660917.7380993
958455589.2874604
900973713.0106264
967556562.9742402
1212557375.12039
728729723.8782018
1010324556.9395899
1267600883.9047382
1317518491.9890664
1461915848.6260588
1146347209.5357003
1157338854.9914024
1304780524.5110676
855294663.0223247
885554096.3721207
1126683345.1999743
1163634367.979146
1022072821.8760706
1153712969.6670475
908982543.4386097
1097514375.646293
1343233706.4243948
1168333640.6711419
1259215241.4994445
1052148207.0680953
1312889626.0776827
1472346487.7201056
1233154952.438652
1236756052.2754862
1423117089.7180743
859420706.304894
654177262.4638679
301617493.0858182
942201470.7701302
974433787.9112645
962673339.236301
1097393829.128722
1006926135.9032493
1074384727.837469
1027958583.1994345
905847196.465152
1001483990.112445
687636987.9660232
256394104.079548
1120752758.5599327
1343682214.6136565
1189383971.5510886
654067897.9095311
760440180.7266308
88544743.88981701
932235587.068509
819889881.8725132
1291998198.967165
793826966.4588323
868260679.7922447
1093132201.907473
1100321881.8495798
1338733315.3307045
1248034589.7737932
1192120752.6346405
1253898288.6970677
1047772405.6422147
1363714094.1352468
1197706166.6538115
1733292771.5941312
1581119867.951471
1455666678.2695706
1338660885.527587
1401518143.599559
1191777640.4529877
1297535038.512809
1635234644.607655
1436421890.183811
1241584488.4522505
757202809.3696047
1011401302.803928
1067091797.019205
1249159541.9906528
1487679217.4946918
736133437.1636292
1032682395.251956
896734577.2454247
1290565248.6656144
1678881358.9652672
1280528465.91965
979072311.6437485
1029070304.2900398
955902314.4188533
962397113.2759285
942197715.8178846
1126736609.3163004
523402016.0770134
1064640682.1684924
996298295.1893842
1137953498.0089278
1090367018.313708
1326514065.2896698
1512962983.570416
1258960422.0986986
1434973897.3404484
1399485598.7858448
1138413159.6000762
1663248024.4925942
1762992018.8799155
1563944778.817768
1833255188.0319293
1927148596.4850266
1682797794.3845909
2210043961.8584256
1750746013.6866868
1865797916.7446084
1799030437.0068421
1770543473.7805257
2216273401.040331
1662102529.5638406
1894480725.6839802
2052735467.549041
2052389407.9426706
1833245251.8676655
1694157963.0564506
2071574278.6078162
1654545310.3817482
1615622392.7045631
1760227267.6197193
1783125248.6656508
1862028714.0157754
1786779228.589385
1981036211.8291163
2055372282.287431
2187499155.8566117
2247789267.6608152
1819003234.8817258
2204602783.799478
1972502187.1523979
2399747745.221892
1797771073.9965312
2174830247.884091
1987416501.4809637
2215024776.983498
2399060326.4227896
1913061299.5663774
2129780616.2837887
1966871092.9436913
2052298942.2449467
2014283905.7979867
2390016357.074766
2265630051.748327
2380360232.5609837
2254043576.7786646
2200427600.545391
2206784691.8989797
2193416160.8211284
1878484833.035393
2372932672.5084515
2248525670.449808
2732133805.988358
2669078613.543073
2809470812.847789
2839072339.977027
2794020181.756664
2669876536.6776056
2508250565.280002
2851723607.8346868
2466523589.104812
2721347063.227787
2256931372.9836183
2235473593.8745027
2209534923.9309726
2430649078.8812866
2153664167.688513
2404910017.1431
2321663022.4780626
1771679587.6716774
2037586543.270389
2169573615.22264
2150584718.9145846
2284225885.8042746
1978008421.848831
2365281335.3905253
2344632794.7413836
2372256873.1546526
2285138582.025007
2257124579.2018867
2524123511.897315
1955083072.8750036
2728745289.520503
2037148626.0217192
2050983831.391026
1899862373.2183185
1969779558.7305183
2002165074.0950835
2542671600.9041243
2006377752.053945
2622779625.5456376
2408245028.9230833
2392256288.54686
2590717469.670868
2260618295.499605
2432042623.2212267
2713781903.2704353
2611640918.912775
2650872129.781435
2809990604.023743
2931935297.308242
2935220491.5073156
3010365557.5716667
2730176156.448874
2767355747.088097
2858546360.7012825
2802030806.24565
2777080811.029529
2670515830.774912
2810754622.1888957
2983615871.5266314
2331946951.227154
2706657353.245211
2816925228.1501446
2260861085.425044
2728989656.851482
2718921082.5737176
2719961224.614108
2749670479.987253
2822883441.9444036
2951677415.507425
2761215105.1751566
2888438791.4902697
2868145307.006553
2921850870.756297
2844421112.892579
2775413106.7695575
2809565806.103492
2853507384.559193
2767151603.8526173
3092746827.5818944
2952644050.9774485
2832349432.4540596
2825089737.037216
2922468839.271137
2903537112.9481544
2774759216.901097
2759250109.99153
2705387095.0142016
2701886721.174938
2862788941.9734964
2756598762.8488083
3014883518.6340523
2842161989.569204
2932650289.004105
2700279576.082288
2823695613.97464
2624201591.3103476
2864368986.92787
2732746993.7388096
2726167460.88672
2945373751.4754357
2879683164.0685625
2896923748.9552855
2683845511.9410853
2973060140.8760605
2883004571.929001
2909717792.662763
2827492214.993295
2844352052.0362306
2796277505.5706863
2718838129.330863
2784101250.7899446
2783196648.21375
2657308485.944353
2586076717.0378623
2882560376.187674
2692743414.0549765
2910300261.9205832
2473078147.3601227
2766748894.5172844
2522016376.4162674
2553807866.135302
2574972512.178108
2584667703.553492
2574210466.4337697
2237752138.5918493
2464869579.56959
2393676708.5366693
2727012953.789455
2651575228.308973
2432437208.5094824
3058698237.791987
2471165301.113992
2557651585.8114266
2140894876.1412244
2667658440.1996164
2433679723.1472898
2591486337.582535
2423358915.9386907
2032153075.4460325
2308465005.3630967
2235755536.151853
2037346806.6913111
2133856405.9910169
2073944438.7172525
2638188060.4153514
2601920199.5093603
2585070958.7205005
2245364519.5249534
2496497391.001249
2902582942.53692
2871448147.54757
2858692398.0075645
2975921905.30932
2597522612.2631283
2635482290.3941736
2576445635.042942
2799891804.230507
2805128125.1202927
2723485635.824139
2861155700.08673
2590288504.6013026
2462976986.5601215
2816120500.675596
2234957306.9527206
2340626641.8984685
2416242919.8456187
2450282618.1269493
2512850400.2061086
2513392482.131243
2501005287.737959
2534274882.8159976
2573896261.6434207
2632558381.1421857
2371854461.012712
2618384487.23875
2197805257.976631
2478699269.033926
2277702547.557049
2264563867.669349
2516438877.500267
2049069361.9127545
2147907108.1201644
2779735753.085724
2320045868.684847
2490092751.324457
2588383459.4380264
2498228403.8789887
2461430455.2198524
2600442831.3495564
2596943037.5798097
2342524415.4189262
2752424451.442873
2206430661.9060664
2708311087.386393
2893795211.027544
2895643487.1740413
2558741939.8707533
2880752579.7750096
2838430632.869975
2741571977.9419174
2635105969.3453193
3018727783.532971
2672767655.646964
2928392954.9747925
2603977991.348656
2864131901.865976
2959476144.610481
2794956523.018288
2835295634.041045
2570259693.5720987
2898149127.511842
2792942236.157869
2578656487.6356225
2698785122.334818
2434689115.5990458
2590349887.1879363
2274196980.161165
2634278555.4068336
2660256125.8211627
2868978843.220355
2199604116.459568
2766265125.0297604
2902212270.4990983
2435382219.354435
2702694456.274593
2600610789.5343366
2447679494.6712766
2372330216.3043227
2633634059.618479
2403093472.0107536
2243454861.213216
2846886257.9216967
2614452585.85781
2692719133.8021364
2648486956.421917
2521256936.32409
2420185361.685644
2518053226.0242476
2427160359.582935
2169728140.0436482
2643828175.5940857
2030887279.6984007
2083639296.7289364
2660392071.866507
1946142474.8477247
2538325869.164944
2161438098.118853
1936208859.4924052
2218146078.9737067
2296993197.637217
2078929149.974295
2211899861.3236475
2208605134.3973527
2048683177.3768647
2256693639.7125688
2004409169.6408567
1949875180.7205253
1846872596.3436108
2154576289.825708
1775015179.971866
1852285192.0637975
1956946519.8597748
1889476462.6037498
1634680037.642289
1533206013.0886896
1488094796.6886842
1454458736.3571844
1461116437.180787
1256139488.0448256
1537443306.3095722
1482544470.4987845
1260953099.8957658
1388201712.8253167
1171818864.723495
1563490347.9097357
1794592322.3065562
1762128699.6406074
2041313739.1253543
1600393529.5775888
1710171037.0386415
2020173931.830227
1727158446.3996813
1852620379.2720187
2275513934.338811
2571299566.454788
2311686074.0470624
2325186381.470965
2296865972.732216
2211964839.3258843
2136995503.371006
2142331405.866587
2175883024.19502
2018999503.5684128
1843324810.2809207
1904029301.1122615
2285125481.0861917
2228703067.785977
2268064674.8575344
2000894647.4503462
2420234741.47875
2248309450.3700266
1769395646.458936
2083603787.0203774
1808576662.9055336
1989989457.1795096
1452915452.5069804
1927159316.160404
2051174591.9702158
2132986170.0507424
1867162579.6332145
1526311025.816546
1644152504.451456
1274692482.6702275
1704022708.0276394
1793131630.4551172
1730211819.9500313
1620611115.3250616
1557003421.9820821
1972267069.1932418
1887409797.141143
2189096655.986617
1894950040.570216
1794733404.6361084
1796607766.10499
1994892087.1288097
1679478975.5165057
1600605846.4595895
1322848252.505278
1616938482.6584663
1859001335.0772195
1616453832.1267042
1899771230.7340007
1723925161.6685069
1320702479.996035
1550478844.6469584
1531009385.5865602
1618735395.2507803
1756795686.9459496
1830227937.1443582
1611970098.2186105
1210463593.7642233
1694251383.3472505
1827472788.3657985
1383652973.1257772
1301005532.771672
1375861094.5294557
1278654878.6781425
1587327413.6189845
1511022468.876063
1979214562.1646245
1431103900.183829
1561516170.8306744
1736960690.1238725
1177058932.2380085
1350458814.2619922
1226210160.5479097
1443160908.0204148
925254746.5639992
835696438.9226304
286681955.79027784
991319075.2826444
995121392.1759564
882604809.2370096
288381208.9320039
1141716497.0019064
1301732826.1662393
1448916392.1773367
1425089221.2051737
987199878.4978503
1262652812.12667
1131505485.4784207
1142528611.6089103
1332822431.3339636
804598346.8474728
1408001626.3213246
1410103550.5936415
1382130784.1234543
1509500232.9991577
1712471479.1688867
1531419752.338471
1437209751.5367284
1184607605.2855644
1215707593.8558683
1250554769.8106444
1500729831.2358327
1569825128.5470192
1365206738.247765
1364791228.225439
1872147967.925434
1760176175.1726882
1627536251.4848928
2091225115.61842
2076851179.8306096
2018429535.644581
2425866131.740302
1844127882.4205217
2036948136.2750938
2048477585.594039
1931550202.2826614
1762250811.9626708
1763238260.3424408
1511543196.9295735
1753953833.92834
1383630468.0239499
1407759472.665716
1754790529.7473283
1707037564.6362298
1835328756.9124901
1724883072.0779815
1160139739.0012305
1458004854.4964962
1419159930.3226829
1472389857.7952163
1574241388.9278789
1339679664.1158967
1325723559.0627906
1355212776.9057817
1124648137.4281228
1178685576.9228458
1244794919.3366077
744966913.489785
233290682.18792224
1243847659.5260737
1504671225.2057185
1179546408.673374
1204435324.461171
1331849285.857521
1240711899.2282124
1238937384.403627
1488592600.6809204
1405413116.2362869
1191368430.7142272
1082807041.3028338
914900193.7890872
1066300220.5068104
1348553002.6938138
1161680050.517533
740714316.6112326
901657909.176876
868011423.8934005
1259801222.2865143
1578440214.2029288
1397852899.3172324
1419269208.4167492
1745614360.3317797
1560470020.2671247
1468119128.0422795
1395356812.98422
1106850418.6698582
992483315.6586946
1187308557.245846
1290350719.1974826
1574830477.6665416
1184248384.4050508
1059181711.4264809
681183178.3203415
1069609734.7469827
771792182.3219634
178315902.00440767
983106994.3339583
1113881350.1112678
1219849835.5263722
1158381775.1517234
1024730170.7664222
857979753.0903051
1063325464.0385338
1151975399.264182
1063546107.7020742
862814508.9581534
780707509.4736226
785141478.3955809
1039060870.3689877
1067922158.860225
767263342.8821836
932967544.4563508
1305045093.1814628
946276351.1720233
1332185748.514387
1291983461.6786463
1232329197.4109323
1048905557.733992
835887984.352468
1082082748.7135534
1077732213.3490105
1211784511.0198267
783063755.5078571
965139910.1591506
1054826546.0134462
758548501.0173749
929782715.1180435
1047794813.8775032
767268161.9354038
335193498.24855095
714910895.224532
185023009.1884162
1335855763.4644012
1150957509.4480534
1142107537.1133885
1367486238.540396
1075687514.295546
1377011364.5271354
1198238333.909126
1170549314.0679145
1400052693.1561658
1538423632.4713264
1280975201.6321604
1751553555.8924456
1228674890.8457508
1319418890.2784119
1084435974.8927445
1131066799.8956738
586464637.580562
258341285.32177866
720912838.8912548
302310818.6346381
1150949100.1692438
990271698.4229401
320792941.62817407
993365737.8414642
1434611087.4649725
1234216040.6402993
1319408033.456428
1087795618.7761745
947472984.4370455
1026959084.3036952
820198191.7370883
1218657233.1403577
687405858.8520449
312807332.824243
1041310082.9603701
906826756.7989061
1162328167.562684
891659056.7073067
893071319.4065732
1109227412.8959303
631407651.8858058
317332803.1582259
1083384314.1752882
593303084.0014286
190415366.09727365
732474543.8116087
244759121.48025888
1407711411.7723987
1580725447.514997
1663154543.8916173
1891353717.6754487
1936854876.6313443
2049180187.345837
1954896690.2580884
1882536060.9272976
2342154451.903723
2224507346.1726403
2368842593.5996747
1837130788.8478415
2249968755.0531573
2262204040.361004
2263018272.350601
2092443423.6745641
2428193176.1209855
2623240072.892346
2336120179.1086893
2537533841.9074435
2633319746.145919
2485771999.274251
2540029975.5139313
2260999979.0051723
2692722761.4321136
2654241977.697933
2615847974.8134027
2666305364.707786
2557206602.210127
2577554753.7852864
2433172675.847987
2259504706.4630456
2449147149.9859695
1950034226.7473412
2132617668.8930616
1936753785.2429347
2343780353.052764
2188353788.9767585
1972829027.2067125
1935245717.1202998
1890762991.0859294
1697750052.701145
1525688164.8492048
1985845865.3197198
1543780806.382296
1616984713.41596
1749411341.0294123
1799926875.84584
1918779956.001966
1768118780.9303699
1722014484.470224
2039989295.7221458
2197157536.1434174
1933142264.0847135
2068006767.6253145
1801631154.68855
1943617132.1631896
1483716162.4475768
1494359038.2605844
1651701919.514011
1721352014.9150314
2019997619.038764
1823035709.135259
1778545152.0692022
2018195394.784896
1940671736.8287013
2002755389.190095
1848096135.8709283
1838476824.2513475
1835179979.2681952
1721789173.7030885
1743575922.430174
1668494527.815677
1772668263.3514025
1515650478.3433306
1892970433.235514
2269729903.408547
1994214721.8930914
1952548080.494291
1864021923.5603182
1823696825.915068
1733965321.1958673
1645555768.9787135
1404539021.946514
1734315771.0755198
1632968440.111187
1501936065.1274798
1617159849.6435945
1206743305.456654
1750801470.6193779
1589195700.804926
1798430159.7193856
1625676805.8531675
1574819878.022934
1471708081.544077
1617357715.6476848
1392261523.3388805
1280880286.4642081
1092780398.251596
1600778368.9319623
1600827765.9868112
1629957396.8857186
1534650259.8081088
1238038686.3445315
1647324430.2247064
1524818029.7195435
1968268059.7545078
1762567626.426993
1882792621.5081453
2127748688.600152
1941894355.0471342
2048506098.55053
1499306577.873472
1269696703.6962998
1486838572.656114
1062322828.1152442
1505710446.3020828
1441902516.352742
1241258823.2694445
827791878.3348372
969077183.2070897
1295255529.4955738
1249806113.8218856
1216734659.481365
1334239578.3403506
884609937.9559357
1137144504.8139265
1095602291.3562212
1147223569.0952895
1111401051.9546282
1242132319.4882302
991056569.4272742
1198849642.5129156
927196786.029873
1206286312.32998
1036559224.3868724
1116272752.383151
892710372.342782
246262762.0853745
1009216575.724892
270042826.76830524
975463011.3102007
1336007290.5591376
1392407160.28912
1069471472.7307775
1010073734.8357508
1159223887.6658432
941511224.9027231
1249104798.680003
966690345.2351156
1022716848.0208203
930376308.3398498
327659258.4687189
1345747551.8084044
1200254991.8445332
951719782.8689241
1112184513.9367568
1267676616.6038687
1188253509.224372
1469161107.1966004
1059362946.1903534
1293650980.0968482
1484918789.3038518
1482199546.4794688
1532292537.6144533
1451315329.2446265
1489171004.5576448
1990126394.3833213
1480194394.1541743
1738052364.2143407
2046181678.3069956
1836753359.023224
2319109876.4742365
2207932890.3550243
2386019116.8133144
2066679866.224882
2084305901.692599
1815237739.96254
2010246963.3003936
2032213135.6438518
2279096433.696615
2078772658.9461095
2223013116.795235
1598979626.3432314
1816838402.8751252
1939315220.6363087
1819782494.6057558
1767797206.5361762
2303646396.6681294
2307577543.341313
2077895895.1138663
2569006025.967462
2327003156.4442873
2073143947.795992
2163759383.7572527
2101613412.9474745
2450171607.881793
2455965005.2271724
2556960965.001859
2291249191.714797
1859278783.0225337
2273227906.7792206
2252438656.4902534
2054885432.9475753
2626440818.8368506
2425236856.130062
2374863539.474291
2088492509.550391
2699516504.329581
2410369811.0623884
2473821343.6538544
2309154165.608329
2599559035.446651
2475742114.153788
2079424574.5440354
2510203098.9552546
2596127668.317822
2447963889.2921205
2565001510.5823717
2563386895.5796213
2376791566.7145777
2605896453.853202
2145781734.1850474
2277693980.716141
2776357301.2856007
2448219541.8287597
2043739870.342713
2551415490.170995
2702488331.5878615
2161606187.266734
2988215024.554124
2861538187.9179254
2695718788.693749
2819539270.9475555
2915739619.1761265
2588338070.7750993
2893382066.89747
3038975486.2014275
2753947282.2704043
2622213735.5060697
2704034039.849021
2887388018.4410667
3062651813.6639004
2893110949.4023414
2830268745.5750227
2905339893.182511
2605972124.7888503
2804851424.488125
2920395498.2998466
2949061065.717133
2871695100.4317355
2860266352.870075
2687556252.3263564
2998509025.9611783
2960957478.467036
2869586976.4503074
2493122341.7208996
2735950654.5984187
2875990874.6811805
2753041956.583847
2893284826.346531
2771805099.114173
3028563923.1220236
2831574284.67232
2738340566.79404
2869511437.657606
2874289256.8606987
2644379174.1962347
2827032699.0794363
2824563008.0800314
2834981723.9076405
2618098087.8971667
2622665204.316916
2668018533.468479
2945392405.503827
2830164169.1086893
2918050688.8980365
2786060453.562651
3061091122.123963
2731798336.001015
3012469972.24837
2676929053.8704123
2850866348.570212
2710665827.1079483
2839692868.739013
2930871354.518552
2851282880.071022
2900270190.539912
2291568962.18814
2825962960.398402
2812271902.3463483
2846271679.53954
2773978330.9190445
2926757822.099859
2864791924.059327
2839446890.8750787
2830377338.9618764
2528895993.6123905
2693475544.0016656
2558070658.6962442
2716262500.098428
2660492760.573451
2433088368.5413423
2430339126.8123226
2322832726.5150948
2193587112.111275
2463794433.3653107
2135157528.0733955
2449604696.9713297
2325242358.2522497
2438889832.3590727
2282272669.108014
2612891776.313415
2317960284.201672
2373188029.9765596
2539353029.9326234
2398414124.9591765
3000857271.546234
2130726388.3676085
2780794292.1207066
2254924240.14553
2805148170.318575
2253195142.7021503
2922302216.8469033
2666915019.966794
2775040928.2952976
2864820583.2140927
2700256175.6391964
2900812676.086379
2866234411.6703877
2563364906.893841
2697391901.994411
2799466516.6368585
2693435714.6649456
2836903158.8777156
2383411368.464109
3012893593.2713175
2552219683.8442802
2674326449.6659656
2827204685.605441
3021668461.317395
2858895195.799203
2904804967.347287
3008353023.00944
2592977472.764606
2772417528.6840515
2541472136.361521
2827041566.9570875
2790513547.4100976
2860188978.856055
2207647955.0454135
2622868379.434121
2364250384.1160765
2972859883.523206
2504574635.3914366
2434611434.1984572
2849309119.5086203
2576537304.1448374
2414710275.1877637
2243010008.7686768
2844145773.488405
2818544876.4659395
2888955087.6244082
2450043586.37772
2811413603.5296807
2361032487.301463
2577631737.860463
2505452615.484428
3041680158.7650886
2575663455.3681645
2427591274.0318003
2484572949.2343726
2859378121.5175414
2559262137.9835467
2894353853.2769375
2716926051.817727
2775661307.333302
2787454799.984673
2754775641.8633676
2482169575.720575
2773474185.2130756
2680245241.96871
2602338543.2961454
2382234250.554333
2711312771.9742093
2724367574.0841107
2792586289.481669
2067097084.5962648
2461573706.8900585
2395433692.816333
2713259679.9892793
2415586645.8214064
2490932522.9055
2254787088.8800616
2849584345.5947156
2349842541.1143894
2298733332.227001
2296932124.6710644
2530111618.212078
2308543858.5446844
2611597788.849577
2329522882.699381
2537064398.4017386
2027389629.5682971
2616236772.399983
2434025805.6248374
1665487744.1506562
2354384928.692351
2309589938.950361
2345579933.0780597
2443077243.2414255
2445047380.283604
2384330783.819163
2186376274.223035
2362496334.7334833
1948203067.8079643
2313171342.44742
2021787546.474293
1944946104.2753503
2247329648.7722726
2218026090.1641865
1994822577.5556078
2162208680.9594603
1944664440.9906883
2048260827.9275272
1897104050.802459
1623294033.8764343
1968342430.3707318
2404141383.2328644
2295118205.5481157
2210461602.849509
2116197671.296242
2519085655.602747
2054877816.8842278
1990175043.3366215
2324380338.8872943
2081628391.756602
2281899196.3835144
2027619524.9114866
2416659784.5771236
1840460343.5987625
1446709664.4581246
1677762463.81512
1556430393.6037965
1416109343.1386247
1422771537.8570251
1195162815.9635909
1507115785.2066019
1490656229.3057466
1396893824.255644
1401873046.6600971
1536786831.589248
1232011317.4439738
1483172265.2929993
1541424510.6724255
1186453849.0756962
1374658363.2791817
1173848510.2157013
1287745578.8148596
1282176353.4988286
1387660531.8048656
1399526709.2906723
1067410121.0823798
1094996797.5291882
805561285.9523233
1032785877.4876338
776778503.1326342
860087692.8897693
223823876.47891143
1118590470.8156755
826680679.7611783
302718044.0160519
1213458572.7087865
1143154286.3900733
1420487394.9906073
1243339836.0482833
1317957578.3633807
1043537608.981999
910966131.4513369
843712999.4895899
144318807.11487004
1038827899.1510559
1168910296.7305567
894522335.3486646
977142848.5859444
858244965.8595256
1230864641.8526597
1053772781.1365798
868477639.298546
322036432.78807294
886388603.4049338
1088919936.976495
861816619.0816286
915605432.2554529
792301931.1100655
832056779.6583883
260339961.42408782
1412781031.989716
1534270725.6123796
1286592199.7084076
1246161921.895612
1317675123.4248493
1657111522.6497824
1388344328.0056608
1155496472.084589
1496251693.4088993
1558467606.0706496
1355766349.3389444
1519589628.297006
1600386910.6127677
1172568928.0907664
1499682132.8017335
1304143542.37918
1370353588.2493143
1309618343.8690732
1232899699.5111444
1194190544.805737
1213697220.539514
1367834009.3290803
1340809249.4175792
1767869025.5320113
1611662817.4938865
1309867160.7577913
1513865418.745008
1161721634.587765
1813178828.2558405
1841967734.9178817
1899691227.358
1702639054.081011
1982471259.4173875
1645156339.9122345
1880926147.8352544
1815536610.8966193
1931224153.5895026
1770931702.3119593
2017340391.2345207
1829435159.643268
1712147529.7368083
1359575095.4023418
1652110951.4549637
1585189804.297558
1573958695.290457
1629149491.276954
1364728430.7013206
1489710829.5142632
1430976312.271208
1651964548.020204
1360182050.132564
1307639099.7413456
1359687309.1906407
1457706055.2299066
1628169869.2223976
1676187547.8333538
1983458409.5433888
1610571517.7277217
1608968138.7567024
1908695682.0029883
2082378901.4396603
1865449100.8167393
1968692374.0986686
1852204741.3236184
1716399677.0673616
1862031533.0358446
1975644573.1964867
2010561035.702556
2278707273.734609
2363005421.1154337
2285023357.7385335
2267941650.53612
2006612943.4557402
2107484784.527684
1913426467.3685527
2097581149.5001812
2357491846.951059
2213037507.0259
2006932009.875875
2323157632.819323
2240701511.5766335
2139675481.2575197
1993782559.5510206
1475628699.4627097
1777240961.095628
1782053819.8223622
1647295445.5640976
1902195739.4752991
1885582514.0156527
1554545771.213618
1599056425.1960459
1518016429.9352713
2151050622.9726496
1874977833.7693062
2110228273.104856
1707506057.6523983
2244475751.751919
2001045069.332049
1594103795.6486807
1388099667.1987443
1383569833.8154633
1664511920.9914231
1491656266.3070602
1556729342.6073136
1634609551.8195796
1825538735.068669
1602566733.840103
1306665224.4278104
1358944588.6340146
1026137554.0361348
716102927.7774799
971342075.8389702
277023589.67102146
1364674534.5800214
1323548354.9637296
1351612193.8874414
930121253.2948323
911385950.6189281
1249323138.672049
1476768627.198192
1354009408.6861904
1072374542.658077
932686225.9939321
1003674558.0213381
1262329818.4183438
1380558257.0745203
1263644575.7212584
1496476208.7636993
1757093366.9337814
1614730612.3234782
1746488997.5635068
1411340428.3146966
1183612803.175605
1776030133.6762455
1889199998.3289738
2278904235.9385695
2077155621.5447824
1880015757.4831016
2175363827.0734835
2010487916.5970757
2300819835.3748655
2306601946.922729
2135450939.278503
2131745413.2696676
2612729713.0663834
2249035410.520232
2362316529.5831833
2561723286.822791
2565130754.5059767
2484682943.09431
2399430549.756777
2382065443.328207
2583959900.3300085
2838387365.1307073
2633913880.9615793
2778776621.9668875
2373276880.228049
2168670352.039242
2159205735.260465
2238590204.1752815
2307678197.7630334
2357083812.9134846
2080755568.771191
2568914031.5186954
2721332812.6569357
2436278770.8147445
2116763292.7685525
2369395203.7699504
2353808585.2689667
2457845104.4897285
2362600621.9606404
2347611946.2208357
2424758788.1389484
2448859043.2463236
2391111202.89242
2602309874.711048
2161918298.035496
2127652265.67934
2098215348.3654754
2187459390.671212
1834250866.1437528
1926020472.8395321
2283041098.170806
2246922814.6201067
2217643070.8137884
2522186557.5826497
2503980362.328768
2740011755.7442145
2520207939.852043
2849216491.8115144
2727293409.5741897
2505823089.8152485
2492288359.7211657
2205669360.3077583
2628295611.265756
2458506971.2901473
2620925161.024368
2797063802.571782
2823830971.2776637
2652104624.628709
2634343847.8104167
2830769307.924845
2817440616.1587176
2898064786.5077267
2774030942.191925
2483613515.8682995
2675871687.218373
2943114127.0260625
2980455156.9873986
2724848169.5349884
2787620907.608326
2558435822.9045897
2920430826.48333
2710079959.4400406
2717200978.2176614
2801114217.6436725
2750870942.944678
2793594792.954686
2813276923.169156
2811246403.3917646
2865328571.440151
2912729554.4681206
2743210169.8934436
2891544872.255672
2913165515.742948
2822313654.1625285
2989395265.693597
2862527635.524866
2904899371.8344607
2750646607.3537416
2867576124.519451
2825710720.0197477
2889238740.367561
2926675587.8423085
2741141766.987487
2834968403.0094137
2806779007.0983415
2900543431.928579
2906430465.1783237
2669305020.220983
2793962383.002506
2886050116.0227113
2804946010.8905253
2853895422.4623613
3022857873.14787
2713214036.8651185
3039416296.7958026
2957353339.0324035
2873004481.0023546
2729661223.218588
2968052411.630449
2990455491.416052
2650713078.128157
2378425164.114084
2425536443.408538
2398742685.4596825
2265543535.317352
2254856144.8388996
1959292405.1959844
2066976557.677114
2615781572.547405
2584911536.979066
2465057302.4531116
2819849711.9266644
2322354629.2971754
2493254725.928838
2725714769.2348614
2849231669.0258465
2976961779.0036454
2903836226.7735486
2885101417.9911056
2682371142.284485
2853585498.4458685
2704982271.5499773
2683913136.2960815
3020409197.885758
2829657654.101529
2597539882.027013
2940322800.396176
2616639663.1588283
2763009212.6298943
2836969021.2341814
2674119145.9589324
2545330575.056856
2576920732.0657396
2522883545.374208
2653276698.0092053
2575357648.0005007
2625576044.526308
2912855879.4822717
2720199311.593497
2552085788.469962
2916310483.3203306
2944398766.6808176
2837099227.500823
2933011354.0150237
2812355277.9257064
2801179440.342697
2660825262.678678
2913425064.586029
2729364259.531428
2744118149.3364854
2880407503.6130185
2654906838.1120477
2366408563.3805194
2948507693.4947686
2453005918.595962
2739300908.5271964
2860278520.247406
2736040349.9675703
2698203473.968452
2776476038.6385117
2824512747.0422444
2612332915.1056304
2870742947.087598
2713929342.9850993
2610611679.178036
2790822668.3654556
2927010303.790803
2870226993.08704
2798768111.213973
3025088708.970002
2433600761.638844
2842004237.765175
2726281640.006152
2808677617.4217653
3078665320.2755146
2623265301.985571
2930599970.9843235
2901797313.468604
2848081721.9123564
3006007823.874807
2772796158.1031904
2759611691.4974794
2863307122.9122653
2954323201.072954
2910521707.171224
2920671200.2169766
3026199677.82279
3121063851.068474
2980021110.512605
2761147726.7041306
2597487154.661123
3044769657.195847
2854576647.180505
2942200614.8720217
2816049512.838773
2804406053.911788
2901035905.0649595
2915287536.6476045
2961856466.868402
2913099113.7853346
2875199868.20815
2815775282.32813
3041627895.245129
2861089994.5005236
2750419175.3541107
2884400826.9789615
2812026276.180217
3006470079.2263308
2752316976.819372
3088705242.1323423
2774831322.887792
2804375577.286225
2996769041.0496836
2748642010.7054725
2922978124.2733183
2871548844.8169413
2821283311.6045218
2806635909.7102118
2873492247.8255196
2814739432.7765307
2771355846.9902554
3059410585.501804
3001706152.339248
2960200918.180574
2923118678.2182217
2858164700.1292806
2925420071.2858167
2956159319.2275624
2990165183.9401293
2814386514.464655
2936443607.6338177
3068514947.4260893
3000635842.0357237
2872689010.6634874
2880825042.628034
2603197558.861789
2937809263.8145375
2912146598.817982
3024967953.8291817
2631227472.96771
2780080605.988644
2779528584.0918317
2780214879.706621
2950262900.479068
2912089188.0558004
2668954945.4934974
2870830636.101473
2966259251.5740237
2842636659.542891
2709204340.784387
3027868478.619553
2878887042.806664
3015482359.090644
2799880484.714073
3114190260.4497347
2875852854.2860518
2765329713.320573
2872406660.146075
2781103627.7033024
2970291923.379541
2764110481.619982
2921223870.1011786
2909349962.0781775
3053455976.5508337
2775553521.0463204
2857921393.3935175
2977394473.522295
2596704520.005918
2916009844.6805596
2849578196.674479
2636622450.30007
2905149670.036473
2820406475.755298
2911538454.1374354
2975727521.1344676
2661860407.0825367
2894477851.3976183
2764995280.430932
2832946822.1710424
2902663852.726705
3013430667.728645
2896970142.832014
2786414799.189668
2924088271.219135
2674715350.295057
2822785233.154076
3097986837.6920643
2808039854.9107614
2907140110.893241
3034121241.6593533
2970953997.271775
2795090446.09048
2806635831.141702
2858775640.066526
3016944332.171481
2894609552.537991
2988878985.719424
2995978308.712707
2817879763.447423
2985432920.4039826
3076488522.5507016
3031861944.425444
2837252120.7346497
2981280765.4980145
2854137001.761412
2883572637.005079
2996080685.148618
2906642510.8930097
2878783041.3424745
3163584206.216168
2965845460.5809116
3135252746.6865964
2915440790.124169
2829925400.9891567
2812899586.5117245
2886352922.188083
2969518880.5269384
2866653741.3649673
2950462086.901985
2939475780.5722184
2785775563.9431634
2771330135.9424486
2883578996.0302973
2936085134.305597
2748196782.7523456
2832062947.6289635
2901511286.5686173
2947731920.343143
2853245657.7995706
2853452877.56258
2778510298.12488
2757380078.192408
2912123159.2852907
2895830105.264292
2860536841.888507
2950428594.2897215
2820730293.1923594
2966772439.409114
2828777564.4452715
2947779194.5212374
2896078953.0287967
2867126982.806203
2924451072.178292
2717551273.25977
2625514733.39259
2770003991.90201
2882882833.9173865
2610671055.786283
2800424126.8510327
2800482916.476049
2697404778.201191
2934830994.87297
2897838948.893192
2946448067.51351
2832872859.673944
2956965721.3971725
3050024347.8972073
2924558679.6501875
2866967001.03717
2862795501.5480614
2595052601.899268
2847867012.9864693
2797721185.113644
2768351308.4367547
3004107207.5135255
2498457357.4822826
2886499906.4279494
2565398350.249388
2567992550.7737117
2781161025.3459725
2915005532.119218
2824732212.6766243
2638292340.4576416
2545969378.253332
2736829595.2408795
2634400711.188249
2746454945.61845
2786268316.849618
2614034449.201103
2681017152.232138
3025405648.919554
2474421722.7233343
2745668180.494291
2760839043.7993183
2747274844.545598
2768898519.90857
2878181071.457569
2879033538.2438126
2668709514.7520123
2600790839.894117
2909539150.7829785
2669362177.040962
2727847342.8150115
2386558216.3435473
2801754045.776274
2487922496.386792
2759011755.4426656
2646744638.1231174
2700545646.551123
2903057081.729558
2397043574.652905
2595828016.3764567
2785583708.0720634
2762193866.616067
2528873136.626713
2855584109.393459
2806389037.198971
2658034637.0480223
2436299323.2317405
2816805128.8444495
2427794277.1797123
2098711735.6740503
2504106449.2583466
2492640397.9383683
2008161020.5182657
2051484761.3412466
2282817809.537152
1862515529.5679278
2042365447.5766394
1824042634.594902
1681106963.6553016
1995842622.1200519
1694321831.9043179
1609029077.6255157
1641932909.0367146
1645513099.9765065
1879575812.5041163
1762634777.1028798
1355197732.2540214
1305154030.585513
1210757343.5629947
1301451032.979799
871817307.9766403
274904286.65064275
809312345.1704956
255141995.6240722
1363794867.8738399
1463685537.4285672
1329811567.3768237
1406187703.4188104
1199501386.5845594
1304502573.6102793
1139917130.9124928
1174890756.922114
1171860037.2966664
1521582995.718946
1407729154.9321632
1109614882.2285433
986151140.9227021
1094957153.6165454
1294664776.3330443
1288592581.1605859
1228382591.287007
1140894295.7969527
1258401794.700564
1153073186.6458845
1035377888.3055997
1358921619.548916
1554784280.2529202
1438209213.8357434
1385347747.1565688
1591090311.511461
1569453285.3800008
1533152033.8746438
1754934952.1513014
1586619063.9455385
1871365875.7606099
1686192892.238136
1790349924.678625
1880707156.5604227
1708143818.782445
1680753415.0277226
1508781435.3377962
1683448513.1527865
1725715975.5876405
1392309747.8057847
1488145880.0150673
1492460313.4057784
1629347583.1813788
1611854509.9514153
1431695238.6122892
1418256234.4726934
1198556890.1068935
1110014647.3730748
936467939.0446825
312305511.0684899
1601299903.044259
1552235456.1344619
1345237592.4066072
1201891475.272644
1135144606.0731032
1149798380.5407205
1216910022.9344847
1081795122.4636996
1127085067.6819453
899876555.4545279
1209925233.0462906
1358981003.9233031
1244667925.5156593
1177918444.6878655
1380520824.9511442
1567203656.544559
1462768233.5554025
1386671451.4338322
1199372692.997693
1137147267.2313673
878126233.2523915
951154414.7358326
819571100.3957264
207671658.31600684
697685137.5798981
288856002.3898828
1068793713.5471933
1142681262.377964
1747989357.115205
1474385504.441701
1163235575.4755583
1161465108.1700506
1129521889.336565
1061824929.7582563
1113464850.0275574
1035129422.6089349
1247636370.577344
1113880274.7575293
1601310331.4788005
1629051675.6708653
1660026132.4015186
1551778080.5211737
1224454578.8940613
1207081122.6424022
1164486851.1470518
1253896626.8745806
912621169.2528956
812904832.9746695
978206101.1928427
1055665794.0464555
1155881758.2175643
1162904809.0929315
1134615241.255897
994101506.9412743
1253890603.6000087
1340701608.9013672
1428585007.495394
1449972683.468073
1185112320.772638
1503348660.375217
1030810113.0180528
1224139647.8633745
1277332516.3118708
1334771840.59133
1174500672.1329083
1095462051.6891098
982695345.0109384
1206106543.1825438
881007222.0346497
188844001.27099377
889146784.2803472
1342408579.2659657
1184474342.2425685
1059408491.6391634
859202139.4975283
289900402.51218593
1165403544.9155254
1231029167.7064497
997757207.6214566
1368651222.290951
949132554.31966
1606359313.1576421
1556299839.9237978
1789604023.8436937
1587097423.4421732
1538476784.862617
1238060283.7408774
1190207872.1731822
1273678501.5424767
1227690417.4307764
1340363311.9277084
998927762.8197482
1356269177.296672
1516426527.124906
1304868344.4973528
1563955237.6299849
1270588303.6946967
1535314282.033906
1539248749.364076
989686740.2872118
1414414368.860618
1880288701.629805
1004329850.2872593
832605649.1413643
1482132897.886213
1213357250.100703
1461520770.998794
1460801037.0520647
1061017160.546246
1239771015.4935389
1131930084.1308231
1244965006.4338267
1127994204.2535796
982826819.7384733
1179026651.0190237
1523003598.5256038
1309760480.4927497
1617280353.1229792
1766421979.2465897
1391538863.723561
1030522825.3975195
1226538997.9649415
1038150920.9527987
750056131.5090461
330916971.47465146
1164578049.436186
682748409.9615674
322344164.0126858
727575779.9666032
281204335.10186005
891504563.2187345
808408498.0353568
906155209.8188959
1175429066.0533695
687669730.0513839
255497487.93923274
1282007061.263652
1098441492.9565158
1297174095.2784264
1361123034.4452593
1102500936.1365752
1437325489.0023973
1127118348.2108502
1167016156.9611614
1513210197.0948992
1549473904.0319443
1324580884.277414
1616219989.183753
1343696386.7480724
1714381628.6493661
1079960388.4584355
936535330.6990353
1385316698.910933
1359378637.4802542
1638942877.0913937
1548119181.2320507
1834825494.0817795
1700929837.753195
1971254602.9369202
1822372897.892132
1671587595.6290035
1689061307.7168224
2086681522.6825874
1841422053.2313616
1769078164.2858977
2005702638.0692565
2103359927.1001725
1901983858.155323
2431533714.536763
2201990703.5984387
1980701098.638297
2233229087.43743
2408596456.9430428
2249960493.776562
1974790474.7129714
2068763886.3144925
2026252624.2469528
2068748652.7912586
2367288083.91841
2262735290.4050665
2527671650.5817695
2164919473.559461
2684715137.524124
2334646749.602618
2560853322.555321
2438983950.455999
2311899970.8692803
2796562601.0910015
2361690880.1725416
2682634806.9698324
3046250606.646638
2738933599.8814
2845903445.3311596
2834643789.2446885
2523802107.9374657
2718535841.4579115
2595393550.645717
2818894888.3520365
2699218688.6448674
2370052673.294426
2839266526.390274
2233331401.987935
2552098689.069083
2259741903.6540403
2301841211.2580414
2636669438.256235
2035140906.9099088
1969275620.139149
1773810992.0371575
2093627982.654442
1618850226.3384845
2514579430.253187
1739020150.6899252
2149875446.672896
1932591335.899978
1835189525.4630592
1460172917.1001725
1617357449.4180565
1881521780.276206
1995189240.0411031
1882310066.0147178
1792477129.814418
2002308952.4217052
1933253284.9001665
2101190522.5736244
1750848811.252546
1519987492.3865798
1802757160.1742928
1888361864.464366
2201221670.1956453
1798438064.7326958
1871398694.2120678
1437416218.5539632
1424110016.2413855
1437773477.1576014
1491128396.1084218
1109294361.1397297
1383100319.5049818
1566934571.9037986
1769907897.043597
1698670340.6601417
1832713453.8143435
1654649666.0427012
1673871854.5198493
1967535914.7287688
1885214259.1688805
1701280104.1559265
1568025782.390358
1253301862.8075461
1397194354.4323368
1585069798.2664673
1438936679.1400716
1972933851.1179981
1915574910.0217738
1807449783.6891077
1546431759.1674542
1919042294.9197898
1559112629.068866
1208589671.2100346
1661081577.2193077
1687739469.1658893
1453107739.8143919
1821161832.6556816
2100901889.1795342
1980275203.8276904
1888581137.4611523
2196670926.942071
2022045027.0459113
1944332504.4791408
2006178075.6350298
2055584009.9301195
2073322117.9842668
1913150916.75398
2056243087.256777
1591968223.3878121
1930077244.158112
1489036913.86087
1573240641.731319
1533804585.2734418
1648086999.8126872
1581223029.8672655
1313223282.3996117
1311200674.4134026
1691955777.5770078
1697604618.2845087
1800984327.9922438
2109401896.6538005
2002752313.1283083
1682439606.94897
1731454279.6701355
1389021648.7154794
1095473261.8145611
1279970025.6131878
1133653543.619182
1325798695.0030875
1018053224.7414942
1385073443.2888684
1504447799.4210317
1225237479.542707
1229780685.638338
1288084737.3483195
974287807.937805
1011734029.3134272
961401780.868511
1255086475.8292184
993236564.2286257
1348709420.4060135
1262684297.2410803
1058194010.2174059
1411302151.6915936
1396596111.9636009
1475092361.1202667
1933595485.5984275
1483072831.5280802
1524175247.9927979
1556987059.2320428
1636363868.2579489
1495169129.1719277
1648921516.4562795
1440321315.284874
1451134096.907731
1767868520.5072563
1451550934.8526704
1692942993.2756932
1982598799.7330675
1755901057.2061493
1748710884.4306498
1943836486.0608454
1759893620.7712572
2401527664.457515
2048440585.002297
2145115117.4597137
2376594022.661122
1886985260.6390903
2755215840.4558306
2440875115.0064144
2223879480.2258286
2537222810.192672
2426173521.2827086
2468378106.0436573
2121631416.0856552
2086244622.5419774
2321621585.5490065
2110658641.811427
2141369733.3770838
1764469429.9750576
1767571835.4606662
2375393655.919309
1952421848.7149305
2243975481.92262
2071092553.3443236
2404510434.014657
2029507511.5601711
1733380325.8669484
2172225509.3929834
2154151707.9891577
1637327145.8857582
2142848003.5229745
1946538758.142682
1601074423.1777148
1777221601.0543804
1628373389.7293189
2181272607.439538
1803165494.9488153
2356233362.0506673
1961854581.0706768
1854946635.8647554
2125215190.5492113
1835328163.6273394
2132861310.2365763
2118278771.6780155
1928414508.4057908
2107617423.7743003
2237801756.8488545
2023515819.3041024
2017011040.9669194
2114919102.2108645
1925900165.046236
2078524955.6314354
1856280812.9321637
1742972369.405616
2039777957.7736318
2283942373.1526427
1976317259.0560338
2221413239.9718776
2153390695.6701236
2142975966.7209399
2109503038.6384375
2116418875.789137
2052846775.5877185
2341349810.885055
1848757139.1215372
2231522867.3941336
2386149738.982469
2227595275.126366
2217808092.6638274
2730295407.56032
1842392060.5399275
2216567903.4801025
1687844651.058142
1743739706.3827322
2193156909.3955383
1928912725.237408
1640539408.9628417
1795945004.9058719
1984276639.7414284
1663771665.1734202
1714776724.027433
2040027381.0557966
2163609271.6139307
1959385233.3930724
1833885760.0605803
1896860944.2305377
1794322404.101302
2622148931.252467
1919762254.3148742
2093897631.29753
1848003530.8968425
2078780280.5802796
1927569194.7572646
1633537939.9481072
2387468649.013835
1726425544.9285898
2006124733.427001
1997899384.632854
2073424611.9948218
1938604715.7406926
2427394762.779397
2245623137.6969814
2201919072.522954
2630898227.747846
2051762794.8450081
2537189563.365366
2034661258.6966553
2515012350.5506034
2165729736.5994563
2217782993.1788225
2348376400.335719
2024189567.67304
2168577386.1525726
2353445529.4989204
1878086243.4755168
1822862669.1862435
2669041002.795932
2372235503.6100535
1942155950.7827442
1961027814.6924849
2452255507.7186127
2356358042.6775684
2206196955.137053
2124955321.521817
1940983956.1842494
1965584275.719588
2097520008.2367837
2263671414.887956
2373394358.632202
1976868279.458715
2249964046.928935
1922377096.9452612
2335048111.2339616
1751802175.9677303
2126024239.6698048
1952829924.3608353
1805700683.061142
2016857791.716007
1819299533.6762283
1536161309.9942245
1469313487.15288
1488546628.5452847
1918221724.0191128
1593803264.4517426
1456544853.7471642
1396152035.8039026
1240827766.138127
1266294253.7491784
1345341889.7034898
1199945241.9738147
1368038454.4325147
1066192776.2919471
1097041171.9297817
1036578178.4741818
957700083.8978645
1030601567.8263361
1228061756.3757598
1238342674.3630245
1269093927.5727272
1509353677.0847776
1668618658.0667396
1687276591.9875267
1504774026.368858
1157482834.9019935
1116246641.4902992
974345460.0950266
1303841676.98095
1406968718.315394
954928169.0635478
1051940052.1033845
1149749247.681566
1297888565.3927531
1377339896.956269
1387984367.891754
1786458202.247425
1647863539.293177
1793540300.4247131
1768708248.951403
1850014115.4140198
1999720745.254448
1890124179.690464
2294912915.4158807
1864685895.9590209
1883870414.690116
2009446102.9835973
2014192063.3588078
1847923732.9804113
1636435035.7582495
1776365965.42589
1321683609.9090006
1558699310.9648387
1494423503.6549158
1736330046.354978
1085646079.965386
1418029477.3854375
1268985146.3205602
1115052953.2556922
1020596675.1625283
229659707.017171
1343344071.6460042
1171686953.476339
1224531243.8184886
1107851870.6289694
1345461930.2987475
1430825615.8658657
1477547421.973845
1587331347.8162637
1462221649.1728132
1562947314.4004896
1189483833.051044
1399360037.160745
1510803415.0746624
1326623112.3216894
1602962792.461867
1635356443.815353
1465722341.991562
1470547588.194867
1289414943.475685
1691795653.6954405
1543030078.6046007
1851644256.1849844
1558703813.349933
1588994044.928537
1608176245.828373
1482501195.3573785
1212479336.401185
1253387218.313891
1364412689.7149143
1487839168.6443305
1405508719.6163516
1704599940.830574
1948902574.0586298
1686307573.335309
1679222267.1040154
1705670065.089226
1989785012.3933232
1836707008.5696728
1781128301.677703
1761093483.7346992
1622770351.446178
1932083826.5197744
2066221436.4295225
2070921080.786551
2169125745.46336
2259729579.2869425
2175126299.4261556
2312396510.5176516
1950045256.0925193
2042883249.5892646
1875651837.9492695
1639891412.7636762
1971651517.411163
2484785519.1908803
2434426404.6196623
2667808782.4538145
2051083269.2576573
2054843068.3827016
1929950994.621256
1921715420.689144
2041869186.023372
2177239670.043499
2518046475.5852623
2072559981.0597875
2432847216.0760126
2699968230.5319967
2165670663.475468
2297149474.648103
1994450269.9851084
2481306161.650721
2402251666.1907167
2167136957.390798
2262203235.3922987
2211447025.9656916
2249399790.939684
2708079001.439078
2009986736.1493652
2248888479.9837947
2696791983.4675517
2366703335.7397213
2278261776.998201
2618084013.877297
2007440331.2952528
2660968271.1721125
2235111389.592734
2432143535.6285424
2015303140.2701561
2071298771.7896554
2128748396.9157617
2659178740.837091
2199920288.6423974
2300958087.239698
2105495045.9408891
2479221918.148158
2351662301.1481447
2005362631.067639
2430785104.020908
2447379306.6121387
2296439283.1247177
2795759100.914541
2182984014.212774
2630964332.171861
2123495736.2120235
2439906568.835456
2273597376.49714
2327601297.0131764
2263921243.2574387
1942703872.96549
1870366208.2029734
2219856842.37275
2003948513.6328487
1695549531.6788077
1870185763.409926
1658020442.6654115
1948087981.374175
1544511406.9132688
1742455816.5289676
1972417370.2919598
1672547347.027658
1759441800.625671
2038271168.3174577
1995143631.3899133
1930219409.1051056
1580145262.8457286
1278618876.9053988
1355215896.041902
1615912125.085636
1727347621.221092
1969740025.1712215
1832114313.7548788
1675839104.3249543
1895589329.1170042
1625604150.7696042
1685015010.898792
1834016018.1161392
1627395567.7774286
1157629555.669702
1502160140.1225617
1440101867.6435888
1427462754.6502416
1172002301.1830032
1094204857.1039324
1238706911.7751074
1180528888.6506226
1514457569.6678813
1741384152.0036454
1623392580.6369565
1767066726.29774
1818936472.7876344
1961960413.7002463
1499336925.6938336
1820528438.0695047
2027225845.797353
1766840877.1623504
2088978269.3462372
1625423212.5751724
2155704559.5571523
1950264510.4320536
1677346605.6551824
1910238192.626776
1805086361.9678667
1743372627.8841228
1250458783.8126385
1779099692.747145
1669848889.960164
1948051667.741711
1685804770.8947186
1852291877.6343672
2006785687.623497
1692550050.7562127
1646234893.224862
1603191937.037331
1449961971.5766866
1481043487.32086
1488505608.977128
1834906668.5149734
1633805914.4042115
1719711645.906149
1548083584.6784055
1355142235.4968863
1221397827.9182768
1497705262.0720088
1080562073.1271663
1306332867.4451027
1468839287.1545382
1138538402.7104557
1045144522.8127191
918539938.2361577
844372168.9374564
837743250.21365
1280037225.3737886
1102493964.735599
1061936163.0140071
944085741.8298069
1507216136.9806175
1355353356.465532
2002166893.0520663
1871655590.5781994
1735036081.6060843
1896127535.1480193
1396781155.9450185
1921602768.313557
1803306567.5174685
1833286070.9650166
1685679435.2406216
1636982739.5692756
2051767595.451936
1566886275.8569815
1909659951.2336555
2040311200.113395
2210161007.6156597
2293428362.737057
1873182875.1957366
1976687852.1033654
2264235128.592659
1826568887.2077415
2254317692.8914695
2308943892.152611
2081889303.812552
2186478303.927965
2028452544.7998407
2076173940.993401
2041989448.3388681
1860011978.7088666
2118022616.7967715
1680221948.7555263
1644394213.5939379
1840350154.7570946
1637036256.2865226
1485747574.2678614
1863297070.0389042
1981771091.7668958
2138743072.6760097
1806552928.4795969
2157570338.726087
1903283869.5836887
1693192872.947488
1811032891.1040359
1507937772.999209
1582804496.4534583
1793335794.6864257
1632931619.8721247
1551715356.9392643
1503002049.375563
1468536967.864087
1507982440.8283174
1226508551.5847712
1596768555.5641208
1749247441.233525
1898999867.5717492
1669010518.841689
1995263996.1678603
1631148993.7168114
1422769527.9779406
1603253977.9816258
1501422656.9939
1729057716.4511106
1515012707.0907829
1815779744.9580452
1230628624.586159
1597111490.579699
1345000116.8690248
1352535105.7938406
1255932937.0732508
1632340053.6569679
1353557783.9970398
1430221459.1436858
1214234447.675404
1216012871.6389182
1187820465.8506021
1328040397.646399
1296121502.5116963
1059945010.3476547
1386034062.8490343
1453633793.754946
1256661233.4074736
963184519.3353555
879901003.2795396
1070257396.1675258
1134534409.8670938
899527532.2388165
317833289.3483414
887948465.058034
310673152.8446173
1040099314.8063742
193818659.07807386
936045522.0031875
1539606441.7858763
952900936.2401402
1251416263.3435454
1217238630.9344203
1005295222.6732475
1092200469.283617
301988636.53134775
1280669552.1232936
1639356140.1626885
1520046731.166685
1485718227.9971354
1273392935.2115748
959466955.5581813
1142164395.2293222
1284579248.8557231
1061859887.9271591
308469272.0038998
1372571482.6619267
1424678330.9377742
1264819406.518851
1191381223.843502
816107128.1646204
326949987.3730553
1133267562.6478963
1053741051.6558684
533962226.63298136
194329272.91048294
1040213497.1978588
1260619657.4188092
883943367.919089
258663715.74959773
1326937572.8400323
1234801972.8310475
1511660768.393977
1428054886.7506056
905864159.1347095
1521373934.3658376
1260119396.9377124
1339516125.8242853
1278647675.33521
1842599476.863942
1845656570.3638186
1877948651.012631
1874311521.656238
1867101949.4345825
1867023779.4166923
1685705399.5402567
1942746127.0875914
1957014191.364872
1693470809.4515252
1800260353.913489
1710942670.0488398
1666050888.9760191
1452238262.1560936
1269527958.3793335
1360511461.473442
1399662629.5665836
960977841.1224467
824370844.8262085
275497028.7618981
1120871253.9415538
1060288227.4430757
1228068801.51097
1047556355.6003997
1392406990.2258065
1372789348.520789
1168025809.458066
1212660086.1713073
1505123544.7770743
1591448232.2928238
1540292168.683823
1283870723.9912574
1290332427.6426165
1476426466.1658483
1128209892.8450682
1039008486.2551484
1170485115.0660791
901637969.2802691
311656072.6893304
1143637902.8298564
1093628076.4267097
1297164420.9555373
1098815213.9258225
1554670384.3193803
1405367555.5935109
1617149818.639162
1587349514.6809282
1203112918.2250817
1535440466.1171074
1736581522.0336862
1681268079.7801454
1379897080.8337207
1610964314.4771895
1846312020.5438144
1883172565.8399668
1537757513.9922204
1719263684.0300753
1361842718.81243
1516481751.0431492
1339853980.0027554
1664696751.8860464
1551930765.1969044
1651408564.054998
1510829920.734365
1572954544.123152
1699637228.859292
1807676381.0106149
1681384889.9690263
1791904910.7941308
1772009684.455351
1678401888.8937552
1575768727.3732026
1892349966.0750625
1974081871.9177105
1866493683.458004
1749535683.9851477
1654245022.050465
1562415532.8021946
1488430354.1616988
1525678022.4974525
1180662262.8009005
1485120368.2420087
1259161443.2342727
1299917309.258953
1279332076.8494024
1341907325.8074615
1593576682.8023846
1282331923.5067098
1278068057.8528352
1287791610.4395885
1312028458.0447366
1652143131.452384
1103315427.3338988
977680451.4584813
1098581372.4598594
1017655124.3003547
1064143623.9759369
679579695.3641287
263211910.47249222
855410679.4569464
261836624.15886927
1268221566.604551
1164244209.7284026
1095467319.529715
1331050408.9147432
1114081810.7197635
1277771485.529243
982026587.5499736
1009182468.9172518
1105369493.017993
1047181956.4845712
1243675505.2720745
1223351963.092719
924123689.5452404
295939457.61283535
1194472595.243985
824754631.902143
204890896.41158664
1181560035.855971
1159549564.5689006
1007013815.202552
1075347019.7584937
1121401072.2503707
1275118395.5858963
995756798.2396187
534328314.10875577
333549665.4180993
1221615702.388193
1537110239.940251
1481771480.544956
1552666525.4318495
1774808065.0931454
1614778256.6938646
1485827094.286424
1513158954.3778646
1364815090.5476565
1453139629.5999246
1537838597.7496247
1818426042.1010544
1554697532.1234953
1305398420.0812151
1108888915.184896
838630653.384276
347440176.62595856
1083847801.226539
1010194668.0084834
840480341.316477
203487546.87719676
1232300626.933925
1002519281.5574973
1007857343.5346051
1026048905.3430572
1068710702.9477654
773750367.1292728
125842404.27042842
955960885.9019226
1356715724.9235396
1526435679.9303417
1277881625.6918607
1073545767.2765939
1310413532.8581169
1070653499.0255611
1564868588.415033
1230265082.7287018
1115152729.0919373
935492982.409889
1334060575.593658
1331460269.7332218
1300352852.8168046
1384632001.950697
1616712881.9481897
1901274575.04601
1588017298.8155186
1593541170.6897871
1490971917.5146668
1443490622.79214
1707411132.7957702
1416984963.5841703
1124348436.3340454
1262629182.3959115
1378331083.8125443
1291420097.2199872
1491891713.7561269
1295453150.3488784
1263711116.2265053
1552564148.909874
1219004551.4490438
1270759384.4769008
1062173020.7016671
913302276.5840473
1267506785.127886
1307552655.2839472
972911500.4819227
954601609.3226805
778770172.1173861
498124622.04699963
341249150.9048991
1006220905.7983555
1075661847.3692484
1187666459.5996046
1070170629.5584786
1284692355.1780808
1475819350.5546994
1408112461.7332344
1556333139.875104
1378942829.6071818
1739812266.952365
1589504585.857806
1527498887.844746
1920155684.3597167
1758337602.0592945
1360379376.6795642
1183950915.1345468
1194910271.9824705
1194920502.656138
1185808967.8110209
1114062768.3451488
1099185655.5544434
912419829.2068713
169511025.60192198
1194065687.0975978
895774142.0744674
159650961.63130128
1233004153.7213638
752038553.9926175
968356013.201576
953747265.8774879
1124371508.1532955
710574056.7262282
921672479.0086496
1068488269.5557282
1064688496.9453497
869167731.4265472
1330156587.4802043
1499682927.6316285
1021543770.3834257
1284821230.9991598
1211263010.2156053
1241444807.835679
1273450218.463455
1061485415.6418142
991980821.3086101
816619146.3108212
184276281.79123074
1012506593.5489359
704656334.2510529
301713516.6101335
1035848475.2015164
1092428301.481314
981008762.612574
1253480232.3198004
1126806761.342839
1181133977.4033015
1254719927.3532891
1283310064.4157658
1234168448.649592
1059856974.3700483
1229217889.503433
900808761.1450614
1268271425.7931159
1135821937.1955254
1069764142.1349251
1373311339.3423414
1270108682.1902645
1389682700.7923403
1361626386.4935663
1430463612.8159244
1674833917.3313684
989535518.2327595
1293169598.7273927
976067182.7920752
220230641.83208066
1350994079.5263917
1117314784.0738401
1230312638.876829
1285887592.650297
959826176.8203139
1173602756.460733
1240311185.2043707
898690762.8987914
179680042.39027405
923292359.5139829
977196132.2214938
383298988.89915913
1049793414.4022676
931130508.1154282
256184026.88019973
1547293758.610284
1327823681.268761
1272505844.8321006
627187399.0894753
1489637872.8963566
1097145263.5601761
1238024649.716985
1436212075.2066615
1334053133.8932314
1301802433.323562
1121241596.0697527
1305473676.8344388
1144665664.3612244
1072937461.1113855
1590163571.985032
1235378742.7960615
1247492578.5556493
1326199078.3406434
1329401343.097964
1085720355.3083644
1501949714.8425212
1196726901.6007242
1419219878.946228
1080933626.6241674
1104607288.3310418
1116858766.0482275
1399296217.9597073
1076274376.8662293
1143702723.764934
1062546035.6738628
1135799206.2725995
1328503843.182011
1061769889.439334
1139149732.5574281
775644401.8323264
258777624.76023647
995748439.6315578
1219250733.3054738
926169439.8216991
1119698422.1804101
782221012.3945138
244436177.32015496
1112248379.6362507
1109843349.6157935
192218774.5661349
1573506334.2226405
1366692198.525925
1173595118.1562183
1192727354.9655437
1159628438.389305
1176035527.7146251
1070372540.4625728
1013458805.0084438
959802219.3703326
1143785759.2915406
1361638320.2034073
1100412398.2596488
1305884518.3438156
1086890582.069017
996468323.5575507
884429166.1500723
1101062490.1230698
1331232161.9461098
1191829817.3771281
1271476494.4154787
734985395.7624205
1188509948.760404
939937566.1240071
1195338015.6415663
806416269.9583508
339074336.75081956
951027857.2555377
759819927.3100605
303328694.0576907
1237383208.5447793
1415762177.9039798
861019408.9990134
973751127.8925894
1087159028.461481
991468710.6047857
1278667464.401401
1168928211.8236647
1234611196.1577604
999099984.5445982
1327081329.3616097
1046907810.3278475
1690020476.6311183
1566845276.7260315
1447094499.9203975
1620380669.4505494
1284689055.6864922
1547795062.7648132
1551791377.9380972
1644349693.3327398
999644161.4905651
1288302492.8347766
1185852024.4493651
1008426365.931694
927564164.8659166
839989192.8013637
785258378.9178984
263353170.28202432
713788955.2959344
193751017.06668168
1209059449.698729
1040402453.8061132
1522036474.9014235
1459014443.6781132
1029817277.8892586
1302891477.0049872
1471320742.9955518
1439076400.9299507
1147641950.556345
1507581796.5830424
1314196815.478292
1224523980.2807522
1362660322.2296994
1271372491.97726
1381744138.0340436
1331198696.5765796
1174170594.9439948
994442424.1910386
320988798.5630138
1207226382.7235386
1421728576.1136062
1471790868.9006314
1609844701.9845958
1985234156.8655405
2043698341.5229216
1940852950.8299377
1795166099.871505
1545726684.5982969
1682277461.6564918
1895811212.2485356
2070744162.0026038
1719731241.1081307
1766568435.0455558
1772376431.4489708
1471711626.649017
1459268649.940186
1596048523.9258046
1581662748.1418931
1570174514.782829
1620160374.309942
1552561007.9369607
1909290507.141463
1556561991.5247395
1432262362.2216146
1400093593.9156528
1295337567.7258363
1481360695.3362415
1617338681.7473629
1146104227.4437869
1301120904.9871776
1432781444.2728343
1025623268.4653808
994112248.2612787
888077096.4167157
283387912.38187015
1251469519.1956
1036171021.8720033
1013104914.5868762
207174213.93670154
1004979802.652784
875585515.0451466
207198565.90909153
1205079961.8024654
1388403730.7690928
1414338971.1155634
1206621681.6071646
1457930777.723772
1257585692.7045608
1267657168.5790045
1107037757.7210186
1382318588.7936232
1325107798.5996096
1558815248.1052797
1623929762.6600063
1890089983.9174912
1563282453.239948
1356969167.5104227
1412693473.0344536
1682648847.8701465
1897651393.3711374
1606232098.668323
1927723513.1182623
1604930602.8502996
1622669415.1338725
1753156543.1607518
1655353982.0578945
1873158436.9972203
1849399386.1393855
1406463360.0922198
1293780699.4657767
1697710207.842577
1154489066.1205685
1660557578.49196
1394213304.9147792
1405875651.3924088
1407772414.6250541
1174748138.3140943
1411820802.506541
1121619584.5709147
806695716.6573184
867497198.503223
979984152.0618732
1111500450.3946764
844107447.5407358
684999629.4773916
262921828.22552076
1351006881.8072882
1193514790.8990366
1137363523.5604591
938523215.6875887
829197784.9709243
912627146.4544952
1088429565.8436527
942409028.1739123
1173036463.7146535
952844220.3379585
331132742.2505747
1196142395.0114524
701631287.3654143
214224193.88190514
1107400347.4321945
1087138176.021408
1210525844.8158176
1118571004.3495579
1325225009.8247721
1413134554.314037
1307109098.4303386
1140444184.0205698
1198399400.7422974
1291101481.5493474
1211756846.076955
1186191183.0691001
797129486.9664934
1378437177.1428416
1398017363.979744
922160678.5541996
786063529.7420168
1002408906.4607234
299247201.1504415
767976571.1451827
312388917.3327527
1141243950.1060464
1139827867.6051946
1152892080.2277026
1063983513.2834504
835836222.1815097
175112436.65219915
1063853376.0106562
921873855.2977139
313082699.9136417
1302093227.170007
1432766314.814667
1409301510.3777637
1654841745.63017
1546257424.5405405
1553506539.6387632
1691847449.7483318
1281879668.908506
1288511490.8912516
1489235022.8585677
1234236288.283635
855410570.7354292
1461605021.979405
1408121882.5937772
1389249443.170731
1449472815.867726
1224612143.2845652
1521899475.853974
1221064790.648736
1399705474.2434466
1226318927.7998066
1422165663.0209959
1201310667.7590086
1813857349.4608908
1211834197.972597
1606681289.4640512
1550983531.6636236
1353191582.1170866
1602241900.4595535
1639877273.4451005
1674978282.2532065
1703740961.1608658
1524475309.808931
1509076658.9950483
1627229255.045039
1945959451.0084677
2087778552.4947405
1788635215.3227768
1905163407.6337435
1994932847.1893015
2256548952.534624
1773443056.1905985
1573905275.9281378
1797069444.2350717
2114152749.1336546
1935610199.9121342
2095436073.5242245
2416223972.9922323
2131064552.410429
2210827024.4337683
2068229862.638428
2070111489.1795309
1891117980.5640013
1583907021.2517457
1804950310.0523548
1541379163.356732
1827372449.9576757
1694148684.8096597
1578280000.82253
1927434209.8581874
2010026877.7171683
2203983321.975462
1933757236.4365597
2084982789.0972657
2237157291.5749035
1954238098.605859
2080417089.974354
2069622050.7677557
2110427670.7114627
2215545111.0227995
2041443714.6149583
2100974265.7504673
2121199333.6067338
2107292490.6545074
2127609255.5390098
1907185210.590846
1898925012.4296253
1834990934.3337429
1738719250.2849493
1699688578.371269
2129131206.2552981
2220861387.664029
1802141285.6179929
2233974120.8202496
2177744994.1045117
2319970871.3812575
2025427892.0853097
2372612036.5504932
2283309299.056068
2044268449.6617384
2597416713.094147
2649553070.749973
2290562540.3728037
2665792400.12877
2452396685.9695916
2463562323.1884375
2443811312.5907073
2535724350.9071927
2437985396.141075
2449372305.1259737
2191772742.2393312
2524430863.650463
2785257908.8397536
2670707522.3887935
2879432876.7144995
2745178379.655372
2695875511.596087
2700284702.6978617
2589840883.404348
2760173061.3745165
2444005901.191069
2489836993.809627
2654027490.398136
2578555271.9267755
1937500071.3209205
2520067965.099817
2742184595.6139293
2234493105.2371073
2650478615.240995
2435461598.048354
2307755652.19462
1792373886.0797915
2441861091.192877
2017591263.2601302
2128980112.99227
1933859051.2221382
1995030982.8856633
2252061566.656762
1982100888.6177926
2109876907.447257
1845238519.3020797
1575930384.0391011
1641280838.8273392
1375513264.6915934
1600713786.6210983
1955300654.8458726
1681136337.280196
1675791539.1389728
1492111351.5916708
1298353276.4937854
1596747735.379464
1360346142.396679
1128290688.278505
1037587087.8440714
1304945719.7515738
1278817751.5053415
1192155081.659317
1044920621.0248343
858500654.9829861
1433311124.8750808
1239239065.3569837
1420102520.9862125
1595359232.6544676
1334824577.3103957
1186699063.5152864
968576004.263505
1152748927.7546356
948696679.3540623
1204088285.3668528
1201132529.373923
964884867.2469516
296736674.9118736
1120469179.2663462
1139223330.8230712
956239440.3716781
303109115.034057
1027544714.6743591
1233794265.5715175
1243946693.874012
1425097215.2748673
1284941268.542719
1192776881.853841
1070160935.9559726
1162438010.5514777
1488541779.8813198
1160282065.6299415
1556527211.3687234
1181645601.6093872
1630763560.321772
1714630576.179559
1343774277.0692213
1312169838.6784112
1068340877.4317439
1435879642.1706855
1156799714.8525019
1149940033.8659277
1207520475.2505026
828514014.2346982
784704756.9210293
687054806.6243483
284618597.4703459
1228026207.9678257
1247386043.892228
1233373809.46947
1274537729.284066
1095124312.7087417
933132934.8439758
793375545.4650154
272350471.7123654
1309393039.134587
1062053534.4804643
999205205.8880762
913477935.76538
635203817.0745945
255338921.5548057
1303727441.357423
1079928518.4734192
974487876.2616844
902946240.2825521
1035914725.1921377
1174039617.1840448
1053849362.6064603
1202735347.1083498
1155666738.832504
1480669217.9107237
1116235864.3317301
962341583.6128439
1081142758.2492988
719981926.8160713
275206797.9886218
1082707047.3088572
1005873406.58066
1182622113.784952
903245529.7447636
969562244.6456901
1254694826.1088624
975250375.4226706
1103940450.271661
1351486037.4219556
1048555720.3982457
1538531530.4424968
1225194615.2999218
1116075241.3175702
1408004767.7318134
1129735643.191552
990139358.7922276
1160457012.5671637
1156495690.5560207
811959153.8705056
970884212.4012367
966733873.3137968
964064668.2198666
889974219.2974366
1009217602.6013106
191798702.5196841
802494905.6921996
258341821.18224216
877982724.2924036
1091867650.1373315
1144378549.109172
889655896.0428774
999692940.5247719
1318047934.7739065
1052820398.3164914
925463353.389272
1011209473.5243584
1111972010.3906255
1401616795.863143
1459155948.4148953
1327248357.7497294
1178737230.777977
1247310251.1884413
1284561631.9881587
1448566245.7635899
1871317672.4809268
1711985398.4568744
1699914633.607805
1512028830.7497122
1738144575.2405143
1681121168.2747178
1642986622.3837895
1706538913.8613317
1670125834.8096447
1693129177.9063675
1632525421.3998566
1900013614.3182988
2238563667.5909634
1975007808.633895
1756361541.1871216
1824873857.3702652
1888744969.759786
2006361608.5428855
2194554077.349793
1913534499.3288894
1839947948.1378143
1453238677.056845
1584293502.3458107
1652111191.3061745
1544236032.7887971
1375144838.5930264
1956920836.702629
1671657747.8985481
1803521691.7542787
1498809995.9811287
1480000959.1048477
1633099528.1024077
2023086254.9240828
2058667613.7307322
1660322986.6289005
1646811332.0057092
1319641413.5161095
1408152390.2841077
1480813813.742208
1451024611.6080728
1729747522.94328
1665303913.381185
1910235010.568003
1920734133.3363547
1977245722.7530394
2095013905.6765437
2258030469.094625
1966260574.6415339
1754196788.6027985
1336413861.3146386
1802880999.2668157
1898671368.3657026
2012958895.239048
1798818861.7406206
1905200823.293216
2032349200.137774
2313067228.4396462
1958907044.9124968
1887121807.1222715
1941069960.1158767
1775139603.787933
1963487464.5605083
1769757835.4111605
1846926432.6184864
1650177949.3648145
1465968901.858602
1558843217.173852
1564901750.670004
1545657475.9441314
1805765591.4467635
1945502955.1616645
1796556870.6437345
1607626516.223611
1636758712.818847
1776156351.953376
1964673296.1910677
1919985312.4228992
1916361140.327861
2096107944.6164253
1641358538.2168643
1640636028.216764
1907348731.590868
1782346480.4652073
1862752773.866406
2016808695.102282
2166608606.817094
2162567975.1403832
1734900371.155552
1818196171.2934895
1575231304.4282365
2080879207.7608018
1984086776.0094597
1824004453.8767076
2159708498.5612617
1885782721.165499
2362772111.8512383
1927421303.0388012
1993293278.6606348
1980160749.4002256
2111587694.4084513
2092749243.0263035
2340821537.5111856
2144576327.232306
2256903152.711622
2120211821.461033
2502014403.5113573
2429679024.4075146
2620077764.825843
2012848466.6147904
2203895482.4890795
2489778602.9308023
1916327215.9543428
2367500245.853467
2783134889.733342
2332415342.809962
2677893370.355164
2500802654.4140534
2653142790.721822
2767295778.254137
2704041337.086562
2676483396.2265115
2487579795.3099504
2769017870.8513627
2629958441.7478743
2539059268.5741296
2863075864.9906316
2468889334.7195864
2928791397.2310743
2720135968.516079
2698085263.771403
2464065575.9035172
2472886770.577062
2601729569.167404
2479313446.352199
2537304841.003726
2387506574.6587462
2131566844.4023817
2028794562.8808277
1789978657.5321348
2008489565.1587813
2258881659.71204
2436050560.010907
2311722348.4883327
1934285460.2871318
2242545447.943599
1826556389.310009
2220420356.508829
2141264369.7418115
1907453028.763024
1567393515.4994476
1519543526.9777763
1736755650.9841516
1742575211.6269476
1792585799.4860103
1980451720.363843
2198647410.1007643
2304811075.9182158
2342582367.473814
2596182342.149311
2414378878.67624
2054376383.3257182
1750944300.8339353
2248849649.1665754
2385667251.580206
2235901298.8326535
2219431446.650764
2232095745.6310863
2116808183.7065341
2032296534.17743
2045758030.0190156
2142996715.7098715
1918260809.2147267
1636202773.9312348
1876454904.3265524
1752899500.0217516
1847205660.8677492
1876800554.3115182
1619701855.8492248
1731293505.8278687
1854949537.4366589
1651211514.2170644
1473906672.515663
1419376344.527772
1756347888.663895
1708442327.3627028
1539247940.1563025
1547286526.0837474
1852086947.2287824
1865626683.7078042
1732724474.4591725
2004279530.8868198
1915080814.9037566
1726077435.159241
1867473624.0848403
1821378526.6102502
1688308794.2214136
1747322387.7201285
1583446662.6947901
1573939206.8069785
1273735403.4704363
1632221374.3911197
1860333553.899066
1675952136.0726082
1567278280.0254006
1596079708.1939352
1786652284.5055828
1449196301.2452145
1542213170.997996
1707550293.3723557
1633039782.1601307
1467274557.7355137
1571974642.870062
1541267907.3650327
1467401349.5434115
1664140875.595405
1565888027.6489608
1456884577.0100093
1493697612.9133692
1563006897.9926417
1439771317.583853
1637134282.7824717
1565470564.282838
1579180264.5397341
1433804730.7147648
1112306581.5374303
1343365797.74358
1436355757.135845
1606484799.1578786
1846824581.1883314
1672209051.2358193
1717027068.4057531
1376733822.9865339
1295211188.805468
1779028296.2573016
1446705432.7106404
1677758295.0372639
1718797947.299003
1740460087.1568334
1499599129.6770515
1491390553.064198
1441660036.2309828
1347952001.6382504
1397636686.7751546
1531754067.0288575
1696129191.2536805
1677671980.1107693
1712241081.7947443
1672689810.49626
1635770841.9927874
1552035694.9352698
1448962879.6047888
2187721959.806133
1785026580.591516
1842233866.74272
1761958524.4581208
2132742693.9431553
1885793174.1411252
1817649090.7925694
1929181434.5803268
2144139062.0155528
1893378158.6639438
1864293809.628049
2300725769.9349403
1999216500.7055514
2167711384.327429
2493758019.060435
2229639185.3821917
2277866195.526229
2485190746.1768193
2856953072.8742824
2526194614.32183
2484592590.9398565
2448072878.630477
2948446326.958457
2704066943.8823223
2625356764.495555
2907615078.9724603
2672521047.3473644
2849643028.257055
2527559624.3897986
2956551292.1332703
2983637899.5274606
2868947597.291237
2941987019.889692
2970044588.7929716
2876665260.6709547
3082555294.892408
2945845152.4731665
2942426969.279829
2555145833.3802
2635895758.9840155
2764601381.2436953
2773357330.5553007
2927330590.360916
2990813070.6039367
2868692054.1623774
2943958144.478535
2812175101.916549
2977969300.5641494
2290428762.3914237
2857168371.7680645
2853072810.299894
2712650032.9066586
2454194032.537734
2667362697.220497
2698808700.8289742
2743737836.468796
2921365192.9299645
2870099684.8986225
2603715468.9949913
2086627611.3434918
2590665259.121597
2581503406.0764327
2494535805.2500505
2860094921.047038
2711501109.3428326
2610962837.779958
2752608703.4354143
2926348929.6817946
2937028919.3690434
2819851294.4416347
2337234943.4768004
2431038196.426617
2389483831.410813
2664195464.7527385
2706546713.4006834
2569147573.7826967
2742715949.030599
2585730092.1046996
2800926298.6498938
2456618909.9656096
2715213806.7225704
2440128517.4366107
2507651902.506271
2865218138.5188437
2687616576.2366996
2690074516.512759
2919025788.271035
2566099475.0282364
2620084225.7702827
2895634130.960743
2712503797.5716896
2507190683.4384813
2828098741.7193537
2787996380.6594296
2935945449.4220953
2599023146.3675323
2950352698.6873107
2804186706.6093826
2734920921.6596766
2988860749.9906216
2788951414.8798327
2643852556.2362895
2802167890.419127
2792714119.9142275
2783158085.2393594
2588335688.9567194
2872658461.7851253
2678584062.64889
2787793661.5816426
2897412529.215184
2500766753.1930547
2941751323.8286824
2756639093.0939674
3070088970.879982
2634010972.5418653
2976516409.500839
2878789172.105305
2864218571.9821157
2734335827.209951
2623602036.5221133
2762576886.2935724
2884021923.2357907
2681437986.5765324
2662572560.132559
2752983910.2557096
2878375564.452938
2769786849.0496016
2844304607.1336226
2830766527.9402943
2959525239.4342995
2757952563.2992167
3002824964.890613
2876874425.6279407
2810065175.741139
2793830010.1208577
2948622731.4221034
2850558197.101186
2961901165.759278
2911100859.011166
2931851531.2455845
2718867461.5522747
2918166696.975429
2910843788.6542993
2874025768.3492527
2964360748.371666
2809920888.316108
2802923393.024884
2878720579.6796403
2868677989.8299417
2878060769.128062
2810259112.6810036
2948566499.5736027
2991233989.9956474
2944154403.338358
2948502030.471455
2965237717.2451906
2911131702.098876
2798637575.9064465
2981179151.2840595
2825696401.7637672
2767731845.352251
2801102295.986069
2538595793.558636
2458911946.9544253
2622204061.5240865
2673241125.9042315
2723584148.59014
2446739628.6514587
2715997744.2211013
2460425734.935808
2765870890.7401986
2636493690.4703913
2939372942.071337
2968883804.264618
2658064160.1841073
2767004614.4432187
2573169012.799099
2811103096.443314
2595594174.3809342
2822053537.6023183
2424178915.5806694
2887444285.130752
2865052609.2279015
2820863045.7998443
2809852912.201661
2699658246.463948
2801379514.354894
2920377189.886317
2960641913.385116
2784557421.6981926
2827617019.235204
2855331539.6054025
2854721719.78515
2700766444.872819
2075779820.8581347
2526868272.8269534
2297134265.190367
2657966017.49934
2397038629.748491
2405981163.8154726
2538004689.1438518
2397389282.8504415
2553542543.5940037
2534748001.305539
2281248690.495257
2664128457.0883517
2655308206.2707305
2619788569.669185
2337349993.095036
2193858616.029295
2247703321.3937635
2411506493.479547
2023287440.332852
2363875623.792029
2255231559.2387204
2157977065.1384172
2107478421.2855747
2099323540.5848305
2596430204.706128
2305104618.8501983
2558628531.9502635
2107764541.3987355
2422519914.4347286
2420665360.0391192
1889943180.2588007
2113279752.5985968
2264613915.296152
2138015387.6234584
2210939932.607382
2456626021.4037113
1943528503.874584
1961317797.994474
2151251687.0246177
2476111553.056994
2110244477.4793732
1878152395.9935658
1741951454.3765235
1594876079.8298006
1988738266.009109
1818378555.0377448
1953688959.7545803
2085275499.8083003
2544103011.9050155
2695296813.5784187
1899395610.423133
2398639660.886862
1989673010.511103
2490673556.964621
2366383246.063451
2248296692.068146
2586094628.086642
2383041294.741427
2484621444.822521
2757628889.585737
2484383524.0455437
2052324426.9318678
2283207827.434052
2359867468.919229
2628467696.903632
2391543531.0063024
2292712810.729593
2625152780.322824
2835037234.5150332
2501880504.7549663
2370763826.0058274
2231817233.8991976
2890953175.1019683
2869826232.6111374
2632811225.6949816
2651022661.0293746
2739000163.932444
2565610263.4825974
2763852378.406403
2803025971.6802816
2881856492.524878
2784084728.2507305
2753537949.322023
2965339364.761143
2941639523.749302
2937125563.540545
2962070983.739176
2847780363.277685
2688302036.394421
2920778918.3978605
2932356223.063717
2951695830.7475305
2394640719.3971453
2961185689.6752067
2498828158.8900084
2806679921.459442
2749088038.501149
2772081970.533674
2545530876.0608125
2609351140.499287
2240563473.128262
2338135903.810679
2230231185.4179883
2189489824.666971
2194000371.726037
2515766008.2579007
2664094592.435149
2454040829.364141
2579175738.414758
2656705774.269717
2419704782.7783575
2189904521.240055
2634466890.0897913
2060287539.2381346
2580028821.2075076
2347022110.575946
2279826485.1238556
2489213249.11974
2598958377.428898
2776643791.762076
2556429372.7562346
2688709912.7905273
2650554527.2390966
2847137226.1126814
2797122867.2848907
2417593929.1722727
2900175402.7867694
2755697564.851097
2520677134.8360596
2747528793.245123
2878344645.5017595
2824396561.046278
2455846047.939485
2957568265.472229
2757632172.3073754
3013097143.3244896
2778319172.073199
2823441526.004981
2807407170.55151
2624889925.8293757
2979182359.4912195
2724522189.376257
2890645467.882336
2770774175.7716665
2949086700.414987
2867183512.7490997
3033122181.7909737
3050618335.484932
2743399722.2679877
2745967690.6961718
2674824188.5315633
2881881159.1916847
2925333122.4054813
2569953545.9178333
2897311189.9214854
2822834281.1744633
2935599931.7405906
2576622741.987034
2958317567.371886
2813701720.553116
2747295687.8399262
2888701508.9163938
2895044213.182188
2793954814.1665215
2961623759.3462267
2773505371.4656897
2965974317.1872816
2694618567.103615
2805194185.4097314
2941871649.9228487
2676265547.28654
2843676006.1115146
2927864014.0078874
2978990767.7930493
3007932869.0705
2999028276.3123727
2797811443.3893075
2847949663.816862
2926006406.635358
2732593498.25923
2926802777.0142264
2424453512.3861547
2811699447.9283667
2626013971.408314
2810700640.6405573
2800572614.9400167
2678499475.054308
2896585388.8607397
3004073605.876378
2951080554.003692
3016223030.804093
2825872286.871852
2803194818.3033857
2806336038.661895
2872276620.963297
2998573830.9723654
2865677333.976096
2958366271.390973
2762830783.343097
2850879098.000624
2877607712.8232045
2721067439.7891107
2897623873.9983935
2869425881.618933
2907793417.1316037
2911663856.237789
2990961241.42808
3144355545.17305
2990562106.9875426
3017491724.2973585
2923135604.2347536
2932490683.312439
2834501736.5536957
2779971005.307327
2702077935.901141
2873991473.921442
2942357953.9008
3028346423.8991227
2935560185.473988
2869698271.7013288
3072057007.7896147
2826962185.15636
2923652370.2019687
3140582489.6764426
3011011086.8783484
2876523544.893826
2811824347.107205
2949051839.743636
2899144666.0634675
3012040813.9958706
2764764734.831377
2996852710.090511
2743485259.7466063
2844695743.5293307
2977703867.2493563
2747122857.2351656
2764362481.227919
2860936383.4117646
2690881215.000202
2917677990.4172664
2882056670.626254
2845963708.963675
3016526021.19917
2956876878.4753566
2796589467.1274767
2977085596.0227656
2809714386.438947
2792233274.1886134
2974762137.568868
2958695169.0517144
2938958346.9649477
2521638763.5544953
2867092442.6302176
2975422713.701147
3007383689.922615
2835949456.866593
2908734645.3804307
2961127273.086469
2829815705.601992
2845046970.1812077
2835344272.538537
2761622804.266287
2905852253.3928175
3000334504.5729275
2824874185.5963626
3085190467.860298
2815569595.3893986
2940891919.45763
2966192457.6385
2901466122.589847
2882134373.7023163
2846206660.899052
2938924642.1677656
2666954701.1166315
2925842954.0915623
2921263997.6832995
2689998027.6561584
2933208653.1370606
2909568042.46136
2794819273.3061075
2989074769.1543374
2868951490.2680836
2620125681.16853
3014757826.3819013
2894112521.1611395
2946117981.3485637
3070051200.683117
2908689759.6655397
2910603005.9447556
2679351093.916536
2943647489.5211625
2732636746.803331
2852557873.7377877
2661341695.3750277
2655622332.989826
2849381586.3106365
2800657848.994646
2970481124.904724
2773699671.4480987
2518601927.5967484
2700630128.164452
2660295824.6836224
2834897505.828679
2911380849.3120584
2968197860.5793233
2939620665.1696916
2635419337.5578356
2959525206.5389915
2811268805.780362
2977889649.9612617
3058358267.5607204
2785635555.129586
2801325689.4236608
3039925066.450708
2881926542.039886
2920144764.138464
2731333242.3772507
2824678479.1899295
2802637396.4113407
2843167619.8918686
2919789716.077514
2719582787.377419
2805606966.6738534
2933496900.754151
2681375088.209619
2899826831.941312
2980935127.3324566
2906115983.377883
2953592848.3081875
2259325893.8430014
2882061495.275186
2413095424.957075
2462176075.540487
2827628933.8065677
2880176800.8925667
2679443543.4344764
2889690322.4250393
2424179540.683572
2914366633.4441657
2753588020.7203474
2389770256.755675
2423413703.4333234
2769069043.166354
2295641159.4930363
2979996156.2050734
2884095705.4182997
2800752789.9455605
2722056229.868422
2818759652.335723
2558631692.984799
2911425401.192209
2582738622.2020884
3017710167.907206
2611657292.7090116
2954226583.5413485
2895169428.537477
2877613953.318182
2830076607.889039
2687350100.3605866
2797963106.1544003
2803403812.2061677
2730029806.658242
2755235945.551548
2878146198.8827024
2855410673.141063
2475041223.7014213
2780818404.7550254
2915279093.4173775
2825601293.839414
2687298934.264925
2814611879.3246045
2749178307.6292486
2573687131.0505495
2718715725.2262545
2857866103.339767
2874509008.96818
2672174805.0708094
2729833367.7085657
2936773713.1608377
2916427919.6800947
2842527666.9018736
2827730920.9072227
2671796476.926322
2810219285.5166717
2763581159.03348
2658470324.380879
2848376108.5237517
2840985724.7524753
2730096686.759466
2874295041.204796
2991233676.4892077
2773927076.14169
2878714749.35425
2893796173.28739
2782574803.3746552
3070596087.890208
2746313537.31405
2927467296.333557
2853674127.4112473
2721520679.931458
2811035397.6519465
2964905746.2911296
2618275408.3203993
2586804274.180476
2928738474.072287
2787200896.8202615
2487117867.417976
2506752543.389882
2931945352.0178
2644610436.651951
2616467753.3340993
2796368712.0410533
2670948200.74777
2655903135.077755
2817981820.015367
2608423542.7865596
2838871231.8735843
2732467785.292783
2657877706.9130683
2769737807.886378
2892651802.5495763
2827863100.0597954
2686168748.4558725
2930582052.742359
2709806030.128998
2755736122.143987
2907326828.107183
2802642780.98336
2871064366.240932
2889252919.4215517
2819503395.713934
2725634835.4437056
3044629084.597555
3019795113.0705857
2703184223.0964775
2831249393.2352734
2934184874.498824
2784034659.6754827
2814560886.516772
2831612121.2269344
2711427032.6977158
2759695952.4174466
2807822958.5476065
2469700640.8215556
2750318990.761583
2515143009.936057
2659014411.907252
3012455290.7224417
2587639115.4420085
3062522800.486508
2510072697.100421
2761867452.303232
2772947402.1837916
2682271967.297637
2752272952.4424877
2505943335.801582
2908620807.3436875
2771975813.841718
2655052054.6034427
2739264080.9880033
2894057954.9498363
2809296111.6433873
2999677362.1475654
3065881306.137588
2668028124.415582
3076921135.966392
2975861523.2268686
2733037817.7545834
2883184309.8307414
2835480438.6585402
2615185752.0791993
2680213399.35672
2931406304.999465
2748517428.075459
2813796822.122028
2799315013.997919
3108144569.671279
2837181269.986349
2869966409.2636967
2975601135.4544587
2982207021.8941
2957152032.5304027
2832390371.4827223
3125853553.3144746
3043629771.3865614
2984313471.8790126
2944462372.98656
2877808321.1168337
2970708825.76218
2892158567.791339
3000929847.1151943
2979732045.5259466
2944950593.851181
2832445490.2209306
3056908764.549156
2806921305.852692
2995538986.800438
2865385614.802079
2859444169.752894
2757070854.974717
2860177730.4666452
2967129999.9838624
2913639405.6345296
2885433017.770412
2972049323.7112265
2903299666.9685607
3002997732.168111
2932926621.322332
3052710609.66069
3032057593.6308045
3052664051.199469
2949297399.354884
2832834227.1474953
2322071148.291832
2973425454.446089
2962494344.721367
2990937410.9155645
2926661111.6436834
2760499851.9533076
2801289273.6518517
2978567413.0868206
2394905299.9269547
3036838482.5245876
2856986553.020372
2676866018.9554358
2896987832.933652
2563817608.8534503
3037666702.0944037
2411067681.5735626
3036562508.6303678
2766944427.02795
2668076124.425045
2663213106.6142898
2638578898.319988
2685478204.705564
2758707542.1592407
2697136787.4001255
2983137171.057604
2383393222.6047535
2857647749.6919227
2412025826.691002
2585164909.740004
2278791205.669338
2624396219.3883467
2541084562.365575
2438317216.1445246
3046896241.2161975
2858206804.369045
2544730609.3266654
2534094781.5907245
2569548354.8203917
2247322909.8901896
2562434955.985763
2664741675.4438324
2503538705.9333067
2798602425.666972
2895524584.7008367
2723484652.3781796
2677139155.9900002
2531050125.89985
2706674390.9484205
2802026602.663139
2970292766.7828903
2368346052.686888
2487325816.8177176
2858323167.736776
2825981461.6335583
2961713453.2779484
2815529812.8132052
2692095125.99725
2895060731.5353813
2544131852.3238683
2586154503.34912
2978758856.332118
2852256011.15717
2582099224.801831
2869925997.1369333
2996531919.7532434
2842076574.6407185
2660392316.4588733
2801508004.874114
2648622768.0086894
2132869254.6131434
2828395461.3313665
2512540758.6477757
2310741575.5045085
2459166667.2603283
2315901249.7433376
1954943162.0057743
2376027407.4150267
2255885629.0361443
2510097512.3398194
2537597007.9787936
2224959709.360159
2589487486.838336
2266309199.398638
2105372991.9556417
2070629084.8786144
2015998490.4966998
2276101397.990237
1953342808.4346132
2151013325.094501
2390321647.3767447
1989096475.7372084
2366289454.724516
1902223628.120096
2123717061.2721133
1976621102.856949
2275982321.1474485
2412505828.6572266
2186223022.2102337
1887643245.0407443
2378051338.8206625
1996932879.7745898
2341912158.0042787
2263240277.127406
2466300733.7739267
1836851805.3495295
2168108653.1446095
2061273268.1970105
1845577926.0447803
2503437896.358654
2332974305.800496
2649666971.2710104
2597408725.634201
2507397958.96068
2076180422.2130022
2326894504.1242337
1959674471.646667
2191758155.190121
1841916722.8003867
1625931071.5727324
1959395325.9259388
1873587937.0959582
1592879693.4998622
1733429110.6839013
1736411158.6340547
1633399847.9187615
1671660706.6853902
2027769849.3152184
1651255712.7678175
1533137833.9655602
1593058337.1595755
1586184956.8348398
1493393139.3271008
1592692585.133133
1687365798.602906
1029858531.545035
1479085102.0797858
1578309620.23324
1309090296.2255504
1692623845.58337
1632093833.116957
1581829244.2990701
1758727377.8430908
1375363714.9472039
1467850133.401481
1723706314.5961695
1663355897.4406404
1981650537.5830982
1510432710.57973
1463344646.5458398
1373238634.161032
1136401460.0884054
939465168.7853206
1339268441.6927361
1617274567.9992847
1497898224.8439136
1551377060.0382226
1364651156.1272974
1197212688.7976933
980961561.0810636
1057122965.6522064
1031448240.9568828
923145531.3315045
339684889.3274082
1343406278.2923377
1404063588.809797
1457654961.2199101
1537822076.8063672
1649555703.7136636
1180788163.449721
1549354619.928123
1190980493.6667993
1153483142.930283
1284499894.0098355
1411861990.4648857
1521575140.4220324
1186948639.396858
1577022970.044957
1377666584.9655576
1455970530.427992
1449029381.6644373
880006578.9059006
947272786.5854422
256944925.38180593
721838505.0826181
313898946.5262032
1118348089.8096843
1370998304.3997195
1112447658.4855826
776326283.6213701
1223375041.6600146
999126667.0847949
694446708.5468674
979064155.0449424
981274004.1913587
911628727.7499195
1267525670.0883415
1296252558.4696643
1060724391.2755182
1343570868.959942
932209955.928612
1063665658.9886694
787577652.1314516
1111690249.146313
911689954.9890872
1038900392.0326626
832078940.6137965
962080171.3879899
729342193.9252225
1139989312.4701643
959211417.407711
1167240051.7927735
657459687.7224172
320377179.4664304
970321330.895293
303997998.6213299
955764363.2886884
796645418.0311397
301936076.74191725
1398844017.3754108
1110665308.643432
1453467832.5559921
1561441484.3343441
1347891130.4415336
1500047420.569091
1539715179.576838
1417782179.3785725
1505216860.7122934
1623640382.451646
1345718505.8626409
1246573917.2454214
1500996373.6793256
1690187571.0341308
1983517989.2791862
1895503407.0982475
1738176362.6545172
2054764903.2829611
1797512474.6639838
1621437364.549161
1253860039.8974025
1727587852.0844493
1340309974.1400888
1395675715.5220213
1475885468.071605
1435402512.4948971
1592818282.355247
1379567743.4802203
1315038903.518639
1506392637.509639
1719069451.605305
1930541945.9213738
1560542958.399585
1615917481.835158
1624666651.4873228
1268089740.5660446
1066983365.9849093
1191772766.6760187
1268930014.8345337
1250675636.4256563
1200153453.9717612
940247285.4766176
1144134624.8510892
491569741.7269022
298170577.8402438
905215744.9558101
1199701864.672334
1345125692.388502
1042566510.0639307
932804289.5102577
274489010.0581991
1196855466.4791732
1119112478.050911
1750756074.5300336
1536145995.409138
1560914307.5088825
1733068548.5600755
1443471174.8844538
1317827389.1990907
1157537146.071289
1117867917.8268702
1380975297.4909308
1722762746.2050626
1402836796.0484831
1492767557.6839955
799835354.664251
1489481856.134862
1272941915.676762
1366950506.5158644
1098836259.9107835
1339241191.2494433
1284705300.1318886
1234976795.087739
1193872430.6033742
1067096398.0197237
1236663941.1719954
1131201383.9789474
1034333571.3662555
863290614.7960258
1157333120.9200103
796779230.2678924
214301515.88315195
933539359.5993743
752314153.7643694
318016525.1780805
1165761504.389622
1388054483.681446
1160274205.0486379
1053370692.9950998
818856819.6654614
367167311.5436182
1002160842.0708412
1223472549.9634526
933780143.0749987
835968304.3324265
851976045.511948
1091824190.7573137
1302965523.5996
1272798257.7289891
1115308730.3966079
1142277282.090495
970187203.7563405
858917704.9725181
262478504.11196923
1173568625.8295279
877640583.3566642
270565608.59329015
1034425461.6918653
1113599403.441292
892805062.6425089
796556559.4839543
327081012.0664903
1326977622.7168663
1173566378.7079668
983439244.8116658
935479639.3893739
819875903.2652014
269119010.8157142
1074225248.0479963
647024646.8211875
206716279.18987438
1201026479.0280166
1142460873.38273
1309399193.030938
1114025108.099566
1235705495.7633216
1267392039.0189033
1262575078.0433683
1344371491.0878835
1543404983.7648084
1438588615.506909
1376789614.336603
1568186498.1189349
1159890790.9244251
1277935971.4446585
1259633540.6887107
1565001047.1106505
1690805822.8053455
1738421846.0294833
1395179330.13612
1935304290.1381288
1437401130.5346289
1187006145.6257257
1533489030.829901
1457922201.6211417
1611680285.0691085
1657775492.4302733
1732609389.875547
1340848714.7384765
1393251111.7748675
1471785739.8425264
926815737.0007555
1341361694.4274123
1105759743.4300005
946835338.3815043
993440994.130106
340353439.9707883
1212844236.819399
1011116927.3931496
1392257199.7314327
1262934626.0050042
1457120375.946907
1117063915.3949268
1258536280.269253
1212281058.2663288
1219372014.1652439
1418040920.9783964
1485405568.1992145
1268869325.0668385
1162372338.157254
1401760951.1424947
1556156612.0986621
1359742243.8878603
1320750112.7963972
1290456413.5331135
1375971058.601839
1235411596.6320572
1513064620.7921438
1599379629.455365
1411914912.5774546
1604490757.7070763
1293487768.1367607
1404049798.5223367
1341806580.170735
1567381007.1928844
1311917722.1851196
1346005317.7936013
1631532884.3158696
1093347329.9437141
1449869242.622803
1692530297.9447474
1250261594.6136987
1268509235.8655496
1526007024.4403577
1659641577.166595
1693997994.2330806
1863867661.7013428
1794230455.360339
1573265705.6530652
1698276628.399874
1869514000.076198
1946873962.8624792
2113569405.4055278
2073269981.100739
2142846069.6305811
1573382182.3804102
1894569949.744511
1714222576.8540404
1810850788.4683073
2008414052.2535853
1664575921.2143843
1892364727.17723
2181816542.14537
1856339097.459788
1789263460.6861234
1875689044.2655053
2162566025.9177094
1784820810.9229927
2227797155.074717
2314872698.938885
2054036347.0644884
2412608216.8423123
1912114042.8359706
1915450092.1385095
2346540246.5079045
2285790125.1701794
2606545193.754169
2307479856.9706106
2736095734.482427
2395137250.7616796
2214285421.9476852
2594456743.2385755
2489993044.5265303
2312544850.5608225
2023441674.2631185
1892176490.038201
2387549524.2647963
1962106311.078798
1956979106.5289989
1779082432.204375
1987451905.956919
2204335096.1637344
2078391696.2440348
1955644795.7638545
2182588939.137005
2194407677.1773014
2167253143.9819584
2116077874.9562283
1724676176.27668
2132717308.3988218
2238819724.398791
2124025910.7011395
2133087376.4373825
2149625348.2093616
2202851590.483566
2037666448.3699994
2026020537.588254
2028360095.6243684
2294395524.8209043
2125363654.2365723
1772087777.5674815
2199594273.7177854
2028077525.8191516
2695956379.830618
2321506945.428819
2273023078.5137196
2313606484.807322
2390395694.423709
1920518038.9036689
2010258297.439785
2491156457.8921475
2340694106.7146626
2591235303.303236
2067348032.2875419
2575025026.9327397
2297692824.5440335
2563056327.8633
2483146504.894902
2484010789.888154
1880540099.2878811
2402312550.936838
2220595442.1072903
2441564231.999701
2391022903.453832
2663758491.3460965
2778040991.099005
2664909826.150221
2289439556.9583864
2309169449.415956
2300154016.229599
2497988918.38762
1974906793.2434442
1969478546.8310318
2325492016.3321643
2218360905.8751593
2280264303.783894
2013878733.768361
2120024221.4473534
2746853870.422798
2270995851.9166
2317424740.447772
2577181588.1306863
2430721704.1936603
1783790831.2393918
2562314328.7899957
2077174054.4409595
2360717608.119722
1929267074.1013021
2777708428.3793373
2498465287.556356
2055042243.8393135
2042281325.234277
2094703777.6083786
2080691984.721182
1841506857.8741765
1747851035.84785
2071167237.5962484
1737619093.0808191
2126449293.1088917
1961157068.1294007
1947231565.2429628
1987068179.397015
2147133208.9943373
1907551079.1146817
2223306099.206497
2149000168.700726
1858511755.5829623
1813728394.2486866
2026692961.9883218
2450584714.424381
1726938746.745828
1856927915.415924
1727709541.2334642
1845869449.3645988
1659763215.0233955
2101722928.9612126
1897611928.6491585
1870739928.5477867
1541637132.758911
1429510652.8822968
1877402822.9082396
1736980182.5366952
1970156243.484782
1836079716.8922443
1455754402.6944978
2178225741.444853
1499580569.4368203
2093104675.876732
2156241652.4445806
1886123350.039973
2215486932.4946594
2093389554.437182
1994048389.93757
1928650863.8138819
2035127773.6958098
2029369376.4631648
1799439892.6465464
1756149112.611202
2153555807.615902
1713785965.909593
2041718282.1702416
2283984858.8201513
1509381844.667503
1815295130.6322813
1921633333.4625838
1425094733.2964158
1862948986.9805477
1843082496.6082113
1861900686.2102127
1909612159.2011948
1551406746.6703684
1499882688.381335
1607801407.7872524
1435860191.165751
1963214778.887058
1740966508.0167823
1786403481.6439583
1577827225.6394665
1821729216.4902062
1369831575.0400894
1394226137.0460596
1511738774.412726
1440020010.402198
1973415958.7981477
1581834522.002143
1836440002.4395556
1673552206.269036
1693867314.7333617
2044397331.5486586
1814228855.0225368
1850548408.583421
1707063797.7270308
1979366878.4399304
1635578950.7314043
1806635338.5370135
1501337290.9960136
1554876609.1028063
1717588879.678738
1637374978.9268987
1388253214.921192
1741301819.6193318
1507544200.1294894
1944955502.4749646
1433517100.5952675
1504755807.9056416
1574257739.4595618
1789820258.1137013
2083200985.2309113
2262322817.893565
1874405056.3031642
1569286747.4320357
1799685246.3963697
2155198219.6477966
1293987278.8934517
1919490661.6698701
1971713185.1560147
1610408073.2821383
1456596935.0461714
1563009144.3593922
1658614117.1844265
1837064437.717553
1872099489.0672688
1423420998.9754217
1612575310.6672957
1824859404.854154
1482435074.7195213
1802157520.9233754
1759522057.3156433
1598921598.1506648
2015170883.5905693
1903587106.1635654
1830064977.3230891
1453797889.2085629
1571880680.2888017
2086263380.980447
1414728001.4494605
2118925184.9894397
1374795474.5551772
1530287325.8170173
1828459054.5298448
1574265357.0255167
1586101397.6035817
1839575407.7927213
1707895042.1800447
1710573794.8380432
1581251871.676018
2236287083.1617804
1770988446.7824588
1800085075.4249132
1686508033.6297367
1729239081.6604488
1887851179.3134148
2148858018.9899573
1737909844.3396046
2110613608.7753162
2286434595.3767967
2564830832.612486
2196837675.4117355
2604331724.1387315
2259388767.9292636
1932254537.485721
2212753837.3699536
2071957890.1762834
2114821194.5496185
2158374685.037329
2675615273.786584
2114990428.633679
1910895505.195408
2286502040.7851434
1910702688.1317663
1929969249.133425
1894523935.7570138
2088301965.528131
2059504289.6200738
1803337493.3410714
2154714888.065856
1988886881.4330888
2264210199.64499
2165231481.0930147
2479856519.5575104
2249136294.3913584
2234847552.8520403
2123956059.8098965
2144084511.7778316
2031592014.4292607
1827552419.0929763
2100879187.4345226
2721475945.0204697
1804946531.080486
2326984435.0246186
2411009760.197965
2266008907.5400176
2567627721.942447
2649576062.006153
2526145474.4464817
2503588954.396158
2605036776.5708723
2694329009.6742477
2337064465.4650936
2198021232.5772896
2808421792.65423
2820127845.4776773
2896896328.2016125
2776554857.498817
2883732811.999406
2228317201.4241576
2590894018.461719
2510763281.1072173
2519704657.0829053
2437381499.806552
2813250831.46965
2900160310.4298024
2513593343.27286
2308140606.759707
2532650886.587139
2675142642.439652
2740810855.795256
2613480345.0432076
2561105917.2418723
2280063843.500164
2351001387.8503428
2255050580.06628
2866157785.909708
2929366306.9367666
2556408708.273454
2772030403.0724525
2865276813.040472
2683892774.0990534
2878739587.973955
2503148597.539511
2832477172.118346
2756686190.189224
2995643318.401093
2428648101.572317
2819267503.937417
3002127207.131195
2611392985.65611
2643648111.726455
2868658591.451832
2833475371.30212
2565145865.773395
2708191439.631373
2820342922.136126
2689276252.5287566
2725433105.476545
2660559801.972218
2836205587.5088906
2912772430.24779
3007830841.164687
2119944053.4585142
2793537290.495019
2875045216.2655263
2866984411.101128
2750303563.5869803
2960684847.9802217
2781179029.3624725
2851049446.6608315
2706006583.490956
2871058671.522775
2863273506.017793
2608658540.0909424
2917698820.480368
2886848075.526332
2935792332.8286085
2659280717.577803
2794722056.5193295
2911358580.1495733
2819955650.437465
2936180173.293048
2790657921.354712
2942910983.02159
2476010254.9849415
2972470886.525641
2838958946.272076
2924883074.2427793
2885704787.6969476
2800826668.361148
2965616265.6849957
2688372125.8837733
2964029936.0080466
2982487078.0651097
2890102473.3220177
3007075579.8650084
2779012738.2706933
2780811166.9967837
2852123988.1109004
2983637921.032102
2744060633.680171
2810498822.0630198
2879847431.794828
2819757663.408964
2946336078.5917497
2947817817.6130238
2991626683.7680793
2817760181.887201
2874425342.02416
2901110183.6332765
2779246984.718548
2958595434.73202
2867874426.893974
2748415909.766087
2789443948.189441
2788878970.8305054
2818176561.067009
2955176525.918006
2955578232.55415
2864347879.159441
2768217845.9487023
2808961315.806274
2900709417.8551893
2990928763.778313
2892737414.997866
2986689388.9216022
2918277124.2741566
2916304773.5001993
2920377327.03868
3030010626.5471587
2944509905.1622224
2974547611.8710055
2903601504.4726276
2955912584.350454
2880364355.485343
2834279841.9915805
2917491851.1933393
2870185283.267598
2929606253.4380617
2817086766.1183343
2784559585.722127
2868803049.1514606
2711021404.74348
2845587283.969812
2950157950.7501645
2814611435.640899
2916478443.4196577
2763619402.87352
2932963176.112092
2807820252.765074
3020319308.579694
3002991402.4137745
2805060419.3432946
2630602675.2028804
2848303747.1133423
2701558993.987598
2972680498.109578
3077183986.839928
2950036532.9533978
2788552736.197909
2840986914.677769
2876789765.528805
2816102738.5297847
2947809429.344445
2950036297.9152665
2891180989.7532187
2911112730.96795
3007271849.7928214
2703003510.332869
2826266382.740081
2702220814.165803
2684313742.7224016
2920783658.685732
2696087432.8325706
2463016662.8374376
2865173383.5713325
2775822157.010696
3068980281.696442
2771864903.2438545
2904013889.046665
2863590395.128084
2968823361.2930684
2889161559.528108
3018902801.158535
2846136254.582056
2817356447.087451
2892268927.674234
2849148473.6525025
2819258455.403815
2727609436.717744
2924588808.030724
2988368765.0150814
2941026591.314501
2945716175.253968
2654615075.135004
3040602181.534607
2744532336.257807
2855964048.89604
2934683426.8498034
2871949553.9676313
2800806795.022493
2770614875.456887
2862823385.403673
2896302140.6942267
2909896321.5840163
2922695740.0053387
2802406307.162931
2660168954.7231245
2899993177.204393
2878600615.386996
2929167569.4944124
2794173450.3229465
2976345638.159412
2563057941.449947
2859754179.6922708
2783300743.332223
2801533153.041653
2699513136.913216
2892633473.829295
2773135704.8165755
2710569161.021312
2919404496.065064
2689516197.218546
2852044834.017767
3009246540.57239
2591566812.3079653
2752257985.914535
2555487563.7415185
2962704081.007566
2871322982.188625
2867519237.6909847
2854215268.4728236
2880695167.0971146
2561839568.515141
3015514222.6746807
2679062532.7182055
2811240034.704152
2916196054.2245297
2660312798.7934623
3048379573.331229
2786332204.3202996
3008311601.564367
2801892617.6503096
2762323069.9658446
2858666045.7257457
2209033312.782062
2595383007.576962
2402786479.409728
2526808323.1938744
2420211785.971114
2366708087.231763
2778150169.612115
1957933152.0920181
2462835628.433616
2704586027.9994392
2227387071.272016
2601630188.3531446
2437719303.0960026
2437256473.082214
2049192432.327707
2576870546.955862
2564520352.5822225
2436599681.866215
2824196803.7234144
2805254549.9481096
3015662124.8301725
2796078576.980625
2987671469.336969
2610982221.149101
2709305583.264278
2444538426.855622
2388644080.8449125
2770135848.064744
2430726218.5965633
2105959003.3099387
2742452023.952425
2720990205.5597663
2811068928.196327
2649320672.0363865
2552968833.113488
2438339514.5574036
2584889818.921496
2631302845.045395
2124620163.9682884
2347657797.465402
2276335131.9597044
2162349497.7901783
2186801830.291455
2449485445.1232634
2258978904.9974456
2381632230.931349
2477672347.531148
2483754490.4866652
2277154918.878734
2721955519.4770746
2422562581.475565
2825609808.035161
2364240173.588887
2088840893.1294847
2143741117.163753
3049586272.577277
2162433229.7705793
2392827314.047367
2425341513.913661
2735669375.626699
2423976406.4788938
2013420881.809028
2285910500.2206926
2587554791.740295
2614026116.084095
2417900357.152612
2017383616.6833498
2182335185.323135
2552035418.2055454
2354408836.7816315
2085637231.8430796
2270610129.029125
2017957520.461746
2230773098.801425
2506706518.312261
2313172685.9992967
2434915138.7588015
2158490237.073159
2466717670.208097
2499308184.8168526
2738141415.920532
2279747605.1452274
2159081113.041917
2512272322.6497626
2283822206.4940705
2588376130.7676783
2165250338.161618
2455746478.918246
2556317982.2274437
2831906265.830399
2758593630.0767784
2558621372.9414625
2243915773.5518184
2341035268.453534
2666815082.6035395
2516458510.493972
2419358257.4295807
2749237222.062353
2527326807.2383184
2676117885.1015816
2808344764.1690264
2840939818.889317
2792991978.30313
2722811876.394818
2846497536.7267737
2810921220.5098433
2724577827.468181
2135820618.064487
2741041507.794939
2780152282.410689
3019306147.0602813
2399304406.761695
2322653847.188011
2303625209.0959244
2619160027.2325006
2578681947.561181
2615482466.509911
2111525393.221077
2084395259.0583963
1996425577.1184394
2485818908.3331246
2482057950.749399
2141884774.6874235
2390679349.786061
2493391402.2662024
2351653672.27215
2136527058.6941612
2498866714.2430263
2384426838.484872
2191796647.67466
2465372792.714445
2314787056.538649
2541619626.4390574
2454298408.1545506
2525440456.0185475
2011425806.4168997
2135385670.5672545
2388600609.0944667
2707335068.673971
1942390621.2438138
2485847005.872197
2095825365.0590317
2381381998.0967655
2374711713.4635034
2139426441.3999076
2755084458.3211875
2637930788.8057647
2282418485.656175
2227096807.1544456
2454905984.8318834
2419584314.5314035
2432388026.086699
2386523384.439233
2501260663.2281437
1936064033.6620734
2296984193.4553246
2069198561.5138788
1946066930.7635913
2233578865.836264
2405637019.24039
2298941297.669651
2215560239.6841288
2015527374.5842085
2016794972.492941
1997452049.6364734
2070115296.4460423
1902984449.547183
2628410625.6352715
2080831086.5423913
2003322407.9528122
1916238341.3131206
2218656113.7237015
1940552851.6343327
1988384709.8985677
2394184757.7119975
2333320131.238043
2403644774.9031367
2155310696.1556277
2241534502.512441
2547659931.565813
1971797521.2995462
2676299115.8004436
2351378932.853055
2535709202.0287533
2811076785.6352396
2681409642.4069257
2587640794.364422
2465084237.116736
2766143749.184032
2472054045.618427
2236200190.308421
1987287440.6996844
2387444298.3530912
2433081272.7501564
2241606783.607446
2300261637.596078
2648085259.983796
2508580446.261008
2311716283.771726
2891426036.5333743
2675895941.4251766
2630480842.362366
2418680692.4415565
2589186007.9493723
2598286699.039248
2484299783.573986
2667029442.9249573
2424881102.309345
2814545052.416697
2446699408.2341533
2958731828.676095
2151268035.223858
2771370878.380529
2720322188.005099
2787510588.249538
2801208540.709945
2540283270.9299994
2739071968.6646447
2729696921.9151955
2869629748.6004586
2578400895.7852845
2671039710.9557004
2862423444.1705217
3028680173.2022247
2974905270.3248672
2908018999.6771183
3026624236.1731977
2834534985.6305995
2875276927.061464
2782422189.1227946
2750681428.7950935
2865384223.655331
2890794933.164843
2688979199.648626
2837484779.5236154
2794241800.0294003
2991874083.17419
2811015538.750552
2945500889.9105287
2596971100.4833536
2852336308.4750023
2761736984.9567313
2929770740.4329433
2888982451.617415
2976130456.886963
2812729395.072869
2644437669.8754272
2882653993.809939
2877512161.54212
2767785080.707587
2815734765.920866
2874524752.9004793
2828799501.266258
2778325634.0753326
2483472178.7310266
2329186800.88219
2872231371.041824
2692478856.3316774
2661216326.561477
2824187540.272651
2756765854.5015764
2651515376.457402
2546728481.992326
2943278461.477941
2698550559.571761
2730508266.259059
2841243733.341775
2553158715.9345775
2988444195.474628
2646410784.9745545
2834432050.5118
2822423358.4623475
2652265969.7338004
2846432991.710207
2729032590.917307
2586279284.068684
2926426102.6821837
2535213479.1900635
2558874145.4391766
2832275959.043461
2849191048.0489225
2990272373.09307
2695002535.4202933
2455990010.5684357
2722175835.146382
2312865899.748591
2760149327.6010284
2834139196.873429
2946495413.7159657
2636673974.123994
2763566120.8375273
2809416270.531879
2903321075.814971
2539851880.117444
2963924258.533311
2955124863.476482
2981986623.21546
2723623965.125712
2858880543.148844
2682596814.761515
2660307033.141058
2904071239.8755164
2890667110.326851
2960481162.306702
2958500080.781037
2915636848.157306
2581963346.224233
2902870147.065008
2805285101.574656
2886975624.6776924
2940969646.6831784
2859126495.4080267
2735916282.678236
2927599113.5485272
2898272773.4307847
2922029567.4178343
2892525346.022827
2886802521.416571
2870990726.624863
2815665613.265671
2770869383.1009803
2852745577.338741
3022316096.4355793
2920472694.4504795
2962820515.034349
2814629212.8131247
2877865468.3600664
2938197077.5364943
2816656476.4648986
2946309045.52107
2815421214.7837586
2707936799.6146374
2944842542.648739
2826316969.036767
2976730699.269035
2741250943.769831
2904867645.655026
2897437893.9548197
2803951465.9850917
2670184421.3472686
2894160503.926998
3071900174.7456174
3021208377.4890924
2857780849.997636
2999887990.2332325
2958677185.5366783
2814878375.6738358
2874969052.9303317
2692307777.104902
3004235105.2614603
3002409103.872285
3077861809.387895
2977641529.4861217
2816218355.7965927
2758726280.692532
2979438205.400276
2885132759.97923
2953402749.741932
2733951492.365664
2571212017.32524
2688274129.5137057
2907429907.416314
2863851294.752932
2978777143.4620514
2848462057.4433694
2758568658.501314
2905386961.1045866
2943164577.124275
2803657356.837654
2808479125.259679
2854639484.9811583
2736394942.3673534
2520203032.470837
2673724120.9747624
2682067723.1079416
2872189086.1012506
2902300240.9599576
2728966760.0596595
2886653192.7818713
2848750999.62431
2743598767.29878
2907459813.117927
2609198114.4267774
2915905094.5635986
2990443575.773188
2901329491.99609
2797281007.0033894
2915468341.2508683
2840025882.2687206
2921576373.6348267
2910979471.712676
2975310264.053001
2864219372.9418793
2818158535.8224993
2909003248.7664194
2885253412.5082035
2853712988.3898354
2892401387.773231
2834247228.9918613
2928563270.656703
2932479996.6852965
2891288485.4878254
2926118216.957421
2980404340.9649653
2706625559.8254094
2957748477.2271137
2864786686.657656
2726628131.1437263
2913657611.4955187
2954169788.473516
3083006110.0210376
2854419413.0361958
3036022074.576392
2945057483.43557
2853084765.3542676
2999711295.207268
2935813714.423551
2998497253.586057
3089988784.408241
2698059986.9321337
2701425089.8939095
2877632043.4293585
2914061176.467527
2848146663.6121655
2634388812.5875773
3022621370.5107594
2980032435.372506
2784089334.9560766
2757394996.025033
2897374529.5706387
2828970435.1774106
2870899816.546474
2801067989.827192
2973494195.6113696
2758518985.4450727
2927274932.1079025
3000897301.640155
2960363258.82169
2909032052.513055
2720634112.7233562
2942359999.101137
2856488238.5157323
2773447885.8364925
2852897686.720627
2768731277.3843617
2953261715.1637483
2926462836.533925
2780283497.018502
2668744693.7691627
2793365946.0948563
2956912875.9705405
2837574913.757164
2831508939.9225125
2959271508.9890594
2916347276.065157
2901585653.9996476
2999806008.726381
2839722677.0825343
2846782065.401909
2785334914.599562
2674240343.0149856
2790583980.055031
2844146809.1501617
2948181470.797245
2863463619.574569
2862803643.6889687
2843131380.212509
2749089736.205227
2898562690.3645735
3014098435.158031
2918753387.4191885
2918274834.0152454
2523086711.5922537
2861469317.285883
3002592751.5706244
2638019375.1759987
2843710622.1204495
3129739428.633735
3021143236.6812034
2695800868.5596414
2892987215.499315
2754156537.2043943
2908371293.6100345
2506011542.540626
3066103089.6471972
2666724806.031353
2887528714.1250296
2528391161.363989
2841047979.8974547
2864412606.956321
2870368470.7659454
2799426724.1144176
3024121899.2451334
2554531249.489186
2803054839.8775134
2784261110.7895756
3006467486.0424647
3058911571.9139867
2794603673.111154
2760447828.834295
2954905977.22054
2787238806.421844
2839139764.1369224
3093285069.2724686
2815490059.311759
2858374885.4566016
2565618544.631876
2745243720.549136
2924617070.4586344
2862674945.533279
2696460251.9417214
2532103898.634209
2818557889.2250037
2929901388.9369793
2886531052.629132
2750008237.1017804
2951689117.5437474
2879908584.0902567
2933123125.294572
2825453002.5764318
2822617138.2566066
2787875569.348383
2766783266.0670867
2870318137.6867657
2880612569.143908
2928530801.896314
2345874919.1726
2887598174.7318435
3045579363.6956677
2846686261.8249707
2936399792.3564053
2769134087.8226986
2836309953.330263
2767049255.6138425
2890924510.570162
2876528485.1699824
2809511057.5864224
2960115742.4756813
2872350961.5658
2791962883.5505843
2591680895.5270815
2866588099.2565084
2993213105.235817
2885506330.294856
2811664452.7002344
2685768567.1228075
2987945328.866106
2897319210.6426024
2966234396.88635
2873694811.93382
2862150589.153699
2755260457.383032
2685483810.1334033
2750600121.3148828
2747120221.498745
3039552252.8847313
2817669290.2396264
2812565842.516486
2915484288.9491925
2848371040.482499
2863514692.484674
2824823897.3991427
2855105119.893023
2871801756.212399
2987561094.1529784
2691301194.7688603
2857116378.57765
2851999080.702955
2873734946.545628
2920873782.5713544
2855096267.500127
2663163105.177657
2935506065.3485837
2892856087.88521
2969067848.207332
2886256325.735792
2789875316.2710786
2945429989.8753123
2851635671.5115542
2913462230.334657
2821333472.6468954
2931705129.58245
2837647965.1697373
2764393502.5243454
2954811721.329185
2954588338.8839846
3072201099.9565167
2971327009.5543494
2809317770.1466365
2946379375.4627533
2742235405.4795113
2680955411.41493
2752790075.443707
3077102109.056456
2701868594.055626
2931565678.2213025
2935945141.909911
2864477509.628355
2778957072.8469014
3010345963.2009373
2918989608.454157
2806993681.9287786
2970109899.0554066
2924668989.862408
2945955618.9065495
3001965499.932196
2860449443.1657076
2776123784.000784
2838966915.640261
2868839243.758893
2962047143.1706686
2804852557.8942266
2611926779.732347
3008200227.3194475
2757355689.817752
2824192348.5243835
2878169115.119264
3014401115.8194213
2574956087.1023917
2965024765.6933293
2833978888.1539884
2873739091.8212233
2741608711.4863825
2180853378.851458
2749233335.057665
2919431310.0486236
2796859500.702215
2780453251.229173
2844409911.7717066
2371250801.9446554
2626323445.2284036
2442957884.111374
2015379429.2676
2788414832.4193425
2676102836.2151814
2747118252.6908565
2791368174.191348
2825085885.3640985
2892947361.992206
2858655255.3519835
2805074395.3779736
2719733567.3824444
2909955072.4867587
2661966273.019938
2881287944.455267
2735822090.074683
2840040206.9913898
2484148502.707618
2914183667.295285
2976950183.1791387
2773543113.2491336
2624914007.9801393
3080428081.6556625
2777372617.954763
2904256211.6581607
2569514071.9945917
3055157444.4590282
2785008920.001349
2967320830.102024
2856763828.054999
2666292326.7261577
2777404725.8521276
2781504873.746917
2703136760.569433
2663503409.2478447
2428208300.104318
2703157102.579193
2659506431.0750833
2694842226.113154
2803705464.535513
2511307006.4585977
2306163031.635408
2846754540.4041424
2740422717.475236
2861259336.5644817
2730979741.9934244
2824422261.7979007
2821237425.13561
2605243195.5355906
2865836159.59684
2828800049.1532316
2545830381.4412656
2605795554.4616036
2786501069.313149
2824628037.598987
2684978891.795637
2771049614.1630173
2696262379.7687225
2840701489.114934
2586181936.4205213
2749641390.625662
2684960656.403795
2814058992.6921873
2559506472.542607
2657106723.0263863
2844221020.018903
2663104000.8912644
2433704732.56362
2511715542.5570803
2570074166.693263
2448137419.9503684
2485585352.5294747
2619714788.097108
2617457397.831589
2620250444.238209
2827360511.726973
2672264351.94797
2855035576.5507455
2287982572.5986867
2468748680.3408003
2447771732.8772936
2850619169.8740516
2860916397.5680265
2656066609.657164
2517643220.2020416
2280766780.514766
2814207757.5607047
2337549437.626005
2879758457.111986
2709618499.5700026
2868410170.46929
2814979948.6393914
2815991267.1392417
1781272150.4992545
2754116534.5658903
2949517773.562644
2461455606.916205
2705082284.013038
2949235995.6619563
3027540449.474857
2427078978.7660494
2983027658.202545
2794184381.9166765
2981305655.028733
2337713965.677088
2523999959.554326
2148406811.9401355
2192708137.4921823
2358128227.711619
2005298286.4276102
2264727427.7956142
2068617456.0391922
2289317716.5206227
2471650230.03647
2241568335.0983825
1655641034.6089106
2074755777.0689769
2132269402.3088803
2049978643.9433696
2627275865.6998153
2090432468.3216352
2339466018.322606
1944255551.9913785
2077084427.1289792
2200088087.8355837
2289200957.98376
2311914569.2843437
2005623734.620445
1901519156.9833124
2205363592.066819
1910801305.0951393
2152999741.684912
1766603578.0080419
2405372309.1848693
2089758153.302182
2254938040.604102
2223767426.6817956
2107817976.2526574
2396850335.822366
2004276109.0448735
2076832219.6209013
2274620104.10998
2568158254.6605706
2488223483.2060294
2267874410.6462574
2095322701.830972
2285001013.9246507
1994341879.1240203
2318337972.041292
2452789710.741561
2053487779.7357154
1763777168.8736794
1527443500.7854447
2119040486.1309977
2300922860.071052
1853159620.4025407
1774623815.9392853
1547071105.148662
1719059696.957664
2290128560.716526
2425206830.068648
2054448820.5299265
2031162116.85615
2248317053.048754
1967458984.0013492
1833868582.5878367
1633476642.339303
2468116799.446452
2195556840.8571177
2843246416.6386595
2366417430.2229977
2344874037.5278187
2038646696.2355132
2285972925.9750657
1735906504.4711633
2164785459.6584024
2467758011.842872
2328585941.957292
1906403282.9959316
2376090067.385855
2342417911.0739565
2078862873.9289653
2290794245.5746427
2456871492.569573
2315827710.074405
2193438063.0526733
2818377825.611264
2003219120.7719076
1803845300.5354936
2453500043.3307486
1995769907.926465
2024848063.4776433
2353315058.609433
1957607896.2418406
1974365535.5669487
2646730125.767772
2440996608.277796
2071309325.013747
2577517433.127706
2113722874.399192
1782792896.827811
2097156709.2513423
2143907863.7003584
1868509880.6230817
2544803724.434244
2438984594.201269
2285443914.521044
2166994616.0320315
2049270285.2061222
2422886135.5950727
2104102984.327732
2079609034.166463
2337259817.992964
2097347090.149005
2198034899.2582674
2025193893.6146262
1910438475.9682355
1813202814.1936386
2171806741.1842637
2485548188.041028
2227427543.2252164
2320172607.3884363
1954036753.7442546
2230709592.559332
2495851803.3984838
1966266511.9162905
2227388197.622882
2409548041.739952
1865439782.8848433
2462929603.467594
2008761983.3804147
2275982899.3112087
2008828904.6331332
2568001482.002678
2432996947.712336
2184195081.1330147
2047096856.3663852
2027860772.011475
2021004999.8342614
2665850469.9722357
2398037131.728782
2125997300.9476147
2948136532.450824
2143619457.92198
2364058040.423273
2244631349.488959
2219081132.589912
1931861367.5096233
2694280561.7907257
1977394140.4531
1714554215.6839514
2302161838.6740108
2091855854.7550306
1705272787.5018363
2136134644.2939265
1766256714.7966409
2344382470.4564037
2211285191.099022
1680732732.8269653
2527770044.756549
1632979563.947622
2706346430.260992
2270242252.85016
1893898883.6788855
2254355451.511058
2306611813.460395
2220126724.7079325
2449465268.609529
2463622758.4206038
2527446336.876916
2488118891.064064
2334278554.5421534
1998322915.3610883
2244941217.775195
2124676613.620328
2507120558.8670006
2162047352.6852436
2116616739.6998887
2143152024.2070706
2631663433.5316114
2394793321.9348264
2501724622.071905
2103551997.3621848
2049603907.0465171
2097746334.0225186
2264868550.662502
2313006458.3508735
2384564704.0955124
1895102729.4857044
2185192912.799822
2024895729.1576972
2100157079.54893
1682870872.1226075
1875602826.943925
1941303533.4900887
2133200702.6258922
2144494497.696159
2063482551.2402525
2222102468.3664966
1865755467.699439
2242687457.6672673
1950442141.0931292
2292769834.5425806
1754741090.8116627
1989457819.5411694
1971465031.4568732
2217876318.316887
1872759788.0650537
2111579635.7828448
2139680735.801799
2272684873.3765683
1742840078.5113494
2306466071.6357713
1968798158.3862653
2179908863.5708823
2394823316.462273
2132037267.4454167
2138092682.089856
2317468829.0244164
2228391804.1071267
1999667634.3629
2375520935.5820465
2407421781.77843
2691443461.6902046
2276470828.807676
2455743584.0061235
1881783100.0559027
1851107025.4497218
1925383458.6110752
2262362641.7217536
2216753100.1878796
1837412059.4728665
2419459374.9023514
2415864298.851907
1682339420.0527506
2062804072.8788936
2266288246.2841754
2015877199.343027
1738371200.0043354
2407621685.62016
2362832469.623397
2049040901.049717
2025301750.1776135
2204263908.73448
2185775146.833799
2336512328.9509306
2147176072.5303748
2325322931.328698
2226995507.883187
2340753602.7999554
2333195836.6307845
2086583942.9778874
2325310082.315324
2385073999.600748
2318567263.3578362
2870586714.886637
1759943601.7709482
2083035434.9928157
2434955356.8694973
2527626872.8719196
2128329584.8943074
2533201549.2047977
2152017459.4578786
2200370313.566421
2404437190.5073404
2447110045.3526306
2144567688.982064
2466440107.2967906
2269579883.404515
2102089710.304981
2180477376.501873
2086451546.593325
2682134038.4640346
2636934433.4902754
2092729417.3341446
2524214096.1863556
2745607847.7654448
2733005490.2248454
2284369467.6901927
2348167328.0444403
2126693251.9559023
2302366237.7622533
2284020192.9757137
2401020063.292177
2234016667.3149614
2779556806.442372
2577334868.731007
2686619735.105732
2229793854.8325996
1761749863.7644103
2573477051.060715
2452328857.417084
2777493392.8351765
2775692587.499541
2555133669.8692565
2244876408.6928277
2470008928.1663322
2471101820.7823076
2511008717.2009206
2129605726.5218284
2311903121.932552
2592682690.5975456
1906166059.9957845
2296094044.718989
2245231479.565736
2198951043.337755
2118861210.0130806
2085500437.5139434
2486063622.86887
2681620766.4071083
2342961627.934387
2437654458.109876
2138266680.7898064
2781387185.8433647
2194673486.929645
2249146250.9153714
2157688641.235352
2347710707.3454704
2314475416.745798
2144410709.9913347
2453567278.321594
2215978426.95785
2477379412.2255554
2180672668.166704
2476167196.361447
2050205394.9884837
2260158190.2036877
2361197565.913749
2760684989.1547265
2427494676.4339366
2871349291.050024
2237243270.3608813
2558337631.7939396
2356411144.5695376
2184047768.27236
2136026535.1871414
2652613706.9277964
2242891237.445835
2218017175.111208
2147149503.704903
2355472900.042899
2737871241.982274
2454860585.291084
2196793318.0779924
2135929151.1702225
1663081908.1489894
2136954012.3285615
2123679242.8891115
2646911691.1723485
2174212894.7758017
2525577862.021232
2500793148.4047437
2888373727.5977764
2264181336.044345
2476455424.1188784
2191500727.0753703
2288412356.298192
2343057107.5825644
2391936684.3234468
2344765445.985986
2400919441.0790815
2643052076.49039
1938855092.9820323
2244985736.1643076
2447577857.655898
2421184008.0645
2488339853.736955
2706590624.5464377
2510348541.1176996
2541410384.8274055
2426928619.442742
2723811033.186638
2514512245.076642
2026477631.091498
2441737760.912983
2603097327.9553347
2770242701.6593447
2146531872.7210188
2160992308.5529304
2663773828.2282777
2310125269.5384398
2161699119.0092454
2588654761.986137
2488644975.927676
2397721053.8430767
2385838483.1098247
2756205745.6656275
2647537901.1609087
2543064215.4887104
2731849634.453308
2726720874.5759497
2602579544.7513094
2506576060.617214
2195061430.107241
2209131473.4512787
2558001913.460601
2668179730.809168
2545602988.7178483
2748525492.1777062
2832386426.3409104
2943894345.548898
2294039604.29867
2191247731.371421
2267359241.074907
2729790141.2676225
2260292790.6892815
2331313721.7291183
2390125744.129832
1962706336.6975656
2433675312.7835937
2071463368.3134606
2175699245.025647
1925138303.4559267
2218693538.9616528
2007578779.266389
2208664658.4315004
1947298283.9373958
1971377856.2212863
2468277922.7623115
2482298393.256561
2591920553.129933
1688498886.3199928
2542416440.23667
2003539594.0295527
1835782359.000949
1753592505.7538965
1961537602.179233
2023564804.3264756
1668487264.9393327
1991349595.5677526
1538955525.1395884
1711136185.5816715
2093844416.5963893
1742152960.6861324
1720667012.7186284
1823452488.994295
2240345727.338507
1709168976.0210924
1967323144.5038111
2074725220.4513795
2020709434.2059681
2248150933.117571
2004749697.5608423
1836770966.0172791
1530452548.2653618
1592127127.3906608
1736446249.1551218
2006283735.6778579
1923715391.7597735
1858301749.2409086
1917955351.339039
2146239957.5572274
2000419544.3861697
2008354124.0318131
2443856442.0813174
1990571392.2247458
2079859073.7968783
2114602929.1354756
1867514651.0250344
1919219742.516272
1825175963.2164092
2254489112.21877
2020729041.4120862
2227096931.659257
1707275205.3962693
2185550518.3134513
1933071937.3167412
1727342809.837207
2289364210.2182326
2029622296.6145928
2301370301.508204
2501419553.5983887
1432484254.9859424
1893147064.9812496
2202391562.8073153
2024742975.644011
1911164309.3159869
1891388979.0252323
2025177486.4018543
2182243490.92501
2145360486.7422187
1857712794.7517383
1535261458.4219923
2110751810.099233
2022796569.940507
2157097537.3249974
2087368503.4924731
2077483241.6882913
1743910880.7152498
2025686498.2210028
1540412811.326334
2466557492.0825324
1909957405.3977776
1984514314.5379498
1994328888.813617
2236051464.1249747
1655391794.6782732
2038226441.6450665
1880636124.883604
1749937108.708299
1851342941.3019562
1997989361.409422
2121339051.7282157
1747742965.1369066
1937431163.7643926
1875911218.1770704
2279939125.677992
2196043538.2342486
2086288688.4672356
1635718234.5284402
1588265380.779363
2192968843.07136
1994116114.5607617
2239863183.883146
2171747064.1978464
2214597782.4358253
1763930260.191635
1367562758.0803971
1811903319.846322
1800192673.4168267
1714039376.8647602
2062600888.3476129
2318778833.364071
2026081130.1440654
1989204229.3167937
1967318883.7674294
1987979579.7283
2027373979.2529817
2241365612.2512236
1972686187.7090023
1900475773.7610326
1937580670.5819542
1966213871.9447248
2224066197.7731924
2030484468.8396964
2619635221.2074437
1717948611.4884372
2015145162.180669
2328601791.8314695
2246200266.661607
2254858510.647726
2424602181.273904
2556246721.850622
1847210344.8580637
2421034410.961279
2284594553.005238
1818365126.154938
1628456221.1040277
1846055065.2043557
2376534547.4322743
1944166207.7038069
2018326501.682522
1811015018.967498
1839039985.8061502
1853610524.2744663
2118365404.3136234
2150333570.7130876
2128208003.051202
1787231589.093542
1809850886.3523777
1946391786.597067
1829726691.1393898
1967178309.527753
2184231728.2706695
1929793460.18168
1790429152.893034
2137665149.8515565
1692457714.8735769
2325532518.552527
1377732231.8547454
1823052641.5816963
1790719303.319456
1612773788.1239724
2111119535.8389447
1715886179.3818352
2061186599.0290847
1952696172.5503256
1766344900.2751858
1637765700.099711
1375841781.0660121
1436672303.4547484
1310997599.7235537
1178158660.050161
1815706990.167808
1493129578.6843686
1741688267.6617637
1516018554.37404
1457445559.8862863
1493639878.8905706
1514613448.2578168
1414572127.7580166
1433870985.3954396
1522572978.058004
1459961741.8426068
1324842773.0266829
1267961380.4122355
1333719421.902117
1343421478.3595679
1190119078.5028732
1123737222.453409
851065622.7840837
1179421100.011519
783253494.8102641
966848907.8323979
866303305.1156665
710126053.5975157
984792977.2522414
1043737186.0634968
1106016032.1464617
1084453568.7977376
791954431.728442
680213183.270753
1381341763.8519406
1009895532.3675448
1206451175.6802652
889991323.6842431
1165655827.120775
954483671.8012336
1048153699.3526254
925649419.8706737
658786772.0162731
304309905.01051134
549729062.949822
181529528.25943524
821390316.76319
659934923.971719
111780370.08179191
1038695091.6436168
642134576.4927204
1029461007.9202411
738956889.4125538
831674391.5456536
766250549.540685
964410300.8705375
805104451.2528248
1237799103.319075
1032835356.7790651
989734764.9251603
924605077.9561069
839354753.9046667
939993693.9985238
700586278.9990495
1143533020.0664032
1207185805.3900602
1032934623.9534587
1119912928.0785985
958944554.1122589
1182890844.665128
886791267.4199693
1120557726.9572437
735651497.9240121
852583465.7220522
1211672061.8421056
969572712.5298535
1014663269.6057701
676631589.4058455
603238565.3774644
711911475.6421958
759697990.2683144
953835867.2052234
958902031.3534563
752818368.4220293
827444889.1638991
923843362.7737143
998626054.3534911
989217810.2409307
928816082.3884339
1008762489.5342622
1105179234.271299
760915616.9314904
779155351.569089
614376323.3824944
225655437.34315634
833033994.0638193
816761167.2833267
814825664.9703192
1105037633.5553536
952638461.377101
1328559414.9117777
771633343.0916518
1084286596.890965
1197634703.8995059
1174552214.824661
1254367974.4418972
1020201302.0604315
1030346452.186934
1273612229.0637994
1458411226.4562292
959424605.4421029
673477973.119098
941915600.2171438
894032176.1674474
827415793.1214263
908716595.0545243
1137129288.043616
991131408.6740869
926222264.1431391
1363968535.808982
1200532540.892762
1029598439.7430245
1516229756.4111223
827505351.6333394
779882109.0319397
728191852.7674536
893797336.5314369
595162995.3192841
967312655.2380167
796623141.7002711
291560920.66060114
820663641.6783819
1161912522.1288757
1117828561.716497
790243625.0701195
842065535.1500311
1174321008.3265808
965177644.209966
813467392.9231454
1075807980.7318907
748735317.2141019
1215748801.15792
875988664.5899712
1218449266.8678093
677201040.6060663
1182330885.8214505
899784018.9012762
894491025.4030969
632904246.9209841
283619228.570813
680043916.4646745
320372671.60466814
934812096.7295676
593647164.2095345
155516040.67366207
612439511.4657781
378798179.2571488
186539287.46373883
1225088964.6602156
1078352817.5846977
1017712660.0714757
860092596.3219838
927365185.1093373
1011467924.0071037
1235713072.651717
1273913443.2104847
960785563.6596025
1107755653.8125834
766172178.3809023
635300846.0872918
305620645.889817
574667726.6259221
985366673.460609
913414327.0565178
970371900.2994192
1309282789.61575
933189714.979216
1230063630.3903267
1314087482.4371622
1306720185.6595078
1068910744.4110467
1300294719.0231056
1322549650.3832629
1169581387.8656123
1383464609.0293689
1461881952.7071784
1123761772.541629
1316477124.6184428
1305432272.585301
1624440458.9429817
1213190063.2119231
1206071883.3791804
1172246547.8184426
1024450478.5639896
927525685.0922945
1314136446.1363778
1430093645.4459186
1217886377.6338482
1094447546.2484863
1330335889.5107698
1263144710.437744
1539270829.4400754
1256787240.083345
1342745438.609982
1171701297.8361678
1190908594.8848822
1512498111.0008862
1290210972.476481
1293438810.2099884
1224780014.1720932
888069202.1627513
1221253556.4273143
681795215.8063937
845837535.1576569
1015951065.6563551
1135481368.621347
1204387388.2002885
947291864.9779772
870761682.5511919
687517898.5563197
1140106679.7097752
1041201107.937081
945690181.6415914
829732274.7802888
967393656.8325745
762424590.7374127
703084958.9291936
233950212.097979
633313098.6593417
721090204.5900416
910732848.814695
271079583.98195195
947785339.6905979
999619378.5432956
1035958262.071062
1144580583.4742775
1320852820.1676164
1147708650.9166722
957883176.5427514
806935152.6481644
826008898.5296514
1014185044.3668121
1007885583.4651817
1005281598.4225191
870628424.6411817
839024667.6758438
971272617.3899963
911114776.0417154
823095040.9747691
723941426.5598124
250288151.65307084
1075896962.7435167
809096452.0342399
732375304.2236854
847568594.253787
901624163.4426324
984689077.6154032
768963104.0769811
882899141.6545962
832323855.6696936
221889942.33716553
919247546.1997461
933746508.0674719
1104251484.2367182
967422396.2261008
536218153.7107563
1246442747.6589043
1095358437.411033
1054454855.1393943
1015538558.5452868
1141900551.4687326
1282160489.8811607
1042655077.5349269
1257125885.4202852
1054907801.354416
1070480050.8554332
897485025.2543269
1234520085.3399868
819987376.7085708
721196235.2549986
838875427.4463512
997460647.8816233
995598717.9989376
911416799.9299622
942993968.4624288
622844012.6496807
288282021.47817796
952037943.5217671
695597647.120608
723216807.0232697
912325452.4169223
888611773.0967432
892408388.5462781
776455712.8896359
677011810.0936579
795580952.2355467
986630921.9630029
811984220.481653
640263704.6589625
901519980.0253824
1031162364.3405668
926925293.2947197
1013340437.9153945
1111007971.6682072
941905493.720151
1047595554.3670441
759299185.2121593
673639945.4117498
705978343.1485678
964621563.4120547
707379612.9597905
980420337.8738286
937964253.7567512
591206004.2670189
289286702.778121
1018112213.7118511
896520092.9668133
1064297718.6704552
865672220.6347846
806222676.0632966
1370795233.7978487
1007457445.0691246
1174825325.3130064
1030967994.207409
1185671127.0619981
778799494.8004488
937325708.1976058
1347183521.0093622
693868902.144342
1195352134.9246573
1277129972.215819
1464552556.711794
1217242561.7949553
1083308397.2493093
1312092890.1634147
1270739174.6845613
1605733956.2962332
1582685985.9505312
1322804771.0043359
1194961628.4784174
1543536925.3552039
1638177215.1089797
1656022887.9019787
1644981351.600523
1328273593.2815998
1798901669.129076
1503562419.552309
2044236661.6780043
1703242193.8265502
1540741484.3577657
1414943905.929511
1211234021.670553
1296741747.7664936
1303283935.1652324
1108416086.0280287
1187427802.986616
1254796746.5520976
1338158541.8509564
1427622866.8871646
1316674832.0112698
1481050034.267541
1269743923.2148335
1607521423.5392623
1664883504.9855728
1565547145.6020045
1183161755.0441866
1511272556.2964535
1246761209.3733878
1154633947.1047509
1199277868.9141116
1318497699.0341685
1629717055.8051317
1680557276.5317132
1685255289.5455465
1308446249.803069
1895452039.4686217
1249868080.805433
1735724498.4337077
1606949668.1572237
1378340212.5635085
1221418573.9687173
1516173501.4674249
1258069813.692477
1283514729.7417827
1015621733.1054182
896485257.3410279
1226430355.1007392
1028636213.8249061
1085064361.0936332
939066136.1446902
1145358080.7861598
900024828.4469717
1363781093.1875384
1297609417.2874074
928680458.7929482
1425785997.7475278
1496382711.1878695
1050250599.7750561
715782418.0863103
1284768475.7615986
1029948351.2862223
1245916738.1647243
1252641909.5606987
1626882002.97094
1075898129.2665615
1244554828.966435
1007319985.7202133
1066946922.4197171
1022874335.0033569
1175733167.2943044
1075706415.1485224
1471443297.9570217
978801289.5928456
1268704625.9130788
1175289067.2259016
1348265995.200629
926018495.6737783
1092568259.5091414
901792274.1290193
976881011.2408702
875432081.1385642
201573892.00226057
1197565743.0309095
1040153132.3781345
654310406.4653271
861762443.6905799
778293316.6428556
600238836.9873908
542587813.6981047
308374035.56886804
475030325.1948194
628941953.1026608
629036612.6385578
938207739.8446047
702822198.186255
1050068657.8993028
750622011.4262345
749969263.2772787
1055473777.5832367
957716916.5012918
740304855.0111178
626216789.4698513
909832539.6887531
795082245.1919289
741528931.7788168
167959682.03206676
987606256.9358573
774075945.3195978
963027169.2741866
854201142.7791852
864234541.8467406
892023035.8546743
908558846.0637156
774247142.5554905
278493251.8920003
1115475016.8844588
1152526663.520308
863941010.2636817
1157425484.9850569
1140907695.598169
1416817687.7145946
835798878.3174312
1251365145.5340776
1313290834.063927
1257471599.8935568
1357503269.909543
1366523056.3842673
1223296036.5480325
1293859137.2828503
1417094294.3169785
1340463663.064928
1474972455.77613
1601423508.799956
1171323592.3321667
903268595.2392884
1470999149.5630646
1330965532.577391
1326733843.766828
1599280289.6470473
1665667425.6507578
1295900103.6207902
1476660619.9147885
1205282452.1405177
1704532055.125763
1244312711.3866427
1551871735.6094882
1282644714.2211485
1790314831.1345124
1222003322.6771398
1705259808.5288653
1911919360.175362
1623446376.8643403
1984708845.553059
1659191870.9602082
1406035640.1670415
1686048100.5689223
1651821279.5208173
1462815444.5932422
1627309706.7961967
1686048755.153151
1551963477.2182376
2127261189.220416
2068641305.704982
1883233195.9247484
1820354083.9162881
2245951557.644574
1718626113.2552986
1636678927.5268788
1289195670.1565652
1081694778.4402084
1744858773.5703547
1604034260.6220813
2117489326.3707862
1665958580.8549109
1257310516.4437194
1500141073.6526117
1334848576.1789498
1537781952.9030123
1295308592.7358727
1247548882.7650023
1119044488.1804273
1057318247.0472645
1099443866.1808822
1317500076.248197
1112337065.3763824
1235110459.0338502
1441980133.2187185
1746865537.6018908
1014513488.9530213
1241260337.5112674
1157750956.26567
1578904966.9134789
1300075512.6554685
1333581262.6463704
1452821449.6242943
1642757735.2091672
1342375370.4584732
1553889830.4563303
2004693337.2940545
1634473529.4959466
1529795921.0986679
1551640750.8009293
1367407683.1606424
1434020109.9772053
1077058726.1823483
1285826050.8707185
1708478230.5138266
1319110303.1283379
1256085587.5059385
1363307116.6298769
1490695544.7862022
1721445018.688697
1402294121.0035083
1289071116.2358172
1573759597.8000858
1383914127.3521333
1351752169.6571941
1413326261.4684756
1693818408.0747707
1484846807.120627
1798530245.831262
1465350097.5006108
1386874049.402644
1421543855.5708885
1517846708.4751422
1114736802.4224837
1827332811.5487437
1463196307.2695026
1293684130.4620068
1292597395.6277509
1889286736.5334132
1364487624.4189835
1363055770.972463
1073861931.0782073
1292501435.8679557
1424092655.6593876
1519370706.376611
1533573152.2776873
1210228501.5996368
1247412500.950579
1372696478.8281221
1036921303.2603579
1250952701.5816844
1394111469.8646612
1813504090.9891686
1524813758.9494262
1299290903.0195332
1643076717.5477152
1274457260.1960564
1578358232.77949
1379894176.319273
1262912382.110652
1093324300.5851433
1558431505.2592616
1423765893.100158
1413596367.0616634
1258615003.5603695
1540058287.3074753
1449287599.5554101
1321738249.4412239
959397181.957733
1030610785.1355335
1396865799.053536
1175567214.9462261
1119938019.1893394
1299458114.2354171
1157412359.6675696
1414237318.7660005
1385349498.172087
1143166129.810701
1354210309.498865
1175795599.8487427
1050052303.4122195
1142016663.4669251
1091568612.3755643
1036769677.1026201
1452246911.0803986
1302636281.9775488
1175431887.3658125
956630847.8509654
969917259.6591313
1020444248.6998107
1321462111.5171125
1190332802.5323887
1016618148.6636933
1060225975.4747708
1086350547.3516815
1163164324.5742078
1109319236.1656048
1398921432.8055196
1044708854.3736459
1151856947.6680205
1174720555.0618467
951474925.5608165
940253028.6397182
1012566935.1901178
1332009586.8028443
1181461603.7291222
1344313558.7741864
894725094.2588695
1144169062.3607125
920596744.120151
1310989428.0492108
1241607027.9531374
970053497.2052867
997748026.2475766
959152709.7763395
1021385302.1629174
878976914.7744571
907090793.8680242
793270320.0594858
848655496.3056966
1142670391.270918
983821867.670948
1180997609.1551108
948090371.7593764
832564342.8730483
996825311.880755
1199115563.520732
1624630579.036862
1195436639.4437368
995509592.8296217
1318993677.1783228
1183403071.73379
953414228.4150294
1099584269.013153
1124464059.9088373
991041336.2685729
1441521579.6368184
959943425.2120613
1183145919.1570213
1232199557.8472266
966948794.9927459
1040780289.9301403
1005241948.8111078
1043439425.4306322
953285539.2936174
1213615948.6417813
1466866510.2751262
1284045880.5795546
1056114994.8629181
954682863.6398882
1254704404.899613
1094762532.514235
957114954.6095914
895847300.3006799
1071564134.2367988
1044150408.3853811
772624319.8948746
1141567733.564689
972308010.5767721
692696640.1333044
834829169.3177798
1307069993.0466142
1022465573.47085
1085076951.7664704
1162447037.2001586
945302079.7391677
809495438.907484
1109888957.1436243
708192564.2239016
1117907650.3068345
1042966975.3122189
1205925923.7237391
1174081298.406271
1107769038.2163563
859878697.7192653
941272434.073099
686715163.1521996
904509293.1956252
592760746.5945652
1144283001.3930585
995344415.7200584
811826634.3595159
1112888423.8271265
966734605.1255558
649290374.8707464
925211568.8728714
490991526.5093784
776155131.7067645
752285478.8482896
490632398.8956785
880829167.9347466
494903838.5110431
544780647.566442
528744595.7649709
508221108.3776269
522272139.60883784
623119677.4693253
142805877.32470912
687357817.0257872
854665649.7249727
744733382.9809729
787716789.5076494
959942534.0283854
717901221.7939796
815730367.9362341
474369363.6283501
574179991.9203161
377369193.12673855
615618621.3122481
676415750.8668323
740793799.7184827
845299415.2937065
548126102.6074609
252980354.23050117
931325665.0713727
621283980.4017357
474592696.1864523
661135515.8694268
901013733.636374
571734441.5926086
522487261.68832976
444983462.34152126
722562387.4451865
522290074.6378726
592566972.1310518
517316463.91161644
181681752.33441937
717064167.6120591
623631193.6661216
279502464.4890033
676923053.5702538
523594467.29952914
130533976.1788109
856997800.5858985
801640080.3166742
594535610.1838533
432748410.32613397
599417249.5613585
695254862.8501489
729916406.585123
794815201.6471003
573864512.3913772
976862064.699405
561029172.7712336
719455440.6960961
640225937.5540009
599707233.3455833
862107521.5310745
668974593.5545967
925259310.9226836
527361823.4634796
767618627.203693
610293153.1111815
722408058.6382484
688885529.9599552
634494254.8577757
736643173.7158871
858267403.0816348
749949613.3198631
849008310.9548873
696932251.8178662
1135966084.333694
935868065.312951
843734985.7572886
754381966.2607322
878784013.0767664
1173933540.1169896
823457342.3022666
1053350016.1058843
686763430.0230676
1128082234.313645
1182736326.9005723
989156682.777498
1045848349.6717877
1096200560.3662453
1062392974.3841246
1081103262.3147924
870178010.0596099
1264929891.1763484
1157708278.5509992
894335437.6281724
700105270.1627893
939178751.9790229
1016209072.4671177
1023352109.785447
769297268.2550894
1006371763.5830445
922813656.9866583
1419899565.1759536
1036286402.2999297
1023987833.6254418
1368927925.3836408
1014249847.5689504
1165668248.7430067
1053345362.9735341
1049263339.1558468
936208623.0631884
1096855425.856761
893402003.9299183
1036337171.0781869
676307300.1131264
759735390.8833561
1139073527.371264
1136155740.4374473
1358096284.172642
1063711028.9974267
773944638.02341
1017013199.3834753
1118850793.4475808
990914211.3133587
1030290795.0800077
630769558.4092588
666092941.0022602
1092699814.1044252
1018325498.9725138
897334468.2463325
839970429.0973349
1104517278.429457
945831584.2630546
834115464.16003
882216980.1767008
1253405788.2015672
999329212.8200611
583932931.3195572
899365960.3062426
628204701.4588518
720132018.348232
527159205.9886501
724792360.6057594
857031372.9671624
370496300.9293891
155102896.8403549
772836075.5721235
806357287.2330388
516712646.8062792
696815593.8804334
585978432.9463016
90876165.70938672
777223161.8729908
784199993.9874945
154200256.42316192
726344960.1515983
594846057.1109939
595824247.4776288
634603352.2694569
687129455.9053162
676949538.2389091
802444748.696192
644085583.7788116
630562085.1417019
985773897.9245099
692215573.7373829
1000056293.9750012
1182407285.8461883
808910098.931955
1252776043.6683855
1235956146.4548616
875847151.0312711
1192034834.7619853
1091427643.109615
1134661376.1677995
1011168555.2435033
1367175250.0517166
1038591809.4527256
1364334608.2437174
1238545200.8456576
1243480813.4811814
1472197442.1607082
1079132538.9038954
1254508405.675775
1493812222.8658292
771302382.7660588
631817294.3308725
1132085721.1969576
1569041431.1086698
1559783079.7062058
935797202.836503
1175573248.353034
1170736399.20924
974522725.6792551
890848511.1120456
1110481481.9442887
1114480092.0796826
907366509.0580553
1429140322.806658
1180344198.4539795
1490775981.2770033
993618109.8229227
1247192232.510744
1247521330.1664977
1076395105.3229356
1300379726.4735012
1029007969.2105573
1170632790.40566
1011248963.9745102
1368111345.0227726
1530789774.7361841
1419778741.0666757
1177207983.1357663
1284354806.541128
1418868912.3640592
953278113.3494514
1944052117.3790417
1197357629.1659982
1132480985.2388556
1360545800.4545214
1203243570.3287997
1332171600.5063343
1478476607.9679973
1193681144.7217257
1211969161.5492105
1452228649.8685076
1386855802.8109858
1168019254.0578156
1269096759.8818626
808807960.9344606
1201941571.46775
1280264175.975807
1469385596.9571724
1278871788.1308393
1356675867.8844588
1456611570.8032362
982069215.4603086
1368144769.233765
1539901271.4948857
1371242562.8250406
1295559243.8597574
1098993027.8969357
1527211557.79989
905778035.6864306
1308289758.4741948
1397979160.7410727
1196352929.0096023
946257158.6071316
1409813320.0524259
1171326799.0837095
982625148.5530888
1103811610.27451
1383148266.6246886
1204771214.9571462
1335361600.5390382
1346024873.6662276
1571342487.5986676
1548128915.4909806
1425900050.097216
1381248555.572978
826719963.5754819
1465251123.447183
1140888783.519826
1061082310.9647714
1336332808.9348888
1360812466.2614946
1572838668.7429736
986890695.1915348
1409576675.7207892
1299889201.8204503
1192497086.3058999
1415982419.9286096
1232958339.147364
917517370.8744284
1200909168.2077043
1120348615.0892632
1548546847.1844923
926665161.3471379
1100550495.531603
1253729498.8857505
1068130342.8644185
1274035481.2134395
896106430.8626482
1288225665.92661
1640785904.9098902
1606755379.003258
1432103402.4327338
1426470768.565863
1296729386.7155147
1850102581.9744024
1136149919.1773777
1243368865.8563712
946098888.5408996
987011516.6537274
1524606048.869658
1185460348.8131292
1371174479.3108306
1210372256.628235
1465902866.4425433
1199424720.9991093
1229002476.1920807
1183708073.3941462
1143732623.865171
1225125327.2057593
1301923785.3373852
1393802105.9778838
1171773576.6277647
1165727632.684972
1094169369.2864857
1416749922.5624182
1089061830.3148866
1493304634.3978708
1111779519.8787582
1324403044.0436876
1354127105.0725079
920716778.0860987
1004541591.49472
994407978.155673
1162097329.4425995
1213435596.6846318
1541937329.6207364
942911450.1323348
1165680983.0289679
1174517529.9565187
1205873030.8535838
1398928141.8390493
1200929373.098695
914387426.7150428
1576609674.3872905
1081904090.4855728
1691965210.131479
1134480536.2066357
1358310328.0225313
996258527.1338549
997120711.5853409
1346558280.5287752
1192674789.4622173
1422292572.2043746
1024906701.0003942
1133381302.6990037
1351868969.0209377
1247374513.3156598
971970263.9618839
1165915441.1578572
1359138175.3003724
1482445244.909193
1255833973.553606
1298482257.9487739
1288429173.519511
1265943707.6916292
1250243252.0429635
1458109118.9425356
1561133736.9860501
1153647096.1575508
1298947865.968342
1162735074.115642
1086937230.9141834
1083382801.1487088
1262955984.4913082
1156290026.6363568
834019617.3514957
1665541999.5463805
956699241.9843248
1442603065.9648185
1465420482.9596367
1092399685.1036794
1467624429.0800147
1398510055.3756392
1132567107.6119475
1316213386.4704587
1430910670.4208164
1679275599.7094653
1376335613.7224388
1449792825.1768343
1307332171.8622415
1386741467.120052
1493722996.0562208
1437604139.782636
1544717182.7281168
1292459761.9891918
885004961.8805982
1430607522.3252857
988651428.3483105
1533232074.0748677
1346821567.2636604
1224994412.868358
1009550227.8838117
1027293368.9269732
1355078799.6468058
772428576.225677
1042617368.7046788
1368419195.3357947
1313708397.3857346
1025737251.461547
1217944222.7809424
1429656780.0627856
946873170.3843203
1400905271.7429683
1262927860.8031378
1329147995.6197464
1186227131.012641
1757687756.731347
1157994791.1013143
1082379376.4054768
1247467391.6898408
1296056469.92178
1518871832.1043127
1310934535.2805364
1771797166.373598
1299833409.882876
1097281010.0121384
928033601.6535062
1733929988.144005
1456830755.4316432
1396604447.1500914
1630921550.59826
1271430669.117556
1428761731.9697456
1233479251.436927
1309085058.3987277
1038073568.4857486
1419279248.5017881
1467112948.3693469
1229107272.0059953
1424734167.823968
1521819534.8434541
1073021941.3778689
1371170373.5782502
1175146980.759199
1203183962.0779152
1217982141.0268376
1380604688.1969433
1500458560.3785338
1141183288.6343367
1328832097.995873
1258416720.634608
1284548913.9036317
1157295607.3762767
1294103541.272792
1106409106.3566492
901908493.0491371
1063772773.1885393
1193372719.3182313
1117794694.442322
776758317.3212781
1116467315.214228
984854420.945681
1242577150.3889375
1040677545.5023563
1107387048.651905
1126886239.38289
743494714.1536293
1318376727.085501
796298221.1330538
763319108.8491198
875719099.5468519
956831851.7306991
1102953130.237848
879542223.9075555
1066129455.2806174
809668737.211001
851352732.5981648
1163812408.6267958
1016786378.8574778
1164194311.0698245
1021892480.5054135
1311306039.7954087
961527926.2174995
916401469.749155
1114832521.8293715
967282555.2703862
1202586774.4730377
754397690.2249272
1320780810.4951618
841539050.2864572
1382749672.0577803
987029346.5804466
1182264270.2533348
930661771.7069637
1043385574.5114993
837983197.7504475
1243983513.7074757
1032027582.8477136
1147209892.4495175
1038757998.6622182
1052985472.9890716
1283007268.9656296
912727762.4951589
848532404.22972
1130777032.5549598
1012274131.4351276
667258007.5529151
906521415.1932964
1126740768.0310414
848883195.9190903
1066588038.5683875
1094975690.4147725
1068493560.533848
982769884.130325
1190111777.1091373
681856610.3253642
813849752.6408895
1244035007.421187
984142147.5109543
1181871323.1375635
989315068.9243499
917881390.1269675
852858846.5917702
581485823.392281
963827808.1115152
868758470.4174117
1114194655.3912683
633690518.0642502
847142350.0034394
847224373.6883199
792305118.7537115
1174528315.593082
807281160.5781914
984462779.1952994
681537317.2751936
946593781.0487944
788614263.883879
829588764.231029
776481179.9873517
798208375.6909062
491307071.24157876
776766309.9502043
980770281.4204422
711918163.212995
876807609.9292408
1054415154.3597376
1035923971.1387569
737005958.8031178
1198234096.061849
1268424549.5413747
917103461.1709803
907790526.6305869
932771753.313878
794005495.1121393
956928909.8365535
561852459.3417642
728535843.2191054
957906272.6130673
740170754.3146789
735469152.9396517
1062216160.5484115
907123517.8980759
871589293.6592132
772011930.3502176
1134021476.413381
777560643.7305225
1036718820.2537845
916978206.250958
699241036.184998
849828370.3744519
1169301379.9690151
1054481154.7897666
1106728937.0612986
736972331.6385224
971104589.3216093
661109439.5429094
721065435.8647631
579381699.8653643
747170949.5315956
650188597.7376931
286490185.43378645
605950574.5448697
865560613.3137422
1074285848.4480426
772868861.6949065
1241051151.8556435
740789683.95867
1019574245.9270157
914759804.6233432
1197180340.8336747
914554792.9365237
891692006.1787927
883340813.2520363
1019071358.1487114
847845845.3552387
961585443.426049
1281960349.1875577
776764885.588338
861046805.1544187
1240547288.739221
961276390.4964254
1390610581.4560232
948486384.5090071
1112923822.4589477
1264517909.020406
1286214826.0349362
746194874.8686066
762986519.604224
1137173372.6664689
731882437.1929697
1193140940.0459418
960765206.7111096
629917111.1180466
1072586471.7011867
765710956.223166
936543163.3696731
926929075.5529535
941988272.6749542
858570068.4309884
1087344389.6918647
1082613940.4611106
767010147.7927101
1342725152.74692
1281504983.4348187
1193515113.7190292
1166432462.3785324
927227080.5279876
947508415.0609742
845299327.632867
1130952405.7073247
1240487282.0310423
755883988.3083786
840523556.4214754
1052563870.3254292
1104024345.3394156
1065136716.2406821
1198601127.2043185
1005811374.5687474
992437348.1492598
1138385142.9797485
696266179.1685362
996090445.1665329
873812245.5946405
934473133.0149298
1059665237.4518471
896635345.9095907
911522158.1475874
680124365.5574534
613455387.874294
499104460.9305244
614472469.0784727
710734537.5769525
703552207.6705605
430778584.5401808
816175161.7457492
720704746.9119108
727175402.5077643
800164547.7212532
892332974.8536348
763990494.2022455
647265205.8336993
611430555.702121
427371606.69274837
744071112.6777462
755288131.4404173
589375781.9297413
93200677.53671573
668491549.7781568
729096788.0583764
772312777.5910037
678342670.1537986
650286269.0456276
169003305.96775186
707963099.9720838
826250366.0559546
502144911.77663314
674035437.784143
188922655.6788569
872022311.7963178
882489741.1248779
630708178.7081994
649309545.4990395
490828496.2186159
434310010.4664566
64051028.17932798
780491187.2278798
504488589.94852144
454291687.79992986
115138362.30004051
693132874.3389573
314222290.4431065
470703921.05713105
596827803.8988371
705277389.7122189
928443209.1524097
802704155.9046835
645295375.2348474
661114114.3051294
912053435.029115
704012952.6843281
1161007028.81116
842814541.994631
838367727.5387392
650108189.454418
931490821.5091984
910172133.3412882
883120970.3591969
950935131.2140843
922881880.3101258
760252058.9182963
892408157.2655712
611379235.4444795
854355131.8224643
1056056561.2085987
536345847.10040355
648602715.8064432
748442847.3468169
787653007.6830583
846538622.9355593
610357615.3296797
599876186.7062241
830625592.8829871
829367964.7524776
656100436.553107
923105464.3707336
898243441.4097179
770602382.3037832
685403071.4819463
832068841.4696637
785608154.0497864
781243524.2070625
655179405.0513325
395941713.63582224
870161576.166758
777993271.128415
815646263.9068221
579570852.0118781
431257176.44010556
215847636.74978828
874168921.9205921
747349248.9564914
592290669.5318793
381771582.6427042
872087476.1495007
528435952.20022655
135990545.08237082
561230796.8317206
154282055.06822658
717318053.2154201
599142751.2317834
717986332.199772
828887485.1862187
867178642.3805106
630723773.41129
653731117.880406
189223225.0944422
596830069.5252522
610757836.2016011
623813738.4650217
65283416.8650666
543808709.5071112
114673198.30461697
744677813.7883346
559772035.3193746
124486652.62368259
659039810.9844614
846004405.4490175
575933870.4789482
673297122.3126247
817758051.1433133
782082863.4458168
517993328.5272903
936740307.7526867
791568613.8557981
789651378.207862
606622317.7619683
921757521.8804939
585787967.0673821
1064012705.7972169
1134937060.866893
724687176.9098672
1146070278.2111504
781254150.3025748
779857022.5242327
890514128.1670699
848214058.8864025
471888286.5470233
335859945.6196025
153001646.60473728
579772845.7438711
443251354.7700896
160541185.03127056
428926879.5297819
706977219.2497492
515333545.60157084
192103213.0444275
792446096.2575362
635173920.6762434
158349625.35385746
649463258.8781928
653193359.5756389
821668923.1062186
974082115.8009645
906545966.7586013
716295586.3620512
910688950.0775785
683487328.7729558
900151455.9091227
829413971.3859365
770096733.1305977
694354341.8265393
741275312.5112481
737678050.2831106
768208456.2052038
1307202568.7547598
925717653.897487
1265349590.9170737
806794729.4399946
987584123.1178865
997148698.2753227
1085390037.011341
973160097.8974171
600012443.2690234
965431413.7918925
959753610.807149
874418213.1184528
876359683.3980732
824757913.8625419
1094153729.7717822
1015843724.2836927
1033133132.0912337
452459652.71054864
1010407811.4061795
1059123081.7226923
772895967.2247494
658167292.9443005
767120823.0651724
699850353.6573513
724044960.830904
804871490.8214549
584913118.5183729
1087778947.7537642
715030769.7535468
711203184.2351587
912560609.001975
871985567.0059634
736988970.7062804
1068870400.800343
1130302827.2635512
1009089174.9423199
1268405774.1196806
767325741.0653698
1408504439.4755678
980177117.8352189
1143453682.2298305
993604641.9498845
1236932198.3304958
1464883445.2234945
826846131.8104187
1189404281.3305447
906320491.212951
1078126215.0899355
1230931723.8815174
1384210397.9835346
1043596784.9539248
1186768178.6850212
942008127.3873073
1184558593.9804156
885957059.0667685
1172299704.7617297
1283629128.0079377
1393291716.3257835
1060926748.607655
1272351643.0092244
1322957157.155002
1562180614.8585386
1360131578.9087298
1460430764.9913986
1401965445.2412443
1230834688.1663034
1475716697.3861852
1280448717.7812836
1379748251.1304696
1441728222.5162628
1003336080.960572
1597006667.5970464
1208936209.1944504
1029490059.4694237
1067871740.3998168
1606668336.3466296
1369589618.6088407
1142850323.0806181
1164993945.481993
1377529487.6801548
1201984329.2547464
1053317726.8834133
1309146312.7383072
1201193365.1441567
1505364583.510516
1200855714.052987
1045032163.3502736
1511198242.7955222
930860804.7408264
1366094806.37953
1027113726.6678749
1302218048.2804186
1587577711.3475566
1279025977.3295522
1291378583.7603273
1047164382.1231388
1211801755.1637375
1068889175.8934823
1019990497.7116139
1468790845.8598433
1195250440.36614
1327692264.2242317
1106842983.386747
1045457801.6503009
1223271107.5524647
1262293889.4795618
1261141112.1611404
1168591190.506351
939719474.4067267
1280978352.9798598
1275448225.9434814
939881414.1458118
1406936453.8829749
1252428356.5810378
702489411.7592306
977925873.5112904
1162522639.0060716
1314059879.805901
1373202149.1425188
1535772141.9314091
1236927878.4540644
545715398.3146644
1119321144.4490733
1272770783.9607248
755434251.8469727
1143431643.5012448
1380772936.9440064
906752041.1131027
1032760022.8417197
1161466646.5839865
1254866045.541225
955956231.5854968
1231548374.6055837
1475543335.8126297
1142511506.8536081
859104944.497692
1067830241.3215678
1149293307.9091406
827335092.5708518
893605516.5329785
1243832284.7487805
1108564801.2544208
1182668872.893591
1165298316.211431
1161015996.7799141
837928224.6058147
1279780620.6708884
1053826448.4481883
985770600.4259106
1079083590.0230668
1046964678.526024
849654757.318622
1430757480.7241066
1062882257.2903997
1213475734.4735854
984039226.0862508
903426065.9843922
1118604398.1731997
906932903.8101377
970313138.3550847
1446369277.509334
891893918.4556453
729431678.8058202
1177644486.6775851
906008109.3545078
952054872.1450318
896679969.8678228
679277451.0336058
851308267.2243491
1031232190.637789
592277991.4870158
878053591.6748148
1000751284.1205704
962715660.4564652
1170348631.5612538
600782074.2933571
829815807.4054732
806136942.6508255
901487247.9719995
1056661215.8714375
769733022.397008
470831220.3637624
805757464.6384786
584422236.8075428
351340233.9669701
290630810.3692301
705225546.1954201
852101487.2381617
731009397.637933
846594624.2776406
711678669.3145578
1185551108.015028
893437440.3803656
743754550.2161139
777773793.616363
610616689.8973647
759864661.5525599
763033098.6660366
992067424.2863967
507547853.6908168
799005019.0813131
537337175.8853601
1024446178.8476931
1000135259.6691124
944814142.7417002
799528896.5965095
694592429.7431378
764105489.2123189
499659753.57858914
834963492.9025241
694600842.1275524
852992576.6002321
482743939.27837074
0.0
625400778.3758335
618819337.9970577
293888336.8722503
883244278.8466352
692477160.2679163
574346355.0586896
114513726.75175121
823022277.3358243
817884969.7421173
685185680.6293026
721812400.9339006
571960760.6190753
763226788.9048955
895334503.5305939
498286681.63130563
778751191.5425272
1003242295.7136678
551015392.4450338
948684062.3785703
713850002.8401833
507292978.89891946
705278898.0413572
719205141.696751
719354787.8274463
59599538.4326403
806467874.5665265
580381232.5314666
874268707.0730803
553679771.6386006
739664035.0195167
660337988.5787356
747926961.0123726
90455035.99635488
776864944.6039155
628830163.2430289
945782579.3395189
1075033804.1587245
826590843.8381654
699455788.231481
920140791.1103593
1031590583.7993046
1126252844.6578996
894399944.8017992
748798291.9277824
778363435.9297733
849777732.9834838
606132090.7572682
737923548.3263694
709805917.3544916
723556228.7092848
996662377.4491618
900800626.2345212
886167206.9062606
955978081.965652
961182737.2740734
865447407.8441427
1144605422.938214
1105369045.9900653
694599824.82481
1024301442.8898883
1139637602.1950002
1144984491.6368372
904650772.2156456
1277974316.2717938
1037183931.2450402
1135533422.7713559
1091252845.885865
957928183.0852605
1001555740.3505063
1249830269.9895904
1437541107.4610553
1012786549.3871622
985385136.278946
665498065.4136356
1140262060.6105013
847286902.2221488
1578712395.8070314
979156917.8887795
1230413552.876699
1086612781.0453525
1201486362.0847168
1058028167.3369848
1211173393.9239066
1160028494.013886
1014500449.3419915
1230423042.9344478
898537157.1394037
1116619624.691283
1066198605.752279
790164716.5543786
1067460711.5484151
1123940143.7267013
1086836929.8029122
1149168959.882332
1123172255.9498022
828284625.1450917
1246577879.0419428
676031113.4853835
1009182209.0644718
1095987441.4064014
1094447449.7607372
971523928.2307621
1015991183.8736993
1188235864.7675712
778729329.9218478
1442239676.6254537
1024264434.230743
1139512674.3430784
1075517145.8865306
1022443732.9626639
861448826.2982115
852959281.2800381
956298785.7210972
1025488280.8306496
1132633710.267464
1081376247.065663
1192149632.7369432
1186740843.6828043
1048940355.8331602
1133209017.6567333
866857540.730597
1053674373.3522052
1102818626.3612187
817443596.4536618
596973936.7704009
742527361.4964969
765885454.9276456
578241089.5009441
860479229.2332606
749930993.7855669
903308877.0202316
550224138.6858509
656324713.8406352
159313730.0484506
702424252.0376451
525165229.0101286
737954691.9563519
513044982.2349859
144892211.9024466
719201579.6912919
477101862.2476977
489292751.122723
197705812.71396682
552757646.8169756
669422925.3234109
665629177.0734586
628575328.9654436
100853204.72198506
718787024.4503502
842909855.3903426
1011404802.5485978
705672725.815608
779370294.5601588
1050547373.4398856
817554811.709123
727406280.8734611
631812110.3608065
582676784.9192815
591282247.9003294
673858100.2806269
671683950.147898
818004784.803952
957039736.3361132
674950165.8694924
462994898.79551446
215145493.25401083
774541748.0401993
627122559.0547218
496153814.85467863
556587623.2245286
683934116.8546014
649451570.2480563
648877200.9542825
162330812.55344933
609534189.8478394
663312626.9801586
525305763.4889051
199972887.06338692
631759976.5292842
255435839.77036527
625276531.1525781
109829898.2966868
564738627.9481893
211272228.34479538
673768173.5798149
768832475.0422759
726295530.3975809
651366202.5198655
795690512.0647252
836223580.5786917
814047498.9586587
826819953.3219101
925496272.370584
764323772.1540036
900033138.0005871
1046362857.2082856
834317666.3802687
1038464282.2371123
668057627.2258081
714693372.4126561
927967623.5736407
935193457.9933959
962551397.1829053
722748702.8357687
618376412.7847352
866251716.0620973
1322511508.8775496
722693518.7748303
851701847.687948
764359072.1593244
678143484.5442718
585477067.6873173
692252092.3507969
761213105.7084428
1085155152.8237188
1013266125.6702784
827975801.3987427
1035478025.1674548
602802875.896462
1070360181.6841197
1145275918.463653
990457106.336986
706326711.2272335
940890634.210177
1126032970.7685828
903372335.9743406
821773712.2506963
1035180488.0008571
765511680.4637114
968621954.9057802
735413736.8813488
893627838.2125843
669366659.3828374
866664859.555561
506486444.769281
851142881.5425978
741583815.1623105
668402334.3337883
677061671.1751678
661387085.1993378
860080477.5079504
851668211.127467
671537138.9401064
472029355.52699804
1057257824.0805075
795531294.653986
662045276.512665
560722706.3432682
894297163.3304995
624023346.9034152
841184454.0959439
621472090.8449005
526059888.2393606
127962810.7124407
841461738.1414328
775990697.2645642
818500047.6709111
822401584.2657996
781334594.1966639
607415331.4645984
854369283.5650594
194341231.16931129
717883836.6921936
665955360.1891
173396040.65880558
580235405.1293719
571879987.1924179
752654679.7769443
535678813.4686429
162224138.11201572
963077052.1940134
1041261696.1715937
841514111.7824868
541882570.4621484
684496264.0933852
714834513.4850116
846750783.6753052
536367823.1717561
847110816.444341
818870890.5835812
526951497.21699953
531741470.46686697
445847173.1120738
563289897.0289698
163355712.04395282
419401179.1499431
504127603.41259503
746747385.2639675
105296691.23357393
627269315.7358656
277242290.9492757
888325777.186905
1016702602.117623
686584089.9356387
1081321309.070447
507471777.60869855
740645747.7948174
1116263608.5963774
1296834153.1578393
915684527.1863364
1224241453.2543178
779756235.2822547
1184799259.8745859
1521846483.3109884
1467192841.1844378
857566252.9670285
1077306885.390115
998324654.2803248
1164354467.307886
1041058811.6655068
947309494.4913242
1190394628.6084037
1030948997.36888
1380111956.4299204
1070607863.3409514
1191195667.64259
851094194.2001021
1277625372.2474008
1107937580.2948055
932156274.548348
1490357853.2039056
1450968766.8757553
1113255155.5906096
1027670558.336542
997629182.2033368
1236304515.6196346
1151521478.302044
1421693797.6349409
1355875749.6707056
1422827798.9831252
1502201207.2697644
1141130865.9998004
1474932378.772422
1542894867.226581
1641926966.3835216
1461080397.4779024
983594395.511543
1299444945.9260633
975416466.692296
1316298307.2803154
1304850629.0176508
1296576581.724961
974240780.8404055
1070932912.2374257
1343677867.820342
1576366808.4097075
1408029125.8918664
1037324848.5824103
1237407127.3185925
1504810609.063443
888053636.7053947
1366649627.1795127
1383096245.9734738
1480855445.7846243
1408092778.951129
1176547000.3672333
1540117705.0434308
1271001358.638769
1628985906.8673565
1310393690.8570273
1364166267.9371583
1233038540.310941
1099839176.748774
1514966689.1088605
1086389503.7447078
1136824768.8096628
1298418333.7381892
1177739930.373395
1165685931.8118308
1361625500.3843994
1374401254.5634282
1269671809.1463807
1236217147.9166892
1249353587.403312
1204777843.9599206
1220008823.179845
1373647959.723484
1460478473.4530663
1460478951.3226507
1525357266.2606874
1433549567.6744912
1292101913.0509536
1470016632.417974
1749967419.9314456
1412505672.188627
1368210033.8408487
1460125268.3364491
1610034041.6060739
1554247147.5594685
1540575792.9623477
1632618837.6454988
1039022459.7068379
1152649528.1808805
1282397136.0374413
1698327653.6470387
1363813226.3905132
1338993775.2927704
1293137052.1574266
1391427811.8032925
725845085.4735733
1368432949.9717116
1298772997.4962192
1021475445.5017747
1255559621.7757556
1345345709.7406688
1122700148.6156511
1203549627.2917922
1303923522.515474
1268807358.675254
1553505351.1599367
1050815161.0248554
1152719944.505622
1373475733.1906505
879398628.1437764
1409381676.8194666
1347557680.491081
1546812894.9348192
1070130075.402004
1417767984.2601018
1753378672.9326808
988170383.5033811
1152032840.548391
1112965013.1623921
1156637808.2189662
1056372517.610715
1385363238.2351403
1274998936.021551
971904329.9490911
1491485215.6673422
1619463957.041821
1440064907.4552908
1563447203.9027119
1457122203.3383589
1001318477.9691975
1324170989.1750405
1265060712.2881548
1217071222.2565577
1273258267.1268115
1219761507.917344
1321112615.3938816
1126320425.1476612
1240448514.102169
1506536860.116953
1400603417.5410924
1458872615.3005533
1172763967.462348
1257144668.1911736
1118470777.1386664
1650214106.7763367
1444746476.7183356
1523271335.861049
1073726623.0697712
1224922909.3638766
1122682516.736494
1185956849.5583284
1361790275.831539
1481060067.0183542
1166343013.5450916
982342226.6177423
1366435371.9471648
1101085527.5094795
1577252128.15621
1365323997.3971066
1177827782.3761964
1539768196.678671
1015347980.4773985
1208154038.9457984
1105712123.0311809
1308896635.60362
1217781195.6278462
1478861430.334881
1110642930.774552
1654011142.2026417
1511195829.6646385
1528098634.7760386
1062640927.8441046
841789494.1465163
1738906609.517587
808746949.8795568
1404096740.1750379
1376242927.538403
1147589891.7921617
1027392142.4148645
1001699413.5969656
1019482050.5633246
1337140930.1021821
1239458404.4895945
1549065049.4030068
1429334084.3174725
1306861699.0341485
1608225130.0392191
1799115127.6975603
1523553494.787267
1116524472.4200356
1199780374.6727293
1491096687.1816163
1175672835.9984527
1098285311.5762959
1084806348.0114255
1049771245.8232797
1069965649.8175212
1468123066.268079
1703536445.0068192
1370665643.9675927
1173979954.5173
1385109504.1298962
1249234014.3967228
1414352725.414341
1102515887.8593714
1444056721.4732103
1305979954.1028976
1522959655.2443233
1093776693.6513944
1402950413.765261
1751006084.2735658
1499863255.9380739
1252929232.9355893
1459408672.0418282
1481069186.2888064
1493121753.0723598
1558833815.6464896
1558639789.3725824
1437366008.0250092
1760427119.7034287
1212845028.0604093
1575488091.2344022
1115718944.2836382
2040499931.5588863
1173093431.550625
1514461955.142263
1530765259.845911
1462423283.9397001
1379160384.5879378
1263256437.7689111
1319379297.484313
1634184993.3369539
1407175754.314454
1544341233.810708
1278881033.7886474
1621930738.0885887
1437679843.0520868
1613567221.1725497
1297111987.3132687
1535088122.839339
1415644455.57472
1534705869.470079
1320967588.005928
1164211824.6348684
1581242113.0494106
1441190023.0233018
1522330126.7408926
1412441994.2598944
760500586.519297
1349787513.785736
1248970232.9493046
1489620771.2947285
1643163960.637737
1338726878.3841898
1506447728.1287558
1808181482.6690183
1472619721.2982461
1083717750.1891396
1206457847.8533778
1249947979.5930517
1679437390.704368
1507238942.4910989
1193191586.4995134
1995860534.1992712
1113698814.3668451
1946389859.6969311
1205032059.4218035
1234351770.6958423
1313475055.428907
1685385858.7345083
1491962865.6843631
1508323013.0255685
1447998865.7759485
1877955144.2966943
1088752946.0865836
1093025265.0815632
1784267657.9521792
1494040701.8154268
1608892450.9495914
1201774288.9395452
1467409452.4220471
1428791865.4102356
1628833075.2808044
1174401074.8028255
1551480613.8224938
1419650035.6428518
1433886096.4267793
1648139938.0909495
1083094856.6081872
1206795821.4619331
1091166748.3387153
1494490389.1137178
1527621043.7559464
1257114089.4666154
1035215384.7206951
1160302548.4913056
1326031029.9840379
1362899989.3655422
1646788714.3641875
1255626598.580244
1686566957.8696136
1142460107.7588987
1522960805.438953
1133246587.825521
1275524377.1719418
1029926376.7189083
1381456862.0612812
1178721661.8810904
1117752784.9656823
1594093704.084917
1043880521.202169
1524764395.2106922
1382506869.5715597
1417003812.6431167
1211113705.5521865
1596527290.9076064
1564669526.401412
1652918964.4649308
1628719207.8378558
1333762277.3638966
1571676433.8362
1495279532.5005488
1110869502.8848977
1660929343.7603555
1341377057.1268156
1014271760.2527304
2001722350.394129
925950734.9982603
1258041417.2799277
1430296818.2829974
1483101005.1477497
1360314808.0570717
1620237102.4238265
1469585762.4588952
905842371.8372471
1140786970.2761514
1671587975.2124126
1158510844.60253
1769141221.1509457
1202186523.7868795
1330708520.6127186
1215128342.0905704
1545009378.379616
1131118945.3153377
1310419792.5858765
1074069670.3919477
1184884387.7950444
1601271568.7274985
1379537178.9722688
1406174200.8397467
1429339684.5421376
1480053448.181804
1971046694.4165368
1287351122.8400023
1180945880.584887
1556678563.1767569
1230142018.324955
1343927984.4753735
1480004214.5625453
1456608518.2471185
1397123590.5751388
1157200663.714838
1069135095.5429558
973835057.8560569
1217177618.8982654
1644963096.1024694
1284135295.1386454
1340907827.718923
1203710054.984503
1213719449.2144525
632251219.4879574
1301011274.926149
1092421168.2465868
1100276163.9180307
1715477071.1999633
1191285071.1476185
1591820987.2807498
1452078579.5632489
1306043333.373024
1279524865.059751
1142313329.1720903
1616195687.1920419
1469708374.5911367
1025532116.169281
1300561362.0460906
1344959048.921903
1306199223.7051797
1139092163.6285706
1288459286.0875025
1430334224.5663323
1630103390.9066577
1282436347.7675643
1144333093.5307755
1119753100.619487
1546388854.7499094
1452145144.5311797
1096757303.4029617
1310837823.623809
1276549269.7510931
1106945782.2411308
1218814291.1257656
871958659.3407197
1106326214.4490008
1053762651.3827553
895011065.0367017
1112669485.9878025
1374018356.5779212
836864201.6237
1367002763.5518816
1225000284.3729517
1160068712.363957
857593299.135714
1539118999.9228854
973548090.1741022
1246420848.0762157
1066045997.3532326
1424370388.3152359
1031618440.5379297
774309923.3757858
899684230.3847258
829533029.7495013
1110794519.6442597
587933479.7963334
1015707241.3751086
733284868.0527202
641215957.0680813
86170663.18110478
718560407.368585
74693564.14455403
847860918.1324134
1067923731.5112532
550031360.6705458
1267869262.4793415
739652577.1711886
521722441.0321897
858788232.6111969
1117462227.110592
673119396.3915398
929673439.1612836
893488093.7172471
778113014.6748068
1103172406.145969
875829486.8850781
763770773.1674795
974824903.2394086
1058043753.6938202
838253773.7938205
1128706233.2293265
932174181.3468866
678316515.3586475
589553375.6333178
784260710.6944239
790720803.3729565
1012690857.5995227
997575770.8393384
652468661.7561555
872103992.4648995
1237190359.1346517
844328770.2755234
1355053073.8778758
804605823.2268189
1059399215.2324874
1281753736.5717242
1010515070.4336632
1196560630.3973372
992458520.4108682
1030025987.7766033
960987073.8223997
1619363418.79523
1152583793.3375611
834544928.094395
1352662930.26939
1372929138.9075882
918087652.2479869
1134057114.8095138
1437276581.2926939
1063951339.1242015
1030021272.4783447
979167246.624219
823331415.0751755
955964398.3879449
940733661.7978991
1197539093.6833932
852914570.4444928
1287765742.4062004
912628735.0754575
1049925488.1965245
1120710665.5587442
1258076649.2461174
1076842828.3483658
1151423510.912563
1089180392.0302331
1364283819.5426934
968637990.6706784
841513649.3262662
1127349182.9858975
1131580230.6189482
1407115328.104072
1200496240.4982612
1173248154.318181
1325743086.1922693
1376067786.3291578
941388361.0346481
1215477187.4406
1116382722.142689
1073613458.7324183
1120254368.0277586
1108396247.6303616
1040579783.304591
1010956744.5347776
1453133389.7608986
1069096575.0699315
1107091570.6149256
1132581572.7396445
1134146881.3732316
1130142030.2068658
1135393426.522101
1501997711.9884381
987743211.1437619
1729906161.228824
1174410597.7959583
855707895.5675839
1107497061.1730518
1178979391.0671804
1514896453.710127
1192859222.7792127
1362367940.690871
1462102335.118263
1257072878.1909366
1195626068.9440804
1301305947.8365395
1403762838.760198
1437058033.4860432
1293531906.0249896
1405344200.4856331
1393930017.463634
1213297731.7334876
1219362326.8042097
1179007535.0525155
1679075987.4647422
1390757105.333495
1691166953.534186
1726764583.3695521
1144767680.5979629
1458622585.1451192
1125954246.326792
1370220061.1364777
1249059886.9631681
1348935656.466272
1593711047.4842393
941174235.4191835
1749339080.409174
1872642319.5547535
1728943158.8831635
1456143002.942561
1482019345.9135938
1455952836.73472
1793411801.5173397
1771966426.841786
1773817756.7854486
1202935966.457988
1351182194.8398738
1546396307.140759
1471252627.452535
1720409692.557439
1690566086.4161422
1499797347.045545
1518552515.9035292
1622247621.4972827
1336227729.605118
1412785999.8919778
1592978175.9732676
1383334040.1175845
1399604016.4491339
1638859593.2256947
1358808836.6893673
1972310351.0542004
1404109118.837332
2096098540.95035
1560917210.8884242
1542991447.1253288
1336211164.6543653
1352282285.4478133
1461644605.7425432
1527102742.9177947
1417785769.8973706
1663241107.3148465
1765961569.547506
1783295113.7537413
1400092101.3173134
1972230167.6552875
1555495033.9958637
1804147177.8962193
1387031862.668959
1442000532.8675642
2224775272.677468
1824728255.0998259
1307531847.1993976
1654288902.3997815
1338816941.1848516
1424253450.6292074
1526099574.9935412
1567345049.920046
1957667593.0529213
1482063829.778916
1973378860.7940204
1813017813.3260903
1413213280.9011874
1571807192.1530437
1555025241.4931068
1238360321.7056646
1251571336.2960556
1259235841.3126268
1707734727.752868
1177555742.0619087
1274227144.637997
1130774846.4366887
1060708280.9958216
1709530463.8864756
1543266769.4289095
1477130487.3453853
1337623972.4482582
1869211178.4553306
1358565668.9578722
985090577.5548525
1303163121.0751154
1524938262.2386165
1268590710.2520528
1333115515.295609
1225462606.9734693
1047241117.5536789
1099548725.8729472
1149535860.1685438
1404844224.2623367
1019444841.247333
1258385657.480429
1352037802.2014928
1438702718.6973004
1703184037.9066114
1570274736.477039
1303450659.6420953
1088571096.2448707
1000757273.0683334
1244088768.4050627
1197709188.6183445
1710604272.8028994
1064728159.9164929
1239370309.160753
1281260273.7990706
1034377985.6953356
1031915988.5828809
1294098051.3266792
1473987829.1615477
987865282.4401934
1189810160.6538188
957447839.9478819
1315474848.500559
1329221585.2772565
1379513477.1795945
1211667585.7887628
992851578.9879179
1130376111.0345552
1213719649.6940317
1008946265.2160397
1174942176.9638963
1011227058.3850222
910861484.9834167
1171025556.220676
1217908845.5124722
1057431692.5884372
1519669101.0000324
1548431344.4703267
1418767854.690987
1851745511.5872285
1666777107.6638162
1616427184.6403925
1466031598.7872636
1405839164.3583932
1413624019.8401446
1353186902.3851647
1378413837.815176
1331306197.3298736
1538219857.0313811
1373984685.503314
1465578738.4288945
1472613326.4759731
1233292393.1886084
1821277979.6029384
1453428520.8753316
1389740017.4199023
1621083324.213644
1579679537.3847604
1305479295.3342175
1370750374.6335406
1462526668.677591
1185570537.6395054
1302578849.7456586
1713817867.8655207
1920459244.676323
1125759039.3230844
1505901955.741994
1248792452.4371355
1551758710.6707914
1482538031.604605
1667525690.744103
1341138255.6330853
1250331748.590959
1628007638.7937105
1452697948.451674
1389686202.4637268
1383511581.6194959
1853162007.2226748
1587393738.0100145
1395627007.5274756
1562533160.4261956
1199149096.0279746
1484300881.0310504
1408504601.3997931
1313873111.9080682
1346259269.2386057
1628062290.1361897
1592805670.1031778
1560656771.21315
1602336057.2868714
1363621315.795308
1373232216.923603
1697224133.8160791
1113323883.9422483
1818948237.1683433
1823291256.694236
1542123723.3000882
1180550599.7687278
1958905789.752425
1517253080.6468468
1401039285.6891491
1299114729.2216132
1642506366.539211
1185253570.4965832
1301243098.274218
1759907114.762973
1235832652.5323813
1481038271.3349354
1296819534.8245485
1340755448.8927605
1235797351.1428583
1014088566.8142562
1462031509.1592438
1338066195.5327938
1278582868.0449178
1459880612.2205577
1072597368.4662939
2120531749.7695
1201597841.2603462
1600032339.9096196
1482890744.6441507
1298306082.8979042
1069525960.7890112
1670675662.6951954
1656403581.7269647
1682518109.8442724
1356152236.5479844
1981551729.6579232
1269775214.8204768
1580888328.7978032
1627725106.833213
1300229143.4966412
1367584332.05981
1689230279.9588013
1214623886.184274
1754154581.1164126
1612416378.5010083
1706485490.6609607
1326057780.506747
1451247561.238448
1500294101.9756525
1297300100.2874486
1731488816.9874613
1444849639.107919
1414050107.2849684
1681894734.4001033
1803184495.2532926
1292774837.089505
1736231242.80134
1341940347.4253983
1440456271.562415
2051076482.7889264
1801146149.4737701
1574889803.7829437
1899968225.4962804
1839461357.89284
1966853963.9210691
1688772612.0684822
1667680841.5629704
1307779917.9281335
1168072854.043356
1437854873.7507317
1533692734.5274963
1371000451.9635828
1437683892.1465642
1658601675.227602
1313104475.8971748
1585559950.6069915
1474312106.6341202
1581936941.593657
1303083587.88949
1624320151.5845695
1404558085.2994182
1699631502.5799923
1641156335.9351094
1270485368.5739431
1345239516.305433
1575723038.8668685
1423550668.287052
1585356023.8070447
1358126092.4680653
1700142206.2480145
1737384140.1817584
1705555763.5249987
1623514469.473192
1462768330.0407562
1725561984.4587681
1698727392.0905042
1518538628.0737822
1598226656.9015133
1256808985.564393
1792578764.7902884
1443465134.36507
1819175819.5068066
1592393423.0719836
1670048347.4592223
1619547504.134263
1389624469.2199736
1814229825.4149115
1415016645.0065696
1354991153.357323
1615932325.308365
1587018545.9621909
1439133014.2541523
1918166419.182692
1705633168.2162435
1407700916.4432132
1740532658.0536244
1374696011.7799668
1586781870.8713
1427721296.5815818
1542406921.74341
1380625449.7649736
1555955165.6850026
1363434001.9372036
1368713657.1490226
1647949512.495933
1565481725.8025613
1640145397.8759623
1518120363.4229686
1868261359.2857957
1386593427.8270082
1096799767.1080089
1218322237.4749057
1308610134.9762275
1266584527.7905805
1701735739.3482854
1683674904.1890955
1666784369.7158287
1624756388.618786
1274599442.1940532
1313920475.9617255
1285070623.8582437
1587578162.6977286
1598455548.3885279
1855410002.7174487
1384550058.8973365
1295537367.1717103
1591973163.7275002
1182148164.9880033
1353133189.3633955
1578580069.361072
1534867092.1273284
1231567031.742682
1521037171.9290202
1651100772.66863
1965323014.5805705
1264407493.7045083
1133703766.4442658
1790700687.6097672
1627900063.6151013
1583508925.1602616
1433621318.2192395
1403627893.3242147
1298060387.532808
1457298533.5254662
1269017884.4042861
1686930708.4527113
1762382606.1725044
1492850533.317204
1899119679.2960744
1413273250.380906
1531094633.5886981
1102641320.319564
1920302459.817218
1471047581.3053665
1489284527.366565
1656560264.5095599
1412235504.2458963
1436043880.9572043
1491883657.2180197
1523178769.3210154
1011884747.8310595
1467420322.6282532
1476815523.057138
1550452574.9288218
1341470425.3977156
1458184408.8965425
1269179585.3553696
1508104677.6498702
1143865322.3843653
1410761147.247751
1682281828.972638
1362942880.8552976
1193532019.4111073
1352140207.8397667
1629819125.028069
1390836765.4388714
1122078323.20833
1482405990.0917678
1324807057.35347
1380395610.5978994
1422803335.3062823
1355708592.3292367
1232726251.03707
1172118665.2843142
1407035096.9649208
1519901342.0133488
1585970286.648254
1580325496.238126
1378855866.2425046
1826552040.5367258
1516909786.581635
1750899115.3174052
1358932408.685314
1449203269.4226012
1552389395.3500862
1417413375.6354291
1901679595.8568635
1255567890.7518582
1474880004.704831
1547938071.0828347
1577029987.4501975
1233553404.4123664
1212710791.4073656
1250052842.980053
1202647185.6768909
1675398295.569893
1913325888.4743974
1414785498.1533244
1395133896.2024574
1354557866.9235885
1611761483.4497335
1323578679.4175277
1459006603.4447258
1385316422.2319205
1032269841.5491242
1413445320.8521254
1245037812.9276547
1190439978.7018392
1283723345.9909065
1044916285.7964613
1607491126.1168237
1418133621.1065001
2079396814.1256227
1094559914.8879704
1389822213.2310233
1223257805.410036
1676936936.9866927
1406863768.3950748
1523982645.7334619
1596661994.1038315
1543894422.0089562
1394599737.9226396
1353232835.29055
1555060027.6215408
2070098915.4147165
1794674587.9038475
1671889385.997918
1755655853.8663049
1398471961.9239829
1295887831.4440506
1437404495.2745638
1338708764.5227592
1564767707.8125613
1230796481.6935248
1248366512.2571137
1606952313.8522995
1715296917.8913913
1594795773.2078483
1196252096.9637735
1417622419.959581
1855101382.2531903
1260127327.040147
1547150720.8551602
1447915958.3130682
1448858778.827
1403845765.1360078
1633296243.3589725
1271908268.229092
1200703322.9573584
2004576138.480838
1560946334.201165
1814033690.2845976
1660308954.1366968
1529510875.0994022
1750390579.3791945
1352559987.2721288
1360392673.7399292
1511432027.0595453
1328819111.189079
1279993576.689524
1428005634.3173738
1286973082.8414714
1239758842.2314785
1075261035.57164
1496282829.6434202
1746229113.7538948
1507613537.4542546
1427880445.8297732
1114222558.2809825
2233973331.6084433
1991398919.4876778
1585122185.5966258
1272645678.3387864
1609301671.4792347
1523383454.0821848
1705285132.3493035
1272328197.005255
953902835.3148103
1211829738.0831082
1113861194.6895916
907990544.754498
1283078203.2828596
1409320558.778143
1260597356.238195
1062755708.0564768
1482472828.9411657
1560086193.877874
1163036561.05634
1512978436.234232
1817454797.7794137
1585961741.684779
1353917613.7987032
1452618641.804444
1619120952.983402
1440109027.8584092
1516819145.3289752
1403275501.1975286
1340820711.1074798
1854497765.216329
925403393.8434877
1396274240.1506677
1133779299.9259248
1304959118.7661376
961742665.966125
1063072744.307018
1081696285.5967405
991248054.2293304
1388173890.8180609
1429250982.6687834
1123685972.3471198
928525848.273926
971900464.1098399
1348946363.5031257
1483246855.0716195
1289646705.3206933
1074380957.086043
1617573633.1301885
1356004337.8203948
1445884727.0057523
1454414950.386788
1337079620.9526336
978168770.2487105
838952649.543776
1729680717.8386836
1506475697.261759
1285101745.6832798
1577414670.3478782
1290681929.9416451
947740985.6954446
1482037630.6975677
1346806249.9659257
1286342924.1023006
1161448187.1816776
1194601124.5507092
1305455015.6528614
1215937018.051553
1145860725.5914745
1317790628.0123477
1377504290.0995626
1557615213.281512
1475546998.6735868
1193508255.891349
1256430053.5686076
1616870690.908269
1106727836.0360804
1510548092.7688584
1400012781.3086843
1273150279.972495
1743458491.4292238
1064380614.047165
1614245910.0669613
1686003897.545521
1304031947.752543
1267950835.729392
1364102013.6325443
1275591714.1035955
1774593613.6124148
979423336.782137
1337148639.7463803
1424606921.1623056
1494510766.5435526
1146206602.973407
1677684319.7958694
1221428538.72849
1554469262.452523
1680265434.9281225
1690291184.7370265
1466267475.3583202
1515675948.6517806
1080231949.5224001
1084458008.1822617
1379803872.7739644
1249062044.068115
1428905165.6339307
1649509504.8485124
1503642435.2239044
1402265642.5558178
1206515323.203374
1437834605.1665187
1796627372.5434563
1128543523.6348848
1872403472.286109
912057838.2068771
1286089166.7805655
1311808985.3550823
994740171.3236115
1068365222.3129405
1350541203.5048327
1242889188.4489732
1666332728.7087934
1384119727.1441169
1108494666.2178068
1331936992.2613025
1252552731.0981297
1447102939.3815877
1240566069.7728775
1091200047.0263057
1701979035.886349
907515198.0254171
1270849731.0672903
1182838758.1699774
957837804.9476675
1279459490.9542346
1231659282.3882737
1387155556.2695482
1068715305.8934205
1566804466.885063
1143884340.9353287
1611078328.1092088
1380901553.8202126
1342441247.174088
1210533324.8868542
1406489857.601129
1478701432.538965
1242434367.446565
1256190793.8183122
1225640412.5430274
1470916191.3345354
1169782281.1550791
1442451442.8003132
1326901797.3715272
1059188672.3597273
1325427397.2071602
1030217554.0282152
1213066247.1122441
1300670632.0645971
952936365.9196514
1188512957.7403963
1258882792.1873734
894310668.7855889
1375570876.7733402
1191444253.4319377
1316744902.430639
1045112828.1698253
1171309774.0279307
1057496354.1688821
1442852876.698527
1223633147.3053381
1455487783.3914979
905120827.9361452
1310466938.644876
1032439246.5124289
984305489.7999122
1115803343.0842779
1005575678.8503962
1015696186.7476622
1083399715.7167106
910881072.8970973
1271608737.799883
1081180527.8611372
755712818.7034044
898181578.7605976
966592561.062204
751867894.6617558
960817560.0513897
913783477.9891491
892172231.2511926
1266473543.5011554
1313175977.5180056
1005736298.7501479
1161079891.2461374
1291318597.646853
1449298228.3891466
1074428504.838442
1052714494.3335392
933760722.4625769
888770707.7449312
1464491297.6053917
868164506.5140572
1162903214.8512049
898336360.3295814
1509317365.542852
931214045.5967777
953965419.0959306
835273707.3168651
992860215.971999
1370265766.6701286
1260652624.7252035
989636573.0501547
1481344521.2145793
1095716720.0890799
1554238645.674723
1120910107.5507057
1124932137.4873457
1199785064.850304
1252741053.45795
1435579837.900159
1379933874.6834533
1256911697.0247912
1266134347.29319
1018116319.7644775
1229578964.800806
1349739263.0831153
1351519974.1302238
987298302.3397412
1113381265.1575727
1284487807.1987898
1255072159.8645334
1412034106.245597
1086204395.3309968
1631630435.4709814
1499888703.288057
1209879576.3164804
1712829181.8355582
1385360984.4235804
1266866692.5693047
1678995574.6100905
1481821052.943027
1356554857.8603768
1185550045.7169647
1672747119.6285892
1647277017.351388
1542924787.504945
1775421318.3578217
1292988524.962161
1766948774.123336
1670335375.0573504
1966847940.2204373
1311782472.5308628
1700026551.2029762
1604823153.766705
1364526843.950542
1801247363.491877
1566862063.1574502
1728530165.568893
1823266688.2373183
1657685902.193184
1607972393.6181197
1513928206.003911
1548677903.149052
1572619239.3718998
1321432773.6386852
1576537176.2552867
1560810692.4674308
1272682611.467905
1490777503.7335794
2099788164.66675
1592699134.2708042
2073492433.9621797
1467965504.4053452
1261988778.3222322
1726082642.970917
1641477211.0252643
1397699816.9782708
1481400868.7885323
1834746643.6314015
1281546732.8849173
1379780126.1940162
1493113669.0732634
1502138956.5744815
1572790651.8692648
1529379225.7944274
1607867250.0144587
1470242592.9402502
1650300720.3275492
1646519994.926846
1376546129.252314
1530168862.2423851
2032200914.3581846
1379180966.093101
1521112051.1676898
1352822007.1243596
1373920290.2569478
1187908099.4853132
1324582744.6063373
1304705178.4441864
1062130785.3664489
1190736261.3407357
1125152477.7989867
1195253955.5702565
991391256.4037846
903758714.6223488
880881265.3830698
1142144782.5882735
1237760053.0999067
1081238190.2455027
1475597752.9787943
1326652595.3898768
1084115033.044038
1260594131.165811
1291490524.958488
809097910.9248872
930183643.1604964
1033483272.4992733
999930207.1353463
1015019945.8643957
850440575.4291537
884951858.8807262
979674255.5572022
1052902796.899982
1172514012.65201
1180566524.7602856
1079544387.069414
1183263163.3856912
950208702.4381541
1174575046.3253286
1299451718.8652177
1138636662.6223242
1144407023.3477805
965557487.4935622
1241954711.1128423
1203364351.2912278
1203379884.409656
1158936629.012174
1210788970.2575662
1312459106.6270897
1189297412.5127864
1216487735.0911367
1315689632.4281397
1161295147.7060945
1663586969.9300394
1541734622.943064
1691694731.3270133
1204536547.8007693
1114103713.7383823
1324773101.7426984
1255293084.5693035
1410126751.3453228
1624433232.3670661
1367684126.6989665
1519040096.9294708
1646615459.8700023
1444660391.9122567
1537311048.9649205
1852871833.8537776
1516024256.1993158
1480977075.556691
2059863892.3861604
1594833831.0495038
1402572149.2548685
1491863355.2421174
1864414246.9031653
1540766914.473725
1688998954.0650277
1758183309.1438637
1294684554.04327
1707736044.1409965
1523053048.1420126
1834931609.4245796
1620993443.6757932
1415012367.5130908
1886930954.321059
1617554904.924096
1252762967.9275975
2098624826.2929833
1587431430.3155298
1702598301.7947066
1906244160.8664484
1771618618.9630973
1634254055.7419336
1464651635.8273232
1225209917.8324618
1875197726.3777428
1520560300.8134012
1908674088.3812475
1193889957.5408232
1491246766.706961
1626979791.6673474
1200345797.6868484
1658448443.0667257
1189705957.6451118
1612634164.1039133
1117447655.7883346
1357275570.4973643
1411857082.72116
1774738257.1688342
1636537200.3393698
1694064894.202345
1575484648.918287
1892903638.4586039
1205596402.8320706
1511495561.3132396
1529608007.4398494
1136828027.3050923
1880684875.555431
1469046940.690341
1672569773.4188614
1784804551.0045915
1622863602.8071735
1376392230.2337031
1349333596.0946758
1608695415.3616726
1619562200.822929
1259796441.169791
1568411540.02172
1321917404.651192
1604044734.4488792
1347966891.5005932
1740581676.829154
1309189811.1827886
1790403602.4724014
1583772415.3025346
1541623069.9245937
1573759428.6054163
1295846755.9823506
1650032944.3430758
1454127936.5770137
1122914985.070674
1860469990.2186453
1632547657.1772223
1714824610.3544168
1429971102.806946
1419671674.5983217
1742101266.1247659
1976137287.6190016
1647866552.0129611
1345108624.833026
1492692383.6727235
1573129844.3025792
951207849.2792214
1043410165.3846922
1357074913.6189873
1758151209.3874786
1272932470.2215364
1350632417.2162552
1249265229.3686056
1334666969.2851453
1424238490.470489
1648580904.8207529
1285031452.92125
1453338034.4345298
1542952094.8723161
1372930089.4871063
1746096088.4069042
2087460643.3155112
1618073358.994732
1486089601.5550315
1683279178.7449808
1929955765.554837
1856486473.2465014
1348572334.5286574
1507054063.1262972
1896934065.9155493
1817378767.398074
1469969864.839408
1613609940.2774029
1516624258.4209037
1214032227.3553147
1659200726.3801413
1735175392.6686318
1768117998.1114306
1944705154.0601401
1853912562.1127195
1904062487.4195695
1586899722.0490742
1718917631.0055587
1757429517.9038758
1874499418.0162275
1290440536.2120254
1402979625.4857013
1868965319.5063548
1603055071.3449945
1833822581.3001373
1886859387.3521225
1508282385.2780607
1666809961.1553392
1431089709.2676022
1528489693.3242106
1843089574.4285746
1570717442.9337358
1592615263.9240828
1787176572.7193408
1987144479.2959974
1647127854.882856
1786219911.2808306
1712285162.09721
1319232944.8522458
1798477092.2853355
1227505090.8228498
1474938399.8510256
1571675220.6531296
1619802994.4213235
1696372411.893952
1720898620.6809256
1238247250.8302073
1474154109.4604545
1327647029.2411282
1185325150.584573
1889955416.4506917
1473658301.4963112
1461795045.3352056
1635638836.462098
1766094504.548553
1764229295.7706115
1666361660.9486032
1653240915.000258
1595049920.0566256
1738871535.2171211
1349302025.8393068
1712863613.4364004
1970647512.666288
1756634333.8018568
1238352995.6100023
1757435547.1816788
1266790671.853003
1455938303.3045454
1450407939.4369185
1579290243.4721553
1651067035.6559958
1582916622.1470087
2377748508.8162694
1907126113.2148933
1677287103.1232374
1878332639.328318
2181654691.466224
1980708390.8331423
1652387383.591054
1868685880.968157
1804219675.378981
1642165500.5301898
2371693781.646055
1865309393.0696547
2374227215.5160627
2382256054.5461693
2489381711.989098
2102212406.0754533
2044063942.4612195
1740000763.489569
2211878271.371024
1709371101.1014268
2328392044.935041
2420880575.6655507
2388584514.1968117
1991358135.4672933
2145787885.2380397
1949418185.5090244
2022583979.1890802
1881996471.3928735
2045268380.2104256
2164109330.378054
1767329486.6469247
2078968581.2513425
1847407628.3968716
2260722605.1026735
1904766648.951499
1887986692.6543067
1706357319.5380082
2135111222.5893762
2000651727.3852613
2252714318.371241
1763287347.91688
2270451235.5627646
1912671909.6289577
2105757325.189098
2182070156.358843
2168299476.298335
1997570588.4493313
2080043674.0471535
2243488415.419106
2270426185.5136623
2243906663.418299
2257409643.9509974
2347529202.4618726
2022174946.6931496
2026244614.0274777
1573932880.662335
1661064894.2638416
1699063639.1858883
2536107341.9020805
2263610275.241976
1832292831.5925364
1980297397.253455
1853822897.3296666
1675496718.8393888
1941994215.6252866
1688516130.2203438
1762193327.7358518
2001469684.866118
1919680491.9824653
2135151825.46297
2338207079.7454767
2074026026.9844122
2338993044.732567
2078860588.5184293
2287349740.2490687
1941212566.2407484
2336193812.579801
2484670502.0727673
1948640043.0760772
2269506568.3064103
1756812549.5560796
1796680717.48282
1919555813.9402883
2153033727.925475
1921985254.420005
2201479096.3141847
1958721235.9187508
1829372689.1599052
1624516814.583375
2137305035.4842238
2398418210.69225
2248910798.364453
2571608904.5452933
1952419474.7765636
1967523851.3402684
1704764512.2704573
1563730781.7112405
1515575849.277591
1944650322.7244005
1751417800.2711234
1786406072.3046641
1971452483.086389
1820838962.0308516
1807532140.310863
2036573136.1457365
1862306745.514611
2062849542.836108
2159657045.424925
1844260836.4691765
1756825648.1120713
2085072462.697481
1907267396.352076
2309665688.971176
1649510383.0403545
1849758914.797577
2005480807.6311
1784563908.2808547
2086260083.3618886
1626813254.2630196
2035335039.2657237
1481997319.373097
2257052763.751742
1831366772.0597787
1938451793.2783518
2080901273.873938
1825599228.8462036
2059403491.7863398
1970355132.1977658
2050253772.6282396
2433554442.1773005
1959346718.579172
2303197747.373859
1886383346.5630105
2041001997.8537893
2444378078.4038653
2364487987.015584
1901860143.1618893
2508056229.023158
2270836564.1999607
2223293170.3854938
1875493974.9818285
2190599601.349239
1632758120.9384336
2479931385.107875
1966520639.9980605
2351710240.3528056
1828462937.8920162
2185003185.222653
2000222773.901186
2152512904.9460387
1978002952.9324558
1838788839.013859
2075022520.2778482
1841204133.3766394
1747346021.4663043
2101530202.6703324
2016177581.488907
1946229834.9722624
1567726244.5216649
2029144499.1216922
2255574802.3431754
1719346597.0480998
1485804827.9184046
1460846682.8401487
1455058187.5752895
1575470802.2466571
2172460725.0712724
2032346600.4657307
1630345348.4852564
1978057941.0913372
1851646484.6441054
1769510709.793515
2231031974.388305
2071853848.0505962
1840061752.509852
1897516738.6308339
1674623607.177791
1470490074.8369422
2215676854.652441
2164930901.5807714
2046387198.026549
1531268390.8030968
2088575644.1213198
1951626620.5612898
2182548376.079464
1857772729.5413127
1483206396.7179413
1500207764.6437078
1464534249.343301
1969057413.074974
2154443254.3976912
1635696580.5200615
1557712982.0576303
2039968475.5865467
1997551882.3519018
1573572424.4788818
2717891628.8710814
1533734612.3975308
1896697335.846129
2014632042.6404538
1391879528.0133345
1363647180.720902
1619169504.5726027
1506066586.210732
1879777692.6418724
1846412216.2758741
1832776708.6492436
1973105929.847757
1843656908.3786623
1433226251.1124108
1481299495.0002198
2406279450.795843
2310920159.962912
1873839533.288282
2008557498.0288656
2094160408.8072336
1708417066.6616127
1735185982.4819772
2160352865.212058
2110178052.4159195
1774682074.457854
1843568389.1101906
2019574113.164283
1875270297.9135988
2161065364.267424
1823540171.4157565
2030144989.019097
2169761692.6000905
1859363335.4278605
2051899416.1094813
1445580534.7183793
2150859784.228884
1818870531.1909354
1659535574.6717339
2250682854.2618165
1693951161.3446398
2074911256.6902447
1945917305.1176686
1594854539.8543105
1877319978.7989807
1844282793.3645384
1687781698.320341
1913843653.4551356
1720750372.8725514
1734181618.049156
2104329876.7187748
1518659561.9186044
1331982427.1308472
2062648620.9667118
1404888917.8116364
2300856609.64461
1805543867.3418236
2014552754.9599714
2043621340.8816118
1809099593.0125332
1393168994.8262951
2035870441.5291464
1719859694.575723
1992682100.2238638
2226399169.8932424
1887280756.5570316
1653685319.4453576
2122063227.6639278
2033779531.978534
1366111868.759704
1987798927.156621
1950472520.8918028
1740545987.5653973
2195016088.23309
2010746130.7865474
1444617234.0136654
1644469505.4706898
1855184203.3225267
1863591752.9390807
2266052986.657766
1673523749.4788065
2023085501.4114163
1936429415.8895128
2134412392.037759
1788414968.877738
2019771455.3490005
1992248514.1952467
1591635851.7343292
1864710080.4426413
1946333424.395494
1621730684.9069219
1412284168.9362524
2025376850.6310465
1983128163.7810965
1879511234.4138725
1670757894.521447
1879757956.670178
1827514521.58103
1498918793.4073932
2134436053.8843813
1360238256.71784
1680562171.866744
1513380041.4442794
1494681417.8042965
1529523573.7284575
1827482964.4818668
1716301123.1371503
2078135594.3620749
1821369679.814966
1559424317.9670715
1530596775.0107148
1496168295.6581655
1355476622.5644639
1614046171.6228137
1463412544.207555
1817187910.9717019
1407308774.031295
1782501952.6616757
1432297428.6720028
1792525322.5707064
1769329079.7722757
1845656505.9546502
1497091351.4546173
1766873718.9182847
1567306345.1446345
1702695148.823182
1459934291.7411213
1503564076.246618
1776756411.020453
1479891822.573901
1415967395.0371327
1720978722.375553
1528950182.9283905
1385185248.2450633
1669250470.3890555
1167236928.0683286
1803536788.986524
1879311660.9654968
1487182061.8225958
1387400231.1106262
1262419240.5793676
1467856291.1743338
1415603713.1987505
1322172797.6657774
1470829445.932539
1172853449.0918896
1519800061.0217857
988701152.0019054
1354595450.0829043
1196570689.5121913
1524407153.600537
1198085346.6707208
1262360406.1548488
1226203772.9750812
1254832698.8606844
1280423288.364461
982357528.4928218
1004762456.9307914
1087746232.8057735
951927114.5686302
1082336295.0569909
1064905099.2106631
1250591757.4669197
846449250.4596286
844532383.23292
1082888821.3611386
918366930.7425274
1173928698.7147257
909142596.067867
1157670821.1816342
1200475845.2184727
757459240.5440614
1285392624.876046
1270173945.6913397
1108119454.168671
1337195586.1675198
1141442733.907704
1306206002.2098107
1551616398.650188
1390305347.4386618
1307709396.3168848
1116702306.7895608
1027038884.5411291
1209295566.2887602
1481155687.1326125
1228938389.3689067
928768703.5914464
1414061069.258298
1110205640.9957683
1496408224.363446
1125251320.8653624
1335113292.4264958
1368650088.577123
1217159166.367182
1081861636.729348
1599969666.688481
1173531839.6601114
1383062067.6125908
1129632367.5760562
1160507789.535052
1299135100.2727897
1614558340.7645998
1456935398.772758
1174221413.1502898
1415211923.902716
1357364486.7742355
1636099194.414874
1619422212.9557395
1742327459.1699975
1638016185.1390162
1037122784.8006397
1250374913.687742
1579734044.3577404
1310754920.0050764
1269946638.813335
1492980368.6798837
1383773946.9853766
1298548056.0450852
1183901090.0031877
1548329923.7015092
1094491025.992761
1190813072.4379113
1231221356.719509
1497724436.415749
1612897109.9683845
1253229217.6488805
1320750896.5136309
1289446387.5337152
966042113.9424001
1372055384.344895
1087888464.0358174
1155765355.407786
1276371407.981436
1717648268.73973
1869061435.377453
1910930971.9684098
1543071574.5419912
1742496285.5727706
1488423018.172083
2216732088.5124297
2034779981.0021436
1507193884.567605
1281660613.4296243
1728597032.8927925
1769320162.5027044
1701915085.1849194
1587647674.061491
1676034548.0180173
1531096185.6015785
2188156118.982675
1878258387.187474
1880869004.8837857
1867219125.9163935
1549804599.8923545
1858176488.416145
1474132939.846094
1825121551.3467681
1616390359.4531367
1887884725.8479798
2017009590.4270453
1669599989.039987
1337444554.64807
2054639393.9439473
1769353388.5968354
1723435979.9644203
1563594076.4465475
1542462244.4426033
1810668902.8056333
1594630602.8007376
1353135827.1603289
1592558846.5398004
1613805360.4685817
1931529646.2586365
1587320194.9974196
1810321148.8175182
1668528393.4792004
1918571807.2480576
1866811034.0617266
1635931033.9345877
2092694252.9063892
1463924802.556911
1771694224.687841
2041070513.7877407
1759951011.4459615
1974658100.6486552
1848736155.234862
1894828082.124241
1953182698.4252222
1846938943.5202339
1767717142.264136
1997797847.3722878
1783565657.2683372
1745839395.0126827
1840666835.2082462
1606493758.846875
1849641774.1930113
2284583606.6223536
2334843827.810092
1974790403.470741
2096016747.538428
2073799882.836726
1436656813.2252786
2456513217.8785434
1849474797.5256956
1869144418.8376706
2016182465.1914868
1747318860.4406495
2054583420.289122
2059226158.072689
1792371880.6167955
1962950303.7196968
2246100640.889131
2170580626.450278
1963883340.871964
1755818691.4696085
1978537193.9931922
1495008228.9560914
1847449733.847419
1726734629.0347757
1868967574.6345296
2032947806.930441
2168232032.3392596
2212823769.8464136
2111616786.8168314
2301347538.2378764
2214893148.5050735
1536674490.2054694
1815204438.0422726
1773336563.8726027
1644266646.3143294
1970818050.6345053
2002089093.9632843
2253715486.0108585
1852631837.1833448
2009391504.2829666
2040846533.1967885
1993575592.7193651
1754468133.7008464
1655406353.8410387
2261145132.674075
2402749241.0492764
1945678128.8149867
2292289718.846775
2126502950.9328535
1653549915.370182
1991748256.523413
1750272283.5238354
2127316305.1157303
2275587777.0781937
1964083067.174041
2020810840.523456
1740398251.9762948
2195601608.4622035
1451510421.1865156
2036971701.3386133
1756017742.0280523
2144894646.1953056
1676311165.1495025
1643528933.5782802
1769714077.685621
1252476763.5066
1735327183.1952903
1622825962.4555717
1678986187.6519198
1974649690.402859
1770749304.9556696
1354747083.2532897
1787817898.4268992
1394835176.5542123
1770964844.483226
1718459533.7023895
1707356258.9143476
1736971446.7787263
2094603311.4139369
1855856236.1449506
1667930287.012936
1504185372.9343069
1767174492.4603577
1636670204.4772496
1689570461.7642083
1483176480.8110285
1823404761.9454181
1928973069.9368489
1921118578.3747885
2214219336.2776237
2233296515.7000623
1891442389.764236
1980294074.9315615
2147986700.2337894
1643199364.4778748
1728425712.3646944
2051612841.760932
1751235132.149968
1963438812.3548684
1360475868.6632118
1965895517.0630033
1684705109.1673439
1674085330.1730378
2058886985.2583842
1974915515.1881022
1720124074.0276716
2272400508.3675756
2108181311.877284
1908493177.8988228
1763347742.3242657
1786260590.3101227
1443873568.0881667
2617088290.5421877
2409330364.773339
1961406644.5868247
1992750175.5100577
2482435129.31268
2016647821.180472
1737111357.814076
1802567558.2458832
1805047365.1861212
1527581008.6410587
1851158040.229838
2012694666.142755
1455340217.3093276
1994067366.0570583
1737036849.6104128
1864466940.1497607
1738628470.7532237
1912007438.8820543
1722637344.5469315
1943164695.221585
2054742924.8209033
1847506928.2754357
1661335447.6174312
1366444403.8317282
1264247676.0572941
1683400265.609024
1041722730.3196604
1629135337.6849713
1490810387.886057
1775798585.4609346
1808575070.4803479
1803078056.6058533
1477721631.7820086
1639111733.6429596
1756317946.5936282
1658204350.079193
1312280824.1632717
1538729018.6859858
1669255947.212816
1672762261.7008228
1572427926.7462134
1192859759.7761624
1241117673.321385
1459987921.0482106
1817457408.869798
1669780588.4302254
1527931314.855773
1665527468.623057
1533043849.1601899
1436288951.7888703
1938492108.088009
1282832549.4934518
1452932680.7197511
1640123928.3616426
1303591633.663333
1388821005.3034797
1592380725.1712327
1508168119.2900455
1490201515.1256144
1427053146.771119
1424605642.4054415
1318403013.515568
1550830226.9306254
1610819823.0460715
1337698891.4708161
1680084990.9518895
1306050929.9873815
1484554866.6842968
1867700530.1934006
1403397024.880793
1386256980.7363095
1116265206.8376424
1478926391.1604476
1501979606.968695
1346708791.3789012
1185688536.9044178
1349512926.563382
1356246695.396714
1640236791.0174716
1440249572.7856877
1403374644.4125078
1369404582.9839425
1525281103.970198
1567552691.0242846
1138682664.2868025
960817493.1812235
1226875572.5584016
1290345730.3896034
1513770636.168652
1257359743.3155813
1776019169.929816
1538477816.521771
1548165736.3552656
1131287102.620621
1472947099.7291772
1145245273.0985928
1608107131.2923117
1501063430.0752947
1366853671.9928634
1509984679.774754
1520957169.6945455
1473525650.7206686
1318076828.2805307
1242761714.6156845
1480411175.6683311
1310018506.2732923
1698873088.6136723
1513482084.6452386
1758230514.5343635
1320738440.437276
1066448914.3119785
1155419674.7622113
1118478582.9278069
975265902.4562627
1084833253.4002564
1365594065.6906738
897019511.5727236
1232661223.8158789
1288238464.7936058
1300160539.9763718
1184868750.700247
1025734673.1761146
723327461.9500346
656967711.7028583
822834956.8087773
1235312260.5379572
931427336.2052438
836181623.2940443
801912784.0269448
1181347796.7348046
842012217.5320886
682681156.2036238
232465937.78307176
813661213.2058303
1005085258.4628425
918004872.3746494
1243504556.0257204
1243454847.7056568
1265736374.1770074
1209176455.264666
1074474387.3110154
1738596983.2696576
1561251405.687149
1215612111.323678
1374820615.6266463
1013946168.2228403
1911680106.7843146
1719828141.3358037
1948374850.4274812
1398083099.9627492
1764240740.834437
1119532621.854841
1396702636.4292583
1426992455.5724506
1015408473.5780727
1205886887.3555632
1419352709.4412086
894356067.2836117
1285999455.3630471
1099448301.1643035
1180777833.6831455
1273366389.4490926
1184066957.4928365
733457536.7407295
924914366.0816133
637375254.4310373
924158151.1556343
1128829725.5728076
1191335982.563552
1234930378.38886
854371559.2824242
1084006579.2902584
898136270.462899
1101183349.8710353
1006301157.6739007
800565877.7795681
818537122.0329019
1031444222.052618
652790829.4131653
848915663.8334844
991563890.6944168
660230064.0969656
958394768.6507748
986855374.1059256
1053986481.9319447
1010327873.5287635
1247602625.8324366
1209593042.3432486
1315878256.0176728
1428867401.0133605
1377913508.4365366
1143781240.2968025
1118796115.563033
1196961317.5975404
1107750309.578566
1165704213.391967
1030899056.8126082
1165588777.5389712
1122920864.6204967
1267782458.6423619
1128784080.8470445
1179000997.8624563
1125456974.0575693
1203691611.966787
1224543096.3469281
1009123816.0587933
1475874380.085126
1383938079.1492271
1519574913.4554775
1253887664.2336516
1335447534.1816585
1575100628.1881015
1531906638.7965662
1283948230.1386623
1294000885.5228083
1529265851.673878
1719590336.3047938
1443108610.7049356
1288351227.7286077
1398698792.5804088
1572202669.5011175
1402348318.5823076
1745990105.6311965
1423960446.203079
1705455777.9396844
1689925185.1508017
1482931225.706963
1454199068.2454507
2060997843.0189252
1406619017.6163967
1457919705.3096783
1549868243.7195415
1381702873.0960684
1405271670.4476902
1708068994.8187988
1457234941.787797
1121113394.3978558
1704942808.6967123
1134410624.1179526
1495588067.7246428
1327334913.0178175
1201393671.3362634
1608845418.3155808
1564208572.708338
1832268426.2904127
1484044859.199992
1468142959.9029856
1343901068.2527575
1561129752.7390752
1368119023.182206
1431346703.5869274
1317293056.6442916
1207481541.4327047
1233750294.6868844
1485072595.0947225
1218167766.4597692
1548325407.2947092
1360331340.6434302
1459748923.741756
1657989103.7993994
1557495027.855163
1399798823.053343
1493894043.4211144
1429944638.4650881
1153969839.2615075
1553938688.1489382
1570523739.891417
1553924279.2052047
1357819913.1114628
1359563430.2705688
1280921060.817568
1371173852.3279946
1176265618.3463972
1421846467.253202
1109802103.7009232
1179033538.9987695
1020236701.6132958
1319701044.8267703
1163923734.7609677
1238422672.6331232
1438369763.9357831
1483243374.3013418
1462837535.8343205
1431027559.8407524
1364537927.258818
1327241393.2335851
1564034380.1845388
1492757085.661774
1434917371.5970364
1068077937.8845458
1218726100.124419
1018041949.0551274
1047348622.5163894
1248196698.3887625
1202808020.188461
1251933695.9643757
1238630198.47081
1076539177.4176965
1581504742.3220768
1234567660.1412742
1287906097.775218
1312231564.6778035
1466967849.6365852
1070285828.5714351
1051881618.4392917
995454607.0568725
1020558726.4834286
1046057777.2904868
952774734.4226384
1252951932.2922437
956705599.6708546
993718350.0927609
785981913.612813
966651092.8322002
785982300.0490322
1147831352.4052799
852783789.6157802
844872310.1877552
709104480.2351387
703104326.464961
1037066754.9420624
872094071.9818122
678178156.8133135
711865516.9387343
581458002.6334795
800398300.1552409
491874794.87674254
265554283.7174899
676416810.4461497
856918165.8870311
290262294.22949994
883765860.4628925
692499795.3758452
893993184.9292036
1142559457.3506503
1094095962.1191845
801502424.113782
1210725189.1589525
1089763481.3500617
1310837246.0674872
1066986283.8895292
1013735855.8272693
1030479226.0165484
999857667.5960426
1049709181.6681378
999365963.4586538
743635944.2610158
796007167.8875707
981925744.8348237
1266562046.4753985
781473990.5276883
1277611060.690969
642431152.4740379
727324590.1421971
862185003.2063043
0.0
1035212721.1590686
743209117.690704
329318583.3349818
1119247582.3385208
1030685392.3081456
851540844.1216723
762291082.9628094
824873718.6469774
908844278.9628574
652223608.8427719
160069257.70160106
854384683.9223353
873652497.2983207
763188018.6336209
110670549.5184782
843277662.4436729
698727379.5813427
923961090.2247115
882111471.5803039
794554888.81198
975152279.3225605
835802424.1636071
1115301427.7535222
1070582536.6246649
877589605.236494
1264328642.2368345
884170079.3218926
698915861.2640479
1376213344.0812278
1089757755.256163
824484506.6885873
776744035.6442585
782469843.8899238
1176643358.4625921
905308416.9239784
1257409750.9632573
1108997133.903898
1042577157.2430909
1378504536.6887214
1099482926.2238607
1496792313.952424
771459241.7526568
1259450240.4001231
1020728203.4066682
1338767040.560226
1697483318.0755491
1915786143.8005536
1306768006.8245435
1484346394.5100703
1568245526.044269
1229726496.1454396
1734040490.3798184
1379817456.2091584
1282812196.3388283
1683785384.113454
1514467509.5633183
1505696097.8086333
1540279445.8693383
1841796513.9425569
1308586045.0415301
1854127670.3848753
1901511528.077878
1859162038.8273249
1719085817.3430045
1854092153.399187
1599296415.1184728
1644946459.629592
1999094839.0146668
1868017556.452606
1889905505.5457647
2067661247.535884
1735325911.4659586
1907763560.4615512
1451640705.7007713
1523011583.1497424
1616437714.7013419
1480973834.0202973
2039295017.965469
1489492184.6282663
1968256341.6011207
1890689785.9188066
1830670006.3956742
1682151308.7601976
1891535289.5778832
1392585619.4537964
1576919998.741838
1938474579.0734499
1855700650.4216442
1739678688.7928352
1394896028.45636
1565803711.4127603
1791917741.6270442
1572520349.7075887
1947073881.201555
1588448577.8700888
2064020776.2139509
1807251747.9991503
1749815147.5033803
1908847831.6099625
2540460442.533906
2042625986.3195229
2507383426.181505
2082504379.8738341
2102652511.2017355
2088794071.882963
1531130011.935252
1906003685.262445
1826923411.998884
2200841190.1641893
1852964432.6185622
1798642930.103843
1978862684.5518773
2020378628.212775
1483540370.8188148
1704148032.3760638
1911416004.8490005
1699995788.6573937
1605944575.166972
2043408911.13411
1549069574.9775958
2002645914.9859607
1667914908.9172401
2137173147.0967011
1940564465.2610438
2390811491.235225
1854156379.0056577
1895618959.6060998
2336615688.8869843
1826381484.4492822
2001086905.5710862
1635988374.9017322
2297542901.2533946
1956369579.39994
1872876866.9790266
1700698076.8738067
1447599415.983929
1825973734.8120503
2058787738.8946261
1825955169.7670374
1544952465.8944588
2139801800.8647485
1722574805.560292
1694724150.7923334
1590159672.3288982
2029657982.9462588
1304435106.2742295
1745185768.3897433
1508898907.0292492
1735052099.5664752
1613134944.6517344
1668474392.1485126
1895026215.5216742
1403663225.6206532
1969627385.5966153
2007693186.7144952
1712770232.176519
1825396784.1735005
1626817837.798625
1651772357.1463273
1945036287.0331538
1557754654.8515816
1751652710.2742372
1456698598.026947
1960479813.6928213
2358880857.9561825
1967218832.0233436
1880866123.9156895
1630556134.9982603
1989873007.1496782
1836146320.9863255
1999921030.5990508
1861807921.0241754
1874224489.2606575
2091282261.1440678
1787915309.5316403
2134764699.3888128
2143312532.1251967
2195000032.518645
2597530085.213985
2150188041.354869
2564179138.2341537
1886505890.954081
1766595532.0424986
2403158029.9324718
2064959345.3024464
2127974414.4292073
1807882538.860705
2545647146.5643673
2296020458.869125
2121410185.6994073
2070246132.9674532
2163332607.3028464
1975721533.1380546
1766324680.9723394
2304333330.9129047
2760569365.2286644
2170469154.2278733
2177286760.187262
2492598299.2189646
2424531722.4011097
2686717962.3601837
1997624534.9751585
2185001768.345452
2380088955.950489
2464387401.1898923
2317201784.305705
2023919135.8065097
2243630065.537606
2028461820.944388
2921454003.043724
2361707666.3702564
2440170702.935069
2420130369.6636734
2470271037.865812
2167814560.5262656
2413718507.3379683
1952352122.9724004
1966143905.6887252
2312639755.708569
1971695378.2151666
2182911062.4182525
1674290123.7562242
2195939611.130501
2330891611.5890036
2185729863.4677706
1663867120.4733431
2656545365.359056
2727999044.4194603
2233091613.337882
2430621066.1975203
2586590749.46182
2358882910.641205
2243614708.34321
2224075399.7594767
2341357337.467906
2294403726.504894
2435305088.038417
2482095513.8757367
2244552284.7959046
2233580539.186615
1522899040.9310706
2598220345.3456097
2428112540.9888725
1625697206.6446152
2197916394.539628
1767294692.9131286
1923540806.833652
1879193173.9183383
1915214097.6046822
2386322852.9238186
1655864292.589197
2285105100.3049345
1619814750.8076613
2035045684.9597042
1880777976.7885966
1862612709.4491096
2412973837.3206444
1608533706.9269533
1611856095.012796
1475132110.9584608
1979946608.9379644
2078723698.2284977
2009582320.540691
1936649976.2966075
1901057113.4567053
1899312128.9655378
2258803844.7966795
1996413862.4125366
1764387209.9352872
1955293073.6324015
1998953077.6505623
2173348695.122155
1959901806.039692
2239840714.981897
2401579480.2115383
2468661632.128657
1956114646.9054852
2008194566.7925615
2397933823.8912272
2707310731.519129
2582268602.480559
2053773734.2446592
2683455281.5038304
2225552607.25533
2479574729.3005066
1748457994.54675
2677658329.976137
2431835043.313508
2331340305.5390697
2307379989.6853776
2315621812.8882627
1946925458.758013
2757683595.368164
2088353186.2997117
2052144157.3712246
2196601964.043335
2072650799.7904363
2269843652.6966095
2090792796.2228909
2557433238.222238
1953952266.3092105
2419372239.1793528
2378524573.0726814
2313194779.0299983
2389419945.9845514
2170356403.452278
2013408087.8660471
2224570524.263851
2079651864.2836797
1920592236.801112
2316336954.379601
2213665014.4243736
1964890933.150007
1362939166.065136
2103969536.0903766
1745765622.337354
1929003879.3068857
1832087667.980544
2053946382.771843
1946441063.7418535
1981323278.9001315
1677839266.4996748
1809705880.1700017
1866506420.9354153
1747974719.8735685
2018682544.2066422
1987443619.2802184
1717863561.972716
2211483062.8321123
1972942740.6888719
1887917125.07441
1976838021.2386029
2260130607.1152153
1816002425.3217497
2114585095.8998218
1789946540.8625948
1632634852.9417078
1769853903.7078714
1447642841.0190248
1811705904.5061266
1898002343.3861852
1489273806.429584
2019821862.1094923
2103304509.1749208
1949510705.263005
1397952596.6650224
1891519380.6272628
1409506183.931541
1976548780.0468588
1882411633.8734443
1942375920.9527287
1821599198.697941
2303079263.1595645
1758386915.2202983
2164127902.5330944
2252573963.5484495
1972351577.1843448
1996211269.6965153
1941959153.7907114
2398270131.731281
1907610539.0379937
2155382752.184916
2591766896.78218
1969574247.6718006
2536578294.5050764
2137662742.009382
2333514135.484544
1760624034.1219041
2169612473.2073503
2019733567.2853427
2230423603.945096
2230341549.4410954
2339324120.2993546
2393135867.37693
2080824705.9119892
1707973159.1915054
1659801464.7068517
2262587830.344442
1794900701.9573948
1839664447.7391465
1910016888.4023104
1909935767.8337111
2271274379.555575
2201928505.9265203
2264057096.6969037
1775957389.1591697
2085556821.3951244
1741268551.024115
2023853345.3583632
1797706892.8103304
2335800088.048133
2299708819.902421
2039855603.5206876
1941132480.2257051
2119431175.5711176
1749334345.1076214
1502341595.4582095
1955931618.305795
1978512267.7419002
1966285711.4733746
2256374390.8269563
1869658829.4919586
2102421168.2071862
2107342797.0179822
1822789661.2702093
1579487476.2381408
2056075062.129536
1985526117.8662245
1677484440.776535
1926398391.3977497
1404715740.2248406
2202912573.1100287
1730141286.3484502
1955407473.9706037
1900323141.9303532
1618142529.3398845
1541815934.565494
1532547392.2725956
1764564019.5685556
2024680262.8753269
1708409632.6071637
1808985202.2882948
1743594267.1712778
1244696590.2418964
1298455974.0174556
1232820710.5145905
1737857131.0940437
1854606664.0454073
1534585646.2061837
1389088919.616611
1733652824.6457074
1617890222.9520707
1507428731.4080968
1645949617.71565
1799144302.85404
1662636760.4723186
1685533648.4569888
2171951525.351092
1749056215.9373434
1644258183.158953
2107010573.5505235
1452973732.0295427
1597386414.92212
1467360097.843586
1347632758.9164653
1101137356.4614003
1212567559.7065034
1484220567.7149255
1532471353.3450937
1529501535.2808537
1352528725.7913828
1343918697.4085019
1589270057.7559986
1298329499.340087
1562838667.3886032
1390070143.949775
1767849693.0105085
1410555723.6211069
1542632986.053677
1670728315.319994
1411356191.3427427
1845896423.561717
1445484357.871824
1797621017.405419
1500387590.8206007
1847991383.6693623
1488806790.5704296
1399459809.2748654
1766139694.4755795
1684707953.6466413
1697216687.144168
1834515367.4174669
1974481809.8872485
1910138119.3957405
2127395916.7619414
1901997240.9833598
2059426308.151575
2328365154.8409524
2271017573.8034534
2426824729.6990657
2421468437.015877
2080182621.694676
2248259739.091842
1907143058.1322575
2322517192.0052743
2374780474.574753
2083893657.8524256
2402966067.0772467
2056819337.5800583
2442177945.964619
1927193889.133133
2600613669.6218343
2433318049.621311
1839094130.2323363
1877788272.2738972
2300265432.5529785
2236255209.6857743
2543783525.9325438
2192085490.973137
2423077251.0746784
2180875655.5196304
2060035457.875096
1997735512.489287
2524379312.557551
1988648101.1354659
2496007142.347469
2449932576.972592
2698521809.747369
2343196925.7858777
2742161849.010177
2319738265.479395
2365694728.1814294
2013831660.2141268
1975680801.2373126
2666797174.3761067
2517954739.32471
2379899978.478361
2811789665.948162
2582503022.0271792
2628728698.2131443
2437776104.373189
2965099096.294403
1993427051.6400228
2237004131.6981006
2306565858.457889
2661224409.136237
2897036318.058898
2681999546.1910715
2479710127.6667867
2792554040.1528473
2726856345.5760145
2497946716.3009477
2636319330.277397
2583552181.366357
2827445823.8765574
2635247429.7133527
2993771902.6688366
2642029541.669908
2773591382.2818556
2232679910.1166215
2923305123.9154897
2710994024.999713
2157337614.5012836
2547563105.4211907
2613633259.69485
2641905763.818886
2564238763.1620283
2950988900.7586107
2627590100.612817
2841097682.8410163
2692749102.257628
2974140861.3441167
3079863587.9840236
2916406799.531136
2625729755.6132183
2807037812.880297
2693221334.555326
2934229309.7038975
2830748722.3347673
2753142216.411536
2860150730.896955
3124823770.969439
2605024694.967231
2780042851.4725933
3015932421.306223
2522976945.754469
2876268499.4209933
2901176072.3429365
2888801070.531025
2692542740.1756625
2796193387.6963673
2897093929.786477
2907337880.326323
2800952894.6470246
2937884778.992788
2856266015.9391756
2541553506.3690476
2777170273.3488917
2863445964.287449
2907562942.59245
2535913361.5756907
2913625008.778718
2848932531.804461
2731063118.1319504
2643227030.055564
2752884792.3366127
2767960725.2709002
2549130588.0618753
2877170422.512926
2839015121.0947466
2864766339.72625
2815395936.5738883
2685233380.9071264
2837885002.9993014
2633992346.328101
2401027574.224078
2683213846.4523354
2873488908.668077
2675050290.331142
2318359110.3374934
2650176718.2422166
2887325948.009708
1966467664.4797688
2894171683.279071
2541768533.436533
2771239114.762562
2921723895.4932256
2442063070.781744
2247419579.811978
2594516893.4043694
2869484463.615734
2535424745.2370524
2593297787.303357
2848557713.8552623
2359271543.749454
2576210379.4796753
2808423471.1835394
2415562138.274057
2738141829.805765
2648075093.7650495
2646531153.6169033
2509511844.8092084
2315548154.1882973
2904681998.4424744
2222464377.770749
2869643344.429456
2429593483.948695
2723778531.672124
2390207363.5739207
2298582245.482215
2180600347.4198008
2395687532.1389484
2543392021.6870513
2722930438.1166387
2674375546.3924937
2537235137.3975487
3063583454.184677
2455944528.0937414
2806162243.3712215
2460202253.5208993
2569075403.639015
2894527331.9757338
2469967824.9532595
2816481304.256055
2218111611.6478353
2256870119.4861393
2742984242.0852423
2443235104.139807
2903227850.436781
2803957014.2194414
2650990437.607649
2623778117.37982
2764297122.503572
2833781944.6241317
2720609856.5497866
2753079352.8176622
2492272445.747614
2890046593.1127486
2266959118.816536
2663647341.399772
2499339020.7143836
2434174168.8941517
2677781934.5360875
2829725886.977198
2302778644.696352
2504466409.9500465
2466082538.459029
2871300430.1673007
2877277851.5655546
2414847834.3386526
2584300784.8756065
2843190584.251651
2820348023.0611095
2487005544.908302
2842286715.99317
2642400521.281959
2349968465.683305
2928101577.5549297
2754056750.284869
2723700350.088627
2723408686.458065
2673146892.94461
2580996064.6368055
2527926168.222294
2845281964.8525476
3042236610.82337
2792022594.0131884
2537453265.096989
2979074965.1266694
2194167014.9708433
2595117925.453825
2851406814.157625
2507463394.3909917
2676973769.960399
2441137671.0661745
2372770746.161784
2265126439.6593747
2273049785.0772
2689059650.0795994
2272121767.9070005
2312478577.6393075
2484248344.0871935
2914177721.3622184
2493331089.8622093
2928601372.8072124
2521484029.4238167
2246316012.1362953
2140557829.9381251
2721382690.7769465
2438206489.2907276
2893678905.1788125
2724187203.6515427
2262446270.235493
2855075203.6734524
1893916648.0949621
2512345177.025516
2503693201.910095
2441585569.0432596
2337576805.5959196
2221087044.6101084
2032683060.4860866
2336738964.839104
2339080827.0347233
2507940397.233272
2684166158.821257
2300168913.1447186
2193771962.4057794
2489403347.835209
2156735308.0817366
2408668360.1805744
2028994517.0020154
2400548590.5852222
2489689798.239979
2389846190.6069126
2075585709.2074134
2496026905.8263373
2317199070.127834
2283645276.1949477
2622425125.522308
2376673773.9368234
2313852796.9909015
1954969049.73762
2443816998.3861656
1955533364.9014413
1659031307.172934
2283031245.3032265
1948537464.795717
2180927284.4303355
2795547970.425334
1930693844.9493623
2291924262.8855214
2410908430.157051
2137653772.6140683
2348917157.754724
1982898797.8574915
2402480433.911839
2469959473.70641
2788646237.6295514
2315298662.103949
2551441965.6347494
1893923618.849439
2668446192.061011
2166357785.536924
2121399743.9429107
2483598485.5467033
2011594159.6790905
2528103976.2587175
1956545792.1603203
1998370388.1431303
2643121934.21561
2428987878.9705176
2274067306.024722
1799985231.0047965
2375923640.7513
1935939601.346312
2009724942.8676846
2042247296.6410813
1563496977.6020803
1643728574.7135308
1658236398.194938
1647706420.63307
1531323738.6142092
1900102497.627297
1374229128.9981983
1575771925.8458416
1592188904.9420438
1756702243.2532806
1533800755.4261765
1394315787.4836512
994545914.1948158
1452912682.5421166
1093519858.8464532
1529369186.3207283
1225590110.927267
1613171099.3287027
1682561639.740553
1544979401.277587
1577939915.325705
1911912077.5660696
1633392168.8639047
1425935561.5063183
1313182967.0666814
1265879755.6779072
1313782485.6685848
1215908283.260962
1510728971.6063366
1713353749.9388044
1783503085.5363574
1271868843.1269655
1311379186.8667479
1318956491.1216164
1330990792.3187988
1736265894.98924
1669425745.1018436
1437993557.6527424
1338415616.9466176
1191626210.25664
1015323640.6974928
1054168966.0741951
1100767742.0531275
1408996032.8415751
1517269681.9945743
1461817785.8423855
1529130699.0901663
1365277141.763166
1180706133.8131053
1194334547.4654002
1773253797.9732811
1264253045.3783977
1292037343.143324
1440678264.2951527
1637573733.025906
1459343069.7419336
1668551689.3339071
1727337460.850399
1599533708.248196
1437330852.4739487
1787476623.0032156
1612221190.072146
1724000283.9579585
1781781652.1083279
2060557923.094821
2039571132.5706837
2057413862.9100933
1780213824.9412627
1977124403.4447532
2031038500.2328815
1630157713.5654783
1780266261.4555595
1648467269.2568111
1984291123.265601
1911916995.6234574
1708447166.7403054
2234217492.6014504
1833753883.2595556
1444885005.0777214
1367550297.4799905
1577394752.1858692
1741738809.7040706
1548479594.9994965
2094380175.2048388
1844493635.6929085
1694482596.4093356
1687570368.1914876
1654680985.006788
1907231869.1170437
1888122429.3708978
1773668540.2530448
1774165172.2116344
2046472942.6636276
2032687325.484636
1776940524.8555844
1967313376.5187097
1935299540.6447937
1786259633.8791504
1830207775.559548
1746697096.1604912
1797966438.8269365
1641418755.1384897
2118575425.7571816
2213226564.7962036
2158910892.192222
1874673067.8573925
2067453473.7586763
1898354145.2112677
1946448139.8723764
1955064372.6333182
1834112051.6576307
1566679906.1330006
2103417697.7602987
1333296817.6540375
1511304780.534109
1640018504.8623312
1320819652.815865
1910843095.088081
1531887105.7479289
1319425198.0700364
1185787910.078011
1311426613.3037772
1158583092.2951653
1107508851.1246443
1042170291.5588372
1038075685.9538817
1246096874.0503619
1558493461.130362
1463651400.450339
1416749697.8012807
954268796.536343
1595024839.8552654
1748326886.0288644
1586325331.9973438
1480838511.3440166
1340777238.8674278
1363421137.6864145
1402292357.0695567
1489768827.118068
1729021848.387151
1653874954.7373586
1414978841.158171
1054870866.1953931
1342354659.7391696
1091788753.4908872
1425535864.5439587
1429989007.306724
1682147639.062769
1621277658.4518907
1492512154.098525
1229963874.9750822
1111917866.493145
979554438.3453255
810873361.3329266
1207044865.4439225
901555176.7740179
832923310.1702626
713527505.0771537
914918161.762873
1168214659.7607193
852560484.8375479
882113703.0248737
1084948679.9687748
766853216.9209728
1060450891.2822362
641566983.7555397
317134655.7069302
1132861696.0447433
1286277934.9374242
1436146223.3109236
1125191676.2046049
1184520753.7854152
1098918461.137404
814335543.0045416
1274494669.963733
1300942611.483692
1134497820.1113596
1066260104.6032376
995644538.943393
1107806500.3517027
851320194.5495675
1042685633.6738032
1131740834.8292344
1209123724.9006777
1239450613.426612
983844285.8886063
1137795454.5411048
1204407924.3713613
1165970683.4011843
921722418.4726827
765985651.8747951
134378061.06685978
609357905.1863368
379193216.6500518
837775176.4368806
756598182.428323
976930631.3638477
979486860.0564952
1027387213.5739013
1186610636.4157956
1321785622.1883135
1150745088.006288
1373236125.5899396
1160856635.866676
1351235653.6016593
850130270.2455342
1273653060.1197462
1041972702.7022167
1043856018.6738683
783796162.1027749
837333389.8287737
1009499350.8797855
1183985974.7100499
718275193.8328892
948935117.6495152
269416900.5623249
1082858275.7603912
1095319149.470103
978030824.1342824
1112008523.352946
1036022893.0808587
937482257.0560739
808385710.0500102
901203304.7802069
268661415.08570206
996431704.4945576
177292185.9228847
966303128.2838336
241603377.73308992
1023474153.7068168
983286541.8229116
975725101.7081299
636437814.1076658
337883084.6872728
1167483465.42187
895783039.6532025
258443569.5093004
1065468994.5103722
789978224.8162656
1195138771.3772054
1154688346.7626657
1212597882.802964
750325321.8742443
812764239.1871535
772289303.0199733
1105377195.4874291
1115094612.7716892
886423884.6273391
714067667.4896061
307062721.02146554
779074629.7333813
213908965.2971661
846024775.7239386
885463732.983357
1035276636.8614011
697037306.8837312
317937387.23026097
1068350406.2356858
1275883827.4235551
1009066972.4796895
858078704.6612216
814748455.7225164
881786500.5207636
130786420.9942784
1410493001.654676
1353806014.8942726
997079689.5571628
1149199279.298187
925657068.131954
697863658.225921
280156073.3301525
1168392979.290393
932393300.9164901
893321054.9674678
282494202.96860206
1086136980.957214
853383612.8502896
305433910.0398745
962788907.5917368
1002939524.6514661
994073806.7952138
182455380.81299287
933758249.3718278
773257181.8390931
296949668.5946299
1066184249.2917546
1308151632.1362243
1073360690.7534739
1308592554.868775
1348802642.801562
1213907772.278267
1017235804.1054294
997145551.868639
1275871335.8569288
1626731914.4169502
1154052577.4505723
1028846195.6784475
924029242.5675268
977816124.9665201
719424157.9432876
108804194.31093614
944643377.77383
728959743.679723
327135926.85745203
1099628948.4809287
714330547.5192592
1135983610.3156986
779115351.1594832
207475292.1246412
724537209.2645812
1060254817.809352
1103304710.618439
1136600232.7651675
1086368562.6134741
1202820469.434564
1140724631.761716
1116446176.5233417
1051085942.5263623
1298857757.890677
1269837078.905003
1141269685.411777
1264279498.944112
1245190260.5668306
1442382142.1106164
1180153922.0354416
1385796866.9831955
1389932612.8542676
1182801368.3248422
1267666642.529314
1324265709.4682627
1013994036.8869134
1180612795.7050955
1022258565.127806
900669870.8214215
1360301098.5480533
959617155.5038527
919633446.9602706
1214058160.6094286
1054325933.3975786
1407943319.474512
1113579281.3836544
923253038.7133132
1050026889.6736488
971203283.918978
1176771421.541091
1269464787.017459
1386889530.4771798
1248122681.9488072
1459725529.433021
1623200909.1043043
1834845481.4253755
1603470050.4238536
1659306550.0954435
1602378186.3644378
1669728095.119955
1329727596.380315
1781937450.8708487
2121882479.0291378
1399914052.9746957
1614961611.9388707
1681719057.5222726
1799659551.1123116
1722530480.203593
1716104952.8642917
1902382357.996131
1340078747.4460073
1290160460.5266995
1652261269.043239
1270308643.247794
1510222230.1534648
1117313307.1693015
1254330541.5987191
1388668512.7209458
1382790613.5065963
1020574882.3893065
1514279529.2446465
1326791990.2606196
1632075473.1759322
1309027774.314732
1443558911.7798517
1746163951.238639
1733198142.3647442
1502955430.6575956
1724173592.3714285
1477544405.1996284
1568330372.9161148
1305857767.3342438
1584702609.0697763
1545236481.2111413
1383702798.464529
1922202001.2552443
1374613997.3817546
1004496040.3564057
1865700023.3492615
1678800024.9542155
1482910179.1632226
1699714867.6762178
1370526043.5841017
1486590494.610652
1836612389.6007888
1573027254.641429
1505331208.4283874
1696407003.2314856
1578913720.707239
1681163072.6094346
1353060516.0658212
1389750394.5311878
1545548296.3717856
1218698312.8204403
1236687037.073358
1160339142.2154505
1062683368.3641002
1196928503.4022167
1066213470.6223389
1005331900.1239092
1340879537.9854465
1220213724.6132543
1192510999.2932975
1043061313.9527985
1499000084.4275434
1351375508.944197
939189053.2077601
1002188042.7778022
1274827066.2623882
1114476438.3514242
930183570.6586056
956244102.1372062
984831472.0507154
704741528.6661844
310673103.5446615
1165299316.2373817
917887292.638892
1087622434.8914094
756821403.8705552
1122371283.0285814
1148773411.4514675
1275279101.8980107
1267814327.5671768
1185227037.4594607
942635925.1561
1015480469.0122584
979755698.4711366
1059758939.6087401
1338310253.0140839
1040080097.1555713
973463450.5096433
1035445159.784314
996327332.8545859
1359405612.1992583
1254121796.6440728
1177176106.480774
1823984572.1509595
1674041012.9149387
1364987734.481051
1797554013.9236233
1560356884.6712174
1488148876.3293986
1412899323.7878363
1798791118.3444777
1359527139.077357
1558343977.3325272
1605307463.1940854
1499165028.268376
1839876497.7106857
1181978822.313177
1784267849.8878472
1529059872.7213316
1572083845.8730252
1717132668.41317
1493999329.2606986
1654930518.9596252
1719020072.2950675
1688023298.998691
1296902237.0019915
1435910022.13696
1190876311.255066
1597252904.1060448
1517498185.7881444
1241585345.1242352
1596592035.838159
1439120197.0226629
1598015283.0227437
1405867062.9816353
1407321307.2571824
1352486690.682505
1142434777.689631
464592848.3707177
908274504.7849759
188616436.56101203
798113911.8045666
1218744030.8671303
1153656997.560397
803325672.1380218
626789330.9664629
300744180.4386382
698727603.6958747
738446388.543874
291874221.11762637
819488396.7224041
1144168389.9887896
1025891402.5467076
1288321985.8323383
1588628140.7809489
1336045774.8737733
1021258613.8179348
1766807761.0624778
1268498377.6569116
1377752853.9202914
1057883747.283184
1124323781.6485868
1494545686.959565
1513107172.8600729
1454304574.7672997
1288849331.003193
1369927641.7363665
1324114439.176298
1019929961.0773714
1114903851.0932646
1234292260.8995023
708766278.1553081
957433286.3608747
1165849852.2780328
1153702911.5683932
1226881675.947014
1658728872.2816858
1504901738.6641195
1362832675.514424
1385297041.6948338
1463211222.0452373
1946195940.1450477
1910711398.4130936
1449224045.9893067
1578495488.4083457
1312850116.500167
1737760671.7856505
1726344925.2180238
1825979746.7111402
1613652735.6737697
1954087001.3237329
2372092470.389036
2080226273.6009736
1854309814.949172
1840848466.5753267
2023479452.0806408
2238012866.9751387
1893046311.695931
1923457088.0358853
2223946596.4226394
2225623460.8496027
2813980893.8663435
2614215600.398873
2685703286.3448586
2370046072.6350183
2605684383.4415107
2788051356.852391
2185863062.6382437
2551685300.6268673
2445062330.967276
2145917427.7262583
2282472120.400074
2666255460.8220005
2285851476.6747055
2432592312.8260126
2357011566.9654346
2716980971.8067846
2706281073.4631467
2346521874.080548
2801593826.9921727
2466321060.0689516
2250228013.061504
2317239644.9835563
2593734116.9287705
2237904856.5897207
2204232230.2321043
1880643380.6278267
2498965192.450332
2679453221.336939
2692848785.1608953
2702227156.1188293
2377282593.8519773
1989711595.5591652
2084544882.2027152
2326302377.210536
2729148494.322927
2110069594.7416694
2472923635.0544386
2115771758.248269
2624124917.0283804
2393783214.4934096
2159760783.4117208
2063655301.2705507
1938492893.151065
1992989257.9514499
2485076562.959254
2201209979.548636
2586010597.476255
2017698020.8256435
2240667814.2325296
1912129284.099288
2660499890.524069
2404063821.3774304
2529293464.074227
2068646493.7671766
2720270844.6250315
2011248758.5610056
2232621201.891857
2305248664.8423553
2317065874.702686
2183726624.130938
2281857968.6222367
1883809641.2322543
2178801167.903231
1767314713.1052377
2202230452.6160855
1903187910.1036465
1542911871.3476224
1615917010.0197423
1779197693.9508166
1780276825.326859
1783839791.1380033
1562697890.3735394
1498601358.7012167
1422948553.9805984
1214548702.4261584
1606400283.469033
1654342935.9260135
1212308267.3301678
1261791706.047073
1265964368.4944887
1464354744.1280413
1877115297.3541505
1462616529.9701047
1732621083.5395174
1434118589.5585053
1319239475.7688801
1779473942.5513268
1448046185.881274
1284262290.2115552
1225514179.5091925
1499885724.3340166
1520196644.9776907
1541893510.7513998
1685281047.9936361
1555831633.194008
1454805000.1255665
1566547431.0556943
1281172906.9392154
1186067077.5989256
1337328248.1654408
1299015569.4991794
1842195226.871837
1662680631.5229127
1759684079.1053362
1666924745.7255132
1531847998.4954007
1546345935.1146946
1981856007.143979
1551514891.611142
1440555675.9646778
911368733.7759395
1502767492.0137115
1335896782.5555103
1399920235.0295053
1459015399.276141
1093033411.9537244
1269745714.1575196
1251475016.9032853
1182109276.7048936
1154525787.7324405
1305574809.2948856
1208441609.9228578
1004986725.7076669
1008412121.9216062
1129439388.0958111
1291868279.4964573
1327148079.6228821
1059640881.4951373
1133725175.5737817
1308543433.3744285
1223051406.111269
1588453546.838537
1038492264.2488166
1397759635.9267862
957636148.9313102
1014438747.9442353
1398016949.4641006
1796879351.7519033
1232434675.0064113
1119660370.3587663
1541828524.362003
1357522567.6075573
1264734784.5094247
1579851835.3367813
1687465385.1360297
1687692205.9179752
1970480170.3668828
1880816364.4266365
2005270709.3983629
2095671867.9878032
1707874359.1780689
1828208149.9916525
2433426351.9372106
2083696356.422952
1521873729.8022447
2124123389.2894075
2286522985.0355577
1603117191.9781365
1631950853.0204008
1704171734.7840214
1707329185.3232625
1725558854.6002142
1871780133.962537
1638093094.5608358
1919798639.5756147
1960959994.795719
1721800810.5464609
1665803792.4777222
2106524076.5568225
2240796128.1584682
2391420953.2139707
1899840573.9114845
2165953821.2397256
1966127660.647261
2195682688.0752263
2206400860.151051
2154745991.1421223
2375646142.8858204
2529177694.4586124
2078928434.321005
1788242418.085565
2377960141.0358024
2155936271.5830626
2524639337.6531734
2124651041.3779233
2355085188.3674445
2229404832.931831
2190359025.1411614
2274305257.141179
1996410177.251306
2207638115.07864
2451777062.957096
1718597098.3980427
2183800508.6076045
1974067303.4942098
2179590508.846778
1987381395.6956909
2240031005.1439495
2340894435.8980613
2003847401.851773
2302395006.042393
1718421172.6128857
2365792983.266805
1933205323.4445326
1943714418.0471168
2268427360.8355255
2061489182.3290195
1943320151.7884326
2296369536.319554
1945019400.2665386
2134831780.7214725
2543090445.205095
2255090917.7794065
2141414119.3950598
1411916235.7659678
1757652825.702203
2177176685.8948536
1989826446.5546205
1822157678.7982774
2009777188.3782725
1638645946.5684283
1625776229.445201
1729758896.4540048
1758503190.6686814
1578462523.1617575
1698195123.8625298
1576361161.9245923
1679405294.947978
1404467421.1631024
1563872534.050653
1681490692.0623014
1414235985.3734355
1363205562.87317
1832905335.1437488
1330943634.7343645
1277075793.001865
1010957511.0032289
1341879650.7962408
1392351360.193754
1390477792.5460665
1319526790.4014626
1156128405.9475625
1591873604.2048976
1143377824.3697689
1514263129.5330534
1570188246.102758
1403973347.1170259
1512018636.753705
1690340328.2592428
1310334436.1371825
1296717590.2002668
1180090060.1558168
1452752659.7602086
1247319802.810907
1170341565.4932282
1063690369.5974412
1138085511.3654003
690846661.974798
732430411.1323311
269705260.8168069
870766515.451462
244073010.21734267
829739892.1433666
152356080.98369542
996170370.6651187
1243398385.241962
1253836414.6364436
824698404.127645
188939212.92766494
870664690.2789727
831688066.7553599
828790631.3660039
103288971.40067568
1114424522.9574668
927243635.9627645
282624684.31233543
1243864214.8235366
1030312198.8220952
1115841991.847258
1024084786.2365218
1226387809.223939
1139850496.0483897
1238360864.6642008
1383407492.0201485
1619509411.2684705
1777407729.0192018
1381685770.3155372
1565066190.5379362
1459224951.5505378
1368023320.7994664
1454046082.3125644
1813751703.5599802
1581895391.4535444
2055889849.9501
1503311848.1980143
1229415359.9599872
1662290490.669684
1250675189.5075774
1641464332.0388768
1107957083.235688
1631341395.0810244
1252638494.3733282
1163261227.4517863
1157365610.6788294
1052113567.003506
959501249.2514802
971368448.7930412
1033732680.5198387
948308442.4409978
1258767442.3706656
1024274122.4533428
987795491.8249745
854475009.2057145
73765702.73386563
728618474.9405017
1194148341.8967428
960496642.4033151
939228628.9125612
812727374.9483565
740440819.9544058
210496090.44573486
1139060698.7494757
1223634592.130034
1264285409.936606
1140300371.1159725
889319040.0026214
920893081.2405814
828864397.6575869
751498564.4957035
295321489.7456053
984876683.7888203
738708795.5954745
309995857.664883
743541241.6475844
288988982.19798875
972995230.6261454
1358267005.2275856
922509645.7401427
1128790791.4888165
1115383453.1697633
1045022022.632746
921469867.4489585
1045625277.967175
1186769676.1844704
1032456138.7882395
1042384484.3623956
1503826289.8509455
1431672278.1799185
1068852800.2397096
1291562035.9252014
1315466081.9580712
1410419810.7510657
1409301793.5399382
1174319451.3764367
1060725906.1669087
1391665771.030104
1375788212.2707005
920035100.449899
1305635581.4905858
1171648198.467839
1836558068.8549106
1397150987.1803935
1622269958.3241491
1304870175.9545865
1422422750.3548708
1669952933.347022
1252439297.4785695
1255705214.6076272
1650189479.134441
1679358725.117571
1810000784.1368825
1434122203.460005
1779562159.3500805
1784455653.670894
1346779507.3351388
1687253846.3097658
1471064559.853002
1730848943.6104755
1490585136.263652
1659855584.4726849
1607012724.978896
1745398132.2975636
1619551971.948616
1375645172.4765453
1562489366.138992
1832310200.3402386
1733353153.2841434
1524595469.54567
1868578185.1216757
1615670985.9333315
1774594970.6906674
1230171263.139605
1669245454.6819959
1026176592.569377
1638296555.5335624
1694955892.8696113
1307243181.4580264
1492774235.8597775
1367771968.4229026
1676907115.4874015
1197028903.4014769
1834376271.4696558
1577499290.8615146
1239790858.6951435
1717413984.3587909
1368048779.036135
1558770358.1659415
1280305087.2024198
1258334061.1987574
1079474449.320929
1425653166.7696438
1415467241.8213675
1172325722.3922675
984939830.5262815
809255483.8214749
769393840.0680971
966185683.104997
258950665.62692338
805482670.647227
865934482.9314282
1409258089.0299094
1439294722.776496
1185028116.4880233
988858093.60653
957218356.9631637
789157336.5609883
304490367.2600837
1312188533.620011
1169375848.8368216
1295986581.6988554
1117307691.5866997
1309447877.1842885
804587955.2107317
1205595343.2906775
1192515743.9674222
930844402.3013701
1381542149.5029092
718150663.8478246
946921701.3239146
303522747.471067
1275484093.979005
1275077451.7217462
1321711690.228319
1599983560.2833445
1001181989.910641
1216209902.6470659
856148567.689569
1234988683.6148891
1054155564.2079017
907522568.9284178
1057623251.555292
746450035.3787771
899815291.2190884
222171136.0454409
963484870.3304352
896265237.1233503
319211677.5240835
1055283712.052013
763534040.2864771
738954302.1235895
851625494.6779152
1136342693.2614172
816737082.2387536
936915208.0280337
625719387.4942183
104957355.18666957
1020981831.1320758
1046924675.0640401
957319138.0328162
1088930368.2286968
1227005110.6998723
916257125.2373186
1103644511.2030196
1343933205.3907497
952490073.2906731
1171690109.4590552
1170438913.9001
1248684656.0896351
1408866643.836677
1243937981.4053824
1065150812.4391044
1133022327.8653944
968726785.034594
1370462060.86764
1247061604.2962859
1120822602.6649776
1387785951.8603463
747730518.9677254
906324884.9640311
811009561.9498147
1085257232.507442
946448297.447732
874687587.4163643
1009290946.777599
1016548591.8264419
1011202941.1747665
1086453545.830386
1322659905.214156
1223783978.8159518
1168473569.4307249
1293423308.567513
884330631.1308057
1249097098.3316274
1360732290.0749478
1400482904.5359457
1652627381.8432996
1248458778.4492316
1723346090.689835
1066824299.2091461
1532431372.8930602
1291371750.3659787
1511178057.8438065
1489233301.9020267
1240039809.0197437
1594640759.0952213
1446670910.9477353
1660105049.6768332
1537585099.6062677
1510106538.4245074
1503012232.7752295
2034700060.7341144
1606694370.7750242
1627614989.2033932
1437813148.0233657
1122600716.0660837
1273801766.340084
1713901841.1401436
1112011216.0066223
1463575908.6609352
1840614623.862305
1857734422.4448352
1512652794.73821
1314577316.779378
1726261101.7159944
1535422399.4654717
1350541790.4503195
1702171816.536629
1448474625.9921432
1355462995.8728595
1381155423.7804353
1512425580.6047468
1396378141.877168
1483995544.5265622
1140461036.343838
1609444860.2712326
1168333622.8346393
1061248156.7627201
1538966602.767961
1243530700.7079778
1383743949.6097922
996031476.739996
1101598075.322714
1047470319.5381217
1208769944.3735585
1605183459.7535787
1460969273.3893635
1424300176.9201488
1619855807.7716494
2031222975.2113054
1410543026.7982423
1490256203.9429436
1519094043.51316
1463049586.0581312
1577197548.278345
1896038788.6383321
1566008155.777316
1525876941.4935493
1695144628.690965
1621625726.695726
1710042583.1820402
1667218893.9740324
1766471649.8848805
1493691607.3110425
1389506622.2559464
1372513452.2223303
1208827887.2231114
1791321364.0510004
1383380290.3207307
1985609689.8329098
1634385941.1078496
1655871455.2825127
1628785544.6328213
1519516404.990538
1877934488.8749237
1731505170.833176
1816562121.7777042
1630199216.0769873
1644252899.3091788
1430745978.9645503
1890371275.6759553
1424472384.1417582
1593924689.1493921
1499719901.5200715
1583669779.0136793
1468816931.2632542
1686218264.7487166
1196043154.3518612
1502465607.4338374
1514582665.8183413
1903669251.4219203
1625730686.8160183
1684459301.960614
1347856064.6382294
1573617808.8646855
1809175354.5878875
1859559172.964142
1950279570.160554
1690567992.555725
1956247887.2217839
2028569853.345438
2158276132.894764
2112803109.5173368
1981569769.0089645
2601740784.527805
2138782662.6943316
2063178413.7052014
1677704058.5992792
2133948124.2655146
2285956023.3346014
2020347685.7095556
2080171712.2719376
2508473677.298085
2303947390.8409157
2455850165.88063
1736438713.3813105
2613280894.961458
1991340997.9877708
2142341062.7045484
2198505979.3943577
2010643698.0365577
2574081360.920115
2387371968.2854443
2544007554.422774
2634529623.2537384
2553381588.807549
2747564698.7756968
2453672535.0253477
2562354310.3015337
2532454738.17779
2822248743.0748186
2933732904.41927
2492966913.040884
2206448960.7975593
2609085677.7019005
2856546861.646004
2442887084.9407654
2787673584.2264547
2905620985.6019235
2459718686.2819014
2936345646.8797607
2551031334.4159245
2681225823.7020197
2164865250.2768507
2987446761.2854953
2766893614.0534725
2806817072.116098
2790592806.102758
2348546571.70667
2738515408.085369
2564993874.5851393
2717436812.2222195
2466158083.1161604
2727767121.0276475
2554295181.676516
2711610827.617536
2304179065.5098243
2120732947.7110457
2643576816.628819
2546808476.5415106
2615896404.8312445
2513758580.4870305
2269816608.3959193
2456707217.6263433
2076530940.7050989
2860879067.1571007
2202889709.005719
2636589651.5891285
1879193522.563682
2558008533.3225884
2415802138.537195
2531784090.2847695
2437572652.638389
2360812879.706307
2390033839.260033
2586266443.7118893
2721517203.601505
2836231735.3883924
2844777697.7460914
2810012520.083669
2579994004.204852
2533201774.4731984
2151657323.754666
2906121371.8020597
2749099990.3086
2377417880.4314294
2256278603.4050007
2410825674.730996
2794374548.950184
2789205767.1393943
2300309200.3005023
2462579914.1736007
2759787095.1696634
2382950381.2106
2469204550.4196587
2870767688.8163686
2490486770.4178243
2596289645.1097183
2728771374.330824
2748528602.1912045
2188687023.3604107
2873674822.561523
2625164564.6869874
2081164493.249184
2859056430.8127556
2537442512.840918
2720747212.7469335
2860812120.3022127
2434464723.4666367
2635805844.4625907
2894056405.6230173
2347400970.3013444
2343130725.296084
2634726407.528926
2897849066.1708064
2273379675.95917
2728085113.7232995
2530369742.7764144
2887114190.597707
2373854734.703434
2931615694.455198
2811020797.589914
2826469633.1902313
2952529616.9533434
2810362580.1610775
2976163345.1809664
2668077847.7643704
2878829844.349993
2689008027.873267
2792127044.791766
2851773919.4824915
2804566319.577453
2929425304.075787
2959081207.407253
2762488594.4708943
2839624119.7586412
2938454559.261607
2462339432.4084206
2856593751.856938
2740439398.3418136
2893328461.572114
2599864403.2300825
2978583325.687986
2792595951.3414745
2970939318.044385
2388597696.9139986
2962979069.461075
2790449190.512594
2839390117.128633
2494379305.5477843
2753439509.1228304
2685377137.750778
2780459107.2810755
2691186266.034693
2714517756.1088905
2588352775.101845
2491552801.561736
2482073475.7776484
2827833398.0343795
2695483374.5454936
2892946828.860701
2496381316.2646394
2864521990.316474
2489665084.0976725
2417341167.788575
2377127090.993456
2788836476.573696
2530603115.520387
2651081772.2350216
2733576010.01764
2829856416.6842947
2358062237.0900145
2514008062.9837275
2403137897.715829
2877489962.5926504
2780546295.083786
2610749290.0092516
2787105388.2572784
2596155849.191025
2938764377.971169
2852163837.7072477
2858256723.4159293
2453260381.3157
2753677412.5271716
3006747170.560711
2451548289.231039
2366913453.773024
2821583621.19646
2596848929.6483717
2335822581.391617
2695291031.1836267
2352183206.337798
2729689017.6286125
1947224865.116391
2985235384.960274
2692999067.4042807
2628139255.8827953
2449020482.2917514
3066567114.039505
2296604667.591744
2278187648.750365
2508594145.811623
2668191310.704965
2337958947.7422595
2169155964.537943
2695884926.5800014
2132378620.5848067
2050565380.3005164
2382247698.632521
2181283789.0916348
2774935332.5492263
2697046153.1112304
2224026077.248209
2320101719.4813037
2614032539.385495
2163411820.1525807
2528710002.338845
2015258425.0158052
2520803987.5429606
2347559965.7593036
2523305654.512826
2235859810.8223314
2777517749.919535
2427917905.089698
2749415780.6836677
2391528150.0524983
2079919219.5201929
1884879134.0598814
2204362311.2845106
1859673721.42258
1742022265.885848
2430968527.07872
1930273852.940149
2243745335.6967173
2289886103.018346
1813030108.2549434
2178798720.378831
2245126300.5549912
2011874583.6969419
2200243393.6580796
1451847590.853417
1991523002.2990766
1850877017.0104887
2085693105.906359
1858229943.3755853
2182766654.816866
2135271329.505582
2033795038.307569
1958562552.3646727
1691318434.3972986
1938247945.0213087
1985240308.6660593
1533905338.1772907
1958886891.369842
1691606867.0570621
1873807424.1615648
1748850719.0716174
1642011897.172072
1687598767.338521
2106009901.4337726
2094884648.6792939
1878487332.5204818
1769850545.2001967
1947963105.038509
2294999369.9386935
2184713508.133141
2002198179.5818954
2522835854.1241603
2375308039.9689927
1845524327.9719632
2114143867.6886144
2238543144.788792
2148573392.923893
2596276234.2663403
2056453410.6124167
1934937443.7711337
2120576107.1445167
2156277771.9490323
2452345778.168514
2118310382.8181727
2176206420.991422
2144288118.7661893
1901124800.5156329
2235244693.0556216
2044706456.2310605
1912072276.5807078
2439195899.757445
2373108613.0758147
2773304067.825809
2392824464.1688037
2326264910.629118
2538548563.9958405
2381121237.0597754
2125218786.58818
2854257187.447562
2808449909.1959295
2995264845.1088724
2321283272.665023
2316853593.7445955
2661759253.034003
2029848033.8210862
2485415632.0916376
1851713473.0736363
2408693689.1011057
2559960082.065268
2468288993.882055
2514320392.2865925
1987673197.7830665
2427460082.9561877
2431288361.838331
2155831953.447926
2328571421.682029
2215850235.1398163
2757980489.2264614
2318487642.69435
2496421495.553886
2210774002.613339
2437507313.9558177
2509744865.5356827
2476864838.205148
2303011971.297834
2721217239.825056
2312123484.8190503
2853755574.854634
2851021162.2276926
2681282648.509401
2959103767.583308
2694255573.186812
2931438486.035794
2743116440.3545256
2799060445.3247075
2839205603.945351
2763309921.368356
2899561035.983743
2413722266.9061737
2388262952.216181
2216988036.0347238
2402699322.3426356
2376934412.8053536
2179777479.12978
2216057989.9094024
2654357872.776422
2302195831.519726
2042948948.5236623
2412021099.493854
2502844435.6214576
2673810068.340931
2283045763.863628
2144021111.6103344
2047090351.1357458
1955493273.2434616
2691460357.3696256
2478588169.5453787
2063986492.857639
2414441059.8390408
2227271999.0898857
2333975107.174488
2157442996.773449
2208129994.936949
2457031947.4276977
2194707364.072399
2269576789.984472
2576314310.0402846
2275705915.201964
2242059715.104611
2194211584.429776
2314022755.23319
1864993658.7281682
2172106297.007326
2294625667.539873
1745220452.6413505
2448363409.8622885
1950809060.1513762
2519552555.4439163
1968804509.1104305
1740100799.8792312
2221671209.7293725
1605751048.2195137
2434674833.9456115
2087247401.7573388
1894880623.6516438
2226247148.432764
2350322319.612565
2586640043.5717044
2117648516.0209117
1976652573.5853682
2354011937.6548047
2322537179.965402
2297619785.291312
2238029380.7618766
2304061794.8292513
2188172841.9109645
2155804625.316835
2127993005.2070417
1904197121.0043147
2472142547.2400985
2416511730.027125
2621078500.9768887
1937032296.538833
2024297798.3328435
2358280196.7499795
2498271606.8836565
1769818666.647217
2604477339.85276
2394276680.9414554
2553221396.637267
2314514082.277362
2596709327.683066
2582701034.907138
2702293054.919775
2367350361.953374
2131721170.6130762
2365934192.2199073
2291257224.9237113
2206050352.3417277
1958591819.3272903
2422493038.6008244
2254126658.5045066
2295941314.326158
2788647111.041676
2525733736.531449
2096543979.0827134
2284983014.637221
1981587526.7302072
2007639662.5537324
2046441367.3670044
2112443519.4852872
2081386613.4720933
1954163878.096691
2385851701.380877
2353912226.610852
1748055243.0401914
2557903743.8635387
2139861198.827532
2227583695.1972055
2635593105.168136
2090545779.865333
2547456579.7167506
2356437908.5567846
2351945122.5671854
2277445728.6027117
2333393283.1022544
2467312690.979623
2567049834.444912
2256323292.3914056
2066517436.9544506
2218438588.1288357
2362158742.429371
2186531584.9276576
2628800289.2752295
2269909194.1802278
2475079256.494241
2581554558.7212415
2672295044.3102117
2769113522.5599217
2412655709.9631963
2527486103.666599
2565414395.238817
2399831112.262179
2365055458.952519
2832753503.0527115
2622322221.095165
2648612568.9644547
2683281459.279166
2669001381.4323316
2864962032.9105883
2752824055.8390636
2775835357.0560064
2878879763.5503983
2755884911.6360292
2437729427.411846
2848290027.9055877
2709140639.904828
2654819817.569687
2819069653.2131405
2081749792.0077386
2905142753.3489695
2707966747.928599
2842116196.8848743
2798280470.5907764
2727014753.756165
2864657314.183286
2864390617.1609845
2807497318.5139637
2920592927.6131315
2702705582.899334
3051079092.774748
2581054921.867838
2833588593.60507
2626620531.344383
2960019631.5311494
2621063574.5442057
2952163479.04904
2749796172.444389
2781441022.7560287
2644834345.464831
2750107509.548828
2949438308.185049
2914691863.235705
2775227268.858961
2720507080.752866
2756901225.561886
2932512255.364763
2656048970.8993607
2889015040.7466826
2384517028.804965
2794779428.732402
2655592880.51489
2366948454.068063
2534587860.618553
2575155655.08753
2890337042.780569
2467851028.668555
2945082643.129822
2923402965.455657
2609075319.913168
2476136389.542361
2826030704.421431
2742239569.9360404
2923238741.216854
2963424195.0815716
2801218827.7100606
2771862476.2140923
2507208843.4862375
2906741796.5185966
2729068721.258279
2821791011.7179036
2891625456.5225472
2616437508.632706
2711600925.964539
2711912277.691187
2779370674.4652576
2813748345.8706675
2897904576.7456164
2837718947.3144426
2908752388.8822374
2856565110.669141
2813138139.07723
2531325438.299755
2887462527.2215457
2870498681.0210986
2526800268.1736913
2621989542.0578227
2888003336.420019
2967869711.955736
2796080082.373547
2836419335.795897
2943460835.4915376
2955376104.2278943
2779788401.193658
2842317473.6734605
2796727998.4490805
2729499278.8522506
2779967613.969216
2763860919.799011
2672714772.474247
2707698912.933845
2866108813.6626644
2754798339.194322
2895661040.2648854
2772310557.9866014
3014307937.7179303
2799989970.758266
2829209234.6917367
2524556445.7689342
2820776822.0558887
2696119936.630695
2763924992.5557714
2884838972.699379
2825638122.737295
2875813886.3482947
2704776483.8894567
2960629121.76272
2992261585.276492
2653735730.0649686
2891102954.482117
2872127135.806535
2972997668.063719
2761607204.481404
3031597435.1300526
2564490921.079559
3028353770.769815
2635829272.730234
2501063891.597301
2642369103.1840434
2942474254.495309
2817645485.419041
2830346524.5147357
2824504595.3991423
2773131593.82573
2786319421.9010525
2831961445.557063
2639551691.9142346
2686315377.7450447
2511743594.7107453
3010078853.7363315
3056203632.0824203
2877433012.543309
2786324558.780042
2721040436.316519
2894579051.7029796
2820269033.368525
2892799102.6107087
2755552805.590456
2838889418.0147753
3003315961.150219
2883047526.027911
2533634971.9395485
2860542936.381608
2926847380.157581
3073969465.9114842
2786689653.481818
2918864913.9648995
2914116670.177464
2703095210.326439
2911800379.009003
2894829678.360582
2801500691.4901767
2723128266.607666
2875120423.2391396
2980012383.568992
2425750742.2120924
2718836265.3332167
2791599730.640685
2693544868.090369
2565492603.0271373
2918866941.0232444
2886865982.561385
2815919748.2476554
2854768993.1486683
2934222588.810061
2653715897.812091
2876014191.6041994
2984608478.6969223
2827078690.3686533
2695696706.940582
2788721879.8680816
2840420803.64658
2714419480.8667536
2274088698.385224
2853073751.5960546
2715585194.59289
2912024059.8801265
2889059804.04559
2555810215.118168
2571879567.0451374
2956249325.070334
2670950285.2111263
2949013709.4769506
2839458167.761976
2799865503.365386
2896726716.746729
2464256307.712108
2802162556.578311
2561009531.4631553
2696347884.177997
2530461015.598899
2692649437.338288
2559664533.3974357
2806103719.035912
2797072484.282142
2545448200.2304044
2683575540.4366674
2600086835.0974617
2340803939.1832027
2720161212.1751275
3004005437.0171504
2875772296.8638797
2679676020.404092
2874911531.1612597
2800835971.066889
2749761053.239189
2944334088.3808618
2450079384.347103
2754366405.0963397
2703948987.062595
2669808258.7170515
2925801149.46774
2831330736.3356037
3047295257.9269814
2456902214.1265106
2597682964.846897
2859184983.218765
2614825593.076758
2752706003.4440866
2611800226.9915085
2244592534.418996
2850050737.4978385
2613174582.225168
2645961263.545625
3031259391.151411
2538664152.398665
2748511252.755604
2676066532.647441
2781757442.68606
2316552607.9514008
2437704514.4303136
2637458123.916404
2806523049.023118
2685629145.7502766
2791857700.8950033
2366656378.707434
2152567527.6848836
2299743348.9926176
2668500836.2792907
2943804923.610829
2653410547.4936457
2612935729.752986
2739556944.2070103
2234428885.072231
2670537445.519498
2571959776.016191
2318717654.6732836
2557718923.215979
2546533176.251406
2363034410.8107615
2126855031.8054807
2564333378.459133
2211097608.5702267
2530974987.639373
2237592574.097811
2674744217.821077
2318341895.260556
2181305800.645602
2380916222.6257153
2600693428.6821795
2624058765.567162
2502059670.0857353
2722480883.8447924
2802972248.939747
2420008602.1715136
2808801120.3770537
2592455673.3503356
2676495145.1789055
2608884247.6446457
2196304816.666732
2060148245.2610683
3002565549.9058075
2416310924.9935036
2600364263.8394556
2629630440.6019416
2708974946.587159
2830498773.461313
2540938506.018142
2862577063.8754506
2857481590.9313154
2777788957.7200603
2671008722.4199724
2901653836.4385824
2790003618.154878
2720132909.703753
2717802754.5714817
2553213715.056114
2490213383.425166
2707220997.793334
2959908048.003202
2328194438.445764
2216326508.0635405
2620586735.317363
2385724542.3507414
2768915378.24703
2925546648.0752916
2358564033.9805827
2809851183.72312
2407397825.541397
2791486665.00451
2298375787.6341963
2652233624.7376504
2883313411.8713574
2499481520.9763303
2383549663.8861947
2320846581.635943
2789578414.609
2868933761.6267953
2252962866.4518065
2860312326.8541503
2462529062.0748663
2742415852.1489863
2826261095.598791
2626173186.0376434
2762681783.715237
2824790883.312359
2541144529.656305
3043474480.3186126
2740495635.3804183
2712365715.3876724
2957246950.040712
2865122804.0129232
2774090691.0019383
2712837174.955775
2491629735.1126194
2720584049.9434605
2855947401.4800596
2793378994.8965745
3007753189.1317844
2457790607.3206873
2641926957.1918325
2443733249.965588
2868465374.214353
2789174426.852111
2692459297.2480965
2812627071.8740993
2275384365.2095857
2591976955.9045367
2589730288.920836
2275480850.1296544
2168996546.1065316
2796408830.240155
2629744907.6114883
2541597364.623169
2895626528.837511
2501136856.19946
2665282237.6824236
2845524349.60377
2997065141.9007254
2684340964.2970996
2601133610.0002737
2977995933.6884956
2673233095.0766726
2725293185.7698236
2740548244.8990583
3018817411.768381
2842794855.564861
2774880129.440586
2695360823.381565
2786119157.884601
2422708508.56295
2900438133.5533676
2516109574.8703036
2879057308.194942
2634181236.323438
2952942941.6304135
2673737469.7213883
2725440997.512089
2474209556.699481
2593192127.4742613
2764192994.2869825
2818732560.767582
2475783126.0465994
2852122772.84072
2662636372.8030324
2843055804.6885214
2623193990.450588
2614559191.766589
2952741345.3089066
2879819739.14681
2757329965.5141473
2900468193.656803
2879846855.0910425
2945709452.0707073
2939919509.098885
2839146444.989299
2906509396.335586
2968055574.6631722
2822134522.9292583
2914054221.73739
2853602762.966503
2937255817.2547274
2952447633.030978
3004883746.2104344
3133586960.9684663
2968016859.792087
2932789198.478903
3027410733.6397815
2809452748.7400956
2847743982.2198873
3053252527.5312862
2977391506.0579495
3001067696.111183
2998608880.4847226
2880170485.190205
2805266480.4057326
2736282435.39511
2799307113.999732
2797936594.4852324
3009279774.9278307
2931435775.702108
2861106324.428606
2952450440.763507
2934670225.7447276
2862030655.656398
2805627087.241027
2806042779.231354
2841496087.340832
2886185931.251496
2809615953.1737046
2730878529.6348686
2919302553.517165
3067304142.960393
2879062995.530448
3018075493.9314046
2697844365.7906637
2813507715.285905
2650026537.046117
2799934472.3799915
2648778164.4105206
2969118128.621862
2986250665.2246623
2691686402.7653923
2826034175.90067
2818236269.798742
2618399977.644721
2491283057.4730535
2999178144.476341
2755913801.3241453
2707833854.209199
2647571175.1945953
3015228401.4916844
2531137122.9411035
2785020552.2642217
2832648829.24527
2857624846.5622272
3132008316.849452
2653547797.5194955
2594779201.5553284
2853983892.660822
3008116694.3745923
2433320854.952975
2888949880.9726806
2815654652.9062943
2696681201.427506
2893987096.947987
2824631676.554981
2548571930.1720266
2820296040.665693
2715171771.762629
2884701785.404835
2803233932.3235183
2240392931.479159
2698332452.9177976
2943897583.4010057
2500853380.8008676
2582797678.758829
2324859135.524476
2708581802.0382833
2308585053.9889483
2234761483.901347
2987761632.1612506
2576831345.5494337
2559804308.970281
2902862657.6577487
2719173842.156469
2678218768.6537237
2867643856.884967
2661623817.1679325
2886403778.106808
2877779360.6210384
2697250229.63998
2976621050.593913
2902868794.4324946
2739598438.513875
2757758294.6134143
2600509108.597844
3000623616.585036
2906143174.528906
2928869370.5538683
2807504146.555195
2859507350.7692957
2543730133.3757687
2360319298.4134483
2912009434.5696764
2780399835.326355
2786625768.329496
2728731389.5756607
2860547640.9569936
2809299087.393368
2876231214.8474517
2970661809.8045797
2567311970.565135
2816061250.882512
2755706627.4892387
2813368929.9796724
2858025771.4708796
2781355901.9364142
2837036112.639988
2983505891.793849
2461577904.624137
2908891015.606631
2955899652.6933327
2831229120.120347
2794514095.838411
2717973281.3230486
2655965302.3598533
2739775269.2860165
2688871319.1131625
2897774309.8636665
2924916396.167004
2983496951.8591185
2756121193.737231
2769873484.2147923
2833122754.8452406
2806137630.1724205
2786217261.3932714
2710319121.1975417
2813067582.6867905
2619025878.131681
2689909774.0345507
3057942048.982384
2650599830.7289505
2822126062.9580927
2745577550.54962
2468582932.123135
2792412186.935013
2558185900.5786266
2972673593.9217157
2689435282.9382424
2622669266.4489975
2550452657.77513
2917897751.6452847
2791444996.4575024
2552108208.6780014
2782948002.841476
2841799797.1691604
2856235435.721649
2835549594.2410464
2774124284.892915
3073186669.6522465
2806017773.18518
2477587680.6792293
2815903461.694956
2819461410.4794383
2514443868.2152014
2094870382.1101685
2515857457.0920305
2776501884.373321
2548093556.1533384
2610955903.4723434
2505410799.541901
2885020712.195952
2519818984.6176395
2651187499.9493046
2645202978.1678486
2497268290.9499617
2787887326.8575096
2540818845.82158
2361417231.865868
2508813195.500593
2652659794.7632732
2621699357.9294467
2259639196.6171393
2416874816.541439
2581005990.9335804
2179320941.8271537
2466540276.709112
2436675119.2653737
2901800112.8215885
2481532110.9334416
2758169285.7518973
2019400193.405181
2447129463.406468
2497402800.5342965
2033657999.648769
2025533209.4711168
2113837440.1696837
2197415562.717478
2418953534.091193
2069597858.8733685
2367212850.7053294
2102530395.2891376
2162415112.087218
1852522848.2402601
2149292979.8936605
1968072926.9859502
1763636657.3473222
2027824888.351007
1740383971.982158
1741221677.8884277
2027378395.3504927
2007304682.2137287
2047398454.001829
1991401857.6487346
2070136262.70508
2123143611.759533
1898932761.1798458
1929973308.5559814
2290482031.573393
1893485903.4394062
1983565770.7360735
2017078231.7860374
1807085860.3921528
1884594251.4860108
1685162235.8826547
1651641583.799234
1520505366.1041815
2065894409.16556
2036563539.4342995
1823348969.356444
2022864848.435009
1772583100.883253
1648568853.3259044
1967526994.6250217
2210428538.5864453
1646182277.421565
1695300842.8639026
1654362567.7492409
1536523154.5742483
1486931852.0650249
1252383703.0886378
2120776566.4876387
1651804245.5312452
2107916066.5504549
1663404108.2392976
1379440939.4275177
1876074848.9491622
1735391367.881632
1901306466.0008316
1682778060.9816592
1575080554.3642924
1813911225.0904658
1752334697.0224805
1581364393.683939
1369444172.3907237
1789962054.472845
1346243886.0490289
1676744773.8267744
1448416333.5142283
2235950660.4625263
1545474704.574279
1526270570.6274269
1287956644.653937
1182359199.5994625
1114478672.1879673
1496153730.4583647
1540056280.34966
1751700823.8947167
1773351642.3854043
1606606407.6325772
1330213116.5759008
1383246077.1986387
1628227632.614455
1559064069.6163182
1435991864.0704815
1135413299.0727448
1485394872.898844
1307029625.5106163
980933193.9625034
1342927597.28458
1104797875.427974
1461044034.1987615
1130367433.4020166
1146487265.8706477
888668543.6925256
840999429.5174367
873202554.3229554
867369279.314986
1182618030.1223333
967966218.7334526
872382322.0130616
918245647.1621042
1005284124.51728
846213704.8293989
319335039.3633216
1281004930.463704
1158065691.5962825
1357632926.254557
1199057101.8216758
1452678998.3595295
1359183540.976833
1933988065.0911593
1709027339.8150573
1788739821.6429722
1984937531.052963
2045785058.3537192
1637377981.7814465
1698362154.6777527
1609413796.2147639
1409850934.499835
1819452431.45637
1671019591.9046402
1749662146.006979
1669716529.2390056
1816044668.4783998
1654519931.553771
1681336306.3401978
1588147126.7956653
1534712454.5358443
1395186840.2840698
1448244025.0745635
1226692732.198496
1590672932.231098
1411160338.594067
1478185813.5865505
1512825271.8209376
2027520067.6408305
1329270875.315801
1749336820.3919044
1769496013.4294515
1423801868.533355
1724829091.2230773
1709100909.5520663
1485403992.7079928
1496365156.4430256
1284263857.0394108
1414760036.3622124
1567364218.0470452
1274126759.6514566
914422979.7170511
963501164.6059515
913726317.2770965
1224104042.650621
1468092996.9412518
980303080.8309406
1229476050.9061687
925662120.2742249
1224559678.2849321
1234074877.1367314
1012516325.6674951
1226972560.5601966
1305843918.6368902
1158046536.3271408
1176054402.7376995
1542771733.9460952
1199472682.507693
1370408250.6412053
1265640579.1888154
1439012329.2839873
1345739673.7173345
1406595993.7524567
1091091630.81662
1141937023.4009988
1286771032.721341
1128925658.2123163
812831998.006461
918958635.4479291
850233692.5016971
866994427.388568
784368549.2436646
841487513.1398332
702897148.7118948
203556445.1889979
729072659.545875
975390921.5321013
933879317.2004801
752677391.6157653
977406614.5061357
982906069.9072096
918853909.6520878
1057927676.6684778
1117213767.6197963
1166732206.8729653
1291104765.9279585
1343719020.9221714
1331612364.7203665
1078743118.0124073
1017987491.2544919
1033117754.8339461
650224548.4707989
860912162.531831
694791309.5193613
266290116.05636126
879763665.8591121
1230209925.4377124
988371930.217516
691471100.6224369
766125279.794918
1025444863.7383131
782824667.7316738
861615633.5763333
1181948247.1811767
1038748353.0188245
1133941310.9600797
767097044.3074539
931892668.00509
1183495577.965925
1102131799.5084558
1047617255.9459434
1144344460.7192593
1039953656.295528
813691496.3452009
752623881.5617728
292924314.201072
1160864391.1908228
713751589.1061596
981208038.1241537
1197902847.4134967
1108601920.5443
1126329867.2686584
1456417434.648153
1117599092.1271577
1070693931.7868482
1540637651.333525
1242021284.585002
945005919.5361843
1262843561.8900194
1526417440.4648168
1233417287.7061687
1241225881.012502
1115794952.105744
861025710.2470074
664436847.1203619
334512320.2221167
1248971317.5373237
807341722.9437448
1192991027.6112509
944155288.2251903
802804433.5956998
1140104906.9789622
1188650176.0506215
1033394982.9507699
1290732770.0544798
956041269.5555383
1063732249.7573491
1203735455.56216
1234453894.0089035
1037549117.4414439
1553371764.1781738
1038995805.3173593
1333972345.3130238
1551360029.653947
988251765.7261207
626173755.6233375
1107673265.5518143
827309427.9473162
981288187.8941295
1061846364.7578793
929936998.8666728
1305946436.24441
1056520256.2498007
1348031867.0357041
966599951.0216901
1315019515.0426471
966307001.3378631
1017132814.7001317
930359524.3863094
731573198.1352398
930519443.8299688
1187360982.7437277
1272810348.8460553
1317648411.2594912
1388295666.3573525
1361090779.6278698
1392758105.6062007
1364938682.0586264
1309632891.105595
1509453745.9069376
1478704001.8450525
1445027519.6790392
1046089138.3158623
1505085820.8949082
1134145231.0622244
1179338191.8879607
1169693589.086465
1288399522.8940763
1258350439.4414163
1462398675.5476193
1494260035.2007897
1238134408.7641158
1175072019.3479273
1345310178.6687515
1233931915.107599
1325921341.1005518
1288807303.7665043
1554161461.0022552
1629839172.8190436
1855808942.5097113
1360978498.1112735
1535396377.8729763
1399014105.5463698
1344298178.7692034
1536398517.424387
1732159255.091971
1453142613.375396
1368566767.3544238
1177083690.4112298
1397115553.0116644
1324249675.3466766
1299045050.7633224
1185756273.1071782
1301123654.0355895
1336220381.3442132
1178914350.3784437
1422302219.0897923
1044772002.516178
1568343563.257159
1193117006.7915552
1053946369.548545
1260226831.281318
1589283368.0406146
1656901213.519994
1308834064.541075
1791085239.878677
1628870944.147122
1880503522.6875687
1402539729.5811422
1564273982.9092703
1359103144.568598
1330010019.6788843
1391595131.8326755
1819755443.3592584
1382992714.1686997
1518288325.7631667
1577212742.1862378
1422220371.2090402
1260618984.957693
1546956135.279954
1822551936.9840064
1554864895.939771
1921964869.5438025
1549962823.4707825
1594346886.2504225
1720457897.7097728
1752476292.6029918
1563162575.953993
1509332055.4808266
1592984149.4657176
1922015928.4569333
1603514890.8696277
1764977744.3042722
1741725958.66262
1458457970.2369652
1313519042.8912058
1427721128.6307032
1770384365.375659
1640860310.3157058
1784230429.5202582
1675225752.73916
1498650631.4227726
1765538734.638873
1143810744.3349688
1695600301.0753472
1531593884.05444
1432815662.2073908
1471767471.3420465
1663746819.4735892
1369546248.6639364
1054663651.1067349
1284350424.9128027
1345725868.2712178
1353996521.8548467
1398737296.0437865
1057322611.731441
1055118432.0590658
1108447116.697806
992495598.4317027
1103624013.6554327
897017043.9553571
295347730.36947274
983502040.261672
641608614.6056294
1231832307.7880776
892753271.7828572
1235551403.1980906
1317703166.6262264
1477819708.9156945
1746585575.4734168
1199547712.1909883
1297350008.9159908
1192185844.9424946
1075821401.8028836
1627389859.228862
1462137254.647104
1558185123.0847259
1273687872.1147013
1698382548.2940624
1388256520.8560348
1484439306.3916838
1424331386.0547576
1375460403.1380284
1573483975.7779634
1396885750.8242285
1185675509.2555623
1233727016.8403826
1146767279.130957
1020032037.2087618
1242349229.0839481
1033279916.2878009
841883402.8372924
328246004.86131704
1126397694.89582
1338478042.1308985
1100876148.4697855
1032891262.5008888
1019449727.6087986
947085579.6132894
314551315.6595551
1055845163.4015741
1118805957.5666277
1041604647.8506393
287249874.96270156
930084024.9458522
317097815.92113286
1153240182.2142184
993167604.855183
1089461463.310464
1088640565.4077358
1102285040.5181231
1076854920.366723
957454883.0613096
165277594.65602428
938733351.0025382
811370390.5660514
835260714.972469
941546252.9459786
1183475357.5693932
959058754.5754018
1243245478.4631948
989532052.7944255
1201857820.4883738
1082923776.366531
1272564477.9458437
1738070495.3442566
1701932500.2298841
1567646503.9594045
1312535410.0939314
1707740723.0061665
1898160568.3571465
1372375939.247339
1310182236.458878
1449243135.157082
1511824243.5636892
1272579795.3574357
1624513789.784992
1446552448.2364883
1330671832.5799067
1525307496.5115774
1438884387.524772
1389883695.2316525
944804358.7311392
1254769373.546056
1369025674.2412932
1064171813.3985655
1539869548.55066
1251294310.4665744
1298977793.6496842
1105446873.0399997
996459673.070022
831302718.9682678
1072852899.0573784
1421200733.8966756
993117777.4851118
1085768331.8996923
1020866932.6477488
997197140.4570527
850102731.0004352
931104590.6869911
850020505.5022613
142335720.27518582
930534625.8471838
826382495.0190768
177316458.1119569
646927903.8627346
840250441.790141
256857377.0120125
908452675.1290295
962955600.4211657
882430104.9364203
665692838.2048461
1113995348.6379993
498370792.7885807
1088042461.8480048
995232711.6758487
780957772.3494148
1109549477.1471403
1030380182.2902695
1024557135.5693619
860706466.6726032
214049890.52012953
913759758.6695775
261721315.12276837
883530744.9739532
962641081.5569701
1075667565.807023
921453599.0639803
184781949.898862
838877032.6691663
360297551.99871457
876429744.8254194
1112848841.7859094
1124995817.8655264
1119398637.8845532
1067380772.6479293
1561050240.4534075
1426212252.3958921
953303121.242549
1479816355.027719
1731105695.608858
1882912687.9861739
1742917125.3390677
1987381798.8567703
2037758451.827065
1811192770.6837595
2018622737.0968702
1817759259.5331616
1578242473.702167
1327847513.3773284
1624220085.1443918
1411996496.6754823
1531971391.9222753
1447071016.3666859
1552342407.5176933
1351583542.4353566
1611103581.9683192
1389124640.7466946
1507614027.455866
1654385893.733654
1507443346.2786486
1402872865.5917575
1745486925.4238594
1655816134.0199518
1833793743.942297
2150761484.529931
1589006969.737551
2149280668.2959194
2002427912.2623653
2283882373.0506253
2218702851.124954
1523986205.8516126
1786880722.8947184
1456702909.5336933
1928225719.8303156
1781201747.130027
2175563511.9717894
2047511863.1430073
1487240063.7905111
1932337732.099085
1584963412.125478
1886914136.820908
2148681223.947203
1443993513.0417109
1817809191.4789717
1398546293.590821
1985740620.1644185
1696772156.4237545
1682085064.5321076
1671136588.6091754
1552344662.3277788
1487075658.5890043
1977012565.4759207
1301053425.8916287
1825723382.7576704
1259498003.4959006
1414976472.109
1248329883.36689
1472475492.6446223
1321542204.7291307
1240847456.0571954
861212863.1593965
606673454.8207294
271302090.3845368
1441075955.9210906
1337201861.3198693
1193777532.0318322
1391620164.631556
1010165125.2190816
1355557261.9268234
1294276445.1067064
1017387800.5722766
1180887443.4653158
1261353124.5563037
1281936920.561906
1033889453.6569858
1393087523.1025603
1238423257.6345677
1232684683.7894022
1147598706.689866
954505434.6763549
1126681978.4541893
1238208747.7306366
1390113565.188499
1263119817.0092049
1242649185.9630322
1631171666.166987
1457680170.3190005
1556218483.5217443
1733862502.5942256
1805903987.8437448
1609852582.032392
1806622308.423707
1492667782.6390274
1599171268.0926137
1415618909.3802633
1266811880.8748326
869369987.0159386
1044192677.8066976
1135062921.7839172
855660448.3925254
933831522.5011841
294969421.36668277
968081841.9880805
979202775.6266335
177619590.05185896
789276055.0847597
1028733295.3792071
1097946175.1840498
1159699717.8360512
1335945869.1890798
1147752281.52566
1240470576.5289037
1195621875.94425
1262171145.3948042
903077960.3667592
927749825.5576162
198281559.63822502
899179844.7378747
1120213774.9896836
812772142.5425457
228315728.6119114
1103369921.5288188
1033736034.1718327
997680698.659644
1002865467.2132479
1236710082.2504606
1124214463.0987046
1558147711.0686514
1116740526.0909
1214849888.2645457
1420846336.1413734
1677723654.2807217
1606504605.1854424
1459692771.7031584
1382676272.0993865
1469183846.6123757
1501951497.7844563
1179375414.1129422
1606262060.254284
1630305733.104145
1276015413.7050083
1252352545.456154
1643280102.3616667
1639118272.946242
1320830264.5989456
1441916484.715263
1989378417.660358
1758525123.6974447
1877247566.047164
1699153942.8837519
1851283637.7343783
1669764637.6885576
1626429167.9936407
1328948939.6751497
1684029854.0811985
1466410708.8571014
1677958698.9977663
1936867070.2498167
1598915983.2688646
1636384652.533661
1509019759.633989
1415283061.6678784
1508088917.8335135
1187405823.5671759
1529723094.1198394
1049067455.4150717
1115431306.334974
1690329539.2192652
1597552891.7765055
1467348964.5496764
1557117198.0826726
1591622792.1003563
1948201748.9289806
1748669141.250793
1694245698.8577602
2289423338.4901953
2216740859.916716
1965682462.7813854
2160633904.649032
2472870886.190625
2238732384.169862
2192263487.420484
2393665207.0913124
2116113758.9338408
1939220271.2189062
1662607645.922094
1831836573.0079093
1900445479.3945687
1602382883.988038
1627177581.651972
1443738205.9887164
1983187465.2494907
1611826987.2271166
1754724910.2948256
1719779402.8079133
1866533641.247775
1743656403.4838514
1770177282.7499065
2105999818.3748088
1615750193.670743
2080319294.0522728
2258664285.8331914
1705370125.754822
2044442495.2531004
1793762541.6884391
1885806823.8949616
2006104922.804975
1692113952.8468027
1829025101.844767
1904680602.6284804
1879749062.02534
2042694347.3066564
1847093102.1621516
2093989152.8699784
1903268745.4208195
1948727468.3473427
1471104085.120378
1782885818.1923375
1466214193.4377751
1774298455.8303561
1786886576.8857014
1996894679.790302
1946028002.3202016
1130819333.7543259
1358681379.5624435
1709737616.629948
1763443087.5158513
1617935176.4775872
1572397877.0336893
1607377079.0089202
1891222824.807155
1593082932.4905055
1322865490.8027565
1640578263.1296504
1566234392.7963352
1923590414.3067055
1586736319.0985355
1523122455.5629764
1708711224.2528374
1396274938.9710007
1424430817.0363777
1263286022.243197
1450894416.621473
1351840617.4314854
1084701243.3831944
1462002228.6611326
1083577184.6003942
1519763185.3035104
1208033318.4136646
1622856255.6345308
1311120322.6344109
1510398392.6539073
1400985427.5332472
1571939971.1815035
1300268831.8071516
971617630.2758589
1389426995.1978621
1401637954.992938
1083020752.3278062
980541203.6353291
715296743.6303229
305093863.8419595
968180138.4564766
847320222.1181242
753201617.3209225
148885682.06805018
1114682963.34819
1052067601.8571815
743042156.397088
685467007.5483735
264249100.15211207
817017864.2063025
357065986.6098567
921072943.9063295
301132068.2439325
912089026.4183276
1136318479.9015765
944424086.8693721
885757817.8905272
941732383.8987983
812564674.2670828
338609837.2783153
1264560072.5118945
949063402.1348526
1151973100.6205993
1164277034.5435164
1496380199.919247
1279470760.7389834
1088554902.7694254
1030834677.8448709
1372342991.984443
1069884616.8333132
1249810115.8389964
1122172092.3690476
1260967653.159832
1377641201.2338898
1456614685.9204366
1468369036.0753398
1304488491.4515626
1281696601.6579053
946274778.9110978
1270119444.0758677
1354772740.6404362
1297546932.176125
1170709679.556117
1685250471.997888
1503202410.6868484
1454790848.5623264
1317967776.055752
1206319036.4403102
1759625307.7048078
1462118217.7890103
1340350260.7020032
1086379779.7678003
1355253140.1286387
1181214580.2441485
1580519384.628485
1440425717.5844483
1703665176.8431942
1533927937.7561023
1463569879.8678405
1235155607.9606333
1443122472.551642
1683967136.4278522
1490796192.0766833
1468548425.4227552
1624336747.2425766
1218175217.7415094
1625499091.4143329
1566631358.002898
1397836890.899907
1544782170.5995061
1498054375.5633554
1459511086.1806095
1448438948.895365
1254536865.4377067
1304035518.3550975
1314198347.4640753
1168058795.4435992
1112212523.987516
1361083459.2368526
960751497.7662934
917650856.1086079
1478346651.023728
1484172379.1447682
1188398630.4350727
1039852243.1300411
1108866758.9248207
1140558102.5448034
1153582768.8032112
1159097757.8615248
989108338.8005646
1265888520.9062924
1569339365.2124035
1311830672.24629
1460548112.6602883
1383027720.6327286
1467566132.7695234
1371485942.617465
1769496723.9746711
1353071283.8818374
1544279317.8125532
950578232.4683197
1500778705.412776
1458119177.1402097
1531033040.6857936
1207782203.085486
1525885865.820434
1275635004.9858434
1372363818.644961
1821081294.7313757
1602916875.5433793
1724164771.9070547
1544401866.7903106
1654972029.2359993
2105284396.7972434
1504171483.220387
1911779361.5032952
1609291466.594432
1863387452.9954953
1206233549.0544655
1211089419.5869572
1269523519.1798565
1651421314.7988799
1554460883.7588367
1682928200.1416047
1571185310.8732443
1789441845.1163626
1305637447.9314811
1677539998.6753523
1611595710.9660654
1850981329.7837284
1832075709.6544228
1860583586.3925843
2045826041.8611338
2029414064.4471107
1634922656.3801506
2211747997.0420933
2011238301.1243532
1735666716.2575603
2286424038.2387347
2027543206.563087
1945216870.3794858
1684259069.0169563
1996115867.9082716
1482122657.3380425
1610789554.979521
1562736871.9774916
1742832765.0167384
1833757735.218074
1729786183.1357372
1590526926.8593044
1962885710.3603485
1697014812.142119
1510877463.183365
1110304027.5873241
1643419389.2655988
1321008400.0350287
1311056232.8386567
1546754418.001763
1714726400.5541549
1688391928.1183898
1598348527.5198598
1782840866.6586738
1988201663.7456946
2151323545.975924
1972506415.387887
1748649967.4976196
2285342678.698689
2183120299.8102093
1878681631.754485
1816123006.2973135
1991253098.8969364
1754653500.9629402
1678365175.9592607
1815279666.590603
2187190322.012993
1870669036.48591
1651643860.677048
1896736726.6801205
2171945066.978669
2261026328.0849557
2262783537.005173
2135619099.7404475
2051692743.6559083
2235730960.8610234
2216576124.945081
2885886995.1770816
2775510736.8471837
2862980672.2247562
2689152513.68858
2388079384.237196
2487345153.775589
2658486210.103874
2206217124.4909534
2673158384.6689587
2662685742.586589
2541014703.19853
2966645838.824793
2426340137.1438193
2472073208.2858963
2686511272.0984244
2275490437.5565815
2686202000.018943
2510531588.102581
2651013593.4056015
2792768602.003088
2535919752.722068
2414283833.897226
2237608814.330971
2804323833.299356
2166987084.1612725
2261486595.9465885
2471049606.7116604
2871463004.910501
2701526837.8274465
2463779902.623464
2162272249.4430676
2192025629.929595
2397216977.8219185
2272231175.509626
1939627694.64487
1977037193.4357557
2312063285.919341
2099476833.7845082
1936278865.8571403
2200844561.0233817
2410240513.4262085
2135153508.9303796
2227259352.091769
2034672145.4349687
2520314277.5151753
2469937927.852487
2360815226.488074
2324611989.649451
2774029431.143421
2516687848.4418163
2695968729.88025
2351529666.194314
2541107562.531251
2209681247.086489
2314956456.563379
2217002932.165168
2429866388.60594
2148611950.879198
2355859718.289054
2355094378.642927
2062909243.152401
2270318745.3164797
2627988914.490213
2039275065.3873646
2495616563.3274703
2091462635.5364318
2316143849.4350724
2543877269.0414305
2438230869.6211815
2416599888.26464
1962748061.1295004
2225139350.470388
2732735266.5669494
2565686265.051666
2338827042.2830706
2302612975.6201077
2623563043.5149546
2717789385.82578
2587595633.1522865
2727441728.271127
2784004903.162971
2900244538.0638328
2407610210.593138
2799531976.909555
2780089181.602022
2482473810.1793623
2778002742.4720807
2509464762.243781
2768672982.1618876
2520753594.028842
2165245027.908675
2893282266.2588
2613983615.390061
2947419556.3746934
2671427230.3684125
2788308423.9709773
2880418839.362173
2901385024.501732
2579141603.9977436
2994622482.54852
2928068906.287656
2845855301.95855
2535663926.785411
2798351730.686931
2571795447.534114
2694712313.72544
2908363714.79102
2462189093.1505766
2910566250.597386
2761718702.7489476
2644072796.445731
2649789949.234087
2841279496.937139
2991339441.5800543
2684662363.4450126
2784615646.1884246
2762724150.7449417
2585223327.329035
2899398555.9481363
2925315612.1672354
2840567810.663141
2512486382.2164617
2893521145.757465
2947093437.098813
2777063554.9617586
2783352233.2072215
2651187482.2757826
2762597045.9615254
2759132925.015578
2890214022.7239656
2570353877.34122
2958887975.6345377
2543010199.909644
2545645411.5144114
2664529460.7220697
2807980029.6538315
2917166132.766364
2703928438.2074046
2984590268.585049
2890913452.1673727
2714017676.3208017
2935053704.9073663
2916665922.7826676
2618593601.76002
3094424119.555148
2868425264.011798
2762365984.156848
2848061572.6066875
2965206611.105448
2757900645.8095446
2777983719.578178
2756932206.5355873
2815459701.7283363
2787988098.86467
2831866508.742066
2496857891.2433543
2897143238.8677897
2918098145.875346
2974761478.617271
2814670070.733179
2960416665.38201
2652603463.8189626
2906656887.0562425
2947337412.1940656
2900048803.337611
2757268322.352573
2849682502.353692
2560975610.0890965
2936263105.2861643
2779225801.9592805
2636909165.0314693
2829343463.251609
2338184100.592236
2707357291.5475683
2542099284.2981215
2949159944.9812307
2905357078.1173396
2844726077.03835
2706371701.7994637
2810414208.5833592
2925490182.8841047
3084712789.900506
2823212931.769629
2909448035.7469053
2853819064.4075413
2817903160.3826494
2926605906.9755316
2943495598.306917
2755491459.6818385
2859436035.764113
2947387714.843397
2529346197.4882164
2887217110.200709
2846709970.1000834
2694754497.6963735
2873884723.105253
2891613157.9477625
2873647383.2233734
2976163059.5117645
2873305848.467675
2890893593.1553855
2574916398.3935103
2836086262.6197233
2399094125.171366
2438837237.93826
2262791480.51803
2538391121.875447
2292483303.801051
2689414407.772627
2769811355.173965
2865417042.579249
2839123880.3487225
2761189941.6005554
2689408303.4484577
2896565989.0613065
2869652334.2160916
2799815915.3572664
2405236341.906064
2915656586.874051
2822773057.250684
2928031982.519228
2805532077.226245
2842597788.119201
2966536346.9222665
2929180483.2117877
2892698070.6344757
2843869301.311938
2875500625.6136637
2769591191.56089
2798455502.081039
2566295320.955618
2781268039.3878736
2770049342.2306623
2311088856.072534
2938762885.9608603
2685472166.9391437
2999469185.9989944
2947909684.3064437
2854554235.4257784
2897233741.7257514
2873925231.9314327
3073242848.7004385
2663228041.893337
2820911390.5362816
2771680231.6940613
2899273929.7512646
2860025211.2019405
2972088110.1811895
2700823135.5698323
2808061019.9639907
2979865524.282776
2679174833.708324
2744761868.1575046
2730017857.165332
2650861989.663777
2862105347.713063
2783424732.9217896
2827881484.823703
2927930506.9232097
2849187711.3383384
2879945864.269806
2296395201.1797547
2714942977.521067
2962024449.7144747
2780773762.0082407
2814063377.546694
2306275555.44919
2903199014.8501463
2866619774.9660573
2771315340.07521
2504648596.094026
2660033169.1649003
2587285616.6356196
2792024360.037253
2660926197.614464
2530884997.815519
2737588916.3299212
2889956810.6258726
2656642207.8500023
2563760967.365307
2473623423.041185
2650517912.615168
2430280864.416978
2704039315.7382116
2856697478.131196
2855300647.4663377
2853903578.405187
2888688088.856518
2517388131.666953
2746271023.242673
2064811929.387342
2526631516.823286
2494435774.832038
2755737901.533376
2730212591.1649575
2090053342.6539574
2876191242.584329
2866578199.7840095
2893764529.172171
2831473571.4743347
2859044770.286675
2696292376.049518
2534078156.8636794
2638915792.4113564
2768773486.2192435
2789222277.2915754
2749229105.081702
2887312954.6896815
2681471216.429373
2965018793.042339
2807830525.3192997
2597858582.750866
2702876405.7945685
2271859941.4755845
2523085951.856696
2237914100.5628123
2787263018.269311
2612114249.380634
2564771600.2005434
2610603654.607501
2407848211.64358
2560270300.48729
2342068961.3125367
2597749980.1801176
2839264701.249611
2608354949.8252764
2568695986.667902
2802248037.0864987
2216673937.43115
2880512483.303298
2451160011.2003403
2386935413.8027015
2709049729.8731313
2484319586.9110174
2298385387.2122154
2404532819.7281466
2344082611.701591
2415832854.984473
2565494554.0747886
2736653974.465968
2353864876.288441
2675172554.5925355
2737728740.6031523
2320725017.7834
2399590094.4689894
2781187582.078081
2772484715.0871887
2757894754.3029323
2793865117.1754365
2690543965.383231
2719075585.5490866
2421411829.6005664
2364764058.687021
2197989677.9103603
2525514352.2833877
2438285920.301529
2807507420.053999
2732154493.6326118
2618909096.1349087
2525238073.112081
2405425282.2064304
2188767315.8949685
2684311962.1801367
2455220643.1489887
2025720476.0923488
2582069469.731012
2287770033.4332128
2234756395.26087
1823028145.756936
2625765585.774957
1737042716.4243064
2143251044.9175842
1937780039.3324013
2068221802.551787
2077635644.6864681
2332996008.3798647
2417130546.042559
1977840862.6030557
2785781022.458682
2162469850.7166348
2096323442.3198092
2582634796.1732163
2071526969.1947012
2315878864.860291
1774397889.701817
1920165771.1268551
1963163862.9365418
1834773330.7890844
1632184904.6357973
1985575755.4976149
1509365951.8651023
1423017766.289774
1613253172.7423031
1786946770.5139155
1555960101.450005
1767933410.634677
2009426371.6000402
2120799123.1863778
1790032532.1362984
1637486357.8728843
1445858117.4902475
1523062997.0626054
1297005808.1458437
1330420349.6651554
2013260260.9670103
1455924530.008834
1729135862.0816176
1282124723.83632
1471451130.31812
1253553179.2966757
1552401134.4980187
1441037287.8328106
1115092614.5498705
1209326011.3214471
1187782576.6577797
1034821799.0374652
1334540033.415196
1307560027.3893278
1448237085.966691
1719273326.2030582
1465743204.0671842
1308532349.3522336
1484125071.2918963
1453217400.4927807
1404184725.562959
1710186108.017473
1621261306.5869927
1349230107.3343263
1582752828.260008
1369317518.2649426
1542281214.3296626
1580993731.0654328
1671363102.4969084
1586280329.2800617
1413769649.8700995
1413474454.4007208
1390882262.4480586
1448023339.3604941
1789953109.702563
2040817404.6089032
1631075994.945834
1728019683.4033074
1793187675.8313856
1760008535.0946014
2110285168.8395166
2011291529.4809988
2050856355.6735086
1821486557.3469386
1943239149.311452
1849530670.522917
1515999275.7466254
1754612324.6504204
1453858317.3676157
1656918614.4240422
1437419750.8777146
2005148662.373019
1815306664.301147
1420232203.8845463
1855259485.435666
1287715998.467276
1551751054.8333557
1634136810.0679228
1588256707.9064567
1741516912.759078
1494448020.439106
1465283057.1600819
1612032713.6263542
1823748430.466724
1614838616.744458
1142353695.6787815
1349458237.254542
1421982207.4689147
1129024259.7281823
1532301603.8723164
1324476634.7702672
1643900425.433574
1265659478.2008722
1261915693.1769092
1189188114.7008462
934338609.7413405
1055341244.2777051
797033436.8629907
317532138.8077091
825928656.2843239
1158835297.9972465
1125620489.4205773
1426048858.5897202
1358257514.5397859
1620833748.6253774
1172561390.9249823
1493244081.7198207
1734160818.0748067
1357610525.0685809
2166906530.9291472
1834896996.829697
1861065446.3156466
1857094123.376487
1772830442.2416756
1708709799.218233
1939177911.650469
1623255276.8789155
2111108322.0277662
1836385234.8070557
2205674653.3305345
1869163527.6694999
1666492806.4299293
2086465129.0298955
1830447262.7684865
1776141856.8507173
1640801640.2618184
2006014356.525519
1807493953.663981
1774629036.2483754
1856798945.1180122
1737078020.1256244
1593866171.6649456
1353327587.413463
1570591863.3950968
1952420504.0832825
1957433134.1597216
1356633393.2911046
1449525921.2137122
1429196251.4809034
1532616328.2819374
1087786800.08846
1006992882.4563972
928611605.1588786
255386470.81180978
1080539555.739362
1230207687.4757345
944378296.5388896
194863431.4595719
1017220468.8886069
1024541539.6695019
1165740834.8122795
1110672421.2353463
1215462814.8549747
1077821762.184032
1177694368.5763764
1302379544.1005538
1215401312.7921393
1229550043.0349193
1350552176.1179395
1046931611.6828326
1003927176.1060108
1078703592.456221
284021348.3945359
1350631781.36905
1528854626.785671
1712345055.7847867
1354469019.6690462
1061527187.4251806
1639557697.4505627
1434080631.3206253
1641580375.4430466
1337429670.071492
1603513426.3569784
1650390650.4981043
1731120543.856368
1610440433.5548925
1734741876.9061334
1200050265.7378619
1426825045.8809035
1192427399.1857083
1356366677.8988066
1127664274.6775491
1426016037.6365943
1276113316.066766
1413293615.8793218
1778037247.5383015
1533876613.5724778
1723722139.4947376
1652164210.7620707
2096980583.1106265
1836400761.6943011
2161989498.6086035
1664016300.1688006
2166112775.74276
2093781096.7095015
1868232630.900763
2046085215.4415812
1950245441.0261848
2017223280.263867
1676775756.4201229
1768132610.4571111
2062328685.3421216
1613298040.9387755
2035720641.1263638
1770359802.9003913
2239595190.3579426
2236481536.8640914
2191197147.725977
2002893854.6366768
2224703108.1897163
1866993176.2122195
2355439423.331306
2175861666.43573
2110300368.2236347
2394959256.009012
1944664039.4303386
2407573229.037786
2511623951.279806
2096427071.8652623
2793220315.597746
2485984196.255238
2419908055.1847787
2064401661.1849873
2301167884.0853777
1898492654.1041594
2027115064.1516166
2188136780.316825
1812759441.5865142
1507709128.9057126
1804316129.7583003
2024522776.1543705
1621051588.9207816
1472023660.4309144
1809274398.0068169
1887254624.7447655
1456523994.691686
1689495597.860562
1420875007.671359
1762065676.5223646
1717465946.4604843
1817603154.1308525
1700519070.5652366
1681687121.0092597
1784059720.9630287
1738386338.5053635
1846205062.7454407
1439970602.9135072
1452515279.4201705
1675015680.205001
1063997597.3682392
1306057693.7061472
1426747719.0621448
1095662980.0763113
1129119130.5985594
982165426.3322889
846365256.671449
176408752.6093322
1118679679.9113925
1211490102.7069173
783587263.7114468
292062369.1129383
932973527.2388386
1094211419.5229537
1207677190.1208093
1165918989.5810082
1250530714.0711682
1158988169.2624922
1123249604.2653306
1122773043.4327483
1177641871.2739277
1016863388.1022475
919123117.2655276
1089272992.1982129
1163721712.5764377
1260079270.5036252
1468425836.2857654
1091447861.2445507
1398812943.6736028
1468159606.45036
1316081626.560158
1268340415.656852
808741206.8075517
844330644.7517024
273253311.1667736
765780218.8317912
780855866.4865376
69792223.94426848
1490462333.8477376
1251847616.5682485
1171043074.6295037
1106216222.6639023
1034613359.523827
869230406.9498632
286133195.5642679
1026688263.2535521
1234814474.8079796
981597156.4145017
955945018.8955547
1087132283.3745215
1402295544.576361
1454506338.7123246
1883352632.3003867
1611223953.9346793
1715345737.0506651
1720450850.798658
1833187214.9977653
1778061661.4473217
2040794681.4288712
1951182341.1214683
1547271158.0915256
1969558380.7418375
1790708171.6530294
1401815292.5154157
1767363873.9927316
1724927523.2479615
1798040404.4006097
1585830644.9417238
1266191633.2217858
1485817016.1427672
1388118154.9702497
1421548972.6130023
1451099246.4062908
1312843061.9935162
1560441551.970099
1761398146.4914277
1663202609.7011032
1700923008.5243833
1771605675.6374815
1589636763.2909198
1559746177.9124312
1939924479.225384
1646107434.690575
1738196569.8055754
1931974666.3806305
1716306667.1467748
1412002140.877573
1564740021.0575485
1529101578.8703916
1433394741.1816633
1507852427.9702291
1483250589.1750615
1416903633.5796688
1515180466.5189917
1491680140.6507442
1312638379.7055404
1219027357.43971
1158247622.2165751
811131350.3379204
223291308.77542907
931347294.8680015
321273811.7921712
1008927789.7772806
1057892836.8233626
845644976.6754382
928391517.9988973
339515487.0718529
996669177.254754
897851410.8805141
270605468.09246486
1205988116.734973
1236824823.5810473
1119047534.5881248
1081798307.6349657
1091416065.2052255
786004449.4037727
1002877569.7557192
1199942655.370595
1018292650.4232683
981202339.737883
976027750.9191141
1086298334.4277904
1299106920.8081717
1072826407.6695238
807887819.42259
309113763.6709105
1013753392.9580497
971040561.987791
980211056.8824946
1271018915.6751852
1287752582.1553657
891966262.3120745
1016028950.5324786
231334757.08688837
1350250665.641545
1103579444.7748659
890941521.7883749
257341927.56122047
1331129686.1534295
1197916061.5278819
1394123834.9912033
1403838457.6122532
1120362446.0590537
855606656.6107907
1310218854.7990413
993348720.7556591
1559002078.456754
1523739921.4534025
1631809605.5906813
1890686668.163628
1763602910.6503315
1614291579.5717263
1536673388.1887872
1386574208.3559496
1643352372.86543
1518993304.8291245
1075531768.5734587
1377354550.7202024
1485556202.9119625
1345461053.1952417
1660799777.3265908
1356705813.8683155
1750909739.7011547
1698394491.0524254
1714977420.5744402
1760611191.5593262
1914034936.4227724
1521009532.8932123
1704723577.192594
1759960902.7746618
1452997874.6832638
1448528343.5054038
1518514907.1974993
1362275372.4070086
1684289359.5313337
1248237656.5134099
1403093162.320862
1279576551.4889636
1512816995.9845107
1668009101.5521495
1512460736.4352458
1696619250.1205468
1476157531.2206216
1716660092.7703938
1599778446.0775554
1844162927.5442035
1714500877.241146
1706268977.42812
1979743434.5238485
1299402733.502846
1385484464.0027618
1305207329.8243408
1562659916.2667403
1642471584.9062922
1802430043.440263
1714578913.429037
1244403754.8125193
1286335950.727435
1277045928.2841637
1170390427.1976128
1343497394.529041
1028723778.0028486
1067838480.3216584
1006063462.7840811
775208142.9465207
1008914111.4413443
932824158.9766729
1125473633.1724072
1547138274.2988307
1137546995.4032965
1461334519.4485204
1344157516.43766
1228458336.7626283
1160283555.1221669
1079283176.356578
947122424.7121656
318120575.7659415
838080786.5235896
1151099614.677923
780042488.9885023
219082898.0589009
1501666270.1234572
975045498.6050829
1288368129.3010879
1220971217.9600976
1288877473.7215397
957852619.0473676
1174228641.2646673
943371700.4604919
1073327705.7519392
854372103.2200997
290239127.2596968
1548264083.5386684
1112250025.4050756
1024544652.6667057
860986212.6472542
356087235.5522021
1135814219.3752677
1051446845.2191484
972579022.0356661
1053328674.9841115
1109479611.732195
1101550350.3459978
1315414110.5966256
1374336793.210371
1275951363.3373046
1202053160.0036278
1568479109.5543613
1261087241.9738548
1542549850.9155629
1411187627.209227
1958298505.6065087
1951631103.5247562
1593212314.0832486
1815888060.513114
1812171792.2371197
1943658477.93514
1562735879.6544485
1526487958.0954492
1635329927.3115969
1356589252.3993964
1355385127.2424138
1447388111.0018404
1431702854.9676855
1185653193.0307395
1435576697.1490715
1579024562.2741048
1871806991.691205
1515294379.4241824
1396594707.1325605
1674601069.5442781
1682517504.2316992
1751477359.8823335
2075818827.2777421
1734964577.2415552
1838506960.0183306
1923746922.6047328
2042068080.599994
1909847226.2582316
1558929433.2761953
1858357866.978984
2238500297.326312
1797862151.834632
1969270515.782142
1968863595.8967712
1836177746.0502434
2090094027.7570984
2213090193.1609936
1986993433.2513971
1966929322.782519
2095239788.3537695
1907619529.346216
2011587876.4636133
2113952012.6827478
2078065013.719484
1766789402.0274959
1819547142.071919
1972707377.0980244
2160123576.3151865
2082962649.6512442
2063802234.2463732
1920057081.9409146
2002053163.154282
1839604471.9970524
1882596232.240128
1923726021.487861
1836263165.0231922
1753184053.5729666
2023772345.46705
1760422113.2239442
1997839235.0113442
2117577412.3356113
2239798154.149233
2127733532.8386526
1981460893.4606526
2207056668.059676
1975311669.6386123
2423705063.173674
2130530503.6071746
2352019763.611164
2184778883.2426376
1810193637.6231897
2097074819.2491083
1969173055.250921
1946115942.1054342
1806605128.0252311
2038817626.4283166
2460555204.7023926
2088509087.1816618
2139714756.8632786
1731894032.6020918
2231509625.325789
2148344393.0902185
2297801107.6661954
1850675490.681311
2004652052.8442602
2601762856.8178816
1909992089.303407
1946383643.8581045
2349894230.838353
2148085719.896053
2473808976.643859
2445137470.915013
2469001873.291523
2442790581.933143
2743091231.1939516
2369739858.9453464
2057720105.9952834
2573640353.289751
2042481590.999966
2105617315.7079895
2584353364.1244745
2652214456.430449
2450292240.3624043
2671726617.8424706
2960579438.7898726
2637691493.24564
2943125840.1954236
2451794457.956626
2286448218.807193
2631349542.025711
2244953411.217043
2714601066.3982735
2514143773.414025
2910046733.7475
2647763006.0898356
2689174518.7815466
2770131826.787799
2950959450.283685
2859843387.4028873
2675620132.22511
2536749475.312553
2909375766.4503827
2796131422.622232
2604290022.505202
2884049059.664555
2844964844.2567053
2725410869.329061
2070579994.7478297
2278898584.672348
2520618055.802741
2280200594.1557493
2221361373.9250584
2702608982.0957584
2284958205.8757844
2937460424.9232965
2772091291.357601
2253888686.2153788
2753961077.4147906
2568308898.976757
2960100130.0786037
2698513060.089957
2530349014.4633327
2511502868.2032065
2586900889.242861
2733852822.573135
2275716608.0866256
2849847851.4265904
2440770001.7387676
2767669864.6106796
2900872127.3099685
2425347652.0395517
2470439329.8985496
2123921724.7519767
2145810256.1803648
2450389690.230644
2704858005.813512
2885639106.342457
2743583802.8848004
2447487468.189146
2090592660.735346
2170341390.0130115
2373328564.322134
2155992738.906457
2198513071.038909
2078461847.6398094
2454704296.8069067
2315511390.293751
2392286230.521805
2091340884.2589822
2351484295.2234526
2112070692.3714612
1987813050.4496124
2026227660.9760122
1820328147.2072093
2097619955.6775532
2060192374.783482
1960706299.6240933
2335490480.8324666
1771453185.7636602
1981635354.9055915
2131052529.505409
2197388921.835938
1515046318.2169247
1856735176.2177022
1717601335.6717
1834739453.4373484
1637204271.7599444
2109295474.460264
1811918362.3945136
1977608085.686039
1626641995.7530527
1671722841.5596547
1749849121.7125251
1901759473.452085
1651592361.7469177
1700649125.8141282
2016612329.6367435
1780717821.1521122
1630378544.2834923
1617355293.734235
1947431535.3802106
1648810126.2049654
1908939937.4706604
1654479252.5535412
1946602626.569903
2117067962.5387928
1959242013.1475677
1428580105.8780975
1558430744.4022021
1894762371.4993682
2246410150.890549
1982563140.8160303
2221357664.844859
1697596693.1053183
2011880798.4382648
1981632204.5244114
1866927253.4117444
1942991114.5291617
1866971532.6377869
1876492451.8315916
2206462153.6840677
2251091086.9211187
2429266243.6499996
2078293245.3597147
1888992229.198178
2000983896.207689
2281841883.266774
1868844966.147554
1873883692.0212135
2224337156.502029
1796340075.4409943
1944965221.3472888
1948287039.773594
1778668229.4986758
2074817360.1161027
2251622719.85619
1994005953.4995735
1845845440.9334643
2280814206.131325
1939025072.595445
2099977209.349468
1818037637.3489697
1654572411.8739853
1716642204.462551
1537072585.322151
1827276599.6271818
1316770533.0005488
1753721662.2602928
1592419845.3604796
1284306300.1453536
1701003587.7506826
1428625933.6350214
1593380897.1845956
1176294370.057797
1259893132.4671066
1385187727.9045959
1495941972.5954654
1162575380.372115
1121449690.6029189
1540872567.1126204
1611643380.0268629
1641982425.695724
1533481771.9290442
1667426222.3596225
1422772689.5658252
1773450589.9610772
1775593889.8488967
1440498141.2411513
1697109159.960211
1358989065.5277102
1546727978.5426762
1492455656.2924204
799321338.8080347
1218198283.3029966
1291415848.596413
1517973370.3194172
1762665438.909584
1977851207.6864412
1327549312.4269705
1430375701.2062964
1765044712.3100452
1544130469.565341
1805496564.4785259
1758570097.4773462
1520349198.7593157
1844678888.214295
1412166301.4696891
1613721058.338368
1473063269.4188151
1789126736.8367136
1581176592.1335156
1415460155.625515
1565823462.3397014
1571645266.4261074
1472541721.741555
1676396707.823554
1158403953.3569264
1435796629.0174842
1281582856.8935297
921988185.9973184
1297870109.2397006
1163096907.4943728
958460636.2708696
1328809100.6942563
1292553067.969979
1179648791.7667437
1065517236.8342973
936213536.5055182
802974413.6239746
726016198.432685
299208364.0108726
1078967570.068028
1374413367.6626616
1518096543.9044845
1680961974.8576632
1512203228.0994287
1502341721.7324681
1675716656.0911753
1893803535.0187378
1920588832.8550818
2028972639.5542164
2147834131.6297054
1530499143.1800795
1647322196.3154025
1560459371.8457508
1381388057.162187
1605059847.3045595
1558416039.741453
1815075092.7910318
1530351596.5447838
1370759937.0560057
1386197635.0924726
1498838345.446394
1840120877.9625478
1456536809.8204665
1300961836.735577
1356647100.051317
1286307532.6129532
1253590207.1241465
1395743997.6613574
1431391097.0525753
1446443514.130809
1673285071.290915
1546413787.1109095
1294599215.6506724
1547278666.060816
1445808006.937161
1638818699.3521094
1494091247.2309313
1481415872.2029798
1393391433.8203304
1553399331.1372232
1558924969.335675
1543956460.3452258
1812933361.5848446
1510515884.3983972
1039934892.1212322
1068504927.6887611
978791924.3641685
1204659313.3238719
1496054058.6003537
1337405585.5100646
1302172903.8773522
1160175158.5983095
1326407142.7787418
1550728126.4375567
1428602240.4003665
1470373713.573406
1691468702.5578682
1342035612.4014409
1671457753.3971374
1688387391.4633923
1965898660.779976
2473104704.400596
1844061725.5440035
2195204773.860145
1425940879.3076508
2049545897.3564837
1973482664.8724747
2113448434.9707024
2090733962.51215
2340420541.5834355
1870494178.405558
2018276841.653386
2304601102.7221866
2576852218.6988683
2232802416.3816895
2528696997.787022
2007566768.298792
2267809430.916689
1956067197.1864972
2108166365.7769861
2009541172.3926394
2105881689.8571248
1709545691.7817225
1674318342.3900113
1640882673.1492822
1478477133.8419404
1489759884.0094347
1636851013.7145607
1513174941.948511
1294430497.7637591
1255093546.8164976
1398301302.778534
1256289434.0199084
1026961332.0966904
1509750068.4189732
1610242201.3742735
1394737628.1225214
1639047871.2919815
1172838816.8678875
879779642.5998298
862766372.7292641
854952311.8914515
311717185.91599166
1053582825.5323669
1208045904.813128
1401408905.8678296
1325258122.39431
1599247827.599739
1234288794.3100102
1432304378.4704025
1881203228.9258819
1980317598.2309804
1710010166.1477778
1593386813.7689931
1566510749.9892793
1452636933.1411672
1607939351.8577504
1397439365.5838146
1515324142.4347389
1142724048.820414
1207696352.818846
1116084033.1349456
909873982.834015
304857586.02605677
943182320.7996143
997687227.3885871
1193537364.7215903
1330070156.2242975
1403931446.21204
1356442205.7537613
1526190288.6783984
1494569761.3168774
1792350032.6740463
1306829660.0327723
2025962406.8184724
1838528041.907246
1803708444.8385653
1756762171.8656855
1776323557.066954
1924550061.8205528
1902351188.2058353
2264498409.210185
1732835250.8031821
1613610324.381145
1946228451.7904663
1894841226.6935623
1617010042.6087334
2011739969.1061387
1911608911.8907871
2201506285.413917
1886096878.574247
1773665885.0131192
2204374819.7419534
1983963367.550056
1966782539.0300226
1462719296.6776273
2018026911.1475058
2164247261.7396784
2287441192.210492
2203208661.2870655
1872345508.9606981
2011542739.0358486
1887743625.848358
1682577240.759198
1987398706.873967
1840869098.7426364
2169523808.9571557
2133757206.8010273
2402544425.0991173
2130226315.0830686
2101825976.9378662
2054517415.6323628
1998340800.2187767
2056859490.8587897
1690457274.4680557
2081690629.56638
1976022041.1406972
1695274807.475931
1819746886.4603503
1356368437.3258178
1766763125.7336307
1725915562.2894318
2086939795.3697538
1788439485.1178503
1803045762.6294346
1556365750.81714
1599974919.5399845
1692953460.4839485
1635836844.6703947
1573614121.64328
1524862787.3988144
1576173151.4299436
1939092632.6780467
1572042011.4295306
1835997960.085929
1500682372.664655
1574142460.210827
1674647610.8759096
1468485484.3230784
1490238698.1545863
1302799103.921109
1034308187.2344431
1062931192.9148942
788382130.7680708
299621527.5212793
1003355355.515249
1158567698.931134
1020452746.083653
879370285.7425724
1179752885.8374307
1128884405.1505086
969026609.349061
180373220.63364068
1288184445.1270716
1353816384.7129667
1579180564.0764096
1212782096.9206176
1374065677.316774
1490178511.792891
1597944186.1815157
1091619109.7610266
1620463245.3348513
1705912380.5395355
1938966278.5998235
1879550320.0111673
1714217413.2800672
1897711410.8993912
1880727013.3487692
1551676202.60418
1594766087.5797935
2015800003.047506
2034756959.628231
2148401243.7369933
1871345259.0139039
2229490422.5107255
2043156903.14897
2078152725.5624974
1869272981.5660675
1896292236.9064255
1989805563.0399756
2241051149.33019
2224870137.48137
1799158747.9184046
2077587135.491276
2100437162.7717166
2160875700.0723047
2159196204.3632617
2125715405.276512
2416033555.963025
2182151759.6595774
2186353216.8371325
2250153246.0844426
2326069891.1527348
2268898682.835729
2005159313.0814989
1726480217.3882642
1784040639.4119568
2181295800.5511503
2174992686.344638
2271992533.2158127
2398436037.9271364
2201712341.615943
2484841228.659949
2799645946.722706
2381737901.2804027
2416856761.8989515
2337471899.708779
2673282492.9899716
2224740027.6753387
2282812402.74062
2029385074.1822567
2241841666.897168
2382964924.1192255
2156204014.807816
2305015288.764067
2523260792.4576335
2255320608.562093
2535385958.6310687
2286587183.3007016
2647315719.6089435
2599469033.2052054
2300543081.0914326
2145748495.9238694
1907668022.397989
2175634971.920878
2114121846.926162
2189121036.7563467
1560231611.8413665
1805480797.5098777
2001805688.9695985
1704938911.2337034
1474928893.5484974
1525397016.4706728
1612510095.3707764
1696780115.738021
1807608542.5479121
1603207726.2649953
1629735062.9119983
1514691844.4963846
1536966777.4358957
1620502574.9268448
1574350412.4155846
1360870128.9663656
941283742.6450909
1207170635.3913405
1751860549.9819071
1239926725.2259116
1322246627.7858398
1506741680.2565598
1246026191.7856371
1519801860.15799
1561326545.5532918
1209138012.4896288
1408609779.366745
1571025447.3977702
1467924698.0444431
1403988823.5944757
1458234605.0720391
1609729337.91651
1445793555.8370957
1413622714.8081377
1261962419.2691445
1325027545.0876327
1478716176.7142591
1105212261.1358647
1399044904.8658514
1182435166.7499943
1188082788.8371873
1167738843.8908224
1289355256.3398235
1060059573.4613367
1492168396.1780307
1289162740.918161
1540128426.5619643
1292254899.0840762
1443158220.8794003
1413613162.8003058
1268980827.6132917
1552603724.9994683
1685978656.4131103
1903713381.9644375
1704923483.4000323
1539610357.5764601
1655998523.337623
1511725686.2468786
1608779149.4138274
1314477745.4190366
1622772839.285482
1302879390.7076511
1564478928.8326447
1273976101.839958
1366170773.4501994
1632474367.3089168
1954724222.5830867
1971803810.0398278
2225592637.935865
1958739689.7059689
1926774133.7167335
2078048257.8787007
1776010051.6558237
1854328012.5452597
1257741795.5183904
1978751059.5132124
1599481316.2789283
1699740150.1139312
2162423996.299517
1536727160.9810655
1950535065.4061224
2117581286.0794938
1746309141.1986609
2421158925.0563693
2468421499.85738
2250831563.426648
2711347188.884512
2070682124.120691
2310677068.083715
1880828872.7864609
1860077933.0608544
1723018577.22414
1790373391.4490755
1623076313.7600207
1422177894.276383
1556596498.5447502
1519080860.9990327
1597568233.7258048
1756798228.9976418
1449057318.7882535
1557611649.9259276
1809786829.5943735
1520449521.2286057
1262916797.760099
1215438919.0452352
1326564415.7157767
1372328169.0662382
1472629944.2635348
1463817472.350616
1145872730.9713168
1328921852.457523
1304682450.1098626
1597248420.1515071
1506848320.910761
1518202659.7687304
1246620921.7037594
1146481825.395828
1084845019.5867212
901866078.2041609
292709856.3984008
1411095786.7657027
1076336810.6606836
1257565538.7589066
921756926.0645245
977446788.3307332
972412090.3355354
982980832.7478266
306115819.26991576
947048680.0376967
316502974.1737455
1253547496.0014565
1146386644.905185
1262331976.7949405
843841032.617373
303085604.40347373
1059085444.5759718
1102736872.8212109
747972138.4013234
240875236.51573712
1444335018.6114259
1057773603.4589287
1043245376.8594095
937677610.0628039
1457399786.9636793
1622203048.4444194
1540165903.9644363
1292629385.0374966
1620768546.6353235
1827114040.0122979
1917069615.7299712
2164825299.09141
1688112236.0490787
1969644245.0654323
1684893484.6882405
1962090836.4584146
1889197775.3495216
1380034817.5765831
1678590168.6363695
1561963637.3355918
1674219830.1594856
1336002370.815662
1815839889.2708387
2004360617.664364
1760856775.6443448
1869097436.4308348
1807718985.3438113
2322753709.805984
2358108370.9237885
2286206125.746072
1780776170.4052083
2258415289.837682
2365736898.364403
1741219848.5995631
2115786383.4705226
1568026247.1473424
2244747021.0925837
2351307261.701755
2345637198.742914
2329951201.380818
2199682177.3918815
2495168058.4246664
2502984303.7765837
2282381391.6441193
1669482632.3131692
2288190550.787292
2259899881.6786146
2467330754.099248
2365724307.521517
2785444945.5000997
2593556694.0603633
2404684562.047863
2861427574.3825293
2444891414.8214464
2575756216.414308
1933887883.479812
2166936125.798856
2306126565.979429
2353104472.6561255
1872893198.2593625
2224985389.9727864
2459647435.0273867
2298866854.703957
2481374576.990111
2037822208.207017
2163739305.6728225
2443806598.7953625
2289160754.065543
2754629254.387314
2696121115.715196
2104958769.414213
2689477138.208505
2680495685.818965
2327686955.075103
2662417930.52706
2713665154.180153
2489041168.5289736
2636141282.6793127
2727270608.6767855
2462718739.4498186
1949606256.3864708
2803906387.56388
2575602608.3913493
2722361452.9563427
2424029923.542314
2785658541.859219
2234971877.5775914
2666635027.8375587
2677445526.3304396
2401218979.5449743
2120556598.8389156
2346874778.276927
2657756995.2972293
1974832247.5882773
2817642598.9294014
2188044220.742784
2488568184.1578712
2162700669.9311314
2601264865.094062
2385411629.2009006
2464068822.3807254
2415268477.890751
2317168848.4042144
2133870729.0176804
2582324025.336275
1981236220.2556648
1811970876.3699484
1809068678.115774
1486311397.8429854
1870740213.3749857
1793098640.6383505
2025464037.525832
2142720146.3480809
2394672136.6828613
2448443525.7496896
2412995542.3327756
2317577923.0632534
2163561211.763921
1918754237.8148098
1715644812.6446674
1920853613.561569
1826759763.3018231
2024027355.583261
1762896137.9491112
1995921765.7194996
2022354058.5005274
1685325171.8563788
2014513599.8774185
1826180183.2398596
1802192035.4281964
1634920017.5491238
1775895441.3898902
1894487881.324682
1980213011.4723222
2045493733.4990437
2070354099.015962
2158947796.867928
1788141751.9501677
2184194645.7285423
2103455966.6222951
2196822104.2587886
1902053213.1795688
2029017057.4096224
2035199074.908403
2235901824.7367053
1901261004.519216
1722653218.4372294
1995365452.6945677
2062691066.196567
2261438379.1440763
1821689908.912474
2160277063.6783743
1988304656.3262453
2126804047.799827
2221751096.258919
1847093884.3525414
2021889132.3003254
1905640445.1927774
1754751372.6931336
1779749715.7109299
1692587484.7952442
1755395224.312021
2147775764.4346304
1911678237.4391465
2179912454.2253895
2066245508.632517
1709251489.1329374
1765200056.8290794
1978144603.5671062
1861088197.6608944
2059419192.106283
1711112528.4244573
1740690283.902822
1677755832.759896
1888201239.973528
1834593061.064746
1713545748.4049952
1760034623.0089495
1681554123.4662356
1459911593.9071825
2259200399.6514764
1753194612.0632923
1856292349.9415088
1689395608.2717452
2333593082.343089
1806365220.8957307
1855546473.9526095
1835521746.405755
2207754327.182841
1852834838.4884245
2008276244.8385894
2329509480.229233
2345327536.1141686
2272693240.3075624
2175043775.866049
2589581433.119777
2321356997.095541
2507447118.7298923
2506462065.4709735
2542832598.4714355
2552970413.3016615
2635263037.363113
2977398253.457491
2475897535.014895
2435907842.3543916
2507030079.9154305
2804384108.614651
2898002207.3788414
2510607878.7382607
2870369773.4060917
2932303459.6246605
2647307662.174793
2858929437.8492355
2798824509.1823215
2690093873.075212
2446538260.7581997
2940815938.6634793
2642044634.430992
2688232067.9824247
2640607924.152572
2943429193.1010566
2919947833.9396653
2756570820.745017
2838922345.00841
2734492552.5130377
2803409573.933893
2754731200.651215
2980769883.505518
2898487117.919211
2595353168.99424
2310052055.595106
2866070690.3006663
2712109365.4023848
2801064194.134367
2836430103.182145
2711909033.7365007
2912249668.9007106
2745716154.0184336
2799653740.2318153
2689268276.3217688
2971153585.3204117
2830763348.293385
2847955065.4152136
2926231773.1866083
2871218946.768648
2342890023.7974696
2849057900.3749323
2884353222.8070135
2850173716.9847703
2615480748.2497616
2550266747.684671
2881340984.1917734
2705686472.140417
2243650235.7050323
2893748310.753575
2841512670.5396714
2815619225.266544
2795987463.138542
2813072789.6278415
2722084636.4723535
2958265528.628006
2924624300.94187
2834432684.647872
2785337701.7852883
2703260828.6866364
2499909703.4390497
2832482965.447252
2544125785.8378487
2363557166.327932
2737414825.6439056
2583468590.810068
2577824404.24349
2839276768.9995213
2945282779.499514
2488414175.9958134
2601628207.220853
2736599028.0248585
2767169297.5880284
2468499053.4386926
2836861738.2362924
2900735705.03191
2905524867.7823358
2710236488.603878
2809173312.418126
2840507440.5912414
3019571307.464509
2415739001.1661005
2865372791.326062
2733804426.2797785
2499274546.864747
2412826371.202521
2626781383.227499
2688468265.2581396
2494671168.926698
2484371713.2996373
2457657124.022544
2592475300.6511607
2423142754.051067
2755064186.9221835
2098560528.4841442
2134763689.885504
2393793287.4038033
2360013276.3447804
2632414444.1087103
2658216182.3106785
2655791585.070927
2633172642.9217854
2246459880.3188906
2627394292.9899526
2412344303.378455
2234549995.0178776
2302983411.7666197
2213291373.523371
2465998825.8951545
2344698598.967199
2267551984.184763
2055998738.6008098
1978239104.9820418
1823997818.1766162
1934860296.3606148
2087785872.3734546
2015319988.1822922
1941270641.8269207
1828846821.1743574
1568929724.650894
1630859564.0237677
1673429002.5255675
1977107447.641983
1834085845.2247517
1864775900.040685
1337003539.6857908
1335032478.1737316
1451311129.9891524
1241594640.6025774
1482704907.847104
1651141829.0750837
1482048778.3965082
1924312526.2215183
1718226364.7244673
1642615148.592196
1422647746.8153648
1666712838.7662244
1552977404.0029516
1581604861.076432
1576563823.4604146
1627883270.4961784
1467504432.664185
1673091718.9379416
1747718590.3748071
1713509350.991566
1513926610.4135826
2042947435.73323
2007183139.206246
2187158193.0581856
1843542345.4437473
1833576202.7914462
2141791713.62367
2007807543.5084229
2024223840.048631
1475576646.7122767
1705068603.6531568
1464159461.3037043
1749522417.7602475
1364215791.9299188
1517459855.0302255
1535509602.9779878
1387266146.822401
1567123408.8304627
1594334284.0275147
1435563470.9022388
1341011427.7126527
1326151968.0829654
1422287638.9110434
921229354.1420362
1102349358.1197047
908115843.7173988
237319972.86082822
1145789423.8915384
1226638275.1512015
1201787563.2710924
1136266323.6989303
939715678.8691242
195841034.2486595
802438911.0216197
325704267.68321466
1332371359.2160025
1073781828.2685199
1229481012.8160694
1339201558.251194
1039608256.1391596
1200859774.0530124
809071591.2189095
1274617430.5276408
1099161292.481615
960893320.8042488
318631364.54146373
862708076.4796875
766059785.120762
274511451.9904803
1303765309.1300228
1015864667.7429578
820599120.883721
287676255.73855376
1180726716.2106411
1055012907.7817731
824160510.5575273
332350274.3189302
1018611327.4268053
1295250768.8235345
1205621630.8161335
1318023677.5068564
1306381976.2349153
1719698681.5878146
1448149088.8574674
1473742069.4344335
1526735651.7634416
1565664425.241655
1169267650.6270635
1282807080.4138057
1307766461.6679902
1380559307.9112628
1390981819.2253475
1654725405.5764954
1253015746.911714
1646685806.7666223
1649209606.3856816
1616526437.8333545
1575238022.4207726
1472725270.4873543
1506128609.6929388
1515587031.7517543
1591210459.0241737
1509779451.4661667
1447881982.0722532
1552887789.9085724
1677616297.212249
1209912837.376914
1484203872.725284
1424785498.1969142
1416198483.6342328
1156045963.7289913
890517057.0185217
306900366.83671415
1166699797.503233
1408882454.8204668
1390201823.1804597
1178240480.6681678
901484508.7643008
1143231942.6629775
1272745253.0337553
1132698298.9222195
961492057.5722455
965230234.6791067
1334903969.447556
1062762252.5480514
735100703.8963501
1176943385.212556
1131414444.7392848
1072426120.5839801
1366098065.8111017
1383992314.6815674
1517474339.7559369
1217177179.4205346
1337165140.969709
1451260413.2125623
1702661256.6823783
1551266779.9002483
1869180349.8401327
1801463531.106078
1519265213.504028
1699502738.2888246
1308337977.308822
1466147366.7411487
1089329957.0794327
897662894.2687174
311024537.3983912
1282225494.8826513
1511833224.8381963
1257616770.0647852
1013892674.6955456
1143022289.4285834
1541994519.792198
1157692576.3392835
904329017.6923802
1081431684.105169
923019909.0824493
289520174.7568237
1175347487.722479
1346187521.0903976
1495016070.9422894
1689029157.3372004
1301520884.3919153
1460939843.8832846
1387129759.9618628
1328241475.6370747
1406007230.340044
1196367541.4781933
1427978946.405583
886531381.1492143
1478973270.8513227
1714526311.2985935
1309318645.0537071
976131557.0220209
1590720250.5268128
1161573866.56619
1687084294.2081254
1283807679.27164
1279300312.0266955
1303528168.4586358
982450129.8954535
1017511905.7160262
804082908.3811733
285118469.54346174
1054663852.5430233
1271036661.0432599
1231509940.3760338
1273850717.935493
1326200383.79209
1404122805.6536353
1187453698.536519
1148793063.2044156
1110377878.8454366
1206045665.1491942
1031522093.1156558
322128266.0521468
968809081.8598895
1091778562.8402967
987558612.1288122
806463886.5952542
196708219.24787307
1301309810.3704238
1288060502.9471502
1407429373.2149668
1177462636.3678432
560776981.3311898
155172927.77407837
1062282505.2867529
1045947711.7753224
1173002434.5040865
1246480621.4047663
1399147777.5833573
1385392174.6910667
1232662175.4933379
1192349103.0454571
1290595949.3042057
1331973224.1469145
1635609934.406218
1097621537.0305834
1870723414.252042
1801649872.0699093
1597810799.8968706
1167610197.9764593
1299850363.7569134
1052361072.0023831
1023027700.2776946
331016988.6283848
1128847601.2534444
1101530106.1269288
893400530.2807722
283916084.9819437
902997082.3414934
1114288799.3342826
1302072867.1324892
1362289460.272433
1177993825.4860618
961307229.7142851
1058609540.2850269
899452662.3411303
291672967.5225492
911878527.140464
260443660.95098346
1111619458.683482
960111238.4902799
1088697892.136982
958024791.3083167
323299225.8773426
1546640208.9246697
1708953911.1468956
1337178489.0319529
1371860149.5092216
1799695085.6648712
1350665637.5229194
1175114043.5255275
1128994566.2051845
1392598749.9455247
1384797657.1536343
1472081040.8597724
1195028974.139888
956366172.0756099
1180219084.7726955
1055349585.8556068
1047892707.836592
997236484.2775601
1073526733.6395333
1133247808.7666676
1183572723.641779
1255668503.4120963
1315075787.0125623
1173810276.2719944
1614335324.96127
1422343176.4119344
1184394685.2417238
1265437285.2015896
1412946798.1669848
1164832577.973212
1118156763.2469044
1175220993.6891704
1041480957.5731301
992348936.3688146
1222481150.0956986
1079774555.9397044
1135105523.3790555
1220240696.1984868
1150193757.5193658
741514839.7318566
281775085.43867576
1518606633.3065863
1435696718.6177928
1280280187.7023368
1200529217.1086602
1169758623.6882272
1192965055.948811
1320021195.5124815
1706432632.8724353
1171332446.814218
1604881790.4647493
1401711370.7044415
1663464376.6734831
1383011988.0516922
1276072303.245808
1675397583.785928
1456576768.5369058
1629015419.422544
1471557602.6852124
1695377400.9567194
1392490737.505512
1425804409.569642
1484170943.6334715
1515725677.7777689
1321772187.1892471
1464838542.6778579
1614762384.6239536
1672465183.3814478
1346528636.523703
1229390222.548903
1332600564.3236992
1278275597.4125893
1025677589.4305103
1026163296.6802672
1402415687.1454294
1111327872.5393746
1128070859.2706907
1202121107.8823624
1127578323.3678644
1127673473.0478144
1206228991.0447218
1175699936.1573029
1277275266.1630857
1439764484.9120069
1603225335.7469063
1519601749.8255732
1482847929.5947342
1211198718.96673
1101088099.7208931
982767982.8160055
857162148.7111101
260409301.6729915
1219130938.7651381
1600202856.9150088
1414653286.7576067
1938421350.5955238
1767523351.3320084
1619745175.4918768
1855700679.5225472
1870780211.7936833
1547993250.2898338
1643242616.2343538
1754301546.9015203
1767216731.0872967
1746681882.889539
1342918963.114346
1368685339.5358758
857475227.3501375
973366489.6779473
1586445513.5242126
910939061.6304644
1183424276.607087
1249342295.99817
1411664931.5033035
1342372106.0655825
1297155696.0778122
1611579121.1208394
1263934320.054287
1121667850.598991
1118977823.1805887
1113755257.1322646
1173840966.1588004
1226416601.0987558
1045578321.7903519
1118021617.4587147
1227815639.2937875
1111434424.1697907
930107523.488667
1264691565.031795
935266209.4321383
339448739.8931687
1439722308.185011
1438491121.2343524
1463956726.984685
1444010956.8727834
1300214680.903993
1407966477.5050087
1366581099.818482
1921897345.9278271
2090078568.327665
1653065213.496035
1801789930.9117637
1951539505.5550628
1686086934.2206886
1396276144.558578
1382407331.772006
1330868288.4381754
1569613169.923032
1737466298.4343715
1702238773.1875565
1702648980.1741383
1690181160.3644416
1529806777.8346548
1889220408.6255472
1673186388.4879477
1562322258.5553343
1801310271.4987535
1818561123.5337884
1839138893.1315145
2005325429.4065807
1915047184.944891
1916640555.6659703
1634363585.6824946
1399449320.7049384
1355255226.265996
1172948453.3270965
1278395277.0277448
1413486601.3711605
1435048875.27518
1482761994.846399
1428969804.6079319
1777371282.1819472
1996352147.5861318
2108868399.7776952
2116885563.6221664
2052473879.8379247
2125052357.0581443
2058377775.7850013
1831111134.7794375
2537840050.254086
2092989516.036338
2073595341.2420664
2299675858.6123633
2463506832.271116
2299654238.94694
2504730357.6194577
2525504181.2162004
2298548301.7002435
2703966177.1653614
2338178727.859385
2287961452.4684744
2614949146.052868
2392076259.408192
2402904315.058415
2909250782.9686193
2903493160.5946703
2666953179.7821946
2772011173.639136
2418157861.7240086
2456662208.1512613
2843269206.5614977
2793490742.080052
2674936142.5717816
2798917851.002869
3033055988.239557
2757393777.4709816
2685353067.9146156
2683503693.9792876
2648183050.7837677
2676358959.283805
2755710763.3598213
2973994798.262905
2539607617.9692655
2928729086.823394
2559936753.199796
2925566377.1572323
2776198066.348876
2752119461.564296
2860853441.363977
2811634154.701433
2747859807.5832844
2768077373.8495975
2663717840.934124
2750356713.655953
2877103221.117875
2535376366.2349057
2590844448.5405483
2692495281.716772
2737272846.0332856
2789190377.519035
2766614975.126417
2974568475.6813416
2733703532.7112923
2706302097.710746
2837351624.6319804
2677974173.4449306
2971962218.061029
2900645203.2937183
3020344643.011139
2761961611.002702
2817407762.1110682
2895545766.6565075
2875580326.396959
2950846013.051763
2864195484.213964
2818067393.805413
2921632590.3695745
2773131732.078818
2964929764.3652196
2814843466.205009
2889701820.555044
2934956909.156572
2888195067.5150423
2868728540.5775714
2927378699.1995792
2665670412.7395515
2994888074.599003
2978695847.516071
2684577319.6678867
2705909331.7953773
2939205323.150549
2837368367.0569725
2996033999.1444225
2990345009.712732
2605916579.326701
2635873050.3735776
2834104546.652084
2733887032.6326075
2839634379.85207
2737805440.874873
2835747224.0217195
2875461691.4167123
2837029137.0890617
2779543691.7319417
2633551528.454198
2906689569.449956
2711969673.946201
2850420595.1330557
2924885680.080742
2695273291.128047
2951855122.3781347
2793611817.3829203
2590834458.431036
2620911916.5815687
2933195337.6421194
3004018277.463322
2844922519.123766
2794299591.667391
2844621328.160141
2709428983.0114584
3043304731.8208427
3007925995.510529
2897819277.705703
2739659488.5167456
2770699039.8176904
2826686899.59023
2677802918.375935
2930971972.9067144
2807448280.6969056
2836275581.949837
2858365576.4874015
2958519837.480228
2678199623.1002884
2817178141.692523
2678256763.144521
2901262571.991237
2853470003.7338886
2974130747.1546164
2740376451.465339
2889149982.5253005
2830303159.3233566
2723874737.8938975
2995789909.776634
2859608466.97215
2916635177.3539886
2777124847.2726502
2693207874.9173546
2861463835.867758
2874667935.865754
2638599367.9674497
2596628044.434035
2849527874.3785977
2721812102.0171084
3051144302.191799
2780021796.694356
3011424423.5026917
2846562408.541048
2816768427.060714
2848106888.698322
2764680215.986955
2870478280.190773
2675809167.8162727
3028579325.6907907
2849056250.8415556
2769595430.203021
2939729608.8358407
2782565488.455626
2433264079.519466
2758602664.6920066
2757549714.0759444
2753740669.3148074
2818444395.453896
2765990245.4036546
2836774738.843204
2722108411.727788
2714115328.217816
2624613324.130018
2882196010.9949565
3031665598.346839
2716042314.4257736
2817430886.515638
2375470200.3912096
2833182629.8674464
2724363281.0282583
2827152171.929597
2830423916.722121
3009472397.719974
2901006982.762439
2752512029.0328774
2849205369.3892846
2938179478.884181
2726286550.1380568
2786859490.097066
2849269306.3185024
2902032635.2367287
2652049117.9247847
2882266052.685059
2867002680.3933063
2671355805.8958607
2748791391.2346416
2609167955.4674544
2831527214.167192
2657479625.291578
2871439162.835633
2771480346.87821
2718988374.6803517
2778641657.8833556
2826451941.645907
2772243464.862579
2714500922.23337
2732935236.7048764
2742937191.566186
2858667855.2284174
2924373047.8233557
2764881945.603141
2879609457.0104465
2771328351.3455386
2762992976.9565234
2749401568.4234676
2761201615.27986
2780595921.6506057
2714286369.6774893
2986503955.993149
3004564675.572248
2833044433.441503
2807361639.476872
2897330360.403683
2772473067.507189
2921436789.311916
2824053153.530647
3084386286.196607
2825813819.7421556
2864488633.7905746
2759092876.1435733
2914452397.6575513
3101555200.139257
2733831081.2905087
2801850722.4815197
2995045187.004509
2884419997.40821
2475917098.72009
2927344251.2591853
2882031860.6875124
2823936815.8655753
2889549590.966624
2662646162.9873004
2889452884.2245903
2814680323.2527127
3071261518.0223026
2919748099.506506
3085221157.829882
2745071100.628354
3019672057.7843394
2699919927.4302015
2809058742.2969356
2818369397.604818
2936481737.64196
2767342458.519822
2901054186.1919603
2976250049.3245974
2892125984.716598
2917298106.4229565
2849224364.54788
3046853456.936203
2907187854.3782434
2945824901.602279
2762953740.8864536
2657746256.3430476
2748713084.356273
2869575033.244336
2897182084.6583962
2873516403.646223
2897705065.8190155
2904291469.021377
2711028168.79365
2663143802.709797
2810189945.163544
2737892738.5151377
2851810527.252613
2846876067.3681903
2760923896.8928714
2916858844.8696847
2904604954.196106
2915766723.2075553
2794473618.6913595
2762137611.6457124
2762864638.1125
2871645988.872796
2835712204.7255797
2883753120.9869432
2829577881.805265
2746912783.688499
2891600697.596432
2816321898.8424273
2757695605.407813
2886043354.751859
2896396766.619507
2926518164.3794246
2963012481.7584405
2860940416.7903566
2987997520.278381
2846076320.2852335
2938575921.7543306
2822689975.656052
2858690751.3462734
2905365762.968002
2900904471.1811376
3044614804.62268
2877169448.2651186
2981272554.476477
2929861776.7627845
2962751698.115014
2995759701.5622587
2851946694.959251
2936908157.841831
3048092844.874879
2923199359.6209393
2494463707.228782
2992263199.197198
2914010444.052947
2821965429.167034
2802948303.102998
2825009542.3191185
2752482165.497041
2858727759.174624
2864877088.3920507
2818440132.3752165
2924180023.963241
2918193155.7915654
2969213691.6258316
2831653221.922903
2978366312.4096384
2896255530.8499646
3010404807.4355626
2836074022.7583747
2940137467.2397323
2884410869.1702995
2883946141.0730944
2888534431.12656
2913090044.651799
3048006971.174804
2548308572.3212953
2849453651.150672
2983506151.3621855
2987659856.9628134
2847494477.460363
2846019054.774033
2911587793.8833094
2913311675.5894003
2836669924.6105895
2944185284.977779
2941405992.292132
2943498362.2236905
3026894459.2466364
2771655583.8543777
2831046021.5827727
2829040295.9455504
2926663974.5400066
2785917882.1478453
2949899307.7336774
2959092177.682196
2996064886.5163403
3017787030.802826
2816345879.639513
2932468539.716257
2871805744.5190806
2768498940.679164
2752195566.5611176
2925503497.184761
2874955665.3347025
2952692106.321099
2772134643.903992
2948112755.266634
2895465904.2559114
2748831733.665574
2843511770.217192
2989968702.2703285
2870459103.403419
2785050266.3750396
2876607089.9462824
2932311850.277251
2871286609.568829
2805033486.412941
2886636858.9096584
2985105598.20721
2832172996.0286794
2885121942.1761284
2759727469.04533
2866104826.156261
2852403842.336174
2914350703.641816
2715174606.2641425
2913698084.1146326
2901251188.9474206
2736981937.0417714
2853285303.939717
2897349826.9221234
2890551744.1545563
2797430049.84456
2743693749.0050187
2873003204.001063
2716388354.8739314
3007579255.7027307
2945595810.621726
2887554206.687711
3001218295.9250636
2663973323.57233
2906746137.135941
2944235704.898955
2850057129.1799746
2802166540.389368
2851904004.2011094
2896785022.7035313
2877946477.1197224
2810424373.6086
2860536661.0980806
2750144749.187203
2788300886.1781325
2826347678.1887937
2872492330.315034
2910404526.0980034
2744555451.0375605
2932427595.764995
2767703195.260027
2776132477.227193
2945173995.101082
2969784322.7412577
2807508114.7667165
2908306665.842561
2847401058.779795
2806947495.604064
2977746130.1342707
2915615866.3096256
2972511285.9011574
2845574719.9668274
3002585429.2663965
2753141194.335778
2778156630.22763
2912606416.909082
2828606918.333903
2724462607.6933393
2740597566.0449743
2821806642.2695937
2845363178.6455154
2835030896.0758376
2885866180.128219
2859009414.1352787
2876582077.051516
2970013554.0584016
2863240105.7236137
2871265399.268734
2784453115.8303676
2776902270.61853
3001534402.1405864
2713559955.56855
2717834407.1161666
2878572738.8257527
2818333690.2708173
2752464807.4790025
2629725151.779921
2902995708.971586
2909347742.9125924
2641459072.2417235
2970716886.9039702
2816297731.1257057
2626002444.8539834
2597951556.5630674
2727327915.3221936
2735655244.1009264
2883138612.1175275
2896527619.7585306
2759819514.073191
2817000702.9494085
2466167675.8514657
3002799238.9797316
2874726382.871329
2426025266.01441
2489289812.456098
2784036967.849432
2747018674.9258003
2818929860.604553
2641811977.3128395
2962286361.6856074
2722571076.7300887
2862751016.2892947
2506025849.7889924
2406117035.1930614
2882768683.711428
2707778921.1518683
2927934338.7672563
2739480139.0842967
2540256531.9923124
2662793201.4193835
2524771686.9442873
2806150857.6751013
2838329507.7647653
2797272134.383108
2788544149.4410763
2964731484.0337095
2827447235.880531
2850013859.5807123
2725841133.052196
2741754517.767541
2937350700.5195527
2555328045.2103972
2796449452.151637
2930390514.721401
2632911326.155049
2827359495.381154
2776603179.2342873
2890187578.5970564
2830474956.379264
2847848620.9747934
2839503097.895885
2834627465.021661
2882851458.8637624
2982101307.502047
2866586737.9753613
2866860301.984955
2937135119.043703
2659455697.87714
2573555621.0931816
2886396206.433624
2805794835.1732316
2754093378.0238333
2836271464.703407
2752982799.7056217
2586846216.861748
2826259865.603818
2652185211.8365107
2580858732.9904704
2645178601.8235807
2568263239.6825175
2604477933.991574
2425665085.1351194
2125055201.6994953
2652533865.987521
2905409231.9219637
2765770184.07866
2401757346.458966
2776429050.134195
2622107821.7312245
2816206767.810574
2651620268.430839
2620666512.578434
2858001854.1691236
2802236761.5346193
2788639463.5642786
2637758678.8489366
2941637019.9057384
2426909335.0992866
2479490777.7231045
2582154561.242657
2633108204.9013896
2280085848.333123
2683589694.026282
2550748545.290456
3038885531.725284
2483829322.79279
2579179242.027484
2479445233.943917
2521616799.2413354
2811633641.10222
2871744983.0686297
2980176413.515668
2853675633.460738
3035045730.198047
2616365036.0803137
2995552929.3850408
2964460281.1152062
2385513066.0980606
2988929041.5501704
2626822526.5384107
2948017437.4930353
2784039576.19753
2890406743.3434763
2699564498.892031
2818427865.0917478
2629620449.846156
3055889193.6368966
2974487481.747699
2885362325.9603643
2818639615.4104857
2718492304.8604984
2893456533.8797503
2676824450.7047906
2663339262.1332526
2836726589.6405635
2760128548.75211
3023205031.604215
2614234861.7031994
2957465839.8143344
2865392461.306025
2766194543.1475215
2773446267.670087
2967635329.1582217
2774264816.081099
2890948385.139774
3019163370.0632157
2941736175.07128
2875509782.546305
2916356560.295777
2813289603.628457
2854950694.215687
2847540177.7159815
2955973759.6258616
2901648610.8096375
2876884025.698166
2899572779.4769826
2827871721.0917764
2750694663.7238145
2850300592.02196
2957280312.963623
3018016563.349683
2625557756.733917
2889885454.095308
2566617297.29382
3025475581.324972
2978501774.0319076
2731794917.633966
2844603704.8267717
2894083342.6723905
2951728974.7623196
2944882252.545172
3038377101.1854453
2930029152.942083
2907376580.56964
2856322708.1631727
2676937618.039497
2840510332.7241583
2870918780.399072
2886484719.331151
2888529900.841336
2689059892.180561
2827974971.0733957
2819437805.6172476
2848813917.58927
3094057947.963243
2958374308.5953417
2842015138.414026
2658517158.5524826
2841780667.4846735
3012933670.8324075
2906649968.495626
2623858312.9460697
2897045874.545186
2739305304.273595
2595822367.2205844
2613707495.8039684
3005858692.562486
2958118862.0805287
2724434139.655193
2811569688.018649
2982942877.1665645
3073959803.7906914
2916595391.589902
2733776787.34034
2541392175.4669204
2929045537.8850374
2667882709.9362917
2724588824.297453
2644908527.4620953
2906039132.2047944
2766135106.9646864
2907673988.764334
2628176285.2359653
2775954543.3793178
3021511137.138008
2678162250.0571127
2868038649.095286
2643978178.5210495
2653569036.16271
2854070236.166358
2900339899.4886236
2607494161.2011695
2775776165.7772636
2794520948.5091105
2724434330.4160695
2508062378.5028524
2735098916.52329
2767083026.142322
2607665203.940958
2618358417.270705
2775196790.898755
2992454090.3537774
2866654463.6907496
2696063800.156417
2578015557.5067286
2931759435.0348306
2921715808.2192793
2684715382.310561
2981183853.8033595
2764518745.1557803
2879718242.9774575
2773410053.308756
2605905121.7389784
2792928769.783866
2799222945.3623853
2982394660.624875
2834559842.2633705
2439358624.1674848
2828363738.3887963
2749637520.6299553
2867344376.728472
2893374911.583482
2897752550.756834
2650579392.955327
2647418998.0508757
2644947909.556632
2851392871.467549
2718408849.4767084
2955351125.408247
2742079822.106806
2984173907.112673
2776533304.048698
2774728614.5216594
2946236284.396146
2203047125.815668
2916186217.4837785
2725543039.26734
2918242534.781073
2811758500.490502
2810782245.330948
2899482551.5653296
2840742096.900123
2873722762.7921023
2917788950.855423
2690459407.013049
2870607309.390379
2738303856.7389736
2917246571.7050133
2970369979.98167
2750109553.276578
2694091957.493387
2716782091.9671893
2751764760.7650204
2718128594.860455
2933851834.129134
2797990276.293559
2731010883.1045938
2633197717.721829
2918032671.2222066
2710628658.3529425
2897587473.491995
2868074856.8804626
2494085366.9800158
2914614495.794845
2842342920.0791793
2845179829.450553
3043169772.3853507
2912066360.611782
3037738477.900325
2956968451.1597123
2921857921.514421
3049513507.8169875
2748105025.6299605
2699573906.6831794
2940089682.023347
3039089111.5519834
2890027542.4696093
2691971829.0551353
2988691457.577106
2869183842.0275216
2828054757.3746786
2791099123.2747664
2788624720.46565
2879870520.522654
2488315736.485092
2930093832.1074576
3038094810.434677
2893552855.1444817
2817181294.487353
2694697479.0819945
2707671631.659965
2892937637.309169
2917710197.4356775
2824818572.162395
2781902059.5873146
2833076051.9729204
2774207377.457046
2891898889.1844454
2865901555.222693
2878260484.2850013
2895313483.3953776
2757486085.026054
2905147276.4749947
2854008882.6631474
2762286697.2397
2825634842.8789077
2854080413.7005
2903397174.8664055
2862269448.535675
2841994135.2225094
2973367783.998101
2878166657.8715034
2710398765.590521
2810756177.4925284
2965582921.3528438
2973983701.575595
2863388167.246107
2892639782.905638
2979294626.8332553
2791283616.9098415
2950927977.337056
2918243209.0433874
2825759628.192352
2811447192.272079
2885742604.0850058
3001253786.847534
2788141791.4381113
2920381297.0130873
2933315070.16802
2857619450.3087134
2960570692.9233184
2772102033.14745
2822235524.480074
3002310966.757276
2889698054.2669764
2899266875.5267553
2881381832.9178305
2847590657.829185
2664555398.57833
2786022326.291215
2859001400.8959045
2869701969.0547404
2998201954.3603616
2741963084.236362
2770134716.5951047
2788325249.6449494
2744143906.2141185
2922677596.946727
2838427513.017551
3018999169.114044
3028078759.709576
2700620519.7268176
2681086743.075729
2807855954.9482403
2822883392.515046
2753603409.957966
2878180463.832594
2851473683.5092363
2795441011.4562664
2812607595.363957
2616726113.8248844
2800608611.2094564
3105205161.39296
2756670189.1651034
2737091109.7458315
2355685885.2646303
2627706122.827316
2752412378.8915663
2807041661.5533547
2920413789.08238
2227503706.684685
2646783314.6089654
2674192942.8874135
2658721812.193701
2509225794.6434317
2432193000.3006263
2316268766.192268
2668386997.9413443
2762368751.4403057
2345642765.582495
2887236836.323249
3030831532.8223977
2740599109.4403024
2359665865.4544573
2650701520.5545487
2786076815.2750564
2407082610.1367245
2914874241.5089555
2398155757.1202407
2929182000.1310773
2589708255.8908963
2929606875.9038625
2865507805.6167345
2790384462.042487
2730304469.9689436
2954134134.780244
2703872622.0614696
2673812163.4067326
3053896044.1039314
2316011397.932279
2688832069.2071824
2076436793.1940322
2101008427.2538538
2668674968.274971
2432737859.7431717
2206659556.9913116
2136797805.353466
2354677163.878979
2218121071.9838495
2587748464.894019
2255075703.392332
2402420182.553718
2266384700.4044795
2564984323.5996857
2607043930.366138
2134420062.3475385
1751598358.5550077
2002769421.2466471
1938591281.4594665
1893562595.8306527
1972433382.073984
2135758082.0932138
2020236654.037958
1877971225.1368167
2203140683.811997
2246278182.434663
1721172030.8999758
1863111548.7575512
1981222007.0240316
1878771290.0922742
2170892202.7678933
2239155281.905412
2094020834.8381717
2641133204.0079007
1751307551.8635647
2418559326.00427
2586787127.712216
2405788867.7112484
1976630367.3998468
2608974271.1189427
2073615396.439924
2285529045.38306
2242392143.049573
2550000608.405713
1972634777.2660236
2633256821.2081137
2617399094.5071635
2230045180.4833765
2023974110.1993194
2046142618.145019
2165530504.242316
2058227046.3106518
2206083082.359244
2489850778.5868034
2375660171.062113
2574512395.5712485
2688577109.520206
2172905884.082829
2678428037.749586
2697184973.165292
2667166700.6115646
2289456998.514122
2633259900.944393
2205844481.1838427
2600310108.9964514
2436464119.8497553
2293474740.443581
2515672128.1404104
2342009971.7037945
2460895644.2558455
1937726173.5662782
2160059481.2657266
2873862560.271102
1974497070.0807655
2553793316.655367
2279562543.490482
2174381542.745175
2666374602.545646
2902129344.467883
2596163713.7659655
2671305541.6521997
2483725027.766324
2030845984.371272
2389398798.6930776
2469022936.164404
1987280809.7726636
1931402769.970292
1710539959.3975556
2507901241.3473597
1983349153.8370445
1878509150.7099888
1724950874.5379798
2275953880.943693
2000566467.7093604
2527737760.9660096
2227591059.279414
2505348948.06624
1588017727.6468449
1964366805.244298
1992977508.212373
1622010381.1941009
1975722201.0984063
1602086447.5408416
1668853828.4325001
1382795385.508219
1646004723.3528595
2124341992.9539647
2185789128.448095
1533948282.397158
1486227368.911699
1881856374.4602976
1257724744.4821625
1671100496.9399178
1575823374.5322893
1760906722.7524936
1625083264.2857478
1941137859.7750373
1698500502.8468194
1904864107.9384632
1496135966.0960472
1706797802.274558
1556183797.3528216
1643247619.5801888
1592998646.731739
1530239928.077398
1199057518.6533046
1355046073.0369654
1410967594.572391
1101851465.317657
1060086676.331465
1104740091.8206935
1372620124.1661303
1427081718.4568374
1378950596.378779
1276196105.2351434
1594159119.4158037
1365339040.4692335
1373923001.0489352
1777183591.7570133
1698650933.4722626
1409459893.265859
1471266281.9426024
2007487811.0314996
1997327054.3379967
1790644029.3842068
2229192719.366536
1809215604.2241337
1842387417.2066202
2200218643.620335
2231262962.93737
2008035387.3387833
1796368905.5621834
1765098669.07746
1987964635.8778236
1621069469.9253762
1817284719.346192
1612215602.4621236
1638401650.4094548
1764758880.2107532
1665831343.310933
1979880408.2230647
1883039488.579991
1918537226.6807878
1916901952.7486773
2167165859.5917478
1998444763.3580782
1760780012.4735413
1766642683.791237
1977744827.7367332
1717489670.5349069
1398216568.4838595
1640350674.3381684
1108314187.4000463
1588617146.673982
1401341984.5028937
1363909586.4245272
1401052374.2361574
1726026175.0885015
1580384967.2445402
1837955228.404856
1928521074.2494998
1599732830.8156412
1709472979.5497286
1633650676.1423783
1930343698.032284
2117061790.4212568
2130326833.0960782
2285929589.3703003
2001587509.6420107
2024542060.8004537
1845141682.9702508
1691322968.1414213
1401958783.474071
1241197223.751973
985564818.4927473
889215751.6622841
320251188.3872698
1223834669.4180095
1314944521.782725
1370045626.6849327
1171178014.7551355
1360169830.4594922
1103610700.1790853
1370794694.3628175
992859267.5491989
1326891479.0100048
1054763232.003964
905906734.9514316
1333322293.7890973
1199899477.5883322
1592493814.1334846
1762927531.0708928
2036833693.8224065
2018249193.745665
1755359684.0073314
1847558456.4579706
1847852940.8887417
1941731264.0154583
1633088329.7167645
1460563346.053634
1497183410.0657787
1248098505.0342228
1767926148.7506
1818855243.3636987
1706355591.5680509
1759920931.675994
1739822583.1451733
1515584591.5783932
1459145123.977796
1687855858.3812525
1312801981.9663613
1428944703.4109938
1321817901.8999796
1471972092.5317569
1198071155.2414343
1451303156.1363626
1489771934.2617447
1636541214.523831
1688322742.5761557
1404364246.7689075
1656623065.3750818
1626000788.6416857
1758155755.6066487
1766699329.8933349
1588342697.6345048
1655786409.2333963
1434093368.3965483
2048470667.9310575
2084496705.876445
1853264964.8615801
1741071713.098094
1674047584.3078656
1915584284.7349517
1960514545.5494223
2054371240.0361848
2094194549.872465
2061828523.2841628
2144591828.7372687
2210407517.7884507
2210717593.8575945
2049208513.37929
1557528219.4852896
1561160165.623241
1236421185.526166
1407076786.5384321
1628673602.3939424
1442810346.976773
2079854146.8523107
1543603259.946954
1829530391.662021
1993148607.4639025
1897472587.5024524
1400662852.0944772
2081103843.2962155
1632381784.508367
1877659572.8564498
2541541883.151855
2088146597.6777213
2602697197.2899475
1631592524.0365002
1732956823.5507307
2579341452.4945745
2024877984.5789323
2354993769.1052184
2498354416.6760583
2483401975.604801
2172168713.657456
1950471400.6820269
1844520934.806234
2040941365.8624368
1936386255.9652264
2254368419.524861
2395906022.374022
2890677327.0606074
2157308041.211933
2050306266.598735
1992609515.758064
2171758180.2902527
2524968602.8116536
2430903441.8088984
2497506598.278183
2403277125.3410444
2691033695.9162207
2240765591.326785
2435496966.8747835
2845536016.327072
2240361457.9614873
2301555915.5497513
2820867376.566153
2381506717.178701
2716000694.305693
2812531502.324362
2449958590.1163034
2295986098.2766156
2613937866.526767
2770198039.367008
2770718905.9522514
2734066781.684348
2184572541.165986
2676289960.4728127
2587402368.393264
2946204263.157956
2985610815.21035
2915987835.457569
2659059430.583366
2720357623.627542
2632688011.7379966
2873975427.2071977
2786057697.2018833
2799476785.3733115
2892285793.4233236
2944090673.5554223
2410282948.8929014
2637090975.001031
2061351067.365378
2204027341.3956695
2715207832.5103326
2401297419.7508554
2696808442.785206
2673121183.464767
2792152596.912584
2415479031.3419075
2857872412.412416
2474131711.030988
2654636392.1946473
2468070174.896308
2811644389.377249
2728852614.7862616
2521426541.0652924
2623752300.603554
2638734915.903803
2571925656.5345354
2467195990.126038
2815292753.705093
2722629772.585219
2778355426.421919
2268858354.8538904
2569573921.3723493
2627529040.5450797
2944101714.688281
2977538781.1961236
2613843027.6952877
2932809432.4122057
2248212439.3966904
2625351152.7770834
2360148083.281497
2443097316.2218566
2493586508.5895996
2422012711.1862884
2368132536.2129226
2626715237.5680046
2395795458.406515
2348846419.5307364
1966185444.9600909
2426809290.4787216
2658132094.891971
2762615371.2410893
2555443895.1005993
2079602639.2121687
2857008190.028135
2574617009.4281
2385124489.150066
2321155995.4992523
2821136412.8070045
2191545026.375348
2824160196.0324793
2822153572.2942543
2200066494.588393
2646984315.3254824
2550384401.9679465
2615777366.6084633
2637995568.615568
2026068986.3602822
2876953617.105747
2330790910.001218
2254769731.319927
2512749030.8412704
2288107530.4866548
2841921871.7016
2650527193.0422406
2599638859.468796
2428838414.928744
2137962045.5012038
2509594016.718216
2099496880.3247235
2398659711.4401155
2338959423.890367
2304199155.516097
1952951410.8664806
2758091170.7257237
2450921724.3896594
2043731756.8662517
2044910538.887809
2098876676.9743752
2126611215.3538342
1988717871.8817518
2270812300.2907515
2142305275.6026535
2180543350.9181256
2115861107.5202584
2360196081.017532
2077078473.5751402
2422367237.9095197
2319100297.6408763
2164791964.82583
1891834879.4393258
2036413091.9310513
1795278733.8488293
2071595818.6674898
2194387974.424455
2132991507.7468457
2050817726.622874
1712541061.616773
1747798419.0585806
1485310376.0357184
1973326689.924976
2018216993.7546113
2017983533.1013525
1966514885.9238133
1577375116.4005983
1653689564.8951378
1452968104.2577765
1773830236.387197
2003309937.937885
1622465233.1165032
1649741325.5781856
1742107104.3712292
1620886649.8362956
1473070188.0392468
1252287155.3729448
879053989.5327332
932640918.4174376
1131517289.830483
1053433490.7332225
897694252.1344936
1277710833.4477072
1445254145.0319552
1338626830.583706
1214215350.1402476
1595467759.4659173
1630285431.5003471
1743599139.9529798
1473283341.4135334
1779314799.0752697
1395486938.1143627
1464851483.721858
1320273808.6877365
1376531857.5205219
1542495626.8605902
1242337207.9670017
1559490953.0228856
1219897429.7007673
1522741575.655423
1564669609.1418817
1857239927.6000543
1862649564.9758673
1760920379.970348
1570612501.9394078
1826631999.8587677
1710728628.2670655
1805820267.24836
2049577704.5984578
2600414116.3559566
2264521688.4793997
2316234026.7581515
1999380932.3555794
2229464112.588702
2180508510.8220234
2127299680.0384104
1881806448.7527277
2184267231.0857778
1788044597.8505096
1882633818.1776645
1949540697.8275845
1687212100.8702996
1845380589.0737505
1518534920.8890345
1477816807.5329175
1663642361.5340908
1823696741.3844025
1532189017.9186854
1466420422.1534107
1359980844.9560332
1930706293.6002314
1498758232.4797919
1419523926.5263002
1587771068.8480241
1577631980.993062
1861665620.2926717
1687447966.5797946
1952292578.5468998
1620034281.049001
1959573695.0062141
1760980770.9667969
1861547400.9511724
1932061246.2450361
2054922256.6252182
1828050914.7379167
1963070114.5548291
2003909243.710137
2037076048.0567563
2150263374.061933
2107918019.1628304
1924919709.449073
2100334638.8451183
1891102205.527978
2083581079.6817455
2178859282.6019754
1759981576.083165
2459668640.874391
2460457790.2675977
2648833470.8573875
2364952265.5654097
2432346596.681916
2142724955.2773855
2033651326.839814
1739264772.8998914
2063303044.1696832
1917941116.2248552
2332312880.9965916
2289312947.953507
2007973423.2450275
2130406337.115003
1923006017.0407002
2025535617.2107089
1992959009.1469226
2149584488.804462
2013130643.610813
2303067324.687118
2203097230.8956795
1919474454.3223953
2118623000.0441568
1942213463.1786754
1919783446.9488406
1948880686.450769
2337716036.1558027
1884524701.413601
2404072517.961599
1946448976.5038204
1884191549.2047186
2124973901.2936869
1953991325.8474178
1966626821.6661427
1460804702.1323278
1938440418.967187
1460333067.3775675
1630271609.5071015
1626288787.1962378
1553014073.877118
1619570295.0513675
1508814172.582909
1625046678.4713123
1475862215.1295865
1659741450.679853
1990244776.9104767
1641977822.6654994
1475020898.3574696
1596657493.7172234
2148885068.7613707
1829932261.6296859
1568483918.9156466
2080329256.4337814
1835348873.080504
2043347761.4068248
2261087936.3405404
1726549982.4425907
2078685763.8339581
2244593033.8749537
2402072692.8080096
2172534663.2304187
2189312486.1739655
2537198199.0542502
2090853637.174088
2547542842.7656927
2392989191.0223455
2361951766.2872334
2698622274.8653946
2162860629.6724014
2369790535.5678377
2167566709.3358665
2149088349.149808
2652441148.4669566
1993386450.0761898
2187617896.278055
1721561584.3192022
1996587368.9983966
1854492292.58311
1878174109.7362106
1810961148.6262603
1805329447.705291
1946931543.4178383
2288717535.0109587
1945087201.2773082
2174829311.8536577
2100881990.5576966
2467851199.619969
2335591516.8111625
2278507997.4382877
2232279611.457256
2688386321.3849196
2233806865.6634874
2124831833.4893405
1970469924.9330244
1855269964.2839346
2265426300.5073514
2080295614.7612185
1869763194.6935902
2335418932.01479
2077441840.2400374
2382369465.171768
2082374137.2729704
2441470060.2289457
2247848604.627341
2566310048.9234333
2714454089.710683
3022387783.586447
2569635729.9178896
2650086525.2281923
2514255195.2799435
2190454466.400566
2384695910.40442
2503246323.9434123
2007224103.3493366
2094004173.8903918
1990166648.5968337
2216526299.7398953
1983488415.4922748
1663186636.74503
1640034631.530198
1711695606.349602
1945717773.9451904
1885863593.7398067
1716713330.139943
1395631355.9752514
1934568904.3006928
1717027750.0251443
2082891630.8507407
1672294585.6222172
1515398490.719634
1693799232.5170493
1635460925.8908641
1381077332.2378693
1404127995.1879325
1612218108.138583
1592372393.1036801
1525083538.6821012
1664919568.2738364
1562428963.0511103
1161334494.094372
1645624553.518824
1432881843.8723807
1626356365.5254211
1259908417.0933657
1746123948.6229372
1750916423.6653056
1863484706.2067995
1434088339.8325899
1860183042.9184697
1939388576.942275
1884358528.281799
1762855302.8919554
1983567074.6211724
2045005102.328469
1949270614.7574399
1674797749.6352706
2161110691.215505
1981363361.042822
1609630796.4827588
2034788505.8077953
1992787741.9390233
2322222154.291715
2090006075.28154
2189863614.6997757
2282023310.0823894
1861990944.5294685
1842611860.1630013
1943629660.0920312
1724246964.0366945
1879780423.928126
1610350347.2813127
1638627899.8467526
1908715066.765158
1790865623.5021026
1731188842.1337786
2005206937.748453
1863683326.7597954
2290762033.9915795
2143506138.4776964
2164257550.57538
1980531431.1584914
2313530410.397828
1832317983.829276
1967164834.6089127
2047290388.6287386
2292018774.2061353
2067923002.6283736
1898220753.1856017
2079539956.6055193
1983694665.149428
2212130828.3624287
1980238982.8717356
1976984504.3987427
1601582789.9495044
1494631409.4999423
1622546364.366423
1675673216.8347332
2059300492.7431142
1924419370.5506787
1487320679.8226025
1422233900.807193
1527075369.095177
1637837217.5504804
1953197827.1561158
1659583821.1328523
1334201088.3068893
1633342765.5697134
1431294599.0539234
1678408105.485839
1664209471.4758499
1707760919.884662
1577535069.0489051
1494282261.4034803
1605474522.0893028
1629405618.300633
1454362055.9526541
1779177428.1017263
1403081312.423909
1700456823.243587
1537107593.778204
1577655988.4384995
2067338316.989387
1422203807.4974515
1902456250.5965054
1756747085.1717486
1565061688.8400679
1720144115.6843736
1647795949.2993107
1918545808.6244366
2073005235.1850638
1968398337.0795186
1942811053.7584114
2028360033.9090128
2378837153.682152
2603802786.408925
2355952632.4831805
2620759805.9088387
2192042253.8929133
2731524898.715026
2525562329.9915876
2552861405.939158
2502595475.6298184
2782048029.36877
2593110469.2209597
2967938617.6166935
2794720730.323863
2491613208.8309984
2608848140.5878067
2904672672.5740943
2684681970.1886206
2145328767.724573
2588475083.411802
2703481886.655374
2473778005.28067
2596704021.279377
2326828370.1925898
2472453366.199752
2100237849.3680453
2339342706.540004
2199035890.004287
2318227830.405199
2264087816.0557814
2052632672.0534012
2205959937.922121
2448950387.2764945
2134558498.0144987
2523733060.4109883
1981858808.523874
2354538874.3337445
2206296376.864837
2030865568.7889931
2275131774.8904524
2604301040.982022
2594276731.386187
2479373263.89182
2295836169.588032
2152200459.886969
1904751615.6897104
1881107167.2169073
2089573786.7499106
1965697454.0570073
1711567972.9431596
1934045497.0250204
2058809248.2071376
1713639374.9061575
1439090745.5789485
1857602884.483081
1965971249.1283214
1562312745.018624
1653184852.1991026
1425022775.5424914
1683035437.064125
1500160230.334435
1413748855.356341
1502007346.3393745
1537885803.9801917
1633500799.1308591
1325682033.9644592
1410476788.3852987
1242704357.8517656
1114035037.8157537
1474930071.0465786
1543802513.28063
1576655211.2551155
1683973695.3647544
1629558720.638787
1739996317.4014544
1918005575.2919283
1452482483.6702137
1795648007.828145
1751011701.3566394
1814274049.2705672
1978228949.7172196
1906946065.0829098
2230947833.576353
2489750129.6680326
1794615402.6842973
1798077952.0846953
1881152124.1221783
2005451960.6064181
1956231641.7327745
1749240239.096901
1558221944.5116775
1672387683.3765147
1693317392.2619233
1603507104.8746858
1656754746.3550265
1746573551.4753656
1875518001.165068
1953247999.6510446
2048529247.1170805
2341828885.2278233
2888906681.197828
2755541268.461598
2712122803.6949534
2431140616.5339885
2855501875.5510435
2346099257.5103583
2456492687.1363335
2613663748.258958
2653647996.3597956
2225262911.037814
2476856677.6200356
1798291433.883141
2410896572.5036597
2107886056.3153641
2665949752.5129805
2487383743.4251323
2399704690.4112306
2375468253.1715426
2536432709.8841133
2379927215.8648667
2224146738.9078455
2470949851.0758495
2292998125.9234176
2416515840.01386
2156191444.2975373
1996783345.6238358
2452578851.285271
2373457197.0764613
2426337375.1005187
2294612785.273193
2168887413.3302965
2484174299.7361436
2105206073.064003
1971407381.3810844
2403629594.141703
2245607275.565346
2195331329.9706388
2245786181.7895956
2249631737.297127
2102540151.9001193
2439672299.534056
2297348154.92865
1960534657.4408708
2239397201.255611
2504723435.9216647
2202843983.4900026
1921839326.2480009
2473121026.217954
2078068799.50066
1983164415.12089
2390809153.489445
2140751888.7400353
2282805386.925971
2068338633.2147706
2427955338.714111
2037960939.8575609
1947964921.5828595
2373268256.873293
2589009553.9781523
2051097732.1545162
2659429041.007757
2649786095.011983
2456222299.9391003
2569398639.9779825
2626647272.782946
2837920929.533214
2673005721.564257
2480811113.0065393
2356515917.890739
2193042161.182858
2422303433.350003
2297015985.525226
2563242071.69862
2438414265.3247848
2386717890.422
2700691713.4875164
2149063918.716448
2063571444.3875468
2513404251.4441075
2092512749.1633525
2775521817.1813745
2522570711.9135375
2147422775.0564597
2514178896.073164
2681872533.7231
2370109338.0646434
2148117831.7911024
2053778943.9422092
2216423293.8778653
2029101264.7325697
2039650832.2089722
1998716387.6700559
1981178544.7854605
1867472545.180789
2312905718.7502556
1893222920.765525
2177245584.0889907
2415780606.7795362
1990793799.2629287
1735606718.4681582
1583828624.7495816
1828120924.4521503
1555752548.4324086
2109962731.8115566
1932431449.5026093
2134875542.0114741
2116601174.7584085
1653756979.0535598
2130759249.770845
2296774798.913494
2382337568.482774
1862969709.1510825
2001093861.759357
1963558449.9384446
1749616300.6378047
1492573803.84066
1783841635.5165677
1778664510.9363704
1707307085.7220838
2020833674.5658102
2100100576.0517073
2203105296.379574
2275379778.531818
2191212375.917105
1884885266.7788043
2237337830.70088
1860265023.7354608
2173233369.7372947
2156744985.9915204
2291133383.2611256
1831891005.2588584
1921921535.970799
1956266113.459208
2028935773.1430337
2240621032.0401583
2098418643.120978
2443347322.6165266
2106390071.8425772
2029325162.0647366
1625602950.105241
1657821086.2604291
2168033614.851805
1656690547.7490616
1705542902.261287
1944138746.0580788
1818577142.9372923
1751873549.3286536
1916977339.1260715
1604537875.1550474
1686069251.3959377
1666592391.4800122
1437213235.3347986
1471612802.9994454
1709718879.3450994
1634875707.4916296
1251399770.4440796
1721104360.222048
1240493518.941962
1526406001.3913517
1534645249.532517
1756850230.2669306
1438985186.0119143
1745436344.8738184
2048913973.3209321
1527037270.7541654
1721062480.285895
1542090440.702566
1643498119.5222073
1393650123.5441363
1662660801.566761
1818004387.2019699
1915535694.7970543
1671046384.5590541
1927708054.0426865
1788434289.2851458
2010570869.9715304
2238064335.143198
1912790773.675193
1551072871.8051684
1835241872.1869984
1582796466.8159513
1828653123.2363236
1613251319.2351499
1762148011.4554207
1588830127.6713324
1675383383.5629404
1834759115.3920646
1880591789.2090738
1650165171.8624945
1622909506.6289349
1452880046.7109003
1953094327.1552098
1949857188.31404
1486778870.6622553
2056281034.4744625
1558293221.635356
1537721432.770604
1340174310.5111666
1766721317.3482428
1423654661.641793
1370251471.5445724
1102065891.771431
1318454280.7475252
1329811996.4538617
1290827439.3381739
1181442257.086906
1393935110.9893029
1292750159.9267921
1492427521.2529466
1439629407.3179424
1548135608.100651
1473262255.274294
1310713645.529331
928714972.4390075
1410933576.7048054
1083428917.2641845
1789632599.5104766
1542187185.510498
1508306894.7334933
982255255.1161916
1391568776.3256912
1433086900.3714697
1475641121.7085123
1336491589.4525652
1182554795.377575
1170174838.8689692
1188195636.1276543
1322508462.1571684
1098062947.58605
1258529293.1974657
1240724805.6912649
1496813242.9642692
1235869809.6616282
1264220846.581148
1060316873.8339167
1133477807.957052
1225182402.6710985
1348097786.7420275
1303767287.652527
1201569734.2905912
1084907992.9510906
931113579.5009638
1059737639.7831899
880476105.7714553
283598141.74432933
1122031414.0195153
1140569175.4791172
1263878924.386166
1707938706.239701
1835520771.3923705
1757300906.9662583
1495218833.5831323
1558986157.8694701
1487747130.959661
1732694804.4062269
1880477266.4172742
1889642826.193561
1675163994.072308
1986808190.5864787
2201375789.243883
2226191996.9016013
2031274971.084313
2002126310.4781332
1244579793.2474506
1802431336.2012765
1481242030.173667
1944284895.8172197
1474004270.1064944
1551197672.0418563
1616173194.5105073
1750011492.4506605
1943597750.720276
1825949641.5071306
1805070132.7733135
1787246146.7825103
1712236062.6084545
1618723471.7789423
1717031619.1144586
1767417915.8155332
1538965043.3913896
1672537720.8960855
1843681302.697658
1903574046.0285354
1753710856.6326113
1955201036.65403
1874049194.0399725
1291396470.4167652
1334278168.9708738
1166850135.047416
908523469.6965005
1518428309.6827755
1512563613.2334933
1228481053.6229494
1614032358.6768377
1344524979.6307042
1691804430.5782177
1735038362.3840208
1502679787.6650171
2081302914.6617074
1816797291.6309948
1511096527.5258539
1859199557.0629365
1797740075.636379
2014142315.3213727
2001229400.8315074
1943140503.7889442
2067091599.7564068
2371428756.6783767
2430187206.871383
2689539308.343071
2362724068.6180267
2368223549.8783507
2342161006.640717
2019405961.1060774
2109910135.8257966
2714640945.8925643
2457317583.5970244
2615201342.5343795
2507616404.6995077
2030985648.06074
2461450072.5506945
2241849006.0662465
2306150156.6491227
2153782249.0186067
2123663979.50088
2047984347.0784044
2199067516.807471
1805074979.711626
1837334573.9036949
1706896676.6868598
1616009475.7884393
1441193935.2292435
1328178865.4679554
1855664148.9581661
1716481505.16303
1424515445.5357766
1546331157.9413283
1375939253.894421
1396611849.8324702
1700470379.332666
1312995674.6469378
1506021777.7138271
1253134490.8006127
1388910066.343242
1469548529.5267937
1595464130.985731
1576358616.5510974
1540312569.7014172
1352557342.6341183
1453798813.5520544
1432272473.9794338
1309373677.4234533
1087059975.35096
971286929.8383044
325512195.83790594
1114910663.5734384
1327399055.6016064
1087555200.7723193
961967812.3638296
988273232.1359036
1136654325.9753416
929383867.7765121
1004630876.4918689
1248713712.8416662
1315372060.2018216
1077679868.4228153
903518405.0648179
1025079975.7520356
978772305.5137057
936551035.9397522
1042951510.0261075
1196718464.7482467
1485543131.223424
1480084008.2953637
1135161687.9190645
1155489980.3120103
1411858791.4671645
1254616709.8175292
1314438261.8929822
1383767730.2770734
893117112.398905
837316814.3651173
328740111.1895835
835035955.4403775
1099811248.2032754
1079835299.4820402
1030896856.8759753
1130631882.7125058
913305676.8333783
1419783763.072617
1475542782.9024894
1429474018.2597106
1307316738.475607
1509195801.0091286
1803200526.4788916
1835401694.0691502
1766844729.1749692
2082604177.7418377
1735187265.6642892
1751135310.0700464
1679324938.6717007
1614849878.797611
1446478766.3329704
1264531882.9811392
1453632499.4218566
1620388748.6299124
1534955203.1924477
1181956730.6716404
1407687041.4371388
1421488116.8815162
1636510311.2377837
1189248038.0581124
1441622282.355093
1011811478.741069
973473935.2255437
190313529.94845313
903451562.3771936
208933928.08908752
1342339542.9217749
1115701307.2651212
1041447619.8894672
305269169.97552985
1534128848.291037
1531209565.1428552
1475779512.2870905
1869565966.1533256
2078186336.9478877
1866322369.6404269
1955898852.8460643
1691368136.097855
1976192349.8388693
2245937022.965359
1891577405.4825566
2058589042.7877576
2319273991.0419087
2240363587.0136323
2083306518.731421
2183328312.302195
2272137133.778593
1907121987.7999763
1998736128.6033337
2147514605.7495933
2078843590.803498
2450406361.625922
2327735356.0858617
2195018426.8562646
1840094626.3278356
1777306728.8224
1816380827.3543808
2157745854.115368
1969309294.955323
2035814021.5186875
2264057184.244617
2070187323.92415
2387952761.657155
2567735290.845944
2188855591.9470153
2412326114.0717907
2602585868.154354
2293753906.79981
2442068497.9950776
2444750359.81339
2081824032.8832707
2288381462.4141054
2406655355.307679
2462944582.6644773
1700347035.3525321
2554676075.9610734
2018259459.8239934
2289915249.9490075
2434156238.080019
2268433985.8209596
2707758959.181299
2179524415.8731103
2135965616.987227
2628786012.8248587
2248644796.790434
2187790753.237276
2320683967.7910814
2088632332.7544744
1980929163.8666997
2443053410.5864906
2153909159.8633914
1882179411.8919966
2068175579.4278786
2144302777.9360373
2355135034.7619762
1773416404.1650918
2092569333.0035746
2044648288.44309
1846392663.049383
1905619789.1674154
1689795658.3624482
1489626090.3750212
1965907655.797166
1924685632.5454476
2349781087.812772
1833886566.9735346
2400962436.759658
2190975388.527648
1819762216.2725844
1716406406.5169997
2087664007.7162628
1526217530.7534022
1727861590.279704
1372464932.5946286
1277129574.8330584
1483010380.9740672
1404761127.1885977
1440151358.3077025
1266403354.055504
1419529170.5600157
1510561824.8793907
1333723993.4787662
1536189244.1516573
1476203708.3157792
1569122791.8584065
1556121205.6630313
2081342571.3116686
1843486259.111513
1913614779.920115
1558896101.329883
1704548587.9611924
1477702604.4092684
1745707966.7267153
1609184141.3860586
1622332522.2902906
1557227642.582685
1681101218.5585752
1505546976.2671208
1482904953.7209423
1738057016.0596762
1639915633.2162635
1863488701.790864
1534277023.1856754
1275496744.3017876
1428161306.3453038
1139925856.1879363
1285556287.270047
1371659244.7759588
1300498632.2409453
1197527878.9357553
918048789.6724446
1040205733.4750259
319392270.302701
1164673599.3183527
1193575732.3537068
1007097952.4861075
282474726.9378005
1090993667.810713
1294536879.6012611
989378724.1344384
356822830.5101507
923714106.4409404
1175190061.5311067
1192114697.01603
1214972845.198623
1402458752.2802997
1280683218.936058
1332725049.3934612
1169940665.498548
900318036.3616071
1035983837.9073704
986257364.5667098
1155678458.5877602
1065375100.5719995
1053939530.6088064
801952042.5580399
192892936.67874634
1107721279.68436
1133174224.3686268
935161489.5581994
1282114844.0883145
1431378126.846727
1589363963.492557
1288502948.360844
1525539315.0513577
1453730421.6112857
1448827698.6259646
1154135252.9605327
1363239328.7192483
1102080130.3035483
1547037948.1341765
1274313478.5339584
1387459741.0136588
1745548399.845187
1395757206.5287006
1505618617.4694302
1970459607.0189006
1842536112.0686352
1998584557.321723
1945003751.4106212
1989943717.3955483
1595544051.607931
2074038390.8754964
2151484497.798404
2144304428.8505855
1751491947.766675
2372549800.54179
2119498214.1331105
2032003299.6586494
1728792307.6313713
1377603444.3090343
2127194104.9025352
2049108237.5481644
1963191276.8239188
2181796145.190455
1666269658.6845238
2215257091.709986
1865849580.561732
1641140016.815282
2097590863.2425508
2041554274.4932475
1964185173.1348565
2248598048.2387047
2115158263.9678957
2374051263.8254967
2331454066.138638
2176510865.5940247
1887692206.5134728
1622329016.4867337
1753544299.2494674
1824786553.80158
1889345393.1960912
1949421163.4914825
2286216910.6417003
2008973632.2619011
2317802937.586459
2381747299.725091
1966310723.436801
2375545611.6546125
2336617246.751499
2151738531.572912
2065558094.977264
2276332882.5387025
2463286505.3004203
2376546873.9511013
2354261448.0022974
2475780339.6726456
2363490028.868878
2244608865.030391
2210275085.857096
2150495046.6155252
2223458072.351445
1896565176.1050892
2214815694.3217525
2275877330.5159845
2288831190.1750793
2667660592.1075325
2270888212.6797295
2454365778.1908875
2650684302.7495747
2304958757.3202057
2777679442.04237
2552151583.4285264
2860856197.954275
2738667887.3139644
2786909374.8336787
2352906645.7752514
2684200827.068449
2447504839.5695214
2506670495.087707
2638105170.4570107
2774628459.1202855
2686525328.684311
2202748339.2822294
2462367312.6602407
2368739283.712964
2069964854.1168509
2534410611.292366
2395596650.1531024
2340136744.915986
2369558319.6365414
2437665494.409019
2343541332.813698
2176053484.492764
2130966317.417997
2279686065.739595
2511465886.3706284
2310081208.8148456
2548402184.5888743
2688700141.8449516
2379132950.5574317
2934623162.6959515
2808354063.3785563
2747107624.31598
2893966856.9553046
2781695625.849665
2777574355.5621758
2656548695.069019
2483276536.622916
2415229336.3450747
2447748984.983471
2255731888.169111
2001457990.2317822
2224771770.9401965
2213840290.951373
2681982757.3893948
2456193299.6841173
2338778630.3040857
2376787737.098113
1941614139.8839118
1860194622.5874696
1818580286.8871305
2078307300.5964694
2032761116.3212652
2285203943.5057564
2081792231.4512935
2068573056.5466928
2110143321.2749906
2101655691.4795587
2415285613.975567
2103007947.0341556
2092572003.4008772
2553428467.551352
2138516500.571073
2125553690.6963987
2246844519.622019
2246193884.876011
2225186182.7083697
2438754165.606031
2572949357.1346483
2780719790.789219
2878842044.5383654
2706084641.8440995
2353813524.4509335
2807852677.507092
2517724120.2819276
1983193537.3286197
2218900086.419661
2237408003.3664436
2403609234.065766
2598113142.726737
2392670123.504811
2393184671.71724
2217165647.470429
2370207141.6229157
2634521184.131961
2374410132.6347303
2328863074.237067
2133173515.528251
2270918283.38029
2761530648.978581
2482864383.014021
2673499218.8091416
2013679605.059943
2599839888.1418877
2118927256.9628217
1900096959.9265852
2158600401.2377872
2662619987.5160065
2624273255.3328505
2705415394.437687
2560319314.468159
2101505318.2842746
2568748598.2463207
2214362513.2019496
2579605539.5289807
2004278632.789866
2322643025.708117
2199371038.015732
2098344005.3326025
2597254559.0469627
2584366824.2242227
1954442160.0412579
2076911275.1378655
1913630131.2808459
2334833213.1040335
1997774184.347895
1802140157.4934778
2179692438.641937
1754799319.6047318
2177585760.5275574
2178486883.995226
2137348159.0406632
1402263307.19351
2242011114.939624
2182634770.3565807
2094581273.1735623
2127989828.4492376
2222362227.9573174
2008956386.7775793
2419636926.565429
2308815519.5063095
2502614958.9084773
2313885112.895711
1999618446.6086924
2097982027.453511
2270155540.970652
1946652695.5813577
2073922890.1819947
1734688182.8270152
1210111045.4771743
2069208379.648777
1800176056.0771487
1852618274.294159
1986802230.7377665
1708711945.5381079
1828435390.6572428
1875373818.4872646
2096524972.5299644
2111495503.8816893
1970823658.436827
1738891224.2428277
1996409500.4666233
1635838040.0469384
1990897137.997523
2070509564.820196
2016548262.3377233
2165979658.8993173
1848699496.0765045
2075334238.6870174
1839642617.0745325
2011426860.921506
2166832491.697045
1958998565.654775
1651297975.2356653
2218201356.0233965
1950719917.6642828
1867895712.5071151
1656840271.8306847
1725999429.7379
1559362401.1355112
1501835296.5946667
1721828837.8024435
1764132442.2492132
1386872403.983663
1888067470.1097813
1817944391.331681
1754417627.921895
1618644377.1389391
1836313195.9875293
1758258369.6050825
1558092519.7348967
1733515954.0526218
1788896581.895789
1785785333.662118
1861990092.5288296
2051483373.071565
1882837481.5821147
1946204404.2584872
1921761349.5224774
1699578343.211087
1787108867.2628
1844821562.814645
2289898012.0553184
2175461212.2175107
2505046384.0399747
2495856574.2233233
2804186870.237237
2687650359.100871
2643354832.688453
2332044886.0804534
2386336308.198141
2475463918.3199854
2001453269.335345
1969580029.99609
2074464410.7944996
2050592141.918589
1603896850.1621795
1772133217.671988
1753227961.3297944
2051134567.1572132
2060150217.2653153
1955972568.2184465
2010959909.1146448
2523686368.302888
2149289563.7024074
2370190526.038797
1961473670.6500235
2545899505.836754
2220935114.765992
2412420133.6966662
2327842652.510618
2495974256.0891747
2103247373.9699068
2341054122.24246
2389514071.4406857
1877294089.982054
2165933925.2738056
1898963434.6754885
1977274002.972777
1717533490.782507
2021566499.4884362
1783713185.341793
2218002554.9913163
1926490916.9946034
2078279848.4534485
1734926276.3741248
1967831073.8128579
2113014908.4839485
1631431387.8407004
2011729136.0563877
1813332053.3472776
1610982780.9263906
1718775394.7540653
1558512074.055452
1462266921.6271012
1527728379.7172709
1401161162.6289096
1229920124.3571448
1705639070.1756456
1588668094.9717066
1528170465.4881523
1220540469.1889405
1211672969.0777059
1461280663.9048543
1065850674.5040929
746462949.1777575
774983562.192124
309561941.2455602
1230513472.3010952
1087348010.6634455
980768109.6651742
749938180.6780022
311007748.0910074
1260288861.9484556
1507956934.0649948
1655485040.6329086
1637658103.3885746
1246749808.526983
865663883.1868025
1384796892.3469105
930458845.0912933
1100690727.9053872
261281807.1419213
1096731823.6678245
1089687472.4663854
1017294613.0817502
1279225827.3703067
1433455660.9264698
971838559.2598432
214133446.10628575
1216843776.399304
1647294732.369162
1784119597.873024
1707969986.238937
1878050537.675041
2055257829.5573077
1782014498.3676114
1570091717.2008672
1787781781.386923
1769641906.5792193
1801491770.1078975
1909357756.107937
1502745274.869019
1973911096.177925
1720763881.0212464
1672721844.6235304
1654190420.273623
1270103257.4579804
1393607095.2788699
1554509714.5392952
1460091558.4108305
1575182420.9760752
1746369732.8185208
1591585024.446344
1700349052.5298052
1845220328.6020987
1761744421.3938673
1845453350.4838564
2172517720.3752904
1995785688.7680883
1619756297.466529
1926211257.0130775
1749059050.8452446
1909209380.1431012
1913884951.8975644
1827845120.7849102
2329671724.219429
2135496028.47609
2111106269.4493306
2274490535.591398
2116597780.6012
2077381884.8835425
1828053649.7890005
1836029202.2331483
1672644915.301487
2045225063.4789202
2190092917.9396367
1674371834.557507
1828209090.8760927
1705959774.5437553
2386428711.9209285
2109567550.2800262
1929314113.3447535
1953383377.2815444
1775780702.946814
1878920820.5249035
2447701001.867862
2225451921.2428684
2449350843.580328
2119516494.4010956
2225620648.0121794
2287171312.925895
2313121975.162042
2480620689.1102905
2525599554.4449215
2628335144.8006377
2459463213.0079203
2292999200.4702773
2558340019.771679
2353591789.586112
2198996901.592446
2681189645.949818
2347766523.8947573
2962299052.486886
2690569234.1155777
2926684920.8128796
2638042808.106743
2653206712.312702
2987787090.6556454
2756234838.3466024
2826961749.6435795
3049087873.190817
2833059803.5415945
2460151889.6953297
2837297614.4368954
2413083222.0884953
2254008562.3996434
2839836356.1353106
2627848204.087776
2511661380.5629945
2558172210.04058
2880883925.08304
2325400217.860484
2757156717.736309
2859316076.19731
2805749242.6861267
2234444014.8245177
2813006927.3825927
2796669536.008993
2443214883.995335
2575969581.126692
2580099279.2110233
2473103959.1719975
2746349792.1782184
2535208053.1501617
2707205355.0284085
2416699523.8515906
2291663503.368628
2269682436.153579
2357559496.0798593
2382200717.695496
2356141444.5173736
1837139883.678084
2315146061.411163
2229650816.018144
2155757450.7092166
2311554911.383987
2260967825.689748
1981922984.5865977
1996544757.2864778
2048831561.3069198
1991755886.0473104
2053887404.582267
1790633727.351908
1967347744.0820208
2179178858.479516
1821690012.0365179
1995353171.4172523
2075996695.7682188
2136633745.8065832
1851609076.9004972
1657805632.4734797
1982420212.0735388
1717476499.6022341
1662390688.645202
2085668455.8947885
1834018861.3736446
1619964121.0174706
2166206117.3925996
1636478350.2672465
1834702036.5093303
1794731931.6256845
2262175600.083331
2372926763.709977
2087907978.4815085
1675787848.4233809
2006099020.0851963
1669461632.231905
1641277612.6330993
1382416556.6735754
1388974534.179187
1514692957.856856
1634170340.7901595
1613107643.4582102
1781183080.5860507
1942703206.4891198
1900973913.1027582
2326138526.543162
2046042502.3562126
1877171085.6959913
1552549772.4691224
2091432487.374535
2001887660.8206546
2515242668.3908887
2093506871.5450447
2352291985.535481
2236719405.7443137
1944819612.6495767
2277307191.8257785
1995974880.9426074
2030845689.5816164
2145200787.0528085
2121113348.0015433
2501906376.2698464
2310920876.224301
2229044271.05553
2336039929.3539634
2449885603.4999175
2210471568.313139
2179557210.80545
2136763184.2845974
2259601946.532758
1960865721.5350118
2293697649.691538
2297236674.8811526
1880832218.562157
2100003221.5974193
2245143290.355291
2112712206.8041878
2691623149.3491387
2583089839.59045
2661979857.7684035
2382173140.205236
2477798525.3711205
1948270541.2219603
2834065421.7275634
2567386091.827993
2862230657.227822
2766932996.049835
2779142471.696213
2830338005.587089
2816375359.7656636
2256871497.830479
2853825724.8497396
2302838535.68727
2814419307.3676605
2842653276.215066
2617119692.3221884
2761041620.8634644
2477729644.7326903
2467739302.383785
2795474730.770594
2952882928.348801
2088783832.3164294
2794325627.0700974
2932688322.7648954
2908849821.810548
2466024923.1915917
2868659559.924652
2820992565.2816176
2960567734.2208333
2696904063.4791765
2766792007.590327
2881533711.6819425
2779517320.402022
2750522475.3703094
2775308655.5434947
2726941334.8629813
2743444309.3425484
2710673024.7642093
2648176576.3704343
2750818484.2659807
2631789276.088556
2886722290.395383
2841713111.531928
2842876647.0502214
2887113524.164979
2765836174.1294208
2882218874.5700808
2618905791.8775496
2683264007.2568564
2896295483.715082
2738627562.847827
2885140339.3055706
2607843688.9563565
2895600746.363286
2294456853.4768624
2106906851.5194488
2862781360.1518207
2584419664.265548
2745442276.3357267
2744086026.237961
2520470197.829713
2635795047.4192977
2643582064.051173
2542178696.580471
2817539199.556376
2749090518.6859045
2678458216.604657
2176354590.902033
3029289843.4758105
2615183323.961765
2806654719.504284
2702552349.4667115
2512931178.699607
2149322752.5569277
2238495608.7660637
2645676020.1362734
2586688520.6272364
2681216859.870641
2552331022.816107
2446270249.4858427
2821232680.558538
2628370684.477073
2705064102.7874227
2649353861.198718
2697062108.536746
2661014816.783893
2734785453.4416637
2720593527.365983
2763046548.158618
2739902686.7593894
2837795027.7769494
2642025747.2212133
2887572058.752431
2735593458.2731304
2786589509.577827
2608501400.826778
2915516495.3004384
2906897717.2296867
2760366197.040152
2766084431.5919557
2674894741.944701
2888073750.9491415
2811188562.6006627
2763068337.1712165
2604961206.950893
2589780833.009063
2615696713.3038187
2436720618.6859503
2826916108.490969
2226454269.784335
1969804514.1662543
2589317783.5921783
2731693856.938611
2452995957.5025024
2577862380.7821703
2823940971.521248
2686067431.40584
2968950533.393948
2483199641.954283
2759428944.399903
2669118040.689572
2226933603.181123
2766631530.1939363
2233563386.020939
2511955896.0425067
1993216283.0924387
2151242794.512234
1889554208.6127212
2133056190.6537657
2080635334.872993
2000285865.9726202
1871008591.0174708
2316399039.930591
2448018332.6391253
2258926822.7721143
2260627257.455421
2110527805.0298395
2191262365.545647
2509656657.7005124
2414684765.404813
1949587684.9682856
2036608142.286864
2015204724.5936437
2531720750.0389385
2283916528.6217337
2184004621.469421
2452227683.1640825
2145301628.6027493
2827596652.295881
2001522214.3608987
2245406897.4072275
2781833770.292576
1992822568.065363
2357448527.249664
2428149538.9147906
2033990176.8810894
2459081379.261029
2266352168.550775
2752034906.2061896
1944876171.9608994
2563384485.7717695
2223338990.12707
2463392787.3302145
2766710077.5821257
2391422723.014786
2341563737.8865385
2343530938.0686383
2367952614.9119873
1981563841.7433777
1986652438.719161
2074901368.767877
2109420522.0924664
1874656840.0127008
2263072495.7671533
2236771386.8456883
2315960910.978097
2343004170.8754506
2305924554.2476153
2160578704.827087
2211932329.542188
1734782145.6767504
2273590300.521735
2069281667.0322075
1917920940.1052806
2609387980.7699804
2471686121.3750424
2208086590.1768265
2086516500.1798651
2266080506.122345
2385496707.408838
2169731766.286201
2103488000.6768067
1960378940.3959043
2055343001.0209937
2078473044.0765622
2281224032.8179917
2203472055.387924
2017860689.9453118
1563582949.2518556
2182586455.538114
2213968091.09889
2609902064.066692
2082882837.1645055
2169763222.9208164
2156104029.2982955
2164467419.0398803
1959835704.3411322
2324623576.596497
1998742911.7589083
2004233299.7220216
2522668458.5311675
2045251124.7865958
2174823697.533074
2105242166.1238806
2385399728.663228
2158710494.790199
2626082813.966219
2545286788.8295093
2082077381.6201944
2332373113.0850525
2645296494.249167
2375844149.172319
2486432071.9826593
2618553384.9558296
2579528304.225835
2540728590.9732723
2686369863.608866
2282615901.562943
2645963232.1157584
2515881196.194481
2610451903.733204
2614504302.1263657
2707642574.891485
2505339850.698153
1759546923.0757658
2536503868.667223
2817652730.6446867
2453125819.097025
2556978626.4861803
2448067955.967289
2814749722.9684057
2363254206.407829
2301242974.426484
1842260857.3422909
2614301369.8221884
2532207110.002749
2423439761.472583
2303956736.1506143
2688746555.4741445
2734899816.1534553
2697253883.3209815
2812709946.207399
2117152750.6436207
2973482755.473958
2155001594.5521336
2626395544.961155
2843607385.4346824
2924331861.5548725
2815016553.4053564
3003589529.4182286
2598880929.8929496
2879969577.6361904
2618103545.107433
2881686289.328268
2752474336.2312636
2911881917.84108
2425521021.4321384
2763579224.2753863
2454833638.723411
2811797670.086338
2711747587.2365932
2988355176.5573325
2792703996.6871624
2338926693.659151
2263934065.367867
2128315257.3577278
2795287625.46221
2789796046.332882
2744835988.266228
2690889697.8510866
2833243287.603491
3065436023.238813
2851243234.710287
2969519041.8148136
2892576733.289878
2973947571.6746635
2645181115.831765
2359441415.8959436
2959286767.3464613
2377317729.057738
3111821341.0891714
2803060479.368516
2574870460.0367327
2807844702.758584
2861924503.9014044
2670567177.862379
2756998842.4246
2519011384.323776
2936133560.6439004
2776582667.7122984
2756999311.1396284
2869532951.681815
2592481337.458247
3014389551.4987884
2884813819.590284
2829533942.598744
2819455379.1336517
2991473940.7224803
2856059299.532027
2409485826.1923747
2684228925.735805
2755788794.976658
2914119643.6588845
2658437237.063123
2720558938.3519473
2906153854.7140193
2954299770.0238814
2820663171.0184674
2791729978.1448107
2933711432.9392242
2993397863.944854
2942846813.1202636
2935112615.9113183
2758758903.3218765
2499511002.661329
2784412345.5304804
2885388483.3335185
2627988510.585927
2810635861.7999067
2629782255.1555343
2856052469.869025
2630444415.9903
2489230484.754398
2922518735.8492017
2357945510.020974
3060479104.384859
2842878587.272976
2868247629.484129
2865248952.663949
2842960105.948497
2919845604.1480355
2715558089.0847635
2558620109.5147305
2799334170.469407
2765038487.3895707
2623920858.1057534
2887772329.000367
2802569941.4675713
2818219734.9409585
2621349995.970151
2967364655.60778
2737566717.378624
2377819265.0006437
2843090520.9829636
2394284658.6251016
2866338779.4315214
2923595210.8708925
2796053340.473245
2936617410.0028634
2474534080.5351596
2768547080.671213
2499535326.895716
2817468652.8724966
2616604743.368565
2720616973.8006883
2957313985.049629
2839819113.669179
2633421966.2433424
2428974324.2424865
2684478227.8287063
2882162450.747677
2856525044.8931103
2533355630.1778855
2635477798.2424417
2162009201.6689816
2566651951.0082817
2798322674.6943684
2619476035.9462433
2404770154.4133916
2580162235.8417397
2335805234.906544
2648876520.393528
2843054018.628543
2856140486.3982954
2675643069.2829533
2606295433.3139753
2905907939.3014836
2836855306.417784
2853255971.133482
2467375982.2862663
2712808642.1033683
2859518088.073535
2925749758.0954757
2890106064.181239
2681486333.825982
2763243901.526794
2725165912.3814406
2414989063.879442
2520048885.0518475
2754554277.6345296
2573103312.4787607
2960269340.74
2925940869.527102
2520287233.83439
2768956053.33575
2872774473.134003
2968291569.2654243
2661978649.7675133
3103663051.926561
2857510884.7129536
2814900296.546176
2937667235.396382
2971945639.548315
2751724661.360152
2834381921.428093
2849381180.4629025
2811009654.856272
2801569653.0683455
2629516263.248187
3126905965.2881284
2808229410.6876493
2590821751.1267467
2567775945.283729
2959831025.761006
2575232667.2755356
2848075530.716027
2880358930.954146
2804987775.9010363
2802102652.202208
3001903270.160787
2410402155.2691183
2798576255.162853
2784607923.509407
2810198004.2721114
2601065853.288771
2736016172.0076284
2677516569.1748734
2785683002.7448335
2761872641.6632047
2994722304.4511485
2844423088.8607855
2739148008.0115085
2771665151.2646103
3002476522.478847
2750146891.707586
2779942916.072198
2462252670.8241024
2871873179.5936875
2944889578.6596303
2777773082.866292
2908134360.262135
2915971273.377496
2798764781.499293
2929363283.808007
2978478283.420511
2848398433.317527
3010686897.8257837
2781450492.1518335
2868648795.9874864
2865904453.7422605
2946084875.4689713
2864219159.9112163
2984060694.2875853
2917193287.270605
2736809140.5995874
2905717552.184507
2824823481.6803894
2827468774.865499
2713672299.927157
2737660051.1784573
2787733002.4450026
2856700231.586275
2848216311.316856
3068409255.53725
3029436859.805964
2777738619.4881234
2812126659.7148056
2769288219.61266
2932413119.5730624
2878468873.696866
2976598276.313984
2862266974.276205
3006064224.327982
2817423225.0824366
2923482619.2304935
2916507441.9160933
2643786728.941588
2883892395.90485
2959703210.191762
2835399903.6944976
2824243583.8786798
2952991417.751474
2845420870.457787
2796196243.4631824
2825064512.861891
2970075390.465871
2937607794.538855
2830533988.3730154
2835754560.433458
2719573546.032859
2781363556.2280254
2602560948.540824
2861097054.9764757
2927621210.180696
2859953668.256067
2935497619.067379
2678926101.961063
2883971373.9564195
2852942975.9974217
2933967027.2128615
2762690680.7839794
2736143789.7635756
2844132182.5199523
2855870065.4191313
2979415485.001849
2662661614.905232
2833688172.8023224
2856435414.56034
2989175052.8137674
2760212522.025764
2869630819.141184
2882483944.477969
2805799196.3604364
2813885862.6951337
2923679917.857222
2803248475.7483497
2981543232.9094634
2745868399.2017365
2854251015.28788
2863135669.3613157
2916077459.1750073
2630551273.8237085
2821121676.2640657
2859873262.823339
2794930455.4499564
2914462216.322705
2900016121.7176003
2764748709.0695915
3124799987.754894
2546031394.717336
2806009447.5623755
2817407877.207475
2611668508.5600576
2878070034.8000035
2880171237.514564
2694591120.0897284
2755448825.324293
2890886275.720166
2701744968.9210734
2785779141.66056
3014380894.4572253
2938078908.176921
2930283347.6802874
2908952536.523591
2807344850.9751167
2812950113.531411
2980522260.2973027
2838685766.069333
2737370809.689539
2744817054.2097363
2622978104.8738275
2763068200.967517
2986131257.3379188
2824610584.829234
2580812739.1632876
2835413318.3029094
2856035305.2292194
2812439235.494439
2759447589.25518
2666046049.4139895
2916030378.7356725
2931624578.5070395
2681891445.6731296
2849051670.524728
2830742486.373132
2849893107.2813354
2631611088.578287
2766639816.2749968
2832994687.8863235
2857918295.479713
2818317194.7380953
2516650957.6502333
2932381424.284841
2517291462.347446
2789859493.2503333
2561249071.493437
2427417260.60439
2128388805.9028895
2633888290.5826993
2399856002.9332905
2054022943.9363148
2607102951.500462
2462719425.23651
2126760889.2804046
2514522020.78014
2248339998.859838
1993094316.2409084
2277655054.000479
2401321992.0274425
2513681862.7585163
2590155415.6387787
2622289861.581736
2140162555.4668875
2549397207.998262
2586520862.300339
1867480742.7440073
2166198097.3445044
2454111472.3603516
2053965490.081744
2063725187.5869377
2090736919.371978
2293043510.1289096
2570767974.2736177
2435089876.730012
2310017453.254528
2147535982.030278
2041931124.086089
2300288843.926805
2475480350.0619907
2535184448.5504675
2594570541.254227
2344219864.8581653
2430682778.8289375
2187319849.334568
1955536753.5561337
2376662370.0503135
1923617243.741842
2185546185.224575
2199746335.4762034
2042538193.61379
2016630853.6631014
2586000514.8855453
1976889039.0165467
1774216924.9136853
1667037920.848972
2287717088.8614473
1914863707.905008
2324998850.3113375
2009136572.7813218
2012694109.0389647
2036740763.4852533
2202835769.7273364
2251369889.3034253
2018087188.6126082
2269014064.2662115
1915057984.9407012
2219834666.527292
2192883359.569964
2395449704.554619
2076607471.4746108
2405364323.5682135
2482426079.497087
2320782831.3212643
2595522643.909614
2197593956.475907
2400251956.4602833
2574144759.331481
2349169475.940539
2922880100.3672366
2990867669.1414557
2628812309.1856103
2641842022.655986
2758895866.1241827
2757160937.0493565
2652861739.4970646
2370342583.43308
2315700281.715289
2352470660.3909764
2649462903.603338
1922012045.4926522
2182651960.0925107
2540162916.9121246
2558851024.9785023
2376856822.72824
2287919460.774812
2438842617.7250624
2153166746.533544
2191782588.306976
1976517707.4671981
1977614849.6711066
1552380334.96724
1863228128.195077
1955731664.3965554
1851340224.2307413
2059357858.2488673
2112534852.0723803
2307139142.5204096
2205625369.0780478
1857791374.2160108
2153356744.940393
1880897529.0046859
1899316381.7762432
2043030643.4487133
2303852996.9483843
1929121758.0689943
2130277657.4350748
1602291523.5133128
1772129941.183655
1972144508.6085675
1795504145.4896138
1611930736.48761
1678698465.1821682
1514375938.227071
1128952831.911426
1132750262.4573283
1369558057.2601216
1816095358.0803733
1345891134.5592644
1800284088.0066366
1600321011.6339521
1847292666.7833877
1410058362.89576
1722226340.9812536
1672075304.953085
1528779960.4899387
1836219507.5922287
1881403206.4657035
1741529597.6979156
1926300263.0415742
1764156734.1418955
1462028391.7363687
1624137021.4363313
1842568524.1776602
1683229755.1234615
1785197691.1695297
1812762236.6496718
1798052366.3769994
1843858884.870402
1750437960.8615484
2054377510.0347304
1956038217.7673008
1690196097.3210437
1836849263.934523
2193110303.6209254
2055821590.0737789
1732085727.8919427
1981816552.4246764
2361276559.1586404
2062679539.2410767
2262982844.3248744
2323799255.0026193
2317535034.1492133
2222022915.220583
2145696753.7008908
2978766500.4282613
2489368879.3297906
2445441715.302201
2819775146.1264524
2960788972.544721
2496111594.6584816
2772132105.323256
2725780927.936939
2800730285.142971
2334150329.9248037
2496120271.896433
2220756395.5677514
2251111315.1792946
2096046968.180048
2421449307.7451367
2444497400.8554964
2290749752.011564
1993930324.1621468
2089313076.7219605
2487456289.2786446
2344581634.2730565
2553676622.8229265
2334041878.799697
2445377621.078226
2887308247.8446703
2774904922.2010436
2797451274.4492307
2589063684.9778724
2821917141.7739224
2660441610.602905
2235150259.4562488
3005310345.592917
2335340585.212008
2899982682.9666142
2839293009.8894744
2596249232.1771226
3036991272.248412
2848815570.997446
2624564718.0742726
2741988035.406041
2985158245.1671195
2918435180.085328
2829969823.4162426
2465688052.458229
2229822378.734395
2740613751.2874846
2626960014.753754
2141832773.0609686
2524846222.572029
2869688559.41301
2511427387.5985327
2825543335.7222204
2627468058.51395
2482944344.840803
2571383640.709262
2722743694.8244762
2582398470.087476
2690733776.9185524
2730308114.844325
2108878092.5976214
2383611812.5203805
2152667833.796516
2714054887.396689
2610385711.2910953
2014790557.267305
2245214227.4692388
1961355453.168428
1981660665.9431207
2429825995.3083453
1937809411.032599
1952553877.9111528
2053510427.7796202
2257575418.524699
1933356838.6222987
2155723167.7792425
2404091835.697821
2120745449.241694
2637105969.4274874
2135789638.6420069
1849152430.8950903
2258989230.4573417
2267185659.9667954
2032052560.9588392
1918045038.9072378
2008680964.618888
1927737001.6333683
2232605459.6228533
1770797967.6418517
2378068825.3499327
2136976200.5097318
2541260029.2233677
2219333821.411526
2171226993.198021
1967922049.8633053
2642578252.6305842
1785125296.636069
1867260848.9776278
2137558170.05755
2124147149.1045346
2145728946.240047
2315358977.3011713
2537647439.682628
1706765133.1782236
2723697784.48071
2220451097.138733
2342850688.0389595
2052142404.7985952
2213048825.482778
2014943106.0778577
1824792147.577965
1819875642.2310848
2007941158.5420861
1878342585.0320878
1947299731.6725729
1576629824.610196
1900243639.0473542
1683062822.0356555
2205482120.300704
2025843907.700315
1882242753.4222982
2155942215.9140515
2243789553.7776246
2281398843.643876
2410419837.882993
1980985392.6365097
2097642987.6741147
2446134895.561875
2309624025.37966
2838811848.2355456
2351275652.9762754
2683594977.4188633
2684927996.218456
2481921596.6481767
2321391827.021633
2165756744.892901
2440255752.0479
2351507878.3363395
2543551064.8773336
2956230323.728868
2133336302.474309
2217312476.688918
2177736425.6427455
2083216124.4461515
2283138139.1352706
2881233161.176217
2525040603.5827274
2350679544.1462784
2348032326.5003157
2376491486.168578
2185406268.031503
2955698446.8419194
2524421693.9120836
2196894371.9979362
2806208311.8290467
2639196352.155947
2802507854.441184
2608798583.3910203
2646382739.1273036
2978082484.713517
2850646494.9615126
2462038828.6094375
2677685122.118109
2290554788.6839237
2269175310.5339346
2814207390.425665
2871874914.059595
2920273069.8139157
2293088812.822861
2238479632.8629684
2825776350.731399
2545658222.775867
3046031675.2867603
2166135342.6249123
2417507759.5257096
2899747336.217819
2854835773.4367833
2810913235.4178014
2916712230.3787103
2832108068.894412
2638469840.952994
2853299348.61653
2512534764.400864
2541814612.2008867
2857401062.1143193
2873413195.828386
2942760418.367619
2993159375.2689934
2792694170.607631
2879938513.615403
2628162708.146498
2612756724.4627657
2999684556.046066
2754533892.622203
2690310492.6070304
2145745991.761882
2369857254.106189
2830228275.4982586
2573386567.561004
2901518542.4283543
2564598590.2026215
2961233603.979596
2430038501.4321957
2537316897.807871
2893830452.4545827
2685500370.546621
2832042876.7959294
2598308113.995823
2701587343.010324
2624758691.662876
2859220042.389391
2922489369.2977834
2635944668.7527494
2214486634.221213
2840518989.109919
2634569667.902762
2581534553.182831
2368605121.675714
2482724033.946589
2688133715.5725045
2814681186.1855845
2642956707.1141887
2427651488.819157
2527878043.3745933
2697067148.3827496
2471017344.3008738
2350326242.5837355
2611247177.753961
2250785403.4556155
2910567622.913461
2744923319.8739777
2638251305.3051295
2685272788.48625
2347034771.3972263
2679680214.072303
2264540868.39308
2658334092.66757
2626800682.0860934
2333958920.991132
2739880140.6634073
2368041756.745121
2896980615.0137486
2674419245.9346833
2524497919.812193
2661744768.3973517
2532662542.0102654
2884906630.419603
2832060088.5421815
2859007774.0616517
2693651051.232205
2815706956.9385796
2493963084.061993
2575051103.968441
2746654679.297621
1963816137.1047359
2282898137.832186
2333666823.1793075
2199044107.6791124
2792036056.8744955
2340862852.3959355
2595385838.4232144
2220364059.1738315
2790830335.623184
2177156525.2960367
2631546265.670332
2719985627.5682797
2291359536.5673947
2681608340.9507484
2708941033.2091055
2319547112.2078166
2017850385.5097098
2332730312.8327284
2309436804.041827
2711565738.026587
2695424913.667592
2938063471.5333133
2219099190.9895425
2145223380.262272
2259304862.8889337
2016251595.1688282
2097413421.0308073
2544645238.885965
2126959101.26391
2470176511.74971
2378053196.3234997
2411532595.8811984
2176676746.661619
2315482452.3017845
2648758207.678914
2513279999.2969723
2511858600.001448
1747889466.8092043
2521730900.447172
2263476612.483185
2251169487.969491
1833370566.076632
1995782386.42981
1988297922.8143325
1916029914.5876534
1968925446.485874
1719721032.6523564
2169915578.078134
2362298649.9603295
2150197660.175052
2038103773.2122128
2037573078.806653
1951179962.0511265
2251101050.9204416
2065133934.6192496
2435306553.3644733
2500382220.1545258
2307163104.7541375
2438344431.076995
2539472709.5740175
2375533693.3698316
2820832863.2492514
2544639814.1553245
2610937896.671895
2131145295.2470045
2563626999.908722
2501184200.0473695
2483674806.2860513
2529382496.063987
2679080650.5562735
2716904013.77564
2749950550.651592
2029856620.1623957
2336236308.038738
2605689071.4618745
2656254687.049557
2325755920.8110476
2695548296.990568
2373918711.2247047
2674023821.6947937
2507846455.8382425
2949723542.62722
2655059767.30937
2520479039.027611
2859669467.3263845
2849746520.860591
2574439674.6981716
2675959527.073212
2796682719.526472
2886448418.058797
2694098798.093371
2832248344.8434
2928080351.6550894
2928028218.363448
2829784123.106514
2509367454.109617
2847311668.420203
2967121244.2758884
2887851160.5001535
2263999846.4575887
2196163624.3378477
2693787720.1627855
2617820665.7205973
2908519132.709831
2579722365.7063055
2706522618.0897384
2444719642.6307235
2388610483.8307605
2328952507.394192
2714542575.798503
2066785907.0905838
2152089520.006414
2181497840.007201
2543392539.4121103
2436884428.5574417
1709449344.816068
2882807034.520511
2363969868.665613
2167219548.1536503
2802326528.379986
2603579373.111704
2695623473.414197
2182516749.3626204
2397167383.840786
2710170641.86172
2593515440.4259176
2654769127.1736827
2432359616.893657
2471717354.1318655
2255506345.627118
2665116550.9699287
2679316502.5779915
2725527068.3920164
2644349750.701136
2425188744.675123
2672013682.3007607
2576810001.192295
2444505613.621484
2283982658.5299473
2602167404.4156656
2830086138.931318
2510305891.607711
2424271591.4734364
2540866267.1177754
2413089192.2886424
2226037937.604717
2309340230.2276583
2607110410.640054
2452777893.298334
2362570831.039469
2016977845.5977573
2410638759.378896
2508722762.0476775
2262578895.1146274
2155387695.3824754
2401608532.2417445
2296706617.18754
2528862039.62639
2487529666.4117193
2302766629.8468127
2745789951.4476786
2490986662.111193
2835573878.2558174
2883717325.2866874
1862540875.390147
2942532672.6068788
2509129849.396082
2183833478.131914
2285971506.6128926
2708650334.3254466
2127257507.0993314
2094761874.3395429
1620569199.0438015
1935058396.5360298
1630086685.2855053
1787066812.739256
1907786539.354645
1778432243.4285765
1516927058.9306335
1519878822.8850589
1571077133.086801
1434660113.5245843
1313553259.7376056
1518325507.0802233
1355586768.328805
983870628.2072799
841010694.2946285
252563584.65417123
1146857783.1860228
1037555341.9197187
1067858278.7492833
1147462868.6902359
864974243.1869352
197046534.37184036
1054004380.1495479
1408677798.124615
1416478114.3344986
1396223408.178378
997863376.1014304
723568521.9601997
251392519.3027979
975398913.6847152
839142988.466443
328526642.9415674
1025675171.8415295
1183057829.7271037
1110210875.6772404
1265211994.3633509
1145697686.4760346
1274828115.6419485
1144861659.208463
1057208127.4124597
1259088623.429554
948269271.5742393
1333065960.9982507
1152830807.7667959
1459721675.5661874
804851537.0123988
309772257.80058545
1354480300.5192773
869794124.6757997
905878459.9985019
279902403.43662596
1401723358.175258
1262132317.8625314
1388341916.426452
1351157702.3851776
1284893163.3924959
873505211.8574066
1169616337.192627
1143048034.9252641
1150429289.1894004
1284492008.0593886
1315344571.692122
1054593710.5132549
1042565694.1382271
845967510.6963784
970402104.7531564
1145132674.9609807
1099266895.2050207
1353584437.195004
1006584204.6863937
1250393991.6966612
1162111219.2590172
822752981.8534664
1400056375.6020927
1386061128.6709747
1220157497.4571617
1833609755.8099346
1464418430.322723
1899469231.723238
1514560496.2479954
1428725039.0236742
1666133262.3318474
1782578901.0732276
2097515775.9063573
2323126094.8193073
2000400116.282974
2019584584.6398153
2068797983.4608562
1897420160.7262642
2411811098.62125
2093400674.204187
2441011179.3932233
1935737600.0904996
2360458733.1660557
2388022554.055687
2600052599.193137
2637404276.0094466
2806587346.715811
2454477735.210523
2707048869.0535383
2629210699.6954226
2559033976.2485747
2859255071.253023
2739814529.006411
2435768084.6252904
2920265712.123082
2415916281.458444
2712130727.4035826
2167881355.2613554
2867471394.093354
2976901842.164871
2510572214.8623776
2610269906.139202
2939813230.8300495
2585829629.5721135
2728850393.5007205
2724328880.360135
2616233419.9279165
2823027271.410539
2592054468.6671853
2581848224.284091
2817114146.1921067
2568427977.0037007
2381832010.676715
2362616411.948403
2546770237.8177505
2589055436.033374
2599417463.7712555
1806295817.2296052
2285381356.350878
2313718028.321705
2082035308.8820865
2409217306.340182
2149277860.1575146
2042197961.793321
2644037219.0348773
1997833514.608233
2083968435.0159237
2351865138.976461
2471853283.524631
2129362914.7201047
2103147060.5637245
1904763820.3357353
1457621876.2289195
1747289874.7083907
1510983443.8232262
1661207322.7801168
1362297874.2519364
1560589088.966417
1492251981.4712727
1410576605.4040508
1517567955.7434018
1385909771.875495
1540463971.0256124
1653550280.7054179
1590143653.7820911
1579087041.4188225
1549408584.4525163
1723870775.416942
1574211109.517953
1698788271.8521962
1778127601.5604062
1737789109.5796146
1477232432.8484497
1398988893.2677526
2036722684.814371
2116544578.875941
2013086973.1833591
2134024335.7623928
2191362460.93507
2307651334.4146094
2046044882.1638272
2062355940.389107
1789360870.364737
1799980324.2997413
1713717463.7735977
1463123436.6695304
1849274509.5794253
1892468416.89909
1748241136.801025
2015791564.3799279
1641039610.896534
1819780812.782618
1894039695.0849557
1882957468.0059557
2058147993.910255
1668099048.8252277
1726774334.902828
1911475367.0950325
1755186282.708453
2093975225.0689952
1949536847.12817
1695761050.9075825
1805415730.6603549
1694639030.0139835
1735222717.6489844
1893892400.010818
1788402004.9978554
1349093064.5700612
1793655424.3016725
1919325113.8254662
1979415487.8577282
2366944664.0962667
2077204216.5077252
1991398345.0483818
2513184473.771158
2121693278.0954988
2609684266.656642
2117331933.7988675
2549007052.9148803
2302373435.401744
2205726994.850565
1998949053.507258
1936352058.7764847
2321572689.4348702
2233731026.7719893
2243885982.9542537
1988604382.018805
2047922770.323465
2039184592.6295455
2147623178.956665
1603983287.2743304
2050542900.1034567
2231028836.238814
2376583865.074394
2342791176.470629
1744924840.141545
1990325264.5304232
1642172987.0017698
1838092765.635851
1694141048.3980162
1588984463.5734208
1701756012.44881
1797492241.635778
1743754448.0447903
1124206861.0520012
1213663645.9305182
1551988986.2462351
1156083915.2727747
1324402210.2095933
1472628608.916384
1588694331.668184
1334664211.7697
1325758451.1560926
1218303646.433981
1362934060.8205135
734461873.7821095
316608594.48278224
1292788025.1606615
1438586316.9113264
1015680907.3168957
894683846.9215751
203463656.0566141
1200906883.799623
1056831741.1812248
257915365.57524487
925221130.2796798
1172187152.288664
1089199981.7967267
1355150352.4203382
1324582130.421927
1242157769.3603194
1306365982.1656992
1029171152.3229474
1490413068.386983
1141920843.7103608
1655239686.170181
1790599624.069009
1874723429.2990992
1867449759.151887
1518405408.756821
1368473522.0805554
1622382831.162747
1698776424.5228977
1721580686.832925
1982801827.2928605
1903356977.0111756
1873666630.9223619
1652739454.823778
1596914428.1218832
1593301765.5050654
1789901084.5302813
1444297562.5212648
1623258080.2541792
1579143470.4289298
1788941605.7055428
1924212200.9246595
1841785869.3573172
1353166656.189571
1919053487.629757
1848589321.5867214
1956743263.5787141
1692449600.52812
1927435623.723518
1693838238.6263192
1600104531.9506106
1469616082.6713777
1391620565.070932
1766735002.4011393
1395848345.2061684
1389276715.615223
1060762734.1937234
992590982.882045
1144020914.6712372
1124498621.3467135
1144733526.9385617
1234796056.2018778
1023609246.3809129
915914249.71235
1187040973.5330262
1247203197.0819693
1169885449.9115276
1056964021.4775412
830717304.3488195
289568168.9697598
1212782963.1029408
995723007.8780181
204965712.17598116
1246694615.8929899
1014531161.187649
1067973786.6396289
1066122682.5064374
784947688.1955122
285456477.23290074
784286684.5855949
276340586.8040222
1483947178.5592167
1255775349.9753706
1275163723.9674442
1134096402.5655363
1123832452.2475088
860562099.4124701
280490409.334256
1307828350.0248964
1245145850.1120896
1176122948.3460407
1259748907.7284725
1467899297.3401947
1387211418.8261466
967313605.9491444
1005662210.4100868
257672691.17553568
921642010.532894
725991184.8846977
325862371.26291543
1012863262.7823644
890227094.5843815
304210235.0738646
959441123.6333406
816977008.3883829
326597385.7340914
1076397018.501882
1090799921.24526
1534783846.0411477
1304288562.0684648
1439732996.2352476
1345479992.9431155
1539558816.8622718
1681490428.1433744
1585482968.7242663
1536517141.9606984
1768651352.1172626
1690528580.1873507
1800125888.7744179
1720046712.6883345
1688155178.7051728
1715463377.9788373
1598755741.2866511
1695687175.3474424
1769246316.668531
1792428397.4122734
1824185126.1327379
2018736903.960497
1741981531.958861
1610655314.8162963
2045732811.293954
2161001131.5881615
1840365729.3510032
2061420222.979876
1837507587.8783507
1602333926.1482651
1735106250.9374974
1920583452.9518023
1583801715.4585807
1683212614.3508513
2147834480.6787906
1965240232.2725134
1739079325.6384144
1725421106.2088866
1650793121.2751498
1507149990.3676653
1620346787.7620776
1651390193.441776
1850005017.2682376
1948055092.2255545
1949651043.7899234
1765991219.9702759
1766070754.3481395
1867553679.481412
1731200135.875595
1517116700.0684953
1624187254.1504211
1788195816.4168239
1533698554.8269296
1896034782.2318113
1782774650.4753592
2285685703.2759347
1980239598.9053507
2179503963.9406924
2364871009.013678
2324343083.742615
2293121046.65776
2958008195.2972236
2837756845.3330336
2787751875.4128146
2294046629.520149
1989683272.4950776
2074497355.020443
2179710370.117051
2237600462.445334
2119560253.3494482
1848642899.3795753
2213238117.7828407
2044581494.7745078
2068581271.6328604
1985532166.6120257
2419394517.6918445
2001058297.372848
2783386508.1302586
2194835659.485535
2554805343.1522574
2184549835.6778665
2462359801.058426
2522688323.589601
2711843334.586111
2870845665.5592
2691821091.8366184
2794554156.744176
2671887126.6242933
2448659890.498333
2196816267.3627653
2462288844.2591166
2689986598.613372
2723976427.192715
2558964107.5467296
2777464783.2478395
2683849016.4279666
2726146222.485335
2721790605.3695683
2854473149.3478293
2805522454.467036
2246262214.0481715
2577329718.700631
2349260531.4222994
2889959869.894483
2399661148.849172
2349798848.8494143
2490962809.7906036
2664973440.915278
2884557334.278322
2382026064.830342
2779733752.5464153
2542748827.889676
2802581166.4177504
2373568499.5073752
2423987189.8066
2581185320.0081344
2651049274.505292
2242110797.651136
2651219054.2397966
2231157542.0084
2238691433.0100923
2135944338.412628
2201460508.009314
1740014846.1214826
2357227145.8539643
2000591137.8476887
1519266802.8950608
2008886383.2964694
1931932003.809061
2196118168.2998347
2460064283.5848117
2252577773.8295574
2148380694.581591
2224795586.6821976
2118414468.127332
2471262874.7342396
2371986875.630509
2472767065.6130304
1751423153.5985458
1825572323.9697106
2163209991.8605547
1840160144.9062605
2275077316.8192186
1646047653.9539793
1887153722.7641513
2006885443.097785
2206548566.9853005
1729784593.6845849
2017719479.246075
1943046588.5567632
2020581675.807238
2118900339.381594
2092042385.5219374
2590472440.7637453
2376544836.417654
2533852728.8423386
2421512980.237643
2454068502.275364
2089213571.877208
2295353434.3042827
2338217769.203765
1941851879.0413215
2516996136.992796
2384410542.017755
1981508969.763655
1987472151.2129881
1914366149.5340168
2342157165.7800117
2148032487.5578947
2099524439.392899
1819554332.0880368
1706579931.3883634
1887392204.3099792
1643283996.1674051
2348441758.8925447
1733618248.3802183
2234624767.516141
2376475142.215513
1713935390.9914012
2011975585.0021648
2019253261.556279
2110315899.3231616
1842835262.4716756
1628829400.0903492
1754206581.1115813
1438056209.8935437
1659796275.310766
1685370561.3822756
1620679875.4729822
1256032381.5452242
1397274686.661548
1290240399.817889
1356542799.468072
1453146837.5430052
1044040688.9307964
1173752155.5284896
1309987243.3763957
1179328516.258526
1259119521.3173797
1414227314.929758
1133662503.35146
1201581206.481732
1203382937.7033536
983780299.7336733
947599906.1119318
810695138.1776708
308519654.1813059
817554161.9054166
304168349.15568054
1242201511.7049012
1085424605.3898146
922592835.8749807
1287270785.1765563
1464450506.5934567
1564804074.5142586
1548789103.3673878
1447344360.3367825
1433499546.3357565
1014163461.0014395
1311339611.9919071
1517070145.931932
1289940095.4829922
1297631724.9529698
1280785637.4976213
1375557963.8885975
1822062804.9922984
1733946014.739107
1757239858.0961938
1702050701.6790466
1823812287.013463
2231796494.8255496
1752405857.9425147
2279346321.2535915
2204460629.078225
2397825523.08115
2660121282.3224373
2373223688.955928
2680891176.582488
2271769376.706254
2766733958.5265036
2709163710.4034705
2600203134.4731755
1967695100.6491177
2213613448.3769913
2319771850.9886127
2522300603.4666305
2217268764.684633
2572527553.586437
2259045762.3556376
2247098220.1546917
2759936317.485537
2445747354.9407454
2673535108.211733
2751511713.489261
2381409703.6122446
2260792562.984975
2699504817.057985
2599793860.97003
2222738702.8524714
2100938638.856693
2245205681.1887617
2285106718.917736
2137242542.2868953
2381291657.517856
2349654016.850876
2156211072.117787
2618851049.3358316
2307393904.4577694
2530055608.077413
2400496947.665653
2326832838.342571
2511502302.109915
2613413518.462929
2657810397.4782057
2319333003.2362843
1867569203.5358138
2031686197.4560795
2089952953.2483177
2124036875.2349277
2513948012.7805233
2723506147.0898614
2522126202.022038
2777849456.81498
2827697723.513922
2864872536.9144073
2777974119.1670656
2647715446.5250306
2810529461.48489
2860653947.331384
2748203432.5797553
2911434770.3844495
2754417173.433545
2804970291.5241523
2683766315.3056097
2522241179.3045874
2914891630.7286167
2916326551.8421974
2824707647.7565293
2529997718.009649
2956769882.6276193
2588306216.2967014
2689114416.8712153
2646475980.1349115
2472720228.5190105
2891228815.5817976
2518212393.8537784
2756380063.0138807
2964652098.0186877
2503545809.153188
2775061078.1586323
2762955712.901851
2716898047.4266315
2556066114.8949385
2695340659.7993903
2912728184.047957
2764263372.2497363
2738979857.2607965
2636153665.1746073
2891334638.1863575
2881112930.771345
2058647947.4946468
2769800626.7999496
2875246823.5821233
2877756787.9790826
2875855400.445912
2924258224.2450643
2714764957.164071
2858815271.9340925
2830518853.182746
2724253876.2330556
2815682777.4743595
2776589565.005458
2734134151.525538
2663167711.7846227
2846196487.6990275
2905236101.0715117
2843108149.5836973
2892563853.1067224
2678402841.6660323
2727538883.989279
2859661637.5172896
2910618386.334439
2788453958.5401087
2660721385.565684
2878823214.717457
2759951346.894356
2647269936.153344
2903846656.106864
2974547998.9801154
2829505099.4867964
2756223561.5843205
2936526455.1555514
2893447170.1810055
2574466544.27046
2888005737.770073
2729238992.0557384
2792393636.368403
2710502914.891978
2908521449.617075
2746452158.7517467
2542213879.6845074
2364564730.717567
2165419401.377758
2898626534.9631014
2617232333.3184342
2812220170.084801
2512044566.8047147
2441401323.2635407
2527520580.0924883
2696714137.6002784
2525729028.5075827
2325851125.715295
2484370657.58208
2354946983.2588825
2329054771.531817
2710840648.676217
2476955537.4122014
2278183782.306085
2754246356.371343
2461098676.878326
2820550002.8719883
2737661153.673545
2653295397.0868616
2905139042.371023
2599559058.658462
2942444070.9593897
2710430066.5861616
2744237636.4154572
2457502103.064321
2913301169.8607774
2698464697.5085635
2591725514.448611
2288115470.552865
2806514007.5920925
2779098292.800806
2395544034.9820123
2132858524.7684934
2582263931.9830213
2334629921.3073277
2043055052.229746
1924971523.0317664
2047075093.968364
1862296106.3353999
2030429487.4679565
1931939125.0728793
1933847000.1379626
1866776148.3745625
1958680043.5590353
1870865751.5074515
2139025195.6171038
2153180252.1756577
1926186527.2855816
1983589166.7493892
1806204981.4002652
2359131348.2507687
2164237211.012215
1988692208.9229798
2031875048.0800216
2074200640.2812126
1755644302.4743156
1830379856.7966537
1646366900.0415814
1588377772.7510371
1617985033.3425941
1912760118.3196673
2228706728.151818
1951767231.6208127
1529839786.3300276
1768510829.1271942
1685820320.2513175
2012620551.0942879
1697485449.3122056
2166162349.937155
1851354837.1211262
2370784522.749462
2131417438.5120974
2348633272.342253
2218616581.9795165
1925336161.5127351
1538626311.9022381
1954084731.81865
1448087205.976706
1684368337.0220294
1617612752.3237925
1505609789.0778885
1660951890.2576334
1467842953.1959195
1860802207.6095123
1466922358.433699
1534054560.3521369
1820249855.5703485
1824959319.0196464
1451014062.645805
1707135437.6185896
1671116111.3701997
1810202239.268503
1744497485.3586287
1596690043.3849673
1806509165.3054922
1528334814.6114826
1440952098.176267
1349061145.2115593
1381345357.0547087
1583106457.2378597
1309052289.9210331
1213727802.0607615
1503370146.3926823
1874596777.7292972
1369785453.216357
1550706161.034906
1717809160.557112
1967473285.5409796
1544133337.348295
1354825703.7859077
1076259345.3414974
1485690955.281196
1185165443.012397
1359280584.1186361
1442254723.9210627
1363338427.916299
1169363836.2156088
972520261.8852654
1164259290.7127209
1248785545.5225365
1281916484.1112967
1418721620.2364755
1776623334.788878
1581961563.9306734
1285517241.9662774
1574568631.1966147
1416226429.6149983
1179192286.0756745
953893846.9013957
759425298.5274847
297568987.1044372
1418438436.21564
1660904217.0405912
1494711446.0694404
1768946541.8350837
1843537424.5785837
1767099655.865722
1499759449.8009887
1320296756.1567602
1780994776.12806
1415642921.7208874
1491343117.0967755
1376331022.3191729
1273391644.2577448
1229426387.8833325
1358113821.267382
1517045442.0749779
1576231195.064881
1478557413.1657534
1393738627.35961
1341411523.073117
1242975583.9098911
1451601071.5180364
1341023539.1735868
1424204958.6254745
1356493860.9932456
1823295369.9950004
1382767869.7647007
1472433435.8146708
1551627157.034492
1548998301.6714768
1858974093.6523552
2003838198.866399
2287954692.203524
2149760159.9797616
2010551546.7782507
2229307644.5363874
1955369280.9167433
2023091724.5652275
1937456741.2871976
1974308643.8813808
2051184937.9188945
1936156442.207162
1668663516.403718
2048868309.6975467
2019062917.4473672
2281469764.3785396
2369428443.0037956
2274588265.763998
2238258036.042508
2641775054.135934
2291264637.395601
2016853760.392254
1922202746.9917815
2560456470.382608
2644232228.0478716
2192568545.881191
2593544679.610875
2472038927.38147
2415508743.9064
2672609115.0472574
2444056010.5921474
2863149401.7702694
2800261425.2472415
2739899163.61322
2801847295.36946
2863459648.3886395
2322824587.5575066
2719870988.705857
2908566396.1292334
2860259265.9463477
2790216437.281801
2673629711.00804
2526104800.6184597
2763515885.657061
2876562426.6236525
2615600350.491009
2271655861.824079
2298390650.059071
2312810179.7098613
2639476812.520025
2406681860.3563232
2441803428.933772
2283134002.068505
2540819441.534808
2440780867.4283686
2167882140.156728
2411859296.294029
2424079063.9147096
2609452787.330307
2217221606.053021
2432129037.1020837
2289904469.178104
2087729414.5932448
2088034243.484361
2019993557.5839713
2549770666.127158
2645975609.73073
2511478456.551002
2588840597.139644
2243856164.77779
2891103653.3536997
2673088481.5987196
2795314903.909657
2963038048.285863
2933505468.848001
2886301521.189142
2524181283.0417686
2929181144.56198
2873974627.9326572
2699997317.6936855
2742901867.492916
2646036367.216412
2514466374.936813
2360428816.0896783
2496425456.7006397
2413004987.2338877
2341552392.015919
2736933039.638193
2770227177.5830865
2851097428.0323205
2603769616.426069
2466272736.2410393
2335423397.948036
2665735164.133551
2352607880.8012156
2812580678.610382
2675188948.2193756
2003892262.3232107
2342070576.577468
2358476658.3634806
2498903601.8240676
2362897679.248631
2325699945.37814
2332824388.2471
2494143021.311713
2860898271.082523
2589945704.3462954
2411336268.924876
2621501249.4400043
2310124270.315189
2512338697.486595
2267229122.2755656
2814186743.3179693
2456788326.4839244
2251832338.905562
2711967483.3878913
2552932019.9411383
2444624643.9293456
2012347730.1484027
2408643049.0031543
1875023113.2938757
2062731137.7735431
2386288391.906852
1943547271.564173
1826361161.5517645
1766528403.9457302
2037414983.4496138
1892067653.023527
2081534698.009023
2002001181.490337
2061258866.171106
2261753559.565068
2181395534.437865
2351571509.8089204
2427789145.8030705
2510875164.5357943
2206072236.3957086
2326491379.8577476
2243376150.4743705
2384098478.441729
2375736133.541371
2578934347.9267235
1940485626.9301736
2359243695.361555
2319565847.2623096
2321459019.802453
2755011133.723095
2891707113.9661837
2667634959.039518
2538156889.054752
2704657209.5177603
2782878863.0583005
2392797788.4017005
2747193440.7844563
1890815702.8011203
2683584804.671952
2427456721.846236
2444599374.6274395
2311601087.7729764
2861134029.0564666
2774082803.0456004
2493930900.233496
2892474409.9697833
2618854541.4698477
2616312124.01053
2807524015.878236
2788048181.182988
2682917453.4950733
2482051039.0147467
2788444678.6020527
2531167681.403148
2767260928.287041
2421124764.916608
2644333554.656605
2483224720.1899223
2691437777.429742
2478296927.6542735
2224495824.554649
2647870814.5196695
2417400182.8098545
2380061309.8654766
2292593956.971817
2353462624.802424
2361728027.537394
2111684741.3450663
2124207587.5389829
2140259796.950961
2584561213.2350287
2667274838.310037
2645853704.219318
2173779527.356447
2182273446.579728
2440565975.885588
2309234879.5674696
2010310296.3989
2180496935.963402
2493235182.278498
2016450202.648716
2238890179.9160233
1949936320.2013083
2143649786.8496144
2011004582.1956286
2137088898.3894637
2230989562.148126
2107695427.2445316
2471428999.093265
2080745000.6862445
2416700019.391772
2261531808.4913654
2177379176.6193357
1596777588.5336623
1797913858.3585827
2041304315.8210945
2315001879.449808
2221873521.135884
1720505474.5537665
1809928292.5268335
1846551022.5424423
2191059601.8889804
1693375685.6153703
2001647928.7642307
1993935595.1735435
1967116486.767819
1979870687.405198
2238635853.751303
1769361833.8211203
1837570347.9948285
2202199463.6090455
1882914572.6742291
2470577970.8846283
2257214657.7799196
2788106119.047365
2689085148.151581
2349223715.1561165
2057576446.5857458
2243595354.480058
1970968595.3434958
2104969208.8749495
2375706929.06294
2189247508.3715515
2256318424.926405
2292160781.6995277
2398337257.4229054
2277112977.472897
2547285584.9858994
2402584863.7399726
2606447124.640169
2586520027.103563
2588069043.3939576
2437068942.358674
2670105044.9035854
2548684609.9091535
2708661738.58563
2043908029.0946133
2511545059.562229
2462037369.264416
2221736021.5642853
2260112977.7841187
2472335235.0228963
2274002777.568738
2511381607.7568593
2378528566.5719366
2504387185.5514574
2455479839.7418675
2579946133.073573
2181662848.7376413
2696007949.6617465
2531694544.3459635
2527517363.4177303
2118884217.4334137
2102612976.0269463
2487723848.799592
2500896478.754941
2526291737.189449
2480838735.2730966
2869989361.23578
2735717582.0877256
2692443212.3267636
2625863252.096316
2525337802.3339214
2360947115.9281816
2686132721.811873
2615751186.7340026
2790130941.398957
2516407475.157717
2460205918.2840314
2108753719.0651639
2323108086.539958
1951296742.2139716
2462756532.8477993
2417895169.8997083
2198900039.9219165
2192492745.2043333
2611248243.501407
2274802833.5324206
2829301294.867216
2647925791.9911084
2548722794.954294
2302724380.358688
2013284768.8502667
2441280750.818274
2390799347.8814487
2228227091.1249957
2300998302.364778
2273627304.4630055
1797674145.5996544
2114472451.8155594
2467817566.584225
2638104932.6306024
2625301222.2360935
2181473072.394644
2120920203.2568312
2393710983.7549076
2079259469.9495676
1854671765.003667
2451561086.3880167
2041807815.3159463
2061038754.9226704
2213949741.242928
2303735743.1982675
1786234670.819856
1990353268.7140863
1641387778.8543098
1765736642.9273894
1935621493.626214
1585090874.0840752
1843199754.6338606
1684437903.9502866
2046876443.6001651
1540145704.577209
1422650921.951954
1402338107.8487732
1292596926.5757565
1569477244.5153606
1487412344.0852146
1575993275.2701669
1528939272.609578
1813590629.5355961
1526059228.2299287
1084006473.3030138
1204759913.249949
1262645506.8259828
1555674525.2025595
1265756739.2617188
1534297727.464408
1323199591.6994052
1575128117.756043
1399350594.350594
1298872408.1439471
1268738985.729601
1720570723.7675498
1618735873.1990407
1732716837.8527412
1416030619.1074712
1386186719.2879949
1412542410.8833086
1516807765.6327586
1562249061.1477847
1170917823.1758416
1256260003.5542972
1037032047.7338165
738833089.9066496
207757253.16820186
858065364.3514906
1317635928.8933063
1144292210.9671464
1282109488.4894142
1430775987.4182343
1295493937.9255662
1558133180.133079
1654722265.3341753
1486794499.567439
1630187468.1075408
1331436340.0051746
1514578740.9404573
1783589597.5537415
1646532541.1691086
1577358261.5568235
1358497916.9631033
1431855111.917774
1706719115.497184
1671357620.0583344
1303019265.1810393
1248424297.2496157
1067008623.1954343
844391477.7171346
277202598.398795
1043926453.6638477
1136446212.613072
1421513833.2737732
1338376677.0117805
1452849714.6405592
1276660657.3808155
1256970495.6036556
1389780089.3236752
1277791146.8953001
1484144752.915849
1530065217.5633643
1609883756.718087
1374276695.3703318
1485040332.95401
1644921540.3946004
1601312881.549595
1382240266.236794
1442567096.987086
1392573195.5773897
1398908140.8931549
1410416140.9933305
1466612607.590895
1650311869.866246
1793799833.6345632
1539429117.7391708
1504286030.25262
1714045205.774012
1964860004.9572601
1993577977.2969856
1667049782.177921
1594124847.0357924
1287449090.9019067
1022292781.8031038
971363538.5624509
319172855.20989287
1204118503.5739224
925598261.4743087
1018444847.008856
1022217555.1327528
959455954.4975326
236075210.77683455
1005419405.2172687
1236293732.3375568
1126948169.4126043
1027479961.7053255
292354130.0538466
1434924684.1857958
1524299098.1052876
1375760462.2193427
1447848781.4480498
1999301587.8700955
2351071967.4015408
2051373269.170889
1847393785.7921915
2048947981.0991797
2060248853.9709206
2046722553.7495105
2084734277.3734288
2056198463.1798062
2304960080.2708755
2085145870.649252
2067097415.3569875
1845809983.6998587
2007146240.608571
2357876698.634011
1741695773.4649076
2063712407.4855847
1929776085.7441788
1848547728.260866
1903114130.448559
1955363221.6658263
1940145270.4301982
2334500440.620382
2061067614.188262
2132044492.1198475
1814205934.575047
2078865162.4064152
2218699960.181494
2101153982.8829918
1843757706.2028701
1958659463.3646648
2056064263.9024765
2331349845.352849
2466033585.0824876
2744211966.9536047
2804735403.0204053
2772908556.3686085
2682252319.7397947
2252129134.3520875
2627114680.913909
2345760556.1812115
2665733665.27853
2463058191.6577377
2473095372.555538
2422292552.5319247
2103660892.3425233
2115010981.0391908
2509560320.2623043
2757346729.0787086
2523805557.92975
2337342930.53532
2826566707.466881
2353891814.395063
2555485847.1583586
2631894888.7882924
2519785230.778099
2542107509.178544
2138737582.3838155
2282143139.796817
2281324473.012971
2240730182.0865073
2398028979.3985386
2379522251.7521057
2083917541.2721398
2302619154.9978623
2179264259.128796
1756905135.34061
1743291866.2153244
1629805753.6114774
1834047086.1990438
1836079951.3847346
2023912214.757186
1761687533.2873921
1638179362.0304868
1698642431.8328276
2254446663.018576
1882177326.4798322
1757064762.2018533
2090902257.364573
1995503463.2791114
2065378776.550017
2131574717.4256487
1834203078.5062459
1474355667.5950074
1529927700.7111015
1672177269.043866
1562896055.541185
1379921239.179209
1394279677.8992467
1478980925.108244
1439143910.365902
1564229168.7327583
1680159563.8726642
1472979984.1710222
1540525814.6381607
1543497061.2057276
1487719079.93784
1466608039.6162412
1605082355.1265538
1734711444.055941
1407985317.5458052
1228033578.1774592
1253553612.223677
839036137.833926
165547064.18276888
1075663814.6567037
1020074220.9346339
272920390.6570914
1381047842.831315
1711407105.3096828
1539921525.4548857
1493004359.185484
1670720059.9611514
1723577635.239976
1881026441.1220956
1997714021.8053355
1943945407.9678981
1890238314.220189
2231974068.6500554
2556009684.242091
2155680211.7369666
1900441317.0563238
1990302068.7740922
1862762721.2379892
1514649014.4332821
1738806869.472481
1816552785.5105963
1941724076.9983082
1844274403.8274157
1610911881.7460084
1998715785.250129
1471523230.1699386
1804500269.3549619
1769248730.1127152
1753545802.1000092
1574629587.8430223
2002121584.3890865
2059020049.9200923
1863130186.2876098
2046119454.193452
2075793905.7792766
1913919464.9003115
1691456058.3184283
1663901849.3050478
1717540830.8806996
1703460170.2614834
2361269366.4838343
2160546334.4216065
2450200141.186715
2642860620.5761433
2486052498.6156816
1937735647.6253858
2296412551.945472
2106388325.5613232
2000362266.0522447
2148038161.60675
2083743041.2103982
2575183504.6464534
2225857004.242234
2578093923.8022957
2491588351.4574733
2684890032.968334
2490376502.133449
2623664414.7256627
2648898647.8726826
2699516864.4598093
2752823628.0420055
2387329018.872994
2170671825.6166267
2615769520.4842114
2386713387.1209407
2168777830.4122925
2231981600.801078
2096220343.4314115
1963248367.7480934
1706742103.3919377
2056630774.8236895
2059179420.1381137
1643975719.0112436
1860300033.6148305
1632014542.8796628
1932117073.050036
1838169446.1410236
1835148383.2552872
2117245399.8514304
1859509612.4638875
1900736572.351159
1521672790.2775185
1988438041.0528445
1936354254.9123101
1893793997.3196073
2342180431.8105974
1996014747.872387
1882028307.0274098
2103769960.2931309
2371062984.5209103
2342503668.979629
2144898218.990685
1739843129.1373494
2361766450.3914638
1835041831.5749905
1912713913.220079
1849667556.6932907
2025374274.8263936
2106388216.5710008
2064671899.3982437
2018163214.195097
2062419786.1162105
2139987625.8870142
1558095825.378187
1720256516.300967
1327957991.7466905
1258416082.5153275
1316165334.9125288
1031916763.6325941
1004249281.0558494
941831379.1166348
222645926.99714762
1017694186.509697
1118884380.3645651
1314178190.47543
1171864053.1729214
890284637.1609519
356290433.89136744
938071768.1815193
231327663.2455191
1180352245.3735213
1158898215.3648894
1147868012.140456
1275711757.472398
1331865956.4156117
1347465667.7027981
1375310609.0398371
1381151248.8045611
1557532906.89846
1541972400.2338538
1494783477.7488742
1454537467.950803
1405163499.3047085
1408761894.9294116
1489770846.2835028
1429457985.5962589
1014574657.1212523
1289040032.5143976
1417444772.489413
1527627980.0436542
1711869611.6931252
1823345738.125205
1972958357.957196
2010468117.1357496
1894958662.755046
2177453488.351444
1869948399.4830985
2180928854.139615
2037378513.929022
2495266495.3960953
2358000622.836772
2482578890.029378
2283738640.6269464
2307544187.5190625
1953711546.5242074
2018734015.548569
1979413108.9456513
1870338277.286689
1941200260.638076
1889839957.8932745
1536293553.9703963
1967780069.3448296
1832364372.9124465
1681286437.0071416
1965617844.1971223
2071542742.3664188
1968988891.7937129
1959576674.5783882
1844037060.6395338
1601181146.7418637
1823338609.3585424
1552071925.023151
1594050072.4655023
1345414809.594939
1367530202.9547968
1346812142.762094
1489807481.815383
1222376299.9924695
1156287102.3263817
1319138503.892214
978301518.1823776
1152237861.9590228
1037300696.018951
318365611.82726383
1196984066.5446818
1132383130.4735453
1139526664.8635747
1176592486.9393573
1166117544.6800153
1245048769.99231
1425976149.954891
1260028832.9131196
1221106231.7913394
1308973035.7030425
1358518952.6180816
1774495676.1186578
1471392225.8187332
1885028753.6019812
1571734362.707183
1999828430.7994359
2009101031.3567886
1342769305.793428
1463587501.5279264
1324425546.2760406
942155735.4359401
1053988135.9981978
1044600110.1371156
1199221846.93666
1214481687.272029
1141564031.4739082
1068489268.9822477
1216103523.700469
1108293198.2052333
933995192.1591797
296655194.51432055
1329300395.4221618
1206771536.2279358
839082737.0579216
304245041.34551895
1056128997.1861666
1141109475.831894
1079570911.388316
1227973112.785801
1467372199.627543
1514741305.3104906
1267221428.4268017
1274176355.4805486
1113181527.7881842
1178362976.7560267
1034042986.2092412
1206473469.3347993
1393432566.5431337
1352915046.2879677
1222396299.563177
1128545100.691415
886613081.055826
327393519.10563743
1476655926.7825224
960960899.3054588
1307135368.0701632
1503034235.9122674
1656183196.695581
1641446581.7558558
1387171973.2099748
1595328455.74291
1677342688.1558392
1641728878.5638418
1666956347.1965384
1609310136.5292077
1462372400.4107442
1671247088.2433846
1929161042.5522933
1695599905.1983254
1657176835.777711
1767417900.5862107
1944776096.2664237
1921682914.8745425
1757355163.321992
1943937818.061164
2249320736.3527293
2268143974.681338
2138093032.9290915
2025329045.1439242
1891255770.965409
2199899277.505218
1685292118.8128707
2033531538.8236094
1990639862.1402965
1781187101.1702251
2104528848.3438902
2154685125.6322536
1954010342.9984016
1819748324.307773
2027926500.365816
2117105529.1182814
2195044773.9366703
1871944828.0421515
2295372722.4157376
2662901046.193399
2176006426.665372
1955237181.9859295
1903859648.1540759
1886465604.2936888
1557714855.7089908
1565671036.8780413
1629790242.2137496
1578385919.9831038
1732357450.6027732
1852549486.9261777
1526588027.3446229
1616512180.2118623
2040720284.1615639
1784209828.8757877
1982673407.6052282
2010727163.279381
2205232229.0158305
1775667533.0386546
1853447332.3499343
1780272171.9625275
2193685885.57746
2133922176.480434
2142855352.5950036
2360381240.814841
2802887989.807852
2420808059.0434737
2570690616.9940476
2768652600.268957
2163256892.636305
1876325586.9186373
2058573121.6931887
2033077383.611397
2213826127.471351
2397043713.2764792
1955290401.3087542
2272860881.0741177
2381403083.1330714
2586833602.9097996
2010605998.8431644
1962717513.2799191
2028557709.7763968
2021015723.0677001
2015504869.3968592
2516210999.989916
2374346913.0511703
2346065120.221791
2296891795.009492
2107807966.8354776
2005801925.936539
1958276235.809067
2088362787.4529877
1934646299.2054763
2254783374.254649
2265264143.053885
1920503321.5278854
2223380534.145171
2314462936.741375
2575538769.9872355
2305361994.885573
2228832672.3021183
2186450290.786586
2516604051.150978
2490197880.280691
2304548293.153734
2532934985.3768306
1935207550.8308947
2459880328.810534
2586243961.350652
2686486633.541991
2670471045.85067
2265627735.3137603
2613354832.875333
2395884925.304273
2124482518.1788642
2285212798.7174897
2646978360.196323
2819965222.017477
2474687532.357086
2689749234.9632444
2196844601.458991
2519597406.0037403
2385761577.9916744
2226863673.566728
2205859834.4764233
2541488089.4311776
2220604977.712848
2543281094.2642393
2496441135.4005246
2538668341.560645
2456771765.2935734
2705067193.848142
2846372374.67975
2720682245.151213
2957407741.3620477
2693144299.837162
2846085876.6136265
2572783690.823216
2675245981.972941
2535054266.341934
2619666594.5182214
2524580723.798618
2829931161.980846
2371232197.783762
2255206345.1874824
2569588935.271965
2725590971.6346536
2807810700.9829664
2766686988.3551626
2513363303.2908397
3080185950.9636946
2365833074.699364
3032425637.0387564
2608437326.1406727
3008465628.2657895
2849242889.2620897
2814980192.777687
2795875709.196873
2682841378.1257644
2873760336.6231136
2927948044.8970575
2695364078.493979
2902022950.6735973
2518641363.8487253
2896972429.781799
2576668397.9725766
2972546156.1863627
2868036749.236606
2916349619.7295995
2832794114.123485
2921195426.7306046
2636208770.1669807
2992614497.574014
2486999202.673156
2773333147.2958317
2561143532.555504
2674695231.0737057
2548133862.6944137
2213161594.654809
2407074773.386291
2662557888.770111
2656884126.172216
2373333355.7763305
2108026419.2837152
2244054707.5858235
2119849676.9610994
2327679520.1093884
2107698336.560089
2395380814.0836406
2429649949.282509
1939173224.5853505
2174971248.3675375
2025092479.8387334
2357937946.7713776
2414369968.29817
2421653732.822162
2585379626.844527
2753120120.0118656
2572490381.5928802
2785044653.057807
2267390825.8670053
2132058067.636907
2430424661.2814355
2277370192.235231
2140470778.4954362
1761800807.6976519
2260923787.7511015
1727110284.1586292
1710032248.7526026
1707761675.023882
1523785798.5208278
1429970679.4306128
1639369691.176155
1944576058.7706153
1407776732.2036498
2240544907.8905077
1659378213.4006314
1671847918.497048
1522610751.077493
1790968992.4823685
1625043841.4681213
1520906847.6694863
1944565069.246848
1859486602.1017475
2030829856.1167674
2131696511.9558854
1625614552.939096
1579412745.0463624
1927520964.6570113
1779535726.2094655
1601508453.2614875
1774707785.9074607
1963849417.6200306
1955357171.3440247
1816604270.3080432
2005893512.2616704
1798058034.536519
1742644290.743789
1520314902.4887474
1602447791.9504836
1932118625.4845622
1964704929.8064013
1977675159.4418938
1643214428.4837916
1834391496.6471837
1886824136.3405569
2051093389.474358
2290245755.5720105
2117040412.6127138
2311980325.9330754
2071961245.4165637
2125812355.9171526
2259248041.7726
1988075620.7031813
2041428778.1853385
1786814900.8381977
2060500719.9635384
1696923450.2563634
1759896954.776999
1421713491.715751
1607142313.767582
1523565683.027906
1710829465.0406969
1627476025.6043675
1739576455.1326146
1796906872.4300945
1640532186.3843746
1762426100.4609108
1667851464.800955
2020707504.3660464
1933460906.6306467
2163951606.50113
2145292626.0846477
2238190024.495051
1879517059.4364665
1896247936.0526583
1827195926.721579
2374606887.280115
2398015867.335747
2376501397.8418684
2241143582.613906
2005371120.633423
2191368878.751202
2242598164.9249372
2252467976.939738
2044515574.692782
2364929577.7839565
2184240325.934779
2333456397.7139373
2049097738.9781868
1904809446.4066703
1968614634.4036264
1721825645.636843
1710414558.3934915
2206855058.590651
1920531601.5089455
2104609579.2544246
2332844768.4809327
2659884032.9173074
2358539077.061757
2814024299.779469
2350619103.340037
2763414621.881019
2352771797.0508075
2807118725.8643794
2181712059.41191
2463048061.8007493
2645293981.6770015
2268655815.635892
2009079628.8678637
1994293252.9841876
2544672545.5131264
2378876288.9363146
1991909615.7091794
2326594741.0519924
2017889990.5020027
2031611438.7806752
2293599963.745843
2065374416.10496
1769961824.1972864
1795760947.0197046
2190032184.472134
2198619088.2107677
2045462796.2435236
1942695664.5695138
2006947846.4089754
2381868746.049077
2039419336.3543308
2655668024.751103
2413390821.1187396
1967049254.0788147
2273665686.264768
2424452569.026892
2407858004.6929026
2318906795.772827
2075258053.9320948
2479442066.0401015
2600223521.621233
2303925207.162607
2255891021.0620155
2606700368.98916
2513769607.3445745
2635716679.433082
2738947977.014007
2445136843.8603215
2346440510.7457495
2530035758.106045
2434507793.6641936
2723697752.7131014
2428049345.688159
2423370523.877016
2600653835.484933
2487547969.503207
2465160069.850051
2783693387.6822314
2637237513.5340486
2749925806.471253
2578597467.1900945
2802027005.302263
2789829866.26348
2911371455.00617
2467500616.9464626
2458076121.8471527
2187025434.08546
2497848914.372604
2604644478.3293796
2393557839.1708155
2670733137.2393737
2316538275.288899
2380188187.9632325
2303977757.5611877
2688321123.749186
2403405740.257935
2511533093.7735257
2424802688.1655936
2553924531.756938
2881760211.594732
2693652086.1221685
2440329855.12676
2726549120.029589
2889867408.871592
2222495533.7544694
2136444284.5915346
2601900007.5960164
2569387290.577654
2799105325.07546
2323874237.807238
2397566181.055959
2253351126.089652
2458962092.3792315
2468467408.098548
1975272945.873013
2206337740.404856
2047927653.3410451
1975542807.3183172
1928503873.6722133
2238559740.0559397
2051127397.9248831
2534849156.4744473
2171826885.6699033
2451456921.7665005
2746764016.076555
2667978834.108819
2495697151.343416
2510279740.4052896
2257293328.597027
2739074412.5219812
2600556117.0338063
2714532351.989484
2429120139.3053613
2567212985.8492618
2409177619.212754
2397536535.9558363
2027581488.3617148
2561264058.4599376
2461413560.77642
2524345921.4565687
2414324862.3770404
2161789143.1330237
2330323037.9335732
2536850078.5331216
2228769961.212863
2180877629.669472
2328634072.699994
2614878094.9854703
2435724847.371943
2516554548.4905005
2378150155.4343243
2012334502.147581
1857709691.564139
2182011170.0446863
2406367834.2803516
2281621456.325544
2109756567.412469
2192638339.216139
2748952155.4505715
2314330262.211437
2197911892.398879
2281393868.443863
2190105822.226829
2166685734.081302
2042793985.9968739
2288711156.8370886
1955114301.593959
2174653301.796511
2345523809.260791
1769378397.5296547
1824456031.073813
1897162672.2787004
1471600129.2148135
1449348152.8043883
1335766091.8495233
1546990620.865225
1128919455.006067
1120933601.6390185
801989887.5799232
192844595.19793433
1056175488.1513523
1016445611.2106156
1001196579.8089159
1164433812.7080429
1357975218.5659535
1499661922.0970101
1671983111.6969807
1659502128.6940315
1650794141.957471
1540335561.9576457
1553090211.2160046
1618525269.2207181
1483526679.0974889
1539421492.727908
1418846041.838673
1545669155.0576453
1206590108.9418898
1361682700.0895774
1039359061.590649
1006451942.8021756
304138106.3527458
1073603722.1608846
1208199825.6741002
1058322888.2947582
1069388734.2323427
291212705.4822493
1319079783.7491875
1051158126.4903427
995378862.2938197
1031730795.532528
1205721990.6917114
1010531163.4880239
256543120.27223748
1229107671.2938778
1481843801.9348803
1377545127.7874045
1463186163.2565823
1697015904.10344
1887565743.0365067
1767009558.781948
1715433365.0455084
1712179356.914422
1775472687.1990907
1741787568.4044805
1412140823.6824665
1232377464.4392414
1394893362.0078351
1250341442.4296281
1202557600.4256508
1050285170.8687881
949233984.3151927
322080974.8540263
1203615028.4024327
1303908895.8906775
1187407702.7250803
1127759000.5524166
1061859192.6181066
317373592.3889961
1206614487.4418423
986573611.0400815
288545330.97727597
1362381848.2614956
1384532827.034441
1559338068.4393601
1402292712.0214486
1242870683.4053142
1107375897.0863097
1250306325.024936
1069732970.5804374
1234270413.0413227
1197557573.558109
1420801329.2508082
1305040498.8823514
1836289230.2740073
1738726026.9304998
1613307958.6337876
1991466654.1018229
1567522266.1751459
1803377002.341603
1753472961.5055676
1725196028.1326632
1683193632.314004
2059420009.849249
1628660143.1075463
1703900282.884513
1624208945.1136148
1709784025.757324
1430851732.6788769
1988914745.9501207
1874213527.8301237
2179071016.0360036
1887031909.8879824
2273570644.567938
2253111063.5169015
2030914111.914029
2524218325.99416
2031384673.497984
2106301127.5157232
2062415373.3246758
2223393160.5409617
1870561979.961526
1758486906.4049125
2426675853.4439435
1867581744.4091032
1735106634.9218853
2081461126.4439042
2068612583.9071574
1852829954.7460744
1952444955.0731027
1854959876.7791657
1765644481.4562488
2221075389.6782703
1905513876.965558
1678285369.7053607
1805607838.3536365
1737392600.2663589
1721904891.7499337
1419003704.2791421
1960323503.6788745
1884591098.8311493
1757937245.8502162
1555004265.65953
1314190622.4676473
1482745105.3925846
1365947082.3711927
1224830779.8454006
1341203957.1132848
1306816709.790203
1316759823.7141995
1249231438.3955145
1208383412.7861574
1226541702.8290558
725464694.5961365
947395290.6604539
317332777.29210436
866707870.4268664
280907129.883263
828677801.3318212
291356301.0718926
1064587051.3425794
920510440.7966683
289159144.5714046
1101541798.1159122
1015699494.194949
302735013.47546816
1098360497.1943383
1104540099.3705518
1344370535.8121843
1135566561.4748945
880357332.3621097
295386869.16963005
916101048.4307789
278491245.254128
963357948.5438294
272417738.6876699
1240766555.2090478
1465720627.903259
936459214.0626618
1082178042.7549605
1047105989.925604
1165302217.4983644
1301527875.2654383
1362123922.7040565
1455253272.1838472
1307818749.8994627
1271192683.675994
1467658555.9513214
1435855246.733861
1518503860.780105
1251623747.2298968
1099973945.9756057
886276107.051367
1055431257.968701
314599571.2459934
1414824741.1480296
1366070791.2658124
1085304729.4274526
1429773554.155268
1634947877.2340984
1702647477.8376794
1708274394.186704
1529212130.2174678
1485278426.5441551
1321441072.2811134
1504240269.569482
1431219797.861834
1770439553.2562277
1517226589.6265216
1613560695.0830064
1385454282.0237324
1660987649.1665802
1528760102.5616028
1648192564.5478895
1413437085.4436278
1452807642.5914092
1374680177.7319074
1359061316.0234578
1223332246.5329435
1094446050.7162762
1193423124.4710963
1021517502.9465234
1019696387.8265253
834224261.8722618
294807334.0021813
1197098898.2076893
1335884683.4891307
1115681843.4834995
1248015349.7152832
1112688735.747374
850572777.3069309
291043311.7629981
1227714908.4509382
1093680305.4820654
1271287239.6737049
1240393874.5211205
957712245.6911308
1307788119.328368
1167329766.6126924
848451139.3139523
355371651.39205724
1309164444.38081
1114740850.4636595
834863663.0816118
179369265.4486863
880655263.2961836
318520490.6744885
1257083973.3123
1421945371.040238
1677149801.2561307
1865486865.0232785
1455667593.171968
1860578006.986895
1793983398.8967252
1847662554.9028397
1964537185.5809307
1901082505.5135837
2059264199.420632
2058952105.7539895
2221319967.189532
1946048159.7329502
2054879067.0138555
1919298246.543375
1734330944.1203475
1795579427.550937
1645775462.9348688
1364625989.1613367
1685244703.733327
1748650874.1890585
1396994870.3974607
1641904167.60721
1899251073.4459395
2006679557.9758627
2050530459.8295805
1925643903.4998682
1850611317.2131445
2161508998.349196
2186532568.066563
2438004482.512771
2062326886.4451923
2192256918.6575108
2318659402.38335
2542911855.799009
2533825117.142292
2240337687.6540127
2614270455.6402726
2342842397.2562118
2591015968.5531464
2534838630.756325
2010586797.9938552
1819291357.419815
1805558228.624107
2154680359.7998333
1770687260.439718
2208688693.8293247
1547501326.1055386
2131353004.7472103
1918797039.8834698
1879636149.2109349
1970863567.978413
2574231642.579384
2504251118.2057486
2248690485.881068
2088296308.001016
2049667810.3582506
1599829015.546345
1641307427.164364
1369534653.0787725
1717900887.6465344
1879338020.542632
1825526340.0934072
2007678528.3830755
1672337500.7001634
1636837932.6566682
1842311730.892179
1576902904.3310452
1512424313.717572
1720982581.4232585
1340700245.9226527
1551003201.9533746
1606759713.1372168
1426590842.6962724
1595070455.228745
1349971071.4002304
1191194872.5180893
1174837658.772267
1320348211.7714307
1496440651.5935714
1459315059.2814412
1166293024.6003788
996317284.831879
947776914.0381844
1364624056.5397663
1281876463.416393
1075214009.3535776
978738190.1451445
318219067.0995967
1427421399.036417
1160058462.7350821
1112313442.2380722
988413153.7162256
1213421959.8542044
1146043193.695621
1026619454.9093893
943351194.1317664
292540694.28708386
1314096161.537579
1120281590.971186
1446354973.8933172
1663392374.2538786
1666315395.628511
1339002404.843018
1468416244.983423
1434098401.4106703
1493592698.9279027
1447544762.2567651
1614528534.1209295
1385177285.0711544
1361807268.500076
1415590210.2164574
1567484774.1266556
1588228179.4057455
1372469637.5280387
1426512265.6419554
1628041347.0206156
1591094172.3399053
1453794089.6716633
1769743890.7343433
1574140776.6288064
1306974437.9027548
1328009968.667965
1377587963.7653325
1295181386.9507124
1453148031.4093025
1697714471.8838854
1680702489.869656
1435211665.4992
2117353555.1169145
1701341322.7116013
1549546040.3203683
1726153925.0028646
1627271334.1873157
1587411697.983123
1246355901.7515118
1240412005.77163
1226462649.320693
1211387781.7796273
1319443528.8798714
1494032347.5091574
1631612820.0010834
1819794180.5198617
1462554744.6409912
1609461377.1262484
1864801113.5284858
1713666089.7632134
1698225961.8056219
1717351100.266828
2011025476.1637492
1813055250.884251
1868073995.6447332
1611802708.1470168
2097947406.3301108
1874501348.558675
2365952237.4470296
2242070394.459357
1988257798.9563003
1912551492.486599
2565890011.290062
2530368382.9860244
2093287583.8395715
2203587514.2264256
2118132076.0042906
2224671446.455703
1787105695.746339
1952786521.0415213
1536091900.3770058
1779428962.592555
2097426155.139283
1988939209.55139
1970762666.6342764
2008461907.8617516
2206831003.5156603
1762202576.635034
1652647248.3029637
2097209371.7732944
1956593975.3667781
2143968867.132874
2317318906.3533316
1847727526.711604
1939678071.399997
1773052085.3337224
1796328306.36424
2047617631.277494
2177270845.5342913
1937062652.4139588
2149471877.2570167
1898547538.4900093
1619171304.415368
2055896095.136846
2009966379.3821301
2085745811.650892
1990346282.5751817
1738158817.1838126
1630636027.3481047
1673341381.6115496
2035951311.50384
1905913293.9895604
2123168594.3970406
2017777391.3120813
2077342372.7130928
2136559812.3762586
1946112612.4233093
2187370370.086154
1840107958.8769357
1836459021.0068436
2234931881.219866
1723726574.6982913
1683202031.3569045
1759502100.102952
1814191314.6742015
1617997570.8551397
1581389662.3829198
1405969514.085191
1214443397.2340913
1024126439.2383323
1500115722.2287154
1513315347.3035507
1202962166.5671744
1467845953.1076682
1934357158.5230777
2156103423.3034816
1843970291.5831242
1809928606.2878034
1746483519.5716558
1784821208.6160657
1816130220.9744856
1849039502.9078226
2068940740.5437524
1804607688.158179
2149388093.4279943
1722301741.2761066
1761818447.2020493
1433595713.1458611
1626985970.8023295
1662971227.8613286
2066467602.7253783
1648812106.9711618
1518721801.199787
1471723891.5127647
1451956106.9409602
1350477104.5382905
1347987492.692634
1268344707.57559
1425964311.708857
1524886529.9953537
1643742398.9682975
1777226570.2365544
1579295130.1784644
1624375977.6241744
2035408702.574992
1930319464.89039
1963440136.697329
1987815494.7743793
2268725479.4737725
2077643901.72018
2040999246.9568293
1984540297.9306881
1940629836.697762
1835416146.2972763
1679250223.2617712
1601710388.8062067
1723911324.809003
1816830323.461461
1928195378.0731838
1982981153.8025973
1847488764.2897859
1988221468.8480468
1835150970.4847302
1938173151.3378317
1753794342.2864175
1952871616.6095068
1868787202.4620838
2154790297.7603645
1747163434.4765308
1983908399.798799
2036460818.1402032
2235143512.954321
2220600958.9322515
1751985314.4099321
2030197766.6556792
2128239500.738878
2069809251.489435
2585310844.3072724
2315371452.1131415
2415562835.558422
2534773177.0571632
2072358312.511498
2264264191.6871147
2362200381.5547857
2482221509.0440116
2653903332.6820498
2528464933.7600856
2346831259.9031854
2349015570.6500716
1759033871.1203885
2110247235.4938664
2240202706.011234
2078037467.5518556
1917279580.7827342
2248943259.436513
2061488163.9522307
2004284906.5204275
2317105006.0618553
2382709372.889317
2362117179.2292414
2406601069.964563
2252997473.3083463
2406585606.966247
2476036617.936061
2442380040.668238
2622974303.6433597
2689982716.863766
2448672257.4040236
2545854474.2280974
2810036835.181259
2672704820.192879
2363765642.843897
2559707960.053342
2490931917.6824303
2812858584.9314456
2788706711.4766026
2341941491.805538
2151013609.9474974
2915081415.8771186
2815909808.023659
2421110989.745925
2142675327.1495993
2070603015.3503728
2421340683.3426614
2260096829.291191
2297432225.44192
2382046066.9079638
2551201277.696063
2525927501.4245014
2623758462.525044
2652373238.776389
2084327519.5555184
2795754218.676185
2660575387.842675
2467007798.921429
2834455014.311688
2854907683.9334917
2619981477.3773947
2554587144.1515703
2615019690.445848
2670732407.6545863
2724936119.314503
2496074919.105951
2631857628.0746875
2830902279.8074007
2815471347.4629087
2318301855.814178
2934103765.583151
2676010401.720079
2785266791.1245027
2698468198.5842395
2499706408.835326
2603162134.874284
2608260295.200725
2697440234.519579
2184293035.637207
2255465300.995928
2501065451.986102
2329812777.99277
2451256570.643184
2692539239.230628
2593951002.0624924
2768716558.532422
2262351560.4125504
2865144266.459275
2368919901.5707483
2814606918.6176605
2776183150.2272954
2652859636.0309796
2545678130.342786
2542445297.536859
2606526349.6484613
2798639780.4559298
2362135590.802453
2472337953.298196
2573501279.383782
2579900230.0264225
2870276237.50122
2752296808.0192747
2968748478.0238214
2547126811.4902515
2662024580.3165054
2583217105.146415
2941771210.7166176
2675932054.764841
2685294392.58081
2572603308.6747723
2687387531.540302
2875798951.550056
2071858922.4316955
2470865565.342452
2656325714.761724
2642673692.589346
2910438969.248857
2507163640.3813143
2452050671.2520957
2802349297.6154656
2777377776.473419
2793374042.9012713
2541866142.0001607
2766417390.6042976
2661567817.6331015
2871816809.8646836
2585695551.505117
2615227489.9573913
2526616071.58642
2995682145.525896
2884344993.8906384
3030505920.8777122
2885032921.363491
2611582560.7396097
2850146315.3193917
2826069520.5821424
2812414815.8131638
2994568334.9674525
2673252458.428806
2927152593.9775834
2790283673.4695807
2837470665.0574784
2919988526.2460566
2964827906.05957
2810470312.906149
2923158129.752912
2865060664.072219
2825007586.7937336
2800764210.985588
2812621053.8592997
2964510485.718013
2900749138.9634933
2949051327.7617974
2798672546.534433
2844175696.963304
2985557153.8902907
3079376833.448862
2824188433.290801
2617947206.1485577
2752046828.570482
2978632426.2520947
2740053679.628711
2857636421.704552
2860987316.950885
2997823973.2386804
2822459354.238085
2781928021.0107408
2860140937.26867
2914323686.116874
2892601010.0143385
3003785954.596236
2971721610.0097733
2807464899.9767575
2858466365.9957314
2798698662.168092
2856366075.463057
2703162847.8140445
2854245930.672405
2810094020.884518
2790783729.7139106
3015298665.693393
2916085782.406313
2909948338.6077013
2767233243.028996
2884666431.823013
2988935904.484938
2841105314.131898
2657523362.419345
2874094486.7844133
2992520046.5897784
2905090154.7510414
2764565652.776347
2991600171.3897777
2636375038.510435
2875565367.2009034
2837474309.212104
2938812327.260468
2844695250.7850266
2683390885.9356093
2879548305.2449336
2729912014.064155
2639091084.5569196
2898881740.3479967
3117715278.7786694
2799236858.219165
2915223091.949092
2721745108.7953143
2825746667.943765
2781222200.8351917
2980172418.687697
2894705179.9823103
2870901588.960533
2845669214.599802
2913214329.0631623
2832452614.361095
2763289987.871615
3011126787.88158
2875549789.3661704
2870225037.584284
2924147153.382078
2969841902.9376774
2998521604.008933
2953416797.397321
2725258101.0195475
2890521442.333558
2835210087.4105654
2996082086.9170113
2885511508.4882164
2900092218.165482
2977980857.7984447
2794377725.80976
2871074887.054449
2918155281.0022993
3005589394.0626183
2859633868.4845624
2902838533.2719474
2745499567.11959
2919917521.4569592
2835349606.884096
2748175842.6098814
2781781322.7885966
2957663265.3958955
2848053672.1711116
2902233908.0349984
2789329152.8746386
2742617759.1695795
2935421674.997305
2867004589.851485
2884305463.1370153
2890924144.0493383
2845554701.97655
2957378773.965485
3080597160.8749337
2957174661.505188
3066409988.3795295
2785779127.341242
2935424809.8874063
2774531509.1116824
2742637003.065354
2899828870.3237057
2861875176.7526913
2861306462.1276183
2884983732.3306384
2714833374.7249584
2824069984.2111344
3031174440.6250587
2833823040.776176
2971092333.6634307
3032286546.734334
2873247880.1913652
2859960604.377005
3003416170.6708755
2869947209.5944552
2976949284.0649757
2833975556.329655
2833771805.8618274
2950227390.9331765
3014589906.072213
2866872604.245823
2858991021.4968643
2813507336.7198734
2946056257.014122
2995789786.33716
2854695849.520459
2904423138.6883793
2992989220.161497
2916816574.6616917
2750006412.8326883
2867743112.661144
2862050040.7905645
2989943980.246782
2818954199.5646486
2809012899.65446
2744100356.8237767
2805173318.261089
2743410338.4392967
2851289303.423557
2828799688.101166
2890964343.4051247
3007563690.94639
3072721042.3363895
2931878447.281365
2962127275.6861987
2965929163.4492474
2851820115.859255
2742192493.339251
3033298220.5633187
2884239862.8930144
2938178622.7608347
2896649721.9716043
2808771473.7573185
2916093157.7921114
2849695329.012088
2867033425.1574163
3025889792.794661
2839222658.6254873
2975797348.7006097
2959484143.285212
2864134270.924007
2943713903.633428
2802806358.6833854
3027924676.1573462
2813608934.17912
3078383078.3038263
2860746500.606564
3036552882.448406
2979755452.6209617
2874996185.530762
2926401346.8201365
2719074780.4763956
2941751476.742499
2847483800.787356
2878556254.6471972
3035475836.2841935
3105719392.28022
2827406327.375702
2878884362.829383
2923967780.8602214
2992161940.166316
3055921312.2719345
2909692089.3613
2823194319.284433
3039302844.817609
2797880602.6173897
2849972698.069127
2805005356.320998
2956265496.852416
2917001575.873412
3028736862.472753
3076868077.1351886
2885597165.218384
2941641850.4686074
2902179158.6186523
2990609827.793375
2910461690.705598
2846905153.327019
2745170420.6570888
2697164879.871225
2788765946.2742395
3030179114.646182
2942759356.822689
3053567433.979088
3038144593.7024026
2888051274.680845
2976298411.469072
2989193286.3319836
2929554861.3715134
2899004136.2638063
2880183575.669942
2942177412.9178815
2883130596.2333074
2851348461.9097567
2788995654.921813
2736830165.209347
2886147446.5498133
2748361876.7348585
3062487446.6896563
3051539405.2781806
3000602184.8192577
2809542249.1660943
2975984801.814403
2953243722.4438252
2783776628.655085
2908663059.7316527
2851643019.5763516
2867015600.5685844
2959170697.152769
2813956940.3131723
2855168773.7172623
2893439188.5684657
2899827984.9796143
2924216260.3886194
2947822716.3811655
3045775322.174982
3092229806.650059
2884918701.3127856
2768618144.0950274
2814743350.3318367
2837292907.999796
2902232244.021421
2911182395.834067
2866954346.3729973
2870277746.734707
2887014654.780972
2876827641.738623
2970477899.9771924
2911154451.7727747
2789618645.973528
2878193463.1529813
3040623089.697714
3015243526.5139446
2872795265.168333
2922490011.3033957
2826586126.107235
2915165937.4774647
2849598232.5077553
2978849594.7972436
2843024974.838854
3052046114.9122424
2910163441.071116
2920015232.903451
2984776340.974978
2811544704.6901836
2915668588.6869106
2806936212.4629602
2816955214.798319
3028644559.4429502
2945407310.027913
2990085327.2313733
2939336936.124494
2953472886.580177
2804869800.270874
2996907000.8880396
3007085317.3952613
3037127606.8558445
2986525902.6403637
2799526419.0781345
2994037729.233848
2885013330.496678
3054896498.2236133
3007985402.9483237
2956892369.512777
2771528854.881609
2848307492.842848
2725092968.3235464
2803661908.0254393
2942738857.414999
2794216495.9065742
2850421349.4526186
2846787550.1824374
2960903694.2687917
2951853710.044094
2863626098.773952
2923056743.3742146
3113647529.022544
3033617307.366543
2887851535.692873
2846662969.0513773
2969970534.8229403
2947628338.848964
2896613752.9034195
2771523104.147384
2840817545.9896636
2527299612.7582746
2795704517.0911427
2928008807.684983
2851462859.705639
2978236959.160103
3064553867.8766203
2981641131.387632
2754758649.0678926
2968864524.7454267
2909257669.297268
3000385868.267347
2973127893.731449
2842173522.630324
2952525820.236481
2989879793.4997926
2854100649.948894
3007171562.477994
2982851166.973161
2874783819.558132
2838695604.8060236
2788482570.8997717
2865415547.9114876
3061882648.598769
2819769619.1891456
2841839786.191605
2906782268.5751204
2942743777.434283
2845461600.883882
2765435565.780342
2832506432.444084
2709904904.9166627
2970992358.656766
2845576017.0535
2818231906.06654
2855060072.390196
2910169373.137144
2813135155.18366
2988876298.366604
2944587185.4456286
2952864606.4524055
2875520278.513107
2974994499.673012
2884651801.7505016
2891978918.0988884
2980267932.0674486
2926692231.142724
2745485394.9922237
2828269129.1307497
3087816874.753726
2862197357.9008174
2773058719.001395
2830639196.7706976
2802175029.627047
2952931139.813453
2903119674.797001
2768152985.1170545
2888064358.5593915
2880099637.6378946
2993290701.2673006
2905333691.519054
2842079559.4225183
2789218318.0946865
2974929466.2353578
2849967022.0781107
2875030938.949683
2954966002.2909093
2723262247.018529
2853612050.2354374
2814716220.978308
3000259892.0067916
2812239812.684573
2873239263.166803
2888233226.389229
2902229913.135553
2817366985.4434195
2838846858.301428
2905708861.171063
2999224504.695493
2873675834.0239105
2920597822.1610193
2955242199.006423
2855459740.2822514
2817986582.14492
2891641531.984026
2598992356.356319
2732235521.043967
2849925006.6582546
2995576232.4774804
2751447190.8258314
2871652493.899859
2795793628.058691
2942595678.8566494
2843622381.905206
3013881775.25486
2927058034.3548317
2969391089.4012465
2890459661.0590153
2847707388.303375
3025838312.1080375
2975204968.53694
2919735824.0706816
2968474525.3147755
2805354615.127939
2850527824.51492
2879553039.0056148
3012790929.188968
2869736329.757448
2919654384.2533507
2960208574.736524
2899331327.550591
2902673450.3329453
3007406088.924354
2855227590.2640567
2753338935.7614436
2961899107.3971395
2901869582.7401013
2942892393.8660955
2910437147.1415
2728928297.566415
2830679522.7366266
2875592459.173473
2876365685.9508505
2748958495.099197
2936381431.939678
2884333245.2763395
2773575154.6204734
2962494500.5780344
2872515322.93091
2930465389.413726
2873995386.020786
2811821220.0815372
2777572626.4704266
2900655390.174345
3105861573.740762
2935158580.3176475
2835738295.772588
2866548820.9629636
2772354354.022515
2982487243.0770564
2928959848.256079
2967205542.4111423
2844250025.567364
2935570077.1545753
2993377055.4417043
3012726536.9648714
2779180451.3982196
3045875224.007257
2885914256.1421833
2786981445.7903247
2923510715.0579185
2872172698.154162
2937335068.061019
3025319680.595211
2903340169.85941
2982590114.6034627
2888486685.5290523
2702634154.918097
2881634258.8531237
3081355914.3479385
2759378001.037315
2809049388.2339892
2786038442.9757595
2915693004.0319223
2926970600.541311
2783356650.294642
3013592956.6196766
2887670189.516171
2785816232.0754223
2855823600.6900415
2955661009.495919
3069727405.211584
3011174257.787653
2874206468.3258276
2867751703.585612
2677491224.674536
3001408698.0982175
2907819489.1554036
2785693729.290809
2957048634.4773793
2760212068.6497474
2868594003.924715
2957502728.577681
2791097923.344522
2692529812.195644
2830775803.738055
2962782126.2755027
2891623783.501912
2908455223.930691
2847232806.7654686
2977856121.0479646
2847768688.7539983
2973370508.0621295
2914388261.621255
2890384598.555586
2835715009.493671
2960273144.162572
2916238460.101713
2885825083.558549
2843072062.058717
2845476798.527296
2854112864.085119
2862643491.506089
2741507389.901911
2897453877.2661657
2785456777.3092856
2945122798.121006
2667850077.8423934
2940794855.2856436
2950242078.2100616
2963677068.460735
2891799296.4148574
2969910655.044545
2983867132.6488466
2912089577.9312053
2780439597.6253877
2760646606.969554
2907115736.665167
2776983899.2183166
3109305932.226913
2966328954.2608747
2804121994.012721
2963862437.6183853
2787464892.2977595
2946195809.555931
2927971523.294541
2888105636.5777545
2688154565.93468
2929400219.2873955
2761081494.1443276
2995297845.5753393
2958608561.2537785
2880909636.9686317
2810183511.907331
2957229534.3955393
2965420907.490843
2970861378.185564
2845621860.641813
2877859441.8647237
2944009544.555873
2932604915.949352
2905982440.4537163
2904585999.0372233
2762649256.9462132
3017320949.6580467
2970044284.326744
2816777656.8446035
2958256690.702035
2818750826.6052437
2925676373.9140453
2952762357.337801
2866748335.8514585
3070179967.0261116
3065808324.8125596
2879348721.390748
2920662601.86186
2813130906.2752748
2878346020.2180843
2807845139.110937
2947000444.699345
2842610287.5685234
2970139922.568333
2802510163.2554765
2877506571.123952
2962137449.112157
2806658123.13488
2832241448.1600456
2917551239.88799
2736817419.6312027
2797688542.9183216
2806473413.1923203
2887750779.5965495
2862901004.0927615
2959078426.483745
2934074107.4297676
2781737022.633816
2815462347.861433
2845784098.7956014
2815832345.322286
3028259843.4037185
2961331891.941758
2814691955.7768326
2875137120.606013
2869883334.93576
2773780600.8367157
2882394879.7705503
2828100706.6060786
2846153262.9759493
2891269520.0625105
3063639504.18822
2771973194.2103686
2892173227.615318
2909501776.100946
2873009452.102946
2918582343.581756
2940550937.2460775
2919694806.5376043
2778144868.899951
2804512639.0404563
2963833602.7012024
2889554292.6365433
2896395845.0143466
2827830842.3927107
2950448168.541095
2869158156.313705
3091696285.0401306
2906037982.2921166
2754691274.085893
2906777511.7952547
2851756206.510014
2966148107.5605893
2739858396.6206746
2851457788.592559
2811031593.97795
2844254721.157962
2921463870.574787
2866760047.7229743
2911744991.149214
2714429575.408714
2884852099.8726897
2772476036.0627594
2867593526.686224
2969440089.565965
2941669326.264336
2837832288.8614326
2960885068.568794
2910910577.905354
2793853723.6744194
2914296462.98647
2953393889.5808773
2916821836.83394
2784040201.2125635
2814579448.8324776
2818354154.9209156
2833123567.2164726
2922190729.4164076
2722087149.8105187
2889814363.0451927
2882912144.350483
2867502386.065292
3032289161.5522957
2862603511.4651155
2905233877.685599
2880522291.9694805
2915213488.4243207
2912936788.0024905
2913938313.260849
2888906945.56989
2724777915.3080745
2843837853.0493646
2803399666.0288815
2842293970.1290336
2918977079.6628575
2917673574.483015
2851157258.2862315
2817788869.4321704
2924508614.787756
2870875108.182174
2776713529.559102
2846336659.50592
2973078698.8337154
2867400415.916586
2759899112.56847
2722103900.0771217
2826938524.2082562
2857963446.4469395
2822623049.1202297
2891491533.4287786
2862254911.9251447
2776620471.9555197
2686488587.8059936
2848759797.508056
2841354705.7891116
2577648149.650384
2856436782.754727
2919217126.836292
2881619912.299883
2790659400.5228353
2811972456.86454
2965236380.9318275
2835689318.2773066
2812062702.6880703
2847795943.50417
2989817815.7922015
2878622191.6615877
2947093448.457121
2832684132.827265
3002001582.190096
2917019766.8570666
2915667926.6547117
3020116730.368581
2706676472.5966887
2939704280.056087
2673460538.942869
2989053935.4242177
2993065819.253906
2972257366.5808797
2945154323.965591
2926023707.6962547
2858749795.0660367
2871145831.036095
2930405145.8715086
2917215626.4569254
3060343241.6965947
2822445112.497855
2869774600.401631
3052420069.5985804
2856857050.537396
2932342957.9126196
3022998809.162019
2833312632.317978
2829758403.426805
2789581314.173856
2891857985.7658634
2919276461.88154
2772774191.6760235
2832382501.1307936
2852044405.2338467
2895676226.1792293
2763311317.3503723
2985530560.1540823
2825404552.9301763
2882453550.5397444
2827166724.490194
2987977704.391401
2913191171.088404
2918818819.4984684
2579735648.901162
2713103790.3132377
2732923466.2751555
2949224321.7551794
2959716028.004773
2512768500.3267198
2937383538.423817
2748976374.6901546
2703360801.759041
2804995121.482449
2806657946.0063753
2798452597.2450256
2867183741.546473
3014112125.778978
2765100481.0902176
2834983376.0347342
2875255925.4020896
3035350442.3692393
2928873048.56411
2834620295.3970833
2747457825.6542087
2812899239.938817
2859952630.8965163
2851911905.7764473
2801001763.4343667
2928153982.9503794
2853924593.651083
2841864701.9915643
2795801059.8156466
2744746811.9222403
2906257915.8235316
2821630922.290481
2950079480.545014
2842809587.0409036
2801150467.585983
2803691606.4571896
2900324282.118836
2716733836.0643787
2811643564.905895
2905527458.0163946
2741522230.249597
2944122110.433745
2968264226.918036
2799057909.7575426
2737406308.7952504
3008564669.3844743
2916809528.0899544
2942081505.297595
2904776165.743587
2892050314.2837925
2921256928.953264
2620800956.9691343
2874796859.59453
2799763808.612067
2818072831.4547143
2877997451.233196
3016293853.0180974
2667155477.964485
3014100848.0873036
2795334074.0605364
2812341999.392193
2743769478.0232267
2666451236.529614
3004051832.924109
2915252500.4966555
2736560071.614718
2938745275.7053657
2887725394.666751
2840943820.5854745
2892221590.3118253
2906555294.8234515
3015216279.3406906
2904586563.2085595
2854040304.578675
2815923460.8209763
2642245054.1794305
2883802392.764634
3022030749.4672847
2925518092.7893696
2990518513.243175
2957853257.780146
3006302955.2765055
2540635527.616888
3026645910.4566374
3008312694.4604845
2498041090.900739
2867283193.843888
2705646669.071287
3003606348.757639
2877313150.9334745
2885546479.724553
2729070277.054995
2769457712.1084185
2777049836.744451
2933930915.020212
2974870570.0961566
2819842606.0815854
2933247100.0865693
2796226680.994308
2910648481.941049
2924446088.016248
3045566338.0267973
2638504614.599412
2879870574.666827
2890619811.402192
2975169529.630722
3002626427.173717
2875012051.0475564
2821267870.797048
2700684466.5049176
2895086767.0081
2867519477.590891
2932446800.6407633
2913183570.983337
2811692180.6100984
3019082795.7577367
2875389635.0289025
2979399610.5826573
2837452609.6418285
2868852942.520802
2926149166.8859625
2947571617.5064864
2975675848.553634
2791907032.497644
2780105707.78019
2957414587.1102757
2850371777.705225
2909896307.5062304
3004556907.6217327
3039252771.0862093
2951832590.1017113
2797558961.717025
2899232369.6973763
3058195417.051219
3006510991.292311
2857011119.475917
2782956863.0424094
2846266102.5401945
2945304610.3327947
3009809719.44752
2848478798.4382434
2815028750.36421
2690342864.887628
2975172440.4089503
3013846724.577247
3046476662.0082736
2901002403.5864334
2955035601.8844247
2929339554.648208
2927729007.8029885
2815336716.445766
3000138491.2807827
2810715830.467682
2894641799.2121086
2962046783.5095124
2696552823.773914
3002063077.3392115
2883123401.0666447
2957031717.08216
2767855624.32495
2966133017.6259985
2770085072.731464
2762416397.314193
2993094946.854045
3014987743.5025053
2829153763.3943353
2877870219.1840887
2846269579.1970687
2984010351.601336
2853722438.208906
3049492536.3474536
2971649553.701622
2824392525.9037066
2747270066.723837
2855432347.825412
2883248936.7578483
2996693573.7904196
2963623286.7970905
3091136725.422756
2630362415.5201125
2982339939.7746725
2722029786.845893
2925280313.969565
2950451585.4329414
2843174681.4943657
3007607786.5931253
2810627195.128174
2751660436.3600655
2984112682.822451
2931951190.5239806
2857864782.2155704
2695871361.227278
2780880012.692481
2853495113.03073
2905312380.4417267
2668518720.6983447
2847320963.1264
2946400043.254632
2959046356.238633
2879893456.2339664
2785824378.2946253
2785411863.871087
2980866826.127128
2949421617.0747857
2937328245.699289
2900248679.155913
2919909754.131992
2933047473.776584
3118430527.560884
2737996275.462469
2965697095.0000305
2970141100.5234976
2951570256.3039446
2839882917.2264385
2987433503.7362313
2899219465.6939583
2894168945.5588255
2752502593.6007633
2849800761.0333586
3031407697.230842
2879315916.272255
2813627969.3544035
2876677972.140443
3023718199.9500675
2922382336.548439
2817539677.516624
2868275805.2492366
2677646757.66527
2964574625.9920692
2921282321.695241
3032072177.91736
2777409784.23385
3068602943.7086773
2822941110.3060727
2847787415.2561893
2708960468.8157415
2924721336.2611194
2937779705.8614473
2740106028.667598
2745939483.5789604
2861639255.2396965
2767821856.272147
2665503452.0511284
2553356407.842699
2831867721.2583604
2747298945.932259
2823299160.0873656
2747650065.7560773
2953875834.312552
2830446396.1828175
2909323747.53656
2769233236.3263555
2941867299.78812
2770965671.7006383
2901143616.710611
2854175007.32475
3015339847.5136495
3013548447.0367184
2734984168.951783
2799457739.101974
2845881844.0176406
2828369407.9148235
2875190731.8410273
2779814677.3315983
2894071595.45523
2909764433.8492246
2830093848.09318
2806594661.1229024
2577955207.401677
2738767069.540436
2971435138.5684714
2925313312.9363384
2750519318.3362455
2894939565.8143487
2962116455.4047866
2889094083.4323444
2792939422.3481145
2917988014.5486817
2943624225.002389
2946819537.3666997
2840151513.300677
3021415153.759925
2948641291.760525
2899103523.2258573
2585693760.200751
2403742208.4699407
2758200911.0725703
2938064319.667112
2762801060.489287
2916342023.149432
3018587783.4698563
2757968311.06506
2823519390.993648
2889980248.3480515
2872641874.7350545
2885285900.513723
2777297631.902195
2913819889.82676
2854495336.2722707
2901052660.0876093
2536379071.956519
2719914066.9428525
2909276742.614362
2565824298.471085
2770335284.217291
2797606684.1494117
2740901965.0430818
2587579805.664124
2922628738.399912
2609032921.6223426
2761327864.8646884
2789142602.5463243
2699407922.1456923
2824767154.3018436
2862315025.976589
2575113572.56218
2934195127.3436704
2585638077.679709
2815854598.0229907
2966240591.4103975
2857613521.61369
2640631367.45593
2884827219.552491
2759088546.990703
2989300038.199923
2516504212.6731973
2714027938.2475767
2449309321.5923743
2835711701.5561905
2676391265.2812104
2947156825.4039216
3043112669.442777
2494710560.181077
2632580087.6489344
2900146029.4294925
2742505240.787854
2643197002.2749214
2742702913.9215984
2883037666.8876047
2168220984.625298
2547459765.5673966
2801440319.143046
2322717872.55953
1731815010.665622
2276597451.028807
1975695866.1789484
2358373070.0729556
2290970904.965245
1977346666.0481918
2380144651.825818
2551220335.3159456
1951080304.9499693
2239057028.6105
2150131833.590305
2516404995.2673664
2524831424.003626
2249920182.0776186
2582864588.6269674
2332223922.3467507
2108259608.0293362
2291264439.5779305
2521553801.8873005
2317792761.232848
2275627928.215607
1692629604.6889327
2441682677.3340173
2529817609.9526076
2467817588.82496
2215207973.332913
2219485934.8780212
2498875902.1168737
2320479286.937438
2185214074.3959813
2696312521.18856
2434582756.3937097
2503678662.719084
2933377571.040797
2598359393.090384
2161802781.9017615
2159628148.3749814
2149845553.06245
2468563205.88629
2189764148.5985413
2574454811.644285
2310211566.9927826
2572064524.513167
2103937353.8183584
2547923830.7292347
2609299927.0217075
2188778953.4978805
2488955378.227023
2512535664.8132305
1902139623.3828354
2386973300.4007435
2125617566.5646117
2063148325.8557758
2072735369.4999468
1693117053.1980999
1657660376.53832
2108011794.046999
2066234754.094654
2090310571.7791955
1957665403.9837728
1897502028.6728969
2170380510.502499
2243443665.24691
2014669679.00288
2203386730.9755015
2305108057.195599
2352621222.2500453
1982661155.4454515
2076399304.8221557
2336337886.940495
2017939927.0950408
2211571897.9255443
2565422012.138175
2056514449.353635
2070306244.4619129
2377903562.836052
1519602767.844427
2070653391.9493272
2164725543.0182667
2108665608.2216926
2197617508.490344
1477023544.7458625
2075483475.5538704
1733964703.425945
1809750109.1276374
1905188179.7488992
2317742265.845882
2257343856.803804
2243872128.0874763
1962861940.4149315
2118281874.774029
1652063580.9212523
2158299067.201147
2149422318.5887337
2195700563.3510976
2094947298.7295806
2224478528.852372
1850242485.4034045
2152248286.739434
1807032006.2519152
1743812243.257733
1929781146.237676
2057948051.5996196
2111454419.4573672
1936992115.979522
1830555821.152468
2433226297.54967
2282189171.2688007
2128403794.0581088
2211467540.336625
2198301335.2777314
2131195030.4657836
2365719120.6128097
2007688710.120604
2082124858.4190826
1974838827.678564
2554576549.3475003
2569512322.417197
2072292552.0319576
2393225592.065266
2468521324.034019
2184927755.0247154
2258047210.6911364
2311829539.584364
2046461043.2314262
2024305395.971297
2230316093.09264
2143685639.609101
2179212702.274184
1901667272.8534362
2059225010.449439
2096445473.666689
1939503893.2076766
2240977795.120735
2186225571.378784
1887714239.3239594
2413541154.058409
1857001485.5104296
1899616899.8397815
2154572471.8059764
2150952933.262434
2432386693.1273494
2078617655.568772
2357292998.1576767
1809706832.7825482
1992288174.0975292
2106789977.8953476
2323349765.3299594
2362844100.279367
2305972609.6929684
2122589232.5931857
2440687210.684255
2330311239.3612227
2251885106.87354
2357115207.736315
2575562200.4199243
2266163380.437543
1985819053.263716
2275404124.438006
2372376727.659319
2198315858.120084
2373854560.0863404
2290325354.866323
2436630881.824038
2499167193.83498
1867538932.0314946
2342085181.339529
2269141240.7925653
2221044986.482963
2283487301.676256
2445578610.6441655
2640305491.9207845
2082354999.1465364
2188728403.033136
2551733600.8972263
2151312858.404141
2454200388.3878036
2196955265.2593994
2236490303.703056
2156718624.7955875
2470521473.020795
2129670556.4886887
2453205863.974577
2285407713.636875
2129203208.7070684
1793285068.4844592
2227321569.63763
2115056131.2795405
2248363222.390515
1974210754.903479
2023696501.3196585
1498572677.7258515
2093228135.4628377
2297239771.2739825
1566739175.6904204
1891883817.9041843
2075807126.8517349
2089607319.8718574
1783184536.7931392
1425061610.8935275
1580660441.409431
1548966450.5115952
1286245073.129102
1215319920.8497713
1171806908.4914591
1327685574.5786624
1128957780.9182122
1285863203.4724457
1085047272.5097244
1071561379.7968018
1028334682.7049358
1279499313.1603532
1132223194.5925853
927211083.2493308
243786661.9606273
1408815791.7562077
1039699324.1249704
1271587908.4240816
1108123633.9204938
1231671557.0783079
896343116.6854098
1229155323.1601079
1029709528.1371192
1214731740.731811
1249587965.8834438
1115904723.2856345
1417685208.5205846
1663017629.540085
1399965329.2334332
1450620223.1689475
1434384957.5899956
1436392773.154245
1537433766.0600462
1842672239.3479369
1272778330.65287
1439369164.9136386
1222287166.3628302
1449015691.072692
887138129.6560949
1010005803.154717
792515320.5328006
325485609.5539353
1251367424.9113886
1264223621.0069187
1272852135.7163284
1373751094.868908
1305960689.2550263
1558502815.0770097
983056429.0340607
1160123966.122374
1026998748.5316472
1099908489.7212088
1128876874.618555
1062709700.8224508
1019438466.2717639
1057139614.0101993
988337370.44569
255894093.49760616
1237412369.8066556
1100613723.808881
1027672022.0771034
1342526882.4525158
1178723103.2200289
1223255427.7008665
1253855126.1263924
1463897106.3774018
1063468532.7797608
1421311798.7444406
1201856435.359199
1314968334.3402925
1033253940.2884527
1375260475.7678082
1318375736.3106024
1073221035.4173524
901924628.645813
912127567.5186064
278195018.7881097
1265556767.4595768
1321431630.9357414
1193567498.8588364
1391753344.2599883
1157140878.1709077
1186778944.7201583
1500634396.7061262
1567503233.3205855
1731366249.8581738
1690013442.9348917
1625783308.7390158
1362336280.0504105
1548320365.2763295
1332076434.0608191
1243298921.454382
1511809770.7140696
1371067785.5197568
1453201364.6968372
1557049225.1059933
1293238199.0497274
1614130421.1380234
1616271297.872132
1443284606.3245897
1773215969.9040108
1304129764.1792243
1756324051.505376
1482977726.2137127
1515135682.0599678
1539768145.7003798
1364646203.179792
1176389675.1114295
1401500983.126302
1318431448.0038311
1311257361.6743796
1569974520.2155683
1516309604.0743742
1381201477.0167966
1351183085.7118807
1123085677.9094605
1089143282.2087479
1232323617.8264506
1378278135.4216993
1313906417.274496
1280131317.9292712
1260911432.3824615
1520626067.9831457
1431631084.3288488
1093180990.206938
958726268.4491171
1048095103.9978052
908990516.9867351
1007533958.32665
1240222886.1082535
1064683781.3872095
1463212735.6973135
1186268894.13135
1253813825.819901
1401099066.4055307
1356509887.5856872
987681393.9780438
943223909.299136
914499503.3765328
855792425.7683656
257242003.44276655
969620481.0569108
260867879.18712607
826684341.0877146
306983594.75848347
1129508779.8489172
1202077455.2889602
1251748564.8122938
1451676973.1573515
1336880653.1537838
1440954765.0551097
1277432304.5185876
1760389689.8272963
1559904226.5568159
1680734209.8416204
1932942462.5304863
1746055748.712496
1860922299.0005677
1981543889.3468034
2157763733.797463
2226309336.9971356
1993548903.402974
1810518554.0779028
1885716029.734827
2257414144.366836
1505137488.4336853
1945216148.1815326
2030855927.5445988
1976796509.3129148
2324292220.128374
2216036264.414996
1736727146.5303047
2063963465.2839332
2143269218.70758
1935639187.0156808
2145489725.1947696
1851251652.9103022
1831639165.4539628
2170573490.9338765
2100412001.8924675
2326320890.3968425
2319045629.9558563
1999469887.6562288
2560428694.3390827
2389719465.6307144
2334617794.919922
2381739521.879966
2525408269.610019
2699971031.6794844
2636555017.027431
2695405067.827519
2768156494.91328
2954139282.757039
2527912601.3973155
2394904128.9145103
2619299596.507431
2806293771.0869384
2801762348.1576495
2810135383.645192
2524058641.780277
2828825726.8379083
2846015499.525459
2863725196.6437416
2991674632.950302
2624472454.5740333
2886074005.677382
2824722178.9430327
2864223323.801044
2789310062.180026
2973051849.7935066
2697600415.36589
2954425291.0369687
2708531089.755852
2964762575.2481256
2900096778.018469
2766164788.9118485
2690526033.9627743
2705926405.5538692
2942053900.3406143
2920990946.9992013
3016568599.5970163
3016713336.1927457
2903286944.0520463
3043256536.5725927
2954421108.160701
2493574438.062592
2665775850.143727
2954863810.80248
2628780202.006718
2650851483.489665
2807365699.8098354
2816386090.476064
2862736738.192824
2875231285.9191136
2920865662.708114
2454609965.570662
2328984748.716384
2693923483.696788
2862640982.1762466
2742267934.6861176
2732181479.6694117
2925893221.2600045
2910167185.940439
2784851759.8467164
2617460260.2519693
2938539260.2820344
2832850866.112886
2898160310.8910213
2473238534.6293073
2995466143.546265
2441287955.728146
2942179191.1616964
2585204277.985798
2848145642.5683875
2794396764.2520924
2782980699.3657594
2789820001.566418
2996985149.4941897
2841762053.6917176
2766714960.926265
2762908303.977213
2846883505.758975
2867945946.7729983
2697116910.175066
2924300404.2994175
3054839028.4853573
2934446674.485754
2870575969.0844417
2990792424.0987744
2725241996.015582
2896018301.6921506
2859432891.0496864
2853809951.0635757
2979158933.5334888
2696525713.477417
3013134797.6436253
2665611543.041009
2941574137.2746196
2820666914.658273
2777810764.100642
2883669188.5760818
2946526080.497372
2929169586.4953485
2761604780.6100845
3034967219.6780305
2886155845.473713
2842620598.883012
2733178642.0334525
2931328881.573135
2779481103.9434743
2988821878.647907
2890605927.1640716
3135022666.9713507
2951046454.007424
2956922674.2970963
2713280520.4228053
2708133345.9631014
2858991638.4443774
2697299698.976242
2671093850.8236175
2804364600.386557
2784661855.9655404
2947497897.2551694
2861331030.625752
2902303987.9802833
2858559701.701891
2858077289.705998
2944510876.1071835
2980334762.816263
2765191056.6210346
2778533297.834016
2886276588.6876082
2710746467.927535
2903976089.669704
2915847787.1387677
3045993435.360597
2800308389.8391957
2871017387.983525
2918796376.844694
2844349384.764231
2986363505.150255
3015084435.741971
2929090055.582856
2840684671.2229953
2903152337.3282266
3010075502.2696056
2746685328.6038322
2683320502.890901
2988453537.3167014
2854347799.062263
2822862673.2658005
2938339987.529443
2910628545.5702868
2939154242.9163847
2812207944.6364136
2903884659.8319225
2905335494.764222
2937318743.697941
2362017081.5556617
2843335323.7902627
2967781514.051531
2830493349.490903
2930956134.3171606
2998308672.7445345
2924203349.18692
2963172618.6667075
2828834000.4480815
2831881318.7555847
2841688230.8739004
3021844709.4871697
2933992552.417121
2848944049.269094
2930812604.5040994
2717288976.3257174
2980650025.409335
2954776273.628604
2832428845.973872
2968447886.362346
2739582750.4278827
2941881513.144857
2743583699.936456
2596476392.7277455
2916477477.216076
2961232335.1448617
2680035232.391772
2912197699.438786
2764304569.61426
2856832861.6335754
2941960038.4733834
2936212646.050159
2644247144.443229
2642189327.914587
2834185512.5657988
2923375626.7250934
2662349443.9351044
2872696761.625842
2961071621.602271
2726927500.124431
2863580914.1928134
2910983884.449595
3013275022.786849
2989499608.957083
2838302785.736698
2801901400.868408
2710795025.682502
2722837981.3262615
2858095530.8262515
2971850783.0092025
2925900611.957219
2803078116.996814
2630294398.7507515
2957787768.9188337
2981052501.5520444
2787596050.3165665
2852026683.3541894
2886166734.009659
2725346742.372431
2863779952.014856
2702674408.6446013
2522283427.266842
2954879114.6730957
2842881216.1060357
2745630061.308054
2846315463.3906546
2741654068.4408884
2840055727.5186477
2815430517.418262
2817569562.250103
2967352039.6093493
3032267685.2024965
3009520609.596784
2841478548.9357867
2894300495.5198603
2851861215.534567
2671668646.6729727
2774072532.874477
2560814829.512827
2760334933.427096
2615493895.719662
2834845580.427053
2856236772.3596015
2881069529.7354584
2771434628.018955
2734292674.235774
2767169539.5372796
3030147192.3488226
2831403648.7731757
2879074349.455459
2818124304.092888
2836255961.5269547
2602268762.2242947
2861424797.364645
2938948039.090254
2906473453.3798156
2840386948.348989
2949741819.905183
2827267465.069797
2962819016.9202085
2941045272.4458375
2692105210.583156
2776125395.290291
2881641762.30534
2498706737.1079583
2632133394.870539
2778547590.6022515
2935378197.010254
2929167927.60118
2850426767.268228
2982831327.236147
2784240173.4609575
2918149135.0217667
2761363363.6762376
2552440601.5863404
2794212393.9855523
2784218981.535913
2405961076.1663413
2873585299.2866607
2159097003.904432
2747959032.253775
2778392162.99825
2899766896.1981735
2922321159.703093
2941397690.6962557
2732939703.1292205
2582359508.9546776
2584187906.7973704
2869512136.9250875
2729750335.7655745
2784987854.30323
2947112576.560781
2815138471.338774
2743715090.630083
2988580308.229018
2761525845.1798477
2826311084.8533597
2837525403.6360145
2645551336.8882403
2775865799.5257983
2690860572.642162
2619862665.7570596
2865099961.4622602
2937538265.9460907
2777512841.4557614
3016549396.9817657
2915295472.899983
2940826741.3726554
2884591399.1779017
2727040471.116754
2786427106.887341
2922829518.951269
2862074452.1998415
2890875017.3151183
2822364750.0691495
2765668044.657057
2971759701.1682262
2916612921.911785
2801204622.1563916
2898921941.2050543
2798726073.1872125
2862529291.4300017
2927414122.6622915
2623280136.400676
2842656305.162522
2966195113.5041256
2956277807.473882
2628787536.9105034
2794415848.453836
2622876912.485202
2995053334.878182
2940280043.325495
2990823461.804531
2998996369.379766
2672727681.327522
2697369948.8939414
2856296231.7565846
2374395191.880038
2990959485.6527905
2954962992.0914187
2452813405.6076946
3017338622.2031975
2668915975.7745404
2903319745.868786
2586120445.024221
2860574373.662399
2585320187.2210236
2919286766.695668
2479639993.3844953
2623797048.084855
2743550490.1076913
2794271307.2583933
2504818307.2100415
2714234755.6322603
2182142592.4436336
2237589706.2156878
2616713344.2265716
2334866041.3566384
2788629588.958576
2955675890.1901402
2745945056.273615
2310920503.0651345
2623831919.725455
2841882433.672108
2433438300.6251383
2886743819.9258027
2343377281.6074867
2313220588.0639415
2561484065.755886
2528157746.4379296
2730575552.1391783
2406469585.651002
2199043531.685593
2454481363.072105
2629702181.163547
2599942385.086806
2636145573.527428
2893841840.150442
2734276489.1951785
2823182169.0834603
2406459580.896209
2489769259.2759404
2335761116.5874395
2388654878.416249
2216463417.3865333
2192552038.7462087
1958913078.4361818
2270486499.709657
1898461766.8927765
2112734615.5834906
1932578941.5346818
1540771924.1140492
1682392314.220051
1968966339.994854
1907352407.4577382
1872216905.083248
1947003914.7754104
1681605671.8099196
1692834265.4127026
1673358679.3061116
1391299866.293292
1890077201.8031266
1792971577.1206374
2121045943.1615882
1782722850.231307
1720985195.1582658
1659945889.6443076
1662332648.9746368
1787202561.8878417
2007713205.4084547
1941948534.845498
2030469269.3418374
1993265685.8263123
1859633507.515056
1714536646.431952
1409011311.700605
1763810920.2272835
1557716951.478049
1613085683.6860707
1652884188.9114487
1686760652.6255915
1341566109.7778413
1622956499.0017211
1690632434.0035944
1955229965.6000106
1915986348.2841759
2007868277.0554044
1910117131.1559741
2169396238.533206
1713132803.52857
1966782304.1059422
2049297209.4797275
1860660951.2619615
2294147395.078617
2385355962.427945
1854968116.7649431
2202332456.195283
1796631283.904931
2311732052.9077826
2356584270.3250585
2254639494.595336
2231226114.1390476
2577735606.888372
2477729151.359284
2455165659.0572057
1777880022.3052115
2476032057.6906323
2314298147.7489586
2412325636.208821
2491842638.4496975
2257761238.448253
2635597807.2206764
2224650427.4537644
2364550605.890673
2312343810.8128557
2554114457.0850644
2480743205.0831804
2124476874.6012847
2792613669.883935
2508079047.2826614
3009072395.7263083
2792683440.038879
2999575262.4084916
2688838008.003357
2832346015.0889378
2815513786.4857006
2603828435.2959256
2724316541.857417
2907210670.946733
2776994456.33133
2941531844.652959
2702801605.0033207
2804631145.521815
2749937249.8518906
2941047162.102847
2401820100.7860456
2817731007.420179
2912713659.0166106
2927364762.090362
2920160140.4085493
2711657723.080418
2555524838.9413223
2023009575.7356575
2606942874.6824603
2724502401.768621
2548666162.9212885
2613095274.590634
2827017914.4313016
2544818823.0081635
2532048486.306287
2970637360.6465864
2594009373.9578285
2571882260.2670035
2653681257.2825165
2559112929.035945
2386555601.2415705
2799160027.0257926
2599042662.596015
2482905000.1220303
2148188598.703407
2412820435.6259403
2039121985.273066
2745872632.4531956
2563119023.718924
2767704030.6072145
2811834331.487137
2750337559.2004824
2410587782.7713847
2058822713.91454
2459823248.3991084
2558143302.175907
2725579931.075984
2863396474.2077146
2722190076.7646284
1967301196.4035523
2189224456.7946644
2580775092.0378747
2468737291.6496286
2447856347.8752103
2380189761.373634
2465035546.5682836
2062673343.748873
2191560475.2890587
2429260826.8305573
2861384843.173114
2384508798.848176
2813321683.601155
2326357003.0798125
2540477680.6963325
2235965624.9862394
2259362843.552941
1687924386.2800472
2082015108.2418501
1996463257.3041604
2463062349.5227313
1884811886.661739
2040371768.960373
1692129518.8631415
1649128300.5114837
1608126340.5513415
1573116449.0321763
1249046216.4747937
1282630265.3435671
1183788297.0581682
1240234913.291308
1269456596.7853622
1033177205.5424118
1593797672.4980428
998255986.9301497
1187097925.4250264
991684498.8560646
153055850.91821086
1105666828.1746552
1002913027.152576
1082319129.2410038
258044147.87517285
1042577195.9760997
1039962693.7769957
1094670932.1153395
1184379061.1683667
942141339.5701377
1012336432.4832146
285519008.8075924
1408511461.9351597
1604488157.3486269
1354706880.5590575
1380720583.5980616
1431596341.2428427
1482340648.8383362
1443939507.1640098
1422714229.039999
1646204797.4171252
1837442228.072772
1874929635.7924616
1823939279.4146402
1615958927.4108233
1258367178.4503498
1499591728.6947951
1521496410.1719527
1619579838.0285907
1582893905.8685777
1512781779.5840974
1795195270.5165873
1834307569.1227603
1703963507.6711907
1479421602.337369
1567179991.3719637
1671246855.8034453
2024650296.151474
1617014748.3468666
1630507536.5303495
2067608934.3327022
2001711097.7529254
1914179059.878825
1680127778.857601
1930383546.9251156
1919305471.1411257
1862313365.9158292
2167393867.408366
2322902317.4335904
1961722794.8044543
2178458583.61112
2331752456.4463997
2489166174.2258883
2076799495.4213274
2037300448.8071947
1701550686.7632685
1835499982.3365254
2111540766.8537507
2026302975.8864155
2205311775.580746
2382912044.7725296
2147036854.2474597
2086286573.1843235
2207105439.7572985
2313461199.2477
2696944703.678022
2113715860.2408423
2216764678.8601847
2412289643.666226
2076625418.6817505
2254097492.134715
2671305771.0995946
2872303000.2987304
2491233407.3782797
2960724691.0296087
2694794577.4627438
2719579528.462797
2363231570.407835
2736056473.9737697
2825177830.0583615
2441018811.3556857
2469706961.682439
2180164189.090572
2267966057.647513
2304546212.6524715
2387849137.7948174
2460653477.872454
2540441575.4929295
2412103624.317379
2930026377.509117
2715264403.499559
2101515147.9570832
2316387983.2617316
2484423708.0340414
2419256478.6973104
2649747655.5994334
2542449241.3525176
2972629821.0203857
2443908141.2885275
2808905853.7307825
2556311993.403658
2192681086.8828964
2913911127.8035517
2717982853.038178
2571607070.2768817
2417482300.783868
2223778477.2218556
2145691389.3683975
2316836249.902893
2778566437.6103964
2137145686.2807608
2526108371.613306
2232242490.7868986
2387366513.0839596
2215290177.633528
2000074402.9887896
2424323238.2131596
1913811518.2011228
2037574836.887365
2154253638.286155
2119617378.8251512
1741273680.5672395
2225773184.3233933
2221661826.929466
2642127068.8889585
2184270029.8581014
2343150737.057089
2615003912.4620667
2546256002.079537
2538316130.9484
2839351891.780418
2350950611.6721215
2469700955.417256
2575488413.636151
2606043293.951157
2383545510.897973
2597048630.6441016
2744452729.775381
2637170116.8686223
2767533693.3166776
2701274257.1963043
2844818705.7314253
2548217701.4945703
2525319191.7704144
2895738889.49553
2877941064.5740323
2737007666.9246106
2486902393.278609
2802626060.1447206
2782924338.228662
2552301136.134411
2526020481.920333
2968649718.1198926
2627509244.876387
2721204808.110797
2514548875.7357006
2104210046.0236118
2435708547.2459474
2607584651.396085
2859383546.2879605
2449582396.914127
2626773153.74432
2875598699.2380137
2526581613.6072655
2805358472.2573447
2368954320.298788
2764662999.256842
2143921924.9581552
2789157216.7041407
2492821222.0044684
2941820209.3928547
2788546836.7304854
2698398363.529199
1913402237.9857163
2496985807.1584187
2361163886.097173
2257075147.590027
2533100377.811666
2445315227.087253
2058324153.6680772
2586851039.156634
2363840312.709893
2151145303.741907
2611016953.391489
1942643045.673922
2480648924.3075624
2398141292.955188
2418636427.65945
2699144393.581432
2146355511.652784
2719809655.16605
2612300780.634229
2632411657.273327
2604268842.1765466
2725300635.4803452
2516669184.209124
2325352114.8036494
2490274567.2341533
2334260802.025827
2274159271.3395767
2569282375.0589075
2753963252.5477376
2878735555.2753153
2476997943.165618
2889828010.621641
2381245667.371529
2961478566.7638836
2706539156.5808883
2821896174.9128757
2818164422.5222287
2534350589.344024
2852196022.632956
2722153348.6473436
2890462779.2434635
2913614962.436633
2424710263.431727
2653058986.289167
2797113060.354425
2778845607.6730337
2731426246.4864078
2751411066.663019
2617148828.6556053
2415819874.546769
2671901532.93251
2483202305.313118
2691863583.82181
2384699322.024728
2407786004.782351
2679030799.3607817
2751710811.4160266
2371926047.4455776
2497768474.6078787
2524944595.7015347
2603844015.3185787
2509985793.29242
2706473328.647968
2267804856.556858
2408014317.589849
2450160386.6151123
2235856008.8245606
2375647459.5135293
1984752049.2329297
2267835669.5960813
2186411740.1207695
2103721585.2098885
2446119241.0704265
2370040144.8158154
2266100252.499582
2524531617.0717044
2586811158.3002515
2358279001.1389685
2415648971.172542
2363066776.348153
1977015714.8052099
1712562785.8627234
2002262260.844695
2082919295.9164329
2102432597.1935997
1856742142.7407951
1862331590.1677415
2006130803.8791113
2069571376.3789775
1985849262.4958336
2091928882.1716616
1777805003.1352408
2194093432.0200934
1783947029.5611603
2270964722.3702335
2149325129.977797
2083045237.3619268
1947153588.4175253
1858172694.056692
1698713869.6815615
2343953428.2974234
2060575611.9999738
2117227768.2446346
1768827576.5545452
1433437630.37154
2013874151.1683674
1805616690.6235428
2334885191.4275074
1545117801.5078135
1775178792.121419
2139258562.962175
2184268876.090983
1939022207.5863316
2143669978.5269172
2431224388.5284996
2109274532.3630378
1667676542.4301877
1949185878.9169576
2002163295.6966105
1712123841.8032918
2229426528.7728834
2050895749.8176003
2516610469.127526
1998717275.8135972
2566602396.4306803
2296773148.484103
2581777516.0666738
2434450628.0725775
2964595326.431603
2679966374.963031
2842233994.9944572
2930784653.067803
2628531145.7701683
2511151805.3082957
2185890254.3792458
2468489034.1455736
2405649659.744925
2250458039.444454
2592190062.1051254
2625019466.4595165
2474547540.7047596
2535794815.671734
2322297191.043911
2461757254.1303225
2300775280.056993
2159455358.635101
2277241272.5215187
2326401252.1135955
2045016885.9194329
2124050812.6153972
2112929276.1340072
2178264487.570875
2424216310.382636
2318165831.7941985
2563645780.0000925
2287731330.6027613
2619500381.116459
2394593160.4180875
2567061844.1733227
2299128116.4079328
2873719322.7097707
2495365250.2192035
2623075064.0862627
3037412398.040056
2873366483.9564548
2581890466.005307
2689803021.1856513
2306427073.348529
2196691298.439295
2937849682.207968
2544442483.462198
2939348939.0492487
2680318633.8063016
2667791269.5313926
2910248491.910699
2760618023.403192
2968730523.173563
2570233808.5335355
2661539913.0863886
3028987994.566901
2479581013.9420996
2656347796.6338277
2951040025.2798834
2857723819.7408104
2689119377.353719
2539583704.545561
2891951419.4738245
2583762145.821145
2672529219.4799495
2786858325.187027
2883971702.0553036
2638099777.389301
2755766211.910231
2729707753.558416
2811569600.7424703
2812492562.771867
2552082896.4436603
2965810448.331701
2744701370.2033195
2388896779.694142
2673228588.6753597
2488124689.5741463
2532328843.796733
2643129399.0641456
2334990565.443997
2690268299.7737966
2291124798.489144
2688360211.6854563
2471645047.2776313
2563958175.1397004
2742289784.966212
2453784731.687763
2280478883.508041
2808008211.233422
2097076832.400541
2978558926.4586205
2767341595.996413
2485811993.0764847
2344333277.6967716
2330482862.8202353
2524043647.665167
1961328299.8041139
2001349544.0832295
2558686698.598338
2235665863.035857
2380583821.8416677
2081862648.3475168
2373155295.4676995
2307475919.5163145
2252490200.149152
2293875610.3092823
2055733536.38171
2209649270.4155936
1975618290.6576583
2070216742.0174098
2346643308.1828785
1889896541.4000254
2073798284.840002
2423083934.4621634
1881788338.792465
2459859922.347232
2339624612.260327
2174597646.073465
2468727308.4955306
2640657738.3758364
1905192740.9339685
1916265051.000627
1670260075.527136
1799731739.7640886
1614357618.7952776
2335732232.3135576
2167693340.447917
1578273071.9823096
1877796362.2565641
1852480347.0684278
1875436502.119476
1542414282.0181582
1486837313.0471613
1422035475.3428667
1443869361.522479
1051747921.1060783
1317643049.168081
1209475598.5140865
1303191017.0826566
1109986200.6282396
1241440700.5792556
1351291815.855416
1364073936.2146115
1146845417.835731
1221216314.7288864
1513909385.3068998
1719294042.7626975
1257729425.3530207
1536502331.799443
1210583301.1752062
1524676489.6540763
1764266780.7334774
1811504330.644456
1574516766.76394
1731702740.8577123
1569629887.3118813
1676368931.5738113
1610306716.2265193
1641734029.91889
1292174051.355997
1593456288.7786584
1455952974.611279
1106965599.0584695
1581176352.7545252
1573161803.0272098
1347089652.5596838
1085313313.97682
1172840414.399408
1373031182.7159715
1065740141.0146942
1216383812.0955164
999480486.7098174
1266066854.491017
1097658077.5738707
1114770260.5651188
919634399.4895836
1115694170.873952
1040142340.7154939
193530990.48223436
1079802272.847819
883853363.1376286
1002799433.0393867
1002469920.4901631
1000300614.5109999
1208337514.8346725
1112256439.5908694
964858663.8287499
351915561.4163469
1152240831.1795254
941232911.8214663
239332877.26052704
1263814308.833017
802375284.0869548
998658885.9588683
892617120.9545958
276584952.5115038
1448624159.4985735
1261686321.05236
1209099788.3846903
1298056320.998562
987162562.952163
257529983.1803738
1323100994.4021754
1235685574.8167806
1393699851.0775704
1201271439.5352726
1509508076.5172355
1550478809.2973213
1678366496.0062146
1603685438.4093573
1383254950.2945683
1916815298.0037587
1418247738.7658048
1887884618.1939368
1756848904.9304662
1820929796.803665
1903681559.0686445
2201426038.676231
2400700635.3422875
2033905289.1950047
2208486333.9205227
1845701533.0524206
2341706695.9676723
2232229229.8921123
2161305726.349641
1993027053.8891618
1950078733.7599325
2286276469.901898
2000048175.0497465
2101416796.4076219
2133214190.67328
1895808698.6534362
2008509413.0423427
2203654790.187317
2013774637.026724
1966466722.9750109
2116457360.339567
2140281957.0712838
1996720801.924267
2200898706.2071323
2487615710.703836
2517325239.174282
2509807486.077293
2231264681.0066166
2731210145.9665756
2299733369.8997717
2593188160.4446845
2333481753.22928
1995908370.4540362
2881119065.084979
2211871966.44658
2231182686.131717
2497989903.0847116
2360818970.7987485
2143802977.207604
2463070407.795034
2536123783.265156
2189905949.0116997
2408697835.4126744
2272927336.2188206
2549811485.0516543
2553824815.4612665
2314868210.3906283
2246969073.8815165
2675444633.220059
2403268358.115774
2178558465.4908237
2029202317.488167
2368903078.287879
2233595895.5142035
2272009238.621863
2142843300.7902124
1721442291.0257554
2025180061.406159
2611977390.25153
1888262805.8979442
2290496496.53683
1972998681.8527555
2316118730.8320856
2035497548.8985631
2352032672.390008
2258366348.944326
1984551731.2688427
2015423553.2643554
2137185045.491761
1960147381.489467
2402505466.4313865
2048391357.4596558
1726362825.4953432
2281136316.1389656
1895693315.380924
2448542056.6123877
2060750051.0108101
1868723104.5884237
1859684656.7277493
1790271652.305634
1602241720.8627179
1844953551.0739326
1882874220.9982228
1922388400.8839958
1767703916.5204852
2131785760.6440537
1703442836.2647862
2065340165.3382707
1646429519.5567613
1743143963.4603868
1765507536.651547
1577400281.0863209
1722063891.8869648
1777981087.5665476
1669737681.040847
1560941138.5873492
1436775873.9232006
1483606518.4765518
1328049844.414229
1625105020.9099383
1187843897.8005538
1442352939.716214
1337732778.9610376
1591640751.5035825
1733208451.2705576
1892782410.4574237
1643610862.3418245
1654038597.43183
2082819265.5415442
1930241210.0215154
1588615351.185027
1761360010.8111596
1932495778.3916826
2007018074.702157
1733837420.9533496
1813333804.7805638
1572266015.0367002
1416824202.1451719
1680590076.7443
1341148575.1059382
1482198936.5617967
1462816720.7787147
1698705342.4327953
1847620677.5558476
1892624332.4174786
2014491090.5424109
1924006813.7884305
1901645937.3357737
1771654387.4112303
2210315077.3256197
1960123798.001272
2118585524.0997095
2412239671.642838
2409906324.550487
2375516834.16186
2404809106.6772904
2673165740.076864
2317244371.0150723
2599070173.6247787
2486246298.06281
2375217555.081132
2173393740.749886
2511543332.635302
2110301703.8361793
2006016802.2436473
2117411835.9624724
2195029281.21275
1500057757.0895972
1742758606.097016
1550606271.2154422
1511504949.5887096
1700442951.81503
1535657251.6889837
1786604571.2426243
1570717951.5367124
1694594111.4960737
1391167662.6295724
1491038802.6777482
1524572418.3918471
1329153364.297898
1340908378.383501
1187511550.9752226
1273393147.8249767
1084770947.0228117
1124145958.1899395
977216039.0415874
1073900436.2579248
861180645.0116134
285492073.2841482
1195703355.7181025
1369735185.0204327
1310107933.8984919
1085551251.051018
926684371.8153949
915636828.9852039
369414220.0807636
1610600403.06108
1409169641.2651482
1633666152.622114
1660113872.0771465
1724100637.4370785
1717209576.8319755
1539507181.4289944
1800871175.9770794
1751796815.099309
1794860563.862265
2403442927.627943
1821368857.7319558
1878980312.0646834
1870396387.6697664
1972470241.007125
1521996341.0773573
1788948531.9792237
1915017050.608275
1865627259.5059438
1906332939.5386746
2200453249.15713
2130427274.88575
2185623616.437644
2017731778.8142915
1745982206.9894886
1812629421.9091544
1867869808.362549
1716265248.2107575
1651732150.1691186
1623842663.937228
1681222460.1391907
1648406146.3165505
1731262581.7584677
1877815440.880214
1668634633.4957623
1764722379.1892762
1542834311.0851314
1922178299.259169
1715973243.970982
1674018260.2931828
1857871945.1360056
2070412431.296063
2206436419.599299
2652550384.239561
2400342795.3458104
1924210570.9618025
1968173204.5556204
2260516942.2815576
1952460471.4072804
2393399618.75388
1939178120.6003644
2250833568.060375
1844873558.3260975
2263128554.029153
2147583077.587965
1831608505.9966154
2248537334.5811896
2441608699.1634912
2216508737.0672846
2184144930.8131714
2166327824.713602
2612844175.843493
2127673710.2305398
2516074853.2745543
2496774217.654251
2423713703.4009237
2157482099.576281
2337590372.583616
2138772585.489941
2551707639.6714783
1734202026.0668094
2314498993.007316
1917279758.7992375
2013980458.909366
1985283611.5340595
1712680495.965829
1515670382.2684836
2033237488.669468
2052598010.0099154
1921921302.1184075
1967270936.7526433
2211604301.6103153
2267463099.0987945
2339190356.6991754
1801794660.039276
2053167141.3761616
2114878380.7167087
2016921980.0294116
1644382355.5798466
1729132191.2744837
1908753747.8715224
2224761120.8772755
2006031221.8891902
1958871965.9367871
1808035633.1776373
2377086577.355643
2067476918.3001926
1751214643.7445502
2027504784.0196588
1777672492.9393313
1465499706.2206867
1524391351.0444515
1725076656.9620042
1818693717.7791648
1798899228.8047967
1635763586.3582234
1848511271.82488
1882312728.8599744
1718370323.453508
1616037566.2545516
1467614909.3597357
1707012076.4033983
1904403257.7277746
1985652381.5564058
1446939904.1179802
1878660413.3946753
1552383508.4966996
1665651415.5610209
1678753735.7105289
1917874258.6853602
1984974889.3224487
1922308313.7348886
1659893406.1340187
2342014059.007133
2067924021.1723154
2303489246.4936132
2323346963.221684
2510346919.0339847
2161646055.618378
2242555354.860067
1912509351.7780967
2172468161.2648168
2305185763.2489767
2325217570.963549
2076210181.470416
2190164423.561537
2411891313.341989
2311092289.249897
2163290072.4440207
2268941935.774528
1809177069.2683182
1980010110.6242094
2301765844.058527
2132357483.3848658
2294234443.6125493
1897648020.663847
2405428616.338641
2176639882.4627333
2260736102.7787075
2389576021.9564147
2228516161.0134397
2606728527.9756026
2839091467.075931
2533670470.7093472
2420849250.077407
2337765840.622486
2006110123.7516584
2665377445.368289
2759576661.681786
2583872742.988363
2908385401.419688
2896275930.7750673
2665840805.528899
2635324167.2863574
2382168913.497363
2320275339.0473967
2087420717.253441
2693890004.162147
2598282246.611843
2281237085.9651804
2482830458.3811083
2375987404.726632
2362301478.9570684
2244414927.241441
2484597654.853721
2388776576.050572
1869385228.2478566
2410761924.8070207
2457070066.5291963
2287701484.346854
2052717346.7861705
2360368022.1066957
2196207295.038356
2030993105.8589618
2428334583.1824756
2515455817.710425
2629063238.834234
2606585230.629324
2822714124.2463636
2201550964.277001
2311111469.2373238
2236082286.0748043
2580572400.1554656
2485072486.762207
2598838998.481789
2364625868.8570833
2267316598.647127
2335443046.209671
2482113052.194909
2159503829.576813
2583547746.815128
2279517736.713119
2151100649.7329845
2585085755.373926
2499723198.1173396
2667501967.5021706
2309022224.366384
2353496677.0649586
2196044073.931606
2670288284.394949
2339075016.6489706
2506903717.480033
2287270464.1794066
2295104581.3746257
2109672096.4883766
1870472200.028429
1743364316.8976707
2303454297.5491014
1873864491.2916274
1723674159.524566
1716188482.5051613
1680923691.0150292
1759527068.4825895
2157099469.450778
1980973896.8319712
2003165491.8484375
2131134899.4275677
2289307044.8170652
2268611532.512139
2005452918.2115507
2133375263.0836186
1912136867.3542273
1911713918.034775
1613391992.0002687
1827904560.858366
2139098198.5862226
2163233675.4754634
2114284848.2553012
2175287772.984577
1852699190.7348232
2207465693.524354
2455072877.7470794
2239828166.7545676
2362747898.78305
2331533591.776455
2144687420.9689784
2292014190.9787836
2019998326.2397506
2172103887.202866
2466332691.689007
2531295075.3611765
2410396459.073727
1831156519.0584116
2365021746.171011
2430792260.7878656
2085096219.8765526
2386132785.2140365
1862481651.8130016
2163647170.8280034
1981266423.6441836
1991472807.335481
2256249029.430125
2266613386.211856
1585160698.1137617
1956872231.5911164
1974412794.089004
2058511909.3819978
2265507746.392289
2081030656.7980695
2181593151.2845826
2296914392.4529324
1994931993.2903478
2163414511.138335
1908096044.6293156
2003981036.6419878
1530279662.5397313
1780019743.64427
1240730156.4647756
1269764590.9988053
1054246108.4791368
1192408547.6655836
1350386472.708096
1594333709.2865117
1541704578.9136138
1605428310.2702167
1382604380.57407
1300052527.3413868
1026503707.6060619
1024748218.702369
807331653.2353814
323375754.31829375
1235251088.5728197
1004524743.7459563
287620544.76261026
1200522563.0993185
1218026917.5090456
1292174774.2888477
845013413.6911185
1014331843.5419929
1144051339.6506724
807690156.9644701
212002140.63436434
971141701.3314728
1130655936.7780743
748314276.5642923
289976999.5169912
1135542181.4959335
897334293.8294325
270321963.63940996
1428056048.974508
1222681381.2754958
1062229794.2353753
1491949050.2410703
1075358764.5724769
1294220567.4252255
1408455717.422893
927563325.5480057
1069503986.2430897
1049419064.4160143
1235667587.1229553
1367354964.6865566
1137632565.9097497
1406104760.3625202
1479999510.6479194
1482472141.3578315
1824228245.8197374
1821944369.523383
1356179374.946542
1792482324.0579205
1900523247.4572902
1643116010.0521317
1978240310.9481049
1784385404.8359647
1922551954.7155452
1747520560.385767
1804319665.2077148
1784660181.0603619
1794976975.7921433
1725991617.3963032
1471606378.215217
1643828572.0538151
1658019084.0606132
2024943136.574503
1846543192.340989
1555746904.4388247
1246304956.0382862
1377216601.0337882
1434647133.117861
1326618699.690365
1090480486.7529657
1016886227.5446684
1241932050.4268446
853015415.943451
893649868.8148664
1078323545.011253
796984412.6617072
887084565.0527374
808048138.5820669
216015663.26367524
1407724939.1632195
1380671619.0492315
1543077076.0842454
1997387650.8712814
1574216704.688195
1680442063.298433
1774125434.640716
1471819247.0901303
1478178596.8346465
1465570402.742378
1188913311.632676
1586296968.2638893
1375495737.1384497
1924268920.7491472
1899623280.114957
1477210310.2673907
1568509122.7756708
1958528208.8713868
1873243698.120538
1885829149.9506748
1974352753.148595
1962688531.3481665
1572439086.1063979
1682328194.2256174
1699349486.7351086
1662249449.1650448
1091507688.9563441
1213281898.782768
1326026372.8315177
1342428611.809276
1546419110.4718075
1393988542.4351082
1338248474.4378047
1371077689.5039477
1279019937.5311904
1204676770.3349829
1405070217.3910213
1514117831.1127121
1498358987.1271088
1491883417.9387112
1599853448.1916993
1213973260.7874012
1251344407.9393678
1381067881.973783
1175091855.728768
1318109920.6850922
1035508191.8649641
1108015566.9205718
1451669027.4386826
1397168180.4340746
1246991706.681288
1323605223.6660833
1663186271.303958
1434335706.7769072
1523326839.0351012
1403208333.4855607
1447686624.5920858
1286448683.7539933
1309258818.8408802
1327155340.067946
1398738569.738131
1566357975.9834318
1474147407.7594044
1495790853.6520283
1412530516.0677981
1466670963.7950726
1348802689.0678263
1519781138.1613493
1425569935.232281
1456571731.2396297
1286060241.6262317
988936783.7536957
1001204579.1046777
315051016.71500117
1189672703.7646158
850677185.9337945
183249007.8625449
953628161.4333359
1074025785.8211758
1071029232.8667116
1264633854.8640504
1586685877.1263857
1550419529.4027016
1430354474.5031517
1307680073.680309
1499438392.6908536
1337951570.900558
1251361405.4755802
1096950930.4052465
944040763.7690842
853837949.1514944
278931144.4038662
1581282079.988891
1512426750.7097802
1600360053.30943
1595466473.1525326
1827038609.838923
1243588817.208845
1518107002.662444
1394333766.466119
1610867922.5575323
1634669721.5556595
1610664573.6795669
1803536620.9989197
1602112534.6388102
1674138021.982557
1732093822.987496
1416660112.9375677
1278349865.9931989
1379351303.5486197
1318872298.5802646
1517021412.089528
1526777289.563322
1466887019.9476357
1525375048.9941633
1512001703.0117283
1545056798.8497899
1433716954.1907651
1290947993.3448162
1293939370.3969698
1315503513.4802034
1268917122.3076818
1222890291.5894585
927572696.8211789
290370386.04554534
1155606575.1903932
1076172203.3233988
1204316870.248402
1219246009.1776092
911965137.8140249
784221324.8533573
300318215.7014397
1065461844.9114482
242450874.4621187
1065940165.6327283
975976815.3952638
279166061.0981546
1019466369.6223375
931116771.2353194
285989947.3579495
1012745814.7986624
687691675.2705739
290446843.75645334
1013237921.483932
933023009.5763843
192452834.8713049
1415125799.0896056
999064513.3489182
1187364588.1258721
844219876.8902012
781268834.3916341
203536386.75488797
1062784169.5107564
864018692.0864052
197424072.29954708
1189241695.9203396
1193344221.337986
1145952707.2697403
1166740731.8706937
1040555946.9864428
1045280508.9545963
1363261594.021264
1444832633.5897868
1374139623.5747802
1581793512.422032
1418118852.9084496
1608220809.3808832
1595825737.984373
1422887519.9662464
1317050210.624221
1621763122.177023
1523520376.0954149
1581095707.549823
1673026238.1660233
2050990847.2818565
1461419828.389583
1768775668.389673
1747197594.9441483
1746513279.4125059
1953092357.9680817
1530456060.1130705
1659503549.5798748
1832446327.7463052
2026958546.0574083
1713799706.767458
1710763766.67656
1933351526.3491206
1545973413.1087809
1552744594.3513465
1876859754.4794428
1619294498.0836184
1933632065.771115
1764299468.6084783
1657323944.7249308
1824459326.9508243
1934507259.0456486
1751442577.9798768
1871624618.272006
2113713730.6192803
1705149717.18553
2139148780.3666463
1831560858.2168748
1925503947.1628451
2250257817.71086
1773698384.0674314
2368221956.960836
2256848384.0387564
2213199692.1717114
1760309611.5266867
2190262481.865695
2331953452.30554
2269012970.3265123
2555038900.329454
2576662729.672371
2163980534.883568
2408888657.6728315
2418436497.57134
2279242592.47064
2657171076.4589524
2517053274.616146
2470310963.024285
2878965582.6190405
2535784041.1276674
2519214697.7057076
2457069648.043692
2734430356.9918647
2489879013.912814
2683608327.2681565
2649274305.47561
2364700735.613313
2348464192.7712693
2569714761.4433746
2092017761.7917962
1998061960.8510334
2253124148.8544717
2372862778.5658455
2289810507.183635
2244374934.9185243
2162278273.562968
2332915441.6674013
1940222553.3800278
2109713294.4160109
2011946552.2008312
2131495128.6543012
2525248057.926211
2664846518.264512
2816442149.448914
2516844661.144475
2511399234.0821943
2564190333.3484674
2652576019.0818458
2867151327.6252704
2892078922.260663
2699750284.2584147
2867145984.5781507
2756166601.741051
2590257790.98635
2939611430.4738684
3129435062.2152042
2786165363.3165765
2775216479.3254633
2591355620.395951
2937434100.4260445
2758737767.4197
2310752117.4494376
2457171228.2340393
2474960086.9552155
2239073270.1620893
2067052434.6381452
2231489779.684384
2130267520.1088257
1787137897.5078516
1798635884.0836267
1521395261.149881
1941713530.663119
1845085452.4161224
1781104728.866618
1796270300.987628
1905365168.6259398
1979768103.0724783
2058278796.3201368
1926327750.8272116
1911870185.7976165
1864951213.1996148
1821665103.0892203
2006285800.2912555
1692131289.490784
2079531348.614673
1728641750.8937197
2098514880.1397882
2146985165.3947947
1950795545.254056
2306028137.5287867
1640136082.3213313
1864216925.5943668
1605912468.6280885
1892974080.8217063
1779692374.9375322
1911897738.8432767
2072341522.1380157
1827509327.969715
2003214163.3469646
1604702913.6422448
1883822095.156822
2495374126.6493416
2518933485.0724335
2547463386.6378
2168651617.213896
2608812453.238805
2219595783.672257
2760189146.360585
2055156803.87925
2677875223.352873
2080321136.9284732
2487553325.8275933
2556004226.359888
2474069183.5218797
2298931936.260075
1767473625.7282329
2157582835.3024216
2096594601.2456393
2336043822.187824
2109885976.0443034
2030016646.9269834
2438625401.0446105
2413215279.639308
2444204579.281061
2441985938.236129
2632083642.784791
2539187295.194348
3016311146.350608
2272327604.53933
2680827109.3649783
2569511010.913587
2460664024.7858906
2136272637.2719939
2631528979.609751
2660544625.6940866
2472733675.203462
2890100274.6199994
2424982213.4646993
2196449673.669483
2558169379.6057763
2553147204.8349533
2669977341.294485
2009928793.850013
2607155708.022772
2487746718.91611
2850649350.138863
2591267700.254908
2561445209.4183183
2501581490.567827
2406200539.9756813
2613840770.365376
2675476734.5968747
2515333262.84239
2355143182.270742
2633471609.831244
2145315633.6741252
2600289365.49646
2379772189.4101415
2353473931.5125985
2791851259.1385813
2407168501.2243533
2596727597.4515724
2889275114.37158
2664424895.176541
2830406297.0072536
2532980229.9757824
2832992206.664085
3109889625.4341526
2727513943.272992
3018033401.003649
2642226731.223263
2589635734.8325515
2447434643.0116677
2363786852.991669
2296002639.499267
2588423784.457106
2817338482.481616
2613995544.9673033
2651816319.023792
2285283038.092236
2822206972.1200814
2549695040.9656577
2384995379.2311645
2225419768.466609
2817891201.7108617
2369785430.2706757
2533349846.2666636
2535763455.5901146
2240178509.6785526
2812653157.803349
2330637920.494956
2380974018.7923317
2582768636.6430836
2306261077.751144
2447592564.4311185
2104975105.731444
2113791040.5082567
2047869844.7108626
2109248741.4418843
2018305810.8978813
1989136382.2698157
2592701104.7376313
2216114631.818446
1855452926.7252603
1955439532.1350715
1814666820.5902228
2409768788.766856
1623095289.4183083
1976213716.3774865
1624537946.979781
1916236142.6855881
1624385671.3343546
1638260806.0308266
2134087807.8004086
1912916934.2911453
2062751592.0452416
1955831479.667854
2016436901.5527842
2128785876.2644167
2066258059.0283508
1862183811.8121858
1773733108.052834
1846600908.3657515
1730751724.0230086
1922258331.257766
2067103536.629053
2159928457.436918
1995348714.2065413
2310980356.883138
1742185780.4986477
2222774857.774857
2103270714.9744942
2126761019.4534757
1678333799.1904235
2464366899.757883
1955506495.2335577
2103256368.9611866
2343858423.0773377
2114011770.197546
2166083314.897598
2353488562.563877
2098780861.5761268
1789570450.1211674
1711576961.447756
2062738531.054467
2168120729.2208385
2337548270.4467745
2130423747.8210902
1874253608.7301385
2180799428.3351707
2083880867.9657273
2596782590.6789417
2190724271.8523335
2377070769.9833612
1935240614.7818315
1975678356.3280988
2178597986.991023
2121556470.1129007
1909541494.968947
1995934508.4698784
1542761075.0970273
2257317138.673158
1835027635.2253788
2200901673.22646
2149257174.691296
1986174516.9379003
2412022062.620507
2299611732.1601243
2551458046.550635
2207189704.4684396
2347980620.1775093
2460037973.2012
2449255444.836081
2468739949.32322
2551694179.8260555
2626049647.4393225
2359563521.2363696
2697257799.062929
2406040369.2119164
2406705993.071173
2536961308.506635
2443642150.0296774
2684111812.296431
2932865018.8947587
2422299209.9289713
2623084182.0495768
2520470762.610826
2568480219.3782816
2391224261.247455
2087894645.0997136
2488160761.466126
2696105561.8348155
2609009611.600222
2376564799.8510838
2649868608.766133
2057020116.9006221
2427904834.990669
2169311715.761021
2130628036.470296
2790087366.5190387
1971428011.4047892
2475419016.563586
2410652123.609296
2282905613.9836664
2352314215.2760034
1923678809.97518
2425385348.836316
2407922246.448235
2530909552.6207056
2462282422.048767
2515918999.555881
2166317739.6759453
2231456853.3069196
2119558920.4654999
2339041658.1687903
2428646826.7304645
2361823796.057219
2183682896.4317284
1963696252.549706
2235176796.050316
2194981413.7715755
2148755222.148408
2251779908.291459
2399694534.4896555
2322084467.762889
2606672597.6936555
2323761492.422655
2626896081.76315
2171097790.229169
2344389989.3313456
2513333022.5503736
2121209952.752415
2163010963.986651
2505061972.8888726
2172438761.4665694
2629229798.7852573
2726167267.725461
2422369281.6940317
2801433041.6738214
2520917991.5573773
2465129149.256362
2401717525.8248663
2745676154.403823
2152138747.908196
2327121685.096935
2478768038.6683626
2043138966.0860977
2498776198.847807
2386688713.1583347
2349229127.7918997
2099993440.8541012
2294669305.9648824
2244284174.4310803
1733508793.842934
1990353980.1000776
2152974321.1844134
1908851404.1239452
2018971289.7620625
1894212973.7542815
2017704134.6577137
1769782064.2459362
2172493587.058813
2007953510.734719
2080352844.4643424
2328473437.203731
2498043461.6128054
2083741340.31851
2552522541.1592207
2181675044.3212075
2334585382.130261
2344124378.0908012
2719276235.442367
2590808190.096871
2468043693.7917633
2477341393.642781
2220375704.097665
2411503829.972881
2658074754.052096
2457307526.760764
2240147657.4097323
2418400531.1027718
2284081897.940815
2826621368.310929
2522498813.550009
2648367372.4566784
2544612479.014391
2848123340.0455256
2253263912.1072855
2873624134.678314
2933845720.87266
2645814319.842168
2858075464.9711905
2300064750.8522162
2577830961.0346975
2732968381.89956
2276072953.580966
2893972762.4310007
2547538939.449228
2910007916.2169886
2398195599.1384015
2866883950.3973465
2692398100.3153543
2843935449.3375187
2412939387.348337
2375341308.9930916
2522041453.1618776
2565120918.0092044
2249011181.5980654
2666045892.5748796
2490088936.1971803
2911930147.467191
2693352635.9110136
2781133534.9284663
2911010210.65383
2513672393.4167137
2787752156.7548003
2714663359.0148177
2555437737.150436
2598437699.788849
2649901137.5261974
2530282862.3763537
2782458745.9696956
2713454426.7798223
2623656093.3183894
2396451022.7392664
2830456710.2700076
2669964200.6087127
2666973810.1367893
2915916172.0037336
2949576824.0679793
2763748733.900185
2701809651.364596
2906454717.5805254
2740093955.0163174
2798245053.7154145
2787503244.8787823
2946673931.7878704
2722230066.893154
2844165485.7068653
2672968588.194591
2978365369.6011415
2829993843.3482895
2847599769.7101927
2881443087.467466
3062724718.363818
2923960041.907141
2713163747.090065
2941201914.296773
2916837172.869106
2888279510.837189
2965544968.1975822
3011552897.080056
2947855490.2800503
2832272554.510162
2999129031.1330466
2985423005.4898624
2870501297.988549
2873496659.386661
2718016404.04953
2820967212.115428
2931027125.7171865
2950841434.755207
3077000444.060478
2883774408.3243494
2879458441.5918865
2978070628.6808853
2722731967.430398
2810933676.2345886
2915789896.967831
2802191447.465735
2738171761.459456
2954683605.6208334
2815805598.8235435
2921369027.6859183
2882779726.0804043
2776649362.2112365
2758798030.042499
2753900906.1538987
2810281545.342709
2729204675.5633106
2533089283.305664
2990997599.2663627
3049802204.908328
2787496484.1857724
2991327824.8591146
2971737247.273102
2835586117.359956
2643365585.061928
2592426183.447342
2795440082.8958883
2845408923.525364
2528661690.405813
2753225019.701541
2681064819.857841
2774246948.233695
2899801729.190631
2902210308.19213
2774300964.8562512
3085427220.6751537
2799549763.0282626
2841850095.8496637
2786422610.474328
2872600844.504304
2840832168.816447
2869188855.931524
2849486989.9905667
2802876907.733281
2850130005.303096
2641008895.5828567
2837316581.703311
3003871728.1430883
2936807995.0889816
2802392400.1339407
2886827504.9876976
2919914131.383832
2895925623.5027924
2984042214.9508567
2752540173.373947
3019723764.4371185
2891454255.1264753
2847206609.7096715
2847059231.1547756
2837457998.413342
2904452583.997177
2989981471.4543133
2636344612.2109566
2969342139.985287
2885347128.795856
2875182380.5542345
2914624125.2449584
2908145375.070719
2958736695.663985
2799625540.5557666
2857658082.1461616
2883187615.259072
2905071533.832844
2774110350.434212
2882187745.242497
2777074076.138091
2768407188.1930175
2866506023.101078
2809591239.1816874
2862368433.9861
3080812993.518518
3016891371.555406
2631435276.8919306
2717313269.6000524
2860331723.7643156
2923313954.3934054
2793645840.1475997
3007665991.746632
2936387573.8765025
2603986115.7063613
2988361097.2839446
2884177500.4234557
2827738199.9850736
2727026087.111535
2832790401.801106
2913749194.6821165
3096462456.648361
2991020772.219193
2865844971.933701
2850341696.8972206
2787279395.2564244
2750594808.667181
2767590068.3902617
2979754114.83256
2807782810.270274
3103236323.363065
2815038977.928882
2765051494.9835305
2913851182.1958055
2742798692.4334426
2684134598.2766147
2836254809.984062
2844199165.657004
2903213211.154051
2825018567.6348534
2921669787.107485
2830182294.9235106
2846948504.219672
2899292070.683046
2971302956.5560603
2850380997.336278
2608497998.829098
2922202153.360608
2976347407.855088
2760170688.0153594
2985083006.961401
2854293779.5741124
2907140433.42831
2947598421.472965
3071737771.9861736
2733717383.095521
2743260433.6763997
2939109020.5204945
2858211450.700753
2906912834.5673995
2967605436.0332665
2782939360.115397
2620281007.770352
2757133012.3957353
2921995765.7104793
2774441028.941029
2792216937.9632683
2821208688.1875677
2798252755.3929977
2745227710.7927475
2794201047.5709186
2881645006.9154425
2722840607.383167
2779900864.257296
2972984922.8957796
2796295479.6682906
2756396813.474046
2796957255.6945
2955955234.870634
2937585151.719538
2772494465.717038
2832106861.335473
2789621327.701626
2830720633.8167214
2911774187.3416185
2941931826.6613016
2832288747.483025
2791098044.681937
2653948932.3031154
2698681747.69158
2688339490.1357093
3004288193.6934114
2898641715.504252
2967663721.6199584
2804159424.2757177
2758448742.020539
2818288363.190248
2709238643.642733
2778701090.575929
2808696900.260851
3008007957.5634522
2835764629.6216097
2776422150.6179504
2666716538.5244565
2932529518.52346
2893193443.4181585
2587860404.0852733
2870009139.80458
2780354777.4198294
2796466327.1531157
2872471787.954018
2774994765.335781
2808934471.0401144
2847440923.6593313
2662000192.0414805
2745202087.6197524
2825162832.277363
2761677846.632461
2717277059.563865
2858058192.0475693
2581914040.7339115
2961548367.1155105
2750380670.366328
2789139180.495642
2870468949.62992
2880849234.8645267
2731067269.4467287
2809553979.463467
2967100897.043306
2665613367.42883
2992309135.8296323
2860150425.276876
2690497316.0131054
2821856333.0962596
2692123385.055553
2762527661.9841356
2792661863.120877
2904555521.804275
2807518669.809394
2520373645.6299133
2518947395.5684404
2427613046.2639666
2805794715.3789573
2602427039.8359957
2222860055.02865
2307739597.920368
2395732424.913652
1982018853.9600928
2319384171.5921006
2336885570.7584047
2378512221.680125
2392673098.3083277
2071697809.643374
2071963523.751674
1981362351.29714
2027474836.007199
2473147217.540426
2235457482.8724265
2378037688.571535
2262149086.218852
2284479352.102631
2323720562.931844
2164133409.235395
2329722214.994771
2131313982.2897313
1892993902.7312436
1797496221.0303414
1624191683.8146381
1835784821.1373315
2240138625.673658
1644874645.558946
1935878569.5934136
1994024979.532105
2083325735.5088367
1877640096.7511237
2112412089.7373521
1968544712.0911012
1680104485.404413
1738014681.0708368
1796745079.4221025
1638502260.1592188
1719799840.3735435
1558996796.9820426
1786739478.6021624
1934561973.5759363
1630261334.6232574
1897531920.2926054
1937175649.5394714
2108589147.2317705
1718643720.2119176
2129408021.0778563
2136442024.4863896
1747734218.8620512
1610248058.4853764
1689434834.8088138
1750107450.7759047
1639385964.1920216
1730044060.2809563
1974350416.7805448
2153592239.4236355
2181717836.501813
2086524573.3012178
1779141338.5805397
2300467402.52858
2244911338.483252
1974101976.5594509
1996392904.2208235
2031095161.066567
2518851442.05717
2095163478.0772417
2564995237.468159
2452090209.214383
2169394403.313369
2156655438.6052628
2466866618.5583663
2605759073.4019837
2489424824.212269
2485393250.5715384
2368934457.7429695
2016697626.062948
1756409357.8501227
2057832978.2293668
1908882877.2146652
1743373585.039996
1635032846.5396738
1824062431.3539426
1418603562.0308337
2092673368.547499
1408740489.9533792
1890492967.2753994
1391182546.23575
1693881985.1053712
1585267397.7790284
1374879948.8837128
1163661588.2747962
1092275668.7214816
1328734750.5219278
1444256723.5570982
1348693511.1860716
1210802069.2152412
1231422701.3044496
1240280661.5196505
1244104504.3333395
773292960.4376385
354312789.14779705
1117878406.259622
957977414.5485804
1219443662.5827866
1224204978.9917042
1384104515.0832326
1466683256.7040448
1428029838.9551835
1417063180.839726
1074210348.410798
949656123.5665781
1008691565.5501156
1204391272.320807
958669580.3954228
436713411.64148355
285103212.4144887
1111724495.4954584
762576133.3848389
330176709.26149815
1107634812.125453
1264598750.6290581
1081393689.2211869
1150999570.0517547
1106372821.372761
1029878386.9837159
1246708487.8512936
1158543840.852094
1087767952.5707026
1206710017.1864364
1140298373.0747154
1470019114.3073788
1790233517.595371
1708108486.7130349
2005210443.9851754
1678659165.112785
1859720839.4874802
1870971412.6452398
2110720100.0122445
2087588866.1118352
1810001994.7544405
2060550295.3474367
1727609502.7562318
1552282553.0074627
1321340062.739328
1244828797.073759
1355904810.5103543
1384301288.2044215
1610761521.959159
1628576052.2386112
1727532660.1900325
1446978461.811869
1702399213.4821002
1322756066.4689353
1361473092.644404
1403599198.2628498
1180638895.6725402
1027766261.1260631
1127272123.1691895
1196094121.4822173
1133653215.278222
1404391356.9915473
1093783082.046963
995282707.3443562
761997214.1561234
991581724.3534257
1224351216.7241597
1196232613.4406376
1038041720.1079197
1345771751.9441247
1138619028.856519
1512402476.392367
1492070585.47964
1574115497.9296787
1373100052.673376
1263291946.2080748
1488198623.0981617
1596033516.0675387
1585404745.5785253
1447572992.3128989
1540721380.4799988
1842888701.9421709
1773111202.777238
1365361542.402561
1704133010.0142455
1367245000.913405
1414291272.2924423
1378088626.1504278
1602840660.3104382
1657247256.9298894
1438615826.4513452
1465285406.3676898
1666732771.3130815
1635125550.745662
1863290228.2822986
1530164385.7909112
1349683902.3383052
1175563608.5098593
1359178070.727859
1417377877.1298847
1158914138.9588008
1274113951.730581
1313357515.0327241
1299395532.826345
1221045241.8409243
1084468163.7813852
1075787862.178335
1227139160.8403692
988971077.3336662
793300547.8193586
281855338.7379434
1247157062.8381774
1368795943.2868154
1374016519.9994729
1337997069.7077758
1590872049.8250415
1307727905.7197113
964109222.8782432
1173350827.4881926
1252801686.1505585
1435617107.7793443
1359392854.653731
1648554549.511068
1838372733.770836
1688500397.7609153
1864826724.1251776
1575500557.7784266
1838122855.181307
1626870193.7835686
1912387469.9544108
1965733314.3878243
2276332255.756075
1896867963.8512964
2023768913.0491703
2137085851.4493914
2119799294.5219705
2143961121.2081728
1914310852.7230678
2046984319.1723466
1731598821.9427948
1533104000.4797955
1878375224.0706348
1941691750.5210142
1896803862.6321259
1888586626.6621528
1842226696.7961984
1931562182.8322046
1529350047.7684228
1608794392.3694706
1780717608.3524735
1402645465.6846228
1422636623.1556635
1499101488.6099162
1694757076.4107935
1452987685.1913872
1621649310.9843326
1576785157.3266296
1680882269.9483902
1868427399.25654
1703447961.0908115
1569934394.0535827
1368699044.57064
1652126987.840867
1644131334.4881086
1505069672.7761774
1559611986.879746
1279689373.6872516
1455404116.7556067
1576313771.833301
1666760442.996788
1001175011.8793334
1417450129.581305
1314258535.6669226
1372062402.3866289
1045104014.9067584
1200616696.4660816
1428859937.851043
1277543301.6318254
1325992980.797121
1349208513.459981
1508770597.8233933
1442977839.7814424
1147226748.6599345
1441603492.8379545
1483745538.5338936
1519740653.9781175
1646333980.0518003
1514900590.526853
1366642227.814776
1426824339.029797
1724697383.9855056
1916467845.7198563
2018365413.1337984
2127901582.0790474
2118914939.2709157
2508849758.5388823
2328365796.9780912
2142637330.4954326
1851325031.713906
1502889247.3240685
1836637770.0851808
2124691011.6673357
1740021967.6233196
1354449564.0388775
1578358170.2819617
1291498029.2379553
1309707706.313247
1483822231.3395815
1378865459.6314456
1453366653.3001995
1162078410.9096522
1280417249.609096
1610427780.4734802
1500901696.64416
1486172472.9361582
1334432544.524052
1233047895.2300687
1256183088.3719215
1306444704.2412863
1402061376.2841835
1524065408.6341631
1293200052.776278
1411170532.9565537
1213161957.4355679
1388305407.7434664
1348808482.9248877
1247533605.7893498
1292870559.3513803
1002025471.3116794
1194265588.9031112
1112976210.18085
1131548670.7725685
1259691687.6695833
879071919.5855775
355577335.8441833
1256162456.2163417
1029086850.8658442
1193847168.0832438
1255927802.4307797
1100352049.453534
1225100366.44895
1119997024.2615757
1256431083.5477092
1485242585.5642712
1300605718.8448248
1360760490.0238655
1251574507.1394877
1605733082.8772058
1403321551.1550314
1399001508.6374757
1712219009.157123
2052871936.5509005
1731459586.854489
1857578912.4829786
1928329226.4638412
1715536827.717094
1689062996.5235903
1645111674.3051822
1255868907.2349916
1344373486.9256637
1329866761.1083891
1504538196.6430156
1003158996.0239923
1044615235.1860288
1122370915.8908305
1182330630.8169322
1254855456.6245406
1072311149.2327869
1152775433.2901223
1393471736.0501928
1368035031.5889428
1420553887.0380082
1511473451.7750897
1523691368.997677
1304119373.7180858
1341082599.413619
1561658445.6672738
1500712540.075297
1779313250.2724338
1640482671.5377114
1780843073.1653204
1813087456.6521103
1758843832.5311944
1798361953.0711033
1721219917.9298592
2051015152.387759
1755354264.7223837
1906554116.420634
1729441675.5495172
1354523421.9155645
1788634057.5187528
1792541678.489266
1321808287.428297
1222098720.562634
1070978517.9482379
1058588116.7755032
1159332151.3046112
1394705846.0419528
1410961645.9248867
1812631788.0666974
1604823436.8409595
1357849645.744386
1662914502.6378796
1218712908.8757532
1659310556.7143898
1465649502.855996
1720602468.8522265
1609748499.4705832
1819782578.1485012
1763889452.6504931
1625135022.8784635
1713478232.1067278
1954566734.1472044
2166664901.5446377
2214815973.0392065
1886683408.1353488
1732593094.5221157
1384200547.6316457
1677896118.440192
1697242601.7326803
2022705478.4226441
2227500267.8869047
1469105909.1179523
1833465468.8545148
1541066958.7479875
1689989166.9990482
1571104231.9886131
1570644298.792376
1414446098.3711472
1100854963.444485
1059063204.3619735
1090798727.3680534
1065634067.0813164
1116393453.1127641
1334547853.393202
1121146326.5281556
1267928722.6305885
1420413564.2851558
1420705392.7442598
1253685681.8500402
1317009410.383533
1054929757.6038778
1130936371.3403163
1190377277.6984746
1316526325.8570964
859239750.4943825
758357136.138483
296796671.195605
855953441.4429891
351527494.4179133
766532750.6844473
302696713.94633836
1073555722.5870348
814655763.6094294
977836279.4000353
1046085123.6901226
727154559.1923375
296317171.85504603
898464935.1576092
843110313.602585
915724283.8857403
287726821.54547745
1320871156.2287207
1296951908.0358462
1379557363.2142184
1268740570.7362897
1029633756.6416526
1428416547.9930918
1426644090.6524506
1468036436.8562772
1510011501.9142523
1495348201.277976
1451208434.833441
1631679068.203411
1638666623.9813673
1451885951.278174
1416044765.2812364
1322582029.839181
1392568355.745778
1371293251.9595027
1374656885.824273
1149099742.2988827
1415355235.9479623
1277771498.9565666
1334111639.311154
1476661154.6383889
1404787537.2177284
1184451502.8709471
1435054690.3449957
1298471441.196
1021214957.1897274
1199559055.590882
885127519.3908756
1200608156.7078946
1276630287.6236563
1241125426.9112947
1234155512.074541
1538524660.3147862
1576618683.812758
1351817810.1489577
1405279845.1073823
1235552071.4930067
1328122694.5318182
1328793714.1412137
839490876.646795
810615736.9752095
924696107.5908859
276615429.37133634
1362760997.9978464
1222663205.9361818
1460657685.3354926
858723181.8304522
1266031765.2259703
1070227765.9556351
1171456253.9490552
1402003984.6420865
1165302622.3637905
796249184.1490904
257609853.72336024
1060209075.512362
1562353492.2409158
963333644.1562688
1032780710.4777731
536306410.87541157
78200609.61580446
1223647621.0057845
1244730926.222724
1365506715.3322618
1463952678.2460868
1745214864.628857
1641093508.3187568
1632269151.3677487
1455712939.460493
1579433854.410934
1546977817.445433
1393212537.9551315
1743989196.0535061
1836155824.8407133
2027166938.3350017
1278632685.4690475
1563834234.3211942
1646793706.3949864
1487304362.108259
1671903522.5190384
1657592954.1128242
1576361163.961241
1485926733.008456
1468833250.4767075
1912065471.6918685
2126640132.27995
1801366038.7639258
1757698937.6921444
2013981325.8003657
1857244474.1657128
2111909532.658043
1829892436.3981676
1948539803.7223587
1645431371.6117182
1817017515.7807734
2038435440.2977517
2342570140.3134875
2300270317.077567
1989010673.6920753
2084986481.9852672
2072548972.2388031
1952339175.59282
2084328922.5651994
1866246823.5772648
1621140660.0467465
1982003088.1247244
1992215008.487331
1555519310.7963676
2076985127.1694727
1974969524.6062758
1899491566.2483974
1844919012.9799602
1482040592.716772
1616316823.88398
1390010676.0365877
1065020582.9122199
869451623.2896614
246304672.89791483
1015429346.5187658
226250292.79551184
1077082745.5607688
1365157947.8419917
1653336761.7884493
1645112288.2155426
1507626191.9282808
1628531767.9041564
1657836694.5566409
1498750645.2069438
1386769607.436271
1250237739.01297
1874180671.0329206
1557016447.892756
1633769109.7528226
1417971187.7750115
1528680942.8210216
1585715150.9938428
1563385202.8211443
2036430954.3269427
1912401398.4325879
2056951180.138928
2061880572.2858098
2132330203.0083406
2176264168.0012093
2304871808.834747
1866350865.625143
1884938555.1915123
1932059415.0991623
1535274587.185525
1977093510.1294413
1691255399.3985386
1917537283.6406164
2191323967.4200892
1972093243.6982963
2072762402.7562332
2132433002.9947765
1973892803.4376237
1534980536.66853
1753347017.955973
1837724172.4947832
1823511979.1730816
2175231506.7073994
1869420010.7108757
2217727262.804746
2080437743.2898145
2202143105.470907
2448493723.9847345
1993239970.4343028
1957586391.7966912
2139249726.0852191
2405473120.5855145
2140294439.2977786
2150806712.7079453
2301903334.7169266
2247258067.8510327
2220956503.490275
2704195866.9952374
2190915482.1759253
1996862376.9201171
2385321716.210498
2570088171.0180974
1974538627.6931765
2371602324.629151
2330603808.020115
2328890333.3370867
2319196399.3073506
2487831838.058783
2154810114.9322867
2227155443.108415
1756260361.5776327
1853300200.9988809
2218865225.024464
2241923619.9284034
2573770042.9861298
2309479014.9691715
2170824179.755415
2435319574.9111567
2401699047.36114
2098666272.3930013
2696917832.474896
2578526350.541876
2376480377.560631
2452122089.059692
2319139836.4974203
2125988432.6567929
2374876487.767155
2407762986.9720736
2554294894.716906
1992207770.5698912
2285669646.2594295
2162036892.0351295
2363890527.834995
2269183993.367944
2251952124.718359
2301731623.198483
2537572685.3404703
2466226559.7494473
2470247076.202919
2105618904.279236
2310081089.4376717
2164901299.0668206
2323390518.9673185
2870343807.955313
2585606681.0248346
2428888458.3992877
2856449267.949035
2703036470.8483825
2338673645.3710318
2359410278.751504
2550500191.8425055
2129809396.9792924
2445376095.5887575
2264616513.232977
2777143925.067421
2332631687.9878874
2131217771.9219403
2735830335.365287
2602464136.707731
2803918128.279575
2577861917.138159
2430307945.314935
2654047186.984893
2976550397.2841244
2556549272.567013
2913964812.228165
2912439146.890995
2831649750.463294
2744544132.792444
2808406249.324218
2943121193.738638
2733782755.3663316
2697332845.585575
2541494490.114368
2649034313.2173266
2825892749.80196
2818180143.2817307
2648483133.45761
2813839315.682418
2671801497.0844884
2686975041.0041013
2909150019.867284
2772574188.563311
2923316427.853074
2910234962.945475
2858306056.606044
2857554171.0421467
2703468985.8651967
2975708935.5881824
2765015430.0369506
2929605667.565942
2935514752.967758
2803967696.7962117
2775524891.2760205
2741978436.5948796
2776499972.9968195
2853403114.0115876
2905675986.483072
2869276910.948312
2684586666.739361
2668949063.7819977
2914029587.302585
2928846014.613017
2858072502.628283
2913152910.1521654
2746058006.9570127
2788630636.459799
2796789448.3439736
2735313997.7196517
2903546653.100443
2830474015.3955317
2938493620.0310683
2782770829.7082725
2857168800.153539
2808167199.212985
2785214185.6907716
2760663223.461464
2831059575.511286
2443621802.544383
2741758869.5021696
2776938063.180113
2931611822.8140287
2930086303.9759407
2894481265.8867207
2861369814.9388957
2813569471.606639
2716777516.6020293
2834580466.231999
2797851388.5823874
2921019891.2726345
2735917390.09961
2816020855.2938643
2759487290.4879265
2385114113.1591263
2883148661.5324755
2905589483.0671697
2888084213.015231
2762213778.6596465
2918169389.058157
2915234173.135463
2815757742.941632
2823843690.048235
2565667295.749702
2912942663.400564
2739577596.4112864
2545866032.84855
2590736656.1604943
2569169555.2641945
2606462857.179944
2855555120.3406334
2804024479.350439
2222706461.430172
2902184588.272835
2903171340.998232
2744842075.2843804
2884695389.805627
3098383378.9094906
2780823577.702294
2971239560.195165
2799864519.8684216
2929987061.010951
2890498511.3694706
2783115054.062499
2539618333.886069
2941316836.2497754
2924673364.5937705
3008734907.82301
2752637156.81454
2793479623.5029063
2741507318.401772
2980064938.443923
2886504243.4457603
2796191129.8303556
2788544433.64738
2871963942.9181533
2779119172.747592
3003133358.3045487
2843488913.958458
2871075959.5049906
2736334445.887757
2996000556.15771
2872249232.3149843
2883720010.2962933
2920555326.03149
2823364205.585528
2847048796.4249496
2849711822.4893217
2813433113.7028666
2924909716.2021503
2965912244.4687805
2882693309.254513
2785069099.410604
2702737116.0989165
2778531684.693528
2711165863.163333
2819863748.6166635
2787232986.5875573
2929859146.4402966
2873404490.049212
2852737216.706021
2881422339.4732323
2741883772.8275495
2744906803.067347
2882131688.170866
2751522576.4796844
2860256717.9822054
2913121768.4142003
2808938399.142029
2774021858.188974
2925000648.6319265
2811100162.1600995
3012737227.1496363
2890661688.4497795
2886705515.498315
2909970740.699159
2954156991.3321323
2948562556.3180966
2968954393.3187027
2809849112.7517686
2782186214.9547276
2918207944.8721333
2874127299.0703087
3050550252.911073
2913714736.435736
2947403885.8313494
3039407784.368717
2769662668.8978696
2822128447.4448004
2678127071.630072
2828996169.463159
2831464368.094512
2902552483.6708813
2786886504.704559
2821017759.1056294
2908473333.0313525
2876552440.573305
3010039099.4814334
2854619759.471711
2877178568.9379497
2883716288.482629
2987447205.6766825
2925293515.3219676
2859662758.747494
2793321370.28136
2846734854.947596
2786844559.5430117
2817417096.9500732
2974911961.224449
2676489947.136807
2928863347.087583
2842011349.8263135
2927140025.195443
2816719731.601078
2866082530.1950445
2871342278.062043
2783072772.875719
2661844894.488783
2946328761.3493767
2848461754.305411
2842059317.1795654
2829848731.3576117
2897811162.6582837
2966745492.0762315
2937011579.8895
2799384772.345276
2944623757.998969
2739958347.1950436
2794406852.588977
2853454505.26906
2764625584.816469
2972877799.346496
2975187636.880493
2764254233.1243668
2800236921.4694366
2954557308.509846
3017204141.210467
2838206170.355758
2696555672.2887454
2751688483.737047
2834286732.864406
2782265323.263506
2863500889.673207
2803773461.913977
2961410234.9199286
2841680649.9052753
2877922112.27211
2771522708.5465384
2837366807.79127
2950292632.4503183
2790378878.3911357
3032806618.6276474
2947716568.2091155
2924212740.824561
2810154222.7361493
2729381450.901422
2850374404.089934
2934222371.944511
2787331111.3285413
2859400421.7958846
2688654506.350089
2878035605.690041
2850915356.718097
2857511761.4623623
2882893059.437803
2799559763.0914865
3008025208.693565
2780212214.359609
2903822229.122204
2807664526.2563305
2801420094.442051
2769332989.0652943
2730002320.4191866
2891288741.235292
2945305126.091661
2782574967.203166
2625907959.2508984
2810288977.9172344
2811891926.1033163
2887422832.5232043
2878837660.791957
2839420850.253272
2896440861.6179705
2839645054.2449746
2669643091.2511077
2776287710.813275
2998557839.3688297
2510138054.2620234
2740292208.144833
2721844455.5657907
2852370874.1211324
2937916167.0210648
2966811012.1483574
2749113896.8565445
2648700311.5224557
2830964961.4206843
2885663032.0912805
2595926833.0659137
2758467313.929975
2776313414.9707913
2784538080.2471013
2874285158.881275
2681080158.1723495
2756151001.4344907
2690873543.296507
2862537396.405355
2606243463.734616
2571305940.2908425
2872636599.9508595
2731600218.5972867
2956924215.5847325
2821002995.080171
2806790988.111525
2811110324.489849
2732274560.360227
2942042747.471122
3042335629.2231565
2974550422.8490243
2499441381.9955697
2767362969.2701063
2666994028.2613173
2506953789.295823
2473734199.1021423
2022884072.67076
2102374786.7441833
2347477837.1486454
2397069345.5523686
2342045914.6552873
2352618699.5440164
1962026381.0519936
2295698290.5234346
2581699308.0087104
2397048899.260276
2539007934.4709916
2096104332.0545955
2383627923.4775863
2463289383.6717105
2570010128.048456
2185630966.7959623
2261213974.381888
2195105619.7444973
2748487048.821127
2645568799.589118
2380238367.262837
2431159223.729538
2857833473.580246
2526865196.2358828
2719228031.706279
2693563599.080649
2672662357.885082
2877585907.7003193
2806000203.334961
2639498612.497766
2802037086.326163
2545089069.3071694
2831844572.095805
2892844306.5659738
2843463129.0613313
2760826495.655848
2924114260.6418166
2806226137.4220624
2777198350.3130174
2675038766.5559287
2795253224.8671513
2718091333.409895
2105255147.1882265
2116654925.892821
2413565454.976878
2487414143.7266455
2263962861.0668445
2552148953.785384
2661683491.793372
2104948876.1712704
2166927193.4715104
2668773851.466288
2134213267.1018772
2440706611.4757485
2119215618.5824113
2426142524.0267973
1999832990.8684733
2569094426.5947466
2478014571.5038896
2516873978.4258294
2067747310.899438
1863404041.839975
1838880648.361658
2144762541.9740086
1982195571.8213413
1842756260.1574342
1936950663.282479
2076600197.007094
1791752580.6689801
1803917575.9239974
1837566559.489944
1972480890.553701
1916675735.1652887
1662552564.1985438
1628317393.3725595
1759230085.170716
1518881551.8849735
1380820586.0318239
1522749929.5364301
1230847774.123722
1697128834.1287313
1832090725.3608694
1414551848.2333524
1696028705.21134
1584587663.359794
1399978413.311295
1163611098.0277462
1405797550.41804
1260773724.4037728
1068418982.3769335
1161882882.5634265
988573279.1668308
920487628.2555305
1130912672.673402
1061094306.2377651
1325174648.7143443
1047377937.2202758
1075080692.6439354
973297880.1129421
273573650.6073818
1247107093.766873
969337458.5769613
1021099219.713274
1237785647.0074553
989826887.5477512
812522090.0324454
333811533.8656402
732030365.5397213
316698794.1805955
1079212961.0979342
782232355.3478842
94118249.70814946
996921284.9447888
1026086449.6529543
1024663665.461338
964293817.760895
1135273199.3869414
1074065676.9766414
1365325236.9461286
1129358005.2232933
1183936716.4304876
1018449406.3244989
158844872.78919387
891656693.8536005
651400308.192379
288646604.38222176
919558952.8065034
1065169072.001973
752419589.074852
294431567.3532367
1219141167.4612849
1343556220.9421637
1409498760.984859
1820034753.206718
2324531284.0313683
1736512244.7954426
2269686267.046276
1762162874.5699646
1742785512.8975122
2031898409.7091193
2174573514.6226964
2175956558.244294
2213181377.3074822
2101778609.9271975
2107282879.0912595
2200727545.7556787
2185303260.901245
2107044181.6613126
1959292878.3522003
2132499827.0598998
1901681348.17815
1943032403.0561361
2412205964.3812613
1747412942.1262863
2240946061.025851
1975865737.0414777
2185972763.733523
2185203869.9861407
2464768186.8178625
2377662863.8225446
2650088039.7283735
2315225890.937088
2536880464.800732
2393184020.6212807
2384231801.8998985
2441239259.146982
2156598335.5862436
2436542582.3266563
2487153390.9771914
2613593262.4649315
2363998956.340967
2203380988.2348156
2260732785.0518827
1837830040.4360187
2221229276.360957
2389403270.1033154
2204906876.899499
2469741174.930395
2095922712.7633998
1771395007.3626068
1957853579.413641
1515334552.9372666
1819013912.6360676
1731708803.2461379
1838768425.6426728
2041249266.29315
1963133617.4703236
1417916702.7441952
1637397111.4616518
1612346780.6151009
1147870393.9335938
1187962402.6748774
1309238179.570507
1245380133.4286728
1351434209.5907302
1311465837.8636658
1072111956.7971506
1140816753.558372
1317471244.5605996
1337662531.616852
995712224.3142782
1017048135.127272
1082423583.7759917
854510035.6849332
324413486.1783196
1095305779.5463686
957013088.1114572
231463727.73025763
1244067275.9938128
990993396.986246
964214083.6059597
1206293270.0976183
1174924501.970812
865762735.36395
342080003.06168914
909481346.6482272
977413134.573309
337672371.74425197
1273965367.618648
1104937372.590352
1186665438.2965398
1094318792.5036647
1174449029.1343923
1212067403.9712057
1647537757.8138685
1907216253.9609776
1890906092.0408142
1756898968.4439955
1465062782.6007094
1776554142.273242
1688519278.3232093
2069277189.6294084
1783739708.455656
1697384729.9934382
2033998084.1901522
2238816465.6902075
1951025734.0793836
1742088266.1942947
2019873615.8136673
1887538903.3650827
2421937094.305302
2134338589.5474486
2106601742.7170334
1964881463.5307772
2166807871.8821335
2039730927.7480304
2015739313.6936378
2125367744.313204
1853342898.1609452
2354242346.579176
2287532616.571393
2195163623.8475227
2213337499.9258027
1991799076.365992
2548791861.3540287
2203102103.2606335
2257855330.006876
2044405345.0958288
2383769815.5875688
2169320561.7461686
2228115157.9457245
2781377920.90785
2296655326.2908125
2417244150.516503
2637772995.0335994
2405417247.443317
2262039413.4033294
2125972937.8713431
2799597605.3429604
2699711927.216991
2071529637.554277
1981324427.121859
2336029924.465429
2046599149.808028
2181163076.994393
2610267395.021649
2111271842.3850963
2410558644.254214
2404275908.2646217
2971631050.1454854
2823162661.022911
2634863280.6126018
2729148130.7084866
2808650035.519801
2498779602.469102
2986629890.7189927
2965308112.90448
2812110857.196042
2927026583.0756774
2634609241.3531404
2834742250.9935164
2823550730.2091866
2850270749.5147004
2859231902.9431815
2947540897.3914375
2836289617.8650413
2750662212.744937
2860382918.2272525
2984142605.131611
2963579445.4929547
2886727135.836392
2829103558.307778
2821476426.3865423
2858550812.225205
2748343885.996162
2889960161.869942
2864790293.7016363
2898621375.387991
2730048300.7524657
2848559238.5952425
2890182742.042027
2797537759.09099
2883260078.5062084
2894454201.2483125
2746990754.9124527
2833305520.7812867
2644963701.6260056
3044487862.149403
2944915969.336635
2804765492.4835925
2785814432.6069
2780075608.88567
2874114407.2386737
3007588996.4363427
2676077098.3346777
2843442181.0147824
2686100143.4034786
2984505617.411422
2975664983.6676016
2872105779.1255827
2900830680.0041423
2860445640.8197126
2879197327.711275
2813805148.2536774
2908379639.03899
2771489121.152471
2840426793.915215
2798644621.297286
2862605356.994452
2797921949.9524693
2775216566.227123
2824845488.1101427
2931785173.56063
2867710826.727081
2899670508.406521
2993424957.792576
2895344934.004177
2909385237.2385206
2900141665.386513
2763086395.9809484
2757900837.8111553
2574958401.1183996
2882745482.6500907
3010916130.0494733
2720229770.2418113
3068590915.082063
2881640856.80421
2928437579.8133483
2678452699.858151
2755432891.0285096
2822292358.9103646
2738156340.253441
2648448071.8822193
2853394937.390851
2893036332.584548
2867341465.7366977
3079705232.8841286
3026466240.5306287
2926792302.901938
2941726035.516699
2782487209.5466385
2803473404.7873936
2942052812.377893
2807625256.6696386
2840502353.4798574
2720724933.446891
2907286994.9466624
2805630808.244154
2823243729.842543
2796458913.782198
2745183990.2396297
2881044851.3641148
2719941140.1483636
2770252848.7520127
2728523418.8109493
2594489805.3531337
2980186940.3213496
2714844572.8975477
2526586295.3166313
2714756415.7567215
2641970009.126769
2934637910.7826757
2411514275.749479
2488694314.2330914
2211345951.7384157
2694330052.824247
2720098028.9372864
2647269825.283226
2531742743.0647807
2969283995.387786
2832308394.4881086
2629673049.528576
2766301938.186342
2548633884.0985265
2564794489.708242
2722394920.960013
2534833679.6564283
2534910664.927594
2487396207.1915083
2888059662.520106
2412487498.6752167
2617027772.1135497
2005968117.7341533
2367202213.6308775
2498117502.8409176
2377827621.219826
2492078185.981722
2721668657.9085903
2700879316.906357
2978742929.6318707
2995109993.568288
2844352720.096507
2885972019.715359
2840116540.1330123
2730032548.214433
2770137947.037448
2973421672.751554
2752290120.861621
2722481930.1181717
2886009144.1115017
2844529530.8975368
2828158539.247536
2748816912.936445
2985377925.160889
2654381285.8934293
2739943478.18717
3037723188.399979
2867211635.723431
2955493022.404767
2901908030.5744224
3088918821.8703876
2787215077.7735014
2765957628.1191044
2817477317.410396
2912738944.7249007
2818012984.2399955
2774850713.912199
2710541246.754313
2859767208.0562124
2704161858.2773137
2852185489.4488206
2888992985.946078
2788074758.7293763
2790749397.1679096
2964969815.094115
3060546743.9220886
2886956969.502474
2828104021.539565
2756071022.338676
2774456917.454976
3004425540.201999
2869420389.7130685
2785342074.834276
2763106659.9749417
2860434646.8883653
2669653693.415753
2973363145.8933783
2764328983.1461406
2852763593.820833
2915387303.199467
2908743177.224981
2881185179.2976575
2915924884.912271
2952558655.5001383
2856832888.435657
2890462384.317558
2947527783.6488748
2797791701.912828
2844640002.195469
2868896821.3816605
2809446163.1951766
2779853709.785586
2907460011.3232594
2900792960.6862288
2864685436.75898
2890041308.0840964
2826199620.550217
2766677349.68114
2754876017.141491
3001047563.949237
2921011746.4920735
2956072204.055364
2966949162.3202868
2842335448.875786
2972818353.0681715
2820272473.024757
2846236001.471192
2823716765.3892527
2916926558.206076
2969749634.222026
2931156291.1167088
2832430719.9476047
3003905972.239841
2886715995.7799706
2934131245.123238
2919654774.9409695
3070463932.2960725
2862169526.6318545
2793760195.2371607
2983909989.1144156
3037421744.5085425
2939724969.3730817
3012418584.055168
2948519382.09859
2903803963.21241
2936845103.258822
2833944837.731372
2774281530.3083854
2953468792.0317264
2862275455.0325127
2746211959.749343
2829483269.841268
2937989937.126001
2787846971.2790995
2873910990.114972
3078714897.4809756
2873135844.5909295
2867380700.256177
2897138530.0330515
3012041027.3976607
2918945390.3412547
2888187083.7783065
3048241338.3896103
2816501918.524838
2920480157.66862
2871038557.1952863
2838372877.521952
2922987786.385373
3021617765.9953485
2906156013.201792
2760315322.794124
2789762753.35248
2932085418.291812
2753387053.5868134
2857043926.847696
2805321595.295418
2920019310.6682134
2855174371.3643312
2704617501.729358
2914918659.367295
2723211785.797091
2822799533.891556
2824149847.269195
2832410833.331634
2797864719.893174
2789234096.9911265
2809421293.382359
2758478666.067113
2919323746.0341673
2756741116.723638
2739983316.468812
2562056154.509438
3018199703.6354403
2855351614.5490055
2881303356.792141
2901506650.9297333
2907061529.3029404
2882180218.5526805
2906539863.0034943
2995991640.474176
2913076917.9571776
2766815564.2091417
2914026014.159585
2801967500.7159147
3007975569.4736667
2838031116.790275
2884639021.211756
2969945938.2995687
2897612527.520384
2703775833.4923787
2997848449.669432
2884373460.393817
2724884922.341715
2831847201.22995
3040758318.5875297
2872709202.3164864
2978793741.4533243
2923239916.0936103
2868604504.8115416
2878668402.253198
2801378586.2220926
2719133580.290459
2946859931.301472
3024897923.777037
2794164893.75243
2883323868.41449
2866403950.779918
2758371770.4183607
2790722710.4232826
2788709522.373177
2908395115.17713
2778652601.73215
2923852650.119785
2856177259.165809
2849067998.4328704
2849038050.35621
2759606046.1025763
2642083629.737101
2859540962.763584
2606314880.4404345
2589873701.007217
2885357138.0433726
2911442609.167895
2950600478.260232
2864586849.461578
2547726725.390279
2939487462.1962047
2961158110.5594645
3015387251.810189
2578840345.7458925
2452812833.855452
2900876455.4694386
2792792043.0446725
2719534237.7624416
2892422139.817219
2812305536.0262036
2876723264.0749354
2779753520.4045386
2786817796.8577123
2888393075.174916
2968766106.2429733
2694387736.883126
2776935275.7351675
2880187010.053057
2592264880.7104263
2913882559.507328
2772661376.4227543
2875042222.2655773
3043492394.5946617
2685624978.6654205
2874287504.345664
2850512485.9278035
2927071832.5787125
2769905863.728457
2662535645.185343
2825318247.9175544
2877830326.131441
2862722064.2590723
2781774396.9150057
2783571535.7947145
2852278724.4741287
2960393488.8970613
2879717852.611096
2977033919.3944182
2916565848.4779434
2864568473.6029296
2841603681.271925
2857149938.2907467
2913519586.723174
2668091232.111537
2707059087.995362
2824768101.6611605
2899482954.0753765
2866315631.208456
2839522007.8371005
2922392249.8984494
2898075699.653776
2813070808.809631
2885987500.7446713
2804334295.1666207
2920228972.08073
2704326465.167975
2908544324.8543587
2753684151.0975947
2953124376.8971467
2796197229.5605707
2757289031.517189
2916479228.586601
2938859634.4643893
2783444649.4357476
2892873630.5406656
2871472068.97944
2962363011.465753
2769445084.477358
2836972945.3726444
2986382261.7936554
2829098998.06749
2916544053.5487204
2928805293.236368
2768432641.7216024
2753859783.6434526
2886076161.4373407
2955217857.1012845
2997765571.8079276
2862611538.782796
2888297037.1965404
2894695802.668429
2794420610.1031423
2846825013.4280415
2838319687.957525
2846135767.552225
2916049523.2417164
2700702462.8470964
2911836948.5740037
2830060430.3442636
2800770575.2387533
2689090648.7337465
2833269488.626105
2906145807.921715
2856847988.246958
2923103683.195387
2913007348.573391
2806287906.177573
2671332584.0257397
2888951511.095791
2796194136.2397914
2934036818.0082536
2717993065.5357156
2912437965.0584435
2810442210.257016
2886241544.311721
2763292453.374995
2923816528.9481297
2959360545.465513
2699469038.150098
2784444544.939242
2892289936.307745
2877517443.2210894
2825780436.6622787
2887554263.0974207
2739544834.607768
2979155591.6684265
2930755893.0315537
2955973175.6602697
2888574005.4381595
2825892599.0200233
2706108799.52946
2908864906.3130193
2802706517.38181
2858155936.1973085
2506524774.2828617
3034022300.2109265
2536504712.0799623
2846219744.2309895
2388333542.612245
2250958558.336353
2565780951.0720563
2326198897.3879676
2305363298.095168
2489737610.118944
2221480495.787879
2450154707.5086226
1959208938.4503384
2388260208.25233
2479982911.074803
2472499355.9925632
2401337142.569657
2544226215.2713366
2259998323.3798
2476540159.982085
2393222115.6575484
2773524305.9493413
2737739730.612157
2870800388.7353597
2892542618.709318
2989096439.7615633
2799293410.6026306
2746633352.9894814
2384389614.4960985
2596233243.852776
2655982055.306335
2576419584.5605536
2270750889.021248
2348464296.874627
2287442099.773838
2166152071.7825623
1925298585.667904
2541138165.914029
2220901507.2352786
2113174512.0163395
1888500325.9393792
1827609809.236333
1763185456.243355
1606021368.4129553
2265995276.804572
1991460034.8552504
2377980812.8331223
2119810051.7840455
1585221529.5725987
1743511558.014712
1663236505.2022948
1654322411.0884864
1260873151.671367
1235109347.1204839
1416678930.6339488
1444858059.1142964
1439708436.9757752
1322723433.8022625
1355423202.8424785
1128473235.671441
910753900.4588076
785069298.5389775
278104501.9090582
1370502231.4899006
1015594320.0114272
1329993714.2473454
1140058256.579702
1146448162.4227853
1071783197.449876
919418825.8098758
1100771498.8863504
1070739355.3854414
1108470974.8657727
1075450581.1521013
1482200348.7728195
1245827501.2284176
1200120804.9304461
1165754109.4719195
1087964412.2805655
1272741387.9915857
1277835297.0317786
836347516.0808157
1327120344.9311109
1038117439.9064971
1218162518.6544414
1172312611.3878524
1228330737.1506166
1126486830.6506658
1150376785.872883
1059002266.1936609
1265852927.5776887
906550710.7926433
682500539.788096
212199252.36357167
965892863.0226506
1192481314.4636374
949286761.1702349
978831290.5395496
1115356704.2733982
994710089.2215903
1247464239.1454415
1392767838.953123
1177263881.9937928
1133078392.7394645
1303687273.7570283
1309365999.6332114
1352454365.0309997
790117609.1110028
1342927209.2111983
1289383753.1825063
1047788423.7012944
1193007030.6589427
1304311793.343173
1158181871.9608681
1350064433.5488718
1536519742.1105287
1648252958.3074336
1921216030.444719
1594394101.9823174
1682670594.8801272
1601532220.9996457
1541233738.670926
1697151455.0795166
1879276953.829844
1704811340.5114121
1883642931.4547017
1540764635.1473398
1517155906.0435393
1637428213.9082513
1716759402.0469003
1483873232.5034778
1373129349.1396675
1374907377.0631921
1432793162.744691
1293499832.232903
1261302278.0802522
831828468.0079012
328164489.4694782
1353471924.3607514
1399524414.1998868
1252086705.3738408
1173676696.4966223
1566709918.0663323
1667452190.419979
1599628243.9033537
1588994236.5952802
1582396498.8280087
1624585036.803296
1850254775.9555416
1271122178.6319823
1258608692.8531399
1154749322.341984
1205626910.8568559
1413472042.759627
1403898317.4953034
1233249564.0455172
1675333015.8328598
1465431455.853052
1822568061.8824615
1545684955.4243903
1527195123.6160874
1856372758.7972736
1694280940.2934532
1895169898.2089033
1836846702.1159563
2170818492.868501
2210826574.4719467
2494603008.5656567
2304193374.1738997
2387337052.8670926
2456583194.8085585
2412826168.5547748
2835279416.210597
2254322389.740179
2181785524.495602
2372299142.433125
2486194416.652791
2198950942.943026
2533176550.8912153
2346607340.78365
2688118898.957145
2766407960.6464124
2253390187.189358
2390618424.207293
2282851503.582583
2255579204.0353928
2173988719.9145274
2302296259.1180363
1923301368.364331
2498907387.360582
2251975917.972468
2316506737.4286942
2125010452.2831028
1791134196.0195956
1907657957.253296
1961040907.6044164
1969209217.3061285
1958088963.2359362
2150576890.162226
2320843664.003912
2348876552.8173714
2594542102.612457
2904456061.2232876
2991712351.336401
2500014490.210008
2816117782.436646
2805420231.3884525
2807214260.782107
2874994411.964822
2727831950.9838247
2536057986.1776204
2827778395.845397
2811810733.198094
2592893985.60123
2569849470.702264
2848330721.4007106
2945291900.3895454
2629148504.675702
2927456991.1601152
2601711846.083874
2788157377.498086
2474156034.2211676
2803612233.243783
2695004882.9330497
2877680704.0738053
2797556610.4589696
2770627232.4785
2787793301.6173306
2479032521.964577
2731796694.5404744
2594457902.819864
2615223586.6321173
2631892959.93812
2733071692.8923087
2444506584.3228555
2804398639.633225
2791160596.7356877
2708116209.748437
2924364349.436332
2822439738.468089
2751319170.966304
2641041272.080584
2879511278.61148
2716003338.987587
2732998870.9073353
2854541872.586322
2698337927.1128454
2844479649.78305
2986458913.5412145
2629823341.744574
2830118750.5200076
2780240807.971007
2710648637.863513
2879259776.879705
2874347117.34525
2497459111.923894
2826651567.913731
2849079312.372295
2701371575.3727903
2744015096.105376
2898545092.2026954
2776560132.8553915
2594200484.1051717
2562001798.6612163
3069234013.8460383
2647341189.668695
2878948590.3140464
2826297507.0265117
2774179933.034156
2558828544.3183355
2538558020.57376
2443530920.1159596
2622083774.71974
2636459733.633315
2019475019.101936
2606852430.779874
2243054054.3596725
2376767495.870691
2298749496.7517734
2246441598.6858416
2348327155.858146
2638691063.750003
2196398914.1511602
2025620582.4311564
2157646385.95039
1994345998.1554513
1850588325.6567466
1683654297.2076752
1863312048.4128067
1724081699.548215
1916010851.2657475
1663900963.367995
1604749265.0981925
1467127836.797584
1363963229.7631152
1379323175.225303
1051846810.5357809
1241674395.733118
1335159603.8138204
1202572921.9219034
1222445237.0773714
944278551.9541483
327567801.47434926
1205771278.5580785
1381373341.8165088
1238299500.4285367
1385430832.8650274
939068277.914879
1101871633.4047062
887135137.9415036
302652995.9604314
1431454345.1222057
1299586482.9741452
1587038885.3363543
1933394573.990814
1505930966.8257763
1777743387.0465302
1793293863.3912919
1783471771.415791
1526359725.6328633
1988663552.5901325
1518338763.5728438
1705788617.5565572
1466589309.0942338
1563464007.4821067
1980522506.3102024
1830342050.2114367
1595381490.0149508
2212111179.1961746
1773883411.1368628
1760817274.696093
1832460268.590485
1830969070.58538
1902007161.4032035
1964807143.310232
2095545116.4882228
2217317504.4159446
2000707977.7333453
1865937295.898872
1951371974.3375535
2010517507.8071375
1853080307.5332012
1821992851.7704692
1702881501.593208
1599170347.3475392
1603351389.7614737
1489822689.41477
1821534438.4210064
1788340161.882468
1641133987.317239
1568532877.914676
1297663251.85349
1088996941.4251134
1172890962.079575
1316791138.35191
1157910698.373007
872888565.7173795
909444373.4811004
896875840.4966311
1139405055.3621175
1047408937.0116146
941443591.1133448
871525667.1919341
1223763062.8925967
1291238731.7391787
1293668228.9549208
1596277528.208925
1519836828.059143
1936445724.346928
1725855089.9322038
1760404880.4032261
1694496890.542657
2061046210.1147714
1961846016.4089234
1998853428.305154
1984330009.8451903
2148236252.7031155
2369895625.3425503
2347912021.3581424
2280793308.697057
2027526609.3375306
2260150916.6595893
1868650577.2121627
1983895564.6030262
1848177683.705276
1675243547.5426161
1874853429.2100205
1959655666.6902742
2072149531.177055
1782922758.6687176
2056941332.9535234
2150907035.5163984
2256968599.316014
2255495207.6861243
2021320325.0886664
1790104639.1603
1803927319.109734
1800582569.54998
1672797276.0568576
1948704048.8462198
2027437318.5166037
2207596897.5973697
2105413621.74612
2121104313.1120071
2486889579.9864063
2187230471.343883
2492602526.4518538
2222405133.527147
2068875648.103891
2077755136.0767288
1789943303.0041232
1761087648.5127444
1822012152.5124097
2141684233.0853987
2198963786.0862465
2194154730.0509415
2414979653.8528576
2456330337.5353785
2073318824.0203393
2297872424.7534504
2031438454.7151706
1771041031.4708574
1463367218.5653756
2012894808.8223524
1522629759.5883682
1415055283.890538
1720642936.457928
1599315107.1294773
1348133089.8479326
1317196534.2054188
1351927376.197299
1620376381.1099741
1892214309.5735528
1878707476.7646117
1652598730.497565
1845951699.5303092
1655289171.7040455
1704617093.273781
1892030829.2650127
1586865438.2358897
1501616153.8322823
1493530864.536924
1356206879.4354572
1306161790.1642847
1465981806.986174
1506946385.7757313
1808059190.644812
1861255288.0027754
1834866720.939464
1679388157.649703
1855329643.7179375
1465143476.9276805
1738199084.814725
1893691181.893833
1955083421.316929
1590357588.477845
1165691404.0382905
1358011963.4925187
1713972843.8201678
1477340436.7331803
1191354977.9000635
1483089191.0810368
1550982943.4145072
1359331953.8390803
1535437646.1914775
1540424326.4511237
1671384681.9067926
1839984640.7927082
1731965124.688514
1555991387.5114272
1577938790.3779957
1310518338.0056453
1200422173.381905
1096436300.803558
1109654628.817872
1310399821.161252
1253226564.6923895
1477367678.1831567
1246649412.579666
1279141655.6373549
1672739868.3062007
1573637893.3433115
1353570040.596896
980751468.342501
1044840911.4437804
932655239.5073819
922380472.9103392
1329283975.6028469
1147006089.032711
1458428713.628631
932061000.5429486
1387485809.5623603
1456268581.7253287
1378183000.6175804
1591699711.2523806
1398876624.7944267
1432645733.5540414
1194807446.8694313
975529471.6985196
1151918977.921924
1106394546.980555
1270043362.2145061
1289598242.5639622
942020160.6599872
863710361.4926729
276749023.0055621
1084625472.1747994
1191355993.678945
1172596253.672368
1023990947.5046978
1287629335.2361207
1005734935.559804
1281076078.3715725
1151648556.882126
978527048.4372331
1168975210.7982786
775256075.3594862
223358039.29210466
1265199902.8093286
1436174200.4859006
1319010399.7378519
1360207010.311015
1225541257.4768484
1516908263.0756328
1304845853.8389764
1076772389.8371997
1036118036.9193102
1127199777.121021
1046846523.5060728
310575877.99468946
1196116972.3041825
878785238.9627224
237875447.3390699
1277591696.8451302
1144932795.1813538
1278228312.5640106
1251993843.8748589
1562788921.5001183
1249528152.7837725
1273325542.3064978
1211879996.1477852
1669351194.8183644
1253232222.7642846
1705873351.5556374
1464333491.0478673
1828684816.7022686
1533754420.4566271
1604576628.0074742
2013087389.4148557
1474267858.4168057
2256160465.048292
1824575439.7142296
1946551301.1677513
2001472026.726583
2057691082.6061728
1623353702.2622974
1871394966.8145385
1918440444.7612848
1892732718.0175843
2112077330.8217068
1948775674.8208592
2118624830.9788866
1904018433.7294471
1778036608.8126366
2091456680.3859582
1868756864.6549604
1734093142.9669683
1629038233.4790013
1499081974.5215573
1711364972.5558584
1731192065.4421096
1728297248.3312619
1675954476.4337463
1997597367.3606043
2071508613.3853076
1952464930.472751
2273826865.456081
2253804651.679583
2077641996.227032
2016091604.2240617
1966563202.9227986
2014418322.0976431
1479354788.2355442
1659823870.489954
1765384262.6978898
1448220746.7791452
1589998193.3298411
1212877675.5760648
1330055315.2322361
1322232235.0399072
882469972.9937679
312304520.5952522
1091750831.2387755
1229969263.8378131
1445544433.8803115
1298497035.797944
1263428856.5050678
1152066003.252128
1473841114.2600088
1718244935.4729362
1395141892.5592608
1647998824.2065718
1699074799.0192986
1970747424.9045253
2171315097.717372
1976402046.7090774
1572644425.7508698
1775797400.4787996
1827802260.0030742
2141491107.8792384
1889191949.9266744
1780358346.5256116
1956280500.7698302
1680320621.6441796
1732051447.9942524
1849396274.1702385
1881354308.1379924
1389386827.0100024
1439576410.0672865
1277821503.2045221
1275766228.80987
1281112578.5833108
1299461912.6996138
1239576624.460127
1117160009.6395133
1678092166.6098151
1392459819.33554
1596366029.094739
1558618159.2430978
1600926065.6018372
1647205157.597975
1854034438.8331585
1921084192.7762883
1751750473.3140159
1918315098.1771116
1574575396.183579
1757833169.426254
1867881798.872343
1850475189.4368103
1909771287.124538
1715795765.3727007
1956798144.713391
1998458334.1795485
1761162218.2156577
1681588631.9467459
1847482672.992273
2047603126.4697392
1609743974.4860013
1688215787.9763536
1914387781.0975416
1519104625.40851
1652347828.4167268
1482169774.1657984
1509145363.6689641
1519591788.1319113
1369861134.3047845
1490703223.135199
1231875470.4095082
1452748956.8835485
1581575629.3831332
1448786918.0980415
1525465609.5510197
1375204133.0588562
1549875963.1322482
1440150897.6390746
1660373466.742485
2107522357.7989597
2062689190.3209555
2140285701.49092
2445408097.785075
2254613234.6113243
2401779542.994637
2230186444.308413
2055249124.0837545
2050938868.4150126
1831819561.0392635
2052285400.2495458
1981907727.6687884
1903236741.6422532
1807931352.0511935
1845000943.6502736
1606546115.6388655
1807333543.8834062
1735038631.4706998
1649906784.8931077
1723966130.4560273
1339577912.666271
1616807628.1487992
1735550536.6376717
1652573512.0740223
1645134976.7949097
1610229334.0139058
1698976522.8665934
1910968180.2242997
1807729263.9664085
1768794961.965541
1946161638.0157342
1843500262.8614814
1627379961.0131168
1608284674.5598965
1406126215.4671783
1898413375.5471647
2003661773.4069257
1800514297.656846
1514603182.4170387
1233498448.9779334
1071151907.3304454
1136161394.863863
993655816.6129186
202318644.68407828
1549150817.8851683
960276628.1953442
1104483876.6728237
918293380.5230114
271294797.1664658
1224643163.8886292
1151922853.4561594
1257015389.4687784
1041836642.4146955
1325310465.6081324
1358912747.9614623
1158889970.2537339
637361125.7546657
289543754.72285223
765105058.6617924
174794178.74952507
736794243.1194669
381384032.74981505
1067942835.8962219
1083516215.7907803
953337745.9151989
716086574.0901392
335550397.08807707
1119219632.3996117
1078589183.4624553
308250533.3561041
1376916101.992032
1337556423.133176
1740859219.4788318
1595946851.5014753
1431198091.0820813
1233298560.7886157
1318371662.2659853
1203902690.6966286
1042614473.6047275
1261504462.5154471
1021446033.7500004
1026760471.1145495
916265120.7374426
299860327.25254405
1354643472.2646985
1247821899.3674297
1017633103.6798052
954903201.010009
1011783049.8996968
274979365.2468143
1371812545.273935
1526709055.021547
1345760248.5306349
1576780053.8076909
1404752907.4873233
1408015762.9878182
1187915162.165103
1445954816.273327
1165008647.2910736
914465207.2059885
272752182.2335238
1337855111.6608493
1630101788.868345
1485730113.9749775
1590798261.7684007
1449236902.1697679
1228444908.1983616
1559899345.648273
1558077764.261375
1433430678.160497
1847010838.681123
1812659725.1803637
1939264828.1766076
1971977184.4712691
2430224398.9631166
2283299255.1331153
2249269420.6494527
2177691677.275448
2072221094.6084504
1889005889.6936564
2027305759.9173255
2222636273.5592284
2006654653.800282
2172633506.3662667
2238623053.3371625
2355567890.89228
2041729771.5358267
2095297753.6299055
2043262430.8401961
1983540274.4471283
2263413724.8302364
2265951739.3277607
1822411092.681527
2060693516.3195307
2191983387.0168414
2355560232.9235044
2186563575.983235
2057857425.6825318
1984865414.6207736
2327515345.1148605
2252744985.078079
2416393373.252139
2232420641.167631
2308058791.0441384
2190497432.2414565
2136441111.1904528
2515279592.240737
2145947501.7680883
2100877068.323592
2538518773.367672
2152716051.4071493
2610679273.9553943
2509492055.984078
2826124783.988582
2421878973.1639495
2351770277.5403395
2393619932.7388525
1996848334.2050457
2469926404.118641
2623463394.0785656
2233590763.931893
2172729415.6205606
2458292922.840556
2216737309.9952497
2587888241.997399
2474404149.872796
2263454900.244415
2287610600.6727405
2594520087.2050853
2347382253.350082
2134920736.5014083
2305638482.9928913
2241330079.6341887
1805904690.6658394
1944770347.1533735
2001144128.9353898
1509655708.5298533
1801529774.534281
2071065563.0746143
2055808571.1179433
2158791286.0877137
1948530153.7715998
1844222262.8167012
1770311368.1289833
1756043232.3812828
1754167646.0584223
1800477792.311288
1842647658.83187
2083368316.82154
1915645552.5392275
2195011721.606474
2241158677.8788304
2439446588.4557266
2487157241.5532126
2286983353.964776
2077297824.044297
2470859435.277963
2645967267.3773947
2329144415.2693563
2271433802.5188093
2012927668.3880994
2261581264.7246737
2139038163.9438522
2212056696.5332837
2350522538.503102
2405248298.810003
2312960076.0825706
2600946705.0333524
2495757615.528826
2762802617.864184
2693694980.864742
2496913600.904492
2498066888.125717
2681747331.870381
2193687189.534805
2455513404.0083685
2273332928.754172
2106606825.829993
2293459585.174199
2029463549.9512599
2424118286.6446857
2154371972.4586043
2545951254.0598836
2427436031.6519055
2411570194.2894974
2484173642.77928
2198581441.2325563
2407149261.6130705
2547837655.219261
2452294734.9278855
2554142664.46796
2621802050.700382
2236288374.8777723
2545929037.3467636
2395612550.292752
2307721359.35034
2542950777.202772
2683179597.051324
2926251872.6782784
2658130858.059886
2587974525.252333
2722695596.0691457
2406477290.147558
2214509183.6099014
2264646390.4445086
2181288868.934038
2260656939.1485095
1956657101.9254873
1787792428.172539
1687518938.454282
1536888738.2118032
1292508118.2549367
949746497.372719
1113889483.6282563
1356564973.653181
1709657261.5190487
1458689023.2741857
1722181258.2705002
1544753395.295223
1686623664.0029511
1792245556.1252382
1645209079.7689884
1663034779.1797192
1447464025.6146245
1284701788.607103
1409474731.9472032
1304183011.283566
1382545173.9787178
1124225099.9621663
1347778159.4792316
1227017022.841434
1272231385.8812854
1158599275.5689425
1123985625.9854002
1225942845.8861945
921665951.1357131
272801490.9495483
1431827642.6691587
1583324567.492083
1223604953.8530695
1538359822.3608966
1687717443.1442497
1745594297.63547
1683596446.8482013
1579811447.1639109
1702695086.65548
1405452868.907553
1674057421.3277702
1430289091.448547
1667009362.553562
1585125391.9000788
1422701197.704448
1574802054.7266076
1704992085.6373465
1828641444.2072258
1438079928.1242275
1773479980.1395419
1935510203.3237467
1907439027.215433
1825269728.542846
1757294058.3065999
1817012946.8420877
1937480844.3954177
1757811398.501703
1539494672.9407444
1876250479.2159657
1697736894.4663978
1715973091.9369261
1979460010.354972
2519677562.1330442
2169510900.6551247
2029445321.3289084
2293090077.9328666
2185980751.0187593
2331416639.7992964
1949495756.594956
1936706308.8936024
1878675692.9240158
2146827618.496986
2614379489.7078004
2051439244.7164533
2138215368.772146
2429973336.445248
2544072783.4032874
2222348438.46975
2437315533.501708
2356227528.9702077
2247102257.0250406
2028939869.4519327
2564017150.8062263
2123405970.0493326
2277351740.1016536
2083117487.2706716
2036401918.9846792
1941329497.677507
1964403186.8506603
2135264756.4796004
2410018724.7152624
2663283586.8980618
2175493832.7000895
2651471977.9937315
2675607373.8200383
2833888862.15929
2724452980.7929187
2758927361.90387
2651019493.9839077
2335544339.621988
2605880557.182216
2392967666.5440493
2365625462.2212934
2842899110.359095
2630466484.5946555
2837439083.919444
2736403221.797199
2975221770.4068003
2839867670.0251784
2879692539.358092
2866069244.313465
2681170976.470281
2960193208.4936447
2827647506.476264
2534507854.326772
2754641196.097612
2508157364.2695723
2681630334.9088326
2155868179.0161805
2558041141.212695
2489704336.005798
2733236565.1264544
2722965010.8186564
2770439596.1402087
2817268360.682552
2897494112.6284547
2678507130.256175
3017043889.094315
2761390462.6190667
2848332817.541532
2719904274.2604475
2939266545.259
2800706133.2847166
2544859139.7450285
2755267024.5133605
2852180118.4924083
2739055436.2580667
2901378278.7027783
2741085049.984058
2827362628.8256907
2947924816.2830715
2833019658.6211433
2957960848.982152
2778327763.4494705
2809026414.4456644
2701341148.352455
2944125237.6341305
2834901897.424806
3071224470.9509826
2759533693.448716
2801276065.3074183
2790185816.6319184
2751807282.820224
2748134108.3978987
2746531552.8813596
2836486712.9653435
2799928681.83845
2637141766.032252
2680114417.8969727
2813607045.462179
2901565302.545103
2688005168.0709143
2931134109.79656
2656390116.3408895
2787652726.5732193
2780136190.105472
3001422080.3021398
2868713577.140939
2757617638.9942026
2781872604.055232
2903143917.056389
2901817008.5947022
2878178762.473843
2874492608.0281
2684805071.1725936
2762469560.667612
2710889866.8803177
2992834888.4354525
2858511740.722129
2950360123.144588
2836877122.3047757
2825311527.2126307
2873954982.4856195
2834009588.8617053
2727923693.8344493
2972379064.725148
2679204832.4275184
2841944480.771555
2893276704.142583
2714744795.446658
2805140033.485943
2876021896.717422
2591361793.0755873
2881664087.277322
2831287890.9840927
2691976472.867861
2757730241.6455426
3023565836.776442
2850701835.882039
2490061551.469398
2564681384.1901107
2808991667.932472
2746779461.7338343
2874304158.6905665
2600571678.8599977
2734419067.885222
2322152145.2872853
2634412064.3607345
2138755546.1085024
2855436229.145351
2647869367.0624924
2876105330.6346316
2883979243.336013
2688092115.175907
2838292268.1651955
2968246592.270656
2726993311.282499
2866187948.481959
2896192531.2908745
2825354473.5286493
2976745526.7004356
3009566517.452154
2575663722.111906
3038142350.2029753
2974172584.2255363
2842223801.513749
2770038985.1857586
2884930962.8510933
2836868776.4334226
2698265468.0187693
2758210773.281769
2379799461.4578876
3056013903.9573603
2828789915.159237
2635656540.229018
2627867551.990922
2388376045.1852913
2452124563.8463483
2142511507.9788194
2333692978.1444063
2270586367.1241317
2503709498.269849
2015822561.1687942
1992815992.3109515
2216485694.0764303
2133016759.8728108
1918962328.9273312
1896324741.9448547
1834898222.7303765
2264042862.652994
2192461851.9515696
2008161433.9063056
2332681615.684906
2107309247.4575708
2309061663.4848437
2147465783.2711809
2240359026.4919004
2226079212.3615303
2399310005.404282
2178285719.5732484
2437598670.336056
2401428888.895331
2242586058.66229
2350028071.5283384
2659323375.2717013
2636635602.470836
2784514011.2756834
2635882767.9337
2847079187.8205004
2645353285.031049
2676789488.741019
2719136100.713737
2935720965.1719646
2652322901.0866714
2959644063.292122
2587658432.0447493
2584972140.22011
1981655415.2606728
2429155671.920645
2406468676.818605
2522749809.777232
2290217582.1487513
2414342250.8715954
2210558675.6568155
2223471232.835595
2428698754.028949
2256138195.847387
2339415751.0188694
2024737397.0223844
2504234071.598475
2697238750.539397
2163573402.088137
2569983522.7362394
2581966749.3829327
2562729242.005967
2731124973.1059313
2196189472.123502
2172562522.8254423
2447775258.9236655
2401564984.178826
2509683167.1518803
2373775969.874095
2206896749.850905
2781708741.8605485
2780704804.734223
2491039897.1700325
2585186882.560547
2564714985.880471
2360090460.858719
2147202178.6325731
2374716198.054559
2654636245.5208015
2421883664.926501
2392123906.359311
2801277101.099456
2520926696.2912965
2239578515.200528
2162954167.2058597
2228599997.8772926
2394987547.9044504
1962141114.5880036
2448582395.640487
2495277517.6613245
2413746309.940339
2506192278.6745787
2323919824.385945
2103300901.428369
2143455404.4492419
2418977685.2916107
2111799804.2814374
2029189154.1975782
2258820609.020667
2005556996.409879
1844440093.7183788
2153229515.485139
1847470026.2981837
1897825708.6708467
1926229596.4898202
2246551209.5913544
2189507185.147574
2154472388.9540763
2092755402.8458862
2373036963.550939
2174425571.655221
2032995149.5647373
2049854309.4311676
2105811320.5614657
1961712068.2252712
1968797804.1331916
2090856701.8220403
1705947497.5276062
1659912962.1942449
1770011931.8855252
1523942782.015144
1498651595.3690987
1512187424.0219793
1734790992.4035172
1697235689.064954
1811870300.2082424
1744869058.4726434
1733764575.6550972
1886698285.0026684
1712712637.3629222
1587403481.944881
1469598925.4974623
1613182103.9314046
1806423388.8188107
1742220465.1658995
1834631874.9338717
2019822794.0232344
1767173184.5763228
1930342023.064392
2029264727.8705096
1830847760.2966237
1686914980.5978477
2064677059.5205886
2043218204.206532
2208412665.9742827
1819073609.0694418
1990591325.0593781
2252563738.933236
2198494091.8243384
2007169599.820062
2081883045.7082372
2321958217.4577575
2286430838.72003
2007896395.7272909
2237823011.383932
2456168364.012499
2403546559.049895
2383304524.176524
2211868604.1537504
1855701902.1053143
2234313413.4369187
1682176215.2805343
2269096872.5585237
1575338078.9801102
2256322683.230204
2360302353.1439533
2395970371.6387696
2306321868.6297436
2542908987.440219
2457250698.882062
2595619766.338542
2524203644.6303782
2425861960.389278
2308162190.126455
2454231445.904344
2675849633.0461316
2376623679.627895
2326563908.170413
2485546016.1095996
2007045419.5715191
1785438913.272051
1926531017.5327346
1840439172.1427653
1447516638.4380474
1520644546.0936282
1406693901.694356
1464764031.477105
1622663667.0687547
1533012504.0523376
1487943455.1186135
1627252040.6395571
1379538186.3368244
1449439799.5751376
1713467603.0422404
1388461859.247456
1705822561.2954075
1817492553.0946724
1736911574.4889848
1574017962.7725723
1532794020.4536808
1971406417.973911
2177664648.227575
1924545301.0971937
1999417721.2705996
1911279291.1589217
2038955853.3775103
1799102749.7732818
2057873813.2277946
1971617912.7903452
2482747625.177051
1947236217.7822196
2502504045.263352
2136257549.9783685
2325966691.997993
2119570219.6631563
2027406246.5404801
2009009499.7980125
1869291812.2288363
1872222516.807286
2013054300.0985358
2142928756.2611082
2072971352.271452
1901261317.6918128
2021471729.917208
1992371432.7615652
2217296824.5960474
2262249008.1663814
2032140390.0758665
2084882324.0896213
2382928587.0148945
2267029793.3451896
2333671585.9695325
2349075932.102327
2445291728.531084
2082722562.3413582
2061578283.5765877
1943441765.0465586
1918921862.0445118
2038901342.1683028
1928169205.4456635
1837953376.670072
1783877153.6397622
1977463740.6136763
2120422891.3167377
2038926703.6638618
1761688766.3836968
2013341891.8360205
1752770863.0229087
1880972770.0024483
1785640827.7018661
1650374877.2560723
1551114263.9399204
1457648905.1329396
1512011516.0331962
1762115491.6826804
1885370300.3099353
1879303367.1159058
1854764192.641771
1655606468.0666366
1566772404.898578
1430544797.275799
1546925533.2362785
1616613965.914535
1780306886.3574684
1628303934.4073966
1432053053.181217
1392125277.599324
1362010646.077968
1262657696.063038
1291208459.1688797
1592255126.677489
1486333661.1832697
1749155714.2249293
1615401359.045404
1412295875.0477502
1556208451.0952604
1366940572.517582
1012114406.3307382
786791760.4998642
268366699.97223938
1141128446.5453694
1283202866.1366358
1214898338.066426
1305110198.990088
1269283403.672818
1440988685.9691377
1408651836.17519
1392355595.1817892
1284448828.866119
1353797410.4431994
1300444122.2129035
952383466.7125561
966064214.4040632
303516096.95293546
1066663488.267281
887343264.158991
291881581.4599346
1225990508.8661087
864537589.2787743
354463367.53966534
972263565.436278
268085552.39396182
1201925295.9257789
931741356.0803788
297045370.5996875
1038925243.274412
269120768.66359204
1487951882.5654416
1658147800.3740296
1394792130.1976619
1499534013.738214
1533580824.1929722
1706788821.7980328
1663911793.730272
1502281002.993736
1534871761.7850826
1489413208.3449764
1663799330.0504878
1246400368.0076652
1568328938.3838918
1703458154.990114
1931739611.5379972
1629739074.1054926
1892035839.7741365
1911266625.9576104
2071480855.477015
2443313944.6761985
2434599664.106002
2294637996.8499
2575582255.766391
2339945194.3215985
2373682180.039144
2216953167.587733
2264980468.2112794
2295266809.594707
2402655897.1994867
2489544017.741144
2644381986.3011265
2702337316.990671
2545957519.9447994
2450834028.7723775
2687387417.5317197
2391049805.0220814
2670853671.803824
2548198474.8613963
2576513103.445674
2587582969.6862464
2738049168.866432
2735813788.8554673
2638136489.014055
2911582749.926981
2474285228.7761188
2376097885.41167
2178515025.4192557
1950927743.9310434
2148847145.210738
2089612665.18628
2089555625.9307745
2055523758.223546
2176496302.6113806
2380206756.310626
2294255102.9355173
2332041338.4615736
2683966475.997329
2704136787.9059362
2232644861.7639256
1840000384.11727
2376592472.1984982
2314346194.4062757
2426402323.2162337
2083602731.1259909
2176708030.6171646
2667868124.03398
2602069855.148771
2626749735.327404
2787899053.5055184
2766342457.5078926
2775412459.3830075
2743595543.5016017
2367593347.974482
2624874291.388687
2527272402.156978
2627183475.035094
2550484782.9283223
2711955629.0368643
2823863693.567327
2848606102.185145
2961199262.9291773
2778496631.2284107
2812815206.592003
2870358795.9685564
2918038283.695495
2729080741.418778
2933380215.303438
2891894505.5777793
2786598156.157105
2874086842.4926524
2802443079.81153
2905770508.7688637
2709090839.5726805
2820432321.2837
2839583519.8721957
2750845905.62296
2832246213.7936
2773497926.1283565
2912342716.3773866
2907162509.9117274
2754070567.799424
2843440058.498375
2869024749.0232463
2807368002.9899473
2945350283.30449
2774000301.276642
2955783671.9003983
2878071574.27283
2839052277.398885
2785759973.208914
2855771255.634096
2845373047.0009985
2753388188.935878
2853384656.0289774
2899801681.4470787
2880076111.1992326
2906443423.3301497
2996331629.5652227
2719653455.264637
2706019678.3408575
2963053034.406889
2748188531.3167696
2986091491.846985
2746284732.0986395
2902689364.9094863
2832493748.136497
2723700509.002032
2827566982.8284645
2908114714.520426
2636954976.50284
2956225278.995271
2784937657.818262
2913907495.0660677
2717145976.417396
2727947649.473779
2857592711.210475
2806162530.4626813
2710019171.8522673
2928548994.5850434
2818693411.5351315
3003844268.8218822
2872811766.7365723
2853432016.9163647
2758627871.459494
2930772475.6485257
2933126481.729427
2920063308.737573
3005383789.452937
2876112392.5009365
2849561382.194517
2899456397.541182
2930705125.218654
2870487989.218163
2799505195.373774
2620034516.2481546
2817161083.768197
2938538368.192825
2887012014.1871734
2884389666.5366106
2952688770.0642443
3012852660.393538
2880615037.2465277
2834877909.1016135
2933956331.911329
2900256709.3194237
2853588014.834337
2804962400.4985714
2785679011.49008
2908325731.7574496
2891436840.400962
2801563711.93784
2863330157.1899433
2976878334.2096744
2843241153.0523233
2652357658.951039
2858466558.349978
2920645480.5134325
2796201577.2353325
2855013201.489537
2884925011.227571
2852973064.3677993
2639865490.004777
2869170582.4623127
2848560419.9446373
2841411455.545877
2823902548.395709
2858420276.0350003
2908808478.0480127
2711432472.68296
2901565694.9151206
2916784982.316702
2843911291.2934732
2936882452.483568
2854253322.617148
2911726762.0433745
2963272057.9532228
2725098120.89668
2763337497.4889135
2735096374.093426
2832492603.2276044
2785140728.346367
2939193319.424162
2847012131.7039795
2720851656.428929
3029903698.837377
2934470277.9587345
2833605361.28881
2768784137.2040005
2735472096.0887885
2822046262.8763843
2878625010.344796
2862074912.889673
2988608941.086849
2838439944.6132627
2795910939.507397
2973783896.6538944
2939007482.692518
2892687474.2250814
2741873741.325387
2816348322.453778
2853938256.707703
2765852953.5553923
2787617361.2359066
2717949846.6072836
2854604439.935168
2868297727.422834
2931284870.1800604
2926973659.970593
2734907919.296114
2871283369.029439
2854087082.9693785
2843192716.052218
2855416189.0413837
3062587214.58958
2928497473.919586
2930485775.4041934
2874849130.5718265
2739771360.0751824
2712026820.4463143
2796858587.710749
2934728419.736433
2772393824.395741
2998970908.679868
2911373312.393309
2935562730.104307
3035750759.8869696
2871958808.0276666
2941761336.8220644
2738544305.937309
2864122949.420708
2609967887.7618036
2872223033.629448
2546671267.1502337
2877460327.167623
2570722220.288401
2959025426.094987
2721552901.180257
2418333371.5257373
2342218744.178716
2817241066.09561
2253829642.0881925
2501115087.745889
2543335889.4256997
2273526297.257536
2063711425.9208615
2192347830.751218
1955789676.4882426
2422549468.746376
2180711042.9715395
2205149804.510369
2342109708.206632
2228600871.360228
1877788303.0188758
2242194902.6451135
2129635943.9671195
1901680062.4007118
2032708375.7895393
1975687435.777289
2044642092.633298
1645782865.8000834
2087144115.5060053
2209855088.417716
1980711528.1628985
1615737874.508853
2089364071.664243
2066997527.547772
1701315033.261255
1918169633.886483
1830973736.4571323
1868209010.817911
2025082394.4392266
2018555631.8875337
2118193809.7711136
2344064324.779599
2197003963.691889
2294394577.3326845
2127373575.9504132
1981874321.2313282
1639222254.3322394
2066645408.1293967
2016544477.1796708
2062342943.2550492
2077428135.8118935
1960966342.8488653
2185917888.0526233
2051768211.10175
2006790445.5738733
1912574552.6282456
1754499299.8106928
1992853936.051664
1768089420.1526632
1857647335.891544
1802359875.5196986
1817527815.6749594
1745537037.567265
1839183574.5816205
1365667348.1535099
1766563516.5679233
1753453597.4520006
2008783778.742425
1895658217.7294672
1594314390.0347857
1829580826.2336576
1895179420.1923416
1841508269.8526347
1643242276.1261542
1664702258.413869
1412339487.427724
1381489900.4438975
1428300097.0738537
1450572457.2232523
1612136869.9261527
1315681618.0269763
1836744635.2264578
2064333282.3049645
1615257413.8091476
1594277628.868784
1650991523.3343992
1650975665.9336982
1326886116.7528112
1642259064.6825483
1759385279.186455
1389452720.955711
1775430951.6598444
1748080213.2577434
1402700784.765156
1353608340.2878287
1228437008.7308643
1482053167.6887345
1433864402.079684
1351552652.5718248
1830529613.2051764
1680986716.1017344
1767958040.26768
1760508222.3318315
1746581856.2126453
1496707128.4717412
1838821946.286883
1690152333.8238845
1674153910.782136
1333732231.9456544
1422249146.3350918
1521164204.601753
1539889312.7838979
1593406045.7911859
1651441560.2713108
1694185424.2220929
1731062964.618243
1625341765.188786
1419165113.5959132
1236477813.459358
1333528083.1348338
1471679806.589012
1288201580.3874817
1469135892.8613074
1609512398.787718
1776953063.6917183
1615071660.189127
1984577226.2808785
1812572801.710915
1865326629.343951
2294036343.456839
2384046140.3405857
1990947188.132916
2289107268.971618
2180057410.236316
2359622587.633758
2645264141.4600234
2646076805.893175
2558657301.7290587
2930751684.2574244
2757231146.2689185
2305679688.7725954
2232286724.9673834
2171660418.9370522
1910792232.077461
2206604230.258363
2003387475.8170676
2349602532.4529204
2124796376.8859668
1923639324.5144105
1916763480.2176316
2029537066.975088
1539795290.0491292
1811832250.3660402
1923326347.316092
1934658061.108966
1844502814.1495724
1627151019.7942684
1906940436.1311486
1703410519.4737308
2045641567.1502056
2044777748.92821
2038611546.359176
1518802565.668351
1681754235.3343422
1236663568.2689416
1875021060.4492464
1735369507.4801323
1713652545.8227134
1527575074.6630137
2112292073.7120843
1953411190.441534
1911184123.2386131
1893852816.4625144
1889127735.0810444
1736158391.036981
1393537715.7646663
1475823929.0959592
1510873867.2703633
1036294234.8187947
1139552746.369436
987258748.2184142
259242997.48844618
1327511697.7559857
1349708283.9037938
1456746201.7847643
1102558091.4596152
1237411748.7010674
1081029587.9653153
1440666499.096064
1631480520.80358
1314678854.604138
1054271951.588446
1224778370.104559
1199683825.0800612
1065234652.0530635
1454588819.457649
1249020105.6317022
1331804203.0262935
1472234178.635908
1360211085.6936407
1092106191.443883
1198787947.0242894
1104804251.2393687
1029549703.9480532
1044732373.375229
1064359315.3596497
1031390190.5212444
849294821.9860327
307899773.21986467
1076217109.8505626
880275387.1204113
292277524.89270717
1051376107.9146665
961359768.0767366
271946601.08118534
1657701532.5517492
1622226864.6144235
1488569088.0086749
1543456345.7247055
1589305699.4969034
1823211029.0435333
1434835444.8520932
1612610373.532138
1626833931.668883
1505328856.0683763
1537949807.6877594
1363439568.1102495
1325852189.7506073
1231142533.2577772
1031890364.6004448
1161834626.080257
1366373161.3062243
1355114750.180446
1469938533.4143107
1651127394.260312
1739167694.247173
1751767364.5340753
1710558314.022507
1677996432.1517622
1844898267.8249578
2024222357.4492593
1767649618.325678
2158903213.524975
2250809629.377814
2058933710.7472048
1986712714.2438622
2016560216.6317022
2281202794.9144654
1996956539.774184
1793117366.1536572
1978793447.3551748
1795515251.1427655
1998774427.5574112
1862932806.5030065
1706201959.4131987
1509120898.512936
1462998319.7580836
1191735297.376626
1380221104.1394303
1251699482.4307568
1205348295.965095
1462443115.5932631
1392523118.626677
1426339075.3155463
1177114131.4835448
1109497980.6848164
1212386294.7715962
744475184.5769929
351410135.2964451
1235669271.5650473
1584489847.6093597
1519764088.0934556
1661040678.7608795
1630691078.2140372
1307830634.3526807
1254109461.0436466
1329561417.6688814
1483768478.6970196
1436137429.8708196
1081005609.5815527
1146019868.1546788
940572436.1028916
1217705481.0786278
1071424974.7288066
1045477134.8743472
954192916.5576918
314580184.7083801
1066048371.5851917
301555795.15212816
1116901985.1864057
1068555154.8975089
1047696108.7175992
205837289.34795493
1310263129.8684595
994802016.3888009
286401486.28456175
1320935152.3445346
1307213960.721957
1132361861.8779693
1026319646.5225964
162804315.94787925
1131321567.9091775
1260590558.3694615
1174076321.190077
928871282.3703797
301940170.98482656
1165688180.1749415
1149442777.1447587
1357572125.1957066
1272695184.7607415
1818629177.1665733
1280486982.1569738
1718617325.2924435
1590461508.0196853
1305542192.9969146
1640615005.387814
1691174175.5820873
1420369105.8873448
1328064774.995812
1346813490.6976335
1052174099.7419237
909516008.0555097
275318925.48280215
1102737147.859429
1101861491.3588107
1247591410.4450548
1007609050.8749474
1207153973.4493957
1044299263.9032505
1296963041.7465065
1145230836.5823123
887805250.9254745
281116698.7383774
1391297242.1199827
1295532227.235891
1298317262.9640236
1325549823.5767293
1167126351.6542013
1539030803.2929707
1360825701.9635181
1210229558.5658207
1293080965.0281541
1301712412.17513
1293792665.2145317
1104170340.675001
1017586614.4937966
926826780.7200283
1000928388.3714249
295153211.04375887
1221759584.15266
1310855628.4851875
967093365.8270086
1051581322.2684044
1110338498.0411117
1134524976.989195
1148973356.0451996
1084655623.2890654
1220395246.9131668
1108410291.0318012
850640469.938906
850588399.0626177
298789399.3713327
1077194640.6743376
1368594317.6905582
1236213872.1035957
1107837219.488476
1378928262.3069227
1535477974.3100812
1751041065.806162
1612962870.2618961
1289780090.7462373
985165418.4013803
874660523.5918258
1243872324.36464
1038596524.1249899
1131402877.9783072
970604040.6229098
1017531947.9531622
924921194.17553
314922410.9458567
1141002973.5936818
859323341.0423539
319489063.4629458
1201037542.4067855
1247540100.0551822
1108275653.4277413
952712618.7826397
983821312.7981806
276520329.41947365
1132126787.287423
1292616619.7618363
1297459296.3790476
1215151315.9785519
802548081.413606
275903743.7363266
1414202924.1369572
1447558714.8883226
1304660334.0342119
1186282718.8384135
1326350441.807763
1190806408.9311895
1232917387.893931
822957646.355127
306385953.9342278
1025682517.8379947
298400984.6618109
893263548.7987593
276252864.652467
1344239303.2549782
1222355367.6483626
1316878669.8422978
1277934953.5640724
1367910454.954396
1627555315.3557725
1305289222.0435944
1372304508.708463
987565490.6026644
1102188051.5427155
1164605786.4920053
949260385.48478
858554367.1673906
270146106.6151328
1044639610.5305035
992355751.6896086
308324045.91735417
1090695846.6929078
910447805.8377337
297453422.8555265
1137623429.967148
1183319312.5047188
1173053806.2281165
989104134.1215951
1156931046.3729696
1285272345.6262333
1362007897.4502006
1513993138.4601524
1499063132.1170094
1187722256.9301755
1202812773.4049752
1082960975.6424115
1437692001.1640465
1526723812.7369456
1309653538.223583
1254292183.2860742
1523775085.6454391
1407169182.5536501
1391246439.8931634
1019628445.3449178
1090446218.1429865
892212001.4638628
1085239261.1937816
1285189661.7428632
1533460686.34639
1229445608.58058
1139664696.9114115
808980328.6598012
265800675.6656169
1142886485.289078
1172597732.7361572
1114478187.4051645
1011255631.473147
293665290.3396258
1172999334.6206756
1451116212.4803252
1641893407.6882405
1427144707.0863142
1352041490.224078
1056177691.6464691
1119282613.0430837
1248561477.2956932
1342579320.5897622
930015743.1957245
1364132547.0750687
1372465124.504593
1039452031.0154186
1101269042.5850897
1112100086.85995
969900081.3683226
1133791031.4171038
925616329.9964718
316702468.38633084
1303704741.1198416
1258420751.8901424
983722353.0078007
1120619540.3270898
1251513200.9541492
1025103326.7902582
319968549.9288821
1469301995.167215
1250321181.2725685
1208516731.2463076
1435920772.8266492
1126442150.120663
1037686792.2836181
238042549.73173437
1259519453.5486739
1262053612.297597
1257636262.4579952
1159103507.9705052
770805000.3182741
299370807.2980727
1106408061.6924186
1061327570.2575836
791197274.9798099
297253471.5570954
1105730361.2698565
1217466528.2001553
1001508401.675083
302748031.97215354
1260232922.4608958
1211900599.0883582
1258129386.5261707
1266305338.3472137
1262158896.424419
1544960416.0365756
1403503969.2011266
1579002290.0555508
1530619758.527739
1476686749.5250435
1597366743.5203276
1758201461.7911668
1840103991.8857071
1891039410.6331935
1855947870.6643822
1948414990.9572504
2138127813.3484738
2053365270.155031
1737398029.6757565
2205442184.9605274
1861409636.9625533
2303086588.455724
2231796762.1417685
2588519543.0531282
2675584053.925583
2839141272.2573366
2484451876.631438
2864045460.239672
2286056625.334254
2780534990.2455864
2849119061.9762797
2712471569.8771152
2480476387.2270103
2558394317.739957
2570920320.401448
2517635067.50375
2506843156.749874
2703827802.875153
2596376242.8532305
2359585182.230756
2451822176.4184394
2476613581.513403
2060575782.851817
2618172268.3477263
2314957330.3449736
2583280687.1227593
2465550898.363164
2156488703.910734
2449603320.245881
2360580047.470853
2714804901.8197603
2663238262.8917427
2299947263.7294626
2365317110.7821245
2047211637.1243873
2698527667.7184334
2695231168.386981
2405157129.6389866
2184997220.0840516
2343559332.5133805
2137240210.8121715
2296894316.8964114
2232568002.0990806
2286342454.332809
2202937187.68054
2472421476.413799
2647098654.67848
2323773840.68335
2117791310.8828313
2325103203.9254375
2442815616.918834
2830915311.9828854
2917022414.5972953
2557738789.425311
2496714182.802165
2395289625.810025
2276231528.259607
2429785834.4601574
2184648189.44343
2328322310.493407
2262466135.284484
2466608022.6623273
2398067778.5333414
2286244167.069003
2137706724.4612935
2041687648.291531
1987244398.0824955
2354398000.504141
1991051503.5262456
1573336604.507278
1687348427.0239692
1128121564.4026184
1470731944.6519504
1957834607.3249147
1861962589.333045
1715186817.3514943
1846914113.9078403
1715339997.31388
1392616168.5722573
1669577915.51574
1703879420.3118103
2149854924.189632
2105509640.7006335
2187947051.723496
2389498164.5769205
2352854677.810033
2025762203.9612749
2374833204.3432293
2183206554.065467
2156118544.8738575
2143435493.9674501
1766641562.11999
1963304044.914791
1810010492.9022696
1964196138.743596
1765009699.0852268
1758407850.7757738
1958881849.3906584
2039410506.5121264
2105774728.6096165
1969147826.917554
1787935316.2256243
1677205507.0393908
1976450284.1936889
2313362773.0512047
1916117012.4452934
1897965032.0430038
2122172370.9684417
1874321061.157242
2003789505.5475414
1780209810.3616316
1511481794.0982063
1503491179.969844
1418585810.1770153
1276843219.4726915
1389718176.0698154
1032835238.5820831
1260776435.8194458
1089163541.6659224
1055092463.7973522
264122732.4876855
1244686529.711578
918140110.7498162
1130012945.8337407
1047359196.9902282
1460626826.5390816
1384496790.5482514
1349760864.2022521
1508694046.3045945
1456602770.334505
1338850862.7839696
1532344180.1581786
1193340068.3180523
1384189357.9801214
1714365441.8490982
1709568357.2296724
1433967906.2587564
1390655460.8570218
1609233713.4657469
1841692896.2302744
1530061716.2139459
1791174992.6273804
1902328359.5460122
1875269499.4529672
1694528612.8815866
1731445984.9350705
1689943394.8718822
1844211889.038082
1660309268.7007463
1935327176.918616
2130750804.198692
2202086644.9568744
2392782902.215824
2186798159.086522
2123402008.2515898
1790087514.3614995
2348689023.954068
2342932836.5761833
2090526163.2817502
2364786590.820145
2019188108.799293
2338003906.4169064
1973794757.7314532
2171474786.3385363
2220266821.8451905
2306320831.3578515
1841451416.0365205
1929090221.018931
1609086114.8313577
1652477021.245362
1566903153.4319453
1666027969.506691
1570885359.554804
1355593608.4158592
1372885742.7639105
1388858521.4584484
1627961746.283363
1715970592.734609
1589070946.7424397
1576152386.1833901
1597596345.407453
1665020465.4309518
1534716750.3302937
1361626632.2950904
1028262370.2540958
1387643178.2924626
1387324012.7290947
1367540926.3976572
1574411788.6218147
1414742020.219751
1470764026.5922961
1301565534.0704472
1337233331.3769333
973436234.7853888
1092330759.033568
1227040063.093505
1053699675.6603307
1028127391.0636889
1144424865.67181
1400426523.1591249
1372222911.9129817
1358284897.1348035
1265779688.3109374
1627207652.495157
1629509497.606029
1637814868.5144894
1492984199.9863474
1808436245.3897386
1789783067.0911002
1733778354.419239
1613189385.7884889
2046560751.840427
2003145757.8341575
2274759972.8619494
2369281040.777099
2326533219.1955442
2253679761.9877167
2323320617.2167516
2426583888.810817
1963082634.254346
1647868609.711421
1713120184.9082499
1546472560.8053327
1366712441.749967
1736017573.7086535
1251511001.1017613
1309829095.524464
1289538393.2656062
1102371184.3286963
1227612301.3452923
1262050309.9412894
1215617226.3455071
1539907706.8062572
1390485548.3105414
1823221627.7773347
1860289831.8144214
1970232363.5137937
1855910895.8724701
1741462945.9262278
1859666107.5839643
1805799292.6676204
1734461950.26712
1682781349.842223
1569871384.6959136
1167660167.0574472
1251650507.6790934
1170470242.2656686
1003446503.6695276
871169617.0713781
292813458.0191066
1315543221.7054672
1194304323.1701663
1288300676.5353072
1253083300.3147306
1154806003.1081269
1023410624.6949384
306981883.60911
1144879084.312693
856227738.8915212
306735560.96234363
977104448.4197707
162426930.2872166
892276154.3021646
1249984727.7454948
932972750.7712015
958707071.3553574
350018450.4490516
1132151260.1397076
1280078506.208311
1306474816.67565
1250498140.28992
1186570297.9090924
1340129354.8725777
1492393175.9548903
1495862466.5516703
1857499855.096358
1800659730.4355223
1899711024.4749603
1789335316.8726237
1731071548.16331
1594423548.2048187
1354133733.2203093
1465930621.1852603
1609937633.3573213
1501464044.597043
1189250880.5450141
1027356172.5905533
1175716235.9926164
1238630787.607026
1359075835.9876997
1329946003.24283
1492742146.6334991
1573794997.9523864
1595234635.786237
1852026272.204917
2015215534.9901428
1981731530.6858833
1682343906.7263713
1537701329.3482432
1549900075.0322678
1567293715.1033442
1433380891.5278456
1254921632.9798641
1374697028.6179082
1273213755.1684616
1206931292.6423035
1229394178.5507128
1257109211.4726515
1311869030.090749
1336274860.1402984
1031562199.0007564
922638979.6643206
1004687636.2033116
1226468011.7403505
1018023622.0865984
1283842495.1107464
1072047215.4923867
1226968290.0272381
1289961161.7715375
1464445342.9781728
1253114863.5228543
1287764872.2914386
1104146195.6804714
1122675818.9811232
880806205.8123026
236679910.12727633
1189817328.228805
1030048855.6913922
1042571724.4659575
275759655.9629215
1342667294.5783713
1471881397.6839583
1414835584.9993072
1318196027.6425931
1361475817.0867288
1176324975.7062116
1159533234.5316224
1114244460.0977151
1054761595.2501168
1116608641.2296333
889224204.0786952
1092189956.7747254
903049891.2967998
302323615.3338991
951389017.9276732
304198859.6569039
1388238862.0848947
1449667118.3405335
1468205730.4750154
1277647202.9893208
1280308210.086497
1068552370.6186365
1280224583.9610054
1231281915.1134117
1163118508.610842
1394563016.6597667
1309125400.4716177
1395386717.8999248
1411320007.5544264
1306140643.0059896
1000213503.034333
1082873586.7752755
1053931895.3092797
909678196.4286877
300718332.66751814
1074530916.3745031
1109231477.663573
1078191629.5090578
1022395264.3418657
1392705092.5553675
1254585483.439532
1000175447.240794
299740409.06375295
1002909097.6455642
1247115851.157216
1088075054.2035851
1065915243.740436
1050416792.6119969
922745598.2458416
266130785.7953874
1024839647.7826923
269751310.2469022
1230919185.373473
1242832072.5185547
1564324081.45776
1481933522.2798917
1437631897.2633982
1301122950.3592477
1242634001.51975
1334142628.7839344
1295666546.663633
1424198700.6511347
1451202114.5062938
1383629761.412285
1098997869.5015848
1142952022.3403218
1212396159.8025825
1389162558.7736156
1508324981.5078557
1512458479.8756807
1386944371.2908728
1455929892.9162276
1392047997.1626072
1516210177.302608
1183476028.846387
1261110103.9538672
1153212459.1525922
1366011939.7602537
1635823340.7298527
1517721756.3024318
1806917405.298326
1850565947.879112
1789081073.2729397
1704986363.8818426
1788446020.560483
2078984858.616622
1776262135.6948287
1870322095.6535807
1852001798.9924312
2139758966.3151333
2174425924.0492163
2103916899.1185575
1784518879.293233
1722676381.3891082
1651091314.264631
1321228591.2193797
1222275676.3781073
1450593063.906211
1397445518.6866343
1392261122.6497817
1340223566.7799559
1276028875.5476656
1406537061.6735191
1098326384.1511674
1225302828.4362154
1327758222.1223528
1304165013.8075683
1394204323.9106479
1622166401.136295
1506898800.9134855
1691848560.6588025
1593973214.806212
1586159483.3709233
1876786531.5042696
1596973101.2688563
1529735958.842003
1556293148.352673
1939247678.2171109
1796570374.8645325
1949967409.3016996
1879706575.5419815
2157076353.890396
1943038041.6736727
2200259248.542347
2079686881.4260542
1963764399.5206633
2257043364.0995855
2363248042.147028
2296914922.6136065
2590295133.8323708
2069906330.1290274
1903743410.192325
1917949222.8119812
1964820387.1868134
1919226687.760156
1743651364.4324346
1718277943.3246484
1734683899.501931
1827616337.121413
1841221537.9276767
2250761561.7477818
2293503071.491264
1967726215.4882927
1937418929.738197
2040286724.3344955
1920714249.4037528
1504641287.181426
2158980246.4323597
2108928157.0457907
1822884602.8107016
2184216732.881518
1759637542.44293
2073701409.2408965
1856871677.039233
2123290456.4582317
2493321003.7399635
1963265393.7677517
1829966064.921082
1897116178.8494892
1804377606.3431559
1591416577.6136305
1607605587.9235616
1482380067.9797695
1648986977.8999164
1788528385.1132672
2058057706.1366744
2077092872.9956977
2019120727.010121
2172675002.1054
2114295741.6551278
2212674978.772953
2311890343.3429794
2213700215.1879873
2154673106.075284
2091307680.6577249
2412132527.4701486
2229900097.5647826
2322923343.5778317
2044247007.0518637
2108182072.6908453
2313258054.6672773
2265081330.7905455
2264097946.224554
2218146828.253907
2309712501.8265333
2333661675.519298
1723847702.7577384
2109312344.1214828
1983853463.5309014
1952995055.0743542
1918036836.5624487
1469554588.2961793
1143507396.5109208
1568002915.4829898
1620652672.332554
1159348047.6640258
1857191081.9908779
1513130450.967819
1709925810.3939736
1447630273.1225762
1354614534.6883795
1652267621.496342
1479069813.5313468
1588714188.8646207
1534570833.893515
1666912677.7095041
1395700515.5933044
1135934912.0197484
1050517037.4224167
1007760944.0760509
850525212.0432875
268634920.8291876
1489048857.593538
1498439214.7191763
1540821567.9481778
1837519550.7949545
1755172660.6918135
1548051236.2298703
1977957696.4824467
1908857630.6122777
1875253414.7217777
1686945781.992885
2064379962.0700102
2239519384.6887274
2336676528.9258213
2271855607.254866
2436444190.2960095
1998450218.9473243
2140423842.5691514
2265147188.1764054
2291203248.2445164
2034354980.960832
1799467306.1324754
2071059657.9358008
1815448956.656253
1829440867.5491838
2014283835.6000378
1953944849.3919532
1865449339.5202603
1899906217.4880896
1896890113.7703018
2094501604.9681866
1769151481.7751117
1756736570.8994544
1928025912.4894311
2062984537.499046
1949359910.5347886
1770520042.803786
1647440203.2325346
2309275984.8084145
1993860941.0997941
1987633260.7172372
1588323478.2706754
1739683741.9456723
1739193456.6197774
1459953937.8309677
1452164424.0851154
1484712265.6981173
1961325787.5417426
1887842557.259457
1913608900.506246
1647434769.9230416
1903008079.3778734
1654917460.972444
1554213973.5494542
1168466330.9313533
1372456692.1732767
1110645071.1905975
1281459901.8020236
989578412.6809864
1356189429.148175
1315009534.5682824
1579705995.646109
1386759427.0135157
1423177271.7040272
1141124524.559363
1215449427.9505937
1205810033.7870708
1174955946.9034157
1158700358.7698457
1008552711.5417917
1104935285.9347181
1349485260.005474
973614592.743776
1085023643.3541596
258965231.94178277
1137628761.3652105
1335440061.4942327
1239640704.7323568
1504445472.655968
1542464448.2828631
1424806871.5934768
1206723242.7271657
1468095069.6250422
1481210080.3530912
1850697158.0852523
1499738142.2795134
1987644649.1943986
1666872629.663691
1829429429.9148042
1859623995.1438742
1825294562.1830626
1805852500.08663
1573993396.3717272
1563361544.9986093
1518097285.6143918
1598369755.1478922
1659193016.7083697
1778541195.095214
1670756683.0109534
1879228793.135883
1815799139.4770265
1810796858.4007497
1861599973.1314478
2056441876.4906666
1823063321.6218517
1624264375.4342322
1652773931.2433755
1634693660.6363435
1765391765.7730947
1562577105.767573
2132261723.7847753
1704260993.0338798
1986608497.7470944
1805623739.6781738
1777799207.193605
1897201466.7686815
1754132125.23823
1277251534.4348993
1617846350.6190624
1796531925.1491687
2057138733.2040167
2065002935.5148091
1863948686.9351344
1865719133.6789637
1759302097.3200452
2266376595.6749578
2154049280.104953
1913831521.165061
2013105772.2068372
1647152208.3404365
1418588975.6537392
1414948266.7550967
1616104408.810242
1981851525.1766915
1827187082.3103151
1820671238.369554
1738163760.9254084
2258499095.307175
2071270001.3454864
1954855450.2116868
1769513029.050777
1953340642.0256877
1767887886.9159539
1656805522.701176
1499816436.4421062
1698335945.2733634
1485065353.896685
1677201772.5612943
1826679744.3772755
1901175926.7862096
1670287153.0510638
2049676296.8467975
1904064563.3500025
1743853369.6813169
1382278226.0399852
1464014186.2540727
1577287311.2471406
1397240956.4852018
1811648848.9988158
1830510748.2621887
1815983340.544077
1668110307.0990422
1858305803.822881
1450812743.7062023
1285756919.2738485
1369738811.8826144
1524228790.5451212
1373028879.3010638
1342407185.1813014
801351331.2886728
1572282766.1761744
1619506461.123026
1942620526.66798
1726705162.6011577
2040708772.2208152
2248442428.424602
2222796401.7950644
2249449072.2460766
2440985259.3862863
1913201118.1176877
2279112716.747732
2202418310.5034695
2225772023.8363557
2573011797.41848
2263862825.2040577
2355005731.9033694
2604334440.928769
2400819724.731165
2445045677.184135
2792798566.6972866
2593588034.933858
2167499090.602928
2502497057.369362
2689595648.296271
2955250507.5608935
2860679981.377882
2753833057.713382
2591394817.4256554
2691256746.755036
2378092466.7838993
2536764851.6826262
2468014461.7296157
2459855917.5422444
2408099914.953308
2530758916.637597
2646043429.8518395
2859663611.551976
2425813933.9537587
2674920285.628797
2844840291.693793
2740693351.752823
2379041962.416791
2421220126.9764767
2437587994.2284403
2501743731.705392
2467676057.9621906
2709774761.3756056
2545553397.579544
2636386425.441331
2641442355.4678254
2924436936.4402905
2407419085.5527368
2264014684.5876946
2485063152.7713566
2398533318.2879586
2265161323.005423
2438399915.2866488
2845408994.2476277
3034862115.6634526
2789966730.2148113
2786656818.626556
2745076448.2677417
2763878409.106631
2723156661.393935
2720049779.5875316
2805062660.731249
2806612392.6733117
2673405738.6320252
2857931447.171103
2860454460.2124963
2937701348.638075
2929302997.5771766
3016796418.1490717
2854146063.7052608
2760302832.4650865
2704748683.7079744
2749470867.812108
2681807629.5332575
2842715226.9494495
2776296128.648557
2909067230.8161054
2865160489.148933
2802809948.889381
2820898762.0448165
2774812583.0369534
2912587920.4358063
2786299571.8427715
2822025252.974948
3011466394.444178
2941680485.6929975
2785107542.5288677
2830765378.667562
2767583244.1266484
2932324844.062361
2641600173.0362654
2626636628.308112
2743515496.79824
2447384963.314431
2232660472.8757997
2229749808.4093504
2160720696.0229945
1985632310.6934109
1921028011.0880568
1916754031.6280127
2269380435.5392275
2073952440.492102
1815132459.5139923
2090619821.8085008
1936972619.6463826
2114811634.3168347
2423721447.745325
2276691384.833341
2339990563.983116
2340334790.07692
2342684321.4887347
2723276387.469958
2471970954.6212983
2765391947.665158
2850927019.101357
2810524185.3950872
2783108441.2665896
2659611434.833889
2482847539.724772
2753197370.9501214
2712299961.695944
2178868865.7944427
2265702483.3886704
1870833307.0856545
2117489521.98049
2155619629.22342
2295213303.1376486
2353165779.7320347
2195703796.819353
2344580692.6279597
2350597561.1187725
2299288038.625192
2624913492.6794834
2260483769.735644
2420077691.432098
2215054989.673518
2386742166.1047926
2192875275.7605543
2205286819.8186564
2063505302.5256248
2247909464.6795845
2135213079.113405
2407405355.143122
2145640537.952704
2721811360.383789
2451617931.252893
2538778410.2002277
2612872704.520379
2606899149.542746
2477799369.621357
2458745879.2652164
2360479933.3207192
2542671533.748636
2606139907.746475
2707043831.0118237
2641250168.5112877
2487767234.6660476
2252729686.683446
2394264940.237666
1716849504.489626
2269880628.0632186
2085885658.8329005
2096222014.6406605
2058728127.5142477
2619773923.4206905
2655139101.8657637
2791997742.8697405
2701832118.362918
2687215930.5458665
2855589661.5874166
2635527957.9230604
2994172076.876328
2914781764.6718507
2943670381.690141
2835151431.6957045
2794865284.5565147
2908377604.3309317
2920925133.326886
2834266606.8405657
2964605367.615406
2869880871.184328
2900098396.0850363
2717068729.1443267
2954151257.8640823
2876778144.1344047
2771803791.549672
2704493753.24867
2793750529.0512066
2913360928.0188866
2690722734.9506874
2746348230.902711
2797958790.1821566
2853473993.158257
2953416055.7844462
2855376272.8252573
2681015194.0215664
2822431659.7911205
2856212425.278351
2861287301.300361
2739348295.4646573
2942709747.956576
2845513442.033956
2857304079.1862874
2860674359.0877337
2830904959.216954
2874900229.964146
2634799068.5023947
2925692672.689646
2881498187.4200125
2916385570.04631
2550985469.2213492
2747075336.240068
2951409203.5128856
2802852091.3554
2549489154.718876
2770487049.927351
2940799741.804873
2815651984.561051
2959834297.121443
2744057220.102882
2907622834.9687104
2828818268.938504
2868315517.4073577
2969759051.069112
2852307420.2331667
2775554800.960269
2770512736.02319
2920735136.6951904
2939226882.4643383
2828636033.370265
2867006624.6194487
2832615770.0214324
2846180905.4026837
3021298266.6294255
2829929572.5414896
2821513082.458726
2559607595.558761
2606962967.339328
2458981386.7905593
2577023122.5661054
2254395650.0644917
2163569409.5837245
2406042365.849676
2092106624.7459962
2097545212.2301133
1975308678.1345077
2314745044.763825
1968308993.3696496
2443812471.368043
2157022684.412529
2583688746.6670256
2449814385.596015
2565094024.9223294
2597543730.295847
2607539135.6921144
2508796057.938466
2228144130.8260307
2344104616.8405895
2315290226.6122627
2503228541.0669317
2222960062.322408
2514690086.2347026
2353509030.9987764
2233360524.1102514
2267048820.651425
2515362253.5607758
2412860719.014249
2282011458.6243696
2453867057.9935193
2409122651.4790807
2240994863.5641894
2485027728.72391
2388664236.8387504
2566292493.8121705
2278539138.8703256
2382357486.1570215
2521428986.0604606
2200804193.6091423
2191638913.9486303
1899228968.355815
2037220474.1579018
1706511984.5795844
1686191052.27287
1783514313.3205178
1711923053.0748973
1747681282.7790487
1792376527.4554942
1778152926.4895318
1855088908.9514294
2002463508.911573
1681948719.5943732
2223384859.3521757
2378874163.7770452
2380642552.428214
2492746532.9764185
2797397403.0070863
2547501490.0887694
2515952176.1798544
2840261435.108029
2752962933.3739595
2311271217.4191523
2545680423.389462
2524594217.8985653
2174189294.7213907
2263102154.4550247
2471451673.2306237
2255597314.2391067
2451324701.909509
2469738635.033177
2224842131.1628556
2200810658.0864954
2212321423.0778427
2104441570.3803294
2149095449.7249784
2066597249.8698592
2043101291.6480827
2032775326.7170722
2056698461.529708
1933328852.6566951
2054927722.9571717
2040004283.5906918
2216592294.6043363
2310244167.1820498
2386955318.0805235
2516606872.1302896
2541706028.8020554
2601728566.9462805
2484626047.5459013
2275028148.987209
1984820615.961654
2181897655.7151785
1860659030.021875
1830417148.0149868
1648000507.0862782
1723036564.432654
1743354596.470239
1799977073.7076766
2102768706.3755307
2040881127.226031
2262822228.10874
1825348461.5854826
1850463625.3735204
1790443758.8291855
1792908246.0609038
1564577299.0871348
1547848844.9792807
1623084176.7892203
1413481869.3716857
1214788707.295728
1179543458.3078127
1195163541.9535413
991554471.9271371
303890217.0291
934571654.9180346
263410430.16342717
1032551284.265667
1008215442.0211427
336375629.1287964
1183322729.9403045
1215015602.842363
1137750298.7409732
1052228877.4304914
314082338.3677937
1245521610.0806155
1086805839.9052143
983618134.2326803
273981533.04856503
1693983838.3168929
1556508026.882049
1538276729.6194344
1420235329.6555378
1388263818.8555355
1436734286.3787363
1474963251.8341277
1406998170.8587027
1695977094.3861818
1931264019.5771325
1518508246.3405702
1611605075.7598407
1654862988.0526001
1787480174.2659948
1429593087.3590782
1699337730.3632112
1626413265.251688
1881241191.123733
1763920149.7897315
1602366263.2733195
1597169528.64222
1808726289.3847597
1938282644.7557292
2007341832.010858
2120333315.7875667
2118219214.9536557
2045287534.425123
1921120243.9714804
1911837674.0393245
2095628671.536023
1690048121.343163
1675819501.0450208
1568084535.814607
1889856672.4568987
1633064286.924914
1730367656.7035909
1696239437.148456
1514679649.0131738
1542034954.202628
1838269091.2133083
1831499964.2063732
1635698622.6513066
1954001200.0301962
1922755692.9919784
2096241106.8867183
2091238850.4103944
2365327836.620019
2397800841.423562
2166627073.463082
2770771897.900548
2751508844.6837854
2383681329.0042734
2121643764.4509833
2430543922.263373
2017784856.4016104
2407987728.688463
1985552289.9813042
2123823729.291936
2217977168.7701874
2374515374.7128716
2479821312.0950766
2584088869.746671
2472999924.965245
2835734277.497347
2496770689.8850875
2549380165.9382997
2234826866.984012
2757617292.6626964
2455700857.390423
2575705803.1473184
2832978497.1061425
2643871806.3457437
2857552602.715332
2870201660.2556105
2832133074.888045
2720270996.2271247
2842845766.4016776
2927981974.4322042
2653892311.4784846
2752390340.8402834
2813886848.9203944
2596723600.9864116
2931868257.1237874
2592816765.9140334
2552954170.731444
2721214946.882431
2805845790.2992554
2680575798.1308146
2668489606.6017394
2579029635.67231
2775946465.145293
2821399326.4310055
2456242783.7296863
2760299365.058772
2733694498.1792097
2385743693.34241
2451545488.121513
2623938580.530514
2803182311.1837707
2937100971.301261
2720811314.0797567
3069639395.243194
2751351688.801252
2783925623.314248
2787792283.4647775
2703655414.953378
2762186884.805572
3098092369.141167
2773415125.208094
2876907080.9085836
2881650918.4902115
2927276797.677625
2802760473.432683
2917795098.1635375
2778538345.10861
2755656503.808052
2812179715.9690075
2850123136.8227425
2796156405.337516
2824174090.9909463
2926928586.5940866
3155141193.376555
2880279052.816461
2754205902.3508883
2739063113.928152
2786280925.672461
2777471133.4573603
2829243065.488427
2822662783.6759224
2822935749.0220704
2927198152.9418073
2870978549.3436966
2790357002.6633077
2857534600.8231583
2788382340.0745277
2780087999.168714
2824135483.878375
2780079891.672415
2820142071.463068
2879270201.657758
2935154504.517392
2873342361.1098223
2865665733.1444435
2807104365.2785788
2789396067.838373
3082795421.7453103
2843071299.34347
2911785913.5615454
2565629242.6639524
2694881661.0263624
2739921933.573804
2958350531.6626477
2849538412.485274
2797169157.7281227
2798307577.085489
2865270149.1885657
2940361786.134053
2891927717.232684
2813250084.0617123
2932735510.2006345
2966183020.3117557
2911014416.751674
2866898819.279902
2682006304.376853
2761817282.8411674
2994329480.7471213
2903292899.258484
2862798374.775401
2771517757.083876
3014463810.7461452
2861001652.273015
2754547557.0124307
2868371047.6618204
2999663259.622128
2876826474.8524
2873943953.8958974
2868952472.7341156
2892428000.5487237
2965451995.711132
2948877337.3088775
2760558698.433338
2916255065.6864657
2750380967.259706
2700457137.167395
2880975309.0942993
2968181164.5765653
2895645168.4518495
2891844668.872029
3023020928.4738927
2866903051.333754
2997489307.2234674
3034684201.3079185
2826368940.9259095
2779046301.876491
2926724746.5684896
2934630836.9193487
2858671170.7668433
2903706906.172474
2804707237.3991613
2796771843.7346525
2977276209.420356
2903646674.6281123
2934860031.1395063
3058736552.9883223
2820666132.263845
2877868860.308947
2845192559.0356836
2895980701.0783806
2880233093.0377665
2874729402.5597696
2754171721.439258
2767940083.1904144
2732232363.343285
2862399981.4421287
2876847529.805976
2884447333.984836
2845113542.8421264
2826227064.966661
2732096778.988159
2872052987.721228
2823334113.40528
2866855543.9509897
2787003917.192331
2878321567.5381103
2847739534.6372585
2736752132.455508
3047505984.529907
2744869527.300056
2736350517.1653185
2806405826.376012
2829113981.820512
2898404142.303893
2792509918.492685
2889937005.027112
2702508386.4363165
2579670567.4346952
2839061575.674781
2894097858.4008102
2786290863.97957
2790664052.303882
2746710099.9958563
2852408302.0697193
2852473506.07708
2722277747.0758977
2808728848.8630495
2819432872.8828073
2973672263.1806455
2751923533.5587635
2657917379.7263207
2720609948.2153244
2952921477.870768
2755194367.059024
2704271561.1048026
2746262760.37931
2716055563.8636513
2672741465.2085495
2748118527.275981
2803240016.3981733
2913481751.5429354
2800437043.954377
2887052211.648324
2866366633.853869
2944717467.346649
2865289833.68746
2797376977.3148055
2971602285.1149125
2916632159.4283433
2799442326.73664
2790544454.250443
2855776480.3611417
2804782244.333847
2755998482.396059
2636116593.591436
2830947599.163167
2336537368.950179
2829955528.6134005
2693498490.248653
2515841992.9005933
2568354624.309799
2625931682.1305394
2578203510.397071
2362206474.691592
2459773098.1771555
2157925012.848379
2398355850.9305186
2260435618.407053
2263585550.480373
2423957072.8128924
2416923415.5435233
2657203747.7599864
2268681444.636555
2742390721.0312624
2616058661.0512967
2779194128.631046
2398457808.345219
2385001249.4771285
2339480524.767736
2670386979.8122845
2494227426.9400153
2780697778.97953
2836072196.40627
2712845394.106284
2804724040.403364
2726606156.568722
2579092972.93037
2635084283.5659885
2712860268.228293
2570081248.9693103
2643339472.8921757
2136451244.5582094
2544963766.94313
2327011592.2013016
2594524406.2138786
2928739829.333327
2610613388.5290284
2699408116.3689075
2613644676.491208
2719038054.0556874
2886507064.41425
2634224646.1211886
2805389528.143913
2403221821.4555335
2379407327.9927645
2398364580.1477365
2415577068.027801
2138614724.3985348
2239233064.9528804
2345940001.3492146
2198429696.5390463
2468175699.0526686
2148587794.945003
2512021851.0579495
2172999123.496273
2375630214.311509
2111466391.4909844
2363154071.9961977
1883839306.0596402
1843219960.3798916
1717264761.989041
2032763040.1414905
1943680535.9865956
1725603813.3496742
1678476489.227221
1941189659.3162115
1949251558.5195951
1923152460.2441711
1661040462.0440059
1771069405.4971108
1709580982.8151445
1657261819.2279003
1495585836.209508
1362344241.674231
1467723536.695295
1337773299.6849205
1512364366.9108524
1970817250.4360187
2072004792.4589958
2056367569.930881
2388013631.6835003
2080946981.3052063
2316673332.7304344
2488271821.2851405
2114180033.730881
1949977399.2690785
2021093376.9804068
2031718850.3557096
2133467704.1810489
2024550783.5426376
1684042110.8305442
1654622288.3494215
1741798661.4274142
2119013402.64912
2058241705.521406
2256376200.7037277
2380673297.6384215
2375152956.0011034
2654648689.00755
2496918980.369882
2352648113.7768297
2669694795.4593463
2538825680.1782613
2425009920.9002256
2700008288.179817
2473264921.6226935
2373337614.6148734
2716812150.918443
2565423902.0343738
2565169493.433805
2542354225.5569563
2428982333.2373753
2164382533.635507
2358996588.1631665
2477699717.680855
2335869603.1054664
2564237015.170098
2410080433.4683743
2330140514.9474926
2344610502.863523
2018003847.5469368
2355260559.5570793
2556131256.921363
2224588462.6511755
2235556434.0779743
2245932579.829265
2378620658.5241957
2574976247.7775054
2548442838.86156
1995782968.9644604
2028258474.1375678
1822356885.5673249
2363582081.2536545
2104629589.6060712
1419618720.3724444
1948791758.783012
1709997480.8989754
2012444294.6036599
2042423725.8737059
1984149501.3680658
2320092635.7995186
1801918481.8743382
1727913174.9025807
2064019589.439292
1979841329.9435189
1804021445.5106025
1822463159.2197473
1820863193.109452
1743639764.8751388
1734351614.2568748
1729414943.4439797
1894978545.3976762
1696742403.1098979
1981492249.3300073
1708795208.765917
1689219961.3489628
1682287259.086084
1587391037.4652495
1683974528.229671
1868825671.3700166
1977875497.2296677
1822860662.4992056
1823153315.5796711
1522706666.9361758
1784154372.5245657
1751298260.0194652
1889356325.2456746
2095427470.7404366
2331594942.6114955
2057551450.1896818
2174327254.741577
2038573885.769892
2240706996.8877845
2106760057.0375762
2291503840.285795
2582003758.8173547
2194322108.871896
2304640270.0318775
2401786565.4361963
2339456658.1603045
2467593827.3987637
2409427565.7660046
2467672208.9031463
2154941381.1035123
2141075552.043716
2248928476.35577
2178863662.931748
2354661649.9021683
2411045218.8025446
2331582326.9167075
2168354863.6587276
2652185517.3567967
2243658070.067439
2315021574.4540815
2047900963.8497784
2051252842.4714422
1829572256.198359
1666915699.7054915
1868946108.4508471
1564785309.5512624
1875513713.449992
1487526390.5558887
1345646349.371662
1340901213.3741696
1683764947.5403733
1781889293.905199
1348151866.8296351
1354434405.9902732
1342200673.0793521
1616018632.405085
1551435518.964712
1511036943.7587528
1396386281.4114554
1435389071.958065
1369180717.3396955
1234997641.70266
1371746477.2328207
1434656744.3766832
1250398663.4776587
1243390286.9112935
1301176151.1036687
1498487581.1162467
1384228288.9247098
1459869936.068918
1665064304.317085
1614518552.3826919
1850412803.3849854
1613053048.5700674
1594664991.080197
1401792298.040406
1122566404.1073227
1145685488.9403994
1036404919.6744338
812622638.4931624
309818738.80605423
961635472.4659187
308354286.1273372
1208579450.203162
1263025744.8754401
1316772510.3629372
1474518507.8715072
1206517523.9263575
1262414609.5934114
1457897546.9707556
1372433225.937987
1144524587.8013759
1413506415.8129761
1221912626.1752853
1231231646.8575213
1141358359.366608
1189261506.9395006
1054455153.4260528
767036366.7235999
322322612.2971517
943332608.6078143
1242886588.1926994
909793723.7991953
1155199818.7436852
1001046325.5507125
332610801.65712917
1308459440.3578725
1533402954.3794422
1109907507.3180172
1416427128.169315
1216912740.9298253
1028390869.8517306
264151111.27176607
1169661959.8786094
868948894.5153716
717736948.2327113
291018369.2722726
945695781.4522555
272813574.72588766
1177375008.3938067
939614022.4875153
362467103.34851503
1487587834.4114296
1452487912.757889
1302415634.1892917
1346855903.2819493
1319817266.9783957
1359291930.7301872
1262638275.9851105
1175603756.5847735
1354401695.0893755
1282990940.0336375
1342990841.2492282
1145561777.037426
1170484364.0157716
957426315.2101343
306371149.83011305
1275679908.5226912
1297044659.9213684
1350980871.1875489
1254281421.5069225
1119671105.0021453
1077145143.4053059
1141279128.3742163
910871288.9547498
347871068.29056466
1317466561.3800485
1243067949.361675
1448348166.4356525
1579907825.1460724
1462137265.2336578
1531257664.5108519
1773255126.962512
1719787436.0433543
1851693589.7574706
1615868469.560242
1644123502.5895624
1753105003.4589345
1397512908.9282238
1263529505.9036458
1292123012.9207635
1538587187.2119744
1542996531.6841536
1805150774.5620232
1912252033.9983695
1730082960.834051
1882038020.2235997
2221060443.9395204
2158442247.5004764
2233856624.0432825
2472614815.565552
2378241894.2300463
2330521414.6607246
2368834692.0172377
2465416546.0925665
2559908055.3694015
2468560955.1425443
2252588775.057455
2457537000.894404
2604128051.4666047
2794994299.633834
2650516830.5722694
2282157218.754209
2355310873.7410765
2783664722.616568
2837118449.6496005
2738149830.568147
2941412122.2419224
2558300951.1796923
2901321869.176549
2926308278.83674
2421684968.9665174
2875589559.47377
2863849906.0343366
2732731412.2175975
2770666531.9891834
2954516172.0447807
2836393573.535318
2836561574.5386796
2838424662.454623
2808696901.9812117
2603573365.4360995
2935346966.1658907
2848623613.4187546
2951151948.942501
2843225145.988664
2900452015.2946415
2956651384.010715
2774409842.160355
2734881107.2050433
2708577190.2005997
2768934764.933365
2722274184.0130367
2624887578.090654
2863740340.658481
2747542664.91879
2705608247.226653
2844971712.085275
2819299799.900582
2869006601.152811
2866235986.5767636
2725631554.05839
2753697415.2030225
2863800220.234106
2724848032.440046
2691257126.2541943
2735074744.9131203
2875998702.363392
2822744348.198524
2909100301.8255963
2888305378.554137
2882866568.7018743
2879229897.0541987
2810439790.3611474
2618490970.8871517
2624812005.5421066
2694348940.2408743
2830632169.911931
2801762356.145161
2898701877.9715815
2749670728.5182223
2736152160.659068
2560577319.1140847
2879544251.672702
2744599841.0778356
2689941984.5248175
2812434208.7872453
2695771548.7714515
2857574481.8134036
2705677217.1846266
2826819651.820845
2590938828.729005
2565277527.8534994
2445022369.0237784
2377240878.7381134
2455426721.6776056
2540272434.27176
2341171451.12022
2722093144.3717256
2809809925.1040134
2831178141.7503343
2832674064.7562065
2661225116.8252435
2847294698.2530966
2914834227.8214874
2966896998.77753
2909739848.299902
2793312531.624863
3076528087.263155
2879267890.654841
2961438940.83054
2895422803.4827476
2825375283.659738
2871051057.4302616
2774663487.9073486
2974229466.856985
2533099662.860885
2882697377.3783894
2797660812.5504627
2889851109.1287937
2729112945.9360585
2884124200.7648044
3008168980.9692
2875669122.424988
2906977664.740016
2941674846.790118
2827195790.5368733
2859329037.8727913
2895454231.740172
2877997268.8519354
2861152807.581848
2959304246.5924873
2829797245.24014
2906917051.6642017
2715458808.3157287
2816006398.249843
2628946876.014694
2878771605.1796794
2894881798.457323
2783873026.5270543
2773948326.7792964
2426751661.5563087
2760324938.9387107
2785755082.4300723
2864970474.653514
2762287874.028879
2631566411.5834336
2665178064.3369274
2805083838.15955
2661766284.1750607
2616449640.546767
2833792709.2573323
2690883216.4100747
2366831747.2810287
2474253889.5673304
2137569811.063767
2606095994.2420764
2214171878.953036
2482633562.579998
2520040508.3611054
2394532234.064443
2326272927.940206
2081196635.0013814
2099665504.9522033
1905405661.7239966
2260115677.5699277
1993940042.509127
2037995451.5089133
1999627040.4273648
2328573729.0832653
2323678570.7575536
2114119919.4514387
2433375656.232012
2435607710.38613
2272991209.221831
2247648960.263497
2310895031.4783263
2450160310.1011477
1699243793.402206
1836760003.0461535
2237792989.277958
2042810908.2645097
1777148119.014934
1504211844.0569727
1451821371.7781694
1524193224.822819
1201756523.4552643
1138866262.1602275
1236474855.8277895
1268342497.7185218
1298157518.3528469
1211158282.0275784
1273589611.6929488
816060305.3931
330423073.5619198
1139187089.7653193
308906829.7633535
1045764130.1048361
1383454976.4527647
1367296601.7827826
1264827518.1209846
1414587165.874991
1261658231.2281535
1290485243.902311
860014857.7674738
274942033.76795465
1171777760.025652
1453334871.89044
1067114265.2454836
994678811.2540932
1081932439.909114
323249876.365209
1441233400.1833289
1098581533.6520448
1050997781.2167606
1137817105.598565
1202454917.7966716
1197985711.730319
1439089049.6101558
1354610773.361241
1274275830.2647974
1511451402.9834146
1318670168.1953444
1451664470.0360067
1635848201.2200506
1563150467.9323928
1672904183.8818007
1463945522.3934119
1558789783.3772116
1724361119.2499905
1564988567.4460359
1282139785.321453
1389660382.697578
1018968790.474096
1460087235.8025763
1455038880.9393983
1421318534.548092
1470379460.865288
1664931387.0318499
1855592420.2524168
1882627704.0897975
1613823898.7450686
1520837539.8931122
1447348262.167164
1293101489.713868
1145430421.9656427
1391421232.2988849
1102127191.1689553
723676697.2329258
285168921.28787243
1161084968.3602211
967187303.7565495
1213064518.3836963
1184941428.9062705
1201508441.0979111
1272644861.0863893
1316563025.626139
1295418530.9978015
1526680386.9257824
1586593947.7399971
1360849049.8644097
1394993742.8933027
947554312.3812275
1204990646.2297857
1073311931.9027822
926117267.5661881
290827500.8247868
1249534599.9440784
1021144610.704418
342960204.278452
1650931697.0007844
1575747554.4509115
1319809593.4605327
1212590455.318183
1202566012.937164
1306934171.2497342
1581008931.5905447
1269476501.1303968
1394564158.4793959
1389493309.76834
1196016563.897666
1378476001.3101678
1389351769.4824753
1483670217.0789738
1359861399.710868
1087203616.619537
940287415.7542558
339560241.5382887
1310883541.39222
1402130834.012995
1179090149.3515759
1155193996.316618
1572084342.8792236
1395904985.5632553
1059958110.7610738
1028211920.6818895
313542974.08045393
1384705860.30338
1596218396.8280087
1658128088.76036
1672813540.9816425
1302993265.2530837
1421764349.8649423
1274420929.5464842
1499044482.722837
1540947670.6597767
1589806212.0303369
1384273073.883292
1474854149.7043104
1354100278.7674613
1298832665.7659254
1277670576.414998
1141714360.645028
883945565.6909684
315717243.02039045
1253285901.2853706
1077426750.136661
1096831869.5693588
1028095534.5987208
291035278.4040652
1093955546.2861638
1114256129.7832334
342367887.1547215
1625807084.6210184
1701190234.6585665
1750216010.762697
1537075232.0482326
1577721158.8002646
1610340302.891711
1648462556.89842
1858259523.428308
1823844759.5532434
2013833487.5956979
2142769131.09816
1897975217.3448722
2209115017.6947727
1869302823.093519
1887722797.2720137
1671564871.99496
1919011294.1535807
1830346518.8387334
1652000213.8756828
1415684242.03177
1633651941.6240268
1331212446.295079
1315055463.8734443
1324142020.4412255
1355979892.3368068
1201421627.1338208
1322594539.3471859
1297818656.0706525
1239482001.9194727
1457742408.3534634
1337627622.6855145
1139866835.6821213
1044636619.4058436
1124672895.1952136
1154188575.5472121
1166292670.6095796
1541039121.8168232
1446913544.4201381
1362325146.879854
1564721245.8777256
1805719681.242097
1385841871.647048
1547734937.7667613
1393229108.605115
1407577241.895064
1535500923.650768
1387150384.74893
1590166456.7276027
1405368251.2117207
1616918653.0882316
1342138150.1424077
1173933630.839912
972451806.1897602
348343063.40686905
1124728666.642736
1171489240.5969462
1133370894.5390823
1017363883.484888
657286982.0771809
311715113.1202724
1292814569.916474
1327716080.3454928
1397500606.885104
1269960040.133189
1149580154.375468
1138808509.5136404
954610417.4064488
333492580.27477795
1204758213.5640173
1214555578.4130666
1075845996.3901627
1152945991.7269163
1197589076.474754
1050865621.4927592
1309620975.7659063
984816300.8753798
1219934768.6252916
1180672830.6840568
1282735112.0944996
1093279180.9814808
1208530259.161577
1158556894.9645035
1356676122.647562
1414735666.1892982
1738644506.865769
1740382982.9093788
1964978098.166048
1883075508.223587
1896129422.0257132
1882245522.650586
1899508948.446416
1810410347.0798357
1401405998.3828752
1461986397.2815108
1555291478.265257
1747550474.2201097
1427551729.781237
1197051758.0236597
1101390474.761388
1133538103.8047884
920167994.6862743
361798636.19266725
1269844623.2781692
1434355788.281964
1037286252.1341941
1215315036.9211664
1316114856.8275998
1385526104.890718
1807871392.139827
2032522373.6905122
1937235294.2990115
2082266637.5373452
2075985981.089119
1931593397.70658
2112460041.4006338
2235655652.359381
2339417888.8117347
2494836533.9146614
2094299679.3261902
2307871823.1211176
2430313250.6329975
2503861438.822859
2252839806.5745316
2341096307.393046
2325072818.8441796
2066594807.404182
1975651410.0928602
2154175462.7089596
2321259452.453094
2426153615.519778
2279783709.2085533
2025996820.6987836
1895392835.4466486
1790560973.9626293
1790268034.9154115
1990645218.5119603
1926631219.1839905
1775674489.1737373
2022418389.3027356
2074679389.795363
1934936979.9198596
1747630521.2746062
2072455639.562622
2084864740.626053
1963380379.1567357
2135127265.7104044
1847329079.448695
1712758023.6921847
1848801061.103665
1862163141.560532
2053215621.3046064
2146555379.0049417
2106177756.773884
2006341434.184492
2033049511.9679735
2221183934.2188406
2069331580.0980735
1723496602.5744345
1560512125.0348778
1489467076.9369988
1760352224.8812926
1709779790.444306
1813301094.0923789
1627362635.340469
1574267931.6752903
1747878935.6139123
1479522832.1033204
1584750228.6570055
1598218512.4659183
1601190037.7173092
1603823763.0676928
1505280737.0107863
1292871320.4697368
1128297393.3594153
1294034144.0550742
929513375.4122734
1270333377.438504
1199910101.2726521
1298323675.642889
1594452030.5187874
1675892711.2647238
1600890989.098052
1611523159.2439036
1562369060.5695937
1578148468.918031
1693384952.093433
1288884475.933195
1018215189.1567366
1273743817.2758036
1172062816.6218324
947810582.2988784
304642453.18843627
1076049564.2431946
1372356318.4263594
1274554946.76316
1519767014.8144486
1353460191.0093637
1367729579.4279418
1261781783.8075163
1283782770.5170195
1375560226.946419
1533594268.9159515
1716878938.149048
2047091755.159639
1951353299.1168492
1900500926.5356555
2093254683.3163097
1944834798.290669
2142665198.95778
2252432125.223302
1919539436.0829833
1852569218.1316836
1828457578.9727871
1900384459.6544824
1968232321.151729
1433633218.993622
1637220052.1134367
1706674798.0704927
1458767765.4397688
1567321581.5959287
1599403660.4105635
1570033823.191692
1456127907.150368
1452044947.1858625
1339120515.0102909
1402918507.9441848
1473695537.3878944
1325086610.8854723
1518646645.6247177
1545164143.4708693
1739401255.5019233
1396508118.8817894
1532438127.3483052
1177240302.1353202
1426452389.6940303
1779756832.2642014
1686054248.3342986
1916336701.27847
2193479528.405309
2033551866.374087
2080756758.6751125
2320130317.3761725
1907915893.9543483
1818653146.9297764
2002419715.1169078
2046647610.048002
1953372081.4219606
1584589574.6186895
2004862117.0422935
1895225752.921229
2024202706.5861993
1855722696.7278602
1958791891.6034143
1957434781.7187088
2277151463.838574
2190802012.184408
2154205648.7454176
2129050590.1171954
1870563777.2148595
2015427987.2464023
2036885323.6542392
1877402005.1133606
1850779858.903224
1926758954.3084867
1697909276.4931667
1559599963.4221704
1437533262.2520244
1409667446.7602239
1108759726.683704
1078068717.7809885
261630338.3063954
1122690260.505286
1001090445.5246029
288093687.05325454
1253441139.8539195
1340914820.6733449
1282436692.1621346
1405721732.935269
1201831268.7801306
1095124937.1167524
1034704265.3722049
1514385826.1176324
1318121445.1316876
1356102117.908595
1235545244.481448
1459197014.495758
1081148396.5740688
1309251939.5526915
1438597143.129715
1310347967.5232308
1622293728.9746032
1418720546.7182503
1277986918.8602664
1390847989.517949
1243987007.5475314
1540840581.796554
1539971489.6464348
1342508608.563236
1455484710.341675
1722205158.2872481
1370370939.0672686
1314333790.4773011
1677327502.9328697
1547590365.7232475
2054430250.01956
1800420045.4465923
1479321859.3412178
1868799797.0999644
2285784426.2267876
2334911121.856154
2375973108.2320724
2245753638.202011
2501701139.5703897
2294816557.7996316
2504574052.5158906
2869629915.5117803
2815606765.7430243
2772473619.835586
2833006025.961771
2793295380.803027
2872604308.457302
2742409201.6292896
2484441628.358738
2728141512.187992
2779694931.408576
2679167866.4929585
2605105369.865019
2820055793.5446424
2533137803.647879
2764462554.6223607
2479031869.6878138
2453458539.1279035
2244763346.550512
2056882011.9835308
1967573452.7090442
2212591045.7192354
1935135900.6048152
2333004887.28249
2130718859.0692103
1964238239.1048098
2034165771.9314873
1998821146.6550279
1880862614.5517359
1725460103.415271
1763062734.2690866
1576119894.7489984
1450319567.0842957
1249081296.5123186
1127770301.605336
1113654660.3293242
1182329809.7633796
1003363075.3849533
699709580.1328726
304434200.6299949
1214567441.106894
1371003960.437417
1342400079.4594264
1490070767.036205
1680017958.1904674
1482104177.3680844
1482533819.1623127
1645232631.35606
1613743740.666903
1669488009.0092485
1610707447.5560255
1701990197.7914805
1494280912.9864933
1651381666.4128208
1860713416.8016536
1839645577.743733
1791878568.2532644
1622895664.639402
1825454708.2653325
1730085270.1490266
1587755233.5794406
1253432498.0997925
1155036753.2616546
1105566840.1603348
1129932094.3252873
1160405721.348046
892784041.3665909
297057418.61008346
1479773836.8714583
909497548.4771974
292938395.45241237
1283305478.6763775
1200709227.5721853
1388254162.2642202
1358409625.1222355
1212398972.5967937
1191440854.8248727
1122700803.8838954
1157572886.3187082
997074917.9826659
280226158.0795994
1205414216.4484935
1409028478.3786623
1267247601.442141
1081751468.077192
1162984395.8598447
996913872.5188427
290066171.99740076
911660660.212841
247187646.6573394
1578569753.4176683
1424875965.3610272
1494424185.6308355
1408403888.7780342
1427584121.9090374
1487376838.4812007
1720968129.7871225
1749691375.9333465
1627816553.6804955
1380212301.414797
1621220623.0221574
1369853790.955012
1558796709.0383883
1376095252.9949188
1636708628.908669
1728331077.7238128
1692216805.3866892
1400563896.0429013
1391790832.1932704
1376438901.468409
1405030758.056092
1196140881.2839184
1474844333.8331895
1472153368.5726304
1558828522.709455
1519613689.9330983
1439930838.9663737
1450953792.4924407
1262740985.6583982
1314233418.276001
1235327425.0844471
1270438061.4742506
1210877151.3606398
1195678375.178657
1198161244.7380729
1277294544.6378984
1214723849.8550222
872052893.9416146
294338576.53748316
1320985029.3457854
944340553.4455637
280532375.22807497
1532395252.764356
1549838297.2738438
1492176016.3746822
1235432663.2991586
1305655874.1796083
1386413404.2715738
1373198173.3322325
1207566302.6683204
1335257490.637943
1637609693.223538
1574256145.8215735
1282138019.663452
1320985486.7536826
1535440248.938561
1381121366.0997622
1244756545.023197
998259695.0860882
331144970.85214156
1488159169.8762362
1533959259.4265845
1859321663.6123273
1569233846.3885355
1568356430.400154
1215844813.886789
1604750676.9915872
1542692060.5354338
1492279870.7125125
1500683229.6765614
1187475691.6946468
944814833.4297302
1461332524.4973297
1685920406.706241
1600328706.5207672
1757248722.1175199
1896534996.1136644
1677093184.1933305
1347930864.089869
1220499239.810396
1238779024.1500506
1284977784.3605876
1089410914.9952457
236156111.55854785
1513925538.1067824
1413740661.6742272
1257964456.7642488
1446115372.8202295
1165891343.0414045
1163038186.4900296
1061464183.952215
265321105.77933052
1370610635.4453166
1416861664.0555344
1034145003.2442201
903744455.0628219
393334448.8180635
1054505237.898096
1003610433.4091578
310312203.76684755
1275546720.5412252
1358163877.836668
1443689055.605646
1169655333.0097027
1482818274.664232
1464466001.863978
1659195309.65358
1831811020.505478
1622076479.5384908
1882563528.5578783
1318108825.6030078
1787635980.6678462
1699688724.015067
1729101788.3030303
1333702269.1214573
1299878082.9205976
1108760815.0000303
1017046626.4500782
1234216536.017916
993017789.5123174
878612781.3819627
888234282.3403457
278659970.65023834
1216160965.673273
947198415.6855783
846832219.2534134
298812083.7521191
1173427300.9962885
1311609568.1715975
1094908532.8514116
1246245588.9943554
1698326322.2690282
1489197033.4027653
1731248638.1041143
1945633795.6246939
2204779542.923907
2175959758.433348
2342250416.9780097
2157432446.48049
2326833887.1923347
2379337275.5355377
2413462949.216279
2126628205.065321
2235476215.4749985
2300235922.2360015
2427324663.2514157
2517116921.518925
2643373463.300346
2712511071.348038
2754354791.5553985
2772612766.2501416
2974778865.2154903
2847767180.703054
2957787836.321793
2886716908.145148
2836413999.3889165
2819744314.7788277
2905984850.7140923
2825931857.0539556
2853611217.7457166
2890138739.2351336
2968509903.1753664
2752923840.4983044
2885482303.3723803
3045887787.737029
2862285375.033774
2856935819.5301113
2706369600.341118
3007168744.6800857
2861743045.719521
2775311260.6775446
2413733686.045724
2557259583.6842475
2275524218.9302545
2097916391.5473695
2337429335.953054
2375617097.8037305
2252311880.891841
2085095832.310675
2179789891.4695296
1949418216.6347256
1919721765.6511967
1914500167.5694706
1923464106.2587428
1663217985.4375024
1296190331.4117298
1467434100.9115367
1105850775.7976465
1364279604.0520294
1545941566.0167851
1502816188.19371
1519349548.4878
1730689241.1787055
1396818673.7535174
1371161122.7353067
1467324970.0531785
1405154565.79919
1130281180.3189602
875843915.7803024
283578439.02095854
977511109.6877933
266400272.72684008
1306688534.3851528
1257583810.08858
1211498115.1189566
1275705743.768859
980628209.8625515
1411677846.0584526
1254532123.230494
1132316208.2725463
1093524002.419631
1165132842.568046
1099486143.3918622
1260526886.867446
1375203880.0415776
1558563820.4794178
1530444909.2964056
1217750003.87212
1167133873.1618602
1302965792.38527
1566221045.2371912
1609317843.9850483
1971472138.7127693
2036292459.0006065
1993557082.7153583
1595317856.9829454
1625632358.0302854
1768367799.8106086
1261898880.2671375
1364642838.4381754
1643926742.7484262
1921255059.3080244
1711266457.0263803
1697551524.886807
1922987825.3325155
1579891971.012187
2016154654.8754573
1953232671.5928683
1792970846.548765
1805733996.9014795
2193160972.058241
1896129707.1220078
1635966731.6475043
1273068022.3729515
1614098144.9932947
1793340863.0341818
1676480045.072939
1826432833.034876
1752730612.7392747
1771039040.0258207
1928902401.2118087
2171855735.8752074
2070346246.8970876
2625610075.5643334
2555445724.2917647
2449060379.2381463
2556094763.67694
2567544694.4060936
2697654946.4186835
2993899879.1934
2813957868.2002053
2739241877.7849774
2482442739.695908
2253712442.5290775
2279359187.684721
2037509049.988958
1949525178.7659752
2030566184.1875718
2183934538.2358804
2072938546.7340944
1830734038.2153523
2212332844.732752
2366203210.2790823
2027343441.3412619
1768694729.8368754
1938796920.1362853
2013815973.8209589
1904580218.4522958
2104838426.3736622
2026043526.9358578
1906901336.3912573
1891291656.774481
1649013424.5336492
1792652934.0264587
1714372085.5311677
1760731420.0180864
1580703354.838111
1917733011.5990205
1945936806.3408318
1781949160.344135
1445083597.705039
1471601158.9461756
1390142183.4830623
1555331116.5516615
1147174481.2729332
1114620733.2568142
1189845948.9749637
1068731433.9712008
1268477338.7998471
1432951285.6638799
1591787154.702677
1554183134.4882848
1874005208.271339
1643477418.2659533
1776050529.5144477
1819085166.0013533
1502788625.2212198
1550744373.9622421
1450667735.2321033
1743320621.7455468
1817440362.9298956
1690527507.5285664
2094074690.491263
2285232340.8878756
2463886345.870102
2677747943.1525826
2608481728.424545
2483858515.981959
2383930994.396495
2526700938.409483
2486335242.166765
2262906002.169452
2293569160.484946
2549246371.3386807
2632284911.3063054
2474466617.210026
2331483876.9493804
2627814952.1568003
2688886543.4266567
2850630238.9789844
2428010534.349126
2811862884.616179
2594006534.6332297
2936242597.8657737
2719359296.8533916
2761160763.273659
2811000405.1768813
2611860150.1855497
2748331583.8098693
2618711047.6557107
2839394770.5432987
2622224299.312159
2779420762.681264
2853635820.4286265
2874514538.6660967
2822839812.205165
2838358280.3133073
2823927835.6527076
2843067603.8657393
2914065105.683267
2781583337.1980615
2837995153.858692
2782032243.179857
2651128424.541956
2774948362.883711
2768170888.500003
2854758136.914442
2693236455.32855
2712848777.881174
2945727235.236586
2679524567.763719
2916796562.5191956
2725413688.949138
2910714202.736421
2730348040.0420156
2801730641.5918994
2789120567.721879
2848458631.9089594
2875920256.512523
2832910429.3213058
2707392851.4069905
2784952169.290405
2897203070.751706
2983521280.0377336
2791228072.037464
2760631086.529906
2949156708.658388
3029695587.480303
2899116844.945356
2937788019.5289116
2941690413.993091
2511868715.764299
2832268358.4177237
2983654043.1919894
2687361544.8240576
2845818595.253501
2766178694.408944
2905048064.218064
2540648543.6717157
2576817644.2934265
2832612360.4299273
2720983236.9598446
2848010874.766179
2858898063.0337024
2719357826.8439403
2574229414.076755
2759195465.8731675
2352244603.6055036
2320163939.425278
2203395534.1113
2314654897.416091
2104728654.4926627
2244824926.936303
2138582454.046202
2071556163.8792515
2176798481.7774715
1991270610.7529533
2124743599.444735
2192908251.346439
1861053413.6528625
2015151832.0908525
2101639394.3842714
1888945980.3277454
2042349354.1583774
1869108139.5869462
1756237876.0031254
1510512422.7082653
1729148860.6136563
1823543028.7310252
1588739702.7444067
1726740406.6231775
1688862433.7422926
1523513870.059132
1574033632.9743626
2130437963.7065609
1931152427.9572024
2026035891.863376
2140288188.7712603
2378604768.857915
2475349982.3369055
2443162595.0299788
2594695120.474686
2608343376.1827154
2310188631.236071
2493744271.436265
2265103054.794912
2348186549.8932323
2359471050.383903
2396707505.772188
2417441825.27256
2375940890.2334375
2345287334.9277806
1913305826.054528
2164024514.367762
2113960897.3428454
2136252247.98048
2441486915.0013633
2461378390.369123
2263549816.6105433
2466607461.482322
2324834576.5031886
2140964520.985145
2105862977.6371467
2165396346.397961
1965976993.2213085
1809403817.82632
1709707110.0920792
1786567957.400892
1770180846.5490515
1595488771.9703085
1528568578.1067386
1583675041.7338376
1597251214.398962
1407542383.4030447
1714495680.5110629
1688653070.9522784
1409213098.0979846
1787393136.853816
1610889139.574925
1290127226.968376
1475821656.598111
1252364406.87933
1509317922.0538538
1531493472.3528013
1508467479.599308
1738228967.5593872
1817295862.5994787
1976642675.7756245
1832561636.0509408
1989743128.51004
2211215679.141495
2026660939.7627425
2151811615.3130393
2383589803.063052
2396073405.5068774
2516385919.393422
2705916172.200269
2815624729.7109666
2839049707.278633
2943566137.7069325
2609770349.3560286
2786501298.0211453
2729701914.258066
2724247767.753429
2758209729.753494
2715877608.8994536
2711567473.792697
2662118557.5252604
2874463788.777812
2658373110.450342
2738320419.552357
2557457963.3861346
2826158021.060611
2866633785.9864388
2685344800.3876085
2802323464.0459995
2398035618.031026
2655002826.193065
2693464778.035502
2657326632.606582
2468921981.4984374
2659521221.4482994
2713617402.001895
2746815409.340782
2773126506.1313553
3055366007.703827
2743029198.919809
2655334821.220369
2465151593.3926477
2737048156.5807486
2501037865.443927
2589207200.888015
2641206799.31411
2601631023.94995
2450945782.089733
2519487900.366873
2368654889.5504007
2641344328.916438
2601777824.5022645
2907355688.7220755
2676679050.874714
2788174112.8289976
2748138861.0585814
2859545665.9583907
2710591990.0784
2723757106.72996
2813800907.510278
2603145288.671814
2785951946.082609
2818786322.920699
2744077425.994003
2799119944.060925
2775302801.3649383
2787144921.6526403
2923913116.778091
2671212298.4438515
2890684349.6041164
2972563433.112064
2960514541.325465
2980015595.921153
2818796512.549012
2897909881.682343
2875568833.8105965
2839442598.5108457
2860199816.3237715
2788327597.586425
2717795702.9629354
2888485654.83295
2863194410.1357064
2748137857.9187016
2811971357.869547
2938625210.628595
2851262391.2402077
2816942074.4453144
2859257433.6886067
2893515570.665704
2856369508.515155
2892277202.9241076
2875640887.6004786
2721299286.038393
2811766179.8555627
2872991693.1665487
2948789548.4727044
2725483922.456185
2958456963.447388
2804977445.412765
2929473405.430664
2896197960.5359507
2949577487.762464
3026139871.903717
2884321846.546083
2955464325.58086
3043862423.9490814
2985387053.0411525
2817123144.1529055
2910633047.2871428
2890942969.9493985
2846925397.6547675
2935121154.0608087
2902732118.8299174
2881649435.412216
2892012101.0034437
2991077670.2181416
3020090449.9985
2935867781.1295953
2964385349.1723022
2850765910.281361
3081880068.1991057
2950141316.5467834
2877937048.7476807
2915731298.5079703
2791009246.950148
2841812184.1635385
2712338463.3521786
2738591615.1413646
2901775186.020706
2825941275.5756965
2788108564.401614
2907601233.311266
2811669610.8690414
2807797913.6213856
2856201387.5046787
2967447743.4951653
2954598423.746037
2965929497.1584554
2971477488.6658354
2940899443.2127357
2874459598.4377136
2899874726.290315
2868611147.141735
2877720095.157084
2801531251.714294
2939375425.3323536
2884718372.829664
2911582222.1785183
2749372419.158036
2850238073.3129306
2898806381.2669106
2894337450.541224
2849645342.439193
2776576820.7751403
2914393163.504976
2700602882.3311644
2702967782.162318
2949313368.4397078
2898911840.560916
2732682563.5653024
2890578434.962417
3030499888.8769374
2808514754.120592
2645755942.638497
2876029018.7723794
2785528273.1811476
2953968131.9135475
2823620129.910618
3001730461.858105
2782840410.0755563
2823188721.8823504
2745395842.944668
2924909753.045868
2843916662.3746696
2696412896.0340633
2904474873.435193
2712773877.4895597
2884607830.3524055
2787495979.4939137
2826738578.1160984
2964430722.9103465
2827117781.139518
2878128529.081145
2992068317.0436974
2883809998.8979344
2878927208.831211
2762376786.9050965
2764459603.2580957
2855806521.7611294
2762441891.6218433
2989503354.626301
2909494314.4087424
2754931964.643618
2918836450.1744595
2860504707.362116
2783484397.1252728
2758574873.247672
2932311433.6511908
2981300224.106879
2815271662.6438375
2896453918.3613067
2728003967.7462335
2797782688.2703924
2898987425.109009
3007813149.0665812
2940601212.599211
2745990552.2409625
2923758693.8928995
2987929067.104731
2997794422.6320114
2837506533.672127
2894081623.394997
2837373951.3123465
2939939931.9731474
2859759371.375981
2833855494.8468175
2958018217.947308
2881119966.7747583
2803199360.8384314
2823698400.5313272
2886090143.365399
2861643554.1918397
2853049266.7975225
2844346051.995347
2944873441.690313
2828522864.743427
2831502785.0832977
2860254420.3686514
2776940847.8983407
2836268649.2250156
2847215968.2735643
2829136591.813086
2830025079.7538376
3004033243.891417
2907061866.3747053
2844379011.1013875
2844427827.0535736
2936937232.2431197
2782905652.6290574
2865473304.301811
3008939709.9353423
2769720526.2029333
2860180833.4650183
2901043521.3153996
2841499015.55791
2810784712.1542873
2684442286.6168866
2816844555.130465
2882335449.761734
2880345771.648353
2760821197.3490176
2797183870.1085258
2908614809.9163914
2763645748.8412
2869751762.0613146
3011707327.0826044
2860410766.6603165
2969662838.215371
2882550054.9220834
2849615376.5536404
2821771839.625186
2766796387.07498
2951313939.051531
2688116180.9190593
2786691192.2256393
2682019681.9917884
2928256183.7202406
2753957092.5204973
2783194905.719211
2808212261.2582026
2741263785.142014
2810022997.616817
2839069640.83896
2811426168.7748194
2920708443.769987
2919623368.4704356
2894062590.2954726
2838756935.5033264
2741654324.0069375
2815049261.340665
2730897140.9368706
2865200189.0644226
2685759281.1980147
2682367390.1445804
2921962363.3043647
2801984654.971318
2939816004.703738
2754690446.184326
2967663725.2561507
2889064253.8554163
2894185375.3084955
3083077901.8483896
2782128210.713069
2771393864.2634478
2833091203.6620364
2919434684.4138308
3065096138.845696
2855207335.0730333
2810616970.579434
2917486864.7118926
2897481399.004293
2901792285.621368
2920399249.0166698
2749634718.5683975
2816549642.3785243
2739779613.7152658
2870315686.4255714
2751423322.532833
3022354722.4919405
2778189182.0035796
2720132632.8146553
3081553335.242985
2868818813.077193
2808964943.2694454
2825777200.450097
2875251741.319648
3000700364.4234033
2916013050.935088
2654030657.92745
3005721382.2679973
2859159229.3969145
2886033143.5772724
2990431497.011302
3022220853.291419
2834761541.3784585
2906782752.7970085
2772062630.955741
2914133759.831041
2824555609.931933
2860489241.9064837
2830746353.783264
2772655090.5879383
2838193444.653399
2796725550.4780083
3021129555.1663737
2739777495.2629795
2768070132.790662
2984155247.353897
2827273164.6918707
2812351751.4121404
2887652180.2922735
2835381180.9669685
2737118632.7514935
2860147404.98038
2747865128.017126
2952209676.800273
2856304546.4122114
2959268484.3910837
2820499165.0033126
2973159394.8656483
2957710482.5472584
2794995657.049921
2992509290.00898
3045788254.8156557
2781897271.8931975
2906911240.010915
2896762121.967554
2900086862.273537
2734522673.4546824
2762631053.3490443
2736108411.144328
2678335912.5370545
2723383006.9927354
2820290502.7914376
2940206903.601117
2781712671.749618
2830643915.4959755
2930531776.126752
2883259102.5740485
2829231271.7240047
2853475577.517828
2784999712.6452947
2824216449.3638225
2862307069.112061
2923583818.266249
2885364986.9461927
2772944316.878747
2839678431.85155
2867154790.4816523
2773257836.2134995
2974882981.4990916
2822569028.396259
2886458616.670545
2889085551.546462
3016927751.2567563
2783395413.5275035
3034496575.583945
2776566907.921779
2941962933.056077
3065425336.548249
2882885168.329593
2908835041.099652
2852054834.117077
2825443348.804555
2743001495.2913246
2794113085.0562296
2790630435.35277
2829472999.4529986
2854945258.7528315
2859909107.1872573
2933355924.5149884
2874636971.3603826
2742330175.266274
2942621891.0583005
3045097699.3970947
2946945696.1738176
2923802095.6565623
2836182110.4944963
2876744059.0716968
2788830892.7026315
2793654714.2960434
2732346123.4272504
2912590406.6321974
2974184980.472108
2869423744.9373107
2937575242.771484
2845845705.831268
2851665991.397067
2778484590.258733
3011878797.7283106
2814639987.3406496
2884089925.065592
2824062146.9250083
2922105095.101746
2870569219.0367203
2833915903.05238
2837321313.985283
2828440744.379388
2906328713.0200586
2831923458.137149
2875633785.3300796
2938655544.6503134
2857220216.5852814
2912583722.535619
2950782972.7464366
2848826147.9820623
2716410345.323654
2600971615.725184
2850169505.906894
2782076550.8615737
2885673769.1676884
2845143249.2814856
2936419401.094962
2930504067.8901477
2721264693.361801
2897163527.8464413
2807788974.9988036
2637645878.648704
2840260798.496503
2780065386.271377
2840337851.6117554
2798104596.969867
2798178587.037003
2825425287.336005
2822094110.1493807
2850302650.548948
2869885378.424587
2749717044.8010907
2786216087.2695723
2860639883.7084036
2895024472.856198
2903911280.9400086
2808324840.3840775
2777075008.2574663
2755896521.968444
2775404538.346059
2831738267.1912036
2917912525.39865
2946554044.657865
3026949418.892688
2786558052.349004
2664104767.5814233
2665740137.321335
2887462854.048584
2703138448.7684436
2825210553.4196434
2790781766.489881
2969804271.105079
2926005148.130048
2845931513.3563495
2754634546.347334
2891580772.9579806
2885742118.1446652
2773540982.6302934
2776453022.7906466
2718782041.290649
2834574384.083098
2749879009.818788
3081530086.3665795
2871753958.019255
2818897225.726817
2815986716.148068
2823369848.3372016
2845971032.630549
2759395234.3629713
2826964831.122251
2815497014.7277374
2659629954.529648
2934424222.668949
2905116672.6916423
2539665990.831208
2807159246.7016654
2655764149.164496
2890175821.1475415
2855404018.5929956
2768959291.352651
2717374301.156584
2950913764.181075
3036474931.2556763
2859722974.485904
2827620737.371871
2671276637.9274836
2778467359.8432083
2840561673.1996703
2734265941.9839306
2928612532.4069953
2705036465.645621
2915713315.7245107
2811303397.629213
2800529141.3507285
2702245157.726638
2831312177.065356
2809631416.12336
2975273649.6872506
2854362095.5182667
2735682335.331518
2682464308.4394274
2738150273.683089
2459358916.584125
2285809281.1608744
2237011594.068228
2450723307.74727
2450615132.5592804
2445899605.349392
2305308682.9779706
2300802003.6530147
2291656419.787273
2702050543.553764
2226215770.381795
2242888662.204979
2417153488.9588637
2082002006.1415608
2138769532.5194292
2448130819.139072
2414878934.30597
2225531118.144129
2285472276.3234534
2243096994.536075
2230543154.2499514
2290365668.6307735
2320162039.5698676
1999900236.3629344
2212346172.338606
2056741512.2187665
2007777707.2851653
1878380544.1064868
1909563263.1291149
1920814954.524417
2141910840.4437118
2008391294.75599
2342443415.6681037
2007830750.7670648
2143309203.4880855
1980745719.2798295
1891856249.9696946
2152699208.4662714
2251193111.983381
2024798462.6897862
2139278142.0295238
2341501169.854265
2192130989.0416384
2145611838.6136053
1815148745.432712
1822109815.0483937
1918134615.075286
1720114755.667827
1701224883.503557
1520156377.5529952
1865078796.030793
1816308826.7188916
1907937117.1137233
2008367614.7022119
1830528340.438505
2194187986.7358494
1939470390.2993991
1753829668.294952
1782231351.7420402
1993745117.7340362
1944596573.8427
1936519301.8881245
2177066898.7398157
1959364516.659309
2004266401.1291487
1743018984.2345178
2035107574.5247319
2061194468.0916827
2050667567.5471275
2436845777.9755006
2028057557.5084968
1691238114.5715203
1465379698.6995418
1462600978.0010798
1392756651.0157008
1452629651.5144837
1792053018.920333
1561408655.022526
1770405919.3397915
1916235248.836019
1808548918.9651167
1871532597.653652
1918947384.5742939
1833039842.1941042
2005411939.2026315
2060177406.8712974
2246605048.909588
2084668739.8469415
1860517726.549731
1817474464.7520013
1734683111.0845447
2161737521.31349
2144731854.3773394
1927469031.1627784
1616229359.6261237
1472160091.6845918
1294220062.9420443
1596826284.7772741
1740757960.915927
1736269223.8789053
1591292039.9550393
1373088256.240386
1335769793.7834668
1187262715.7558622
804510282.4892507
212892494.78667265
1195724613.7920828
1130570462.3010092
1394784485.3087595
1219329636.524717
1299278548.5490596
1356438148.3700783
1442588710.72306
1307945350.5574715
1349989528.656452
1596046753.4215102
1319120887.8384423
1221558508.8086925
968098831.1862835
1435373408.5726073
1538254004.870069
1555240915.932659
1469600431.0483243
1381780103.6919777
1321711120.8143535
1645906054.759797
1420518620.359999
1615153384.7603502
1537910534.335801
1310964513.4870965
1118335298.0682137
1178472071.6414685
1454181666.4655151
1524167594.4915147
1181883013.5183694
1268210626.1428304
1108980511.2820985
998986724.7676251
949184443.0415075
253431920.22132027
1087404403.4456284
1016236620.9239873
276096106.60904413
955243301.3004261
884845384.8000758
318327651.23336357
1401862190.4699512
1069204771.3797977
990869115.6066482
1181516841.9818919
1307087190.4843707
1418089002.8417125
1285626027.44522
1171007768.3526485
1400611351.4712892
1361944003.7758734
1236024041.5094643
1177094416.481448
936979812.6840256
1257268966.1952584
1353528733.664836
1420098571.7030332
1144007878.2999353
959570902.2873672
314866543.1704208
1163446117.0309856
1095824711.062515
1071847146.7161125
1260960510.2043262
1062676287.1162767
1375228921.3959248
1214840652.801372
1307472236.288978
1237065431.8925157
1087529781.3093464
1241002160.404323
935708190.3498125
314452177.79346186
1110204936.6282504
983776839.2983626
856319323.5990988
188675789.4052639
1142795421.2321477
845092058.8282961
411206602.3918786
1267705021.8317301
1434382956.5150318
1611896311.2875316
1289593253.1462655
1564424890.3500242
1323497234.0591931
1593226933.5829058
1472227735.7873015
1551467600.4185736
1255399192.751767
1004087657.2911146
295761355.29555714
905297275.5166326
894996625.1843567
263322172.06107926
994340134.208001
1054877810.8968592
1069289206.9856569
991262290.9233277
804977268.0424194
283126971.5644789
1191820286.516636
1396310247.8180552
1319655354.051434
1033997078.4711475
1137526180.3519197
916778165.9642369
276918652.5366934
1287962997.260087
1681537140.4182878
1707721782.0218298
1620559215.921546
1305840259.5536268
1397089956.644127
1159161541.0628698
1280085631.1278
1236600429.2216327
1354397200.1160824
1283337796.8391738
1332355639.1448357
1494655172.6663752
1662103831.1174297
1715370280.8382728
1622170611.1537483
1522334345.458715
1428204880.252849
1738144376.1413686
1568162978.1928267
1530328014.3284886
1617489631.599503
1702278891.6683433
1915426020.338897
1540425785.3941603
1702876088.639654
1317962718.2840743
1358309003.0985887
1023700127.0787432
318233289.45560473
1286715562.4154587
1270344408.494352
1372586281.9630017
1553555920.6359708
1186343977.1096058
1478584595.5986485
1161058327.7232175
1648434286.6908326
1614605611.3065207
1327052807.7345166
1727703402.745023
1683789737.7576225
2094667901.614526
1884738460.1526783
2077890852.7404742
2173692996.9945755
2511590879.675777
2142560372.272614
2196308195.6809945
2143912921.543035
1859160906.4812515
1999064096.2979372
1953684051.3119116
1962331781.6135216
2180272875.0113916
2148171494.7271996
2102949992.031221
2147674948.2835054
2424411819.8704453
2573526288.1451583
2680345820.6661415
2649178617.4138722
2164386078.46591
2181790745.717596
2301156798.0117774
2242812927.452417
2257977734.1137104
1948332549.833813
1902695456.2788222
1878714661.1822472
1620630035.9993017
1691224387.6821132
2042662112.0703418
1988882205.2175128
2360449147.4218946
2118958106.1051266
1966404507.249146
1753245294.1480565
1885805472.0723486
1529157239.3524013
1663821421.150701
1668323754.249052
1541098047.1115634
1437180076.2205164
1767445532.1786253
1861764282.7983835
2200657027.4322853
2018567333.5309224
2234434500.775781
2070043586.6158621
2048815611.5660572
2067481482.7016845
2365983131.868877
2254100562.426362
1952068864.345324
2297639684.730687
2183928015.5091205
2043615045.9307451
1924878266.927123
1637911382.3841536
1658479158.8900845
1686266606.483046
1511465335.3782742
1235527969.5257506
1312125019.3185806
1158064118.790663
956680213.847132
1429561164.7101657
1517463583.62289
1622007714.7857265
1595370487.922393
1608078055.4414394
1899988371.7157598
1490709731.105357
1745920450.5873392
1910773034.901644
1748946700.7721117
2053116396.018578
2284153712.5301633
2137931094.20958
2198287059.2840295
2472315173.307926
2819028507.652711
2850308645.4225345
2661541130.311164
2628638948.743994
2639649505.8270135
3006965854.3138885
2982025206.222192
2257912341.01882
2726104403.535281
2459625437.580386
2033737767.0982409
2936486957.005755
2632928345.9188857
2681180854.4558296
2454782013.006667
2652756796.6982164
2445289056.5249104
2381481582.844252
2352757452.3568153
2411070591.7007647
2395474494.782156
2412336843.5591273
2419133309.0718894
2068894353.4189982
2048513220.459427
2172080903.7317324
2483993232.655931
2282694613.683785
2216466490.828524
2444297099.684533
2238030504.8013277
1901959555.987593
2141949227.3382118
2025107586.4387949
1798931750.0095124
1645755358.4732747
1488766343.8559127
1338175477.3706398
1614186024.6249156
1639061483.4364893
1703127411.0172684
1775917045.6389825
1927795460.2344685
1857101046.8563647
1958493391.3554041
2158213700.745373
2187862964.773364
1970302883.245636
1962240909.6031344
1743042716.7052534
1726933488.2680757
1743415394.427797
2113751210.5113118
2167614155.035265
1688157883.8518949
1903826309.0215373
1617914103.4742048
1478241971.9892304
1660132157.621851
1788992292.9391844
1408834184.307362
1596950370.6894665
1692953497.1146507
1787720509.0753534
2205989801.573559
2335863140.460722
2206901663.986668
2071613969.4401367
2149697717.1312165
2048722981.9323509
1863620497.0032578
2058916262.2909236
2295646427.0857735
2282673563.6777887
2587945897.226948
2801697728.0154986
2666652905.071136
2936605773.0952754
2753154152.659154
2763071828.9723845
2894041413.0081277
2678356206.360721
2822766498.9724226
2814497727.1922092
2761808533.6272955
2868763402.1180086
2826422736.5678515
2791613788.342525
2704445886.3071404
2429809208.1405597
2496912999.2940793
2776355785.21057
2611851404.6304955
2375017052.39079
2412478667.514676
2295646815.2639365
2174480451.3701587
2008393835.5758631
2468396683.788179
2255261858.681352
2094602260.5749412
2263989763.648146
2588107648.667156
2383380877.73801
2605173338.1554985
2627842017.7955723
2441709108.291937
2488472610.3591104
2530252149.8613286
1907742308.1309633
1958584114.4693189
1721662341.279407
1782662198.1111782
1808112226.3861465
1830740724.9183657
1883455432.188178
2047106113.7715876
1992029014.3973007
2080753041.419178
1886182790.745105
1739176597.7003536
1783435105.2695138
1761286933.6965897
1783567416.1453152
1868207013.7691317
1899062315.5719934
1599406946.9182637
1636961730.7525396
1809997391.1817021
1956503360.9007337
1816304727.7502196
1716275164.3368077
1669213981.649906
1393895958.6360917
992804011.8006567
1163480650.9795392
1318417736.3265188
1062264924.9790734
867492973.3910959
267279615.06531984
1133758731.5331092
1354211500.1880114
1232830374.9929817
1344199964.7448955
1268005149.8886962
1313219544.4910734
1236761145.3416145
1025307265.273447
305377290.17472756
1341130523.435197
1327265045.7156794
1365326216.9264822
1278162670.1025496
1004018531.6765268
308066003.2956932
1360716710.626314
1483363587.6257153
1378253584.781118
1865966642.3693488
1635668859.058613
2007375854.5749357
1974100853.8742855
2051201267.6053638
2513356258.7488346
2187548258.508118
1883440101.1485143
1992867553.9096203
1726011519.8225272
1831150128.217107
1673815188.581028
1404699355.1403656
1877162901.1746147
1967507553.6264265
1970492682.8191156
1802146316.8929703
2049707284.309408
1694916147.1416793
1623352606.315289
1383530105.8252559
1411733622.8926167
1543707118.14629
1407054532.5742214
1493476367.7018073
1638817256.644043
1423110487.794439
1289516434.7743995
1576623488.0344024
1644353845.121648
1843966276.945593
1892139740.9351885
1777263226.3834841
1481079662.8774521
1876401376.9011562
1653563690.2185605
1716772278.265415
1635199005.996542
1919500933.5756066
1774215445.9347513
1559849002.6288831
1662617295.2787309
1602312804.6677501
1660196927.89189
1644932141.0408697
1470200988.3600922
1439543646.2297192
1391184412.1816254
1252607664.2591796
1317144483.916396
1490046569.826255
1276099842.6034162
1525513599.726227
1487587055.98313
1163866700.971779
825365569.7847687
275651749.3257688
1211718282.4557526
1473379063.28328
1381731475.7896001
1135385772.151143
1182761687.0914817
1135445422.783536
1136128314.8632948
1006904357.5138546
256609578.0498276
1260569592.702026
1174772327.2217412
943341167.2280643
274262448.9888612
1359053456.3341937
1380910214.4436865
1354627013.916711
1559318424.0253518
1802053152.2111142
1620841192.3875747
1454537209.2494924
1813522692.1160345
1702695016.0671377
1619036575.9145167
1460668892.0576787
1229519505.5035622
1277461365.0684302
1364142938.2292576
1380125707.3375752
1471197948.9144197
1168276535.803151
1140411753.091994
1211328813.1851737
1104617636.0061908
1062594889.9636122
961364186.5282799
330552967.58051103
1154978708.0254486
1257828380.3853626
1501626879.050911
1504947264.6449277
1351940378.1174865
1588778397.5729542
1465788516.1161103
1632645697.9168699
1682761555.7610707
1571999246.0093873
1376767096.4816265
1385169328.121482
1246239197.674236
1578792561.9408362
1410637831.7515347
902714270.8530014
1265853161.3981602
1217061259.5768728
1241839394.6855967
1190544472.334333
958923027.8875932
1084371994.8816273
1174758368.9206157
1294653930.3468754
1294264671.1876822
1243937792.813671
1394166999.969438
1343269343.7954457
1041226189.9826297
738844477.8646674
338310585.2912308
1214465053.5175045
847290849.6060927
276009176.61326003
1034575381.4258229
1257822843.8556325
1325491610.4139743
1610406673.4968534
1488134407.123658
1391417154.5008097
1484245515.3623316
1764174183.8351398
1908047668.597568
1735643695.44589
1660624500.8770201
1968116578.4783235
1682287734.431283
1703947611.6587386
1607883068.9319987
1556022740.023357
1388529872.1607828
1192003690.6016686
1338393473.5600584
917326605.6214106
304635718.3637754
1077587008.9776163
1150122153.6848748
1083274091.6210258
1102875659.6932352
932757943.3081787
241548573.27670237
1018002730.1594206
960125641.7377477
1141031902.4818692
1167562668.640306
1077246735.4005938
1031737067.3172445
1303518973.6344187
1051502369.6682371
1323395479.5674055
1074178845.5589535
1243178960.4238617
1167666648.1983066
874190250.833971
379226384.5398914
1145368345.0715446
1118681248.0649927
1468711403.1231427
1195288632.1272154
1475331513.0154197
1800736992.4178123
1487479182.2173867
1691372993.2151797
1587858256.5980756
1815148951.2544358
1824590269.2312074
2131681976.7172146
1848763186.103465
1919933038.0911112
1714167215.633508
1440600949.9418595
1477908987.298307
1362884463.7046878
1482907329.4739163
1637864524.3287969
1626575662.2583
2115810436.0645897
1990785899.0391757
1807286544.3245559
1468132013.089786
1601730133.333375
1724997305.3746245
1647664370.610334
1563026771.6684282
1417120985.8830056
1215642896.2201924
1462628595.0099804
1367533785.670319
1136940085.1878643
999432920.0993336
913671935.5380869
420751110.69867206
1101478098.6641228
854443720.6568855
325674838.4692575
1227141516.6807778
1168297123.7365205
1092519155.3937135
1077877427.751773
1018257589.7029248
322435187.44248384
1339215187.7829976
1250238084.2419791
962121839.7858847
313533084.8877303
1187688480.341966
760590930.8056695
295925140.84726816
1372269562.2917607
1474899460.2108567
1788831777.594075
2071225411.1960022
1783007725.9088686
1933106052.7335563
1848739173.5673952
1886743687.992147
1568856181.7515097
1918291921.2832208
1851467055.054841
1899648271.0306027
1734554916.9438038
1590907232.2200284
1705814740.5016668
1665618573.537776
1930858762.8626325
1996489167.9238138
1902265194.844744
1782975664.3034453
1893763105.4115405
1940437177.923019
2100659286.109059
1943959711.4943998
2046220506.8200681
2001484100.2219439
2038804564.1240413
2086842849.872632
1941148860.6153104
1987106570.8675404
2083239995.1355355
2315397569.1748323
2297289509.004885
2430473557.2037926
2234230473.2948527
2095042622.6731193
2151641513.272373
2394400127.846332
2612073791.99784
2353762359.400806
2881944896.897936
2601307608.350897
2308296918.0167656
2412077710.7964306
2215983625.9575167
1828601551.1597323
1937646274.4130166
1582590618.471604
1740407376.2900987
1870118432.3450432
1676373928.138067
1713374889.626356
1630904029.0796986
1513076982.9497676
1403718769.3394816
1404180765.809988
1573956935.281121
1382538280.859546
1447136567.5794425
1702709237.6668692
1537638022.4192686
1334651804.666803
1143202597.6919746
1152506257.5614305
1350862607.0974536
1307468099.449676
1455245380.8160307
1590393595.9691815
1290000642.5122163
1708721996.6046367
1556265867.1028693
1818949413.5015793
1696901459.7837176
1760002644.677753
1728408823.318818
1926195549.9523065
1822322371.5654109
2100749353.8424037
2152460549.102888
2258760045.6661434
2336964064.936512
2079990143.1173425
2160891987.591635
2117798298.9171934
1894885199.7037392
1670358275.3531992
1656896309.965593
1582589912.356998
1728197297.1419098
1477885593.2018635
1222443651.7664788
1440403734.2854652
1341117421.869393
1473041490.1470685
1216670692.8130534
1357822568.0461497
1361406108.3718865
1259585282.936205
1327357186.4888182
1441015494.8274734
1202081232.351284
1515918966.2536871
1576124859.276911
1370177765.4779134
1434082818.6111696
1507322875.5293858
1644390934.1573935
1589954419.8009658
1727003902.1373672
1484722514.6218214
1238606438.5919633
1274195791.138709
1256244328.3274236
1430057114.109594
1244503222.3743596
1297430550.9481564
1117325793.8401687
1128878287.1810977
1335186486.0231597
1205123587.6188684
1090670188.0188491
1299493853.361415
1357682023.9233232
1231373452.1082177
1178178463.0130498
1029297881.812905
1109182017.4953554
1347054623.9308023
1880134986.3586829
1953873927.6625502
1786425366.0828369
1831917308.7569811
2217509330.1409
1995078630.4519534
2059205094.4043846
2099465294.1512945
2043219454.1184506
2006224388.6698008
1793403400.7708416
1679201355.484363
1884358686.8347898
2123079598.256628
1897934196.2156124
1873458510.0326474
1727139236.338485
1606436551.7312336
1536934112.9136279
1750678047.7596552
1943444628.7000928
2107917789.8185735
2450834070.8569155
2474428009.521775
2248507001.8165436
2286094062.4672575
2092278363.9698467
2100083783.3832042
2277032571.8520565
2308056092.421608
2094327530.467992
1954692260.739327
2412947623.995034
2341824880.1959376
2336229943.3554716
2162450123.113189
1900687631.9378753
1899724947.065733
2084664411.3600116
2334223887.5532293
2034128099.5149105
1942753529.6986506
1874443808.96772
1799851369.0829527
2164207711.0755267
2025494817.4652333
1986288790.1652915
1829450958.6574342
1626186651.2731667
1812936644.19372
1818841725.7223632
1825385723.501276
1985798823.504458
1686906538.7032282
2111864603.6959848
1815779292.961952
1748593017.4849977
1731860108.4865968
1553040449.9869006
1625295796.8874729
1694570359.2081037
1914142364.2507768
1513905571.033113
2063895457.8730168
2172285299.0793166
2184200740.216063
2417471390.4465623
2134782920.8735383
1798324718.9469182
1821662098.2023816
1942494832.6538932
1947359980.5780416
1894163741.644323
1841974956.2710445
1830708079.3128028
2042422719.8065426
1972227971.2215772
2064427636.0748672
1974019006.5551393
1513512328.7366397
1834268529.7885056
1722142935.5193734
1709246101.5516438
1818047542.3759387
1542138016.1939018
1529128619.7148788
1754362930.5151322
1695996727.224556
1695555561.4724529
1753135342.7193747
1828070086.0558074
2055698402.2115228
1940638079.2673173
1823872830.5739615
1830948858.460265
1734574785.2036295
1742480564.959627
1726799559.5552695
1397157013.6977012
1454584530.1037228
1629153025.445605
1724502479.212242
1670685744.0614653
1728271149.2103515
1896808050.1800776
1643242205.5573525
1520200409.1750107
1630525576.9331422
1648651964.9565744
1379420021.2720876
1125525083.8629286
1106394464.1361182
1215259421.5733247
1087392933.0038538
1009941012.6742599
1277113728.3063061
1336292164.84432
1664704960.128153
1646706336.4940965
1724984767.9278252
1793853360.9945498
1767547380.6768422
1978703308.050785
1898728970.9264925
1936815919.7303717
1955772249.1106343
1636844185.1016896
1806717344.5087137
2027768991.9249234
2065545965.8133888
2000791825.9687948
2227126843.9603176
1831078595.6420927
1870965009.6664493
1776870905.1806018
1796271278.7358317
2019864536.3050668
1752254147.2790637
1805988615.0895433
1940309928.2061448
1705921433.6932335
1821125084.4013376
1617034141.89005
1703538153.2164435
1279053728.7338722
1327671122.3165963
1473664185.4068456
1220866006.946691
1552229464.2506921
1884411172.2814991
2046046170.4090087
1872823827.3632903
1689474645.3886316
1560812232.214491
1558091125.002246
1283510465.6098895
976896278.5268472
1063981552.5069104
960567182.62436
285777006.1799326
1421335877.142838
1178653201.916676
1311822579.9893904
982215998.7596012
287576655.7422069
1531932913.109007
1412929684.9890022
1380369186.7606556
1084297267.9303482
988530673.874643
346022312.4558989
1062705431.2765367
1108806624.9727452
1249257671.9299262
1367337904.6379135
1034786510.0728153
1202136075.280018
1184575375.3602612
1062849145.4429623
283287974.82285684
1140660251.5172365
1081061827.405407
939654577.1741554
329032520.4575455
950706208.741801
251911902.17822856
1280677116.0342681
1581299527.3179042
2041789428.2291837
2001790257.125279
1976566856.2058783
2111008654.7792957
2029291975.5653756
1784561580.4526434
1851651009.9543798
1905851910.7255778
1766521435.1727211
1778953883.8041744
1585312318.61389
1593540556.6873739
1581764971.7602065
1594211041.9733896
1578573049.1433635
1377787142.4390411
1266477855.7561357
1188163899.276972
1209628772.1337786
1178432486.743218
1028754505.6235063
1166717017.337993
1064854588.953366
1393568151.3675017
1229719951.2768626
1115913090.2352552
1120525235.8882844
1435413676.7842064
1247314565.3027122
1550005384.9437654
1497068384.9702857
1326526691.1432862
1431014943.3799362
1236936978.068008
1295834400.631601
1278667940.6404765
1390053310.3274465
1487002422.8354924
1639006721.5376768
1240349321.3701234
1396790137.7966318
1530303301.4496386
1509290635.8224006
1739093609.3647108
1845859633.7642012
1812452550.8982978
1824430739.869234
1552906118.7823887
1752058326.7703767
1879176750.685504
1888843489.0995648
1523497800.2065873
1498466026.1179075
1590226162.080436
1363056227.941932
1559988806.0562034
1692211403.634362
2076555536.5755358
1624199045.0691218
2072629000.7121437
1674820678.4626062
1678046060.383109
1274823802.194042
1621557515.543653
1644292335.3148155
2053090076.8668094
1902569754.8608356
2046010123.2490208
1943719426.7394922
2059922060.6499453
1927524030.5613484
1595040977.2618349
1777098220.286239
1770411092.2588496
1882672842.9334323
1477596911.0337186
1398522457.5122232
1693239967.4266052
1756432883.5620453
1954259859.753385
1434778368.9107182
1482288130.062294
1497992025.3228943
1416163698.990051
1152178424.368267
1169670626.027421
1039291545.1507201
1075046926.5121999
1121147314.5287235
1166766856.4156022
920004795.5397269
271341380.19809586
1191052123.1762762
1353521136.9798427
1130063502.4162772
1143659723.9905443
1159819024.2332957
1231144189.6507895
1445418956.1993978
1282824838.0511034
1275718667.0095017
1436761626.1022813
1720714531.7001328
1520939327.822299
1737334951.9308088
1611176953.372882
1671256944.5061874
1750153713.5636237
1786820621.751064
1674690504.3328285
1575277491.3837945
1334665144.6882305
1278098727.2288299
1395583059.152927
1254590565.7388632
1380622187.8880057
1167603369.6243172
1339822210.3777437
1199254533.3945882
1314325150.092451
1121528726.9891083
905670606.3366143
259077888.34935737
1474223124.0479364
1181730570.0751774
1396931050.9109757
1594148980.4182465
1560852477.7239876
1459238691.050656
1304798245.84242
1121493146.4833696
1096551989.2194037
273739113.58181953
1190947442.3206494
1386625913.7527263
1006347791.6403892
904742352.9094253
266317370.14094543
1170910761.9971986
1365076997.3560345
1364479939.6210887
1506383685.1184604
1438214453.5359118
1270533601.1672702
1318662734.6314473
1500765095.0252717
1442040312.6705148
1276398877.005343
1341367044.6160321
1377694780.3499312
1425304860.0503278
1515073344.9603424
1594623333.7101974
1302775214.2017734
1543664394.9432223
1590869375.4287758
1525284176.7513177
1639187760.3617597
1347877385.6251748
1475585189.7820866
1707400922.8184316
1618865642.4025278
1902299047.095914
1968226028.422727
1559400951.0945575
1817049326.7252781
2031824805.2718368
2168806243.005234
2254379253.3276505
1909185410.6175048
1857061548.2254522
1797125986.025711
1985593130.8032215
1937152022.9096103
2129259495.1719925
1987507830.8777995
1816158832.5663638
1760480137.75663
1838097376.6347854
2232228015.3659544
2058908311.3675864
1796500480.9670386
1982827445.469264
2038524458.142984
2050582961.910691
2088668117.358552
2176940195.3468328
1970549965.5804894
1916462815.7964392
2199597338.1009364
1695117255.195965
1956266980.3641493
1716508630.967989
2141029225.8807054
1618793622.924311
1754508683.7706187
1452863040.4161437
1798783043.0648286
1667981085.6784499
1701533883.2125864
1431445861.0660322
1354041263.2119534
1309876996.8000567
1281231648.5010145
1213346010.5273056
1269779791.0555987
1273823899.6098392
1156331077.6837306
983853621.7784559
1008734644.3643925
883004419.3055584
308406652.8578748
1569407446.608581
1491507013.6450634
1447384940.126154
1750536777.6917374
1879715309.5657349
1856806826.2866755
1767380157.231574
1699943688.2222269
1647692070.7329288
1741864193.599341
1863241646.7895474
1505394971.6305346
1110884476.000694
1248938639.674304
853096751.9323806
1048710148.7741379
329179583.2640788
1443474731.5803473
1115275697.9773765
1122738630.8906379
1171788821.712236
1069523165.3737037
267927968.08139378
1155135793.2319596
1042068329.689275
1254150153.1865873
1107117103.7289193
1060219804.1206567
1182345845.4333282
947723432.0508724
284421636.9181522
1428953939.0469937
1419441550.233895
1267665514.4333773
1249400357.6446757
1334493535.9897332
1238732619.4289784
1119333724.943014
1249840041.2628298
1156346427.243451
822870479.2896705
289788896.19408536
1045874134.2773451
281211160.53567874
1407352158.1836114
1440785256.2766254
1389108526.6246955
1592012598.4742525
1722307640.094959
1680098917.4130657
1984925085.481766
2025919901.9736729
2081450518.4212868
2368610214.8710704
1716223411.199969
1770669611.4554844
2256934622.601372
1935493966.0657277
2262866471.6461663
1842252370.112071
1406896100.1418152
1883285716.8631446
1888032408.623968
1899894418.8932996
2035358080.1881118
1991454601.582411
1824858518.4465723
2003889160.0162146
2142028963.65131
2536362477.3506083
2450088472.692925
2307402001.9984093
2300017242.913404
2372701141.0317993
2532002214.2306175
2700450765.3109927
2583059480.032061
2437878916.5429063
2479966453.9044952
2595044468.661441
2645096020.563559
2684004805.3494
2759828032.9019527
2765116706.812388
2591591322.2940297
2272338218.3287735
2652753029.998816
2627015216.154433
2682885068.388429
2546173450.978355
2671311520.00118
2847511066.0386033
2680320918.5616164
2344525582.668079
2185052849.1819735
2420683911.819445
2548926579.24873
2442056861.8951273
2232782905.9516783
2265906558.622084
2492262367.139366
2190955351.6532965
2291007649.6600156
2607657394.2810698
2375229726.866298
2142461912.055886
2205574106.2215734
1929865143.7982683
2061330485.2079709
2115324365.144019
2110209080.7171946
2309625458.623709
2353937581.564072
2625486338.582816
2128095501.191266
2112891036.0495136
2119308142.5247004
2268737037.600912
2035022344.6024816
2069364993.241768
2320709936.5297403
2284998489.8840995
2293670494.953327
2186917774.5935087
2417348730.1330376
2453798009.54357
1916487994.0306396
2123004151.8818922
2113251963.6692433
2234564299.3935957
2242475715.8236356
2140163612.5977368
1965617646.725316
1740403472.1178324
1909938079.108584
2039473579.1477327
1591090065.5133567
1710940672.3351471
1748858131.5930839
1569833994.4684453
1395616945.2437415
1589512965.3850205
1443217597.7112622
1438690396.76208
1422993924.3985145
1420410242.3124795
1469132784.251902
1286472266.0627732
1078279944.773096
753471339.3830631
292718093.82914734
1262834558.9491317
1157814874.6547549
1216215158.3265116
1024925728.770831
1141999127.2760515
1347235603.5981712
1281736258.7421954
1127757150.251531
1464539042.4616113
1577438928.4678888
1678118461.9402664
1317146830.331329
1345937388.614643
1491944277.2774336
1128318084.0516157
1183329211.5469244
1117151067.4131432
303506446.4424034
1187938734.3676372
1256397506.1712759
1286414864.082447
1616006939.7398868
1846181231.7704895
1681521090.4977138
1907424550.9887795
1995210461.2246406
2199199258.179886
2203716767.842139
2496846718.8341694
2375171673.3169985
2401478026.3539267
2373398251.1009836
2226674541.7118726
2300904789.6103907
2109073691.0153491
2382990552.709995
2590485219.634622
2535939827.319498
2840790607.8194814
2768585836.250121
2610228638.7612634
2189046409.8072667
2611013436.895256
2217774289.4870615
2523926012.018089
2408827699.9062533
2155373159.0985856
2469145700.0576234
2194673715.659047
2585527257.471735
2669344807.817279
2108423676.752159
2393093742.698957
2343571261.0417814
2431771987.9409695
2592401031.693816
2540210596.966066
2420420061.3802967
2471256121.277719
2787384216.4120955
2770665293.6735516
2826080889.476047
2824379273.1904325
2708238092.0502877
2485168676.781454
2565071553.784263
2423328468.6954923
2496261726.614569
2344234301.916604
2411123006.848319
2336287147.881133
2138036604.12289
1990489265.5907972
2328384237.9798365
2259428584.751686
2002138780.2464638
1975673865.6363962
2191563144.2068877
2152133984.2290306
2401003822.62028
2641874161.4916253
2493765667.6609826
2528520072.188137
2627770795.905143
2370964656.9032297
2578430584.056706
2845209886.557727
2632043774.32192
2862677829.330096
2748640842.627375
2923222894.0975
2883559163.2347918
2904322190.2543206
2743628836.3748784
2797482578.0193715
2823750800.545949
2807453899.590297
2700273980.8785014
2966067940.8071613
2820174231.9479747
2459557114.3499565
2838272027.99929
2324731252.0322666
2625472830.5952854
2411657746.702683
2520253085.878808
2486685224.425915
2827954619.917003
2695079612.5106535
2840608411.2310495
2224585115.797336
2415600717.828291
2613273569.729422
2473803625.252246
2591329919.3505864
2479191859.9041505
2436711491.577522
2466463051.9131794
2324529728.505687
2336648764.752088
2447644100.1010904
2406954062.390745
2350627091.347295
2437797195.244626
2146509852.8367863
2295675024.573094
2167877504.969475
2130446298.235156
1683588686.5452383
1812898840.7702646
1885195916.1168208
2087936871.2135112
2224899890.5472674
2128209920.2290955
2136582632.649897
2170865858.358091
2005842948.0571978
2090010995.5466309
1818166072.074068
2156871667.4506145
2166641737.9630647
2014193988.7375536
1951453256.0047116
2050856894.7344313
1906987709.9190981
1883521655.032342
1614978718.344242
1529674910.9363823
1597429655.3379114
1357924159.1454208
1311360245.3115122
1138443756.8249366
1232570556.423404
1193147440.9003873
939218469.2477254
320126187.63657254
1196756527.8476186
1354350222.935031
1338371040.9735143
1065520247.0340829
953680278.5166925
339409931.2849167
1429093458.0248919
1455117295.0392747
1372873119.8421962
1498428137.5087888
1308323270.1830652
1584935820.6242168
1631096232.0244849
1556516477.1524062
1675498713.0095522
1837008191.9500322
1932706223.6354127
1790976440.7448053
2054726263.2644694
2273518484.490356
2053338852.5836492
1994661479.9537184
1827144412.971281
1929322908.7836046
1747284452.351604
1979587015.2243528
2122916552.3833191
2031924250.0352702
2067023416.901612
1765179932.8996184
1920060753.8349297
1673254535.8074627
1490934230.8211465
1635820941.6307268
1349209762.8099847
1198428148.9127092
1154183387.4646103
1071602719.6834285
956268642.1509203
264134860.27281266
1299198985.8979516
1001525542.7652316
1118574528.3419824
1005476363.6545361
315931552.0036138
1222432431.2496836
1131005548.8528519
1045651917.6121358
993287247.6638184
367965806.47786355
1215292330.429338
1130088869.3370802
1198703997.0336313
1161166510.2509167
1315956343.001248
1570943831.142208
1425829977.9383383
1336209916.3680217
1316407914.4447405
1288281722.2841492
1653586137.6291697
1514340123.7107484
1502356488.3451955
1340418186.3817863
1335756157.6953306
1345046652.4771173
1334426036.543351
961304763.4365157
921776287.0490232
262114522.5721033
1263648156.815891
1087722354.4873526
995683092.3922193
726165911.105126
390262460.98345673
1200911644.9032075
1352539867.842043
1256100145.9885182
1425422643.472221
1312048097.2788184
1482020654.7190955
1552736819.832414
1573963864.1133988
1985217572.402117
1857199515.246859
1895075711.7706656
2111250960.0744495
2177576684.9794774
2083760101.260305
2069550256.821992
2205436624.0395684
2312553415.623093
2181911135.405562
2596848470.5616736
2021564528.62565
2510069850.3416195
2608403697.7587857
2667044034.912946
2590993335.038138
2795241866.6372743
2444251735.5445414
2986477094.3239355
2335318735.595259
2528828698.115636
2839756048.574441
2731807710.4100165
2645637545.7406144
2438589650.9172144
2635804584.8986087
2419236976.445286
2425730433.4731293
2302407938.8075943
2278625675.085599
2622290855.182896
2337075120.915561
2796298142.4504714
2383998762.701199
2369417581.7957234
2603756480.7666106
2659727751.3736906
2404933132.3360853
2399418607.829045
2101803767.911442
2292738212.0350537
2192912523.1554356
1826445429.8450377
1946467388.72736
2066851730.6724732
1951161886.8142214
1668853905.2027743
1812582324.7581687
2017729927.6417768
1987862364.2355704
2074709815.938409
1916024443.57987
1558340318.8898573
1731678504.5832853
1554281222.4623227
1654880623.2179954
1544476554.4551034
1489561690.2459652
1245426557.1589212
1316723506.4907868
1624303123.6975076
1573415458.5368812
1491948084.6336095
1291422856.3620052
1681210340.4196067
1727155487.987584
1701080634.7224965
1803238952.251772
1641970212.706593
1373412351.467471
1617050758.7802696
1545458838.813279
1536546978.5890524
1563880407.0416286
1420511529.0907366
1483971588.023336
1842450394.4723098
1824764270.3445904
1820909360.4003522
1694327020.3584552
1533936826.8592753
1320452467.3836138
1441424823.0910723
1608964656.8766215
1782427245.7092507
1632793302.466814
1492738890.462878
1355773241.61046
1157666677.1457312
1243886227.7388353
1115556826.1756792
1187328739.455437
988596993.5756277
1073739266.4585959
1321520242.4734516
1241969009.4696832
1349514956.495528
1337521118.6646764
1279469957.0625353
1274453587.2848012
1430450754.5671043
1603313363.7193153
1763730735.3776462
1974716968.1518288
1549357030.715173
1795152162.0567544
1665206508.7818732
1996446811.3156624
1890016558.3262212
2083971546.9379528
1942331336.960895
1875084162.9667418
1950004539.1033287
2024696774.5330124
2044392963.278335
1788633589.7048228
1494779525.6602407
1645692920.6192682
1831965508.2819042
2032554557.6428692
1748287658.798675
1882935221.2783504
1964011271.8309727
2196645639.6189837
1758902089.3520594
2046588388.7845256
2034817838.8924873
1665962938.095327
1964538620.6701074
1859981474.20825
1904278160.7419362
1719379426.05505
1578875992.0640047
1845754864.7220135
1597086803.7811344
1938035106.0039558
1843157859.4958148
1829924756.3257215
1989187407.193707
1913911174.1552818
1701329456.3528497
1672521170.4373353
1663011758.7298942
1461396902.1299562
1593019922.9633942
1848277346.7812421
1647150600.6520944
1871058458.3045294
1692780976.785974
1848209946.2219954
2129425342.1850014
2076563343.8395603
2041911360.1275344
2225411928.3649635
2320331552.2707796
2540601895.822646
2246490597.054676
1969259713.0754063
2014324308.1134744
1808749457.0082018
1872992574.367613
2133123312.3484461
2056947118.06386
1999084659.3867443
1941655327.7590501
2587850007.3785534
2212467138.2268972
2523215806.7712946
2339894927.1549134
2380358323.3351755
2312359859.985693
2314378795.44813
2146870418.35699
2384238765.4593177
2240541992.975082
2621300764.711044
2205398697.044697
2369354331.108397
2481878076.7153215
2329238269.741973
2570184158.558672
2313128117.526197
2308498385.1608615
2563491657.2637935
2289196106.01806
2106282313.6513622
2132195603.6668077
2347553398.20381
2365964250.7423553
2474775326.101162
2509517868.822859
2807579648.893935
2673060701.636876
2797684894.2930317
2709385031.300811
2875432567.495922
2571333901.379074
2915618331.904061
2528440420.538282
2491254840.6901665
2779370045.0293846
2778851288.0169125
2294110563.7418
2774331391.971899
2472827876.7272854
2965747415.87512
2439902414.1576605
2475008752.5067425
2638900867.0274453
2279567741.483974
2485774620.236298
2800683875.802323
2802211561.56985
2883896378.835004
2846092244.0786433
2298972477.762012
2620563679.543283
2626320131.3459225
2715316426.9956827
2476793230.6904397
2530411732.626183
2676736332.2022967
2667487279.454008
2862874527.3882494
2755464894.5339828
2873219273.5958986
2740691741.63713
2787661014.196945
2687612157.4259295
2690969404.4517574
2516498122.859031
2783577266.299843
2483778377.0669117
2557209356.018095
2874289163.264964
2449816724.919795
2885984457.9626994
2899359395.9097033
2717616966.09147
2869858462.0988793
2835215377.356697
2782641900.205152
2644504622.7175784
2854395670.55615
2722146796.033329
2803552128.8915668
2879680042.3888
2932266395.7998796
2994615297.637801
2982579057.073752
2927773225.3282285
2678538116.344382
2826121681.4643197
2790961533.062302
2762457047.4945765
2810899261.359983
2950205353.2730055
2777945930.026635
3004603114.3232493
2900728791.974974
2904839746.374356
2805711486.9154887
2892388873.2563543
2887842373.4280295
2803103634.4478397
2835879642.058224
2941648899.7024274
2659588678.2078366
2844397185.5622444
3024716222.2016726
2917868580.9529247
2991475165.270375
2807557184.0109744
2870878874.0669594
2683572674.195961
2762116587.2313595
2332634030.6466117
2290764239.567801
2059467159.6380877
2323772085.4526935
2479466167.8895726
2701830911.694004
2706777648.1129336
2690104450.264223
2482659803.7188134
2314489483.11641
2686963015.400242
2591739642.648553
2481434639.072284
2294921560.223753
2242767564.085948
2280969889.872505
2027058991.8536675
2401362036.6093783
2352421958.8719835
2599055256.8629575
2352905745.1800137
2389894463.6531153
2705862012.3420215
2843299126.8888307
2696327985.1780634
2229575143.2219
2544904272.3819013
2390371367.6502824
2689702776.2519274
2686368390.8433666
2435872122.945591
2598017170.776226
2406558195.5211186
2379564482.123802
2180060918.8350463
1680205406.8252478
1939083815.096274
1963309138.0387468
1820048164.731637
1825830788.8721135
2046886067.0959923
2029286195.1456048
2104852743.0616791
2087292952.0185938
1552017623.1216724
2081130264.8792756
1910224706.437409
1852599909.199327
2034529896.7005146
2062987101.196709
2143763757.0521746
1872487605.455444
2294523263.673079
2297777363.32214
1938499330.065185
2036196477.3787389
1857517919.1809928
1467340776.995201
1562768792.892475
1461370897.6096327
1494195481.3752384
1096929119.8327022
1333140351.4762816
1346495657.361521
1198688456.0719092
1123059799.2008266
943745427.7650423
265707505.7418775
1100286583.7338648
905679768.8193787
298222517.8418758
1235486661.3590143
1156494447.8763874
1277586391.573494
1168387229.5335572
1284668286.4860556
1139295474.7437642
1191466953.3448026
1153478554.911433
1127627299.2083378
313492818.8369058
1247408825.7071173
1167613377.5724783
1211263927.012976
1232550980.016233
1372442438.025987
1431787030.6179643
1556575358.79842
1895177915.5133762
1808760085.49086
1804596091.1241493
1516819612.839624
1577756134.7403135
1670912044.5456152
1556339457.5755146
1218940690.4882185
923344123.101738
398282767.2879802
1309857727.8776495
1492590027.295941
1569945387.1796858
1377933442.992058
1633901615.0982304
1747531044.345993
1538251895.5434883
1232665954.8073447
1508918362.5498803
1476894520.6406388
1516279779.1668563
1204490725.9354804
1147525780.5094762
1084207305.35148
311827301.5428885
1381811758.830196
1308441560.8043132
1128640846.7011847
1323294505.7538698
1215984391.600329
977229951.5786792
1331005284.1498837
963595153.5847707
304986765.74360514
1402340317.8691854
1382311917.653884
1758199521.4341977
1757376145.2275531
1696198967.8621995
1512921312.1808116
1369208127.8956623
1511898243.0354683
1248330590.0112689
1428704772.739403
1729124575.9405823
1530727803.7542691
1696771933.8845434
1742521707.869905
1339305734.1855185
1653287971.8361568
1515607046.3223982
1748031279.5807335
1636140347.4178293
1820530946.3700027
1748942689.8130217
1639342951.519432
1608185571.066423
1928713896.54195
2075874992.4655366
1599596626.4388292
1741794622.500605
1926118690.5774484
2267625523.6265664
2153475752.899517
2322360247.447959
2431009422.2824845
2257924535.626964
2486217097.1150403
2534038796.5944037
2736263979.581726
2405559604.495915
2270440431.8401785
2569035740.2598233
2384101894.2506733
2249154269.3502936
1906656762.0979583
2544449066.181569
2332729428.4527225
2676174350.3558674
2646269256.8311734
2630066740.4597893
2658688136.433152
2723051207.860758
2473284312.8763003
2839108001.490943
2722039825.6640987
2591636321.8009534
2610853699.103034
2446828489.5319896
2449180360.721777
2281297634.8045
2233224086.5988226
2491915423.7014747
2364106017.5140705
2140434774.2551968
2384968147.097079
2196072707.7159076
1893539490.143381
1821779426.5987053
1821330826.9553938
1721978869.6881018
1612676215.3055873
1922540154.0912926
1708728372.1195688
1672069480.9946816
1916860707.3276665
2160639415.8319206
2019763674.12411
2007276693.527503
1915007687.8391635
2048657707.223198
2021067727.280231
2235229903.024901
2152281956.6904507
1904674780.0054078
1907934192.8524272
1934453847.104851
2026205024.2268398
2176960642.2649846
2340442776.555682
2166190346.540724
2162271922.99102
2273553832.07266
2144971955.577468
2129449151.654633
2241571147.2089996
1994340000.8400717
2338824781.3484435
2447582379.152438
2479772135.3902693
2353068750.091149
2234976905.371821
2369865362.934296
2344590695.241412
2791538431.6144104
2579746610.265344
2481951667.478839
2147233935.4071124
2163063241.538109
2313801444.3289557
2167657986.4187493
2071927882.319344
2252926713.637118
1799955037.8437192
2244479896.1740932
2299981746.511478
2314322604.5597014
2196796616.7121706
1687824190.7748046
1709360634.8408124
1696427511.1454477
1580928106.4317057
1648074262.6238785
1675114469.3295505
1986817718.5818594
1606146724.2857857
1837804595.0087483
2089980870.4541755
2106087671.0919778
1867504487.6696935
1772285193.7166102
1577764331.7851245
1545057892.7108037
1598704059.0390904
1828654772.4158368
1886477289.9075687
1790223761.282892
2008999010.167371
1918655625.398931
1747364168.1396587
1648288926.5200677
1902193877.870403
1600674675.0379477
1932816054.0019882
2097059717.3660393
1915767636.021987
2078488459.331606
1580083847.8510294
1741381535.442355
1774367839.2541177
1657574214.3031101
1754276948.2241552
1476984967.3019028
1830220013.8591917
1774441299.1886814
1719372585.582897
1827073769.249972
1600353381.8576152
1674941058.726094
1537060780.415382
1553970475.8756804
1567127930.7120922
1695300038.171881
1898943017.2516048
1806944051.047149
2034925979.0241911
2165423193.34362
1809001567.9947114
2381452171.8117495
2334669291.659367
2412403564.814086
2203964674.5699883
2182159207.211457
2170385325.6458106
2542413179.4845095
2324365769.2521296
2014716317.2359753
1896614849.6159945
2025577729.6382399
1859714200.672706
1779981969.6343088
1794932773.061314
1956288737.6262648
1498947064.5649185
1985356728.225591
1766345593.3919835
1689018564.5992007
2140620160.9508116
2004461572.4116817
2055510718.5598063
2038624698.0735037
2006646521.3350503
1674749762.6816602
1860699743.5441356
1605852911.1524189
1788670289.1604145
1820989954.7240298
2111472850.705511
2125114730.250449
2169507331.1070633
2040323927.043951
1911486105.081662
1818466216.1910477
1883866041.796334
1973293278.6080518
2191067614.748885
2254928159.966492
2083670604.5291839
2156469800.352592
1799930722.3338382
1690274325.0825086
1813372885.9997156
1802997361.1888185
1717121653.1098268
1546185629.1187553
1567675811.0174348
1741762396.7728884
1916896561.1345375
1973205556.1541288
1862973822.1957397
1597416181.2391021
1572040051.9489412
1419131687.9316773
1296108339.9308708
1276572222.369589
1321122631.462242
1210367857.6777802
1253896921.8028347
921281051.5113376
300375981.7490022
1065317501.8545375
1459677254.8477664
1365246592.247351
1689662123.0626647
1163754332.394642
1056808314.639889
301587405.517796
1134577953.0225513
1297274751.1224706
1468767168.6936328
1961545601.9734766
1731482474.0101967
1736812244.6515737
1374978671.9046474
1588670309.1411967
1891673681.0591557
1523359732.8777974
1604576564.4502258
1449247590.695748
1610045185.545131
1640514721.4225657
1670339411.7166038
1393262343.7180278
1122259432.3888624
787613569.6922058
312719470.3449568
1100569633.0405135
1150245955.474628
862860946.5241685
293624151.9704397
1142331746.020865
886485011.3759382
293934632.2334095
1045789758.9806508
273891479.11703676
995093069.7970062
314493440.4236374
1494289962.207747
1183071292.4244344
1312436697.5972908
1285067403.3591297
1226053193.013864
1330238061.1172512
1059417996.8149047
982091132.555515
292361539.1816506
1604871999.3278244
1802744756.4921947
1745635837.4891195
1698827173.2703662
1773974124.3326478
1681210240.624839
1696710930.9782584
1839180137.501818
1578541765.839962
1768350359.0381882
1532536359.1632576
1984148936.3750787
1400838634.8937275
1279688438.4792247
1236218395.351678
1362209814.5551739
1420413845.8570514
1374496846.3710816
1136198054.0489113
797543695.6721473
284201073.82170993
1078826540.750683
1116664189.0658135
910713000.9836135
271924855.7547112
1271302989.4704623
1399300395.5413837
1573283995.257578
1484415559.4739342
1559063180.9769163
1519841374.1548476
1881953178.5117998
1713903024.4922776
1875568583.8929672
1817870963.3156772
1924758707.6414309
2240985417.4492054
2066086657.3815129
1931414336.8034391
2056664270.9538243
1715264067.698573
2185007449.1469107
2024135541.3579895
1809149064.1112475
1741738085.0134273
2145502423.8214848
1985178381.22361
1870892529.892514
1906275246.8940406
1824577097.9541516
1905525723.7700334
1964593602.6959472
1781305009.1478133
1479152450.741974
1463046811.6596904
1502175092.912525
1439281192.2694664
1480439373.4421144
1352134844.1924794
1699908463.1197345
1552376707.4257417
1714448167.4097457
1552710435.1354542
1563683769.6458972
1782434272.6262908
1754226702.7052639
1731770399.5027502
1723185837.2548542
1434808521.3043535
1469707421.4832675
1390212345.8114293
1335770383.8341656
1599605724.964474
1551226183.6680093
1722980816.8108482
1630912009.7176545
1442918395.4301834
1236149540.3438427
1549344689.353475
1106612693.4786887
1509087329.954171
1288765583.4593172
1608108057.9590597
1184954571.9287763
1297307066.013558
1020762750.8673248
280721602.7193321
1108163215.9035492
1476849233.4507546
1086986471.7677367
1101038676.3341973
1460891309.3660994
1433595929.088211
1317691963.8079395
1446715087.6263008
1622665365.8548832
1366958541.9057775
1243069591.646404
1412353186.135774
1692013316.5901513
1765324852.6732988
1969688153.6785297
1821996800.8297248
1979126389.8162374
1843612821.2337708
1869114505.104206
1932998282.8321602
1677330633.1307218
1495764642.1834965
1954259778.9160597
2258147138.5984473
2266859232.8281693
2392560463.461842
2371043366.6160626
2351825776.8444076
2122824821.6385689
2256698417.191879
1751268358.655753
1917645126.5539656
1924974912.4407065
2449200169.3728704
2501317429.6741977
2100222740.5325992
2226182592.8421144
1961415372.455733
2086448158.0663893
2023792464.7035174
1907882543.7757146
1475071101.1156955
1620533562.07895
1792306814.3133867
1446568802.05061
1509679673.4752605
1664427458.5854537
1432220165.5800254
1585797326.314233
1693601191.0548596
1826258293.9656608
1967348527.6259978
1744286444.6270187
1733490792.3397996
1734350630.1201468
1619728151.7240133
1480676817.0515137
1492164078.991151
1594199021.285211
1723495161.87895
1813589090.8425465
1970880810.4010267
1940620511.0956397
2267804132.454877
1823078302.0281847
1932797816.2259989
1602117266.1695015
1846663374.3300066
1619034240.2670236
1738441917.9396763
1759058109.389311
1720858913.269248
1717384361.5506067
1637273344.3700016
1590482836.0712843
1721480878.3932765
2009985780.345046
1715913955.3980844
1888634207.0093174
1707066496.5153818
1889459537.0792332
1771810081.543963
1955365732.1329558
1977863333.8230364
1625918205.5560265
2136640106.57574
2521365852.6145067
2195867359.4232926
1931936053.3964956
2299813793.3321776
2506139759.4295707
2378779798.435344
2310162906.9330387
2336760690.813565
2348914230.7379622
2113370672.2325335
1755108651.510758
2183841773.229463
2057492902.425683
2125531000.7861512
2037312102.2545168
1728339390.576539
1480886897.1758306
1465220735.5683112
1565197312.5073464
1475928434.0429418
1043460810.1653728
1251960939.1199193
985617074.3017405
258045742.28774542
1019103396.5829842
1170789124.9624162
1348934809.9967625
1481025397.3389525
1492380808.6708255
1511923029.4939826
1518687468.7368035
1349001757.9933903
1277816104.4691398
1507893204.081688
1236973492.1849806
1263913906.7821708
1103800728.496333
1184288692.1994956
947276179.4722301
322608891.20112354
1220285420.1110282
1245066330.2762418
1005592187.5758424
251216863.43785912
1166640488.5885696
880086829.7184721
282993550.0609863
1138618941.3504648
1247732630.5371764
849801056.1662748
326851483.3166946
1086377385.6950607
1128357152.9804618
1161445475.0630846
999973193.933389
278464856.4004086
1472098781.8054416
1381184136.4930685
1411794418.4786944
1161363664.8563209
1522607943.1847458
1315963603.8108346
1416286207.860394
1576189535.564681
1392487859.0420911
1599335716.0976503
1656849932.4528491
1334076502.6785588
1161115887.93761
1198086250.7989526
990071983.8725464
265001308.7691546
1203601560.160899
1065312539.9811027
285815863.089689
1381446634.4260623
1281344357.812048
888472336.2387395
1124614145.9107385
1078847290.00671
1018142794.420417
1110598810.724305
1431598222.5318737
1246814092.9783914
1369733052.632712
1700123508.304482
1575400465.7946296
1401660473.5289655
1563933862.5538023
1721207414.7034633
1422851582.4058409
1680938193.9705493
1583877354.6145866
1837504139.6724882
1968449329.3871994
2077854628.745587
2185703114.898356
2270630986.681099
2557531423.5451913
2325329790.504237
2290229729.2624607
2477944597.6016197
2581228941.5652127
2424919064.557
2535160267.5230684
2487144283.5492954
2277182177.1043653
2251970520.9104943
2181697142.8936996
2639942544.9464955
2370571032.7241216
2534898006.727929
2200010503.1218805
2572316746.0605273
2762118250.742933
2505722691.8210454
2627326943.3527493
2456152305.8885202
2326365394.6471167
2374975074.387442
2619224977.032703
2190217011.609722
2404445485.11625
2605029898.728615
2301695227.8103223
2130451143.9082148
2022973831.0875878
2027541055.714564
2010176871.6163478
1807826434.9144847
2007729243.101772
2223469232.667289
2030981666.77701
2391924941.3202214
2028551322.3412116
2248158642.597452
2307381739.564086
2191765500.307566
2159963318.331308
2366439035.9157977
1938833403.9455535
2201670458.206417
2249285463.222737
1969048026.9365416
2023664027.0273018
2045700809.2398686
1886873518.067061
1762056994.2802558
1538429883.1764266
1978891454.4064944
1877101525.9158385
1970025732.8849568
2310729933.2723074
1785859317.497023
2207712674.3816857
2672789710.744216
2251321634.3481665
2216530627.4216094
2569327864.071565
2189527585.5169344
2468928246.134294
2499579163.2054205
2221622234.7603946
2292544710.740448
2073477617.9577134
2070429357.699997
2393517831.031135
2655178221.464731
2311670944.071107
2578372846.645796
2250352417.7736177
2264733298.8590517
2584466521.794946
2616208018.8250303
2385646716.2374573
2483440903.871378
2520233491.765998
2460127825.98384
2533538228.502949
2458543248.2890944
2706602719.5634804
2415639822.2241745
2201581130.962237
2358184427.459392
2258658415.0794787
2282048770.5148654
2163510795.658829
2119860605.3355641
2158551156.0338573
2075397810.3071225
2023168264.9215217
2178387540.974287
2559364953.2882013
2231276118.688951
2212149437.766259
2308850699.1558394
2329276488.101022
2344728914.150363
2317879015.395277
2180217858.535882
2223127060.654752
1821038152.9204385
1721258982.3815968
1444427356.3355994
1648275941.1888614
1601594420.1870568
1521357077.526204
1679277528.9649851
1672456980.6720033
1552899999.2913864
1705496080.5284314
1850166556.4884522
1711045192.327997
1825071817.676949
2000317883.0968378
2210619495.696219
2343430904.2807884
2275231934.104348
1731728034.180824
2239005300.625611
2461555453.4106674
2705406676.254042
2669756112.3802714
2659057994.4400687
2472821033.5741735
2555173050.3243523
2611977081.17532
2436651797.214314
2536399304.6213384
2719389390.6528597
2732511974.3274727
2765117491.931783
2788893845.318788
2504286307.4292946
2839861059.4049006
2994007617.187132
2851924335.5087013
2666570036.2020645
2810816138.2612705
2491214565.9676976
2804165080.8568254
2903322244.8474445
2852488751.9080396
2562323793.7523293
2462608416.033238
2588368214.7312264
2940353856.195589
2316939260.787543
2296356512.59968
2473848264.7977195
2669864164.1537
3022361836.3942757
2769230616.307233
2552910677.0346136
2963069713.220799
2927005942.057334
2697908637.023027
2737568752.2697062
2709867988.722112
2704003517.9411693
2806200868.725312
2536407731.5240097
2770426683.5796757
2814668445.2363853
2656895322.4107103
2369772441.007779
2733295109.2772207
2811701153.4403915
2795220494.853837
2532649187.5519657
2966901310.0159774
2785551325.2496314
2681065360.0788026
2797413661.4253693
2918581822.7629547
2359238464.0116825
2610227533.162534
2785281005.587848
2641850763.5358405
2768700864.513535
2737802855.9749355
2863721662.212962
2434046132.1407647
2861875670.6411366
2814783457.160164
2846082242.811719
2816084324.191394
2684614716.05594
2876135713.607509
2764100391.2444444
2650429189.872928
2865926691.630079
2553982949.16426
2812647137.394009
2752696663.9238725
2899216944.297832
2832910301.3018985
2659675914.789752
2586451784.449284
2702376115.866858
2734165202.89946
2625492340.783045
2642943760.966891
2608239264.520154
2796484920.113373
2491388794.8514276
2651742574.6576824
2510667325.7418413
2724710265.0654745
2849729006.57135
2772477655.2020917
2744663947.2869425
2736068702.790753
2600503908.5053368
2589438062.4599347
2716212479.9519463
2405444486.099481
2488136363.6454377
2451131006.277914
2318575244.1631093
2113183653.5337527
1960484570.8790054
2218725829.669074
2099515377.882778
2170329817.0009546
2170137235.265871
2200951204.101921
2469939188.230666
2188707369.946395
2190274082.957401
1956900761.172978
1751058309.6369371
1843263824.0967803
2136596949.908788
1729908880.5999577
2030934038.4645545
2175831934.404422
2462982837.010477
1913836045.0112827
1762392344.5166678
1869886705.4875293
2263029686.054902
1944025116.6667385
2143981974.0613685
2104922395.3308246
2141250570.5729637
2088885128.7207298
2059798842.7548695
2332123193.059067
1920472229.0795414
2054716288.3577206
2352893904.22215
2320075740.1604815
2351119617.860853
2507505902.0432005
2318341336.1073303
1973957295.9080706
2034513520.4400918
2015769672.8851428
2000811949.3075166
1967461473.7002335
1910137747.0912294
2049304216.4459016
2104325636.543023
2077718326.3312151
1686428169.336309
2027604047.4926543
1827348493.8366065
1765520643.0656407
1793945741.9176643
2037261692.362361
2081095662.941445
2133544814.108817
2305601406.2124443
2136822495.6129827
2238718429.173658
2194511044.249529
2251089328.783461
2683153015.7545266
2304703986.493251
2669574513.2533894
2752151072.027042
2619890179.3675084
2819467322.769066
3076289278.1491723
2850874976.0720253
2637335573.2018957
3019733405.7664914
2773076054.770216
2421669194.488582
2802379657.337275
2950015069.1814685
2843185168.649164
2721219718.58378
2572578836.528803
2401999284.0293307
2651392723.9688425
2622934422.4515953
2501274659.609826
2526997631.0053825
2581090772.417981
2460207317.458982
2327703963.5950294
2659660877.121281
2273211212.9681315
2516985343.4282227
2332389818.2821217
2495071211.7134414
2746403607.803102
2551383032.317545
2540621459.4899282
2705872670.0729437
2254227374.5304728
2748068066.324794
2643022210.0784883
2778853734.2753353
3019416276.390219
2658494048.3591113
2861100947.1963744
2688253121.454036
3005005549.6627784
2798700951.8059688
3012501349.3555675
2879923887.1477137
3011308184.7153373
2807042935.7618914
2796618051.0093536
2747048508.9855785
2771974253.009887
2739976942.8446207
2799674556.9135194
2951466046.761059
2791265957.3914914
2885011773.982141
2749117024.8811207
2851577977.784329
2802015287.6506896
2785685930.409602
2768359363.0923357
2808600686.8301287
2966624411.929388
2858469863.0037603
2812660078.764533
2869669851.666714
2726246598.1571703
2767735335.516172
2819537701.945857
2800248378.1305704
2768047627.176156
2954077513.931419
2774389281.6709023
2789029718.880673
2648825392.392804
2933929482.4147825
2761669454.8774223
2851735371.3248506
2729899365.038261
2654812628.968302
2795355626.0307045
2958943523.630646
2675282331.345267
2771138041.155857
2841194627.88724
2755472622.567059
2780477349.394371
2867323862.8078656
2958182524.8647985
2698782203.917555
2799702954.1694064
3041529874.96828
2837505414.9257126
2937277613.6390305
2697702703.147292
2818265080.90234
2838598267.2050033
2977189799.1880302
2794641965.9412103
2862136612.068305
2812853800.488324
2889492760.4994683
2764711972.1470404
2845086236.4466414
2793475621.102021
2877076257.684187
2822924662.247801
2764390807.648196
2878670933.4542503
2834246555.660598
2811536996.9648247
2781125905.0824246
2955598459.053334
2676413133.8747845
2941668052.951562
2648737313.5636063
2838385859.9816236
3032506137.6913037
2897401732.5884237
2825125801.308776
2766713859.1474032
2823003925.449178
2793507240.7281556
2829395122.1623993
2838998854.99603
2910357565.4694405
2755231142.513029
2778857016.9791865
2762657975.853985
2780702180.044353
2882843211.7372594
2945045942.6108723
2671436461.247546
2919470919.5171175
2732003225.1236854
2907490512.4281754
2771214139.5183716
2756220298.455263
2839612881.5978537
2981135980.4892163
2635643394.8982115
2705745272.2923756
2832282093.451877
2645716980.4932113
2735831417.5872407
2726568986.5706005
2744179985.4432125
2812302174.0586133
2940473251.48807
2732194278.375538
2968387037.36088
2841611050.4888363
2786995816.7844887
2820508813.855812
2890376956.9096465
2805851005.225323
2888733536.100993
2650271786.538021
2787488707.8425803
2933902416.7304354
2776720951.1201835
2964914094.8019533
2797770951.915551
2851099533.951995
2733671945.438279
2759926790.023642
2803628978.7287874
2800480629.190819
2848851884.3805
2848557327.284706
2940616197.0701733
2860490687.616945
2802745944.8364763
2990476845.229607
2874411541.035667
2794525359.7599926
2841889431.995667
2762581838.717346
2729864027.053827
2890681155.3293924
2725476593.8938565
2859026274.344853
2824323560.994005
2802097283.7696433
2769141855.694577
2827445487.6934876
2679593780.5030165
2831824257.796876
2755708746.9724917
2886295918.1744065
2889410048.929765
2964590158.8227224
2720529881.415027
2834387827.351832
2609501762.7704043
2885661887.721046
2759858300.9390063
2705953156.096148
2578361031.8280973
2479633618.223982
2552953800.1902986
2665398977.0197954
2360595878.955954
2278812098.776333
2027613571.336162
2109157860.2860951
2044798416.2209625
2007635708.6456897
1912015817.8801117
1662978472.8318179
1798850374.0465877
1475624738.6049492
1397197330.863242
1425263366.706635
1273430088.3205473
1439949204.2174175
1378216281.1593058
1363931640.31682
1358833394.9953225
948828249.5017674
1138720906.3584533
1382182091.062188
1266823048.713495
1399220385.2715147
1396260456.2591488
1510228395.6047573
1647867361.9185305
1569786079.0186028
1662550544.0321267
1837050485.098111
1690989927.1718206
2024905179.194066
1789062564.6722305
1758694708.0933518
1807654332.5719366
2385161823.8825755
2422393195.9179134
2218235543.272702
2584121559.2530847
2775497902.7928796
2603156232.484823
2650427000.7382994
2724186654.6993327
2553600016.7747355
2587667970.444257
2380711436.7151027
2418579268.9313455
2387336775.995039
2384150480.3759317
2513476550.087224
2321848639.4025416
1934186999.309974
2229465041.9521914
1888684603.099775
1975419340.6581166
2019150232.8169725
2131091836.4944165
2139094706.3650236
1880076714.7977438
1697559796.986442
1680468197.5188217
1540010943.4888139
1540851923.875859
1646695224.4893935
1471154175.2240226
1649602886.5045393
1584037219.8853912
1889117035.845223
1686083450.8219059
1683444130.07706
1969621442.2118137
1996082097.0521731
1897154196.804139
1893708780.622036
1614811866.3665707
1452670599.2542834
1320277811.688585
1616568894.7262993
1635680037.4878347
1405544222.5138266
1481866084.2018769
1584826133.928082
1208614164.06713
1214149710.410942
1304153212.0495157
1194102952.7995667
991157057.8594259
268711240.9434031
1101394771.688898
1377143053.5526173
1521382396.6716216
1382765298.83698
1122223960.0584693
1106762694.441136
1125749119.8150027
1361666117.1375196
1212870100.8952715
996762535.9285132
264432213.85544288
1414043281.8331747
1424546239.2920225
1279239408.5692058
1320921424.6403985
1495101792.540274
1559716666.4897158
1461091479.0305107
1427769548.4849992
1691273229.844447
1627834136.5658538
1582859376.1816487
1585801611.245251
1702037356.6245828
1640432386.8668754
1363939654.938534
1532031811.9077144
1615501884.5511343
1804633278.5375595
1226527857.7252083
1684817834.0649457
1229533741.7067564
1257953830.166154
1408165867.0445974
1506304574.4228814
1663523505.4044158
1495413113.91507
1538330271.5699568
1578568305.5740266
1604903471.0426788
1455466845.0995967
1629154929.047741
1617694761.5329833
1502200682.888701
1292181761.482787
1413842922.069483
1597519042.4555335
1441591810.7670672
1233925438.88376
944183356.673832
253086023.19663608
1160690703.6804652
1122045576.195132
1036700680.5005721
1025828008.8299962
291890284.9931586
1249065528.91541
1183860264.735004
920586922.7689224
317014071.71108633
1114165023.8794365
1387886919.6493998
1417659427.249784
1398963618.6116755
1541512857.093018
1519508982.8306584
1611847750.8966286
1537085059.4307303
1255304813.5100157
1070136150.5682142
1058871222.2392051
1266243393.9764504
1200665956.5515037
1052728353.0693709
1227885548.225515
1311067285.0975335
1158605824.0576622
1026299862.4625468
846686603.0398735
307340601.7198048
1139973183.494052
992089493.8447903
269368095.6631775
1545194331.2052445
1578514502.6388545
1996942970.5597274
1446123731.0811753
2011478964.8157372
1578514725.7928534
1845703030.4944284
1827806376.0730267
1975175255.686898
2037185171.0730143
2280726408.0362077
1886607263.0774486
1803842053.9732747
1832099722.3646615
1995857362.7681766
1605413422.7552128
2084851472.9153945
2190820602.841019
2028293573.892714
1806397115.375622
1771961011.0344737
2111038280.974023
2100692649.8292572
2165286472.257218
2237619274.804617
2333039452.422564
2249065672.070476
2287115350.3630004
1830354410.0382326
2325699293.878878
2388883763.060892
2549476897.286484
2557288210.8519697
2708884877.9247656
2789974417.5629563
2586445307.64024
2316130913.0231476
2760359207.160593
2665945606.66174
2600667671.3790746
2559555345.251922
2282666533.4770174
2681466741.85096
2585826875.691146
2499317611.4028935
2238423568.114584
2330642268.3140435
2607205453.573353
2427752791.2164245
2552832037.3365226
2423227439.5170646
2323109907.3341885
2405809430.5109906
2241258299.561676
2376788285.7175555
2176878006.6766872
2403484600.017844
2390276633.2681813
2128000862.7570612
2197287654.4861035
2007538056.1675172
2320496502.398197
2316799495.312136
2173771346.013182
2482472160.591403
2503273907.9276505
2541058609.6765575
2841169209.2780128
2806868346.967948
2881660444.8110604
2724651114.684104
2692496765.469345
2650993188.2669334
2819895144.461981
2843783757.6642904
2943957107.8930383
2677817570.979137
2664842417.744589
2849919216.966374
2824036155.1725874
2847147039.294195
2866047451.7565703
2776479949.6878495
2773333320.7245345
2820904461.1802874
2936535149.7797146
2718640321.5738916
2940712142.451964
2771214132.192584
2848375383.7441134
2847187479.246405
2822124954.778915
2876294251.4246593
2898482868.697821
2853483283.2008195
2735856275.331194
2949724856.8043346
2749549842.855551
2679933935.455396
2761471177.2527966
2812718232.202951
2856021478.8491325
2816641694.303708
2858890545.3262134
2920242556.754335
2776955760.7485137
2916781335.4160757
2752347754.611344
2943152055.981581
2904742904.896761
2739212194.5937195
2987874003.720713
2928627714.877598
2841201322.2652793
2778386560.012489
2876567262.613783
2833372695.479611
2904992561.891506
2841626794.1947813
2814923174.1766195
2852626055.003065
2721486543.0399
2673398950.2921724
2675267842.367331
2765830250.111164
2885250784.1067214
2876880814.086916
2811319867.634433
2821176209.5788946
2741459841.146763
2826581283.9818497
3025981564.533096
2855110487.341784
2770516085.649205
2751568312.707559
2841273887.363992
2869067317.8730025
3070850226.9620385
2886021253.0980163
2822926984.6369925
2744727961.5460844
2803591944.490768
2742225964.5558524
2949324153.9091034
2884865262.5989823
2595337920.49396
2793402653.5309863
2743709375.993238
2741109371.1252956
2910083545.552232
2823139328.6597347
2760575832.45691
2803609770.7396264
2913853577.3723135
2935455241.4848185
2886420350.989737
2862115453.0905643
3006046254.534787
2890504118.399932
2874005224.427969
3028348692.569848
2902106193.7310266
2945749471.63423
2823765971.9942875
2839752386.8172646
2719916511.19374
2917599218.895396
2793342258.6924915
2822028744.2201953
2738325713.6829476
2790167429.412699
2871179476.932219
2858786757.3644094
2833957912.867614
2840855087.0220404
2797433352.7456827
2786443508.8341703
3016872495.6848435
2876191015.4099817
2933653866.241512
2876338729.874345
2768683566.714323
2954220893.6432333
2959965146.968415
2999524280.480216
2836458549.147534
2900619830.517703
2885281499.346983
2898522139.17927
2810740308.9139967
2623560629.6390243
2789370689.065432
2882090423.965815
2938789114.9251504
2824804717.4892898
2788475178.9391904
2768138514.220049
2922480102.236257
2793393879.610832
2886026040.2229824
2739655066.099316
2879014304.500637
2849889445.13089
2869944217.681333
3018506232.992039
2905131996.671692
2888441504.613708
2790565721.7565904
2979591919.7918496
2777595031.6078506
3003892645.05559
2816493490.4991865
2753032197.372454
2787520964.1433654
2771388399.5393596
2851246800.157006
2773048087.6358814
2864791518.927145
2800550673.878156
2744780596.6361876
2907402794.993561
2804490057.4255247
2906331759.0122495
2896111548.709382
2731501578.7367253
2901081017.765011
2918399364.8677707
2848409902.8943806
2839680332.0102224
2812921887.6387444
2832511076.4202724
3029543852.7963605
2728194840.9216185
2871133669.5719295
2900540297.234931
2930937151.8448677
3014510740.74995
2929287144.2574153
2969388809.582689
2881443637.524228
2937496202.952603
2979014280.5702796
3093400770.7157207
2785984890.4921985
3027289757.37955
2786093353.833517
2908692041.7637854
2891931837.3236446
2876678819.596865
2908127146.7640214
2894112011.2693105
2988137112.1560626
2857518826.9577703
2791962298.476821
2770113545.0620127
2990735365.559219
3028676109.455467
3104679212.530565
2902450102.859114
2997058605.1030903
2869702658.4078875
2780065077.5706367
2930112147.3413
2795331187.8194833
3021939595.031679
2841811190.245143
2882239834.74131
2830017800.634758
2896297484.2361255
2944850835.3793464
2812122464.945513
2991070973.88034
2798957341.9079075
2810119250.594143
2818965405.064734
3028104963.580746
2789405137.0316105
2843524648.169975
2809654028.0062547
2881704770.190834
2736590076.569342
2848159421.1803265
2726647647.7925344
2801625553.2278175
2879220665.5844884
2829489258.4379206
3038806695.964275
2979464843.160883
2865671572.495171
2831649740.896908
3013472445.278533
2670522510.84501
2763720713.6665807
2792448505.8454847
2839289277.176758
2977124784.8468103
2796876633.494471
2867731537.5633783
2791340796.4110813
2938992619.2813506
2830613581.430386
2780096703.7813563
2831559632.3916597
2822568756.7005906
2828939680.1185255
2785570968.3099265
2788274776.305367
2913787086.197253
2736039163.253682
2978998006.057224
2821779931.1674438
2786235820.7569766
2981949235.158942
2841322474.643133
2853357090.6591654
2719572917.040757
2828188320.19271
2802826884.569297
2767632723.0875516
2807782350.250037
2978410212.9962287
2832917622.3344145
2760913650.2244053
2825927646.730691
2789074057.532187
2777803540.446864
2751765205.921451
2734892233.9679565
2818571572.018756
2813793955.854008
2851712145.1606064
2674578404.837561
2845401488.7338204
2863467703.369301
2832328385.470284
2905407312.917207
2826259589.9601417
2903160178.09089
2933046607.6705213
2710473631.1296186
2742892311.7556686
2770985590.648574
2847243278.463407
2787915669.6773906
2830904475.8516526
2774009052.298321
2685299885.685883
2931036891.4610543
2861604205.669502
2918064039.0503016
2733510238.741408
2888119540.3075523
2785945135.3658013
2776507185.301598
2725640784.0451427
2805389796.8465414
2731913410.344648
2760238873.8596487
2573096656.4567933
2851806675.8201146
2836694003.647814
2805852622.3360267
3051690033.9403777
2727858152.767027
2810856672.639934
2806956707.613911
2848897894.638485
2899989000.79976
2464490308.762804
2811406452.1707077
2797284968.573898
2902713537.149809
2829951849.1758575
2707877868.329211
2797096293.3585486
2794266843.6616697
2823691979.225281
2837299722.104338
2805259802.7247653
2922719863.2925105
2883266777.449372
2816174663.0200324
2878648952.1776686
2981455288.9009404
2889965462.1793523
2939640551.5106854
2781687247.8190007
2947336792.6698546
2906083338.9299936
2949726117.3094163
2903311401.809392
2862947901.1153536
2905788366.0487533
2925103764.032478
2802468815.968307
2733637997.5550513
2947204877.1009827
2711217971.3965464
2961621587.7851543
2935099537.2987113
2866056294.497523
2695320451.1311703
2765639278.496646
2839043823.814687
2927711605.2917147
2788907656.853987
2781506812.437903
2863587965.559991
3002428284.631684
2891900928.017482
2900684177.4043055
2908430847.5320797
2936400405.223857
2783041689.3502026
2782470834.285237
2724948808.9170566
2838467150.0647717
2870658210.9994545
2921903829.9957385
2670155383.246604
2860128599.65826
2939979995.1472316
2971648118.220959
2895093422.351187
2812554570.2852297
2783455848.4181333
2847990188.5031524
2793582135.278511
2932409980.047852
2854556746.6175623
2967131914.192258
2937376386.3871346
2938627142.721339
2897215707.620258
2793744817.6771064
2630775464.5604873
2850413091.081188
2794247058.1600547
2840335723.644141
2983775655.0635962
2946690090.4086227
2915759838.329583
2902916007.7600174
2923595879.6423044
2930117376.4565916
2895347884.768911
2868065333.1192365
2916162882.98665
2845313476.135825
2846329754.3722334
2966389167.6255894
2853882849.3423905
2840055034.589494
2939828971.633973
2910303844.83198
2813505769.614997
2850321034.142532
2927197217.3132997
2831594290.116153
2784986753.418681
2865276248.334331
2820836896.1754007
2911890920.3313265
2900700891.0360303
2939883142.6620703
2777443639.889829
2902486570.4087863
2845960368.653758
2853121438.860969
2871305412.213915
2882670281.617409
2836583707.6035852
2716356909.69754
2799797927.284773
2870286144.912101
2997101407.81406
2905616490.476663
2964074710.2698684
2896063806.630087
2886075199.1023135
2714381622.7584076
2944837355.832211
2819653838.408284
2900961930.46925
2863960825.2550735
3051448358.57398
2730297865.535652
2796624695.9998803
2892640445.166416
2773439736.6005273
2961185901.2841563
2906264402.456632
2881127636.8989997
2887987414.7069607
2997873065.5198636
2789298183.5031514
3001880040.840556
2963546160.778804
2847551093.8734174
2885602592.994298
2847267791.2043705
2744518719.314038
2786837994.550257
2800825865.5379367
2842688641.832518
2763746460.8544497
2965409632.499433
2207931775.3407655
2807899661.869027
2488579818.003627
2862480871.0751047
2828078941.7617593
2592399139.674389
2946144067.743204
2712091331.578178
2808055665.82744
2513633053.1608534
2731709039.1888947
2962419092.815333
2799988663.4964166
2685093054.5587482
2834169681.9850984
2788855703.987047
2753547984.597998
2988681748.87794
2732572689.221041
2791326003.1078253
2907252571.8136077
2777620474.73836
2839363473.083299
2868241282.389119
2863450583.7322865
2911786379.0984077
2864795961.548161
2820737120.9043665
2828036207.67805
2789893843.960521
2803298833.7784905
2726742157.115154
2487507334.4989047
2576298057.3249135
2496387328.9931936
2564071183.292189
2587611486.2099614
2530256747.4618044
2421790825.9893236
2222282756.4710617
2079907879.9361525
2047497448.112299
1755068717.850856
1654955663.7052102
2106139263.4289303
1782547061.056711
1773318212.652207
1613606063.7065997
1703307451.676453
1610742204.9734087
1277188922.4188933
1441543600.7886248
1550837433.8206558
1231527713.556258
1381798133.0829983
1429320474.7312837
1532536175.249655
1647776112.6382916
1761039896.0827491
1513829702.9010415
1239245909.7181685
1547460985.2832253
1458193356.3951516
1668343495.7506294
1433116857.391115
1697041469.1792722
1657018101.6903248
1923703835.1581726
2022390874.390268
1986012568.656956
2238065232.285569
2228347437.8808074
2653063649.337513
2673218770.3590007
2373794729.5018024
2174620892.952541
2266382696.5368013
2012576095.3885357
2010086261.1976967
2241006943.5586505
2359255076.127992
2288413930.5988755
2139755857.8885424
2091805792.7180312
1797398747.0423765
1566462984.7305071
1751201857.5627382
1909456331.8493946
1510760252.7815585
1948310354.611798
1818179041.3487906
1778521969.6399097
1665827446.7228823
2096482178.2190046
1814065923.656005
1584164533.692587
1535901594.0492496
1593070826.9595034
1769558422.899169
1416560609.692968
1309906208.432077
1038483409.7790174
1078442611.6613472
876284660.2854524
345863169.33501077
971943167.0063684
347594762.42638016
1107848293.942293
822196168.600374
332512750.97985154
1010661885.1352727
268071242.57243678
1574060018.9906228
1709688809.9259806
1403352103.820977
1354876534.9948442
1398500173.6350543
1255319528.1962016
981164150.4248115
1373935997.2863572
1491832730.091486
1485251198.880644
1717849682.4935536
1527085223.5312936
1364760430.9430964
1293098845.327647
1691570881.3586173
1525607562.2334743
1319938180.279406
1041435814.9884678
1078353498.2017195
1199691915.1631851
1164366645.2752943
1005732747.8665917
274833235.20009124
1615402560.8946683
1725856899.0800962
1254755466.9008718
1347421347.559862
1410142740.961882
1121681103.6071694
1169201542.1631508
1204077814.492126
1114552603.1588576
1249787975.5381763
1345826073.350434
1086096467.1932561
1277653483.9264128
1285810427.2270167
1216938700.435005
1296111872.4206362
1093739095.1575506
1354155576.235097
1087842075.146059
855192082.0685754
309806306.1943793
1111623667.054685
266972337.36398467
1187403634.0529373
1212679755.9075384
1218303160.9691362
1197803324.2610447
1457229937.9082918
1094208286.0722122
1164185158.984704
1204824201.3716598
1396674596.73257
1214005183.0628455
1415928910.6743112
1395540059.500579
1048637109.0572064
283543888.2953805
1526256014.8587441
1347039937.9185076
1244048166.06433
1450700279.3789835
1227302436.12004
1155977000.9461954
1028081231.156476
1052359871.0846062
1088224455.0529785
1159403173.1320322
1057672078.5118253
1063372251.5885732
1090407322.6996322
1576738087.1859972
1550466086.9773424
1275665603.889484
1340656477.4745963
1294179849.3181453
1120264839.4577208
1386589984.4822817
1368052347.8082037
1446120723.3997328
1355597265.2208185
1334611973.8576472
1707616604.0288827
1467913335.9701245
1605465967.1563082
1225161483.9360878
1200081533.6781988
867675523.0910382
1467350272.2155726
1647409777.9688165
1640831539.8034837
1832660489.1788974
2081108526.367061
1704226941.5714693
1796447741.5460577
1945947604.9841821
2090456144.6252942
2320578540.6389475
2138902687.9688656
2221619626.8897667
1935911138.8962367
2312856161.92354
2692091883.4688163
2609189832.572423
2269806425.850373
2614980280.0369077
2359704217.7071104
2333062547.768735
2657625739.977062
2689822096.436908
2022466058.6005054
2926418722.449044
2123305033.262336
2398512221.9096603
2690467749.4211617
2517978166.7278895
2340497065.927447
2142632528.2249143
2042415689.4892206
1817550955.592354
1674522271.1919527
1544415594.092089
1197381262.6942334
1279485089.287158
1263850597.652363
1203055686.321113
1388410898.6033545
1190732871.6446705
1173854884.0558343
1139184487.0850115
1631600000.6036189
1584182445.1055005
1504457862.3284721
1493341304.2040358
1439803861.1214836
1650861637.905117
1456089223.7260306
1370674283.2591949
1123241367.3335698
1309218795.6546175
1165873268.5520005
1172034085.183432
880828430.7353258
273980706.62383634
1465483735.277628
1274170367.3065197
1191825622.1116703
1163461116.624168
1156300230.1716666
1295834674.3009477
1285945884.782591
1512426870.006409
1549645168.9922364
1688471659.1760504
1429806358.2915902
1116460132.2505372
1026020766.8597213
301049845.70492834
1484990624.630469
1463972605.5961652
1540008416.4521754
1294581349.9697537
1209841308.806913
1070550192.1885905
1185636415.575217
1454407342.6277678
1511335732.6663005
1736789698.4701548
1753536456.075433
1992078473.6962454
1617726109.9848893
1392848195.170074
1303742258.0317752
1592803485.4515562
1754650748.5544786
1712969330.1990774
1797885830.3932488
1983317199.5637481
1827633176.8661125
1947554948.51287
1844972679.7584872
1661754965.1256413
1521373909.4698818
1476152153.848241
1746019018.4235544
1506826481.5834606
1636247373.0660481
1519140138.2487767
1423250613.7699594
1378607978.4956772
1335179085.9994268
1492098295.2914774
1578252987.0781007
1525777642.0703204
1004574065.6369668
1163716296.201671
1259105744.9539866
927226207.8049182
288862520.76998734
1032944675.9055979
1185366369.7796054
1335806692.36261
1416866682.423468
1189337555.657564
1164175435.6159728
1096340740.8514955
913390958.2245276
358059039.41980094
1453595465.6013472
1245907256.2474763
1021121511.0151398
273189559.3061592
1269692745.4932685
1216209178.1876228
1379620528.422462
1270260621.4106479
1355603481.9147773
1870860092.9672098
1651962187.497941
1205178362.908558
1590595243.8886645
1688650772.1503932
1652264783.5987134
1613710560.7995663
1391462417.3255663
1851886461.8903134
1693658509.1970067
1630037126.7643514
1676923657.9581141
1592005769.6587234
1683357216.5439055
1529597956.4782486
1385322481.971784
1416195860.324705
1221078056.446432
1192904007.2838705
1057577221.4381049
273306086.63431805
1025982811.4724356
1236426593.2319965
1172161032.9953244
981897363.3411849
337813090.95198274
1083322565.228675
1376607338.2494435
1442409380.9558337
1653690680.468484
1361183342.7308543
1267734593.8735318
1610765121.7065468
1482617795.5823236
1341685669.3539722
1334824891.2860484
1428783577.1320307
1114486232.8999634
1081248189.4908965
1120670451.1082473
283932480.9256898
1266585315.961532
1209870956.0745623
1170003948.9088986
901838076.0321549
350005945.8549344
1026443912.065192
352121774.95653653
1326185782.4473524
1511188498.2451253
1131261904.3024035
1295910857.673371
1021282843.8371304
295774908.8026608
1327669849.5965505
1522351129.0744772
1263926159.994236
1480224691.2535605
1687620431.156249
1702357983.6720304
1922070104.4702857
1840504136.1464665
1671532804.5661902
2094977006.084141
1972357740.2396958
1848428802.2380095
1750239452.506886
1686793011.167634
1333737923.4638078
1099701001.0492122
1468601074.5333393
1656196915.8297808
1537953675.1420074
1829745764.7577443
1882938767.0262325
1841858900.989164
2189734199.361968
2032098211.391479
2049206129.0917022
1769990117.0839934
2087369227.1243083
1639200906.4102223
1932273254.3207629
1760650228.05887
2160257320.806005
1928564060.0347862
2202136808.14433
1998560101.848915
2318614180.059699
2002364412.6391563
1977162974.2951434
2323909091.2396526
2134629966.8191752
2137140768.9876716
2328244301.4095125
2033807486.1596136
2115198847.2528741
1930333854.625179
1942918068.2749882
2062680298.1351728
2115360456.974166
2037497418.5277073
1857574499.8195715
1489878454.1791294
1598290082.2301195
1481095015.7482984
1931404756.327975
1962866633.7803438
2047496957.2217648
2160525826.2326345
1988441148.9118552
1903579275.5852225
1867157107.7255478
2266091178.862985
2121418375.7857096
2241285406.7852473
1888162474.7964125
1900351274.3795862
1683808656.4855952
1570503133.0282428
1401909574.2555597
1553827759.786571
1303089152.8535478
1087726522.9913974
972234069.8369516
346396265.86080086
1154120904.9967964
931990858.6877649
273841357.23475415
1145675563.3712573
1171509561.860623
1018676429.8281559
293823491.2352787
1341043391.7947283
1370267434.9230719
1453435163.9760253
1458372021.0326715
1400520339.512916
1351497117.4430552
1557659611.0607114
1858304046.7592356
2058760571.6650736
1771088315.6661203
1918518946.8751163
1856057528.9803636
2065122917.7345257
1776021356.8722985
1842530151.0672565
1850476233.7713559
1613443571.4010222
1407642077.138549
1551099797.0497017
1510516913.106599
1423863678.097475
1614775281.1336856
1579531593.1279125
1440440428.1181974
1379310685.7316577
1748603156.6470754
1359908469.5472288
1118805161.1794252
937762587.3540874
332962736.3339058
1092546805.22979
1106255036.6376975
295122564.60100746
1111896653.447049
971952479.2927513
299530288.6687115
1085536170.8016858
299347171.1738201
970963127.3952348
232672169.36782336
1504675902.425137
1674720178.1610866
1690413616.4968777
1413423465.2730565
1190959999.5774498
1480485879.9741163
1564899835.5957296
1686111961.0235498
1713899039.9479697
1746517711.3170025
1726258549.1367774
1473226979.2654948
1645685693.6706824
1854711394.0233684
1883530445.7206721
1821572946.316487
2040350918.7529213
1952799612.595283
1888489387.7655923
2067198691.69382
1993638381.7031338
1987394458.851131
1988064210.0215898
2047925401.042645
2150465971.0916605
2074481067.8567634
2325469128.865293
2208786335.030311
2252229401.7088413
1867112813.0137925
1971217559.65399
2101286169.277455
2397484566.374719
2489112482.4127774
2610347271.991663
2562418981.353274
2788819433.9569893
2838869874.8127255
2704038668.419693
2788316644.9921017
2795812877.221396
2908194480.676736
2714352921.4373207
2696933226.564172
3016912275.563144
2711873729.949004
2813163979.9761486
2907944804.3208437
2956573887.80371
2698860838.9332075
2670139430.360512
2640789594.232155
2537774659.3691845
2390713328.2788887
2304881718.5049577
2613460574.8129864
2425382845.815348
2642128501.6894917
2394387480.4530873
2512892079.883186
2376543554.3064847
2612341084.4137454
2587058902.2502356
2295903665.954502
2559724506.13228
2594839084.8939605
2491503135.453768
2432346157.6495366
2648482612.19531
2337233779.3431926
2723205047.9843326
2750436583.2060065
2651377663.66684
2709191828.3864045
2624224664.126581
2941678151.5932217
2516661277.2659087
3044296849.766786
2753297208.831814
2741628913.7411175
2792359149.8920784
2798741303.613702
2718959537.5249004
