ue_id,slice_type,ru_choice,num_rb_alloc,max_rb,power_alloc_w,power_per_rb_w,snr_linear,snr_db,throughput_mbps,r_min_mbps,ru_power_remaining_w,max_power_effective_w,max_snr_db,max_throughput_mbps,success,reason
48,uRLLC,5,7,10,7.981049,1.140149857142857,242549.6768014006,53.84800700263003,45.07757523259194,5.0,19.95262314968879,19.952623,56.2783875983244,67.30300471917246,True,"(np.float64(45077575.23259194), 4.6698098631570846e-05, np.float64(243418906.2559965), np.float64(146051343.75359792))"
31,eMBB,2,7,10,15.962099,2.280299857142857,63397.44974045786,48.020717880722216,40.19944305545606,50.0,19.95262314968879,19.952623,47.44079824769821,56.73426502076512,False,insufficient_throughput (40199443.06 < 50000000.00)
23,uRLLC,6,6,10,1.995262,0.3325436666666667,81875.81807968508,49.13155652367387,35.25372161979767,5.0,19.95262314968879,19.952623,56.91306968049892,68.06201562195902,True,"(np.float64(35253721.61979768), 5.932982016629061e-05, np.float64(190370096.74690747), np.float64(114222058.04814447))"
8,eMBB,0,7,10,17.957361,2.5653372857142855,452207.9776931292,56.553382197464984,47.342307873666634,50.0,19.95262314968879,19.952623,55.46193743066003,66.32661929987977,False,insufficient_throughput (47342307.87 < 50000000.00)
7,eMBB,5,10,10,11.971574,1.1971574,346092.7771479024,55.39192535793573,66.2428925141692,50.0,11.971574149688792,11.971574149688792,55.39192541223855,66.24289257910944,True,"(np.float64(66242892.514169194), 0.00021372951548989243, np.float64(347775185.69938827), np.float64(208665111.41963297))"
32,eMBB,1,8,10,15.962099,1.995262375,169454.56701588284,52.29053278119213,50.027176822979975,50.0,19.95262314968879,19.952623,52.29053261794499,62.533970833499836,True,"(np.float64(50027176.82297997), 0.0002840306303764316, np.float64(262642678.3206449), np.float64(157585606.9923869))"
35,eMBB,6,5,10,15.962099,3.1924198,157353.37814914752,51.968760710228985,31.07458403001622,50.0,17.95736114968879,17.95736114968879,49.46998592357201,59.160923671644035,False,insufficient_throughput (31074584.03 < 50000000.00)
41,uRLLC,2,6,10,15.962099,2.6603498333333335,689184.7392971754,58.38335652246094,41.89219197965218,5.0,19.95262314968879,19.952623,57.133968993130814,68.32618728545586,True,"(np.float64(41892191.97965218), 5.0202495460987184e-05, np.float64(226217836.69012177), np.float64(135730702.01407307))"
27,uRLLC,3,4,10,7.981049,1.99526225,142099.51164437982,51.525925853833776,24.647835201936452,5.0,19.95262314968879,19.952623,51.5259259626652,61.61958813499107,True,"(np.float64(24647835.201936454), 8.584929493685231e-05, np.float64(133098310.09045686), np.float64(79858986.05427411))"
20,eMBB,1,9,10,1.995262,0.2216957777777778,50985.34760615671,47.074453845668785,50.66654773218345,50.0,3.99052414968879,3.99052414968879,49.62717905961031,59.34890793194992,True,"(np.float64(50666547.73218346), 0.0002790042275735408, np.float64(265999375.59396315), np.float64(159599625.3563779))"
44,eMBB,2,10,10,1.995262,0.19952620000000001,37523.98740853717,45.74308981559726,54.70403028228348,50.0,3.99052414968879,3.99052414968879,48.753389935145535,58.30396127339141,True,"(np.float64(54704030.282283485), 0.00025885487954368955, np.float64(287196158.9819883), np.float64(172317695.389193))"
1,eMBB,4,7,10,15.962099,2.280299857142857,657693.0451655891,58.18023249397378,48.704183847769706,50.0,19.95262314968879,19.952623,57.60031286094978,68.88388414911462,False,insufficient_throughput (48704183.85 < 50000000.00)
43,uRLLC,3,5,10,7.981049,1.5962098,301562.2607142178,54.793769904169274,32.763782071813814,5.0,11.971574149688792,11.971574149688792,53.5443827737748,64.03343516894316,True,"(np.float64(32763782.071813814), 6.390610791349029e-05, np.float64(176924423.18779463), np.float64(106154653.91267675))"
30,eMBB,2,6,10,1.995262,0.3325436666666667,791728.3330083255,58.98576186999831,42.3244391996956,50.0,1.99526214968879,1.99526214968879,56.767274699651665,67.88766062343194,False,insufficient_throughput (42324439.20 < 50000000.00)
34,eMBB,2,3,10,1.995262,0.6650873333333334,136841.9160608622,51.362191465480564,18.427134125336995,50.0,1.99526214968879,1.99526214968879,46.1334043384941,55.170793226425175,False,insufficient_throughput (18427134.13 < 50000000.00)
37,eMBB,2,7,10,1.995262,0.2850374285714286,36066.68183714841,45.57106188725244,38.148816081415596,50.0,1.99526214968879,1.99526214968879,44.022042613211944,52.64590736857233,False,insufficient_throughput (38148816.08 < 50000000.00)
49,eMBB,2,9,10,1.995262,0.2216957777777778,9843.505198785357,39.93149774998464,42.978933656358116,50.0,1.99526214968879,1.99526214968879,39.473923170194816,47.20721860145366,False,insufficient_throughput (42978933.66 < 50000000.00)
5,uRLLC,2,8,10,1.995262,0.24940775,42200.03218743863,46.25312782213371,44.25117311673038,5.0,1.99526214968879,1.99526214968879,45.284028017870085,54.15505641148342,True,"(np.float64(44251173.11673038), 4.7974542776230494e-05, np.float64(238956334.83034408), np.float64(143373800.89820644))"
39,eMBB,3,9,10,3.990525,0.44339166666666663,62160.98917904996,47.93517916854391,51.59293396254498,50.0,3.990525149688792,3.990525149688792,47.477604425845584,56.778280522467604,True,"(np.float64(51592933.962544985), 0.0002749213986536325, np.float64(270862903.3033612), np.float64(162517741.9820167))"
11,eMBB,4,2,10,17.957361,8.9786805,2083489.6616649027,63.18791349817043,15.113211266253579,50.0,19.95262314968879,19.952623,56.65578828786272,67.75433496406191,False,insufficient_throughput (15113211.27 < 50000000.00)
46,eMBB,6,8,10,15.962099,1.995262375,676817.505274611,58.30471582811481,55.781019328229995,50.0,17.95736114968879,17.95736114968879,57.84714086801708,69.17906381135325,True,"(np.float64(55781019.32822999), 0.0002533202332165825, np.float64(292850351.47320753), np.float64(175710210.88392448))"
9,eMBB,6,7,10,1.995262,0.2850374285714286,1775555.3879052924,62.493342245319965,52.314796163310504,50.0,1.9952621496887897,1.9952621496887897,60.944322971279455,72.88296131151816,True,"(np.float64(52314796.163310505), 0.00026872429342534904, np.float64(274652679.85738015), np.float64(164791607.9144281))"
6,eMBB,1,5,10,1.995262,0.39905240000000003,80683.05852718322,49.06782353054629,29.33999286302635,50.0,1.99526214968879,1.99526214968879,46.05752389972341,55.080050486145595,False,insufficient_throughput (29339992.86 < 50000000.00)
14,uRLLC,1,9,10,1.995262,0.2216957777777778,52016.347943972265,47.16139857212836,50.76012493302614,5.0,1.99526214968879,1.99526214968879,46.70382399233853,55.852939161646745,True,"(np.float64(50760124.93302614), 4.1779814236870224e-05, np.float64(274104674.6383412), np.float64(164462804.78300473))"
42,uRLLC,4,9,10,17.957361,1.9952623333333332,926446.5116558583,59.66820350407991,64.22117308113677,5.0,19.95262314968879,19.952623,59.668203431525626,71.3568588922737,True,"(np.float64(64221173.08113676), 3.283848149666852e-05, np.float64(346794334.63813853), np.float64(208076600.78288314))"
18,eMBB,4,9,10,1.995262,0.2216957777777778,41611.644330131756,46.192148777586475,49.716939290099475,50.0,1.9952621496887915,1.9952621496887915,45.73457419779665,54.6938467767301,False,insufficient_throughput (49716939.29 < 50000000.00)
36,eMBB,4,4,10,1.995262,0.4988155,59888.79677765691,47.77345587786607,22.85283256764196,50.0,1.9952621496887915,1.9952621496887915,43.79405611696263,52.37327074698467,False,insufficient_throughput (22852832.57 < 50000000.00)
17,eMBB,4,5,10,1.995262,0.39905240000000003,244919.61425842647,53.89023566762516,32.22351842563866,50.0,1.9952621496887915,1.9952621496887915,50.879936036802285,60.847058446528784,False,insufficient_throughput (32223518.43 < 50000000.00)
25,eMBB,4,9,10,1.995262,0.2216957777777778,74371.80493472652,48.71408321539654,52.43125970500766,50.0,1.9952621496887915,1.9952621496887915,48.25650863560672,57.709752240276195,True,"(np.float64(52431259.705007665), 0.0002692632099962147, np.float64(275264113.45129025), np.float64(165158468.07077414))"
0,eMBB,0,9,10,15.962099,1.7735665555555555,2998251156.117339,94.76868009815539,101.9999760639985,50.0,19.95262314968879,19.952623,95.28020515938206,113.94503654754969,True,"(np.float64(101999976.0639985), 0.00013762098250872745, np.float64(535499874.3359922), np.float64(321299924.6015953))"
38,eMBB,0,6,10,1.995262,0.3325436666666667,155113.64334109725,51.90649998762431,37.24482678294962,50.0,3.99052414968879,3.99052414968879,52.698312611009015,63.02162978023649,False,insufficient_throughput (37244826.78 < 50000000.00)
4,eMBB,0,9,10,1.995262,0.2216957777777778,23185.322566747447,43.65213142413577,46.98319593959844,50.0,3.99052414968879,3.99052414968879,46.2048566380773,55.25624054655676,False,insufficient_throughput (46983195.94 < 50000000.00)
29,eMBB,0,3,10,1.995262,0.6650873333333334,77570.19015602717,48.896948560775755,17.54269198158885,50.0,3.99052414968879,3.99052414968879,46.67846122752066,55.82260863026229,False,insufficient_throughput (17542691.98 < 50000000.00)
24,uRLLC,0,6,10,1.995262,0.3325436666666667,674419.759162293,58.28930285770663,41.82470514418604,5.0,3.99052414968879,3.99052414968879,59.081115481091345,70.65476467930226,True,"(np.float64(41824705.14418604), 4.9087206919654574e-05, np.float64(225853407.77860466), np.float64(135512044.66716278))"
2,eMBB,0,4,10,1.995262,0.4988155,112990.40029351923,50.53041547229866,24.171628966008413,50.0,1.99526214968879,1.99526214968879,46.55101571139521,55.670200610798865,False,insufficient_throughput (24171628.97 < 50000000.00)
21,uRLLC,0,6,10,1.995262,0.3325436666666667,163999.86151004862,52.14843481307167,37.41842275465555,5.0,1.99526214968879,1.99526214968879,49.92994764272503,59.71098328752269,True,"(np.float64(37418422.754655555), 5.528016342491252e-05, np.float64(202059482.87513998), np.float64(121235689.725084))"
10,eMBB,4,7,10,15.962099,2.280299857142857,153975.46210113814,51.87451516140588,43.42552276090288,50.0,1.4968879136212365e-07,1.4968879136212365e-07,-29.953511621432632,0.005246944685787077,False,insufficient RU resource
22,eMBB,2,9,10,17.957361,1.9952623333333332,715624.4579618527,58.5468517507079,63.01425840193167,50.0,1.4968878980781142e-07,1.4968878980781142e-07,-22.701255516756408,0.02780918587664746,False,insufficient RU resource
40,eMBB,1,9,10,17.957361,1.9952623333333332,761682.3929400877,58.81773916552631,63.30581540544457,50.0,1.4968878980781142e-07,1.4968878980781142e-07,-22.430368101937997,0.029593908651749743,False,insufficient RU resource
26,eMBB,4,6,10,17.957361,2.9928934999999997,175801.70219641476,52.45023075805621,37.63497107564248,50.0,1.4968879136212365e-07,1.4968879136212365e-07,-30.558789054869404,0.004564647798114483,False,insufficient RU resource
3,eMBB,3,7,10,17.957361,2.5653372857142855,495468.7401229619,56.95016259385656,47.67446231016521,50.0,1.4968879202825747e-07,1.4968879202825747e-07,-25.389389303436268,0.014993777881006752,False,insufficient RU resource
45,eMBB,2,7,10,17.957361,2.5653372857142855,5550916.77274021,67.44364715818504,56.45882312669746,50.0,1.4968878980781142e-07,1.4968878980781142e-07,-14.895904803529941,0.1655565243269247,False,insufficient RU resource
12,eMBB,3,6,10,17.957361,2.9928934999999997,174155.79188036235,52.409379223191124,37.60565877710443,50.0,1.4968879202825747e-07,1.4968879202825747e-07,-30.599640570407843,0.004521930761806465,False,insufficient RU resource
19,eMBB,4,9,10,15.962099,1.7735665555555555,1394094.7895108133,61.44292304007274,66.13131037128767,50.0,1.4968879136212365e-07,1.4968879136212365e-07,-19.293659048515092,0.06075312022292189,False,insufficient RU resource
47,eMBB,6,7,10,17.957361,2.5653372857142855,1040386.7554741848,60.17194814822288,50.37149853403703,50.0,1.496887895857668e-07,1.496887895857668e-07,-22.16760381993432,0.03143415148430601,False,insufficient RU resource
13,uRLLC,0,9,10,15.962099,1.7735665555555555,907218.2747338047,59.57711789935199,64.12313732335248,5.0,1.4968878980781142e-07,1.4968878980781142e-07,-21.15946423433136,0.03961623686081625,False,insufficient RU resource
28,eMBB,5,3,10,11.971574,3.990524666666667,281130.0492941923,54.48907268749291,19.548953936196618,50.0,1.4968879114007905e-07,1.4968879114007905e-07,-29.769334497957924,0.005474124848952292,False,insufficient RU resource
16,eMBB,6,7,10,13.966836,1.9952622857142859,1331348.912837742,61.24291887978171,51.26803508634978,50.0,1.496887895857668e-07,1.496887895857668e-07,-20.005188290475836,0.051617658895814905,False,insufficient RU resource
33,eMBB,3,4,10,19.952623,4.98815575,1831652.1299916015,62.62842995330392,29.958789438292598,50.0,1.4968879202825747e-07,1.4968879202825747e-07,-22.599077263904324,0.028469410299550916,False,insufficient RU resource
15,eMBB,2,4,10,17.957361,4.48934025,913030.9192529937,59.60485484909535,28.512440311110833,50.0,1.4968878980781142e-07,1.4968878980781142e-07,-25.165077599482583,0.015787343126689255,False,insufficient RU resource
40,eMBB,2,8,10,17.957361,2.244670125,270421.80652604316,54.32041709725502,51.9691890329501,50.0,1.4968878980781142e-07,1.4968878980781142e-07,-27.43921539468311,0.009357594100696368,False,insufficient RU resource
42,uRLLC,4,6,10,11.971574,1.9952623333333335,514069.08569431194,57.11021487710532,40.97866795981371,5.0,17.95736114968879,17.95736114968879,56.65264000770044,67.75056996248087,True,"(np.float64(40978667.959813714), 5.082746933775339e-05, np.float64(221284806.98299408), np.float64(132770884.18979645))"
16,eMBB,4,7,10,1.995262,0.2850374285714286,25361.539944397708,44.04175620229002,36.86863726145048,50.0,5.9857871496887896,5.9857871496887896,47.26394998377772,56.52277711399471,False,insufficient_throughput (36868637.26 < 50000000.00)
30,eMBB,4,9,10,3.990525,0.44339166666666663,9576.79879474095,39.81220363137693,42.850550058738364,50.0,5.9857871496887896,5.9857871496887896,41.11554106216121,49.17023526070314,False,insufficient_throughput (42850550.06 < 50000000.00)
37,eMBB,4,7,10,3.990525,0.570075,114217.15672725654,50.57731344823391,42.33960985429914,50.0,5.9857871496887896,5.9857871496887896,50.789206184767515,60.73855604584628,False,insufficient_throughput (42339609.85 < 50000000.00)
10,eMBB,4,7,10,3.990525,0.570075,19097.49767723889,42.80976465878019,35.83735227385212,50.0,5.9857871496887896,5.9857871496887896,43.021657395313795,51.44960586086199,False,insufficient_throughput (35837352.27 < 50000000.00)
19,eMBB,4,9,10,1.995262,0.2216957777777778,144375.04284898462,51.594921261302446,55.53188876742403,50.0,5.9857871496887896,5.9857871496887896,55.90855973704083,66.86073084422613,True,"(np.float64(55531888.76742403), 0.00025397283402631913, np.float64(291542416.0289762), np.float64(174925449.6173857))"
23,uRLLC,6,9,10,1.995262,0.2216957777777778,9365.531341459793,39.715324215530046,42.7462892970061,5.0,1.9952621496887897,1.9952621496887897,39.25774963574022,46.94872786014491,True,"(np.float64(42746289.2970061), 5.180503509339186e-05, np.float64(230829962.20383295), np.float64(138497977.32229978))"
17,eMBB,4,4,10,1.995262,0.4988155,359951.6478774206,55.562441661274036,26.578724551965514,50.0,3.9905251496887892,3.9905251496887892,54.59334278241619,65.28787534185479,False,insufficient_throughput (26578724.55 < 50000000.00)
33,eMBB,4,7,10,3.990525,0.570075,437100.627209625,56.40581429673097,47.21877524278867,50.0,3.9905251496887892,3.9905251496887892,54.856794859781964,65.60293506895991,False,insufficient_throughput (47218775.24 < 50000000.00)
49,eMBB,4,7,10,1.995262,0.2850374285714286,238821.00271349496,53.780725174384145,45.02125210694036,50.0,3.9905251496887892,3.9905251496887892,55.24200678238923,66.0636062991443,False,insufficient_throughput (45021252.11 < 50000000.00)
46,eMBB,4,4,10,3.990525,0.99763125,3276986.4891922255,65.15474650817421,31.167271777431278,50.0,3.9905251496887892,3.9905251496887892,61.17534658436226,73.15924087415637,False,insufficient_throughput (31167271.78 < 50000000.00)
1,eMBB,6,4,10,15.962099,3.99052475,918879.1358579764,59.632583905134794,28.52570470259275,50.0,15.96209914968879,15.96209914968879,55.65318385914152,66.55532914189844,False,insufficient_throughput (28525704.70 < 50000000.00)
29,eMBB,6,8,10,15.962099,1.995262375,372974.7792426494,55.716794655725735,53.30512057093638,50.0,15.96209914968879,15.96209914968879,54.74769456637229,65.47246310203961,True,"(np.float64(53305120.57093638), 0.00026538663639464786, np.float64(279851882.997416), np.float64(167911129.7984496))"
41,uRLLC,2,6,10,15.962099,2.6603498333333335,130753.61641226997,51.16453709517691,36.71244509217105,5.0,15.96209914968879,15.96209914968879,48.94604963974046,58.5343588772472,True,"(np.float64(36712445.09217105), 5.905531707527841e-05, np.float64(198247203.49772367), np.float64(118948322.09863421))"
5,uRLLC,2,8,10,1.995262,0.24940775,9765.569233223743,39.896975633066994,38.17047211460509,5.0,1.9952621496887895,1.9952621496887895,38.92787582880335,46.554282335473516,True,"(np.float64(38170472.11460509), 5.736375711968525e-05, np.float64(206120549.41886753), np.float64(123672329.6513205))"
32,eMBB,4,5,10,1.995262,0.39905240000000003,25196.119309143938,44.01333656162205,26.317748132753586,50.0,3.9905251496887892,3.9905251496887892,44.01333781284475,52.63549776177766,False,insufficient_throughput (26317748.13 < 50000000.00)
7,eMBB,5,7,10,11.971574,1.710224857142857,197324.0617978752,52.95180046574455,44.32734098221525,50.0,11.971574149688792,11.971574149688792,51.402780920189926,61.47232075470799,False,insufficient_throughput (44327340.98 < 50000000.00)
34,eMBB,1,7,10,15.962099,2.280299857142857,1694414.238547907,62.290195922539695,52.14473721715556,50.0,15.96209914968879,15.96209914968879,60.74117636340937,72.64001967896385,True,"(np.float64(52144737.21715556), 0.00027022801567472884, np.float64(273759870.39006674), np.float64(164255922.23404002))"
9,eMBB,4,9,10,1.995262,0.2216957777777778,10181.671507403342,40.07819081227795,43.136804318948144,50.0,3.9905251496887892,3.9905251496887892,42.63091711453373,50.98234624128569,False,insufficient_throughput (43136804.32 < 50000000.00)
4,eMBB,4,7,10,1.995262,0.2850374285714286,51242.15863538566,47.09627416616947,39.425580900447194,50.0,3.9905251496887892,3.9905251496887892,48.55755577417456,58.069767544948725,False,insufficient_throughput (39425580.90 < 50000000.00)
14,uRLLC,4,9,10,1.995262,0.2216957777777778,88009.31659003129,49.44528648621447,53.218247485096164,5.0,3.9905251496887892,3.9905251496887892,51.99801278847025,62.18415022665917,True,"(np.float64(53218247.485096164), 3.959909154788396e-05, np.float64(287378536.4195193), np.float64(172427121.8517116))"
12,eMBB,6,8,10,1.995262,0.24940775,181144.37865117824,52.58024861369982,50.30435080776124,50.0,1.9952621496887895,1.9952621496887895,51.61114880943619,61.72150492560649,True,"(np.float64(50304350.80776124), 0.00028007383186416033, np.float64(264097841.74074653), np.float64(158458705.0444479))"
13,uRLLC,4,4,10,1.995262,0.4988155,262826.33062611736,54.19668871819259,25.92540832237867,5.0,1.9952631496887892,1.9952631496887892,50.21729113391727,60.05461229823445,True,"(np.float64(25925408.32237867), 7.919063484736647e-05, np.float64(139997204.9408448), np.float64(83998322.9645069))"
18,eMBB,5,7,10,7.981049,1.140149857142857,127940.7091309156,51.07008753531694,42.752120381275645,50.0,11.971574149688792,11.971574149688792,51.28198076170484,61.32785761674056,False,insufficient_throughput (42752120.38 < 50000000.00)
26,eMBB,1,9,10,1.995262,0.2216957777777778,13115.983721573111,41.17800868988837,44.320440773350285,50.0,1.9952621496887895,1.9952621496887895,40.720434110098545,48.69776744035171,False,insufficient_throughput (44320440.77 < 50000000.00)
6,eMBB,1,7,10,1.995262,0.2850374285714286,2619260.2208542726,64.18178647286271,53.728235863416614,50.0,1.9952621496887895,1.9952621496887895,62.63276719882221,74.90216047928809,True,"(np.float64(53728235.86341661), 0.0002616191395808041, np.float64(282073238.2829372), np.float64(169243942.96976233))"
36,eMBB,5,7,10,11.971574,1.710224857142857,67547.33030211748,48.296081889173266,40.42995387023401,50.0,11.971574149688792,11.971574149688792,46.747062343618644,55.9046465524172,False,insufficient_throughput (40429953.87 < 50000000.00)
25,eMBB,4,7,10,1.995262,0.2850374285714286,65976.36146647176,48.19388360942489,40.34440232693612,50.0,1.9952631496887892,1.9952631496887892,46.64486651201251,55.78243377426005,False,insufficient_throughput (40344402.33 < 50000000.00)
0,eMBB,4,6,10,1.995262,0.3325436666666667,38565.451646349116,45.86198421822453,32.90772699654477,50.0,1.9952631496887892,1.9952631496887892,43.643499224506016,52.193228292939416,False,insufficient_throughput (32907727.00 < 50000000.00)
15,eMBB,4,8,10,1.995262,0.24940775,18592.704991831273,42.69342578452133,40.84567675388607,50.0,1.9952631496887892,1.9952631496887892,41.72432815688582,49.898227624210165,False,insufficient_throughput (40845676.75 < 50000000.00)
27,uRLLC,0,8,10,15.962099,1.995262375,482454.99322871026,56.834568055469745,54.37450894677881,5.0,15.96209914968879,15.96209914968879,55.86546796611629,66.80919778186633,True,"(np.float64(54374508.94677881), 3.9045910907504146e-05, np.float64(293622348.3126056), np.float64(176173408.98756337))"
44,eMBB,2,9,10,1.995262,0.2216957777777778,6843.942972174622,38.353063820828176,41.280265893234294,50.0,1.9952621496887895,1.9952621496887895,37.89548924103835,45.319835663292395,False,insufficient_throughput (41280265.89 < 50000000.00)
24,uRLLC,5,9,10,7.981049,0.8867832222222222,25005.516656619155,43.980358322410424,47.336453419044794,5.0,11.971574149688792,11.971574149688792,45.28369624304901,54.154659655680355,True,"(np.float64(47336453.41904479), 4.795706708771842e-05, np.float64(255616848.4628419), np.float64(153370109.07770514))"
47,eMBB,0,9,10,1.995262,0.2216957777777778,31117.932749531446,44.930107378905284,48.35863607771957,50.0,1.9952621496887895,1.9952621496887895,44.472532799115456,53.18462566160022,False,insufficient_throughput (48358636.08 < 50000000.00)
48,uRLLC,2,7,10,1.995262,0.2850374285714286,45836.095496484224,46.61207615579035,39.02025458277435,5.0,1.9952621496887895,1.9952621496887895,45.06305688174984,53.89080636025263,True,"(np.float64(39020254.58277435), 5.433883152932423e-05, np.float64(210709374.7469815), np.float64(126425624.8481889))"
2,eMBB,4,7,10,1.995262,0.2850374285714286,27078.069679321525,44.32617701464388,37.1067241973415,50.0,1.9952631496887892,1.9952631496887892,42.777159917231515,51.157227764862306,False,insufficient_throughput (37106724.20 < 50000000.00)
28,eMBB,3,7,10,1.995262,0.2850374285714286,37856.69237734007,45.78142666019169,38.32491311088897,50.0,7.981049149688792,7.981049149688792,50.25300759922529,60.097325004258586,False,insufficient_throughput (38324913.11 < 50000000.00)
45,eMBB,3,7,10,3.990525,0.570075,72327.70239764839,48.593046692741986,40.67854723544706,50.0,7.981049149688792,7.981049149688792,50.054326586821475,59.85972584452108,False,insufficient_throughput (40678547.24 < 50000000.00)
43,uRLLC,3,7,10,9.976312,1.4251874285714285,180809.4615235559,52.572211527984,44.0095789415154,5.0,15.962098149688792,15.962098149688792,53.06439146891866,63.45941907614746,True,"(np.float64(44009578.9415154), 4.870147723640779e-05, np.float64(237651726.28418317), np.float64(142591035.7705099))"
21,uRLLC,4,7,10,1.995262,0.2850374285714286,90860.93230428245,49.583771887027766,41.5078986827478,5.0,1.9952631496887892,1.9952631496887892,48.03475478961539,57.44456218588219,True,"(np.float64(41507898.6827478), 5.031976430925222e-05, np.float64(224142652.88683817), np.float64(134485591.73210287))"
38,eMBB,3,4,10,1.995262,0.4988155,14655.169150034984,41.65990835432446,19.92847743165628,50.0,5.985786149688792,5.985786149688792,42.45172092340635,50.76805850806467,False,insufficient_throughput (19928477.43 < 50000000.00)
39,eMBB,3,9,10,1.995262,0.2216957777777778,24548.352917529915,43.900223582583855,47.25020750280917,50.0,9.976311149688792,9.976311149688792,50.432349220826424,60.31179661182205,False,insufficient_throughput (47250207.50 < 50000000.00)
31,eMBB,0,9,10,1.995262,0.2216957777777778,23378.38502691965,43.68814506906145,47.02195593016033,50.0,3.9905241496887895,3.9905241496887895,46.24087028300298,55.29930802485758,False,insufficient_throughput (47021955.93 < 50000000.00)
35,eMBB,5,7,10,11.971574,1.710224857142857,47922.88430954214,46.805429488224384,39.18211220754938,50.0,11.971574149688792,11.971574149688792,45.25640994266976,54.122029099320535,False,insufficient_throughput (39182112.21 < 50000000.00)
8,eMBB,5,9,10,3.990525,0.44339166666666663,15897.348479691262,42.01324694341446,45.21934928564762,50.0,11.971574149688792,11.971574149688792,46.32688427653575,55.4021692331488,False,insufficient_throughput (45219349.29 < 50000000.00)
22,eMBB,3,9,10,3.990525,0.44339166666666663,403650.65035609016,56.06005656548988,60.33771409763155,50.0,9.976311149688792,9.976311149688792,59.58188115877835,71.25362670691726,True,"(np.float64(60337714.097631544), 0.00023366210633223697, np.float64(316772999.0125657), np.float64(190063799.40753937))"
3,eMBB,0,5,10,1.995262,0.39905240000000003,47016.679165765476,46.7225195122629,27.93764827367008,50.0,3.9905241496887895,3.9905241496887895,46.72251967517137,55.875296742157296,False,insufficient_throughput (27937648.27 < 50000000.00)
20,eMBB,0,7,10,1.995262,0.2850374285714286,41463.98120751321,46.17670998998676,38.655806661448466,50.0,3.9905241496887895,3.9905241496887895,47.63799050967761,56.970081930250174,False,insufficient_throughput (38655806.66 < 50000000.00)
11,eMBB,1,4,10,1.995262,0.4988155,32351.160898180016,45.09889869629993,21.57346721797725,50.0,1.9952621496887895,1.9952621496887895,41.11949893539648,49.17496809210418,False,insufficient_throughput (21573467.22 < 50000000.00)
32,eMBB,0,7,10,1.995262,0.2850374285714286,21998.725940207838,43.42397529314944,36.351498786511826,50.0,3.9905241496887895,3.9905241496887895,44.885255812840285,53.67818187283206,False,insufficient_throughput (36351498.79 < 50000000.00)
29,eMBB,6,10,10,15.962099,1.5962099,563187.4047366141,57.50652933572705,68.77172918030406,50.0,15.96209914968879,15.96209914968879,57.506529376454154,68.7717292290093,True,"(np.float64(68771729.18030407), 0.0002056674944376744, np.float64(361051578.1965963), np.float64(216630946.91795784))"
38,eMBB,3,7,10,1.995262,0.2850374285714286,7685.854171359556,38.85692140058766,32.52860751109605,50.0,5.985786149688792,5.985786149688792,42.079114456532494,50.32248708249177,False,insufficient_throughput (32528607.51 < 50000000.00)
42,uRLLC,4,7,10,11.971574,1.710224857142857,1582888.9433211759,61.99450445503717,51.89720638841452,5.0,11.971575149688789,11.971575149688789,60.44548527225395,72.28640475196032,True,"(np.float64(51897206.38841452), 3.993341972520334e-05, np.float64(280244914.4974384), np.float64(168146948.69846305))"
5,uRLLC,0,4,10,1.995262,0.4988155,26733.231912714826,44.270514659398685,21.17721687488929,5.0,3.9905241496887895,3.9905241496887895,43.30141469222659,51.78414980811509,True,"(np.float64(21177216.874889288), 9.891015673454221e-05, np.float64(114356971.12440217), np.float64(68614182.6746413))"
11,eMBB,0,5,10,1.995262,0.39905240000000003,81766.26431374715,49.125741564290465,29.374624354476182,50.0,1.9952621496887895,1.9952621496887895,46.11544193346759,55.14931261630768,False,insufficient_throughput (29374624.35 < 50000000.00)
4,eMBB,3,9,10,1.995262,0.2216957777777778,79424.985528507,48.99957144369313,52.738528029052496,50.0,5.985786149688792,5.985786149688792,53.313209193888646,63.75697730086162,True,"(np.float64(52738528.029052496), 0.0002679352831052573, np.float64(276877272.1525256), np.float64(166126363.29151538))"
37,eMBB,1,4,10,1.995262,0.4988155,14460.66356963197,41.60188222281978,19.900722094605438,50.0,1.9952621496887895,1.9952621496887895,37.622482461916334,44.99340316036538,False,insufficient_throughput (19900722.09 < 50000000.00)
31,eMBB,1,7,10,1.995262,0.2850374285714286,8830.5353071384,39.45987031311395,33.03329034056183,50.0,1.9952621496887895,1.9952621496887895,37.91085103907344,45.33820377035947,False,insufficient_throughput (33033290.34 < 50000000.00)
18,eMBB,0,2,10,1.995262,0.997631,64825.88467058512,48.117484522432676,11.508699329127769,50.0,1.9952621496887895,1.9952621496887895,41.127784804889416,49.18487634971127,False,insufficient_throughput (11508699.33 < 50000000.00)
20,eMBB,5,7,10,3.990525,0.570075,151255.7167713157,51.79711797971234,43.36073200163312,50.0,11.971574149688792,11.971574149688792,55.01931061858295,65.79728608491065,False,insufficient_throughput (43360732.00 < 50000000.00)
24,uRLLC,1,7,10,1.995262,0.2850374285714286,31774.646317717798,45.020807251389215,37.68819730085066,5.0,1.9952621496887895,1.9952621496887895,43.471787977348704,51.98788887495614,True,"(np.float64(37688197.30085066), 5.6597862833808844e-05, np.float64(203516265.42459357), np.float64(122109759.25475614))"
12,eMBB,3,6,10,1.995262,0.3325436666666667,9703.990684300215,39.86950370941889,28.608144003597616,50.0,3.9905241496887918,3.9905241496887918,40.66131633280361,48.62707486805795,False,insufficient_throughput (28608144.00 < 50000000.00)
15,eMBB,3,4,10,1.995262,0.4988155,106048.18920275544,50.25503257237632,24.039898653956293,50.0,3.9905241496887918,3.9905241496887918,49.28593260520422,58.94081793171665,False,insufficient_throughput (24039898.65 < 50000000.00)
51,uRLLC,0,2,10,1.995262,0.997631,1938791.7673169537,62.87531166911868,15.038443565974756,5.0,1.9952621496887895,1.9952621496887895,55.88561195157542,66.83328779324198,True,"(np.float64(15038443.565974755), 0.00013579551626746614, np.float64(81207595.25626367), np.float64(48724557.153758205))"
48,uRLLC,3,9,10,1.995262,0.2216957777777778,24840.34601850799,43.95157641137474,47.30547655575833,5.0,3.9905241496887918,3.9905241496887918,46.504301625316266,55.614336752911164,True,"(np.float64(47305476.555758335), 4.498705860178298e-05, np.float64(255449573.401095), np.float64(153269744.040657))"
33,eMBB,2,9,10,1.995262,0.2216957777777778,7563.1528564001665,38.787028778680465,41.747279479210874,50.0,3.9905241496887895,3.9905241496887895,41.33975399262199,49.43834997280044,False,insufficient_throughput (41747279.48 < 50000000.00)
41,uRLLC,6,4,10,1.995262,0.4988155,79011.37793854042,48.97689635848897,23.428499127238528,5.0,1.9952621496887895,1.9952621496887895,44.997496597585524,53.812405664345064,True,"(np.float64(23428499.127238527), 8.875904218392936e-05, np.float64(126513895.28708805), np.float64(75908337.17225283))"
3,eMBB,3,7,10,1.995262,0.2850374285714286,18302.56125464172,42.62511869015886,35.68278862281102,50.0,1.9952621496887917,1.9952621496887917,41.07609941611835,49.12307089300601,False,insufficient_throughput (35682788.62 < 50000000.00)
47,eMBB,3,8,10,1.995262,0.24940775,4542.196833488289,36.57265950193183,34.99053723650892,50.0,1.9952621496887917,1.9952621496887917,35.603559697668196,42.5795165812858,False,insufficient_throughput (34990537.24 < 50000000.00)
40,eMBB,3,9,10,1.995262,0.2216957777777778,16830037.652619995,72.2608508759239,77.77469389974148,50.0,1.9952621496887917,1.9952621496887917,71.80327629613407,85.86911584279723,True,"(np.float64(77774693.89974149), 0.0001806098326089875, np.float64(408317142.9736428), np.float64(244990285.7841857))"
46,eMBB,2,9,10,19.952623,2.216958111111111,418075.4647482398,56.21254681214343,60.50183966767981,50.0,19.95262314968879,19.952623,55.75497190653668,66.67705654133655,True,"(np.float64(60501839.66767981), 0.0002339836171259108, np.float64(317634658.255319), np.float64(190580794.9531914))"
36,eMBB,5,6,10,17.957361,2.9928934999999997,376796.60946885357,55.761069862238315,40.010609418780625,50.0,19.95262314968879,19.952623,54.00015719912722,64.57849083383243,False,insufficient_throughput (40010609.42 < 50000000.00)
10,eMBB,5,8,10,15.962099,1.995262375,52377.708627189364,47.19146495381035,45.14887546761062,50.0,19.95262314968879,19.952623,47.19146479056322,56.43609413929071,False,insufficient_throughput (45148875.47 < 50000000.00)
22,eMBB,3,7,10,1.995262,0.2850374285714286,47402.10396508489,46.75797618470452,39.14238865253644,50.0,3.9905251496887915,3.9905251496887915,48.21925779270961,57.665204844906356,False,insufficient_throughput (39142388.65 < 50000000.00)
9,eMBB,3,8,10,1.995262,0.24940775,9575.909327718131,39.811800251742405,38.0889919508201,50.0,3.9905251496887915,3.9905251496887915,41.85300132952436,50.05209692103401,False,insufficient_throughput (38088991.95 < 50000000.00)
44,eMBB,3,8,10,1.995262,0.24940775,5759.8135593102725,37.6040842587578,35.97712373497972,50.0,3.9905251496887915,3.9905251496887915,39.645285336539764,47.41212692839517,False,insufficient_throughput (35977123.73 < 50000000.00)
8,eMBB,5,6,10,19.952623,3.3254371666666667,156811.03154604227,51.953766117352146,37.27874173729364,50.0,19.95262314968879,19.952623,49.73527862118858,59.478182170150156,False,insufficient_throughput (37278741.74 < 50000000.00)
28,eMBB,5,2,10,15.962099,7.9810495,1513011.363593962,61.798421898391936,14.780874489064075,50.0,19.95262314968879,19.952623,55.77782182186518,66.70438254815387,False,insufficient_throughput (14780874.49 < 50000000.00)
25,eMBB,3,4,10,1.995262,0.4988155,16273.778376676559,42.11488397290552,20.146104398935982,50.0,3.9905251496887915,3.9905251496887915,41.14578509404766,49.20640113280498,False,insufficient_throughput (20146104.40 < 50000000.00)
6,eMBB,1,8,10,1.995262,0.24940775,202902.93116442885,53.07288320958147,50.77565939898137,50.0,1.9952621496887895,1.9952621496887895,52.10378340531783,62.31063989598172,True,"(np.float64(50775659.39898137), 0.0002776017018138853, np.float64(266572211.8446522), np.float64(159943327.10679132))"
45,eMBB,3,5,10,1.995262,0.39905240000000003,19032.72844264162,42.795010511690556,25.58928703092232,50.0,3.9905251496887915,3.9905251496887915,42.79501176291326,51.17857555809589,False,insufficient_throughput (25589287.03 < 50000000.00)
30,eMBB,3,9,10,1.995262,0.2216957777777778,10252.603321588727,40.10834154625677,43.16925251983491,50.0,3.9905251496887915,3.9905251496887915,42.66106784851254,51.01840136608049,False,insufficient_throughput (43169252.52 < 50000000.00)
43,uRLLC,3,6,10,11.971574,1.9952623333333335,55019.18728047075,47.40514170891656,34.01497460864796,5.0,13.966837149688791,13.966837149688791,45.856122362902326,54.8392016845211,True,"(np.float64(34014974.60864796), 6.441056732146982e-05, np.float64(183680862.88669896), np.float64(110208517.7320194))"
19,eMBB,4,9,10,1.995262,0.2216957777777778,58022.169380980195,47.635939625324106,51.27086639878474,50.0,1.9952631496887887,1.9952631496887887,47.17836722216241,56.42043113382131,True,"(np.float64(51270866.39878474), 0.00027567370955128344, np.float64(269172048.59361994), np.float64(161503229.15617192))"
14,uRLLC,4,7,10,1.995262,0.2850374285714286,102502.37846715818,50.1073394288619,41.946186077605354,5.0,1.9952631496887887,1.9952631496887887,48.558322331449524,58.07068425350477,True,"(np.float64(41946186.07760535), 4.989017159817819e-05, np.float64(226509404.81906894), np.float64(135905642.89144135))"
21,uRLLC,3,9,10,1.995262,0.2216957777777778,15057.242210435015,41.777454365084694,44.96558102893849,5.0,1.9952631496887907,1.9952631496887907,41.319881961923,49.41458687778189,True,"(np.float64(44965581.02893849), 4.853879105819507e-05, np.float64(242814137.55626783), np.float64(145688482.53376073))"
50,eMBB,5,7,10,15.962099,2.280299857142857,6986825.081542717,68.44279870623501,57.29523861092009,50.0,19.95262314968879,19.952623,67.862879073211,81.15681850311788,True,"(np.float64(57295238.61092009), 0.0002455561403064141, np.float64(300800002.70733047), np.float64(180480001.6243983))"
1,eMBB,5,7,10,1.995262,0.2850374285714286,16372214.168247357,72.14107417104412,60.39116041526304,50.0,3.99052414968879,3.99052414968879,73.60235469073496,88.02062298951658,True,"(np.float64(60391160.415263034), 0.00023258323409884607, np.float64(317053592.18013096), np.float64(190232155.3080786))"
34,eMBB,5,4,10,1.995262,0.4988155,13305.241592300796,41.240227647386305,19.72773433820755,50.0,1.99526214968879,1.99526214968879,37.26082788648286,44.56098054161511,False,insufficient_throughput (19727734.34 < 50000000.00)
27,uRLLC,1,6,10,15.962099,2.6603498333333335,1036495.567387592,60.155674491571105,43.16389324115302,5.0,15.96209914968879,15.96209914968879,57.937187036134645,69.28674931884368,True,"(np.float64(43163893.24115302), 4.8152133568064225e-05, np.float64(233085023.5022263), np.float64(139851014.1013358))"
49,eMBB,5,7,10,1.995262,0.2850374285714286,11002.637068017233,40.41496787597421,33.832745958863136,50.0,1.99526214968879,1.99526214968879,38.86594860193371,46.48023347556058,False,insufficient_throughput (33832745.96 < 50000000.00)
13,uRLLC,0,9,10,11.971574,1.330174888888889,124885.55030143894,50.965121918778934,54.85403782585332,5.0,15.96209914968879,15.96209914968879,51.75693451067515,61.89584800454817,True,"(np.float64(54854037.82585332), 3.994679409595413e-05, np.float64(296211804.259608), np.float64(177727082.55576476))"
7,eMBB,5,7,10,1.995262,0.2850374285714286,36956.73918584327,45.676936450137376,38.237443990407364,50.0,1.99526214968879,1.99526214968879,44.12791717609687,52.77251718089041,False,insufficient_throughput (38237443.99 < 50000000.00)
2,eMBB,5,9,10,1.995262,0.2216957777777778,9099.430683903678,39.590142210492594,42.61156991020025,50.0,1.99526214968879,1.99526214968879,39.132567630702766,46.79904145408254,False,insufficient_throughput (42611569.91 < 50000000.00)
26,eMBB,5,4,10,1.995262,0.4988155,61321.55389331619,47.87613151380352,22.901947432633428,50.0,1.99526214968879,1.99526214968879,43.896731752900074,52.496054870279316,False,insufficient_throughput (22901947.43 < 50000000.00)
0,eMBB,4,8,10,3.990525,0.498815625,105415.11682943681,50.22902894414049,48.05491947444297,50.0,3.990525149688789,3.990525149688789,49.259928976968354,58.90972071340796,False,insufficient_throughput (48054919.47 < 50000000.00)
35,eMBB,0,7,10,1.995262,0.2850374285714286,106284.17931484226,50.26468623435717,42.077903898584616,50.0,3.9905251496887892,3.9905251496887892,51.72596784236226,61.85881539617105,False,insufficient_throughput (42077903.90 < 50000000.00)
17,eMBB,4,7,10,3.990525,0.570075,246311.6143137776,53.91484890578293,45.13353009065559,50.0,3.990525149688789,3.990525149688789,52.365829468833915,62.624017367482246,False,insufficient_throughput (45133530.09 < 50000000.00)
23,uRLLC,0,8,10,1.995262,0.24940775,29700.2333145825,44.7275986099525,42.79171742874975,5.0,3.9905251496887892,3.9905251496887892,46.76879968773446,55.93064156590282,True,"(np.float64(42791717.42874975), 5.018404700775551e-05, np.float64(231075274.11524865), np.float64(138645164.4691492))"
39,eMBB,0,2,10,1.995262,0.997631,67812.46572902484,48.31309536045502,11.5554845934045,50.0,1.9952631496887892,1.9952631496887892,41.32339781953989,49.418791161093424,False,insufficient_throughput (11555484.59 < 50000000.00)
11,eMBB,0,9,10,1.995262,0.2216957777777778,118715.95701775214,50.74509097884591,54.61721943559595,50.0,1.9952631496887892,1.9952631496887892,50.287518575684224,60.13859609006818,True,"(np.float64(54617219.43559595), 0.00025843182531359014, np.float64(286740402.03687876), np.float64(172044241.22212726))"
28,eMBB,4,2,10,3.990525,1.9952625,807106.8873122368,59.06931053304418,14.128129445776473,50.0,3.990525149688789,3.990525149688789,52.079610652592415,62.2817320218602,False,insufficient_throughput (14128129.45 < 50000000.00)
27,uRLLC,1,3,10,15.962099,5.320699666666667,2598321.768472906,64.1469293180985,23.013881163535164,5.0,15.96209914968879,15.96209914968879,58.91814190602224,70.45986578551215,True,"(np.float64(23013881.163535163), 8.945041395729863e-05, np.float64(124274958.28308989), np.float64(74564974.96985394))"
33,eMBB,5,6,10,1.995262,0.3325436666666667,253675.68595389556,54.04278843405863,38.777683844881516,50.0,1.99526214968879,1.99526214968879,51.82430126371199,61.97641097456424,False,insufficient_throughput (38777683.84 < 50000000.00)
20,eMBB,6,8,10,1.995262,0.24940775,6328.190997181685,38.0127957854434,36.36807952186911,50.0,1.9952621496887895,1.9952621496887895,37.043695981179766,44.301363794992554,False,insufficient_throughput (36368079.52 < 50000000.00)
41,uRLLC,4,6,10,1.995262,0.3325436666666667,84505.50167352699,49.268849843186146,35.352233399062555,5.0,3.990525149688789,3.990525149688789,50.0606635548851,59.86730411254396,True,"(np.float64(35352233.39906256), 5.926218286724594e-05, np.float64(190902060.35493785), np.float64(114541236.2129627))"
21,uRLLC,3,6,10,1.995262,0.3325436666666667,20946.02823268033,43.21101684573981,31.00562919789905,5.0,1.9952631496887907,1.9952631496887907,40.99253185202131,49.02314081034524,True,"(np.float64(31005629.19789905), 6.925840319288929e-05, np.float64(167430397.6686549), np.float64(100458238.60119294))"
42,uRLLC,4,6,10,7.981049,1.3301748333333332,139648.2604917781,51.450355303447424,36.91752856199097,5.0,13.96683714968879,13.96683714968879,51.662248729375726,61.782614599875615,True,"(np.float64(36917528.56199097), 5.76025102989018e-05, np.float64(199354654.23475125), np.float64(119612792.54085074))"
0,eMBB,4,6,10,1.995262,0.3325436666666667,228508.11861553043,53.58901634634709,38.45208717653019,50.0,5.98578814968879,5.98578814968879,56.14174295707141,67.13959258807367,False,insufficient_throughput (38452087.18 < 50000000.00)
1,eMBB,5,7,10,1.995262,0.2850374285714286,76855.46657458221,48.856747634264124,40.89929515691224,50.0,3.99052414968879,3.99052414968879,50.31802815395498,60.17508197485825,False,insufficient_throughput (40899295.16 < 50000000.00)
45,eMBB,6,7,10,1.995262,0.2850374285714286,66816.45235653102,48.2488341289319,40.390402136105834,50.0,3.9905241496887895,3.9905241496887895,49.71011464862275,59.448089044243126,False,insufficient_throughput (40390402.14 < 50000000.00)
2,eMBB,4,6,10,3.990525,0.6650874999999999,481838.50908796495,56.82901506364019,40.77689724420116,50.0,5.98578814968879,5.98578814968879,56.371440629410415,67.41428603197134,False,insufficient_throughput (40776897.24 < 50000000.00)
44,eMBB,4,7,10,1.995262,0.2850374285714286,19309.777521270298,42.85777270058978,35.877538955392325,50.0,5.98578814968879,5.98578814968879,46.07996720762023,55.10688964237938,False,insufficient_throughput (35877538.96 < 50000000.00)
35,eMBB,4,7,10,3.990525,0.570075,344768.9596922225,55.37528158425263,46.35609186656385,50.0,5.98578814968879,5.98578814968879,55.58717504632899,66.47638980758445,False,insufficient_throughput (46356091.87 < 50000000.00)
25,eMBB,5,7,10,1.995262,0.2850374285714286,135639.57364686462,51.32386415999111,42.96456174862243,50.0,3.99052414968879,3.99052414968879,52.78514467968195,63.12547118774473,False,insufficient_throughput (42964561.75 < 50000000.00)
36,eMBB,6,9,10,1.995262,0.2216957777777778,435701.6711614728,56.39189225703057,60.69486956112029,50.0,3.9905241496887895,3.9905241496887895,58.9446174709721,70.49152771730985,True,"(np.float64(60694869.561120294), 0.0002320797069039186, np.float64(318648065.19588155), np.float64(191188839.11752892))"
26,eMBB,6,7,10,1.995262,0.2850374285714286,98561.81021161734,49.937086712580225,41.80366454071587,50.0,1.9952621496887895,1.9952621496887895,48.38806743853972,57.867080323140115,False,insufficient_throughput (41803664.54 < 50000000.00)
9,eMBB,5,7,10,1.995262,0.2850374285714286,8562.126493856455,39.325816396601745,32.92108324260399,50.0,3.99052414968879,3.99052414968879,40.7870969162926,48.77748239648194,False,insufficient_throughput (32921083.24 < 50000000.00)
18,eMBB,5,8,10,1.995262,0.24940775,16994.342254408024,42.303043603983966,40.472213169316454,50.0,3.99052414968879,3.99052414968879,44.34424359345168,53.03121091524349,False,insufficient_throughput (40472213.17 < 50000000.00)
10,eMBB,6,6,10,1.995262,0.3325436666666667,10041.585028126487,40.018022700438465,28.714701000814824,50.0,1.9952621496887895,1.9952621496887895,37.79953553009182,45.20510401906351,False,insufficient_throughput (28714701.00 < 50000000.00)
48,uRLLC,3,8,10,1.995262,0.24940775,84552.49083914844,49.27126406040958,47.13862088996008,5.0,1.9952631496887907,1.9952631496887907,48.30216643277407,57.76435331970971,True,"(np.float64(47138620.88996008), 4.448888008150493e-05, np.float64(254548552.80578446), np.float64(152729131.68347067))"
31,eMBB,5,7,10,1.995262,0.2850374285714286,68066.59831075842,48.32934046891043,40.45779507746199,50.0,3.99052414968879,3.99052414968879,49.79062098860127,59.544365082640205,False,insufficient_throughput (40457795.08 < 50000000.00)
14,uRLLC,4,7,10,7.981049,1.140149857142857,546853.9507238878,57.378713540045176,48.033212708595386,5.0,7.98105014968879,7.98105014968879,55.829694565799066,66.76641669428344,True,"(np.float64(48033212.70859539), 4.3267119104276684e-05, np.float64(259379348.6264151), np.float64(155627609.17584905))"
38,eMBB,6,8,10,1.995262,0.24940775,131376.59779644344,51.18518010938935,48.96967612623357,50.0,1.9952621496887895,1.9952621496887895,50.216080305125715,60.053164288984725,False,insufficient_throughput (48969676.13 < 50000000.00)
49,eMBB,6,7,10,1.995262,0.2850374285714286,7633.705540021737,38.82735403607563,32.50385913603843,50.0,1.9952621496887895,1.9952621496887895,37.27833476203513,44.58191298584255,False,insufficient_throughput (32503859.14 < 50000000.00)
12,eMBB,6,7,10,1.995262,0.2850374285714286,50837.05829626937,47.06180412010604,39.39672569816089,50.0,1.9952621496887895,1.9952621496887895,45.51278484606553,54.42861746250141,False,insufficient_throughput (39396725.70 < 50000000.00)
6,eMBB,6,6,10,1.995262,0.3325436666666667,26982.280155856923,44.31078647235964,31.79472073090175,50.0,1.9952621496887895,1.9952621496887895,42.092299302013,50.33825378622577,False,insufficient_throughput (31794720.73 < 50000000.00)
46,eMBB,6,9,10,1.995262,0.2216957777777778,103811.8040258444,50.162467382121,53.99014457135679,50.0,1.9952621496887895,1.9952621496887895,49.70489280233117,59.44184433579574,True,"(np.float64(53990144.57135679), 0.0002613170723095512, np.float64(283448258.9996231), np.float64(170068955.3997739))"
15,eMBB,1,6,10,1.995262,0.3325436666666667,3257076.406589219,65.12827946643124,46.731916604296124,50.0,1.9952621496887895,1.9952621496887895,62.909792296084596,75.23345298753057,False,insufficient_throughput (46731916.60 < 50000000.00)
29,eMBB,1,7,10,1.995262,0.2850374285714286,16679.707096103193,42.221884199430264,35.3452499203896,50.0,1.9952621496887895,1.9952621496887895,40.67286492538975,48.6408845776207,False,insufficient_throughput (35345249.92 < 50000000.00)
43,uRLLC,5,6,10,1.995262,0.3325436666666667,702814.4333082981,58.46840671778558,41.95321850876284,5.0,3.99052414968879,3.99052414968879,59.260219341170284,70.8689536721186,True,"(np.float64(41953218.50876284), 4.8880225177379516e-05, np.float64(226547379.94731933), np.float64(135928427.9683916))"
4,eMBB,5,7,10,1.995262,0.2850374285714286,32880.33357978367,45.16936214924109,37.81255260294444,50.0,1.99526214968879,1.99526214968879,43.62034287520058,52.165536951019945,False,insufficient_throughput (37812552.60 < 50000000.00)
7,eMBB,3,7,10,11.971574,1.710224857142857,116683.99546123376,50.67011291696335,42.417294018285304,50.0,13.966837149688791,13.966837149688791,49.79056146725526,59.54429390215982,False,insufficient_throughput (42417294.02 < 50000000.00)
23,uRLLC,0,8,10,1.995262,0.24940775,11836.713074534413,40.732311203114406,38.969575987574565,5.0,1.9952631496887892,1.9952631496887892,39.7632135754789,47.55314151956382,True,"(np.float64(38969575.98757456), 5.512631941005668e-05, np.float64(210435710.33290267), np.float64(126261426.19974159))"
32,eMBB,3,6,10,1.995262,0.3325436666666667,17644.27350144762,42.466037810973525,30.47110741063371,50.0,13.966837149688791,13.966837149688791,48.69853169433863,58.2383575057993,False,insufficient_throughput (30471107.41 < 50000000.00)
13,uRLLC,0,9,10,11.971574,1.330174888888889,104012.23116139311,50.17084412506128,53.999160412412834,5.0,11.971575149688789,11.971575149688789,49.713269636528736,59.451862035390505,True,"(np.float64(53999160.41241284), 4.0676086589277606e-05, np.float64(291595466.2270293), np.float64(174957279.73621762))"
40,eMBB,3,9,10,15.962099,1.7735665555555555,279075.3207114548,54.457214325017766,58.61257262565373,50.0,15.962099149688791,15.962099149688791,53.99963946013813,64.57787167528767,True,"(np.float64(58612572.62565374), 0.00024231494553979046, np.float64(307716006.2846821), np.float64(184629603.77080926))"
51,uRLLC,0,8,10,1.995262,0.24940775,303230.6964461438,54.81773163392664,52.44497579235791,5.0,1.9952631496887887,1.9952631496887887,53.84863400629114,64.39728587345658,True,"(np.float64(52444975.79235791), 3.9420119559617766e-05, np.float64(283202869.2787327), np.float64(169921721.5672396))"
5,uRLLC,2,7,10,19.952623,2.850374714285714,68607.93355189086,48.36374338718245,40.486594229260824,5.0,19.95262314968879,19.952623,46.81472378732502,55.985560776692296,True,"(np.float64(40486594.229260825), 5.5142857600495245e-05, np.float64(218627608.83800846), np.float64(131176565.30280507))"
39,eMBB,5,8,10,1.995262,0.24940775,5271.548804771735,37.21938231634613,35.60914030720845,50.0,1.99526214968879,1.99526214968879,36.250282512082485,43.352730887582474,False,insufficient_throughput (35609140.31 < 50000000.00)
17,eMBB,1,7,10,1.995262,0.2850374285714286,13023.514152924621,41.14728186328943,34.44573368101345,50.0,1.9952621496887895,1.9952621496887895,39.598262589248925,47.35589883616295,False,insufficient_throughput (34445733.68 < 50000000.00)
37,eMBB,1,7,10,1.995262,0.2850374285714286,7135.753376419492,38.53439831683229,32.25865155165812,50.0,1.9952621496887895,1.9952621496887895,36.98537904279178,44.23163677759949,False,insufficient_throughput (32258651.55 < 50000000.00)
24,uRLLC,5,8,10,1.995262,0.24940775,5486.068596981585,37.39261233655737,35.77484130202983,5.0,1.99526214968879,1.99526214968879,36.42351253229373,43.5598475038411,True,"(np.float64(35774841.302029826), 6.185344940591831e-05, np.float64(193184143.03096107), np.float64(115910485.81857665))"
22,eMBB,1,8,10,1.995262,0.24940775,7176.799392449662,38.55930806902545,36.890858555866174,50.0,3.9905241496887895,3.9905241496887895,40.60050805849316,48.55436089897339,False,insufficient_throughput (36890858.56 < 50000000.00)
50,eMBB,1,7,10,1.995262,0.2850374285714286,7339.118769688346,38.656439159872555,32.360800983880004,50.0,3.9905241496887895,3.9905241496887895,40.11771967956341,47.97705029496645,False,insufficient_throughput (32360800.98 < 50000000.00)
8,eMBB,1,9,10,1.995262,0.2216957777777778,62710.19306562573,47.97338137838128,51.63405052209605,50.0,3.9905241496887895,3.9905241496887895,50.526106592322805,60.42391949644686,True,"(np.float64(51634050.522096045), 0.00027386648755460405, np.float64(271078765.2410042), np.float64(162647259.14460257))"
19,eMBB,4,9,10,1.995262,0.2216957777777778,95060.3684229898,49.77999493145794,53.57849181926459,50.0,1.9952631496887905,1.9952631496887905,49.32242252829625,58.98445550376321,True,"(np.float64(53578491.81926459), 0.0002633493448894953, np.float64(281287082.0511391), np.float64(168772249.23068348))"
47,eMBB,0,9,10,1.995262,0.2216957777777778,1101263.0606894104,60.41891072068645,65.02916198783184,50.0,1.9952631496887887,1.9952631496887887,59.96133831752475,71.70741681119257,True,"(np.float64(65029161.98783184), 0.00021631369016097084, np.float64(341403100.4361172), np.float64(204841860.26167032))"
3,eMBB,1,8,10,1.995262,0.24940775,15712.786903669794,41.962532206569776,40.14646064831232,50.0,1.9952621496887895,1.9952621496887895,40.993432402306134,49.02421768745264,False,insufficient_throughput (40146460.65 < 50000000.00)
30,eMBB,5,5,10,11.971574,2.3943148,155796.26676573607,51.92557046773865,31.048758716566407,50.0,15.96209914968879,15.96209914968879,50.164658008601805,59.99166925581544,False,insufficient_throughput (31048758.72 < 50000000.00)
34,eMBB,1,8,10,1.995262,0.24940775,56849.70499381682,47.547282153757344,45.489284983699974,50.0,1.9952621496887895,1.9952621496887895,46.5781823494937,55.70268831683033,False,insufficient_throughput (45489284.98 < 50000000.00)
12,eMBB,1,6,10,1.995262,0.3325436666666667,165828.35050806496,52.19658780838281,37.45297407534329,50.0,1.9952621496887895,1.9952621496887895,49.97810063803617,59.768568589209885,False,insufficient_throughput (37452974.08 < 50000000.00)
50,eMBB,5,7,10,7.981049,1.140149857142857,504591.8079959855,57.02940195505736,47.74079549746836,50.0,15.96209914968879,15.96209914968879,58.49068262464541,69.94867043603217,False,insufficient_throughput (47740795.50 < 50000000.00)
11,eMBB,0,7,10,1.995262,0.2850374285714286,140245.6931740236,51.46889533318748,43.08597021679809,50.0,3.990525149688789,3.990525149688789,52.93017694119257,63.29891351737375,False,insufficient_throughput (43085970.22 < 50000000.00)
40,eMBB,5,6,10,15.962099,2.6603498333333335,163108.85172135153,52.124775303193985,37.40144629728913,50.0,15.96209914968879,15.96209914968879,49.906287847757525,59.682688966307644,False,insufficient_throughput (37401446.30 < 50000000.00)
33,eMBB,0,4,10,1.995262,0.4988155,35622.86273780717,45.51728817465106,21.773601126158276,50.0,3.990525149688789,3.990525149688789,44.54818929579321,53.275099618146825,False,insufficient_throughput (21773601.13 < 50000000.00)
1,eMBB,5,6,10,15.962099,2.6603498333333335,2164013.260215396,63.35259917627106,45.45780172298241,50.0,15.96209914968879,15.96209914968879,61.1341117208346,73.10992838136495,False,insufficient_throughput (45457801.72 < 50000000.00)
18,eMBB,1,7,10,1.995262,0.2850374285714286,17375.243682576365,42.399309041545905,35.49376812276952,50.0,1.9952621496887895,1.9952621496887895,40.8502897675054,48.8530480969635,False,insufficient_throughput (35493768.12 < 50000000.00)
29,eMBB,3,7,10,7.981049,1.140149857142857,52657.17025956875,47.2145751687269,39.52461182478564,50.0,17.95736114968879,17.95736114968879,49.18738096757068,58.822962013390466,False,insufficient_throughput (39524611.82 < 50000000.00)
49,eMBB,6,7,10,1.995262,0.2850374285714286,10612.345676128138,40.25811387822724,33.70145156908396,50.0,15.96209914968879,15.96209914968879,47.7399950052521,57.09206642922663,False,insufficient_throughput (33701451.57 < 50000000.00)
32,eMBB,6,5,10,11.971574,2.3943148,119039.57453686258,50.756913659788275,30.349968964251623,50.0,15.96209914968879,15.96209914968879,48.99600120065142,58.59409489786353,False,insufficient_throughput (30349968.96 < 50000000.00)
38,eMBB,3,8,10,11.971574,1.49644675,47768.697232152095,46.791433971844924,44.766167363943914,50.0,17.95736114968879,17.95736114968879,47.58324646852304,56.904614988562464,False,insufficient_throughput (44766167.36 < 50000000.00)
15,eMBB,6,7,10,15.962099,2.280299857142857,859255.2349970471,59.34122186748634,49.676076801943566,50.0,15.96209914968879,15.96209914968879,57.79220230835602,69.11336321975797,False,insufficient_throughput (49676076.80 < 50000000.00)
46,eMBB,6,7,10,15.962099,2.280299857142857,1671923.600617384,62.232164282534974,52.09615745831684,50.0,17.95736114968879,17.95736114968879,61.19466985266038,73.18234943939017,True,"(np.float64(52096157.45831684), 0.00027068468838492994, np.float64(273504826.6561634), np.float64(164102895.99369806))"
27,uRLLC,3,8,10,17.957361,2.244670125,92708.76897794777,49.67120814388528,47.52124918708138,5.0,17.95736114968879,17.95736114968879,48.702108050006586,58.24263439080342,True,"(np.float64(47521249.18708138), 4.6783959268571914e-05, np.float64(256614745.6102395), np.float64(153968847.36614367))"
25,eMBB,0,7,10,3.990525,0.570075,46175.617401282114,46.64412710981307,39.04708468266855,50.0,3.990525149688789,3.990525149688789,45.09510767286406,53.92913452252547,False,insufficient_throughput (39047084.68 < 50000000.00)
37,eMBB,6,1,10,1.995262,1.995262,1007544.5221587893,60.032642461785734,7.179268893229727,50.0,1.9952621496887897,1.9952621496887897,50.03264278760266,59.833794573392204,False,insufficient_throughput (7179268.89 < 50000000.00)
41,uRLLC,6,4,10,1.995262,0.4988155,37355.965853526715,45.72359969748887,21.872289114914043,5.0,1.9952621496887897,1.9952621496887897,41.74419993658542,49.921990574642095,True,"(np.float64(21872289.114914045), 9.566872957858016e-05, np.float64(118110361.22053584), np.float64(70866216.73232152))"
34,eMBB,4,4,10,1.995262,0.4988155,20790.415627834805,43.17863171537862,20.654928532880444,50.0,1.9952631496887905,1.9952631496887905,39.1992341311033,46.87875786986097,False,insufficient_throughput (20654928.53 < 50000000.00)
39,eMBB,1,4,10,15.962099,3.99052475,196948.17484360532,52.94351960473804,25.325947939612995,50.0,17.95736114968879,17.95736114968879,49.4756446880005,59.1676908783114,False,insufficient_throughput (25325947.94 < 50000000.00)
5,uRLLC,0,10,10,1.995262,0.19952620000000001,15192.438513616635,41.81627487359256,50.00817884714756,5.0,3.990525149688789,3.990525149688789,44.82657608145508,53.60800942136851,True,"(np.float64(50008178.84714756), 4.3664023509185606e-05, np.float64(270044165.77459687), np.float64(162026499.46475813))"
51,uRLLC,5,3,10,15.962099,5.320699666666667,254185.11760905493,54.05150119272774,19.391967771174027,5.0,15.96209914968879,15.96209914968879,48.822713780651476,58.38686415630758,True,"(np.float64(19391967.77117403), 0.00010860576445132874, np.float64(104716625.96433976), np.float64(62829975.578603856))"
36,eMBB,4,4,10,1.995262,0.4988155,13128.063528935403,41.182006696750896,19.699886008460165,50.0,1.9952631496887905,1.9952631496887905,37.20260911247558,44.49137021999819,False,insufficient_throughput (19699886.01 < 50000000.00)
4,eMBB,0,8,10,3.990525,0.498815625,49911.6356568803,46.98201802387014,44.94849830638424,50.0,3.990525149688789,3.990525149688789,46.012918056698,55.026707950101574,False,insufficient_throughput (44948498.31 < 50000000.00)
31,eMBB,6,7,10,1.995262,0.2850374285714286,19937.227959488544,42.996647745580454,35.99378892460102,50.0,1.9952621496887897,1.9952621496887897,41.44762847153995,49.56734706836753,False,insufficient_throughput (35993788.92 < 50000000.00)
8,eMBB,0,9,10,1.995262,0.2216957777777778,42866.89949496155,46.32122072712299,49.85585674707149,50.0,3.990525149688789,3.990525149688789,48.873947029378755,58.448132898164275,False,insufficient_throughput (49855856.75 < 50000000.00)
44,eMBB,4,7,10,1.995262,0.2850374285714286,13443.792681457537,41.28521806535225,34.56119491925049,50.0,1.9952631496887905,1.9952631496887905,39.73620096793987,47.52084072290986,False,insufficient_throughput (34561194.92 < 50000000.00)
43,uRLLC,0,6,10,1.995262,0.3325436666666667,80223.82385119583,49.04303358691445,35.19020396811523,5.0,3.990525149688789,3.990525149688789,49.83484729861341,59.5972545142735,True,"(np.float64(35190203.968115225), 5.9348396562981524e-05, np.float64(190027101.4278222), np.float64(114016260.85669334))"
20,eMBB,4,5,10,1.995262,0.39905240000000003,189974.73972668263,52.78695858181101,31.56382020560183,50.0,1.9952631496887905,1.9952631496887905,49.77666112761626,59.52767074252474,False,insufficient_throughput (31563820.21 < 50000000.00)
47,eMBB,2,3,10,15.962099,5.320699666666667,27159154.060972396,74.33916238643323,26.67053008221336,50.0,19.95262314968879,19.952623,70.07947490046328,83.80763206680123,False,insufficient_throughput (26670530.08 < 50000000.00)
19,eMBB,4,7,10,1.995262,0.2850374285714286,266808.140719224,54.26199076427048,45.424130390509376,50.0,3.9905251496887906,3.9905251496887906,55.723272372275574,66.63914735601121,False,insufficient_throughput (45424130.39 < 50000000.00)
21,uRLLC,5,7,10,1.995262,0.2850374285714286,27861.067779786397,44.449977568109425,37.21035707144101,5.0,1.9952621496887895,1.9952621496887895,42.900958294068914,51.30526981500867,True,"(np.float64(37210357.07144101), 5.718744775369018e-05, np.float64(200935928.18578145), np.float64(120561556.91146888))"
26,eMBB,0,3,10,1.995262,0.6650873333333334,59059.99021826014,47.71293370699564,17.117911358449877,50.0,3.990525149688789,3.990525149688789,45.494447462054794,54.40668851042178,False,insufficient_throughput (17117911.36 < 50000000.00)
24,uRLLC,0,7,10,1.995262,0.2850374285714286,21210.068199282352,43.26542064958069,36.218774735746436,5.0,3.990525149688789,3.990525149688789,44.72670225758578,53.488574879512186,True,"(np.float64(36218774.735746436), 5.907412567498279e-05, np.float64(195581383.57303077), np.float64(117348830.14381845))"
7,eMBB,3,7,10,1.995262,0.2850374285714286,60135.634982306845,47.79131901119057,40.00741043540168,50.0,1.9952621496887912,1.9952621496887912,46.24229973715007,55.301017460042836,False,insufficient_throughput (40007410.44 < 50000000.00)
14,uRLLC,4,7,10,11.971574,1.710224857142857,1279235.8018973898,61.0695060548247,51.12286683391435,5.0,11.97157414968879,11.97157414968879,59.52048650927008,71.1802052883451,True,"(np.float64(51122866.833914354), 4.0616640275821097e-05, np.float64(276063480.9031375), np.float64(165638088.54188254))"
2,eMBB,3,7,10,1.995262,0.2850374285714286,15194.421687696627,41.816841751220004,35.006199709704255,50.0,1.9952621496887912,1.9952621496887912,40.26782247717949,48.156540176593786,False,insufficient_throughput (35006199.71 < 50000000.00)
10,eMBB,3,7,10,1.995262,0.2850374285714286,17146.989787614373,42.34187889196641,35.445694643424034,50.0,1.9952621496887912,1.9952621496887912,40.79285961792591,48.78437340295372,False,insufficient_throughput (35445694.64 < 50000000.00)
6,eMBB,1,2,10,15.962099,7.9810495,22419440.409519542,73.50624768379795,17.58113783813227,50.0,19.95262314968879,19.952623,67.48564760727119,80.70568969041697,False,insufficient_throughput (17581137.84 < 50000000.00)
28,eMBB,5,7,10,1.995262,0.2850374285714286,35022.11582559157,45.44342380000471,38.041969941741755,50.0,1.9952621496887895,1.9952621496887895,43.894404525964205,52.49327186677423,False,insufficient_throughput (38041969.94 < 50000000.00)
13,uRLLC,3,6,10,1.995262,0.3325436666666667,13865.189321597396,41.4192580400863,29.720052885131548,5.0,1.9952621496887912,1.9952621496887912,39.20077086973967,46.880595425628535,True,"(np.float64(29720052.88513155), 7.187357484910711e-05, np.float64(160488285.5797104), np.float64(96292971.34782623))"
0,eMBB,6,7,10,1.995262,0.2850374285714286,129215.56218044145,51.113148214151714,42.78816730957984,50.0,1.9952621496887897,1.9952621496887897,49.5641289401112,59.27350749272827,False,insufficient_throughput (42788167.31 < 50000000.00)
3,eMBB,6,4,10,1.995262,0.4988155,19923.63949317015,42.99368674821871,20.56646304082394,50.0,1.9952621496887897,1.9952621496887897,39.01428698731526,46.65760783630432,False,insufficient_throughput (20566463.04 < 50000000.00)
45,eMBB,0,8,10,7.981049,0.997631125,659581.8448461032,58.192686930736514,55.673839729455956,50.0,13.96683714968879,13.96683714968879,59.65396772274781,71.33983451034159,True,"(np.float64(55673839.729455955), 0.0002531941929895235, np.float64(292287658.5796438), np.float64(175372595.14778626))"
9,eMBB,5,8,10,1.995262,0.24940775,20263.305207379566,43.06710285854037,41.20316090145112,50.0,1.9952621496887895,1.9952621496887895,42.09800305427673,50.34507444895811,False,insufficient_throughput (41203160.90 < 50000000.00)
42,uRLLC,4,8,10,7.981049,0.997631125,109666.83419068204,50.40075306647029,48.219209040074844,5.0,7.981049149688789,7.981049149688789,49.43165301784394,59.11508209551556,True,"(np.float64(48219209.04007485), 4.467027460775548e-05, np.float64(260383728.8164042), np.float64(156230237.28984252))"
35,eMBB,5,7,10,1.995262,0.2850374285714286,38661.09598395933,45.872741614628154,38.401353224353706,50.0,1.9952621496887895,1.9952621496887895,44.32372234058764,53.00667057438262,False,insufficient_throughput (38401353.22 < 50000000.00)
52,eMBB,6,9,10,1.995262,0.2216957777777778,52373.60981600619,47.19112508389624,50.79211910445917,50.0,1.9952621496887897,1.9952621496887897,46.73355050410641,55.888488165342025,True,"(np.float64(50792119.10445917), 0.00027858782633727265, np.float64(266658625.29841062), np.float64(159995175.1790464))"
30,eMBB,0,10,10,1.995262,0.19952620000000001,10179.763809197791,40.07737701620381,47.92880945825831,50.0,5.98578814968879,5.98578814968879,44.848591123091694,53.63433621583332,False,insufficient_throughput (47928809.46 < 50000000.00)
22,eMBB,2,3,10,13.966836,4.6556120000000005,339834.80870732485,55.312678608640184,19.844436620839062,50.0,19.95262314968879,19.952623,51.632910786788926,61.74752976709799,False,insufficient_throughput (19844436.62 < 50000000.00)
17,eMBB,1,9,10,15.962099,1.7735665555555555,150286.35540070466,51.76919552488597,55.71945970341577,50.0,19.95262314968879,19.952623,52.28072058611265,62.52223675170805,True,"(np.float64(55719459.703415774), 0.0002550783556703526, np.float64(292527163.44293284), np.float64(175516298.0657597))"
20,eMBB,6,18,20,1.995262,0.1108478888888889,21302.291854747717,43.28426330496268,93.17455114672488,50.0,19.95262314968879,19.952623,52.826689052344534,126.35030719621071,True,"(np.float64(93174551.14672488), 0.00015248947532650644, np.float64(489166393.52030563), np.float64(293499836.1121834))"
41,uRLLC,0,3,20,11.971574,3.990524666666667,100734180.86295737,80.0317685924652,28.712856317117634,5.0,19.95262314968879,19.952623,74.01116860663129,177.01904224993402,True,"(np.float64(28712856.317117635), 7.063595157578894e-05, np.float64(155049424.11243525), np.float64(93029654.46746115))"
11,eMBB,5,6,20,7.981049,1.3301748333333332,791700.6070392091,58.98560977936653,42.324330069258615,50.0,19.95262314968879,19.952623,57.73622252211496,138.09283486980564,False,insufficient_throughput (42324330.07 < 50000000.00)
5,uRLLC,2,1,20,1.995262,1.995262,337600.257499509,55.28402769205315,6.611385870810874,5.0,19.95262314968879,19.952623,52.27372838840195,125.02774974623615,True,"(np.float64(6611385.870810875), 0.00031283914742183313, np.float64(35701483.70237873), np.float64(21420890.221427236))"
12,eMBB,4,11,20,7.981049,0.7255499090909091,44444.26280185925,46.47815706941631,61.141378467130146,50.0,19.95262314968879,19.952623,47.86118415991055,114.47398684208345,True,"(np.float64(61141378.46713015), 0.0002331396829025372, np.float64(320992236.9524333), np.float64(192595342.17145997))"
45,eMBB,5,17,20,1.995262,0.11736835294117648,3825.0171773625916,35.82633389820887,72.83796112933905,50.0,19.95262314968879,19.952623,45.12052380834041,107.91905718353453,True,"(np.float64(72837961.12933905), 0.00019730133314199225, np.float64(382399295.92903006), np.float64(229439577.55741805))"
37,eMBB,3,14,20,15.962099,1.1401499285714285,795482.253733042,59.006304954951304,98.79141905208508,50.0,19.95262314968879,19.952623,58.426385321927306,139.7435555596241,True,"(np.float64(98791419.05208507), 0.00014322055355894524, np.float64(518654950.0234466), np.float64(311192970.014068))"
16,eMBB,2,5,20,7.981049,1.5962098,156003.72761785612,51.93134975691155,31.0522144033533,50.0,17.95736114968879,17.95736114968879,49.432575242333144,118.23236993156958,False,insufficient_throughput (31052214.40 < 50000000.00)
10,eMBB,2,14,20,11.971574,0.8551124285714286,247173.3152265285,53.93001582616526,90.29245332153863,50.0,17.95736114968879,17.95736114968879,54.14190885306651,129.49602027700232,True,"(np.float64(90292453.32153863), 0.00015731830989094416, np.float64(474035379.9380778), np.float64(284421227.9628467))"
4,eMBB,5,20,20,7.981049,0.39905245,43204.895949999984,46.355329635646704,110.87237216152572,50.0,17.95736114968879,17.95736114968879,49.877155034347915,119.29569912682452,True,"(np.float64(110872372.16152571), 0.000129102442998148, np.float64(582079953.84801), np.float64(349247972.308806))"
31,eMBB,6,17,20,7.981049,0.4694734705882353,24858.658818514305,43.954776937573186,89.36129552168362,50.0,17.95736114968879,17.95736114968879,46.77079159341733,111.86604724813867,True,"(np.float64(89361295.52168362), 0.00016064941039771555, np.float64(469146801.48883903), np.float64(281488080.8933034))"
36,eMBB,1,1,20,19.952623,19.952623,8927070.784696065,69.50708978403415,8.31231201468713,50.0,19.95262314968879,19.952623,56.49678982739434,135.12838011863968,False,insufficient_throughput (8312312.01 < 50000000.00)
21,uRLLC,1,6,20,15.962099,2.6603498333333335,181826.45724303243,52.59657076898342,37.73997478294886,5.0,19.95262314968879,19.952623,48.336883283013464,115.61174077048742,True,"(np.float64(37739974.78294887), 5.686674397479014e-05, np.float64(203795863.82792386), np.float64(122277518.29675433))"
15,eMBB,6,17,20,5.985787,0.3521051176470588,78293.89142003548,48.93727879221926,99.49057901046038,50.0,9.976312149688791,9.976312149688791,50.44995575579768,120.66570394629724,True,"(np.float64(99490579.01046038), 0.0001429727846243463, np.float64(522325539.804917), np.float64(313395323.8829502))"
32,eMBB,5,8,20,7.981049,0.997631125,54235.84246051994,47.342863905629486,45.29371844219776,50.0,9.976312149688791,9.976312149688791,44.332564340647316,106.03448855979686,False,insufficient_throughput (45293718.44 < 50000000.00)
18,eMBB,4,14,20,11.971574,0.8551124285714286,160502.08351580158,52.054806744576666,87.15289710195735,50.0,11.971574149688792,11.971574149688792,50.505787199022045,120.79923973874453,True,"(np.float64(87152897.10195735), 0.00016353287892111452, np.float64(457552709.78527606), np.float64(274531625.8711657))"
1,eMBB,5,12,20,7.981049,0.6650874166666666,705517.8023087181,58.48507976767755,83.93036402622344,50.0,9.976312149688791,9.976312149688791,57.23569279325219,136.895675893348,True,"(np.float64(83930364.02622345), 0.0001681860303396822, np.float64(440634411.1376731), np.float64(264380646.6826039))"
30,eMBB,2,7,20,5.985787,0.8551124285714286,2035873.1964250046,63.08750724643169,52.812186800864296,50.0,5.9857871496887896,5.9857871496887896,58.528187798540074,139.98704517905057,True,"(np.float64(52812186.800864294), 0.0002665077719253656, np.float64(277263980.7045375), np.float64(166358388.42272255))"
0,eMBB,6,4,20,1.995262,0.4988155,102308.15215319376,50.09910240692501,23.965308983258645,50.0,3.990525149688791,3.990525149688791,46.119703571427344,110.30881791893044,False,insufficient_throughput (23965308.98 < 50000000.00)
46,eMBB,0,17,20,1.995262,0.11736835294117648,244045.24601273861,53.87470352043579,109.52838561054357,50.0,7.98104914968879,7.98104914968879,59.18949331646974,141.56874587314098,True,"(np.float64(109528385.61054356), 0.00012880465973347146, np.float64(575024024.4553537), np.float64(345014414.67321223))"
19,eMBB,5,9,20,1.995262,0.2216957777777778,203811.898132806,53.09229533657608,57.14351008468669,50.0,1.9952631496887916,1.9952631496887916,49.62442297677458,118.69122396926761,True,"(np.float64(57143510.08468669), 0.00024674376152658024, np.float64(300003427.9446051), np.float64(180002056.76676306))"
26,eMBB,3,8,20,1.995262,0.24940775,12855.029842402035,41.09073089176117,39.31245378021113,50.0,3.99052414968879,3.99052414968879,40.12163092458907,95.96345454977147,False,insufficient_throughput (39312453.78 < 50000000.00)
44,eMBB,0,10,20,1.995262,0.19952620000000001,1037589.0639834763,60.16025385708387,71.94529849957085,50.0,5.9857871496887896,5.9857871496887896,61.9211672817892,148.10232566240984,True,"(np.float64(71945298.49957085), 0.000195576304240593, np.float64(377712817.12274694), np.float64(226627690.27364817))"
38,eMBB,1,20,20,1.995262,0.09976310000000001,194963.82748522903,52.89954042230207,126.52455134402847,50.0,3.99052414968879,3.99052414968879,55.90984054185035,133.72452509446092,True,"(np.float64(126524551.34402847), 0.0001116010560629136, np.float64(664253894.5561495), np.float64(398552336.7336897))"
13,uRLLC,0,1,20,1.995262,1.995262,1020620.3672547883,60.088642307590064,7.185965875224685,5.0,3.9905251496887892,3.9905251496887892,50.08864355881278,119.80152981129869,True,"(np.float64(7185965.875224685), 0.0002867850808892802, np.float64(38804215.726213306), np.float64(23282529.43572798))"
33,eMBB,6,18,20,1.995262,0.1108478888888889,3451.6323732258193,35.38024533630201,76.16255696321234,50.0,3.990525149688791,3.990525149688791,37.93297163855779,90.72930679408108,True,"(np.float64(76162556.96321234), 0.00018952360240852723, np.float64(399853424.05686486), np.float64(239912054.4341189))"
7,eMBB,0,12,20,1.995262,0.16627183333333334,25623.01512318284,44.08630232915083,63.26730259594836,50.0,1.9952631496887892,1.9952631496887892,41.86781733543232,100.13962828179716,True,"(np.float64(63267302.59594836), 0.0002240796109597127, np.float64(332153338.6287289), np.float64(199292003.17723733))"
27,uRLLC,3,10,20,1.995262,0.19952620000000001,14209.949383976396,41.5259253096766,49.66097514758967,5.0,3.99052414968879,3.99052414968879,41.525925472585065,99.32195068479449,True,"(np.float64(49660975.14758967), 4.441549805287568e-05, np.float64(268169265.79698426), np.float64(160901559.4781905))"
24,uRLLC,6,3,20,1.995262,0.6650873333333334,100243.90159229719,50.010579614879916,17.94222288526006,5.0,1.995263149688791,1.995263149688791,41.77149470788179,99.90926010695513,True,"(np.float64(17942222.885260057), 0.00011543063340375574, np.float64(96888003.58040431), np.float64(58132802.148242585))"
9,eMBB,3,1,20,1.995262,1.995262,123239.10599243834,50.907485391746086,6.0880004289772565,50.0,1.99526214968879,1.99526214968879,37.8971857609232,90.64372838434164,False,insufficient_throughput (6088000.43 < 50000000.00)
2,eMBB,3,1,20,1.995262,1.995262,670181.286215856,58.26192296661504,6.967509850507782,50.0,1.99526214968879,1.99526214968879,45.25162333579215,108.23260999011451,False,insufficient_throughput (6967509.85 < 50000000.00)
25,eMBB,1,1,20,1.995262,1.995262,196866.96437465315,52.94172844662722,6.331272782446856,50.0,1.99526214968879,1.99526214968879,39.93142881580434,95.50857659936075,False,insufficient_throughput (6331272.78 < 50000000.00)
17,eMBB,1,1,20,1.995262,1.995262,85098.86886651345,49.29923787484161,5.8956729438099895,50.0,1.99526214968879,1.99526214968879,36.28893824401872,86.79789627877418,False,insufficient_throughput (5895672.94 < 50000000.00)
14,uRLLC,1,1,20,1.995262,1.995262,468147.13149575033,56.703823666521615,6.781178006728303,5.0,1.99526214968879,1.99526214968879,43.693524035698715,104.50610019949443,True,"(np.float64(6781178.006728303), 0.0003045748466193692, np.float64(36618361.23633284), np.float64(21971016.7417997))"
49,eMBB,3,1,20,1.995262,1.995262,134743.74948689915,51.29508628208984,6.134353031494146,50.0,1.99526214968879,1.99526214968879,38.28478665126695,91.57064372295524,False,insufficient_throughput (6134353.03 < 50000000.00)
22,eMBB,3,1,20,1.995262,1.995262,1372820.0790687432,61.37613622606164,7.339936384583021,50.0,1.99526214968879,1.99526214968879,48.36583659523875,115.68098994960813,False,insufficient_throughput (7339936.38 < 50000000.00)
40,eMBB,3,1,20,1.995262,1.995262,214386.98033369394,53.311984072291104,6.375551219198697,50.0,1.99526214968879,1.99526214968879,40.301684441468225,96.39406341638337,False,insufficient_throughput (6375551.22 < 50000000.00)
6,eMBB,3,1,20,1.995262,1.995262,159591.4729991019,52.03009683202883,6.222251910419972,50.0,1.99526214968879,1.99526214968879,39.01979720120595,93.32839328486187,False,insufficient_throughput (6222251.91 < 50000000.00)
35,eMBB,3,1,20,1.995262,1.995262,519237.4207604691,57.153659839543884,6.834973540732975,50.0,1.99526214968879,1.99526214968879,44.14336020872099,105.58196940022368,False,insufficient_throughput (6834973.54 < 50000000.00)
42,uRLLC,3,1,20,1.995262,1.995262,168861.7670405942,52.27531329601207,6.251577024357409,5.0,1.99526214968879,1.99526214968879,39.26501366518919,93.9148276811582,True,"(np.float64(6251577.024357408), 0.00033203082011366885, np.float64(33758515.931530006), np.float64(20255109.558918003))"
14,uRLLC,1,1,20,1.995262,1.995262,49719.33216541674,46.965252865258776,5.6165573930939265,5.0,1.99526214968879,1.99526214968879,33.95495323443589,81.2172350154146,True,"(np.float64(5616557.393093927), 0.000372160981401208, np.float64(30329409.922707208), np.float64(18197645.953624323))"
7,eMBB,0,11,20,1.995262,0.18138745454545455,13300.661509683732,41.23873241182203,54.24930262016673,50.0,1.9952631496887892,1.9952631496887892,38.64236180920952,92.42576593547888,True,"(np.float64(54249302.620166734), 0.0002618767455467974, np.float64(284808838.75587535), np.float64(170885303.25352523))"
18,eMBB,4,7,20,5.985787,0.8551124285714286,33494.041427696706,45.24967553149096,37.87978298782019,50.0,11.971574149688792,11.971574149688792,43.70065598593634,104.52315758599674,False,insufficient_throughput (37879782.99 < 50000000.00)
46,eMBB,4,2,20,1.995262,0.997631,3276985.6680004057,65.15474541985992,15.58363562841399,50.0,11.971574149688792,11.971574149688792,62.93625870354206,150.53020798457027,False,insufficient_throughput (15583635.63 < 50000000.00)
17,eMBB,4,17,20,7.981049,0.4694734705882353,338778.0639795015,55.29915281820773,112.42430939674551,50.0,11.971574149688792,11.971574149688792,56.354254901595986,134.78746753743513,True,"(np.float64(112424309.39674552), 0.0001260522314160078, np.float64(590227624.332914), np.float64(354136574.59974843))"
27,uRLLC,4,10,20,1.995262,0.19952620000000001,12961.290338507915,41.12648239111634,49.18331892088784,5.0,3.990525149688792,3.990525149688792,41.126483642339046,98.36664083420457,True,"(np.float64(49183318.92088784), 4.4667174449781665e-05, np.float64(265589922.17279434), np.float64(159353953.30367664))"
19,eMBB,0,20,20,1.995262,0.09976310000000001,7340.517170918053,38.657266589029305,92.46141014823787,50.0,1.9952631496887892,1.9952631496887892,38.65726909147436,92.46141613274125,True,"(np.float64(92461410.14823787), 0.00015511687979987072, np.float64(485422403.27824885), np.float64(291253441.9669493))"
42,uRLLC,3,3,20,1.995262,0.6650873333333334,35668.353460342216,45.522830616906845,16.33218924105785,5.0,3.99052414968879,3.99052414968879,40.29404332701194,96.37578919506443,True,"(np.float64(16332189.241057852), 0.00012790449487305532, np.float64(88193821.9017124), np.float64(52916293.14102745))"
32,eMBB,5,1,20,1.995262,1.995262,61529.66101137779,47.890845224130146,5.727246433470376,50.0,1.9952631496887916,1.9952631496887916,34.880547769935404,83.43025939212713,False,insufficient_throughput (5727246.43 < 50000000.00)
9,eMBB,4,1,20,1.995262,1.995262,91635.04356663008,49.620615906671205,5.934105918156729,50.0,1.9952631496887918,1.9952631496887918,36.610318452476456,87.56639558582755,False,insufficient_throughput (5934105.92 < 50000000.00)
24,uRLLC,6,2,20,1.995262,0.997631,28401.129804077536,44.53335616734254,10.651472278126672,5.0,1.995263149688791,1.995263149688791,34.5333586697876,82.60013749610121,True,"(np.float64(10651472.278126672), 0.00019650325251130386, np.float64(57517950.30188403), np.float64(34510770.18113042))"
20,eMBB,3,16,20,1.995262,0.124703875,6179.454065341187,37.90950108279294,72.53854340281603,50.0,1.99526214968879,1.99526214968879,36.94040127852931,88.35571791252842,True,"(np.float64(72538543.40281603), 0.00019755371624426474, np.float64(380827352.8647842), np.float64(228496411.7188705))"
13,uRLLC,0,1,20,1.995262,1.995262,1241046.1523634929,60.937879324609305,7.2875255398596215,5.0,1.9952631496887892,1.9952631496887892,47.927581870414556,114.63279352555307,True,"(np.float64(7287525.539859622), 0.0002824131943096648, np.float64(39352637.91524196), np.float64(23611582.749145176))"
11,eMBB,6,4,20,1.995262,0.4988155,87931.5906300079,49.441449293572,23.6507189082474,50.0,1.995263149688791,1.995263149688791,42.45175175265687,101.53619074897519,False,insufficient_throughput (23650718.91 < 50000000.00)
36,eMBB,6,3,20,1.995262,0.6650873333333334,35415.34695485792,45.4919150082429,16.321098014790454,50.0,1.995263149688791,1.995263149688791,37.252830101244776,89.10283567154175,False,insufficient_throughput (16321098.01 < 50000000.00)
43,uRLLC,5,2,20,1.995262,0.997631,875288.0467100719,59.42150997605725,14.212367993707357,5.0,1.9952631496887916,1.9952631496887916,49.42151247850232,118.20591044517607,True,"(np.float64(14212367.993707357), 0.00014393395723465708, np.float64(76746787.16601972), np.float64(46048072.29961184))"
26,eMBB,4,1,20,1.995262,1.995262,195543.76721294413,52.91243977750874,6.327770185597641,50.0,1.9952631496887918,1.9952631496887918,39.90214232331399,95.43853665087828,False,insufficient_throughput (6327770.19 < 50000000.00)
2,eMBB,6,1,20,1.995262,1.995262,65214.84898657154,48.14346492951184,5.757456598370533,50.0,1.995263149688791,1.995263149688791,35.133167475317094,84.03428149563962,False,insufficient_throughput (5757456.60 < 50000000.00)
31,eMBB,4,2,20,1.995262,0.997631,271028.6936560127,54.33015271822018,12.994625803998362,50.0,1.9952631496887918,1.9952631496887918,44.33015522066525,106.0287266675175,False,insufficient_throughput (12994625.80 < 50000000.00)
48,uRLLC,6,2,20,7.981049,3.9905245,492870.78609228256,56.927330770004936,13.615814068060214,5.0,9.976312149688791,9.976312149688791,47.896431291743156,114.55828914316771,True,"(np.float64(13615814.068060214), 0.0001520959416663081, np.float64(73525395.96752515), np.float64(44115237.580515094))"
10,eMBB,2,12,20,11.971574,0.9976311666666667,230330.83005757048,53.62352072691765,76.95369043999048,50.0,11.97157414968879,11.97157414968879,51.4050332850569,122.95002865019937,True,"(np.float64(76953690.43999048), 0.00018481641978561174, np.float64(404006874.80995), np.float64(242404124.88597003))"
35,eMBB,6,7,20,1.995262,0.2850374285714286,7911.001558039874,38.98231470045653,32.63356402703762,50.0,1.9952631496887916,1.9952631496887916,34.422997646404355,82.33627139687201,False,insufficient_throughput (32633564.03 < 50000000.00)
38,eMBB,1,10,20,1.995262,0.19952620000000001,14218.882493573097,41.52865465173925,49.66423892208773,50.0,1.99526214968879,1.99526214968879,38.51835502091637,92.12920908220491,False,insufficient_throughput (49664238.92 < 50000000.00)
12,eMBB,4,17,20,7.981049,0.4694734705882353,18505.43624937302,42.672993276620005,86.75552564425197,50.0,9.976312149688791,9.976312149688791,42.936283055501136,102.69502466419392,True,"(np.float64(86755525.64425197), 0.00016653190726913575, np.float64(455466509.63232285), np.float64(273279905.77939373))"
34,eMBB,6,10,20,1.995262,0.19952620000000001,14897.67757072784,41.731185706383684,49.906427976412395,50.0,1.9952631496887916,1.9952631496887916,38.720888252188935,92.61355911705003,False,insufficient_throughput (49906427.98 < 50000000.00)
1,eMBB,5,17,20,7.981049,0.4694734705882353,181992.94420895402,52.60054550894324,106.93800923307661,50.0,7.981050149688791,7.981050149688791,51.894735391697495,124.12128436943334,True,"(np.float64(106938009.23307662), 0.00013279004060535204, np.float64(561424548.4736522), np.float64(336854729.0841913))"
6,eMBB,6,18,20,1.995262,0.1108478888888889,20861.123441808264,43.19337692941911,92.97891756035543,50.0,1.9952631496887916,1.9952631496887916,42.735804526257425,102.21554743548037,True,"(np.float64(92978917.56035542), 0.0001530083130831229, np.float64(488139317.191866), np.float64(292883590.3151196))"
8,eMBB,1,1,20,1.995262,1.995262,7035009.925163427,68.47264714484434,8.188603643970128,50.0,1.99526214968879,1.99526214968879,55.46234751402146,132.6542194295275,False,insufficient_throughput (8188603.64 < 50000000.00)
39,eMBB,4,1,20,1.995262,1.995262,157468.80890605107,51.97194542497101,6.215297661745273,50.0,1.9952631496887916,1.9952631496887916,38.96164797077626,93.18933018461095,False,insufficient_throughput (6215297.66 < 50000000.00)
41,uRLLC,4,9,20,1.995262,0.2216957777777778,19035.74639028217,42.79569910140446,46.06145774907276,5.0,1.9952631496887916,1.9952631496887916,39.32782674160296,94.06504559413563,True,"(np.float64(46061457.74907276), 4.692616167573941e-05, np.float64(248731871.84499294), np.float64(149239123.10699576))"
5,uRLLC,1,5,20,1.995262,0.39905240000000003,55693.008960338106,47.45800682417852,28.3774221429227,5.0,1.99526214968879,1.99526214968879,41.43740723671583,99.11024886125517,True,"(np.float64(28377422.1429227), 7.36648002979345e-05, np.float64(153238079.5717826), np.float64(91942847.74306956))"
30,eMBB,0,8,20,7.981049,0.997631125,75666.08855377813,48.78901284338704,46.67724954749014,50.0,11.971575149688789,11.971575149688789,46.5705259456834,111.38706454015369,False,insufficient_throughput (46677249.55 < 50000000.00)
44,eMBB,0,7,20,3.990525,0.570075,57973.55287230788,47.63229916647408,39.87429306261455,50.0,13.96683714968879,13.96683714968879,48.5136599445514,116.03454703222509,False,insufficient_throughput (39874293.06 < 50000000.00)
21,uRLLC,0,7,20,1.995262,0.2850374285714286,18420.62069625871,42.653042599769236,35.70616317719185,5.0,13.96683714968879,13.96683714968879,46.54470442280066,111.32530629006159,True,"(np.float64(35706163.177191846), 5.9803062495110496e-05, np.float64(192813281.156836), np.float64(115687968.69410159))"
0,eMBB,1,12,20,7.981049,0.6650874166666666,221377.8787535513,53.45134221713222,76.70660281456563,50.0,15.96209914968879,15.96209914968879,54.24315499041413,129.73817867420718,True,"(np.float64(76706602.81456563), 0.00018486648710920015, np.float64(402709664.7764696), np.float64(241625798.86588174))"
23,uRLLC,0,5,20,1.995262,0.39905240000000003,35715.05901945165,45.52851372136636,27.223713502142697,5.0,11.971575149688789,11.971575149688789,47.28942745454027,113.10648980186461,True,"(np.float64(27223713.502142698), 7.757998291107936e-05, np.float64(147008052.91157058), np.float64(88204831.74694234))"
45,eMBB,2,1,20,7.981049,7.981049,2831718.334247723,64.52050052702224,7.715968865700408,50.0,7.98104914968879,7.98104914968879,51.510200651836655,123.2015649218187,False,insufficient_throughput (7715968.87 < 50000000.00)
28,eMBB,2,12,20,3.990525,0.33254374999999997,2286031.5558750164,63.59082221005809,91.25747072099682,50.0,7.98104914968879,7.98104914968879,64.38263420783146,153.98963039300165,True,"(np.float64(91257470.72099683), 0.00015425263206080518, np.float64(479101721.2852334), np.float64(287461032.77114))"
25,eMBB,5,1,20,1.995262,1.995262,19899844.852653097,72.98849690485119,8.728651411084888,50.0,1.9952631496887914,1.9952631496887914,59.97819945065643,143.4551618415157,False,insufficient_throughput (8728651.41 < 50000000.00)
37,eMBB,3,17,20,1.995262,0.11736835294117648,64004.36240585604,48.06209575612398,97.7113395763909,50.0,15.96209914968879,15.96209914968879,56.38718574014919,134.86623094777778,True,"(np.float64(97711339.57639089), 0.00014500643721598029, np.float64(512984532.7760522), np.float64(307790719.66563135))"
29,eMBB,3,2,20,7.981049,3.9905245,117465.69464752247,50.69911051283425,12.126162413971825,50.0,13.96683714968879,13.96683714968879,43.12949143492611,103.15711520514557,False,insufficient_throughput (12126162.41 < 50000000.00)
22,eMBB,1,1,20,5.985787,5.985787,558425.8439667583,57.4696550924338,6.872763156841901,50.0,7.98105014968879,7.98105014968879,45.708742946102596,109.32591232432917,False,insufficient_throughput (6872763.16 < 50000000.00)
4,eMBB,5,10,20,7.981049,0.7981049,126048474.6119296,81.0053759438668,96.87385234774784,50.0,9.976312149688791,9.976312149688791,78.96417650896521,188.86558796489163,True,"(np.float64(96873852.34774785), 0.00014497055227252943, np.float64(508587724.82567626), np.float64(305152634.8954057))"
49,eMBB,3,9,20,7.981049,0.8867832222222222,78076.50022033529,48.92520337841765,52.65848634710496,50.0,13.96683714968879,13.96683714968879,47.887709438262945,114.53742865562049,True,"(np.float64(52658486.34710496), 0.0002696096058494814, np.float64(276457053.32230103), np.float64(165874231.9933806))"
47,eMBB,1,3,20,7.981049,2.6603496666666664,2226337.0295128636,63.47590909764256,22.773140524091055,50.0,7.98105014968879,7.98105014968879,55.23682231381069,132.11481248448175,False,insufficient_throughput (22773140.52 < 50000000.00)
33,eMBB,6,19,20,1.995262,0.10501378947368421,4033.6103695679794,36.056939448140156,81.93098130397847,50.0,1.9952631496887916,1.9952631496887916,35.8341780034737,85.71047551510445,True,"(np.float64(81930981.30397847), 0.0001760400248549335, np.float64(430137651.84588695), np.float64(258082591.1075322))"
15,eMBB,6,2,20,1.995262,0.997631,413513.29928978503,56.16489481761083,13.433455938938007,50.0,5.9857881496887915,5.9857881496887915,50.93610892449871,121.8284694545498,False,insufficient_throughput (13433455.94 < 50000000.00)
3,eMBB,0,10,20,7.981049,0.7981049,94033.37011361249,49.73282001305989,59.47524196641884,50.0,9.976313149688789,9.976313149688789,47.69162101348394,114.06843447209714,True,"(np.float64(59475241.96641884), 0.00023824664936374575, np.float64(312245020.32369894), np.float64(187347012.19421935))"
16,eMBB,3,7,20,1.995262,0.2850374285714286,9600.186250426055,39.822796587424484,33.33707231416782,50.0,5.98578814968879,5.98578814968879,40.03469113781512,95.75553341279408,False,insufficient_throughput (33337072.31 < 50000000.00)
15,eMBB,2,7,20,1.995262,0.2850374285714286,546774.2581598909,57.37808060024767,48.03268285927945,50.0,3.99052414968879,3.99052414968879,55.8290611632987,133.53131842788062,False,insufficient_throughput (48032682.86 < 50000000.00)
17,eMBB,4,1,20,7.981049,7.981049,3448362.168324098,65.3761287184082,7.818292904701069,50.0,7.981050149688791,7.981050149688791,52.36582938737971,125.2480345401444,False,insufficient_throughput (7818292.90 < 50000000.00)
2,eMBB,1,13,20,1.995262,0.15348169230769232,4250.128184161919,36.284020285996476,56.410988614543186,50.0,7.98105014968879,7.98105014968879,40.43375493547316,96.7099190468485,True,"(np.float64(56410988.614543185), 0.0002540353499431793, np.float64(296157690.22635174), np.float64(177694614.13581103))"
12,eMBB,3,1,20,1.995262,1.995262,58223.94410580129,47.65101621325533,5.698565902455235,50.0,5.98578814968879,5.98578814968879,39.4119303635034,94.26618039250225,False,insufficient_throughput (5698565.90 < 50000000.00)
47,eMBB,4,3,20,1.995262,0.6650873333333334,17480.50061931854,42.425538661184234,15.221024724148672,50.0,15.96209914968879,15.96209914968879,43.21735197862333,103.36724889975055,False,insufficient_throughput (15221024.72 < 50000000.00)
45,eMBB,4,17,20,15.962099,0.938947,38463.972524965844,45.85054135767721,93.21529686326407,50.0,15.96209914968879,15.96209914968879,45.14473065554725,107.97695305996365,True,"(np.float64(93215296.86326407), 0.00015513404324301965, np.float64(489380308.5321364), np.float64(293628185.1192818))"
21,uRLLC,0,10,20,1.995262,0.19952620000000001,53981.73169858736,47.32246812326422,56.59275730743691,5.0,3.9905261496887894,3.9905261496887894,47.3224704628009,113.18552021044646,True,"(np.float64(56592757.30743691), 3.7527733556299676e-05, np.float64(305600889.46015936), np.float64(183360533.6760956))"
51,uRLLC,3,7,20,1.995262,0.2850374285714286,20460.283184478336,43.10911640353912,36.08793468736771,5.0,5.98578814968879,5.98578814968879,43.32101095392977,103.61516753776424,True,"(np.float64(36087934.68736771), 5.87564205055514e-05, np.float64(194874847.31178564), np.float64(116924908.38707139))"
24,uRLLC,1,4,20,3.990525,0.99763125,111211.28998084908,50.461488783206256,24.13865765142503,5.0,5.98578814968879,5.98578814968879,45.232701801779854,108.18735504127693,True,"(np.float64(24138657.65142503), 8.682514334189893e-05, np.float64(130348751.31769517), np.float64(78209250.7906171))"
42,uRLLC,1,1,20,1.995262,1.995262,62493.948030537395,47.958379619168205,5.735322701780466,5.0,1.9952631496887898,1.9952631496887898,34.94808216497346,83.59173528203608,True,"(np.float64(5735322.701780465), 0.0003641621675476583, np.float64(30970742.589614514), np.float64(18582445.55376871))"
46,eMBB,6,3,20,1.995262,0.6650873333333334,49105.19173591048,46.911274111262244,16.830306708949927,50.0,7.981050149688792,7.981050149688792,44.69278778486718,106.89603626473634,False,insufficient_throughput (16830306.71 < 50000000.00)
29,eMBB,6,1,20,7.981049,7.981049,2815936.847269115,64.49622910700867,7.713066261894659,50.0,7.981050149688792,7.981050149688792,51.48592977598018,123.14351453780313,False,insufficient_throughput (7713066.26 < 50000000.00)
8,eMBB,6,1,20,7.981049,7.981049,2253010.4980687615,63.52763215355749,7.597232368415321,50.0,7.981050149688792,7.981050149688792,50.517332822529,120.82685417967724,False,insufficient_throughput (7597232.37 < 50000000.00)
43,uRLLC,0,5,20,1.995262,0.39905240000000003,20243.126389458317,43.06277586667562,25.749388379097343,5.0,1.9952641496887893,1.9952641496887893,37.0421806324681,88.59910391268022,True,"(np.float64(25749388.379097342), 8.185271368926967e-05, np.float64(139046697.24712566), np.float64(83428018.3482754))"
0,eMBB,1,12,20,7.981049,0.6650874166666666,21823.932990116555,43.389330194872315,62.267139088640846,50.0,7.981050149688789,7.981050149688789,41.17084332432007,98.47273165583654,True,"(np.float64(62267139.08864085), 0.0002302997106253667, np.float64(326902480.21536446), np.float64(196141488.12921867))"
23,uRLLC,6,4,20,7.981049,1.99526225,78511.36677427634,48.94932537891443,23.415310505812105,5.0,7.981050149688792,7.981050149688792,41.95962596116557,100.35920093974073,True,"(np.float64(23415310.505812105), 9.046298572360435e-05, np.float64(126442676.73138538), np.float64(75865606.03883122))"
6,eMBB,5,17,20,1.995262,0.11736835294117648,5029.159213055732,37.014953847275166,75.25389669683634,50.0,3.990525149688792,3.990525149688792,39.319444312280616,94.04499894085123,True,"(np.float64(75253896.69683634), 0.0001912635913469356, np.float64(395082957.6583908), np.float64(237049774.59503445))"
27,uRLLC,2,1,20,1.995262,1.995262,140585.4495696994,51.47940374036643,6.15639528767941,5.0,3.99052414968879,3.99052414968879,41.4794039032749,99.21068881489886,True,"(np.float64(6156395.28767941), 0.0003374539865885497, np.float64(33244534.553468816), np.float64(19946720.732081287))"
14,uRLLC,1,10,20,1.995262,0.19952620000000001,5688.54892773089,37.55001497845103,44.90675482910432,5.0,1.9952631496887896,1.9952631496887896,34.539717524256275,82.6153411800883,True,"(np.float64(44906754.82910432), 5.025738250206558e-05, np.float64(242496476.0771633), np.float64(145497885.64629802))"
19,eMBB,0,18,20,1.995262,0.1108478888888889,24401.0960434701,43.87409334328085,94.44416910486284,50.0,3.9905261496887894,3.9905261496887894,46.42682073385059,111.04335980343647,True,"(np.float64(94444169.10486284), 0.0001508793906052317, np.float64(495831887.8005299), np.float64(297499132.680318))"
26,eMBB,3,3,20,1.995262,0.6650873333333334,40058.501355346765,46.02694697696506,16.51304539013857,50.0,5.98578814968879,5.98578814968879,42.55907367440975,101.79286764167335,False,insufficient_throughput (16513045.39 < 50000000.00)
35,eMBB,3,1,20,5.985787,5.985787,8390916.585153932,69.23809403752682,8.280142975406402,50.0,5.98578814968879,5.98578814968879,56.227794915035375,134.4850027407647,False,insufficient_throughput (8280142.98 < 50000000.00)
1,eMBB,5,10,20,7.981049,0.7981049,45842205.41497481,76.61265502862348,91.62062333215445,50.0,9.976312149688791,9.976312149688791,74.57145559372188,178.35913002021428,True,"(np.float64(91620623.33215445), 0.00015335198688045933, np.float64(481008272.4938109), np.float64(288604963.4962865))"
41,uRLLC,3,8,20,1.995262,0.24940775,30104.25342404433,44.78627861311036,42.8478556076187,5.0,5.98578814968879,5.98578814968879,45.578092633277876,109.01343296519411,True,"(np.float64(42847855.6076187), 4.988801828601595e-05, np.float64(231378420.28114098), np.float64(138827052.1686846))"
10,eMBB,2,17,20,11.971574,0.7042102352941176,210853.5873009847,53.23980994166484,108.2376399658988,50.0,13.96683614968879,13.96683614968879,53.2034670380102,127.25147584471526,True,"(np.float64(108237639.9658988), 0.00013133863927682982, np.float64(568247609.8209687), np.float64(340948565.8925812))"
48,uRLLC,6,3,20,7.981049,2.6603496666666664,147087.003895622,51.67574301648274,18.53962566855486,5.0,9.976312149688791,9.976312149688791,44.40575612877777,106.2095414159023,True,"(np.float64(18539625.668554857), 0.00011278705093256, np.float64(100113978.61019623), np.float64(60068387.16611774))"
37,eMBB,3,18,20,1.995262,0.1108478888888889,53055.18785271376,47.24727856581347,101.70511242917836,50.0,5.98578814968879,5.98578814968879,51.5609177670946,123.32286866930008,True,"(np.float64(101705112.42917836), 0.00013941515352651433, np.float64(533951840.2531864), np.float64(320371104.15191185))"
22,eMBB,3,1,20,1.995262,1.995262,331814.7277555942,55.20895658484709,6.602408188109566,50.0,3.9905261496887894,3.9905261496887894,45.208958924383765,108.13056881332767,False,insufficient_throughput (6602408.19 < 50000000.00)
34,eMBB,4,1,20,1.995262,1.995262,48673.28772926254,46.87290682476349,5.6055140089572815,50.0,3.9905241496887895,3.9905241496887895,36.87290698767195,88.19431876553266,False,insufficient_throughput (5605514.01 < 50000000.00)
13,uRLLC,0,3,20,1.995262,0.6650873333333334,62442.76471887899,47.95482123659624,17.204691491145446,5.0,3.9905261496887894,3.9905261496887894,42.72603612332954,102.19218473009886,True,"(np.float64(17204691.491145447), 0.00012100177891054632, np.float64(92905334.05218542), np.float64(55743200.43131125))"
49,eMBB,5,3,20,1.995262,0.6650873333333334,25672.819825373543,44.09473572892017,15.81985116696747,50.0,1.9952631496887916,1.9952631496887916,35.85565082192204,85.76182058330477,False,insufficient_throughput (15819851.17 < 50000000.00)
28,eMBB,2,17,20,5.985787,0.3521051176470588,21203.185245383378,43.2640110765435,87.95701594605622,50.0,5.9857871496887896,5.9857871496887896,42.55820044229205,101.79077917124195,True,"(np.float64(87957015.94605622), 0.00016286830271338942, np.float64(461774333.7167952), np.float64(277064600.2300771))"
50,eMBB,3,1,20,11.971574,11.971574,731451.5547188962,58.641855673513035,7.01294571438789,50.0,11.971575149688789,11.971575149688789,45.63155613394743,109.14130281879993,False,insufficient_throughput (7012945.71 < 50000000.00)
25,eMBB,4,2,20,1.995262,0.997631,88142.81978432738,49.451869399472706,11.827851694477845,50.0,3.9905241496887895,3.9905241496887895,42.46216951902099,101.5611064248642,False,insufficient_throughput (11827851.69 < 50000000.00)
5,uRLLC,3,3,20,1.995262,0.6650873333333334,19541.292098669826,42.909532765152974,15.394657034782654,5.0,11.971575149688789,11.971575149688789,42.45195900216332,101.53668641772083,True,"(np.float64(15394657.034782654), 0.0001370476331920668, np.float64(83131147.98782633), np.float64(49878688.7926958))"
32,eMBB,0,7,20,1.995262,0.2850374285714286,21998.725940207838,43.42397529314944,36.351498786511826,50.0,1.9952641496887893,1.9952641496887893,38.8646604157243,92.95738628255984,False,insufficient_throughput (36351498.79 < 50000000.00)
18,eMBB,3,1,20,1.995262,1.995262,40756.45593050437,46.101964119206386,5.513319497241033,50.0,9.976313149688789,9.976313149688789,40.08136557706723,95.8671577728268,False,insufficient_throughput (5513319.50 < 50000000.00)
31,eMBB,3,2,20,9.976312,4.988156,380094.44121230976,55.798915181995966,13.345921581370934,50.0,9.976313149688789,9.976313149688789,45.798915682484996,109.54158068033637,False,insufficient_throughput (13345921.58 < 50000000.00)
30,eMBB,3,7,20,7.981049,1.140149857142857,52727.68083192378,47.22038669794425,39.529476713969146,50.0,9.976313149688789,9.976313149688789,43.630168098510865,104.3545727356803,False,insufficient_throughput (39529476.71 < 50000000.00)
33,eMBB,3,4,20,1.995262,0.4988155,26404.334859119015,44.21675231826307,21.151500215910616,50.0,9.976313149688789,9.976313149688789,44.21675368940355,105.75750435890653,False,insufficient_throughput (21151500.22 < 50000000.00)
20,eMBB,3,11,20,1.995262,0.18138745454545455,9209.561096284504,39.64238933345196,52.14953039036177,50.0,11.971575149688789,11.971575149688789,44.827529874847926,107.21830003947782,True,"(np.float64(52149530.39036177), 0.00027310352938201356, np.float64(273785034.5493993), np.float64(164271020.72963956))"
3,eMBB,0,5,20,1.995262,0.39905240000000003,22312.30579530843,43.48544453405044,26.002109968826336,50.0,9.976313149688789,9.976313149688789,44.45454603527147,106.32623233241372,False,insufficient_throughput (26002109.97 < 50000000.00)
7,eMBB,0,2,20,9.976312,4.988156,344640.17373905104,55.37365900553276,13.244209590818778,50.0,11.971575149688789,11.971575149688789,46.16547173797465,110.418283020069,False,insufficient_throughput (13244209.59 < 50000000.00)
4,eMBB,5,17,20,7.981049,0.4694734705882353,66478.33105003805,48.226801078750725,98.04618365679991,50.0,9.976312149688791,9.976312149688791,48.49009085763186,115.97817556350408,True,"(np.float64(98046183.65679991), 0.00014569664996304482, np.float64(514742464.19819957), np.float64(308845478.51891977))"
24,uRLLC,3,7,20,7.981049,1.140149857142857,178428.2501387606,52.51463616340965,43.96138138212513,5.0,9.976313149688789,9.976313149688789,48.92441756397627,117.01697907146605,True,"(np.float64(43961381.38212513), 4.806345414578264e-05, np.float64(237391459.46347573), np.float64(142434875.67808542))"
5,uRLLC,4,10,20,1.995262,0.19952620000000001,81870.14638030386,49.13125566890126,58.755842913605434,5.0,3.9905241496887895,3.9905241496887895,49.13125583180972,117.51168621684866,True,"(np.float64(58755842.91360544), 3.6060065169613186e-05, np.float64(317281551.73346937), np.float64(190368931.04008162))"
37,eMBB,3,7,20,1.995262,0.2850374285714286,23605.545792080637,43.73014046357979,36.60778632526602,50.0,5.98578814968879,5.98578814968879,43.942035013970425,105.10046115270514,False,insufficient_throughput (36607786.33 < 50000000.00)
26,eMBB,0,10,20,11.971574,1.1971574,177434.03406340766,52.49036926590818,62.77295292624531,50.0,11.971575149688789,11.971575149688789,49.48006972634257,118.34596539188186,True,"(np.float64(62772952.92624531), 0.00022614933463529124, np.float64(329558002.8627879), np.float64(197734801.71767274))"
41,uRLLC,5,3,20,1.995262,0.6650873333333334,253726.15129871023,54.04365231823262,19.389151855418802,5.0,1.9952631496887916,1.9952631496887916,45.80456741123449,109.55509806322817,True,"(np.float64(19389151.8554188), 0.00010596612495153662, np.float64(104701420.01926154), np.float64(62820852.01155692))"
28,eMBB,6,10,20,1.995262,0.19952620000000001,20858.851022568044,43.192903823119195,51.654388442279696,50.0,3.990525149688792,3.990525149688792,43.1929050743419,103.3087798770757,True,"(np.float64(51654388.4422797), 0.0002741717035312067, np.float64(271185539.32196844), np.float64(162711323.59318104))"
14,uRLLC,3,1,20,7.981049,7.981049,1349369.5913283667,61.301309189013146,7.330987869839217,5.0,7.98105014968879,7.98105014968879,48.291009857984655,115.5020228701619,True,"(np.float64(7330987.869839217), 0.0002819334526778452, np.float64(39587334.49713177), np.float64(23752400.69827906))"
8,eMBB,1,1,20,7.981049,7.981049,2257567.233228504,63.536406930211335,7.598281738325368,50.0,7.98105014968879,7.98105014968879,50.52610759918284,120.84784140106835,False,insufficient_throughput (7598281.74 < 50000000.00)
48,uRLLC,1,1,20,7.981049,7.981049,170467.89093744897,52.31642588009386,6.256493625110791,5.0,7.98105014968879,7.98105014968879,39.306126549065375,94.01314940256133,True,"(np.float64(6256493.625110791), 0.00033373322131616425, np.float64(33785065.57559827), np.float64(20271039.345358964))"
30,eMBB,4,17,20,1.995262,0.11736835294117648,3993.304685007283,36.013324476772326,73.21801946174041,50.0,1.9952621496887895,1.9952621496887895,35.30751405973218,84.45115628957035,True,"(np.float64(73218019.4617404), 0.0001963831801058286, np.float64(384394602.1741371), np.float64(230636761.30448228))"
39,eMBB,6,2,20,7.981049,3.9905245,105607.34699091775,50.23694132654448,12.015622324983852,50.0,9.976312149688791,9.976312149688791,41.2060418482827,98.55691266828777,False,insufficient_throughput (12015622.32 < 50000000.00)
36,eMBB,6,5,20,7.981049,1.5962098,3137052.4254252734,64.96521776550043,38.84576160322404,50.0,9.976312149688791,9.976312149688791,59.91371837395902,143.30093691747888,False,insufficient_throughput (38845761.60 < 50000000.00)
2,eMBB,1,17,20,1.995262,0.11736835294117648,2142.3021055341687,33.30880714635406,67.72159135013636,50.0,1.9952631496887905,1.9952631496887905,32.60299890594205,77.98517178826658,True,"(np.float64(67721591.35013637), 0.0002127354947737251, np.float64(355538354.588216), np.float64(213323012.75292957))"
42,uRLLC,2,7,20,5.985787,0.8551124285714286,105654.83566522563,50.238893788579375,42.05631257846933,5.0,5.9857871496887896,5.9857871496887896,45.67957434068775,109.25614907749433,True,"(np.float64(42056312.57846933), 5.069866521257717e-05, np.float64(227104087.9237344), np.float64(136262452.75424063))"
7,eMBB,6,20,20,7.981049,0.39905245,19740.850714039225,42.953658642633044,102.73658127963178,50.0,9.976312149688791,9.976312149688791,43.92275916437126,105.0543592666865,True,"(np.float64(102736581.27963178), 0.00014109563756028534, np.float64(539367051.7180669), np.float64(323620231.0308401))"
51,uRLLC,1,10,20,1.995262,0.19952620000000001,66717.9847507166,48.24242919751064,57.6929149750825,5.0,1.9952631496887905,1.9952631496887905,45.23213174331589,108.18599162302174,True,"(np.float64(57692914.9750825), 3.66892692584763e-05, np.float64(311541740.86544555), np.float64(186925044.5192673))"
25,eMBB,3,14,20,1.995262,0.1425187142857143,7110.836689966254,38.5192070459148,64.49187266129509,50.0,1.9952631496887905,1.9952631496887905,36.97018994850242,88.4269517426034,True,"(np.float64(64491872.661295086), 0.00022195812224590577, np.float64(338582331.4717992), np.float64(203149398.88307953))"
18,eMBB,6,3,20,1.995262,0.6650873333333334,453342.0698689306,56.56426023193145,20.293463201883835,50.0,1.9952631496887916,1.9952631496887916,48.325175324933326,115.58373822541306,False,insufficient_throughput (20293463.20 < 50000000.00)
9,eMBB,6,2,20,1.995262,0.997631,30819.99195577931,44.88832521028698,10.736370485606784,50.0,1.9952631496887916,1.9952631496887916,34.88832771273204,83.44886132664779,False,insufficient_throughput (10736370.49 < 50000000.00)
10,eMBB,2,17,20,7.981049,0.4694734705882353,503810.4312394507,57.022671551883626,115.92824890534084,50.0,11.97157414968879,11.97157414968879,58.077773635271896,138.90975147853226,True,"(np.float64(115928248.90534084), 0.00012224240599717883, np.float64(608623306.7530395), np.float64(365173984.0518236))"
23,uRLLC,2,5,20,1.995262,0.39905240000000003,10047.825842612086,40.020720989002825,23.930530773775924,5.0,3.99052514968879,3.99052514968879,37.010422283585726,88.52315972907239,True,"(np.float64(23930530.773775924), 8.98067995964284e-05, np.float64(129224866.17839), np.float64(77534919.707034))"
4,eMBB,5,3,20,1.995262,0.6650873333333334,76720.77835282857,48.84913000218703,17.52553642414347,50.0,7.981050149688791,7.981050149688791,46.630643675791966,111.53085027404995,False,insufficient_throughput (17525536.42 < 50000000.00)
27,uRLLC,6,6,20,7.981049,1.3301748333333332,75544.2121515039,48.78201196312994,35.0029138401631,5.0,9.976312149688791,9.976312149688791,44.52232503206478,106.48833957189444,True,"(np.float64(35002913.840163104), 6.138890054029761e-05, np.float64(189015734.73688078), np.float64(113409440.84212846))"
45,eMBB,5,10,20,7.981049,0.7981049,47585.58843815386,46.77475444118489,55.937762670754466,50.0,7.981050149688791,7.981050149688791,43.7644551101564,104.6757451197644,True,"(np.float64(55937762.67075447), 0.0002549925611311671, np.float64(293673254.02146095), np.float64(176203952.4128766))"
35,eMBB,4,17,20,7.981049,0.4694734705882353,283927.3429948745,54.53207218309516,110.86482416332215,50.0,15.96209914968879,15.96209914968879,56.836561709683565,135.9410407557457,True,"(np.float64(110864824.16332215), 0.0001279588424739168, np.float64(582040326.8574414), np.float64(349224196.11446476))"
17,eMBB,2,1,20,1.995262,1.995262,66240.12762092317,48.21121160507037,5.765558260159572,50.0,3.99052514968879,3.99052514968879,38.21121285629308,91.39469712442403,False,insufficient_throughput (5765558.26 < 50000000.00)
29,eMBB,4,2,20,7.981049,3.9905245,207252.93404940766,53.165006875091514,12.715948772167234,50.0,7.98105014968879,7.98105014968879,43.165007500702835,103.24205799787423,False,insufficient_throughput (12715948.77 < 50000000.00)
22,eMBB,2,3,20,3.990525,1.3301749999999999,50671.224237368486,47.047613971485916,16.879220139238157,50.0,3.99052514968879,3.99052514968879,38.80852672495115,92.82314392998258,False,insufficient_throughput (16879220.14 < 50000000.00)
3,eMBB,6,1,20,1.995262,1.995262,135159.80598937982,51.308475597098266,6.135954239930206,50.0,1.9952631496887916,1.9952631496887916,38.29817814290352,91.60266858888534,False,insufficient_throughput (6135954.24 < 50000000.00)
20,eMBB,2,7,20,3.990525,0.570075,18945.157310279188,42.77498215771083,35.80823647274765,50.0,3.99052514968879,3.99052514968879,38.215662764122015,91.40533875588622,False,insufficient_throughput (35808236.47 < 50000000.00)
31,eMBB,3,5,20,1.995262,0.39905240000000003,28336.56889915948,44.52347263047212,26.622771071845477,50.0,1.9952631496887905,1.9952631496887905,38.50287521963756,92.09218989206641,False,insufficient_throughput (26622771.07 < 50000000.00)
33,eMBB,2,7,20,1.995262,0.2850374285714286,6726.7493872727855,38.27805247847515,32.04408878998645,50.0,3.99052514968879,3.99052514968879,36.72903412984043,87.85027722548531,False,insufficient_throughput (32044088.79 < 50000000.00)
13,uRLLC,6,10,20,1.995262,0.19952620000000001,25676.01621234338,44.09527641234434,52.73348379816587,5.0,1.9952631496887916,1.9952631496887916,41.08497895814959,98.26737811424768,True,"(np.float64(52733483.79816587), 4.097207826766487e-05, np.float64(284760812.5100957), np.float64(170856487.50605744))"
43,uRLLC,2,1,20,1.995262,1.995262,47007.21154751124,46.721644897450155,5.58742506228815,5.0,3.99052514968879,3.99052514968879,36.72164614867287,87.83261049420403,True,"(np.float64(5587425.06228815), 0.0003738785773030791, np.float64(30172095.336356014), np.float64(18103257.20181361))"
44,eMBB,4,7,20,7.981049,1.140149857142857,77239.11976289668,48.87837315802657,40.9173982075592,50.0,7.98105014968879,7.98105014968879,44.319054227140654,106.00217642274534,False,insufficient_throughput (40917398.21 < 50000000.00)
12,eMBB,4,3,20,7.981049,2.6603496666666664,70509.6128143556,48.48248329865661,17.393997022699605,50.0,7.98105014968879,7.98105014968879,40.243396514824745,96.25466413169772,False,insufficient_throughput (17393997.02 < 50000000.00)
21,uRLLC,0,7,20,5.985787,0.8551124285714286,54438.015519380744,47.359022850711376,39.64553045909915,5.0,5.985787149688789,5.985787149688789,42.79970340281976,102.3683719360562,True,"(np.float64(39645530.45909915), 5.4240351334112094e-05, np.float64(214085864.47913542), np.float64(128451518.68748127))"
19,eMBB,0,17,20,1.995262,0.11736835294117648,8874.748315945002,39.481560454965766,80.26779662422636,50.0,1.9952621496887886,1.9952621496887886,38.77575003792562,92.74475938763324,True,"(np.float64(80267796.62422636), 0.0001781790696221779, np.float64(421405932.27718836), np.float64(252843559.36631304))"
0,eMBB,1,17,20,7.981049,0.4694734705882353,12855.850168576124,41.09100802201166,83.53952765046559,50.0,7.98105014968879,7.98105014968879,40.38519790476591,96.59379148033118,True,"(np.float64(83539527.6504656), 0.00017347311899162588, np.float64(438582520.1649444), np.float64(263149512.0989666))"
46,eMBB,2,7,20,1.995262,0.2850374285714286,10831.251232836586,40.34678629490338,33.775674620806136,50.0,1.99526314968879,1.99526314968879,35.787469240851195,85.59878735050313,False,insufficient_throughput (33775674.62 < 50000000.00)
11,eMBB,4,10,20,7.981049,0.7981049,98814.361709237,49.94820069666488,59.732811785925804,50.0,7.98105014968879,7.98105014968879,46.937901365636385,112.26573018694596,True,"(np.float64(59732811.785925806), 0.00023783403402752082, np.float64(313597261.8761105), np.float64(188158357.1256663))"
1,eMBB,3,10,20,1.995262,0.19952620000000001,43543.88351162845,46.38927159488223,55.476776134219236,50.0,1.9952631496887905,1.9952631496887905,43.37897414068749,103.75379679551486,True,"(np.float64(55476776.13421924), 0.0002554558583411525, np.float64(291253074.70465106), np.float64(174751844.82279062))"
6,eMBB,2,16,20,1.995262,0.124703875,31383.70150584312,44.967041645141094,86.0415774758034,50.0,1.99526314968879,1.99526314968879,43.99794401750559,105.23417828889269,True,"(np.float64(86041577.47580339), 0.0001650271907279721, np.float64(451718281.7479678), np.float64(271030969.0487807))"
32,eMBB,5,3,20,7.981049,2.6603496666666664,68137.4222067464,48.333856991971906,17.340675394408542,50.0,9.976312149688791,9.976312149688791,41.06387010426693,98.21689414797082,False,insufficient_throughput (17340675.39 < 50000000.00)
34,eMBB,5,3,20,7.981049,2.6603496666666664,415437.67454401427,56.1850587858486,20.157418082233235,50.0,9.976312149688791,9.976312149688791,48.91507189814362,116.99462650459242,False,insufficient_throughput (20157418.08 < 50000000.00)
40,eMBB,5,3,20,7.981049,2.6603496666666664,443496.8699448106,56.46890559070803,20.259253061921388,50.0,9.976312149688791,9.976312149688791,49.19891870300305,117.67351951427497,False,insufficient_throughput (20259253.06 < 50000000.00)
49,eMBB,5,1,20,1.995262,1.995262,85115.9923691454,49.30011166960607,5.895777439183763,50.0,9.976312149688791,9.976312149688791,43.27951269214127,103.51591712575116,False,insufficient_throughput (5895777.44 < 50000000.00)
38,eMBB,5,2,20,1.995262,0.997631,205132.38361440809,53.12034226506157,12.705265995128627,50.0,9.976312149688791,9.976312149688791,50.11004324423659,119.8527128267295,False,insufficient_throughput (12705266.00 < 50000000.00)
47,eMBB,5,1,20,5.985787,5.985787,904700.4250879522,59.56504794376948,7.123349598637396,50.0,9.976312149688791,9.976312149688791,48.77323569356517,116.65538876711753,False,insufficient_throughput (7123349.60 < 50000000.00)
50,eMBB,5,3,20,7.981049,2.6603496666666664,714504.8756555202,58.5400519668621,21.002313257611913,50.0,9.976312149688791,9.976312149688791,51.27006507915713,122.62721565667111,False,insufficient_throughput (21002313.26 < 50000000.00)
15,eMBB,5,1,20,9.976312,9.976312,727246.7105506608,58.61681765542435,7.009951436647075,50.0,9.976312149688791,9.976312149688791,45.60651776394791,109.08141798233238,False,insufficient_throughput (7009951.44 < 50000000.00)
7,eMBB,6,1,20,1.995262,1.995262,56144.21127832236,47.49304985183758,5.679675128692854,50.0,7.981050149688791,7.981050149688791,40.50335097824589,96.87636310038361,False,insufficient_throughput (5679675.13 < 50000000.00)
8,eMBB,5,17,20,1.995262,0.11736835294117648,13172.396835492464,41.196648059199596,83.75427945517377,50.0,9.976312149688791,9.976312149688791,47.48053829551754,113.56357811449412,True,"(np.float64(83754279.45517378), 0.00017083248014070266, np.float64(439709967.1396624), np.float64(263825980.28379738))"
3,eMBB,6,7,20,7.981049,1.140149857142857,45539.75311894624,46.58390671879257,38.996673734173285,50.0,7.981050149688791,7.981050149688791,42.02458778790665,100.51456605143022,False,insufficient_throughput (38996673.73 < 50000000.00)
47,eMBB,5,7,20,7.981049,1.140149857142857,50568.744719154085,47.038821731636716,39.37748692543407,50.0,7.981050149688791,7.981050149688791,42.479502800750794,101.60256161715817,False,insufficient_throughput (39377486.93 < 50000000.00)
29,eMBB,6,7,20,1.995262,0.2850374285714286,2909707.867695009,64.63849388361604,54.11055731795301,50.0,7.981050149688791,7.981050149688791,66.09977541016691,158.09666727049733,True,"(np.float64(54110557.31795301), 0.0002597232822321781, np.float64(284080425.91925335), np.float64(170448255.551552))"
22,eMBB,6,2,20,1.995262,0.997631,20875.21584712718,43.1963097472961,10.331692274354246,50.0,5.985788149688791,5.985788149688791,37.96752385418399,90.81193513004904,False,insufficient_throughput (10331692.27 < 50000000.00)
9,eMBB,6,1,20,1.995262,1.995262,145140.90897357205,51.617898386088996,6.1729576648942395,50.0,5.985788149688791,5.985788149688791,43.378812536337065,103.75341028988466,False,insufficient_throughput (6172957.66 < 50000000.00)
36,eMBB,5,3,20,1.995262,0.6650873333333334,42804.92062599028,46.314936960664724,16.616364552521738,50.0,7.981050149688791,7.981050149688791,44.09645063426966,105.46977597714735,False,insufficient_throughput (16616364.55 < 50000000.00)
45,eMBB,5,7,20,15.962099,2.280299857142857,175376.84846321534,52.43972261502668,43.89866966653397,50.0,15.96209914968879,15.96209914968879,47.88040309925654,114.51995372444544,False,insufficient_throughput (43898669.67 < 50000000.00)
2,eMBB,1,7,20,7.981049,1.140149857142857,26740.37379780551,44.271674738754655,37.061100627187315,50.0,9.97631214968879,9.97631214968879,40.681455703995624,97.30231472045075,False,insufficient_throughput (37061100.63 < 50000000.00)
27,uRLLC,5,10,20,7.981049,0.7981049,21083.320233162634,43.23939005278377,51.709978399883774,5.0,15.96209914968879,15.96209914968879,43.23939036558944,103.41995754789698,True,"(np.float64(51709978.39988378), 4.415175844127424e-05, np.float64(279233883.35937244), np.float64(167540330.01562345))"
42,uRLLC,6,1,20,1.995262,1.995262,53593.679890443214,47.291135779289505,5.655528783831851,5.0,13.96683714968879,13.96683714968879,42.73181720217836,102.20601110884509,True,"(np.float64(5655528.783831852), 0.0003697130840419318, np.float64(30539855.432692), np.float64(18323913.2596152))"
37,eMBB,5,11,20,7.981049,0.7255499090909091,679810.391109381,58.32387798621526,76.7241090424498,50.0,7.98105014968879,7.98105014968879,55.72750550676902,133.2884194461805,True,"(np.float64(76724109.0424498), 0.00018406921040974378, np.float64(402801572.4728615), np.float64(241680943.48371688))"
50,eMBB,2,17,20,7.981049,0.4694734705882353,18945.393495282555,42.77503629988692,86.9629700715611,50.0,7.98105014968879,7.98105014968879,42.06922618264116,100.6213249747879,True,"(np.float64(86962970.0715611), 0.0001652606466273803, np.float64(456555592.87569577), np.float64(273933355.7254175))"
12,eMBB,6,2,20,7.981049,3.9905245,695483.9445440433,58.42287108625102,13.973515026418267,50.0,11.971575149688789,11.971575149688789,50.18378427526776,120.02908405162647,False,insufficient_throughput (13973515.03 < 50000000.00)
40,eMBB,6,3,20,7.981049,2.6603496666666664,181808.50787653102,52.59614202523877,18.86983357268423,50.0,11.971575149688789,11.971575149688789,46.11796780481231,110.30466643423932,False,insufficient_throughput (18869833.57 < 50000000.00)
28,eMBB,6,11,20,7.981049,0.7255499090909091,23914.09111516554,43.786538796186385,57.60070932318878,50.0,13.96683714968879,13.96683714968879,43.62054661322069,104.33156117906752,True,"(np.float64(57600709.32318878), 0.00024807859812498573, np.float64(302403723.9467411), np.float64(181442234.36804467))"
10,eMBB,1,17,20,3.990525,0.23473676470588234,22431.364944289802,43.508557011236405,88.45415992199996,50.0,9.97631214968879,9.97631214968879,46.782146202600245,111.89320449824136,True,"(np.float64(88454159.92199996), 0.0001611290026809973, np.float64(464384339.59049976), np.float64(278630603.7542999))"
26,eMBB,0,1,20,11.971574,11.971574,1063080.0015293893,60.26565948357159,7.207135234786196,50.0,11.971574149688788,11.971574149688788,47.25535958123459,113.02500819046614,False,insufficient_throughput (7207135.23 < 50000000.00)
32,eMBB,2,3,20,7.981049,2.6603496666666664,728333.2803058627,58.623301549672746,21.032180522035503,50.0,7.98105014968879,7.98105014968879,50.38421476584087,120.50846684880315,False,insufficient_throughput (21032180.52 < 50000000.00)
13,uRLLC,0,2,20,1.995262,0.997631,314281.9843056454,54.973194865190315,13.148427340281476,5.0,11.971574149688788,11.971574149688788,52.75470814887245,126.17814502408987,True,"(np.float64(13148427.340281475), 0.00015641975111751674, np.float64(71001507.63751997), np.float64(42600904.582511984))"
6,eMBB,2,10,20,1.995262,0.19952620000000001,85521.66983282882,49.320761719961304,58.982469376069915,50.0,9.97631214968879,9.97631214968879,53.300162742496504,127.48275039859072,True,"(np.float64(58982469.37606992), 0.00023957365239055939, np.float64(309657964.2243671), np.float64(185794778.53462026))"
25,eMBB,0,19,20,3.990525,0.21002763157894735,17012.06956889341,42.30757150042734,96.1317939530249,50.0,9.976312149688788,9.976312149688788,46.06420748753674,110.17608630300084,True,"(np.float64(96131793.9530249), 0.00014932072617192848, np.float64(504691918.25338066), np.float64(302815150.95202845))"
0,eMBB,0,17,20,5.985787,0.3521051176470588,90391.98169488153,49.56129907686501,100.7592096327035,50.0,5.985787149688788,5.985787149688788,48.85548844261356,116.8521173391742,True,"(np.float64(100759209.6327035), 0.00014120135463634726, np.float64(528985850.57169336), np.float64(317391510.343016))"
14,uRLLC,1,10,20,3.990525,0.3990525,7850.617978305191,38.9490384451651,46.57958735263926,5.0,13.966836149688788,13.966836149688788,41.37941851215294,98.97156214006621,True,"(np.float64(46579587.35263926), 4.88074110196068e-05, np.float64(251529771.704252), np.float64(150917863.0225512))"
34,eMBB,1,1,20,7.981049,7.981049,460150.2604203356,56.6289967215,6.772229515695433,50.0,9.976311149688788,9.976311149688788,44.5877968512727,106.64492881231037,False,insufficient_throughput (6772229.52 < 50000000.00)
39,eMBB,2,3,20,7.981049,2.6603496666666664,718330.3442179412,58.563242125951554,21.01063313842713,50.0,7.981050149688789,7.981050149688789,50.324155342119695,120.3648187501376,False,insufficient_throughput (21010633.14 < 50000000.00)
19,eMBB,0,10,20,1.995262,0.19952620000000001,15865.533982090643,42.00454693617192,50.233317796124425,50.0,1.9952621496887877,1.9952621496887877,38.99424730534903,93.26729102461847,True,"(np.float64(50233317.79612442), 0.0002826605936202128, np.float64(263724918.42965323), np.float64(158234951.05779192))"
52,eMBB,1,14,20,7.981049,0.5700749285714285,57358.94676485366,47.58601168140711,79.67109056578671,50.0,9.976311149688788,9.976311149688788,47.006092167962194,112.42882486997746,True,"(np.float64(79671090.56578672), 0.00017907823827916132, np.float64(418273225.4703803), np.float64(250963935.28222817))"
5,uRLLC,4,10,20,1.995262,0.19952620000000001,95547.55601565469,49.8021958283541,59.55820722030801,5.0,1.9952631496887905,1.9952631496887905,46.791898374159345,111.91652913859765,True,"(np.float64(59558207.22030801), 3.521414071448443e-05, np.float64(321614318.9896633), np.float64(192968591.393798))"
4,eMBB,1,3,20,1.995262,0.6650873333333334,16927.454507300048,42.285916553003524,15.17093565891793,50.0,1.9952621496887888,1.9952621496887888,34.04682946937726,81.43689608028174,False,insufficient_throughput (15170935.66 < 50000000.00)
38,eMBB,3,1,20,1.995262,1.995262,63691.585669064574,48.04082061238503,5.745181615365826,50.0,9.97631214968879,9.97631214968879,42.02022163492023,100.504123793586,False,insufficient_throughput (5745181.62 < 50000000.00)
35,eMBB,4,14,20,1.995262,0.1425187142857143,102279.28028587026,50.09787663341638,83.87652920801347,50.0,7.98105014968879,7.98105014968879,54.56945811660708,130.51862382012027,True,"(np.float64(83876529.20801346), 0.0001685099500498925, np.float64(440351778.3420707), np.float64(264211067.0052424))"
24,uRLLC,2,3,20,7.981049,2.6603496666666664,357056.3189556131,55.52736723346289,19.921459858541642,5.0,7.981050149688789,7.981050149688789,47.28828044963102,113.10374646023956,True,"(np.float64(19921459.85854164), 0.00010417582414338133, np.float64(107575883.23612487), np.float64(64545529.941674925))"
41,uRLLC,5,7,20,1.995262,0.2850374285714286,223546.1898601934,53.4936727211595,44.78095410963583,5.0,1.9952631496887905,1.9952631496887905,48.93435566710732,117.0407486054007,True,"(np.float64(44780954.10963583), 4.625107006741825e-05, np.float64(241817152.1920335), np.float64(145090291.3152201))"
20,eMBB,4,9,20,5.985787,0.6650874444444445,316624.61910720955,55.00544680351746,59.202635834118716,50.0,5.98578814968879,5.98578814968879,51.53757277541927,123.26703278385216,True,"(np.float64(59202635.83411872), 0.0002386210667508564, np.float64(310813838.1291233), np.float64(186488302.87747395))"
1,eMBB,3,7,20,7.981049,1.140149857142857,72681.50416437547,48.61423906576675,40.69628767468169,50.0,19.95262314968879,19.952623,48.03431970482131,114.88808375743754,False,insufficient_throughput (40696287.67 < 50000000.00)
11,eMBB,4,7,20,7.981049,1.140149857142857,77156.67790604319,48.87373520188363,40.91351570473492,50.0,7.981050149688789,7.981050149688789,44.31441627099771,105.99108382438325,False,insufficient_throughput (40913515.70 < 50000000.00)
49,eMBB,1,4,20,1.995262,0.4988155,12829.871234227174,41.082222976418635,19.65215738063252,50.0,1.9952621496887888,1.9952621496887888,34.09252325887537,81.54614314807263,False,insufficient_throughput (19652157.38 < 50000000.00)
46,eMBB,3,10,20,17.957361,1.7957360999999998,46027.46422899898,46.630170491566616,55.7648592710884,50.0,19.95262314968879,19.952623,44.07744536797927,105.42432117867884,True,"(np.float64(55764859.2710884), 0.00025717336568795434, np.float64(292765511.1732141), np.float64(175659306.70392847))"
33,eMBB,6,2,20,7.981049,3.9905245,163180.19483207373,52.12667447327827,12.467603004243886,50.0,7.98105014968879,7.98105014968879,42.12667509888959,100.75872214049954,False,insufficient_throughput (12467603.00 < 50000000.00)
31,eMBB,4,5,20,7.981049,1.5962098,392928.45218530385,55.943134774747975,33.45103941133332,50.0,7.981050149688789,7.981050149688789,49.92253548707967,119.4042384487442,False,insufficient_throughput (33451039.41 < 50000000.00)
21,uRLLC,0,10,20,1.995262,0.19952620000000001,13421.530092180783,41.278020294478345,49.364528467867814,5.0,5.985787149688788,5.985787149688788,43.03893371918367,102.94053097331079,True,"(np.float64(49364528.467867814), 4.419126805597595e-05, np.float64(266568453.72648624), np.float64(159941072.23589173))"
30,eMBB,6,3,20,7.981049,2.6603496666666664,1861003.5212926976,62.697471948806545,22.49386214011846,50.0,7.98105014968879,7.98105014968879,54.45838516497468,130.25296178153462,False,insufficient_throughput (22493862.14 < 50000000.00)
51,uRLLC,4,4,20,7.981049,1.99526225,56963.30437897746,47.55595174307376,22.74878958330869,5.0,9.97631214968879,9.97631214968879,41.53535222145179,99.34449588690731,True,"(np.float64(22748789.58330869), 9.384165163708825e-05, np.float64(122843463.74986693), np.float64(73706078.24992014))"
43,uRLLC,2,4,20,1.995262,0.4988155,60938.92135071637,47.848947627258795,22.888944025383736,5.0,1.9952631496887896,1.9952631496887896,40.85925008634366,97.7275256189615,True,"(np.float64(22888944.025383737), 9.12332566061355e-05, np.float64(123600297.73707218), np.float64(74160178.64224331))"
15,eMBB,3,18,20,1.995262,0.1108478888888889,3357.6613073673966,35.26036886036732,75.90458551363825,50.0,1.9952621496887915,1.9952621496887915,34.802794280577494,83.2443504847567,True,"(np.float64(75904585.51363826), 0.0001902194864099532, np.float64(398499073.94660085), np.float64(239099444.3679605))"
18,eMBB,6,4,20,7.981049,1.99526225,1374813.124379369,61.38243669390655,29.36275941310316,50.0,7.98105014968879,7.98105014968879,54.39273727615769,130.09594650059606,False,insufficient_throughput (29362759.41 < 50000000.00)
17,eMBB,6,1,20,7.981049,7.981049,7778600.033165545,68.90901441131012,8.240788541470561,50.0,7.98105014968879,7.98105014968879,55.89871508028164,133.69791541477636,False,insufficient_throughput (8240788.54 < 50000000.00)
44,eMBB,1,2,20,1.995262,0.997631,19187528.54047375,72.83019038812716,17.41943925779092,50.0,3.990524149688789,3.990524149688789,65.84049050767544,157.47651284981143,False,insufficient_throughput (17419439.26 < 50000000.00)
